Realization,Architecture,TrAda_AUBC,CGHPP_AUBC,Delta_AUBC
0,MLR,0.728282332008031,0.5672028701416826,0.16107946186634847
0,MLR+RF,0.721126245695804,0.5048415296519908,0.21628471604381316
0,TabM,0.8678289986915181,0.6074827490139038,0.2603462496776143
0,RF,0.8319842328974489,0.6100291958446411,0.22195503705280784
1,MLR,0.822382820062452,0.637674108246032,0.18470871181642
1,MLR+RF,0.8219582257235627,0.6461083801378713,0.1758498455856914
1,TabM,0.8338414447455815,0.6154787468063881,0.21836269793919338
1,RF,0.682939363806834,0.6029995091930545,0.0799398546137795
2,MLR,0.856113498834103,0.5539776513020216,0.30213584753208145
2,MLR+RF,0.7998196865511215,0.572515195142311,0.22730449140881048
2,TabM,0.802228331556916,0.5711313981542507,0.23109693340266524
2,RF,0.8265450892792123,0.6296977054391121,0.19684738384010025
3,MLR,0.9331007925755443,0.5966006854310595,0.33650010714448486
3,MLR+RF,0.7761930486458287,0.5310838963285909,0.24510915231723784
3,TabM,0.9656801094912958,0.561473657709974,0.40420645178132175
3,RF,0.761449197101428,0.5520225629820869,0.20942663411934115
4,MLR,0.8150396344534817,0.5972393821086697,0.21780025234481204
4,MLR+RF,0.8288824504183382,0.5277291374745587,0.30115331294377945
4,TabM,0.8396539061273413,0.5712997846754383,0.26835412145190296
4,RF,0.7928351352521529,0.5501844832587641,0.24265065199338876
5,MLR,0.7122727358693262,0.6016945727153744,0.11057816315395175
5,MLR+RF,0.8109605975688813,0.5186376374538363,0.292322960115045
5,TabM,0.7288672575804287,0.5322581310535806,0.19660912652684814
5,RF,0.6978556283181602,0.5388026615865058,0.15905296673165437
6,MLR,0.8725853565524221,0.6133675254487346,0.25921783110368746
6,MLR+RF,0.7198798203703708,0.5547302501393037,0.16514957023106713
6,TabM,0.7368317596150378,0.576664261154723,0.16016749846031475
6,RF,0.7631201181947481,0.6047794677100773,0.15834065048467083
7,MLR,0.9044445296157472,0.5773413465026148,0.32710318311313236
7,MLR+RF,0.8928273594305902,0.5441305054445221,0.3486968539860681
7,TabM,0.8976007690635313,0.6124690231202086,0.2851317459433227
7,RF,0.8764506776600142,0.6124927234728453,0.26395795418716883
8,MLR,0.7634692766685411,0.5876106888259515,0.17585858784258968
8,MLR+RF,0.8317991152677627,0.5817747561974651,0.25002435907029763
8,TabM,0.8317480356343034,0.5429283365468182,0.2888196990874853
8,RF,0.7610966214247115,0.5597260962141317,0.20137052521057974
9,MLR,0.827876471333575,0.6294940730023666,0.1983823983312084
9,MLR+RF,0.8093959681869519,0.6038435472345367,0.20555242095241522
9,TabM,0.8102461214286422,0.5773024242725241,0.23294369715611807
9,RF,0.8179998563161293,0.6171272838509554,0.20087257246517387
10,MLR,0.8074666106956406,0.5770381268676842,0.23042848382795644
10,MLR+RF,0.7964803042974573,0.5361292081250681,0.26035109617238916
10,TabM,0.8010945022955908,0.5791377539909104,0.22195674830468037
10,RF,0.7638426817425245,0.5435987116888464,0.22024397005367802
11,MLR,0.7430535777576225,0.5294992083066268,0.2135543694509957
11,MLR+RF,0.777867151928597,0.4950538707418272,0.2828132811867698
11,TabM,0.8925239593185587,0.5738963092622767,0.3186276500562819
11,RF,0.7231725019211962,0.5034843428711494,0.2196881590500468
12,MLR,0.8127473784714719,0.5770367242147674,0.23571065425670457
12,MLR+RF,0.8144736795276023,0.537606062155626,0.2768676173719763
12,TabM,0.769262798551685,0.5473257535232341,0.2219370450284509
12,RF,0.7650552792113043,0.5861505933527018,0.17890468585860253
13,MLR,0.8703085927254599,0.6384477971418401,0.23186079558361983
13,MLR+RF,0.8148365877451867,0.545943522986203,0.2688930647589838
13,TabM,0.9516567087221495,0.6632465858967945,0.28841012282535494
13,RF,0.7628556244394769,0.5781209820423239,0.18473464239715298
14,MLR,0.9177101137915472,0.5754543238137994,0.34225578997774786
14,MLR+RF,0.8277885335146893,0.599345332841837,0.2284432006728523
14,TabM,0.8289676927424914,0.5786245115014848,0.25034318124100663
14,RF,0.8144702078214121,0.602060392575797,0.21240981524561509
15,MLR,0.7200465892655475,0.5624407492735544,0.15760583999199318
15,MLR+RF,0.799347340427699,0.508649478171527,0.290697862256172
15,TabM,0.7695401862859369,0.5292723265656519,0.24026785972028497
15,RF,0.6760304547820649,0.512830819627466,0.1631996351545989
16,MLR,0.8356949013318477,0.62184180340951,0.21385309792233764
16,MLR+RF,0.7644776613638002,0.6049742355294209,0.15950342583437938
16,TabM,0.8206774801462939,0.5666724312071855,0.25400504893910847
16,RF,0.7545361538766753,0.576038599768034,0.17849755410864132
17,MLR,0.7716119967672428,0.5584731906396817,0.2131388061275611
17,MLR+RF,0.7982388756914758,0.5196485683512121,0.2785903073402637
17,TabM,0.7038908528802108,0.5311547802150233,0.17273607266518753
17,RF,0.8392372040076563,0.6183502037237725,0.22088700028388386
18,MLR,0.8075776451006134,0.5596706715112529,0.24790697358936042
18,MLR+RF,0.758330629961327,0.49700018253799566,0.2613304474233314
18,TabM,0.7646835886770351,0.5397570962249671,0.22492649245206797
18,RF,0.7487977248362747,0.5796491793809704,0.16914854545530433
19,MLR,0.9051579694198194,0.5967875619277817,0.3083704074920377
19,MLR+RF,0.8369219077408925,0.6295974053079081,0.2073245024329844
19,TabM,0.9060059716565684,0.5932379286177365,0.3127680430388319
19,RF,0.7874162862702537,0.6075290786301333,0.17988720764012045
20,MLR,0.7475596798758928,0.5676995349628108,0.179860144913082
20,MLR+RF,0.8388140734463561,0.5864184611478055,0.25239561229855056
20,TabM,0.7248881214534334,0.5467467272390766,0.17814139421435682
20,RF,0.7302982728125067,0.5436385833387318,0.18665968947377487
21,MLR,0.8087308929345812,0.5730455389156437,0.23568535401893753
21,MLR+RF,0.7726792833284379,0.5267221635002084,0.24595711982822954
21,TabM,0.820818829609929,0.5509805184168435,0.26983831119308554
21,RF,0.7567276396076754,0.5623965453240267,0.1943310942836487
22,MLR,0.7361822075056104,0.5726271578065638,0.16355504969904655
22,MLR+RF,0.7451488063401286,0.5262605356066181,0.21888827073351047
22,TabM,0.8313345991048804,0.5701642180355778,0.26117038106930257
22,RF,0.6968241101786923,0.5306461626055652,0.1661779475731271
23,MLR,0.831024156097148,0.6562345841851805,0.17478957191196742
23,MLR+RF,0.8336269330685027,0.54002201571006,0.29360491735844263
23,TabM,1.0043267575708015,0.619222104509233,0.3851046530615685
23,RF,0.7360503638274335,0.6196726624298027,0.11637770139763082
24,MLR,0.8259940588197036,0.6339832139275348,0.1920108448921688
24,MLR+RF,0.7798188359655496,0.5287369526836859,0.25108188328186365
24,TabM,0.740047084740997,0.5659633711427673,0.17408371359822972
24,RF,0.7646473346656326,0.6071019950410936,0.15754533962453898
25,MLR,0.926893785601021,0.5902741182814931,0.33661966731952786
25,MLR+RF,0.8638382860909596,0.5459862082676529,0.3178520778233067
25,TabM,0.9356056548565819,0.5597457552892743,0.3758598995673076
25,RF,0.8259969398084185,0.5811481059155029,0.24484883389291556
26,MLR,0.8478327252981058,0.5655487312877866,0.28228399401031923
26,MLR+RF,0.7504430194317349,0.5406141258611062,0.20982889357062862
26,TabM,0.8783663184656483,0.5907118590499081,0.2876544594157402
26,RF,0.854209176821381,0.5929676028234175,0.26124157399796344
27,MLR,0.7823619016455476,0.5308469393767044,0.2515149622688433
27,MLR+RF,0.7691918974156664,0.5384170823468742,0.23077481506879216
27,TabM,0.8075941154102444,0.545648553781888,0.26194556162835636
27,RF,0.7330423922516677,0.5282118469059083,0.2048305453457594
28,MLR,0.782162919764812,0.590106389730771,0.192056530034041
28,MLR+RF,0.8213471003877384,0.5945154678420479,0.2268316325456905
28,TabM,0.7979960281770686,0.5856554058875171,0.21234062228955153
28,RF,0.8196406532454952,0.6086865078542913,0.21095414539120383
29,MLR,0.8456609231461689,0.6322332255012625,0.21342769764490643
29,MLR+RF,0.7679598532443449,0.5526334786627046,0.21532637458164028
29,TabM,0.836641626516177,0.5910472923963019,0.24559433411987508
29,RF,0.679072362412353,0.5507894735015241,0.12828288891082895
30,MLR,0.7778463873086987,0.61952237585478,0.15832401145391872
30,MLR+RF,0.8317253776105891,0.6080514514166517,0.22367392619393733
30,TabM,0.8683514978240513,0.5896009637208933,0.278750534103158
30,RF,0.7581744335067164,0.6350477827102041,0.1231266507965123
31,MLR,0.8835115949794309,0.5806152711330159,0.30289632384641496
31,MLR+RF,0.8379367295198228,0.5481531034661697,0.28978362605365304
31,TabM,0.8363439038720758,0.5486199592452876,0.2877239446267882
31,RF,0.8338179075002449,0.5809202159693814,0.2528976915308635
32,MLR,0.7901009991655774,0.5450407943806562,0.2450602047849212
32,MLR+RF,0.7960492589720872,0.5213686932362434,0.2746805657358439
32,TabM,0.7671271968140704,0.5268523724380803,0.24027482437599013
32,RF,0.7525612513148398,0.6074079286846854,0.14515332263015435
33,MLR,0.7642825443372627,0.544617674752686,0.21966486958457676
33,MLR+RF,0.7445877702650591,0.516918341769014,0.2276694284960451
33,TabM,0.8005537611098368,0.5829503275470934,0.21760343356274336
33,RF,0.7022045220121146,0.528976073888495,0.1732284481236196
34,MLR,0.9642085908947039,0.6462876741100353,0.3179209167846686
34,MLR+RF,0.8819679223667808,0.5618612834346705,0.32010663893211033
34,TabM,1.0049349038664293,0.6246742046802614,0.3802606991861679
34,RF,0.7758091490004451,0.5270616395522089,0.2487475094482362
35,MLR,0.7529234279122538,0.5808993648152111,0.17202406309704266
35,MLR+RF,0.8139011497183769,0.559610338485968,0.25429081123240893
35,TabM,0.7616346769686937,0.56805707423958,0.19357760272911373
35,RF,0.7688074498495778,0.5671473763932415,0.2016600734563363
36,MLR,0.8069024840642928,0.5518314195618944,0.25507106450239836
36,MLR+RF,0.8170236899724794,0.5323248632638565,0.2846988267086229
36,TabM,0.8665707838483768,0.5957573794417849,0.27081340440659196
36,RF,0.816837338506695,0.5664327298492537,0.2504046086574413
37,MLR,0.8154291192231733,0.5668656431461442,0.2485634760770291
37,MLR+RF,0.7399320022136677,0.5359217533173504,0.20401024889631736
37,TabM,0.7387047996475093,0.5274346454250342,0.2112701542224752
37,RF,0.6767648674500771,0.547561515009471,0.1292033524406061
38,MLR,0.7793271614274855,0.5538308149978471,0.22549634642963834
38,MLR+RF,0.8235436778999242,0.5122671458967076,0.3112765320032166
38,TabM,0.7725660514347107,0.5910551807200171,0.18151087071469363
38,RF,0.6812302746329739,0.5738073711234425,0.10742290350953143
39,MLR,0.9025001634051988,0.6446082648742343,0.2578918985309645
39,MLR+RF,0.8047879971511508,0.5408842011894776,0.26390379596167324
39,TabM,0.8481592835240058,0.6003844097209201,0.24777487380308572
39,RF,0.8108405065147368,0.526103353246005,0.28473715326873184
40,MLR,0.8138053412157468,0.5911662875618746,0.22263905365387215
40,MLR+RF,0.7904109923915746,0.5612339169577082,0.22917707543386645
40,TabM,0.8832145788906846,0.583446880395591,0.29976769849509355
40,RF,0.7058399579131139,0.6053363164442732,0.10050364146884072
41,MLR,0.7916590398891736,0.6182438395925457,0.17341520029662794
41,MLR+RF,0.7981509742829471,0.6088648906098079,0.18928608367313926
41,TabM,0.8219654539004664,0.5768386434773759,0.24512681042309048
41,RF,0.8480155879564517,0.6416189393227828,0.2063966486336689
42,MLR,0.88364948168895,0.641743932735354,0.24190554895359595
42,MLR+RF,0.8493187089207788,0.6297718844509049,0.21954682446987384
42,TabM,0.8624882619025477,0.6376666863703324,0.22482157553221527
42,RF,0.6800645933601901,0.5682577520175209,0.11180684134266916
43,MLR,0.8434559816467166,0.6058519541895379,0.2376040274571788
43,MLR+RF,0.7660230175854567,0.5219455948879752,0.24407742269748145
43,TabM,0.774298397456107,0.542806992432895,0.23149140502321197
43,RF,0.7050652388695937,0.5415641417751904,0.1635010970944033
44,MLR,0.7146252895302254,0.5718771531327314,0.14274813639749406
44,MLR+RF,0.7996309512280168,0.4945434145224357,0.30508753670558103
44,TabM,0.741838591362006,0.5363508479303984,0.20548774343160758
44,RF,0.6917652301654449,0.5655934889779195,0.1261717411875254
45,MLR,0.7106046611824779,0.5577334266975357,0.15287123448494222
45,MLR+RF,0.7806742379261244,0.5758692295090699,0.2048050084170545
45,TabM,0.7736465666571642,0.5417018449772093,0.23194472167995495
45,RF,0.7722942889723323,0.5919206220090448,0.1803736669632875
46,MLR,0.9284829974095581,0.5808390362365885,0.3476439611729696
46,MLR+RF,0.8606445092643986,0.5474067311015968,0.31323777816280185
46,TabM,0.9096271302712038,0.6192382489031323,0.2903888813680715
46,RF,0.7816412058711969,0.564534519341625,0.21710668652957188
47,MLR,0.8189528833104068,0.5505358243346361,0.26841705897577073
47,MLR+RF,0.8413295318714051,0.5642643893513133,0.27706514252009184
47,TabM,0.8045009755124197,0.5726337279458583,0.2318672475665614
47,RF,0.8592837915303951,0.6218023517552989,0.23748143977509628
48,MLR,0.8511002746736978,0.6004084958332717,0.25069177884042604
48,MLR+RF,0.8111893352054294,0.5462074949799223,0.2649818402255071
48,TabM,0.8125386790677377,0.5460101410562943,0.2665285380114434
48,RF,0.7278250925780829,0.5779118455065574,0.14991324707152553
49,MLR,0.8539614980076664,0.5843686284705565,0.2695928695371099
49,MLR+RF,0.7349015678613185,0.5316480311829039,0.20325353667841461
49,TabM,0.8221299222906827,0.5634395277161007,0.258690394574582
49,RF,0.6623137730422132,0.5189711720369211,0.14334260100529206
50,MLR,0.7252660731399928,0.5607329319569554,0.1645331411830374
50,MLR+RF,0.8447587209967736,0.547327881920492,0.29743083907628165
50,TabM,0.7341197911551218,0.5473554037338979,0.18676438742122392
50,RF,0.8236694309453277,0.6074507238341599,0.21621870711116786
51,MLR,0.7146117959099637,0.5604374890446298,0.15417430686533395
51,MLR+RF,0.8058655702286472,0.49686178220342353,0.3090037880252237
51,TabM,0.6963015699315721,0.5378578748508897,0.15844369508068246
51,RF,0.7685332985408801,0.5391195865595086,0.2294137119813715
52,MLR,0.8007542943140535,0.558833999067116,0.2419202952469376
52,MLR+RF,0.8487177571439357,0.5646349675015103,0.2840827896424254
52,TabM,0.9444520072292111,0.5633283169256793,0.38112369030353177
52,RF,0.8235208796084442,0.6003465760878803,0.2231743035205639
53,MLR,0.8616066592708285,0.6597210640925955,0.201885595178233
53,MLR+RF,0.8154623889778686,0.6141824832074766,0.201279905770392
53,TabM,0.8437707068780403,0.6635267565228173,0.180243950355223
53,RF,0.6786838820752256,0.6043519870735821,0.0743318950016435
54,MLR,0.8417784492794003,0.5665912187739155,0.27518723050548477
54,MLR+RF,0.7412238563594445,0.515126579664089,0.2260972766953555
54,TabM,0.8923091149718942,0.6036751514340283,0.28863396353786597
54,RF,0.6957194333734921,0.5620387606356778,0.13368067273781425
55,MLR,0.8365584064099703,0.5610327361543666,0.2755256702556037
55,MLR+RF,0.7344102384048209,0.5167197793269283,0.21769045907789264
55,TabM,0.8039657091195426,0.5288922711852747,0.27507343793426786
55,RF,0.8063315161159942,0.5524047651930155,0.2539267509229787
56,MLR,0.8907856150607062,0.6060262135535326,0.2847594015071736
56,MLR+RF,0.8613640283621655,0.5508058848848224,0.3105581434773431
56,TabM,0.9042285878861576,0.5998275482870437,0.3044010395991139
56,RF,0.8000377213981668,0.5863614429111196,0.21367627848704718
57,MLR,0.7840655632382441,0.5821291211461582,0.20193644209208583
57,MLR+RF,0.7291371783456959,0.5174332830176677,0.21170389532802825
57,TabM,0.8210365814997238,0.5345817000890413,0.28645488141068254
57,RF,0.8068810295177727,0.5726061476842141,0.2342748818335586
58,MLR,0.7601582413710538,0.6408459243860698,0.11931231698498401
58,MLR+RF,0.8244057698460532,0.6539802898065552,0.17042548003949798
58,TabM,0.8305278019043381,0.6151285912974368,0.21539921060690126
58,RF,0.7597753914478607,0.6468179598986479,0.11295743154921278
59,MLR,0.8635680970925405,0.5598796694572,0.30368842763534043
59,MLR+RF,0.843187217460482,0.5304368708426993,0.31275034661778267
59,TabM,0.8524425407771471,0.5504671793607111,0.301975361416436
59,RF,0.7759091866041454,0.5446085001819723,0.23130068642217316
60,MLR,0.8950706662460273,0.5708862854866132,0.324184380759414
60,MLR+RF,0.861662202277167,0.5338676850979305,0.3277945171792366
60,TabM,0.8500834292232429,0.5655669922330148,0.2845164369902281
60,RF,0.6891920006080071,0.536465808511897,0.15272619209611016
61,MLR,0.8410945738370741,0.6541399416061089,0.1869546322309652
61,MLR+RF,0.81617466749809,0.594437033294684,0.22173763420340598
61,TabM,0.8568225958399578,0.5857150208215318,0.271107575018426
61,RF,0.8467386230156958,0.631230054978043,0.21550856803765284
62,MLR,0.8315266895293816,0.5699745523069427,0.26155213722243886
62,MLR+RF,0.8238840920385287,0.5228329236208862,0.30105116841764257
62,TabM,0.7968228349377475,0.5500818389733797,0.24674099596436783
62,RF,0.7859975603227848,0.5482296609357028,0.23776789938708198
63,MLR,0.717959134417411,0.5928312883477019,0.12512784606970906
63,MLR+RF,0.8729570070573122,0.6013335941689473,0.2716234128883649
63,TabM,0.8350144224007138,0.5953707382210967,0.23964368417961712
63,RF,0.8067001553441133,0.5966427969974673,0.21005735834664607
64,MLR,0.8146636241999864,0.624295922065031,0.19036770213495535
64,MLR+RF,0.717594163657576,0.5349472215242105,0.18264694213336552
64,TabM,0.8289383143465489,0.5825084128806737,0.24642990146587518
64,RF,0.7655683666891059,0.6132419026794101,0.15232646400969574
65,MLR,0.7200455693645623,0.5248615990371899,0.19518397032737245
65,MLR+RF,0.7388087798034648,0.5295579699012859,0.20925080990217892
65,TabM,0.8139442435897567,0.5279395440700961,0.28600469951966057
65,RF,0.7155176887757514,0.5132795565262411,0.20223813224951026
66,MLR,0.7124208407436687,0.5377877768463648,0.17463306389730393
66,MLR+RF,0.7113768749285659,0.5018526290471144,0.20952424588145158
66,TabM,0.7013964565711434,0.5012920661664358,0.2001043904047075
66,RF,0.7130699000457137,0.5381650804665584,0.17490481957915527
67,MLR,0.8049134892733815,0.5387929093041142,0.2661205799692673
67,MLR+RF,0.6864540632201133,0.5198548120520488,0.1665992511680645
67,TabM,0.7176266309279348,0.5347690548397516,0.1828575760881832
67,RF,0.7348195860263497,0.5643136270099544,0.17050595901639531
68,MLR,0.9282683148833917,0.6222622573657646,0.3060060575176271
68,MLR+RF,0.8272150294011377,0.5771252798632178,0.25008974953791985
68,TabM,0.8944586432943132,0.6409827998591884,0.25347584343512486
68,RF,0.8509649852836216,0.5998951686778242,0.2510698166057974
69,MLR,0.8076685482104025,0.5903343096076975,0.21733423860270495
69,MLR+RF,0.8285431890472417,0.5229139675334449,0.3056292215137968
69,TabM,0.8427399146139943,0.5597639473166074,0.28297596729738694
69,RF,0.7152634216599001,0.5491373499236936,0.16612607173620653
70,MLR,0.8437474314366277,0.6621105908099403,0.1816368406266874
70,MLR+RF,0.8118508121557747,0.6396090156980582,0.17224179645771653
70,TabM,0.9117267993718339,0.6133110749906208,0.2984157243812131
70,RF,0.7553201098837918,0.6305647473697107,0.12475536251408115
71,MLR,0.8660698535602692,0.565757158732245,0.30031269482802425
71,MLR+RF,0.8108582923463227,0.5618704329269817,0.24898785941934098
71,TabM,0.9479817955739842,0.5957785303438173,0.3522032652301669
71,RF,0.816738148422243,0.5984811320198883,0.21825701640235473
72,MLR,0.8391655077339961,0.5818596245261587,0.2573058832078374
72,MLR+RF,0.7546207210864989,0.6077489634348293,0.1468717576516696
72,TabM,0.8344393884824518,0.603281314985381,0.23115807349707085
72,RF,0.7184992679165703,0.6105912760438139,0.10790799187275635
73,MLR,0.8530794626143319,0.5985511311779326,0.2545283314363993
73,MLR+RF,0.7621397581413399,0.5320764873547534,0.2300632707865865
73,TabM,0.8553216296245929,0.5761060752604941,0.27921555436409884
73,RF,0.6513569260897143,0.4938666243697334,0.1574903017199809
74,MLR,0.7497183562233454,0.6111756115739406,0.13854274464940475
74,MLR+RF,0.7835304383283967,0.5132602369996039,0.27027020132879287
74,TabM,0.8075168263394745,0.5837946220851801,0.22372220425429445
74,RF,0.741709045757546,0.6190609511582311,0.12264809459931492
75,MLR,0.9042521249486235,0.5847131104786406,0.3195390144699829
75,MLR+RF,0.8422614393432999,0.5382329691333465,0.3040284702099534
75,TabM,0.9290682500253271,0.5429580910288158,0.38611015899651135
75,RF,0.9088327852741097,0.6013313283901566,0.30750145688395314
76,MLR,0.7726049484380655,0.5529502480423862,0.21965470039567925
76,MLR+RF,0.8585053259551183,0.6053238621907573,0.253181463764361
76,TabM,0.8200698708866151,0.548071999336869,0.2719978715497461
76,RF,0.7884255526135212,0.5893912362068959,0.19903431640662528
77,MLR,0.806057398391406,0.5678065003238314,0.2382508980675746
77,MLR+RF,0.8101596031423778,0.5073586177773302,0.3028009853650476
77,TabM,0.7361610691427999,0.5582812428468547,0.17787982629594523
77,RF,0.7025084588927348,0.5215750440713524,0.18093341482138248
78,MLR,0.7989547160399308,0.6250364875959055,0.17391822844402538
78,MLR+RF,0.7486519596089638,0.5600545228385945,0.18859743677036933
78,TabM,0.9024281381486328,0.6099452191540142,0.29248291899461853
78,RF,0.7446956681572979,0.5901244660940761,0.15457120206322184
79,MLR,0.8626703127724801,0.5769294894271517,0.28574082334532835
79,MLR+RF,0.8171625807817878,0.5264641613482769,0.29069841943351094
79,TabM,0.844760820039834,0.567691105187047,0.277069714852787
79,RF,0.7381713332803576,0.5298893891415676,0.20828194413878998
80,MLR,0.7241280215734641,0.6127118884789071,0.111416133094557
80,MLR+RF,0.7837227705824807,0.5389170644645493,0.2448057061179314
80,TabM,0.646260781762355,0.5322345653375958,0.11402621642475919
80,RF,0.7090294766600369,0.5651203586348468,0.14390911802519013
81,MLR,0.878314945913243,0.5764733497687068,0.3018415961445362
81,MLR+RF,0.7640885436388208,0.5974781541584331,0.16661038948038775
81,TabM,0.8112981778457509,0.597312741494213,0.21398543635153788
81,RF,0.8358525130294594,0.6341640596871395,0.20168845334231988
82,MLR,0.9323784276571568,0.5536811456833114,0.37869728197384545
82,MLR+RF,0.8681978076660388,0.5731783890000748,0.29501941866596404
82,TabM,0.8933392787891916,0.5466528071550226,0.346686471634169
82,RF,0.7935819293541971,0.5825418997586101,0.211040029595587
83,MLR,0.8219565755594466,0.6042644320492706,0.21769214351017596
83,MLR+RF,0.8059040607885,0.5305112770165259,0.27539278377197407
83,TabM,0.8099684906153475,0.5849061309059834,0.22506235970936406
83,RF,0.6888890123612925,0.5542575913423834,0.13463142101890913
84,MLR,0.8735964258821383,0.6328587713467713,0.240737654535367
84,MLR+RF,0.8621597545992719,0.5935834954239005,0.2685762591753713
84,TabM,0.8975666584479924,0.6427897791320086,0.2547768793159838
84,RF,0.8495956894292356,0.6229264257456332,0.2266692636836024
85,MLR,0.7915007205173032,0.596285046890568,0.1952156736267352
85,MLR+RF,0.7453554610800105,0.536840883674898,0.20851457740511248
85,TabM,0.7898037450742295,0.5684204761747301,0.22138326889949933
85,RF,0.6546457293003533,0.5245023224004647,0.13014340689988857
86,MLR,0.8007631733959505,0.5563973441507417,0.24436582924520878
86,MLR+RF,0.7089352585855475,0.5391489551230974,0.16978630346245016
86,TabM,0.8269088451431783,0.549290814535447,0.27761803060773127
86,RF,0.7452031510265272,0.5791141129346015,0.16608903809192577
87,MLR,0.806908045300329,0.5935457490901732,0.2133622962101558
87,MLR+RF,0.7730082094171087,0.598320900714289,0.17468730870281968
87,TabM,0.7670839035918685,0.5554250573644268,0.2116588462274417
87,RF,0.732709209229718,0.645806854716424,0.08690235451329409
88,MLR,0.9148585099880476,0.5646648551663311,0.3501936548217165
88,MLR+RF,0.8798020975947389,0.525892965860118,0.3539091317346209
88,TabM,0.9062829069350167,0.5811243296139855,0.32515857732103115
88,RF,0.8379380325414943,0.5828168643109696,0.2551211682305248
89,MLR,0.733170718672131,0.5774443179142096,0.15572640075792143
89,MLR+RF,0.8006235724268183,0.5203912833759259,0.28023228905089237
89,TabM,0.7932793647601554,0.5274700221323432,0.2658093426278122
89,RF,0.7448941453910197,0.4984167241361276,0.24647742125489214
90,MLR,0.8226970496495576,0.6081667297750063,0.2145303198745513
90,MLR+RF,0.7969541167029178,0.5303545683098684,0.26659954839304945
90,TabM,0.8605506163483236,0.5790011876466085,0.2815494287017152
90,RF,0.7231582962550722,0.5864370240844378,0.13672127217063446
91,MLR,0.7568218558258367,0.6081018855675754,0.14871997025826134
91,MLR+RF,0.7783819547766995,0.5445162018251506,0.23386575295154888
91,TabM,0.8230373587460558,0.5723376840407521,0.25069967470530363
91,RF,0.7397634275503235,0.537145356948606,0.20261807060171755
92,MLR,0.8833045753034648,0.5992384336521426,0.28406614165132227
92,MLR+RF,0.8361303211712736,0.6303660072192891,0.20576431395198447
92,TabM,0.8839983040275902,0.6356300032393752,0.24836830078821492
92,RF,0.7778222419617428,0.6236650890841466,0.15415715287759613
93,MLR,0.7165990942909451,0.5643465958591555,0.15225249843178967
93,MLR+RF,0.738686213476436,0.5069383932594536,0.23174782021698248
93,TabM,0.8606873505760413,0.570668618769727,0.2900187318063143
93,RF,0.706131484192407,0.5410980878528502,0.16503339633955683
94,MLR,0.6972695994014102,0.5840913812107816,0.11317821819062857
94,MLR+RF,0.7616701363136423,0.5856973969990045,0.17597273931463786
94,TabM,0.8029565318105626,0.5444274917398062,0.2585290400707564
94,RF,0.8279420292308343,0.6352536793975325,0.19268834983330174
95,MLR,0.8469686594638982,0.541356125299613,0.30561253416428524
95,MLR+RF,0.6967462034696811,0.49964154526162285,0.19710465820805823
95,TabM,0.7449267125025342,0.5532525083118697,0.1916742041906645
95,RF,0.7025000673298758,0.5476149978042404,0.1548850695256354
96,MLR,0.8263725340699515,0.5921643906157258,0.2342081434542257
96,MLR+RF,0.8312431899918648,0.5488410174079837,0.282402172583881
96,TabM,0.8458139624159021,0.5713622203293072,0.27445174208659495
96,RF,0.7829747831889992,0.5696678320049129,0.21330695118408627
97,MLR,0.8238909760021006,0.5601276048250745,0.2637633711770261
97,MLR+RF,0.7901450114032964,0.5510515968363677,0.23909341456692867
97,TabM,0.8118260640457131,0.5766695590913116,0.23515650495440155
97,RF,0.8129817177161537,0.5922125013159241,0.22076921640022962
98,MLR,0.726017326411835,0.5515248749265584,0.1744924514852766
98,MLR+RF,0.8245011038399036,0.5535794806621926,0.27092162317771096
98,TabM,0.7493726833339162,0.5470862330640602,0.20228645026985592
98,RF,0.8528443093348703,0.5883765491482773,0.264467760186593
99,MLR,0.7796019809329056,0.6300496141910567,0.1495523667418489
99,MLR+RF,0.7563740907649552,0.6379622842493995,0.11841180651555572
99,TabM,0.848971133482399,0.6163931372120312,0.2325779962703679
99,RF,0.7500553083737657,0.6764874601632024,0.07356784821056328
100,MLR,0.7778729968950191,0.5610472986510285,0.21682569824399056
100,MLR+RF,0.8007832654355983,0.5058718766999404,0.2949113887356579
100,TabM,0.7480039128427668,0.5048347330510425,0.24316917979172425
100,RF,0.6836560804355675,0.5264589684685403,0.15719711196702713
101,MLR,0.8385545773397053,0.6202261356976364,0.21832844164206888
101,MLR+RF,0.8024971780710235,0.5167418205787003,0.28575535749232317
101,TabM,0.9231567907185436,0.6033446532914094,0.3198121374271342
101,RF,0.8224581755629458,0.5015967360919767,0.320861439470969
102,MLR,0.8553934370657257,0.5888863041890056,0.2665071328767201
102,MLR+RF,0.7547842877455607,0.539216685619094,0.21556760212646675
102,TabM,0.8812756763636115,0.5657053821230913,0.3155702942405202
102,RF,0.8433909358061931,0.6214516437779817,0.2219392920282114
103,MLR,0.8086107714007069,0.5647624807203927,0.24384829068031422
103,MLR+RF,0.8021804645270959,0.5228348301703244,0.2793456343567715
103,TabM,0.7440752537701095,0.5477695135121642,0.19630574025794534
103,RF,0.6998103777962119,0.5469159792349498,0.15289439856126208
104,MLR,0.8962082944535439,0.6624788155881023,0.2337294788654416
104,MLR+RF,0.8592677492091783,0.5643892488647364,0.29487850034444185
104,TabM,0.842410072461105,0.6611482478649874,0.18126182459611762
104,RF,0.7758599763840358,0.5484212994893504,0.22743867689468544
105,MLR,0.8395232103864553,0.5779283952306536,0.26159481515580163
105,MLR+RF,0.8284977598417633,0.5397446097537283,0.28875315008803504
105,TabM,0.8188006644885467,0.5339797020673144,0.28482096242123234
105,RF,0.7241695447894227,0.5623233764486311,0.16184616834079169
106,MLR,0.776970497309627,0.5908681266695187,0.18610237064010826
106,MLR+RF,0.8407830196845121,0.6319029849783576,0.20888003470615446
106,TabM,0.7783887169367544,0.5805744746853789,0.19781424225137545
106,RF,0.8201434221141941,0.6419479863683804,0.17819543574581376
107,MLR,0.7283418510913856,0.5285763416948304,0.19976550939655524
107,MLR+RF,0.7422274037611639,0.5061725087560526,0.23605489500511134
107,TabM,0.669559781868404,0.5426932753716157,0.12686650649678832
107,RF,0.7057127605473301,0.5371527513186604,0.16856000922866976
108,MLR,0.823201673804379,0.5840703627666459,0.2391313110377331
108,MLR+RF,0.767014961638159,0.5023064310538098,0.2647085305843492
108,TabM,0.8430817051596365,0.572019079679905,0.2710626254797316
108,RF,0.7241001269284014,0.5654556354409995,0.1586444914874019
109,MLR,0.7298928215051722,0.612030065354661,0.11786275615051123
109,MLR+RF,0.827737116270887,0.5986311441449702,0.22910597212591677
109,TabM,0.8490918548022134,0.5726809013519735,0.2764109534502399
109,RF,0.8261035521105087,0.6199370650882301,0.20616648702227858
110,MLR,0.8088772754318467,0.5400210591342203,0.26885621629762646
110,MLR+RF,0.8444833037066205,0.524993518149801,0.3194897855568195
110,TabM,0.7928313982984775,0.5338597508780354,0.2589716474204421
110,RF,0.7401919147910873,0.5413624213103646,0.19882949348072265
111,MLR,0.8466624782905029,0.5775772064401181,0.2690852718503848
111,MLR+RF,0.8699344150887471,0.5972026545233343,0.2727317605654128
111,TabM,0.8939078710573324,0.5818890486502628,0.3120188224070696
111,RF,0.8633489885703837,0.6952670828750406,0.1680819056953431
112,MLR,0.6556908386515927,0.5630346515684159,0.0926561870831768
112,MLR+RF,0.7538085239718806,0.5485989613500767,0.2052095626218039
112,TabM,0.6916858403418413,0.5179985277162968,0.1736873126255445
112,RF,0.6977268159843869,0.5458948361222066,0.15183197986218033
113,MLR,0.9059684621465812,0.6528242271607527,0.2531442349858285
113,MLR+RF,0.8085813626485864,0.5245600173575004,0.284021345291086
113,TabM,0.9582252153346222,0.6549979960710155,0.30322721926360674
113,RF,0.7371659007184361,0.5142925317240734,0.22287336899436272
114,MLR,0.7580789733483828,0.5363163450308157,0.2217626283175671
114,MLR+RF,0.8124151678254941,0.5218511386716274,0.2905640291538667
114,TabM,0.7166608930282281,0.5211781001019701,0.19548279292625803
114,RF,0.7633863547071862,0.5621903140337293,0.20119604067345687
115,MLR,0.8524524336213045,0.663226462280843,0.18922597134046149
115,MLR+RF,0.8184079918093408,0.5564753893358837,0.26193260247345707
115,TabM,0.8508980855462072,0.5859837862551065,0.26491429929110066
115,RF,0.8606558199042305,0.5936986437477487,0.26695717615648173
116,MLR,0.9710808195642362,0.5861425880189015,0.3849382315453347
116,MLR+RF,0.8806121307041241,0.6197990776124186,0.26081305309170555
116,TabM,0.9702791686592723,0.6162707095973385,0.3540084590619338
116,RF,0.7774490410324949,0.5911403604525274,0.18630868057996752
117,MLR,0.8305007297848969,0.6023184466569471,0.22818228312794975
117,MLR+RF,0.8469336822373417,0.5625380913746348,0.2843955908627068
117,TabM,0.8414012563233795,0.6509696473074249,0.19043160901595457
117,RF,0.7842712561442262,0.5894243500549573,0.1948469060892689
118,MLR,0.7175930477003479,0.5768625948068772,0.14073045289347075
118,MLR+RF,0.73741176670759,0.533876721148459,0.20353504555913104
118,TabM,0.8248004611860797,0.517736131758784,0.3070643294272958
118,RF,0.7007207086176225,0.5527591202434995,0.147961588374123
119,MLR,0.7468244750338116,0.575129115359867,0.17169535967394456
119,MLR+RF,0.7211686774821671,0.5365274336536235,0.18464124382854352
119,TabM,0.7327807974128717,0.5492810761520219,0.1834997212608498
119,RF,0.739134269923737,0.5960231114002065,0.1431111585235305
120,MLR,0.7605952121123236,0.5879545619392166,0.17264065017310704
120,MLR+RF,0.7258842470775058,0.5408187432708146,0.18506550380669118
120,TabM,0.8013694819595045,0.5378241833818732,0.2635452985776313
120,RF,0.7796676060222683,0.5309539387090256,0.24871366731324263
121,MLR,0.7536030797769961,0.6190397506903306,0.13456332908666557
121,MLR+RF,0.766789303346638,0.5404363297357666,0.22635297361087137
121,TabM,0.7742929935468835,0.5744922335327858,0.19980076001409774
121,RF,0.6634281425518087,0.5616069933237396,0.10182114922806906
122,MLR,0.8093285988707095,0.5600666905569088,0.24926190831380068
122,MLR+RF,0.8291267603770339,0.5724919054079656,0.25663485496906835
122,TabM,0.7706781216233364,0.5700602745705375,0.20061784705279884
122,RF,0.7698226236292864,0.6016059283116291,0.16821669531765737
123,MLR,0.9144887695711219,0.5576387069613299,0.356850062609792
123,MLR+RF,0.8292426973427711,0.502704643642435,0.3265380537003362
123,TabM,0.9035069613035335,0.5925601389680835,0.31094682233545
123,RF,0.7246075219296453,0.5162259487123168,0.20838157321732853
124,MLR,0.8805313034209346,0.6220321800392862,0.2584991233816484
124,MLR+RF,0.8287861590953174,0.537262753086615,0.2915234060087024
124,TabM,0.8836469623986266,0.6039369811124089,0.2797099812862177
124,RF,0.8350663711047779,0.6162694824944963,0.21879688861028157
125,MLR,0.7853972071760418,0.5999405069952122,0.1854567001808296
125,MLR+RF,0.854317158767839,0.6147939126262836,0.2395232461415554
125,TabM,0.7388548827031123,0.5767299499493159,0.16212493275379636
125,RF,0.8053938220869453,0.6387771358146553,0.16661668627228998
126,MLR,0.8111586991837458,0.6054563835674975,0.2057023156162483
126,MLR+RF,0.7439083559538676,0.5813321147508695,0.16257624120299807
126,TabM,0.8584218981803842,0.5945934404747805,0.2638284577056037
126,RF,0.8630759940424858,0.6427125518003008,0.22036344224218496
127,MLR,0.7563159159429583,0.5964478029709842,0.15986811297197412
127,MLR+RF,0.7915663847032697,0.6242219743147532,0.16734441038851644
127,TabM,0.7851295499857934,0.5714286394506846,0.21370091053510887
127,RF,0.7491300479603795,0.592782046122101,0.15634800183827857
128,MLR,0.8127509950190718,0.5351163496587925,0.27763464536027926
128,MLR+RF,0.7377459800020311,0.5139247319572007,0.2238212480448304
128,TabM,0.7900944613178958,0.5266025912317931,0.26349187008610275
128,RF,0.7145668446155601,0.5802552900559629,0.1343115545595972
129,MLR,0.8855075606995447,0.548364740526444,0.3371428201731007
129,MLR+RF,0.8244807865783166,0.520211685804184,0.3042691007741326
129,TabM,0.8356906769146768,0.5572522834499983,0.27843839346467847
129,RF,0.6491365877902607,0.5002103073768003,0.14892628041346045
130,MLR,0.9641160447936427,0.625369320586022,0.33874672420762064
130,MLR+RF,0.8376462526444904,0.5250604503323916,0.31258580231209887
130,TabM,0.976859441703266,0.6335368206671858,0.34332262103608024
130,RF,0.7770494791798789,0.5335565756095119,0.24349290357036701
131,MLR,0.8402092811391183,0.5960481355786649,0.24416114556045343
131,MLR+RF,0.8123460812011982,0.5357042933601239,0.2766417878410743
131,TabM,0.8249571840608977,0.5593206116850329,0.2656365723758648
131,RF,0.7809102914474528,0.5598414427229063,0.22106884872454657
132,MLR,0.8046937668867942,0.5751886155657958,0.22950515132099836
132,MLR+RF,0.7302339854849456,0.5623491062321968,0.16788487925274875
132,TabM,0.8530203977506408,0.5697185918907134,0.28330180585992737
132,RF,0.6849989517287133,0.5327429418104498,0.1522560099182635
133,MLR,0.7174312668960773,0.5697869309010248,0.14764433599505244
133,MLR+RF,0.7431797760239807,0.487032314437118,0.2561474615868627
133,TabM,0.6336128689345651,0.4996110579902548,0.13400181094431035
133,RF,0.796061656201137,0.5766538599201367,0.21940779628100027
134,MLR,0.7752055859190471,0.5733379261939646,0.20186765972508247
134,MLR+RF,0.7406557898107615,0.5596384540770263,0.18101733573373524
134,TabM,0.7895557371781662,0.5519110473150973,0.23764468986306886
134,RF,0.715325372607919,0.5609928592306601,0.15433251337725884
135,MLR,0.7686925454807848,0.5911134373067229,0.17757910817406186
135,MLR+RF,0.833396750054566,0.5926066979145047,0.24079005214006133
135,TabM,0.7713798428913773,0.5578958147402372,0.2134840281511401
135,RF,0.8744117600982017,0.6362731222476471,0.23813863785055456
136,MLR,0.9498596588020101,0.6387374526758871,0.31112220612612296
136,MLR+RF,0.8371372208792285,0.5747434785696727,0.2623937423095558
136,TabM,0.9814423040613591,0.6645839988280449,0.31685830523331426
136,RF,0.6840925800164305,0.600992168868136,0.08310041114829447
137,MLR,0.880582879303367,0.5836916486463328,0.29689123065703416
137,MLR+RF,0.8324292171145311,0.5599834421101694,0.27244577500436173
137,TabM,0.9360910335714652,0.5894411741828408,0.34664985938862436
137,RF,0.8185388033764417,0.5668342334365453,0.2517045699398964
138,MLR,0.7824275326968286,0.5888891173944946,0.19353841530233407
138,MLR+RF,0.7608805531282843,0.5555308142508276,0.20534973887745667
138,TabM,0.8691996337852754,0.5909997514401353,0.27819988234514015
138,RF,0.6793197601759994,0.5524258500971315,0.12689391007886786
139,MLR,0.9791320585374721,0.6424189248474999,0.33671313368997224
139,MLR+RF,0.9198056752546608,0.6073090330124319,0.31249664224222895
139,TabM,0.9679422483510779,0.6165892424463886,0.3513530059046893
139,RF,0.9122931528982541,0.6511912945938816,0.2611018583043725
140,MLR,0.7340253508475831,0.557811690463878,0.17621366038370512
140,MLR+RF,0.724742210827795,0.514792357661093,0.209949853166702
140,TabM,0.7269725269570533,0.4927956453403739,0.23417688161667938
140,RF,0.7174988351203075,0.5806587810068089,0.13684005411349864
141,MLR,0.8822870301235672,0.6073870328729813,0.2748999972505859
141,MLR+RF,0.817779643084697,0.5435437690350723,0.2742358740496247
141,TabM,0.9471174175157269,0.6181741261586029,0.32894329135712397
141,RF,0.813366206373114,0.5970533641224544,0.2163128422506596
142,MLR,0.7809468588795736,0.5734793677366806,0.20746749114289298
142,MLR+RF,0.7805768502045431,0.5424638253619225,0.23811302484262065
142,TabM,0.7673760701166243,0.5514653473313376,0.21591072278528678
142,RF,0.769326718573935,0.552103193552002,0.21722352502193298
143,MLR,0.7741782147533691,0.5745661497739162,0.19961206497945294
143,MLR+RF,0.730294010881052,0.5387619866424144,0.19153202423863758
143,TabM,0.7838545502673416,0.5584565248071934,0.2253980254601482
143,RF,0.7167345962542352,0.5694745101830487,0.14726008607118646
144,MLR,0.8660361665626564,0.6337140839167924,0.23232208264586396
144,MLR+RF,0.7935125337233419,0.4903399016174768,0.30317263210586504
144,TabM,0.8217425061941344,0.5704102768553788,0.25133222933875554
144,RF,0.7788252750356439,0.536896026403074,0.24192924863256993
145,MLR,0.6830214933970078,0.5247126174912415,0.15830887590576626
145,MLR+RF,0.6882781666117936,0.5153969799006212,0.17288118671117247
145,TabM,0.6245758784017846,0.5199530684354943,0.10462280996629036
145,RF,0.673422944101397,0.5271916052965342,0.14623133880486283
146,MLR,0.7924115356765644,0.6182044506009172,0.1742070850756472
146,MLR+RF,0.8310586835769065,0.5972368933756456,0.23382179020126093
146,TabM,0.8278172748116186,0.6045727004744527,0.22324457433716594
146,RF,0.788084925927177,0.5854241316837887,0.20266079424338834
147,MLR,0.7357264177706727,0.5792324253945799,0.15649399237609285
147,MLR+RF,0.8029543857536402,0.5850160617916593,0.21793832396198087
147,TabM,0.8222734564964997,0.5568794934591919,0.2653939630373079
147,RF,0.6966555161796122,0.6036640806105008,0.09299143556911138
148,MLR,0.8250748235665595,0.5866930542596631,0.23838176930689636
148,MLR+RF,0.7653555491546827,0.5677059581048568,0.19764959104982593
148,TabM,0.8336817466060241,0.6098598195834116,0.2238219270226125
148,RF,0.7522419933372251,0.613271364451979,0.13897062888524603
149,MLR,0.9085292239510525,0.582875077465278,0.3256541464857745
149,MLR+RF,0.8543561897131773,0.5385628128545424,0.31579337685863484
149,TabM,0.9315497422759798,0.5986968039106323,0.33285293836534746
149,RF,0.912206651775904,0.608940809263877,0.30326584251202704
150,MLR,0.7370325838999899,0.5616487276920055,0.17538385620798447
150,MLR+RF,0.7605056106089649,0.5289820047788492,0.23152360583011578
150,TabM,0.7470135868962688,0.5227628485564543,0.22425073833981457
150,RF,0.6732405739554308,0.5423736468439501,0.13086692711148074
151,MLR,0.7494132744123089,0.5984412079627675,0.15097206644954142
151,MLR+RF,0.8381229059166944,0.5235297313544316,0.31459317456226277
151,TabM,0.8439332800930333,0.5635997688683374,0.28033351122469585
151,RF,0.6550434137544033,0.5085300710145488,0.1465133427398545
152,MLR,0.8299629476351817,0.5760128614337277,0.2539500862014541
152,MLR+RF,0.7785102810393157,0.5393361196215455,0.23917416141777026
152,TabM,0.8411950900879026,0.5981736381977005,0.24302145189020208
152,RF,0.8404954610875213,0.6037625995696012,0.23673286151792006
153,MLR,0.8516566582394981,0.5922811308037006,0.2593755274357975
153,MLR+RF,0.8330393873433124,0.5287640445893803,0.3042753427539321
153,TabM,0.7599478210766544,0.5797128535329469,0.1802349675437075
153,RF,0.7630843253106243,0.5840353873655578,0.1790489379450665
154,MLR,0.8847515945074496,0.5874836211734719,0.2972679733339777
154,MLR+RF,0.8101662488136814,0.5681668777275544,0.241999371086127
154,TabM,0.8824868065763711,0.6139379264672308,0.26854888010914035
154,RF,0.8302004338718013,0.6115032007156896,0.21869723315611167
155,MLR,0.8519940826651596,0.6248784628750825,0.2271156197900771
155,MLR+RF,0.8105194667171808,0.6084163405587639,0.20210312615841686
155,TabM,0.8550618472875725,0.5794386926745917,0.2756231546129808
155,RF,0.773208163168633,0.6090069919147888,0.16420117125384415
156,MLR,0.7610064197529807,0.5794696850930623,0.18153673465991838
156,MLR+RF,0.827685577020996,0.5659415891383284,0.2617439878826676
156,TabM,0.7831152054615917,0.5587098071996706,0.22440539826192119
156,RF,0.680168820526231,0.5795765523403715,0.10059226818585942
157,MLR,0.8755208401765634,0.6274255968556859,0.2480952433208775
157,MLR+RF,0.8429656337807602,0.6241489690626367,0.21881666471812344
157,TabM,0.850385446327506,0.6069661720356382,0.24341927429186783
157,RF,0.7359193430389648,0.6218159614891601,0.1141033815498047
158,MLR,0.6557944134311017,0.5425909564204512,0.11320345701065049
158,MLR+RF,0.8524579743537158,0.5015886162269501,0.3508693581267658
158,TabM,0.7628016814477075,0.521929380662331,0.24087230078537658
158,RF,0.6840108204077914,0.5757052798198475,0.10830554058794384
159,MLR,0.8720621850307855,0.6256717250559188,0.24639045997486664
159,MLR+RF,0.705833499299371,0.5114543633236003,0.19437913597577072
159,TabM,0.8265921502821478,0.5556695484728817,0.2709226018092661
159,RF,0.7311612394900115,0.5244613022852945,0.20669993720471702
160,MLR,0.7845455992226145,0.6007281139631407,0.18381748525947372
160,MLR+RF,0.7823723031683095,0.5686259957854739,0.21374630738283562
160,TabM,0.8443995504019212,0.6058793176492364,0.23852023275268475
160,RF,0.8314307777371409,0.6127370172069216,0.21869376053021927
161,MLR,0.9137722568098982,0.5861726381579473,0.32759961865195086
161,MLR+RF,0.8147928978097229,0.5369577734913015,0.2778351243184214
161,TabM,0.917979023696028,0.5712478279946117,0.3467311957014163
161,RF,0.8288552053054866,0.5562508330472329,0.27260437225825374
162,MLR,0.9647409983281062,0.5515897490861187,0.41315124924198754
162,MLR+RF,0.8180121928043673,0.5439168668724075,0.27409532593195984
162,TabM,0.9749821362720001,0.5949951140489719,0.37998702222302827
162,RF,0.8635477421914933,0.5641044215517715,0.2994433206397218
163,MLR,0.9575955404654276,0.6355669123720544,0.3220286280933732
163,MLR+RF,0.8748284271657636,0.5645164231858995,0.31031200397986414
163,TabM,0.8972295932872506,0.5969677949684356,0.30026179831881505
163,RF,0.8366280524546862,0.59097020497926,0.24565784747542618
164,MLR,0.7598332997183976,0.5954590897880784,0.16437420993031926
164,MLR+RF,0.8428030558609447,0.6164252611375579,0.22637779472338682
164,TabM,0.7342051525234271,0.5670537098100327,0.16715144271339444
164,RF,0.828068558259812,0.6317874931823273,0.19628106507748466
165,MLR,0.7726656133823554,0.5365637826952823,0.23610183068707313
165,MLR+RF,0.7902871054717981,0.5597759338451139,0.23051117162668422
165,TabM,0.7511909245294479,0.5217604114792957,0.22943051305015216
165,RF,0.6700253459898269,0.5465599915708429,0.12346535441898399
166,MLR,0.8013420896755031,0.6166763318706203,0.1846657578048828
166,MLR+RF,0.7077318952692531,0.5422990019451058,0.16543289332414723
166,TabM,0.7534273501720503,0.5618688826506987,0.19155846752135164
166,RF,0.7272822472617296,0.5857555820512028,0.14152666521052681
167,MLR,0.8319092115774915,0.5887892346807155,0.243119976896776
167,MLR+RF,0.7295268446959347,0.5056630194328824,0.22386382526305226
167,TabM,0.8649347469399373,0.5922231790157306,0.2727115679242067
167,RF,0.7017456007759103,0.5094691000154542,0.1922765007604561
168,MLR,0.7869444125266196,0.5964625933019758,0.1904818192246438
168,MLR+RF,0.7572216839969493,0.5225400317337827,0.23468165226316662
168,TabM,0.849279987835301,0.559184674299707,0.29009531353559403
168,RF,0.6866054641906929,0.5541976183192359,0.13240784587145704
169,MLR,0.6901804185377767,0.5659848193019199,0.12419559923585677
169,MLR+RF,0.7519643630621214,0.5031696216102909,0.24879474145183056
169,TabM,0.9008542280040158,0.5937652339195564,0.30708899408445944
169,RF,0.7304744546605675,0.5665539126317549,0.16392054202881257
170,MLR,0.830798482257998,0.5423662873767364,0.2884321948812616
170,MLR+RF,0.8587482612927007,0.5230518707047057,0.33569639058799494
170,TabM,0.7379435579924607,0.5359690569750438,0.20197450101741687
170,RF,0.7660347604239622,0.5227324051522522,0.24330235527171007
171,MLR,0.7873925551662653,0.6230182679072327,0.16437428725903258
171,MLR+RF,0.8428244019098141,0.6151566767041036,0.22766772520571055
171,TabM,0.7545189009635892,0.5675847099255947,0.18693419103799447
171,RF,0.7977473202333809,0.593637700631157,0.20410961960222396
172,MLR,0.8550835701863377,0.62275750364102,0.23232606654531773
172,MLR+RF,0.7314444172728904,0.5745211492554592,0.15692326801743128
172,TabM,0.9289689638166274,0.6156423616003962,0.3133266022162312
172,RF,0.6742619842972175,0.5709241722541178,0.10333781204309966
173,MLR,0.8666403957705895,0.5628869339718173,0.30375346179877216
173,MLR+RF,0.830740910292183,0.5862481326194593,0.2444927776727237
173,TabM,0.9064641246908833,0.5714264530588621,0.33503767163202125
173,RF,0.863565634583341,0.6281580175071416,0.2354076170761994
174,MLR,0.9264065611261643,0.6035026037045397,0.3229039574216246
174,MLR+RF,0.8564735237804403,0.6178574776801717,0.23861604610026854
174,TabM,0.8172812789801387,0.587863661300359,0.22941761767977964
174,RF,0.7733590050667672,0.5946861997280042,0.17867280533876306
175,MLR,0.9266934645118927,0.580292230829656,0.34640123368223674
175,MLR+RF,0.8615537853842282,0.5735763488778496,0.28797743650637864
175,TabM,0.8890519404641657,0.6154986983160108,0.2735532421481549
175,RF,0.8296854821281984,0.6026532865132173,0.2270321956149811
176,MLR,0.6907300446279372,0.5483790009384797,0.1423510436894575
176,MLR+RF,0.7675945750317674,0.4907670033703844,0.276827571661383
176,TabM,0.7422538719166337,0.5389642602052835,0.20328961171135018
176,RF,0.691110057319919,0.526671262057225,0.164438795262694
177,MLR,0.8327743858935912,0.6073095754331509,0.2254648104604403
177,MLR+RF,0.7269278139386852,0.5479651962531444,0.17896261768554078
177,TabM,0.8459734007771461,0.564704790533028,0.2812686102441181
177,RF,0.7234867437213235,0.580403557481547,0.14308318623977645
178,MLR,0.776453909298422,0.6078510474777966,0.16860286182062534
178,MLR+RF,0.7307857857639585,0.5733822364655726,0.15740354929838585
178,TabM,0.8402644520634784,0.5712250429793827,0.26903940908409574
178,RF,0.7452959501056794,0.6082979160849522,0.1369980340207272
179,MLR,0.881306321877203,0.5552261010007289,0.32608022087647415
179,MLR+RF,0.8296193177412072,0.5127751716404914,0.3168441461007159
179,TabM,0.7714508377827186,0.5436795123919117,0.2277713253908069
179,RF,0.7745918402697822,0.562522140003555,0.21206970026622718
180,MLR,0.6833794317642263,0.5344350565230833,0.148944375241143
180,MLR+RF,0.7034087792781738,0.5155373756326694,0.18787140364550436
180,TabM,0.6836552836033157,0.505148328416668,0.17850695518664772
180,RF,0.7271060766409045,0.5975203710269997,0.1295857056139048
181,MLR,0.7652633366087128,0.5883884872882814,0.1768748493204314
181,MLR+RF,0.7995852440412893,0.5079403474187925,0.2916448966224968
181,TabM,0.7264395930682146,0.5218451639258517,0.20459442914236292
181,RF,0.758966642368781,0.5356942424120048,0.22327239995677617
182,MLR,0.8912552276433057,0.5835060509182795,0.3077491767250262
182,MLR+RF,0.8883149369225055,0.5579222359098133,0.33039270101269225
182,TabM,0.9496389465208372,0.6127435639016254,0.3368953826192118
182,RF,0.8291758459294017,0.5766417817067541,0.2525340642226477
183,MLR,0.8287739303207691,0.6373074505071497,0.19146647981361942
183,MLR+RF,0.8487635757031684,0.6173157450792142,0.23144783062395424
183,TabM,0.8624718283733684,0.6025395307195254,0.25993229765384307
183,RF,0.691326055982057,0.6217066680964612,0.06961938788559574
184,MLR,0.8655333841064636,0.6077664231576912,0.2577669609487724
184,MLR+RF,0.7558751859638936,0.5666539282008969,0.1892212577629967
184,TabM,0.8837104027198426,0.579305299686435,0.3044051030334076
184,RF,0.6947775745077107,0.5437620908163981,0.15101548369131257
185,MLR,0.8446885747082642,0.5707308476928881,0.27395772701537613
185,MLR+RF,0.8018695013232127,0.5527895093967327,0.24907999192648
185,TabM,0.8976530639601035,0.6227312808904483,0.2749217830696552
185,RF,0.810495467620289,0.5984341868511416,0.21206128076914743
186,MLR,0.9163666664069687,0.5905474088569601,0.3258192575500086
186,MLR+RF,0.8087517283158125,0.5063198134820046,0.30243191483380794
186,TabM,0.8910592275869966,0.6095861880811664,0.28147303950583025
186,RF,0.7819838552443615,0.5789262166879927,0.20305763855636882
187,MLR,0.764811304655566,0.5922873694681401,0.17252393518742593
187,MLR+RF,0.7875546787464364,0.589045866794478,0.19850881195195835
187,TabM,0.8102801898998526,0.5930456600532567,0.21723452984659597
187,RF,0.7520907255287822,0.5972671272325285,0.1548235982962537
188,MLR,0.8818385731842588,0.6417263783626441,0.24011219482161472
188,MLR+RF,0.7164324267516747,0.5629922916409519,0.15344013511072285
188,TabM,0.8563010981369179,0.5710898386491936,0.2852112594877243
188,RF,0.7637464418049941,0.5920474988835539,0.17169894292144017
189,MLR,0.8005554430939865,0.5441798687681435,0.256375574325843
189,MLR+RF,0.795817497162431,0.5162913902083586,0.27952610695407243
189,TabM,0.7184669979985242,0.5386754520746376,0.17979154592388658
189,RF,0.7660404651076607,0.514464568465435,0.2515758966422257
190,MLR,0.8490482797890717,0.5500488858232777,0.298999393965794
190,MLR+RF,0.8443872609267875,0.5950611309434399,0.24932612998334758
190,TabM,0.774411165009492,0.539093249859291,0.23531791515020106
190,RF,0.7547164440142424,0.5733370148033266,0.18137942921091588
191,MLR,0.7054688887770012,0.5854287688502424,0.12004011992675878
191,MLR+RF,0.7112397503713281,0.5244159931354644,0.18682375723586375
191,TabM,0.7011385603804284,0.5516464703086297,0.14949209007179876
191,RF,0.7603036341560109,0.5812819632602954,0.17902167089571552
192,MLR,0.7111885702130496,0.5508632651721963,0.1603253050408533
192,MLR+RF,0.7359860165452893,0.5337998797794702,0.2021861367658191
192,TabM,0.7156212946242104,0.5642263700538774,0.151394924570333
192,RF,0.6514620263973543,0.5125770528725011,0.13888497352485318
193,MLR,0.7978424933930336,0.6011974564148889,0.19664503697814473
193,MLR+RF,0.8397827698403588,0.5429542594707659,0.2968285103695929
193,TabM,0.8503974040818114,0.5774647485481954,0.272932655533616
193,RF,0.7829297756190873,0.5852260287481416,0.19770374687094572
194,MLR,0.9336561425383232,0.6540305349799765,0.27962560755834664
194,MLR+RF,0.8538119119080004,0.6209940205456955,0.2328178913623049
194,TabM,0.9512049144453792,0.605772418565099,0.34543249588028024
194,RF,0.6988643292765541,0.6049532092596751,0.09391112001687896
195,MLR,0.9010945262795358,0.5792298939789445,0.32186463230059126
195,MLR+RF,0.8417125947521177,0.535437113464198,0.3062754812879197
195,TabM,0.9385940484956284,0.6001791047369435,0.33841494375868497
195,RF,0.8391224818049928,0.5829896324505002,0.25613284935449265
196,MLR,0.6690583211901966,0.5653052945633438,0.10375302662685282
196,MLR+RF,0.7709850669403456,0.5339977716543762,0.2369872952859694
196,TabM,0.7994803682396151,0.5233754676813995,0.27610490055821557
196,RF,0.7013908782952948,0.5607905395775595,0.14060033871773525
197,MLR,0.7950541725525206,0.5738792975618449,0.22117487499067578
197,MLR+RF,0.7904168915640299,0.5257251631229256,0.26469172844110433
197,TabM,0.7968013644477013,0.5311724842624329,0.2656288801852684
197,RF,0.808572630109725,0.6045698930075454,0.20400273710217964
198,MLR,0.7574491825855014,0.5737574699947521,0.18369171259074935
198,MLR+RF,0.7253948934666318,0.5157154136585889,0.2096794798080429
198,TabM,0.8324781315454909,0.5715620956554681,0.26091603589002277
198,RF,0.6758541331848514,0.5636198289822041,0.11223430420264735
199,MLR,0.800362146399181,0.5349414483630809,0.26542069803610013
199,MLR+RF,0.8957687597840382,0.5239917725262008,0.3717769872578375
199,TabM,0.9345591341313645,0.5549563088166285,0.379602825314736
199,RF,0.7880003444069625,0.5427398269604362,0.24526051744652633
200,MLR,0.8121066726233485,0.5907132111207353,0.2213934615026132
200,MLR+RF,0.7748355330973852,0.5424124199347715,0.23242311316261366
200,TabM,0.8666061791631909,0.5874086080296537,0.27919757113353727
200,RF,0.7323137722696709,0.5594717930790823,0.17284197919058852
201,MLR,0.8410696889173381,0.6171488302350251,0.22392085868231304
201,MLR+RF,0.751393976482372,0.5517348233184592,0.1996591531639128
201,TabM,0.8402599381605892,0.5754631017055276,0.2647968364550616
201,RF,0.7660088687002838,0.588945766508209,0.17706310219207488
202,MLR,0.7658330571971795,0.5482558740394645,0.21757718315771502
202,MLR+RF,0.7493707556772339,0.5417893749276868,0.20758138074954713
202,TabM,0.7101078258575826,0.5343855571111273,0.17572226874645525
202,RF,0.7457965808264384,0.5518893256019908,0.19390725522444763
203,MLR,0.816966703643245,0.6428262003076957,0.1741405033355493
203,MLR+RF,0.7874018578046231,0.6209988240171628,0.16640303378746035
203,TabM,0.8221005450633361,0.5977998500224752,0.22430069504086092
203,RF,0.886239043201489,0.6398267056763977,0.2464123375250914
204,MLR,0.8094268814756327,0.5766792440050028,0.23274763747062988
204,MLR+RF,0.7744876782856809,0.5879317370542938,0.18655594123138708
204,TabM,0.7806766410119149,0.555121639377457,0.22555500163445796
204,RF,0.7073256020004595,0.5815147451294735,0.12581085687098592
205,MLR,0.8094887483682133,0.5740809018050747,0.23540784656313862
205,MLR+RF,0.8233840987182457,0.5068206504380824,0.31656344828016325
205,TabM,0.8815473335245129,0.5973201687320215,0.2842271647924913
205,RF,0.8162898049078634,0.5501703115148691,0.26611949339299434
206,MLR,0.8630808650297905,0.5993373545465057,0.2637435104832848
206,MLR+RF,0.8655971663307587,0.557533930008113,0.30806323632264565
206,TabM,0.8545227713321032,0.5737994581225119,0.2807233132095913
206,RF,0.8280005667977876,0.6070246242008772,0.22097594259691034
207,MLR,0.8878595064655411,0.6384316402686312,0.24942786619690993
207,MLR+RF,0.8603326689231161,0.6109542498223131,0.24937841910080305
207,TabM,0.9061434851137271,0.6323471311900328,0.2737963539236943
207,RF,0.7487245304693251,0.5867592183498103,0.16196531211951481
208,MLR,0.7643763035110436,0.5852857789465179,0.17909052456452568
208,MLR+RF,0.8222775311076744,0.5149546494066084,0.30732288170106603
208,TabM,0.7422864176435064,0.5536507356723921,0.18863568197111436
208,RF,0.8013452342497906,0.5429097643837837,0.25843546986600696
209,MLR,0.845949204456879,0.5764529427602304,0.26949626169664864
209,MLR+RF,0.7087722335173858,0.5463702050034054,0.16240202851398045
209,TabM,0.7250797284021687,0.5449599849793108,0.18011974342285797
209,RF,0.7530930333492978,0.6110041677853091,0.1420888655639887
210,MLR,0.7376432967042145,0.5984401245561249,0.13920317214808953
210,MLR+RF,0.7891992664208669,0.568025561403894,0.22117370501697287
210,TabM,0.7419639921292716,0.5594375486817987,0.18252644344747282
210,RF,0.8038215259410115,0.5853592041450844,0.21846232179592717
211,MLR,0.6830948306862609,0.5585493861990498,0.12454544448721105
211,MLR+RF,0.7649151844523687,0.5149087867205367,0.250006397731832
211,TabM,0.6852642589658456,0.5469776222553946,0.13828663671045105
211,RF,0.7078199999173925,0.5632921465507882,0.14452785336660434
212,MLR,0.7667246384745307,0.529558566598074,0.23716607187645666
212,MLR+RF,0.7495836612400227,0.513661689007529,0.23592197223249378
212,TabM,0.7912515008187433,0.5227744560920599,0.26847704472668343
212,RF,0.7530365022940386,0.548481461832321,0.20455504046171757
213,MLR,0.8655761887545834,0.6103258743790761,0.25525031437550727
213,MLR+RF,0.7892163407881101,0.5629902177160465,0.22622612307206358
213,TabM,0.8387294415170116,0.5689255082549248,0.26980393326208674
213,RF,0.7034597620409837,0.5334950597747024,0.16996470226628135
214,MLR,0.870953790387444,0.5918641812617671,0.27908960912567693
214,MLR+RF,0.8143659341535704,0.5806833003527629,0.23368263380080745
214,TabM,0.8582193291901996,0.6194644096886817,0.23875491950151795
214,RF,0.7762608003939202,0.6122294866733312,0.164031313720589
215,MLR,0.8708535220021675,0.6285652269597644,0.24228829504240312
215,MLR+RF,0.8963979835902491,0.5524089226129719,0.3439890609772772
215,TabM,0.8359676191755896,0.6137594168721336,0.22220820230345595
215,RF,0.8647202708545063,0.6533299459963139,0.21139032485819242
216,MLR,0.7859980410315619,0.5290269881006002,0.2569710529309617
216,MLR+RF,0.8064191200206684,0.532211360210339,0.2742077598103294
216,TabM,0.8243710066657823,0.5372759358789886,0.28709507078679375
216,RF,0.6826978153007851,0.5704368545958567,0.11226096070492841
217,MLR,0.7329888721253024,0.5413495315328389,0.19163934059246346
217,MLR+RF,0.6615874398406784,0.5148266107424676,0.14676082909821075
217,TabM,0.6639820233848653,0.502456734250446,0.16152528913441933
217,RF,0.6879127357459375,0.5417877597272758,0.1461249760186617
218,MLR,0.8631055318981464,0.5971313671252564,0.26597416477289004
218,MLR+RF,0.8100092628415984,0.5075107714151662,0.30249849142643215
218,TabM,0.9176728375631981,0.5679535846898884,0.3497192528733096
218,RF,0.7613230512510909,0.5403524970056023,0.22097055424548862
219,MLR,0.8148801872604177,0.6172025249513434,0.19767766230907424
219,MLR+RF,0.7400356175765693,0.5407329886627221,0.1993026289138472
219,TabM,0.8724537426087284,0.5958584114120469,0.27659533119668156
219,RF,0.7329923387056669,0.5416724274816516,0.19131991122401537
220,MLR,0.7520548937903598,0.5936413628680108,0.158413530922349
220,MLR+RF,0.8502171760234803,0.5716548212298136,0.27856235479366676
220,TabM,0.7905354392781522,0.5955330096531277,0.19500242962502445
220,RF,0.7789527995708575,0.5980185247694693,0.18093427480138824
221,MLR,0.8445025130250543,0.645136661717574,0.1993658513074803
221,MLR+RF,0.8572802384384525,0.6294411447079207,0.2278390937305318
221,TabM,0.948590411332041,0.6342643654280901,0.31432604590395097
221,RF,0.8507699617903748,0.6872740141841089,0.16349594760626585
222,MLR,0.8276921286343376,0.5781300180116605,0.24956211062267708
222,MLR+RF,0.911407345147857,0.595297418715989,0.3161099264318681
222,TabM,0.8911542100277193,0.5977311719779327,0.29342303804978664
222,RF,0.8191036347968893,0.6275953032652393,0.19150833153165003
223,MLR,0.9261630606065473,0.6342798948211692,0.2918831657853781
223,MLR+RF,0.7933442036075845,0.5180299236885187,0.27531427991906576
223,TabM,0.9581460383617926,0.6309629604457014,0.32718307791609114
223,RF,0.8016326302073105,0.5564075982590863,0.2452250319482242
224,MLR,0.7529521413936457,0.555700285316703,0.19725185607694273
224,MLR+RF,0.7614102553243645,0.520482298140714,0.24092795718365045
224,TabM,0.7397413689782021,0.5225870705795131,0.21715429839868894
224,RF,0.7312020241587316,0.5286030838006545,0.20259894035807713
225,MLR,0.8044020713736845,0.5837251471068186,0.22067692426686591
225,MLR+RF,0.7503817637555633,0.5603462678662781,0.19003549588928526
225,TabM,0.7531939907075637,0.573038120158595,0.18015587054896864
225,RF,0.7227037824582596,0.6038536651930401,0.11885011726521955
226,MLR,0.7728158792028805,0.6082040219502228,0.1646118572526577
226,MLR+RF,0.7413691882084597,0.5506671889675226,0.190701999240937
226,TabM,0.679437165619016,0.5466506546813685,0.13278651093764748
226,RF,0.7080245620352185,0.5464996253990632,0.1615249366361553
227,MLR,0.8164867092954453,0.58488832090394,0.23159838839150526
227,MLR+RF,0.8736762324846526,0.5861999922392135,0.28747624024543916
227,TabM,0.8249607179400975,0.5684352117029505,0.256525506237147
227,RF,0.8315537192364155,0.6139933087909913,0.21756041044542418
228,MLR,0.8188202687173893,0.654003433209921,0.16481683550746828
228,MLR+RF,0.7903772855530858,0.5214607430163507,0.26891654253673514
228,TabM,0.9548749663169622,0.5708309885782419,0.38404397773872034
228,RF,0.7154951564578571,0.5667017072145932,0.14879344924326388
229,MLR,0.8568802898534124,0.577070308942115,0.2798099809112974
229,MLR+RF,0.8540702471647124,0.5670484191254846,0.2870218280392277
229,TabM,0.9474392530253724,0.6172907774816636,0.33014847554370874
229,RF,0.8251231237697146,0.569391661700164,0.25573146206955066
230,MLR,0.8264983639860907,0.6035631083415667,0.222935255644524
230,MLR+RF,0.8638706377493734,0.641434612140513,0.22243602560886044
230,TabM,0.8631408315288492,0.6083458451913146,0.2547949863375346
230,RF,0.7927465535305358,0.638413679512204,0.15433287401833184
231,MLR,0.7436036570792863,0.5617711118529649,0.18183254522632142
231,MLR+RF,0.8095947450743505,0.5905892290481772,0.21900551602617324
231,TabM,0.8366672156305293,0.537733588645135,0.2989336269853943
231,RF,0.7048647800421942,0.5835432134042667,0.12132156663792748
232,MLR,0.6999291524508641,0.5399139713370533,0.16001518111381074
232,MLR+RF,0.7804414566869915,0.49953800628423184,0.28090345040275966
232,TabM,0.790184158065918,0.5525412375095797,0.2376429205563383
232,RF,0.7075175368927915,0.5304507422119686,0.17706679468082287
233,MLR,0.8281027819570759,0.6025630960189621,0.2255396859381138
233,MLR+RF,0.8127570936821954,0.5007080213454427,0.3120490723367527
233,TabM,0.8132234756054477,0.5472872025097538,0.2659362730956939
233,RF,0.7500217525415521,0.5787401212001481,0.17128163134140406
234,MLR,0.9057003022731356,0.6488006312052063,0.2568996710679293
234,MLR+RF,0.8643350362704602,0.49912287993302534,0.3652121563374348
234,TabM,0.9134182530498413,0.6226074607909727,0.2908107922588685
234,RF,0.713073559442265,0.5134811388796948,0.1995924205625702
235,MLR,0.8170452864520217,0.5729228686987233,0.24412241775329835
235,MLR+RF,0.7901433538138211,0.5754628302252895,0.2146805235885315
235,TabM,0.7848741379843763,0.5621220120003763,0.22275212598400007
235,RF,0.6944223627844284,0.6117222987545811,0.08270006402984731
236,MLR,0.8101354412758311,0.5750513486822859,0.23508409259354524
236,MLR+RF,0.8119320779808682,0.5203340618502532,0.291598016130615
236,TabM,0.8044686631640957,0.5977614886402601,0.20670717452383558
236,RF,0.8382457952482053,0.5765501621174677,0.2616956331307376
237,MLR,0.8138303503021168,0.5607580893962267,0.2530722609058901
237,MLR+RF,0.8208954631277093,0.5763770408615597,0.24451842226614962
237,TabM,0.8496355163960262,0.599644092368957,0.2499914240270692
237,RF,0.7539863961308613,0.5813756633775916,0.17261073275326966
238,MLR,0.8284702920212155,0.5360336878388721,0.2924366041823434
238,MLR+RF,0.8243749573824021,0.5353288391992067,0.28904611818319537
238,TabM,0.8137501935253679,0.527424219142848,0.28632597438251994
238,RF,0.7245717221213513,0.5499279950615286,0.17464372705982278
239,MLR,0.7696072620255044,0.6196207654882375,0.14998649653726692
239,MLR+RF,0.7844359791283976,0.6186390848133267,0.16579689431507083
239,TabM,0.7412001489559092,0.5535273362481146,0.18767281270779468
239,RF,0.8432383513555677,0.6350129491613842,0.2082254021941835
240,MLR,0.7920318062126341,0.5572142348200159,0.23481757139261827
240,MLR+RF,0.8116813659973047,0.5419957724750406,0.26968559352226407
240,TabM,0.9116033547898018,0.5843231519416593,0.3272802028481425
240,RF,0.8402398120200495,0.6088749856338406,0.23136482638620892
241,MLR,0.8373532364230916,0.642241162287569,0.19511207413552256
241,MLR+RF,0.824268818672985,0.6148393335289426,0.20942948514404236
241,TabM,0.8035463556178206,0.5760332414842817,0.22751311413353892
241,RF,0.7399408670270657,0.6051963052193945,0.13474456180767125
242,MLR,0.7270021969697555,0.5677323216655695,0.15926987530418601
242,MLR+RF,0.7225946951125886,0.5168573166622343,0.20573737845035422
242,TabM,0.7121551671843506,0.5537510248627452,0.15840414232160538
242,RF,0.7855201324275836,0.5711443003370892,0.21437583209049438
243,MLR,0.8764920287631123,0.6397749635329733,0.23671706523013902
243,MLR+RF,0.8561286091576182,0.5524181804596687,0.3037104286979495
243,TabM,0.9179082486485023,0.616282240346199,0.30162600830230324
243,RF,0.7267690041650172,0.5586900331226902,0.16807897104232705
244,MLR,0.9074530490664805,0.5385300529581756,0.3689229961083049
244,MLR+RF,0.8574544333416502,0.49653215209856544,0.36092228124308473
244,TabM,0.8496894468667797,0.5764630982855714,0.2732263485812083
244,RF,0.8059096321377692,0.5278028458059743,0.278106786331795
245,MLR,0.7447833109999924,0.5661815838841187,0.17860172711587374
245,MLR+RF,0.7634821467372429,0.5690706111241922,0.1944115356130507
245,TabM,0.7635273420182586,0.5270103119858334,0.2365170300324252
245,RF,0.7045882804851088,0.6210769247332117,0.08351135575189705
246,MLR,0.8131543572675709,0.6007774703626891,0.21237688690488177
246,MLR+RF,0.7895436055907674,0.5336873031561065,0.25585630243466095
246,TabM,0.8895284928945668,0.6034325324177157,0.28609596047685115
246,RF,0.7608704971782807,0.5441145342084501,0.21675596296983057
247,MLR,0.7718186098801281,0.5845795872517084,0.18723902262841963
247,MLR+RF,0.846236271822574,0.6006481747263401,0.24558809709623386
247,TabM,0.7101872349402563,0.5678542868140266,0.14233294812622965
247,RF,0.8673506244706566,0.6519317927085545,0.21541883176210208
248,MLR,0.7519104908983123,0.5387482804772771,0.21316221042103523
248,MLR+RF,0.6951787243099432,0.5115047460892498,0.18367397822069342
248,TabM,0.743392887995275,0.5125824033409235,0.2308104846543515
248,RF,0.6879538350102218,0.548435234823596,0.13951860018662576
249,MLR,0.8241885163888489,0.5728024954311158,0.2513860209577331
249,MLR+RF,0.8370054177996481,0.548899510953456,0.2881059068461921
249,TabM,0.9253246291282475,0.5985505039714929,0.32677412515675464
249,RF,0.8386766760958887,0.5392304295441729,0.2994462465517158
250,MLR,0.785877648809775,0.5899835522104494,0.19589409659932555
250,MLR+RF,0.8146738269374648,0.6024810754440926,0.21219275149337224
250,TabM,0.7432607386803503,0.5674015644757104,0.1758591742046398
250,RF,0.7259561619867614,0.6294247672301245,0.09653139475663686
251,MLR,0.8604021195427234,0.6619899959543531,0.19841212358837024
251,MLR+RF,0.8143557761951219,0.5292315387601854,0.28512423743493653
251,TabM,0.7669896777303256,0.5775263914134964,0.18946328631682918
251,RF,0.740945224249193,0.5368774556763084,0.20406776857288456
252,MLR,0.7410669124606089,0.5301019244487156,0.21096498801189323
252,MLR+RF,0.7477314033535768,0.4962845068887398,0.251446896464837
252,TabM,0.742070464372777,0.5112270601152569,0.23084340425752015
252,RF,0.6964448749005285,0.5600070032574108,0.13643787164311771
253,MLR,0.8695841618899085,0.5792627041910657,0.29032145769884277
253,MLR+RF,0.7708864872630157,0.6002014342481545,0.17068505301486114
253,TabM,0.753217385461276,0.5749393615363708,0.17827802392490522
253,RF,0.7983640671437204,0.5874509030494092,0.21091316409431127
254,MLR,0.8484748591785432,0.6066324093262536,0.24184244985228953
254,MLR+RF,0.7591740974054871,0.5407475431005357,0.2184265543049514
254,TabM,0.9881386193462038,0.6560689922005862,0.3320696271456176
254,RF,0.6933914803284438,0.5473575138766306,0.1460339664518132
255,MLR,0.9356975284244393,0.5899009807932317,0.3457965476312076
255,MLR+RF,0.8505923236861384,0.5791039741380016,0.2714883495481367
255,TabM,0.9948892437997903,0.6049488090287412,0.3899404347710491
255,RF,0.8682427433352456,0.655598532563348,0.21264421077189766
256,MLR,0.8226132609811808,0.6238046651386036,0.19880859584257726
256,MLR+RF,0.7999491568640335,0.5443329697651785,0.2556161870988549
256,TabM,0.7985174968329208,0.5582790344236659,0.24023846240925495
256,RF,0.7401041160708675,0.5597323514365802,0.18037176463428728
257,MLR,0.7166744725205636,0.6044986080723986,0.11217586444816496
257,MLR+RF,0.869451427384151,0.5297960805601591,0.3396553468239919
257,TabM,0.7390915924387551,0.5473210422388388,0.1917705501999163
257,RF,0.7042447742799025,0.5742969102292388,0.12994786405066372
258,MLR,0.8013296244791461,0.5847844439878765,0.21654518049126958
258,MLR+RF,0.7374095832077366,0.5018922900496405,0.2355172931580961
258,TabM,0.7276946302170528,0.5377180900107038,0.18997654020634902
258,RF,0.8098243600848549,0.5755692851389577,0.23425507494589726
259,MLR,0.8582021274617515,0.6196789826336311,0.23852314482812043
259,MLR+RF,0.829024874552968,0.5554161757325943,0.27360869882037375
259,TabM,0.9674193878794921,0.5767357209938209,0.39068366688567124
259,RF,0.7975777340688857,0.5363405802696184,0.26123715379926726
260,MLR,0.8423991823064846,0.5729418952487394,0.2694572870577452
260,MLR+RF,0.8580262888907101,0.5558960438049869,0.30213024508572317
260,TabM,0.8784193307788332,0.6308055752453406,0.24761375553349252
260,RF,0.7951007759446297,0.5673041402712611,0.2277966356733686
261,MLR,0.9191599064023082,0.5581463573345545,0.3610135490677536
261,MLR+RF,0.8477907785684037,0.5481801832022308,0.29961059536617285
261,TabM,0.922675469115593,0.5654685931618654,0.3572068759537276
261,RF,0.8260474847345015,0.596288603056061,0.2297588816784405
262,MLR,0.7829164533061284,0.6015516482502603,0.18136480505586805
262,MLR+RF,0.7347012522179983,0.5506225899198631,0.1840786622981352
262,TabM,0.6791173361985723,0.5348451942208166,0.14427214197775573
262,RF,0.6816938157101098,0.5520179903322737,0.12967582537783606
263,MLR,0.7631518172139787,0.5943043760525764,0.16884744116140238
263,MLR+RF,0.8353008149651538,0.6237148835443806,0.2115859314207732
263,TabM,0.7952769305068613,0.5656551959101299,0.2296217345967314
263,RF,0.8216551024681584,0.6498661889887065,0.1717889134794519
264,MLR,0.7602354570456552,0.5700905980336348,0.19014485901202038
264,MLR+RF,0.7806013935531421,0.5235556449604535,0.2570457485926886
264,TabM,0.8082930131177053,0.549490805622533,0.25880220749517224
264,RF,0.7486450931944462,0.594363335016229,0.1542817581782172
265,MLR,0.7308936971272274,0.5449063512334293,0.18598734589379806
265,MLR+RF,0.8346482480930287,0.564501511132562,0.27014673696046676
265,TabM,0.7663932142805283,0.549836218745075,0.21655699553545327
265,RF,0.7677742189287069,0.5767713825139617,0.19100283641474525
266,MLR,0.9029594492153312,0.6511319591378507,0.2518274900774805
266,MLR+RF,0.8083751666740944,0.5831330648593354,0.225242101814759
266,TabM,0.9201261453626179,0.6108931533837756,0.30923299197884235
266,RF,0.8290375108106566,0.6160000371650667,0.2130374736455899
267,MLR,0.8489682292005079,0.5654252150088266,0.28354301419168126
267,MLR+RF,0.8026474265992704,0.48866502760356173,0.3139823989957086
267,TabM,0.8012963484038926,0.575051916005439,0.2262444323984536
267,RF,0.6978664343001317,0.5508278724779267,0.14703856182220498
268,MLR,0.7699679792507061,0.6351557292121437,0.13481225003856245
268,MLR+RF,0.7735978025425898,0.5857724604696085,0.1878253420729813
268,TabM,0.7988923728979025,0.6050113162927421,0.19388105660516042
268,RF,0.8188434746354192,0.568080392442294,0.25076308219312515
269,MLR,0.7318301361789034,0.5681429253105087,0.16368721086839466
269,MLR+RF,0.7134602704848274,0.5418910463354337,0.17156922414939368
269,TabM,0.7443937113978063,0.534658887982104,0.20973482341570227
269,RF,0.7537071177777798,0.6059364036839415,0.14777071409383824
270,MLR,0.8516621476980274,0.5952080066450213,0.2564541410530061
270,MLR+RF,0.8329106777342423,0.527542100442601,0.30536857729164135
270,TabM,0.8584500874312037,0.5457337606949055,0.3127163267362981
270,RF,0.8023288416128076,0.5535806310544508,0.24874821055835683
271,MLR,0.8191303835704821,0.6154629424209163,0.2036674411495658
271,MLR+RF,0.733335873814583,0.5603075098271046,0.17302836398747834
271,TabM,0.8661672708171092,0.6198760134254564,0.2462912573916528
271,RF,0.7399155442824739,0.5962388089545704,0.14367673532790348
272,MLR,0.723518642729588,0.5838315872283325,0.13968705550125549
272,MLR+RF,0.789362931205428,0.6199924339066462,0.16937049729878184
272,TabM,0.7970288736102611,0.5734290232819288,0.2235998503283323
272,RF,0.7561981383874313,0.6598747059517586,0.09632343243567276
273,MLR,0.858295993628369,0.5981646320267607,0.2601313616016082
273,MLR+RF,0.8713616123833134,0.5134983427635051,0.3578632696198083
273,TabM,0.8816226166419415,0.5812267962749366,0.30039582036700496
273,RF,0.6602509405123747,0.5168087169420701,0.14344222357030456
274,MLR,0.8489611853381825,0.5666995955570358,0.2822615897811468
274,MLR+RF,0.7964464299446408,0.5312785305942035,0.2651678993504373
274,TabM,0.7933896342636532,0.5648372104534515,0.2285524238102017
274,RF,0.7524144372767301,0.5856685047719236,0.16674593250480652
275,MLR,0.7301816911373833,0.5829265001535295,0.14725519098385376
275,MLR+RF,0.8110868331137013,0.5622035321902781,0.24888330092342326
275,TabM,0.7798476290512387,0.5331687365852058,0.24667889246603292
275,RF,0.7425860097898327,0.5352189112478432,0.20736709854198954
276,MLR,0.8019508114350411,0.5622894792680889,0.23966133216695218
276,MLR+RF,0.7342704394621415,0.5343209890093473,0.19994945045279422
276,TabM,0.7474739383444376,0.5674484331114772,0.18002550523296046
276,RF,0.7369366389750562,0.5464119167850899,0.1905247221899663
277,MLR,0.735866299513678,0.5940001753226386,0.1418661241910394
277,MLR+RF,0.6801314047579434,0.5085887430750563,0.17154266168288712
277,TabM,0.7557384619832191,0.5518833924285033,0.20385506955471588
277,RF,0.7019210470050744,0.5377288520994752,0.16419219490559922
278,MLR,0.6455477522575329,0.5473527125259454,0.0981950397315875
278,MLR+RF,0.8262673686914281,0.5119767467476256,0.31429062194380253
278,TabM,0.6096533696819081,0.5227687608558652,0.08688460882604288
278,RF,0.7479541602810911,0.5515354404797822,0.19641871980130887
279,MLR,0.8142351348257262,0.5778504128448937,0.2363847219808325
279,MLR+RF,0.8079711065195769,0.6067219494600052,0.2012491570595717
279,TabM,0.7982176397340761,0.5728306520579363,0.22538698767613985
279,RF,0.7742654945960908,0.6547294647064063,0.11953602988968459
280,MLR,0.8913044170061232,0.6083693781298033,0.2829350388763199
280,MLR+RF,0.8589330809122737,0.5264555577936805,0.33247752311859324
280,TabM,0.9344945480682973,0.5880338235651384,0.3464607245031589
280,RF,0.8537572986230535,0.5925337139739494,0.2612235846491041
281,MLR,0.9628129323037999,0.6521160155876926,0.31069691671610733
281,MLR+RF,0.8496370668993065,0.6467246190256033,0.20291244787370322
281,TabM,0.9633075792667094,0.649006914009873,0.3143006652568364
281,RF,0.831139767672157,0.5892770573229082,0.24186271034924878
282,MLR,0.8353061418229341,0.5689340841550966,0.26637205766783745
282,MLR+RF,0.7779880837875657,0.5205935527324842,0.2573945310550815
282,TabM,0.8362185863541841,0.5785061499818915,0.2577124363722926
282,RF,0.7418111094686947,0.5671663665904602,0.1746447428782345
283,MLR,0.871585363859189,0.6011463062442698,0.27043905761491926
283,MLR+RF,0.8537890859452322,0.5613011199509901,0.2924879659942421
283,TabM,0.903188141004429,0.5820746880287819,0.3211134529756471
283,RF,0.8192199465999044,0.5894795032302542,0.22974044336965016
284,MLR,0.77294676499414,0.5499353440038759,0.22301142099026405
284,MLR+RF,0.7156375866213514,0.512385365476155,0.20325222114519637
284,TabM,0.775230033734734,0.5655342011094642,0.2096958326252698
284,RF,0.668197266611347,0.5151792731217009,0.15301799348964618
285,MLR,0.787653479293747,0.6181511857238272,0.16950229356991975
285,MLR+RF,0.7444618891131758,0.5949046254783231,0.14955726363485267
285,TabM,0.8037096821787121,0.5796617705044826,0.22404791167422944
285,RF,0.7943053150457822,0.6040495190341414,0.19025579601164078
286,MLR,0.7708489660103598,0.5268948186757648,0.24395414733459497
286,MLR+RF,0.8129211290700078,0.49425411039120415,0.31866701867880365
286,TabM,0.7258041508543084,0.5279603126274781,0.19784383822683027
286,RF,0.7647257198441155,0.5664017816287327,0.19832393821538286
287,MLR,0.8580493950236678,0.6626852034022316,0.19536419162143626
287,MLR+RF,0.867744991179416,0.6195033113674774,0.24824167981193856
287,TabM,0.8643955984281158,0.6274399731527736,0.2369556252753422
287,RF,0.7285673453628981,0.6173320887980898,0.11123525656480837
288,MLR,0.6846427322215951,0.6291586956031419,0.05548403661845325
288,MLR+RF,0.825134823772895,0.6025735389172094,0.2225612848556856
288,TabM,0.7690837920647671,0.5648744499946541,0.204209342070113
288,RF,0.7942212394896958,0.5951770390305461,0.19904420045914972
289,MLR,0.9049256118587677,0.6609791438871608,0.2439464679716069
289,MLR+RF,0.7428697550365824,0.5481782578832236,0.19469149715335876
289,TabM,0.9638941055019523,0.5812039266700828,0.3826901788318695
289,RF,0.6950151968507248,0.5592293199551661,0.13578587689555865
290,MLR,0.7385566170632125,0.5632344993126988,0.17532211775051376
290,MLR+RF,0.8200633485426692,0.5220391518351872,0.2980241967074819
290,TabM,0.8432234717339128,0.5819761568590771,0.26124731487483566
290,RF,0.7937171783326727,0.5540895449853503,0.2396276333473224
291,MLR,0.7241386754344911,0.5812151276377094,0.14292354779678162
291,MLR+RF,0.8192041657403375,0.5755724937811919,0.2436316719591456
291,TabM,0.7904858064229678,0.5385510231834704,0.2519347832394975
291,RF,0.7513272429932605,0.5995960569962611,0.15173118599699942
292,MLR,0.9378833695742687,0.5612815493582508,0.37660182021601785
292,MLR+RF,0.8780081806948243,0.555168341141049,0.3228398395537754
292,TabM,0.9333257521052557,0.6122534896387185,0.3210722624665372
292,RF,0.847171381711137,0.5661045976046891,0.2810667841064479
293,MLR,0.741600724731565,0.5475370356363598,0.19406368909520522
293,MLR+RF,0.6852970642434203,0.5236822442835164,0.1616148199599039
293,TabM,0.7301396003372866,0.5591639883098912,0.17097561202739542
293,RF,0.7032178089055723,0.5859368430429579,0.11728096586261438
294,MLR,0.7378017721709558,0.5598069962152087,0.1779947759557471
294,MLR+RF,0.753339209707443,0.5536402563683857,0.1996989533390573
294,TabM,0.7535798500516506,0.56098049875677,0.1925993512948806
294,RF,0.6839020265482701,0.5371274481989574,0.14677457834931273
295,MLR,0.6718611865907796,0.5628572036314837,0.10900398295929592
295,MLR+RF,0.7580335111986736,0.5197657652740436,0.23826774592462996
295,TabM,0.6820209582428295,0.5400684272002578,0.14195253104257166
295,RF,0.7682754106632284,0.5641185290505422,0.2041568816126862
296,MLR,0.734925917886303,0.6166716916932583,0.11825422619304471
296,MLR+RF,0.8280178140245754,0.6089203755871182,0.21909743843745721
296,TabM,0.7893763420346868,0.5725108542415766,0.2168654877931102
296,RF,0.7777083679139521,0.6342785543593928,0.1434298135545593
297,MLR,0.8837122421458794,0.6186992876387438,0.2650129545071356
297,MLR+RF,0.7471745370830983,0.5003904133073139,0.2467841237757844
297,TabM,0.87855220359936,0.5751633136353753,0.3033888899639847
297,RF,0.7151004167710033,0.5561262410205811,0.15897417575042228
298,MLR,0.9238278086686648,0.5821150064254401,0.34171280224322464
298,MLR+RF,0.8061331971135126,0.5577812810772109,0.2483519160363017
298,TabM,0.9013692514853174,0.6000132356898891,0.30135601579542837
298,RF,0.7862259695561423,0.572131437544165,0.21409453201197737
299,MLR,0.7957344296528607,0.5872575883349778,0.2084768413178829
299,MLR+RF,0.8305026662219159,0.6026534647953679,0.22784920142654808
299,TabM,0.8694866709238536,0.605614248437451,0.2638724224864025
299,RF,0.8248914955542366,0.6284040852790342,0.19648741027520233
300,MLR,0.8871402397463051,0.5471351051477691,0.340005134598536
300,MLR+RF,0.8195734250528207,0.5378304603665953,0.2817429646862254
300,TabM,0.8999236614683505,0.5532751060552982,0.3466485554130523
300,RF,0.8087072483576426,0.5284964228771841,0.2802108254804585
301,MLR,0.8652912423035669,0.6139060913880898,0.2513851509154771
301,MLR+RF,0.7835844956319661,0.5187499651309501,0.264834530501016
301,TabM,0.8173656444850063,0.5593276757226745,0.25803796876233176
301,RF,0.6816826356899873,0.5440011130276807,0.1376815226623066
302,MLR,0.7982954585069216,0.565089310134515,0.2332061483724066
302,MLR+RF,0.7508091687405316,0.5159191746977372,0.23488999404279443
302,TabM,0.8047838265562908,0.5821760569706319,0.22260776958565887
302,RF,0.7716353863059611,0.5747517165179992,0.1968836697879619
303,MLR,0.8185481002836522,0.5516705606777504,0.26687753960590177
303,MLR+RF,0.8277756888785723,0.5503266795276636,0.27744900935090877
303,TabM,0.7521553951261671,0.597088735722296,0.1550666594038711
303,RF,0.7820191648546867,0.5906965122598103,0.19132265259487635
304,MLR,0.7429554335222455,0.5959405452460351,0.14701488827621034
304,MLR+RF,0.7807837963022366,0.564404037606078,0.21637975869615855
304,TabM,0.7570985025164101,0.557559539042743,0.19953896347366706
304,RF,0.7515846569125633,0.5434978348247922,0.20808682208777107
305,MLR,0.8227501095046645,0.64677852556192,0.1759715839427446
305,MLR+RF,0.7877797256048921,0.6184010480362307,0.16937867756866132
305,TabM,0.864863798640077,0.5976520062714505,0.26721179236862647
305,RF,0.7810168813507645,0.651680939104842,0.12933594224592249
306,MLR,0.8356462456136502,0.5658877593474119,0.26975848626623833
306,MLR+RF,0.8316739233542496,0.55572396054709,0.27594996280715967
306,TabM,0.8323399632010324,0.554156679080264,0.2781832841207684
306,RF,0.6288722903351034,0.548089558677726,0.08078273165737737
307,MLR,0.7701573397483131,0.5978373886770174,0.17231995107129572
307,MLR+RF,0.8191268180273781,0.5605472413236162,0.25857957670376186
307,TabM,0.7407981969847596,0.5375680300886327,0.20323016689612683
307,RF,0.7279007415402639,0.5674511238204976,0.1604496177197663
308,MLR,0.8150672661443988,0.5811924541743652,0.23387481197003368
308,MLR+RF,0.7631575537253192,0.5165328010226781,0.24662475270264117
308,TabM,0.7933547615181484,0.5552854887802278,0.23806927273792067
308,RF,0.7197094105743775,0.6292336602355619,0.09047575033881561
309,MLR,0.9446264349332414,0.6025865848181732,0.3420398501150682
309,MLR+RF,0.8444963837896748,0.6557011432948282,0.18879524049484664
309,TabM,0.9543841021196519,0.6602918119141559,0.294092290205496
309,RF,0.8599013290186373,0.6779204853685464,0.18198084365009082
310,MLR,0.8749916956594131,0.645314603059997,0.22967709259941615
310,MLR+RF,0.7172287894272315,0.5252047187799086,0.19202407064732285
310,TabM,0.8864722936680015,0.599810584771935,0.28666170889606646
310,RF,0.7235820421021119,0.5500019953197485,0.17358004678236338
311,MLR,0.7443855593982394,0.5469157344743376,0.19746982492390175
311,MLR+RF,0.7391578142692226,0.4978005169774761,0.24135729729174643
311,TabM,0.6521854173383226,0.5266073656484073,0.12557805168991532
311,RF,0.699350752174811,0.5195065343575798,0.17984421781723126
312,MLR,0.784006818785945,0.6039739931541152,0.18003282563182987
312,MLR+RF,0.8578742641587274,0.6099678412216311,0.2479064229370963
312,TabM,0.7900716512094133,0.5719201453652093,0.21815150584420395
312,RF,0.7761934492593375,0.5930028155467697,0.18319063371256783
313,MLR,0.9099841969446462,0.6358300163460582,0.274154180598588
313,MLR+RF,0.7311459388692714,0.5136967129830313,0.21744922588624005
313,TabM,0.9127520912893701,0.6150985328453752,0.2976535584439949
313,RF,0.7067777209876467,0.5376129737389854,0.16916474724866126
314,MLR,0.8939172613309952,0.5624410477609592,0.3314762135700361
314,MLR+RF,0.8234906870214787,0.5760093547951239,0.2474813322263547
314,TabM,0.9018097787850484,0.55544212023721,0.34636765854783846
314,RF,0.8330555101373887,0.6117499757800253,0.22130553435736333
315,MLR,0.8535050905585341,0.589573390278984,0.26393170027955004
315,MLR+RF,0.7212920351803871,0.5531606922542083,0.16813134292617882
315,TabM,0.9053553987256444,0.6380774309511378,0.26727796777450663
315,RF,0.756927911289498,0.5767128882207981,0.18021502306869985
316,MLR,0.8274765460493942,0.5638732405111423,0.26360330553825195
316,MLR+RF,0.7603903657907358,0.5472967812529261,0.2130935845378097
316,TabM,0.8220324015922812,0.5312039271825243,0.2908284744097569
316,RF,0.7511533729815734,0.5691103486229289,0.1820430243586445
317,MLR,0.6915529322870889,0.571079660059575,0.12047327222751392
317,MLR+RF,0.8195638489329364,0.5304156770715647,0.28914817186137176
317,TabM,0.6936898377005883,0.5420127546244289,0.15167708307615946
317,RF,0.6756641047265244,0.5823550402583254,0.09330906446819898
318,MLR,0.6590783951340854,0.5759769229987695,0.08310147213531593
318,MLR+RF,0.7787423412483903,0.5164570696174565,0.26228527163093374
318,TabM,0.6350838904822952,0.5324002716430168,0.10268361883927835
318,RF,0.7844786510114604,0.5288190229206734,0.255659628090787
319,MLR,0.6982006216819028,0.6000848276394598,0.09811579404244297
319,MLR+RF,0.7759540356205358,0.5375984170950628,0.23835561852547293
319,TabM,0.8195104031185232,0.5709063938507963,0.24860400926772686
319,RF,0.7264613924877001,0.5688884603877704,0.15757293209992973
320,MLR,0.7510634361675879,0.5528610975503115,0.19820233861727632
320,MLR+RF,0.7549371518655319,0.548537438744764,0.20639971312076788
320,TabM,0.7915137855614331,0.5392695445910726,0.2522442409703606
320,RF,0.8183494104201399,0.5890662058397033,0.2292832045804366
321,MLR,0.7718364989181953,0.5533718513035306,0.21846464761466466
321,MLR+RF,0.8295376520369414,0.5168351940982616,0.3127024579386798
321,TabM,0.8074842371021058,0.5093850571142108,0.29809917998789504
321,RF,0.7478084827559188,0.5293307518331362,0.21847773092278266
322,MLR,0.9573445085851654,0.6714950932074478,0.2858494153777176
322,MLR+RF,0.8525640201435459,0.6393290758933785,0.21323494425016742
322,TabM,1.0031960207310249,0.6880817250776838,0.31511429565334104
322,RF,0.8317629282538994,0.6659021325809866,0.1658607956729128
323,MLR,0.7404288115529079,0.5686377685996771,0.17179104295323078
323,MLR+RF,0.7514628250898843,0.5337727965927511,0.21769002849713315
323,TabM,0.789266573560115,0.5558547133939561,0.2334118601661589
323,RF,0.7624486145902067,0.595992763766025,0.1664558508241818
324,MLR,0.8569755868189985,0.5812362500723695,0.2757393367466291
324,MLR+RF,0.772152089086761,0.5637288959992905,0.20842319308747048
324,TabM,0.8995112072080919,0.598441634700555,0.30106957250753685
324,RF,0.7643489927334539,0.5942924333136905,0.1700565594197634
325,MLR,0.8312030181164176,0.5828761166451866,0.24832690147123104
325,MLR+RF,0.7094344511377902,0.5029676923747076,0.20646675876308263
325,TabM,0.7654611106127684,0.555357289651695,0.2101038209610735
325,RF,0.6996885009108568,0.566570711799155,0.1331177891117018
326,MLR,0.7787483399835075,0.6041793024979467,0.17456903748556074
326,MLR+RF,0.8129858668181514,0.6048664344474802,0.2081194323706712
326,TabM,0.7850222030138849,0.5973066068018493,0.1877155962120356
326,RF,0.7369267087539608,0.6001307052111678,0.13679600354279298
327,MLR,0.9366653759035302,0.6286198585151808,0.3080455173883494
327,MLR+RF,0.8519719607160866,0.5637921032814432,0.28817985743464336
327,TabM,0.9014003511095834,0.6138840129020086,0.28751633820757483
327,RF,0.8121776096209192,0.5622626192038758,0.24991499041704346
328,MLR,0.7017845927639539,0.5812447860506005,0.1205398067133534
328,MLR+RF,0.755186707276041,0.5186410307721085,0.23654567650393243
328,TabM,0.7719361392413876,0.5317621113440878,0.2401740278972998
328,RF,0.7040242820144947,0.5424676027509653,0.16155667926352946
329,MLR,0.7869351663864737,0.5461631906115372,0.24077197577493648
329,MLR+RF,0.8227775344452727,0.563395031383826,0.2593825030614467
329,TabM,0.8046253373251894,0.5308429374840387,0.2737823998411507
329,RF,0.8187946916987738,0.5993361971230718,0.219458494575702
330,MLR,0.8176186413840579,0.6461367516005949,0.17148188978346302
330,MLR+RF,0.8129908953108897,0.564115900054516,0.2488749952563738
330,TabM,0.8388323715813741,0.609456945610792,0.22937542597058214
330,RF,0.7457358443497706,0.575400647731799,0.17033519661797158
331,MLR,0.8496321575436928,0.6244240220586872,0.22520813548500562
331,MLR+RF,0.8038881894036396,0.6057551067894562,0.1981330826141834
331,TabM,0.8316275165775748,0.6088754358003479,0.22275208077722697
331,RF,0.7431753862742096,0.6027783859010432,0.1403970003731665
332,MLR,0.7008222292777975,0.5432340869187586,0.15758814235903884
332,MLR+RF,0.7886489402092055,0.5209732189222096,0.2676757212869959
332,TabM,0.7168763913693591,0.5190768164758044,0.1977995748935547
332,RF,0.6484012393533002,0.5193400302991855,0.12906120905411467
333,MLR,0.7720741335061864,0.5521816236474052,0.21989250985878117
333,MLR+RF,0.7697115980134052,0.50445025959679,0.26526133841661514
333,TabM,0.8106472098598017,0.5731968065530677,0.23745040330673395
333,RF,0.7148478921991874,0.5686755662099426,0.1461723259892448
334,MLR,0.8454128118934442,0.6023394300388838,0.2430733818545604
334,MLR+RF,0.8143478136064252,0.5926359911858397,0.2217118224205855
334,TabM,0.9039370981721019,0.5781381363276441,0.3257989618444578
334,RF,0.8807850469250207,0.6311150708800863,0.24966997604493435
335,MLR,0.7462336781702358,0.5659673320227087,0.18026634614752712
335,MLR+RF,0.7909053565755297,0.5132772621593179,0.27762809441621183
335,TabM,0.8344394590756855,0.5372052678610584,0.29723419121462713
335,RF,0.7255616735358716,0.5670892440104669,0.15847242952540475
336,MLR,0.7840808127860934,0.573014701904147,0.21106611088194638
336,MLR+RF,0.8053814053695652,0.5370453778564939,0.2683360275130713
336,TabM,0.750280786063391,0.545913072493753,0.204367713569638
336,RF,0.7492444801969359,0.5935560583030672,0.15568842189386867
337,MLR,0.916315895672458,0.5933152298903299,0.32300066578212805
337,MLR+RF,0.7919512227854612,0.5203683727083553,0.2715828500771058
337,TabM,0.9331095027511416,0.6113672572261546,0.321742245524987
337,RF,0.7141021962384012,0.5609015616559047,0.15320063458249655
338,MLR,0.8645024347951806,0.598212176641306,0.26629025815387464
338,MLR+RF,0.8175912304890203,0.6122352341533713,0.20535599633564894
338,TabM,0.8342837211790753,0.5891232650908999,0.2451604560881755
338,RF,0.819776748285193,0.6263444956835889,0.19343225260160413
339,MLR,0.8129549647454122,0.5586345259385472,0.25432043880686495
339,MLR+RF,0.7018907946767468,0.5165297268790403,0.18536106779770645
339,TabM,0.8777481042051427,0.5983809940575364,0.2793671101476063
339,RF,0.7758690546369922,0.517658954466055,0.25821010017093715
340,MLR,0.771637448160985,0.6089637641012824,0.16267368405970262
340,MLR+RF,0.8103629788560371,0.6262167045884488,0.18414627426758834
340,TabM,0.8138695428409648,0.5910575194608148,0.22281202338015005
340,RF,0.8260183299591094,0.6374091007981499,0.18860922916095946
341,MLR,0.7196306079538021,0.579964958241673,0.13966564971212903
341,MLR+RF,0.7306810007221884,0.493706172422605,0.23697482829958344
341,TabM,0.64014600726276,0.5198137118114966,0.12033229545126345
341,RF,0.660766870852883,0.5186895089795576,0.14207736187332543
342,MLR,0.6585887043008632,0.5358882212535372,0.12270048304732606
342,MLR+RF,0.7104955861996345,0.520376281770595,0.19011930442903946
342,TabM,0.692720431203685,0.5131648230974254,0.1795556081062596
342,RF,0.7322237353970777,0.576688066674799,0.15553566872227875
343,MLR,0.8544302351936773,0.5977538693333742,0.2566763658603032
343,MLR+RF,0.8112185293300033,0.5497866091780284,0.2614319201519749
343,TabM,0.8522655710965812,0.5739900202629244,0.27827555083365674
343,RF,0.8435526629659198,0.6004573494630335,0.24309531350288627
344,MLR,0.8219401912560964,0.614379388975918,0.20756080228017837
344,MLR+RF,0.7967734074934785,0.5309883558305697,0.2657850516629088
344,TabM,0.9143766083133981,0.592567502391812,0.32180910592158607
344,RF,0.6858247592480441,0.5272314366930713,0.15859332255497283
345,MLR,0.7635439805763917,0.5447829748586118,0.2187610057177799
345,MLR+RF,0.7969575339173167,0.5021241223658257,0.294833411551491
345,TabM,0.6784356389293268,0.5456128459443185,0.13282279298500832
345,RF,0.8399002141879968,0.5824687461116965,0.25743146807630024
346,MLR,0.9294850295120354,0.6494924285266913,0.27999260098534406
346,MLR+RF,0.8670151168177831,0.64539876572637,0.2216163510914131
346,TabM,0.9388824321154856,0.6288695406624877,0.31001289145299793
346,RF,0.7723875486205978,0.5941595157486946,0.17822803287190314
347,MLR,0.8398201735193151,0.5706098985346354,0.26921027498467975
347,MLR+RF,0.8360717084367614,0.5468073574172686,0.28926435101949277
347,TabM,0.8534019099005966,0.6007180255983275,0.25268388430226907
347,RF,0.6732131004046228,0.5655115455810598,0.10770155482356303
348,MLR,0.8405397702296955,0.6712429575765095,0.16929681265318597
348,MLR+RF,0.8068346285286802,0.5371736390902003,0.2696609894384798
348,TabM,0.8333938581095581,0.5940663859400054,0.23932747216955275
348,RF,0.7087407152633006,0.5636080863634739,0.1451326288998267
349,MLR,0.7040072807135941,0.5333654172247901,0.17064186348880395
349,MLR+RF,0.705552831212508,0.4959514206319202,0.2096014105805878
349,TabM,0.6857867520309493,0.5089573660072632,0.17682938602368614
349,RF,0.658606269100493,0.5206671127147473,0.13793915638574572
350,MLR,0.7941782376235705,0.5701271086430053,0.22405112898056523
350,MLR+RF,0.8042063810819615,0.5790992016345627,0.22510717944739878
350,TabM,0.7545476922716278,0.548486219195732,0.20606147307589573
350,RF,0.7744076242667692,0.5781568165395863,0.19625080772718295
351,MLR,0.8316736688601137,0.5832999829589077,0.248373685901206
351,MLR+RF,0.8036218314085661,0.5311035730447208,0.27251825836384536
351,TabM,0.8437483987486387,0.5729238154710655,0.2708245832775732
351,RF,0.7600757181163451,0.5915523525598168,0.16852336555652836
352,MLR,0.7964691655079341,0.57347445672331,0.22299470878462413
352,MLR+RF,0.8101751296747322,0.6089023582690729,0.20127277140565925
352,TabM,0.8286238762321834,0.5702488208003232,0.2583750554318601
352,RF,0.8620724832094583,0.6599681659554673,0.20210431725399103
353,MLR,0.9173469313558432,0.6061693310937506,0.3111776002620926
353,MLR+RF,0.8351217673260432,0.5393626353767799,0.2957591319492633
353,TabM,1.0017441194172645,0.6256560783873117,0.37608804102995275
353,RF,0.7942832563685047,0.5450363462951267,0.24924691007337807
354,MLR,0.7829431879046024,0.5959709281735454,0.18697225973105702
354,MLR+RF,0.7639983862569188,0.5646684945856174,0.19932989167130144
354,TabM,0.8294039521638212,0.5667862883198379,0.26261766384398333
354,RF,0.6943112121740038,0.5602728344454201,0.13403837772858374
355,MLR,0.8313899432534667,0.5304663281883695,0.30092361506509724
355,MLR+RF,0.8826218782189094,0.5338894009111751,0.34873247730773427
355,TabM,0.8057649694675787,0.5415012263722419,0.26426374309533684
355,RF,0.8439517613557936,0.5618030574096721,0.28214870394612157
356,MLR,0.8005453559476005,0.611138528643055,0.1894068273045455
356,MLR+RF,0.8176726233293963,0.5988472851453763,0.21882533818401995
356,TabM,0.8154405525178208,0.5698051246654263,0.24563542785239445
356,RF,0.8461992671554449,0.6380856769840104,0.2081135901714345
357,MLR,0.82311714740482,0.5913488450470916,0.23176830235772838
357,MLR+RF,0.7876297613468609,0.5552582677664124,0.2323714935804485
357,TabM,0.8042843088747964,0.5773504130311181,0.2269338958436783
357,RF,0.7875568884355847,0.5721585413270951,0.2153983471084896
358,MLR,0.8108137434896593,0.6015007757515012,0.2093129677381581
358,MLR+RF,0.705082831628029,0.5587634012335448,0.14631943039448414
358,TabM,0.7278850591594384,0.5780529791776727,0.14983207998176562
358,RF,0.6489705375108079,0.5543743521571709,0.09459618535363701
359,MLR,0.813114063745239,0.5694674382277674,0.24364662551747163
359,MLR+RF,0.7957552116893984,0.5245579915020184,0.27119722018738
359,TabM,0.8085894535853301,0.6136519647736148,0.19493748881171524
359,RF,0.7950945288795028,0.5533265846621988,0.24176794421730408
360,MLR,0.7987375315208204,0.5748307930401579,0.22390673848066245
360,MLR+RF,0.8311138182126657,0.5430316104953832,0.28808220771728255
360,TabM,0.7412955547721275,0.5395323356453514,0.20176321912677608
360,RF,0.6909913243757806,0.5563575223147179,0.13463380206106268
361,MLR,0.9455616743670748,0.6170762220236057,0.32848545234346915
361,MLR+RF,0.8224096717481468,0.6489170727323285,0.17349259901581837
361,TabM,0.9979030468378698,0.6701514585598061,0.3277515882780637
361,RF,0.7874277506246474,0.6512126361515395,0.13621511447310797
362,MLR,0.6968113363463131,0.557491407858171,0.13931992848814212
362,MLR+RF,0.7520485793911662,0.5185493970350696,0.23349918235609657
362,TabM,0.6595670275140176,0.5302035487986622,0.12936347871535547
362,RF,0.7751480869901598,0.5670459907801683,0.20810209620999154
363,MLR,0.9214252197991067,0.6018541500745596,0.3195710697245472
363,MLR+RF,0.8618414185252229,0.5238408699664308,0.33800054855879214
363,TabM,0.9157873248267059,0.5819688451005018,0.33381847972620404
363,RF,0.7667319066565481,0.5382586474932567,0.22847325916329142
364,MLR,0.7808900493708555,0.6194582802281153,0.16143176914274016
364,MLR+RF,0.8147548778236917,0.5629133475955994,0.2518415302280923
364,TabM,0.824344536286617,0.5464951417619786,0.2778493945246384
364,RF,0.6980650168418189,0.5757968465512242,0.12226817029059467
365,MLR,0.7852624867475542,0.5799434536575839,0.20531903308997024
365,MLR+RF,0.8191364148724136,0.49688842152564916,0.32224799334676446
365,TabM,0.7637391038131895,0.5391786171017602,0.22456048671142936
365,RF,0.7949131324021077,0.5864746817004005,0.2084384507017072
366,MLR,0.808062649549739,0.5514083182258007,0.25665433132393833
366,MLR+RF,0.7607417443078212,0.5267364668726268,0.2340052774351944
366,TabM,0.779672842436689,0.5168058007810633,0.2628670416556257
366,RF,0.743774349693822,0.5665234111050481,0.17725093858877383
367,MLR,0.8352386381540836,0.5905915880268715,0.2446470501272121
367,MLR+RF,0.8683075387711331,0.5965181623721106,0.27178937639902245
367,TabM,0.827158087688679,0.593661110784553,0.23349697690412607
367,RF,0.796200232932731,0.6167165531334541,0.17948367979927693
368,MLR,0.8195096787467501,0.5876259665690736,0.23188371217767645
368,MLR+RF,0.8722948463198893,0.6045035553445596,0.2677912909753297
368,TabM,0.9145649055787872,0.6003761064242926,0.3141887991544946
368,RF,0.8673362521132505,0.6468298008306301,0.22050645128262036
369,MLR,0.9441066331122254,0.6240280519422977,0.3200785811699277
369,MLR+RF,0.7513907528933684,0.5344460402795972,0.21694471261377124
369,TabM,0.9943032758931373,0.63361805546038,0.3606852204327573
369,RF,0.7197065265868745,0.5407925534668317,0.17891397312004276
370,MLR,0.808530382717976,0.5690126539689387,0.2395177287490372
370,MLR+RF,0.7570103937663348,0.5251487081792269,0.23186168558710796
370,TabM,0.8364661679634486,0.5560968101852204,0.28036935777822825
370,RF,0.6537424860071925,0.5276466056390127,0.12609588036817987
371,MLR,0.6998755250776065,0.6054380532076034,0.09443747187000318
371,MLR+RF,0.719433103654302,0.5150039698250547,0.20442913382924732
371,TabM,0.6785093787359602,0.5292075668209102,0.14930181191505
371,RF,0.6791976908062783,0.5284982567779186,0.15069943402835972
372,MLR,0.8633045368357783,0.62772415178831,0.23558038504746837
372,MLR+RF,0.7807312981577783,0.5223325863475211,0.2583987118102572
372,TabM,0.8870434893738083,0.5535578565491956,0.33348563282461263
372,RF,0.6876849212802587,0.5465442099435491,0.14114071133670958
373,MLR,0.8711364718314406,0.5824776224535503,0.2886588493778903
373,MLR+RF,0.8329488933398466,0.6197493815555091,0.2131995117843375
373,TabM,0.8703268221930559,0.6045963282445536,0.26573049394850234
373,RF,0.778277560623732,0.6050626817769267,0.1732148788468053
374,MLR,0.8819698142767188,0.5528418311271863,0.3291279831495325
374,MLR+RF,0.8518211452476407,0.5372207442307116,0.3146004010169291
374,TabM,0.9343599814847422,0.5617908428854245,0.37256913859931773
374,RF,0.8632801067268974,0.6258669261866794,0.23741318054021798
375,MLR,0.8773209623065411,0.6262264635051953,0.2510944988013458
375,MLR+RF,0.7302875001982935,0.5675346842583813,0.1627528159399122
375,TabM,0.8585570461910742,0.5767933815984351,0.28176366459263913
375,RF,0.7603333941748054,0.6067146892780744,0.15361870489673102
376,MLR,0.6953129775076516,0.573552915781842,0.12176006172580967
376,MLR+RF,0.6938572894791772,0.5211977841258969,0.17265950535328034
376,TabM,0.6462305021364797,0.5670321840175152,0.0791983181189645
376,RF,0.6921557840174829,0.5395904545768003,0.15256532944068257
377,MLR,0.8638088309769748,0.5508732489424764,0.31293558203449845
377,MLR+RF,0.7997106142125845,0.5360883407717751,0.26362227344080935
377,TabM,0.8636287572063479,0.5892764283663339,0.27435232884001404
377,RF,0.7553161325928769,0.5236959504683317,0.23162018212454516
378,MLR,0.7867852345062144,0.6162736207932371,0.1705116137129773
378,MLR+RF,0.7278161584696655,0.553395671924942,0.17442048654472353
378,TabM,0.8748424696582701,0.5971513836736254,0.27769108598464465
378,RF,0.6981256394568958,0.5527360256986366,0.1453896137582592
379,MLR,0.8289839612541395,0.6181906383241573,0.2107933229299822
379,MLR+RF,0.8191221117782855,0.5550396890031739,0.2640824227751116
379,TabM,0.8912359054874486,0.5748179453720272,0.31641796011542134
379,RF,0.7276278812240348,0.5455739397753068,0.182053941448728
380,MLR,0.75965727332337,0.5528634629966551,0.20679381032671484
380,MLR+RF,0.7567206794534359,0.48517681791449047,0.27154386153894544
380,TabM,0.7872948184814685,0.580682426271797,0.20661239220967154
380,RF,0.6807131268804678,0.5686830553632704,0.11203007151719746
381,MLR,0.8775679237388373,0.5613405708856717,0.3162273528531656
381,MLR+RF,0.8529070215037918,0.5732042755267943,0.2797027459769975
381,TabM,0.8714219491848073,0.5795680927183585,0.2918538564664488
381,RF,0.8125841579837869,0.6238104858967566,0.18877367208703033
382,MLR,0.8705108055489378,0.5484634819712956,0.3220473235776422
382,MLR+RF,0.7703055314941003,0.5091545412720061,0.2611509902220942
382,TabM,0.7867634247855635,0.5184665347522006,0.2682968900333629
382,RF,0.8031440835794811,0.5992531982066739,0.2038908853728072
383,MLR,0.720050485595939,0.5987821159750903,0.12126836962084864
383,MLR+RF,0.8555642504546633,0.6033275764675601,0.25223667398710325
383,TabM,0.7493071795214787,0.5636605869701518,0.18564659255132698
383,RF,0.7903980044050305,0.5746129261240956,0.21578507828093485
384,MLR,0.9675070591552265,0.6209648783798583,0.34654218077536825
384,MLR+RF,0.9086675950748351,0.65369954118384,0.2549680538909951
384,TabM,0.9960840674309522,0.6872266155803781,0.3088574518505741
384,RF,0.7838002244473962,0.6462601812983337,0.13754004314906243
385,MLR,0.7198740480493598,0.5726244454674362,0.14724960258192366
385,MLR+RF,0.6695999260343416,0.5261355364887197,0.1434643895456219
385,TabM,0.7680800994890414,0.5440302945285196,0.22404980496052185
385,RF,0.692306256275584,0.594461428892077,0.09784482738350697
386,MLR,0.7310844805767478,0.5204386304526083,0.2106458501241395
386,MLR+RF,0.8319842122190937,0.49248746094095597,0.3394967512781377
386,TabM,0.6713527630543028,0.5170498317015648,0.15430293135273798
386,RF,0.7909135974634653,0.5479654843627091,0.24294811310075626
387,MLR,0.7764992309804347,0.6135997336666209,0.1628994973138138
387,MLR+RF,0.75499446194336,0.5550750219004956,0.19991944004286433
387,TabM,0.7304090071454419,0.5595400073814274,0.17086899976401448
387,RF,0.7595948250715191,0.5440297995428784,0.21556502552864065
388,MLR,0.8198005580584393,0.566998961616173,0.2528015964422663
388,MLR+RF,0.7455971189809782,0.5619936831496076,0.18360343583137062
388,TabM,0.8332395880842268,0.5374180252778162,0.2958215628064106
388,RF,0.6856162914281653,0.5782997909028291,0.10731650052533614
389,MLR,0.888119829488121,0.6336201005655224,0.25449972892259853
389,MLR+RF,0.8065866093810969,0.537311147912447,0.2692754614686499
389,TabM,0.8466869912245777,0.5774702580540415,0.2692167331705362
389,RF,0.7515622926214425,0.5612985887742723,0.19026370384717017
390,MLR,0.7930909701100796,0.600782033707334,0.1923089364027456
390,MLR+RF,0.7522185994633843,0.5810360309430176,0.17118256852036673
390,TabM,0.79200651489049,0.566375252634327,0.22563126225616303
390,RF,0.772381143823486,0.5784323278386045,0.19394881598488145
391,MLR,0.859306930408845,0.6018582941097746,0.25744863629907033
391,MLR+RF,0.8526923826400385,0.5399358437862892,0.3127565388537493
391,TabM,0.9055314206813728,0.5534604505115102,0.35207097016986266
391,RF,0.772358021659667,0.5778125341033894,0.19454548755627765
392,MLR,0.7943740567055767,0.6029388014139274,0.1914352552916493
392,MLR+RF,0.7354929573890407,0.5388082316152225,0.19668472577381824
392,TabM,0.977428928700327,0.6343036590250242,0.3431252696753029
392,RF,0.6476057931379496,0.5334442747732571,0.11416151836469257
393,MLR,0.8011736818370363,0.543207675452974,0.2579660063840623
393,MLR+RF,0.8406121209862508,0.5011747781769823,0.3394373428092685
393,TabM,0.7225662783679525,0.5291043156504014,0.19346196271755112
393,RF,0.7901351014011727,0.534556807836661,0.25557829356451167
394,MLR,0.7661280457315031,0.6156365517305513,0.15049149400095174
394,MLR+RF,0.8171769375974131,0.6235048060330539,0.19367213156435914
394,TabM,0.7895369815586775,0.5620628997162465,0.227474081842431
394,RF,0.7831209700811974,0.6236664912325619,0.1594544788486355
395,MLR,0.7951244238418005,0.5840463408126406,0.21107808302915987
395,MLR+RF,0.8379384623092565,0.5423195552263907,0.29561890708286576
395,TabM,0.8657256445767898,0.6210968155681804,0.24462882900860938
395,RF,0.7762859833157426,0.6095328715044998,0.16675311181124286
396,MLR,0.8404220598660854,0.6724608557229776,0.16796120414310778
396,MLR+RF,0.7967267260713853,0.6311915925034712,0.16553513356791405
396,TabM,0.8589866244786968,0.6081828041056697,0.25080382037302706
396,RF,0.8039075885650396,0.6153516047902332,0.18855598377480642
397,MLR,0.7966797945098683,0.5647555063341709,0.23192428817569732
397,MLR+RF,0.8336020371700196,0.5630694382356709,0.27053259893434867
397,TabM,0.8225074931320844,0.582539869638688,0.2399676234933964
397,RF,0.7423651189985184,0.5740728987391945,0.1682922202593239
398,MLR,0.7762534618007868,0.5606953487761149,0.21555811302467187
398,MLR+RF,0.8180992484183757,0.5195619761356156,0.29853727228276006
398,TabM,0.7954821674771076,0.5400758332637572,0.25540633421335046
398,RF,0.8498031776857549,0.5834773184070124,0.2663258592787424
399,MLR,0.9078970452726546,0.6051342162812171,0.30276282899143747
399,MLR+RF,0.8661786531487417,0.5394357058463505,0.3267429473023912
399,TabM,0.9312939051693753,0.6053917477182958,0.3259021574510794
399,RF,0.7863449972101481,0.5806319628797534,0.20571303433039467
400,MLR,0.7902794688082667,0.588854615809318,0.20142485299894874
400,MLR+RF,0.7145971211887756,0.5348838596862459,0.17971326150252975
400,TabM,0.808198038586331,0.5750803069689173,0.23311773161741367
400,RF,0.7190337534453796,0.5496661099971946,0.169367643448185
401,MLR,0.7099677995375254,0.5373255987997491,0.17264220073777636
401,MLR+RF,0.7158495628668464,0.5409322672102643,0.1749172956565821
401,TabM,0.6869507660979121,0.5142340550811961,0.17271671101671593
401,RF,0.7790295114969115,0.6031365447415303,0.17589296675538113
402,MLR,0.7438483821397267,0.5865350263526649,0.15731335578706185
402,MLR+RF,0.7614414602664481,0.5382582329466753,0.2231832273197728
402,TabM,0.8280584993535902,0.5352523054753546,0.2928061938782356
402,RF,0.7577705317476614,0.6046134448603344,0.153157086887327
403,MLR,0.8588690708947002,0.6052864477003886,0.2535826231943116
403,MLR+RF,0.777407394325885,0.5201823159361234,0.2572250783897616
403,TabM,0.9618336938787784,0.5917049381944898,0.3701287556842886
403,RF,0.6928755298242173,0.5681820660482267,0.12469346377599055
404,MLR,0.7117722458009874,0.5806500468283757,0.13112219897261168
404,MLR+RF,0.8016712054303337,0.5520315753321714,0.24963963009816226
404,TabM,0.765723440691709,0.5662717482453169,0.19945169244639205
404,RF,0.8008293577908862,0.5883038499591913,0.21252550783169488
405,MLR,0.8460717648293874,0.5611447881518776,0.28492697667750977
405,MLR+RF,0.8092845121567094,0.5178538967936536,0.2914306153630558
405,TabM,0.8920169370122747,0.5782960998944618,0.31372083711781285
405,RF,0.8359949011470902,0.5899603823540762,0.24603451879301397
406,MLR,0.9424334121428344,0.633852794461759,0.30858061768107536
406,MLR+RF,0.8376897698771537,0.5447957838610512,0.2928939860161025
406,TabM,0.8759616897026371,0.578815806925104,0.29714588277753307
406,RF,0.8046348573031402,0.5224378996702638,0.28219695763287644
407,MLR,0.8073280099039734,0.5886012513235853,0.21872675858038804
407,MLR+RF,0.8448679537812329,0.6255305870320631,0.21933736674916982
407,TabM,0.7917044986838895,0.559298569240196,0.23240592944369343
407,RF,0.6968938261244721,0.5929883064042896,0.10390551972018258
408,MLR,0.8551190447238566,0.5565347658475936,0.29858427887626293
408,MLR+RF,0.7671380352955538,0.5277398060502831,0.23939822924527066
408,TabM,0.83167868185141,0.5577872482297668,0.27389143362164325
408,RF,0.719251507400184,0.5673423832199677,0.1519091241802163
409,MLR,0.7916778283863901,0.5673589527440761,0.224318875642314
409,MLR+RF,0.9037537184411063,0.5940640099798187,0.3096897084612876
409,TabM,0.8644729859497882,0.5903962603739467,0.2740767255758415
409,RF,0.8031572476952076,0.6213793381211393,0.18177790957406825
410,MLR,0.8836191424554948,0.6182439463203856,0.2653751961351092
410,MLR+RF,0.8179381233521061,0.5689417543465365,0.24899636900556965
410,TabM,0.9089587436134955,0.5683048958731738,0.3406538477403217
410,RF,0.816267167817992,0.5793019937244204,0.23696517409357165
411,MLR,0.8515432326526771,0.5846180216449866,0.2669252110076905
411,MLR+RF,0.7681927634850361,0.5994792767449089,0.1687134867401272
411,TabM,0.8172742631808232,0.5662651643803298,0.2510090988004934
411,RF,0.7830979406708652,0.6234259680468764,0.1596719726239888
412,MLR,0.7916497530741179,0.602914235298514,0.18873551777560393
412,MLR+RF,0.7726512721400707,0.5059255082895251,0.2667257638505456
412,TabM,0.75492360556856,0.5746868820508725,0.1802367235176875
412,RF,0.7038721242369118,0.5347622349462795,0.1691098892906323
413,MLR,0.7994919755927516,0.5843596665657458,0.21513230902700586
413,MLR+RF,0.7751086762121778,0.5072555586638683,0.26785311754830954
413,TabM,0.8150297666654776,0.560924178569563,0.25410558809591455
413,RF,0.6829412010439153,0.5518372623258093,0.131103938718106
414,MLR,0.6953221348984182,0.5365141032505044,0.1588080316479138
414,MLR+RF,0.7052679133247566,0.49260304792808096,0.21266486539667562
414,TabM,0.7254845265154904,0.5495736054139452,0.17591092110154527
414,RF,0.6736307652078294,0.5338866530951414,0.139744112112688
415,MLR,0.8431357940928336,0.6217857851467722,0.22135000894606138
415,MLR+RF,0.8077635249849304,0.6138626321091256,0.1939008928758048
415,TabM,0.8082766643605991,0.6003273423985797,0.20794932196201943
415,RF,0.7635514181767687,0.6266547528540711,0.13689666532269762
416,MLR,0.7424068371900486,0.6115721496242859,0.13083468756576278
416,MLR+RF,0.7896027793557868,0.5498627956212274,0.2397399837345594
416,TabM,0.6789893855874367,0.5266155871388967,0.15237379844854004
416,RF,0.7089474811140358,0.5884373315242155,0.12051014958982031
417,MLR,0.8873778789472967,0.5444002210763352,0.34297765787096146
417,MLR+RF,0.80288413169594,0.5477581328208166,0.2551259988751233
417,TabM,0.9062542172502772,0.5645428062818834,0.34171141096839386
417,RF,0.8674819495206558,0.6171104771516078,0.250371472369048
418,MLR,0.8558359601825021,0.5662149797130179,0.28962098046948415
418,MLR+RF,0.8428378885229936,0.5180826072718581,0.3247552812511355
418,TabM,0.83851822575687,0.6202886809561988,0.21822954480067114
418,RF,0.7494870251397934,0.5322997934684621,0.21718723167133125
419,MLR,0.8408407811438117,0.6297429570112314,0.21109782413258027
419,MLR+RF,0.8102563593269666,0.6079293990130891,0.20232696031387754
419,TabM,0.9137993814966888,0.5974301336874617,0.31636924780922715
419,RF,0.7310898953214083,0.568292985427211,0.16279690989419737
420,MLR,0.8533490261719799,0.5543155596732091,0.29903346649877083
420,MLR+RF,0.868755968640882,0.5181284041295615,0.3506275645113205
420,TabM,0.868624021166182,0.5668504001678625,0.3017736209983195
420,RF,0.8008966960705642,0.539799621412381,0.2610970746581832
421,MLR,0.9582673621653571,0.6643023617690998,0.2939650003962573
421,MLR+RF,0.8206949737343877,0.6424088234138632,0.17828615032052453
421,TabM,0.916979291338619,0.6359348580667642,0.2810444332718548
421,RF,0.7721221354999942,0.6300904514484222,0.14203168405157196
422,MLR,0.7196714152916559,0.5205909012698835,0.1990805140217724
422,MLR+RF,0.7740402531351321,0.5275174799097976,0.24652277322533456
422,TabM,0.7616244688966493,0.524903871637799,0.2367205972588503
422,RF,0.7906486198472229,0.5937601994465803,0.19688842040064258
423,MLR,0.7863080009260467,0.5975227789347374,0.18878522199130932
423,MLR+RF,0.7413502780387443,0.5484192424027898,0.19293103563595448
423,TabM,0.8046830306700238,0.5584426532871163,0.2462403773829075
423,RF,0.7418007868606593,0.5469703621052313,0.194830424755428
424,MLR,0.7506738926330426,0.608041533316944,0.14263235931609863
424,MLR+RF,0.792971792045221,0.5308243435137076,0.2621474485315134
424,TabM,0.7324026098859684,0.5296176516211071,0.20278495826486131
424,RF,0.7692371193697679,0.5871042094547678,0.18213290991500009
425,MLR,0.908588723771342,0.5965003699163807,0.31208835385496136
425,MLR+RF,0.813746541338253,0.5490806206720351,0.26466592066621786
425,TabM,0.8678629638925308,0.6263906147968892,0.24147234909564164
425,RF,0.6772183364594718,0.5626716740039401,0.11454666245553169
426,MLR,0.7103238139111769,0.545371272237519,0.16495254167365792
426,MLR+RF,0.7356742024809719,0.5178483878060227,0.21782581467494921
426,TabM,0.6576517904800112,0.5185422473844579,0.13910954309555335
426,RF,0.7526828713781799,0.5772735381593874,0.17540933321879248
427,MLR,0.7889731100059597,0.6022958515256219,0.18667725848033778
427,MLR+RF,0.8090470596867483,0.5554642652564549,0.2535827944302934
427,TabM,0.8150942344631218,0.5636730013810377,0.2514212330820841
427,RF,0.6514490794672377,0.5821322508786166,0.0693168285886211
428,MLR,0.9050832748298411,0.6029101390445961,0.30217313578524496
428,MLR+RF,0.8083024509616705,0.5499843607456056,0.2583180902160649
428,TabM,0.9078132926426703,0.5874991101924224,0.3203141824502479
428,RF,0.7785023589895003,0.5384356186781412,0.2400667403113591
429,MLR,0.7603437666412919,0.5688550606674897,0.1914887059738022
429,MLR+RF,0.7662837352488476,0.5374239260183719,0.22885980923047577
429,TabM,0.7909231045950295,0.5454158469495679,0.24550725764546155
429,RF,0.755774214663355,0.5895842753205949,0.16618993934276016
430,MLR,0.9390450895374018,0.6378387645157222,0.30120632502167966
430,MLR+RF,0.8346241731900003,0.6021766874916079,0.23244748569839235
430,TabM,0.9933161657721988,0.6635577710214854,0.32975839475071345
430,RF,0.8538330835427417,0.6377115305351659,0.21612155300757574
431,MLR,0.8082695426405482,0.5646435324831782,0.24362601015736995
431,MLR+RF,0.8297612065986124,0.5530788322522464,0.276682374346366
431,TabM,0.7940422395393,0.5287554696026494,0.26528676993665057
431,RF,0.7724831605197248,0.5344727260953238,0.23801043442440095
432,MLR,0.9228824316995023,0.6098059783256835,0.31307645337381884
432,MLR+RF,0.7987818615169692,0.5296219845880855,0.26915987692888366
432,TabM,0.8195769369536828,0.5761931210363408,0.24338381591734204
432,RF,0.7171194035547678,0.5093542405946716,0.20776516296009617
433,MLR,0.7733678275753443,0.5696096714810975,0.20375815609424675
433,MLR+RF,0.816213866844424,0.5427401369003261,0.2734737299440979
433,TabM,0.8273059783525253,0.5505145754843712,0.27679140286815407
433,RF,0.7713105881069515,0.5798071776200949,0.1915034104868566
434,MLR,0.8383671302126727,0.582145579543032,0.2562215506696407
434,MLR+RF,0.8342198437509531,0.5634208396754722,0.27079900407548096
434,TabM,0.8040089411737311,0.5417442089104474,0.26226473226328373
434,RF,0.8603917427491878,0.5811137071392828,0.27927803560990505
435,MLR,0.7615578582567336,0.5857265086158205,0.17583134964091307
435,MLR+RF,0.7452682099746468,0.5393934746505573,0.2058747353240895
435,TabM,0.8419379066475928,0.5872961072635045,0.2546417993840884
435,RF,0.7020722442908908,0.610564607075355,0.09150763721553579
436,MLR,0.7750329215570172,0.592024906662348,0.18300801489466922
436,MLR+RF,0.7940834603524469,0.6063330525822034,0.18775040777024354
436,TabM,0.7458359644552436,0.5570694655749835,0.1887664988802601
436,RF,0.8045918259024394,0.6162815528816539,0.1883102730207855
437,MLR,0.8342499782827095,0.6210320669383603,0.2132179113443492
437,MLR+RF,0.7938610652659127,0.5588731080830959,0.23498795718281684
437,TabM,0.8354496720394753,0.5937959915076811,0.24165368053179415
437,RF,0.761049885165897,0.5774338795000308,0.18361600566586622
438,MLR,0.738681159492996,0.581847716955947,0.156833442537049
438,MLR+RF,0.6976570410892439,0.5187675466552952,0.17888949443394864
438,TabM,0.7996246380128463,0.5449225299551825,0.2547021080576638
438,RF,0.770681629365675,0.5608258273865196,0.20985580197915532
439,MLR,0.8206010917770988,0.564872220712209,0.25572887106488984
439,MLR+RF,0.8348200758960644,0.5286861536716775,0.30613392222438696
439,TabM,0.8411831958974214,0.5513886638708024,0.289794532026619
439,RF,0.8289826032361329,0.5810640683426145,0.24791853489351845
440,MLR,0.8037548919405462,0.5492639567624038,0.25449093517814236
440,MLR+RF,0.8185665337282425,0.5131041303525284,0.30546240337571406
440,TabM,0.8479550676290669,0.5767157231194914,0.27123934450957554
440,RF,0.8433080495288382,0.557245506774256,0.2860625427545822
441,MLR,0.8808034576246201,0.598465447741012,0.28233800988360813
441,MLR+RF,0.847407793519005,0.6235969481241127,0.22381084539489227
441,TabM,0.8312252340256158,0.5881911459463384,0.2430340880792774
441,RF,0.8488435786643285,0.6376132306955713,0.21123034796875717
442,MLR,0.9603713365688089,0.6252316752530379,0.335139661315771
442,MLR+RF,0.8129066321300491,0.5323470634411139,0.28055956868893517
442,TabM,0.862351943680626,0.5836307506875777,0.2787211929930482
442,RF,0.6923582753113277,0.5233098861960678,0.16904838911525988
443,MLR,0.801668746202911,0.5954742863504566,0.20619445985245433
443,MLR+RF,0.8067294523087869,0.5963825896886599,0.21034686262012703
443,TabM,0.8134597627110234,0.5939122974751169,0.2195474652359065
443,RF,0.6952586805559355,0.6034631479597615,0.09179553259617401
444,MLR,0.7257571460807997,0.5668855688734714,0.15887157720732825
444,MLR+RF,0.8108861750622608,0.5131104609753662,0.2977757140868946
444,TabM,0.7161365072210238,0.5222888303076559,0.1938476769133679
444,RF,0.7350248119655443,0.5467163480456504,0.18830846391989386
445,MLR,0.82770806251693,0.5730690415352065,0.2546390209817234
445,MLR+RF,0.6691068383681187,0.5192640823836034,0.14984275598451524
445,TabM,0.8522883481740371,0.6250505564171074,0.2272377917569297
445,RF,0.7227169324806055,0.5989360658966417,0.12378086658396381
446,MLR,0.9025893788417518,0.6258932845654992,0.27669609427625264
446,MLR+RF,0.8761964418906492,0.6235983317264354,0.25259811016421374
446,TabM,0.9532835144096532,0.5986500680385572,0.35463344637109595
446,RF,0.8396544398574967,0.632190805453715,0.20746363440378168
447,MLR,0.7128316245424211,0.5408742187270734,0.17195740581534769
447,MLR+RF,0.7744060088644698,0.5056508353217942,0.26875517354267553
447,TabM,0.7412892405689383,0.5484421649315221,0.1928470756374162
447,RF,0.6889868995814239,0.5774273886867461,0.11155951089467775
448,MLR,0.851442620686469,0.5983633143291245,0.25307930635734455
448,MLR+RF,0.8186616780205411,0.5852922637952571,0.233369414225284
448,TabM,0.7777021491092194,0.5778526381570401,0.1998495109521793
448,RF,0.8014782789238412,0.5745882034015809,0.22689007552226026
449,MLR,0.7444107265073756,0.6176332655296327,0.1267774609777429
449,MLR+RF,0.7832005792298408,0.5532927596905273,0.2299078195393135
449,TabM,0.7490027212783512,0.5975703679658694,0.15143235331248184
449,RF,0.689771082385091,0.5325504159216224,0.15722066646346855
450,MLR,0.9521038184082445,0.6291279476552193,0.32297587075302525
450,MLR+RF,0.9349823031349318,0.6326905856839911,0.30229171745094074
450,TabM,0.9706030835523981,0.6297037109952912,0.3408993725571069
450,RF,0.7962090787011622,0.6022771833661759,0.19393189533498634
451,MLR,0.7298797227527992,0.586522688617081,0.1433570341357182
451,MLR+RF,0.6958673331460363,0.5500906081940447,0.14577672495199168
451,TabM,0.7717212965852167,0.5330253666177052,0.23869592996751154
451,RF,0.6858515428142529,0.5655571066419971,0.12029443617225577
452,MLR,0.6605690070350119,0.595890656014943,0.06467835102006891
452,MLR+RF,0.7242774723550242,0.5203103274008666,0.20396714495415758
452,TabM,0.7824197807871608,0.5495735140636826,0.2328462667234782
452,RF,0.7243383293304574,0.5726034391301545,0.15173489020030284
453,MLR,0.7975594598184669,0.586268921219024,0.2112905385994429
453,MLR+RF,0.7655797370998241,0.510076223809402,0.2555035132904221
453,TabM,0.6923542171673416,0.5185101798573979,0.1738440373099437
453,RF,0.7037361013792096,0.5255454508726376,0.178190650506572
454,MLR,0.7142642356452306,0.5733027660918011,0.14096146955342947
454,MLR+RF,0.7561087910896174,0.535544150622519,0.22056464046709834
454,TabM,0.8236216562766202,0.5567717041125309,0.26684995216408935
454,RF,0.7518862662394658,0.5775575138178776,0.17432875242158818
455,MLR,0.9406929773424856,0.5942671768332647,0.3464258005092209
455,MLR+RF,0.8430747307357191,0.5725028674721553,0.27057186326356386
455,TabM,0.8566337465550747,0.6397333290239965,0.21690041753107825
455,RF,0.8124643294769505,0.606840049519597,0.20562427995735344
456,MLR,0.8947570033452976,0.6871548944540671,0.20760210889123054
456,MLR+RF,0.847230493857558,0.6068626608301351,0.24036783302742293
456,TabM,0.8876636224232911,0.6220615886084784,0.26560203381481273
456,RF,0.8757530312803956,0.6552863811854849,0.22046665009491073
457,MLR,0.8002194892486615,0.5836857157163519,0.21653377353230963
457,MLR+RF,0.762720451557503,0.5547951342295643,0.20792531732793873
457,TabM,0.9253796490259519,0.6166443694168527,0.3087352796090992
457,RF,0.7200121908582412,0.5484393730704055,0.17157281778783573
458,MLR,0.9622042298288788,0.6290649925363998,0.33313923729247896
458,MLR+RF,0.8198554065664189,0.5879146031781978,0.2319408033882211
458,TabM,0.9558011983058962,0.6122082750876839,0.3435929232182122
458,RF,0.8030645779231383,0.5749027441562836,0.22816183376685473
459,MLR,0.7928330728854706,0.5444714816691154,0.24836159121635515
459,MLR+RF,0.7861004251027702,0.5462513192059387,0.2398491058968315
459,TabM,0.7981165253025132,0.537793255184137,0.2603232701183762
459,RF,0.7736529866897078,0.5883637365972012,0.18528925009250663
460,MLR,0.8033294174843782,0.566139553086244,0.23718986439813428
460,MLR+RF,0.8386878631835736,0.4979425143534214,0.3407453488301522
460,TabM,0.8312888300192033,0.5559318413160966,0.27535698870310665
460,RF,0.7073831264678502,0.5196489633116513,0.18773416315619884
461,MLR,0.6653127756340856,0.5143767505683522,0.15093602506573345
461,MLR+RF,0.7072174083165959,0.5194400641600336,0.18777734415656222
461,TabM,0.6704155056421535,0.5120317277862012,0.15838377785595226
461,RF,0.7197000285899962,0.5699851593645257,0.1497148692254705
462,MLR,0.7921087685771274,0.5727101117437264,0.21939865683340098
462,MLR+RF,0.722511064710842,0.536321806920894,0.186189257789948
462,TabM,0.7405645109074356,0.5618593470803177,0.17870516382711787
462,RF,0.7089562324772866,0.5672159971898775,0.1417402352874091
463,MLR,0.762658930447751,0.525665662090125,0.23699326835762602
463,MLR+RF,0.72298770113819,0.518938294761068,0.204049406377122
463,TabM,0.8301978113216888,0.5350333599585638,0.29516445136312497
463,RF,0.7947027878653439,0.5737324797003246,0.22097030816501928
464,MLR,0.8375172555094361,0.6019057437934848,0.2356115117159513
464,MLR+RF,0.8821009784767772,0.5387026279187703,0.3433983505580068
464,TabM,0.8812964622317179,0.5736621104945822,0.3076343517371357
464,RF,0.8752220176000702,0.5971856777240376,0.2780363398760326
465,MLR,0.837050716569988,0.5520660668002235,0.28498464976976445
465,MLR+RF,0.832929980846616,0.522193127874264,0.310736852972352
465,TabM,0.7877040470730977,0.5384514616644993,0.2492525854085984
465,RF,0.7272079872764675,0.5542850804788322,0.17292290679763533
466,MLR,0.9123625989305635,0.6533719869560822,0.25899061197448126
466,MLR+RF,0.8588953504594813,0.6337417343748099,0.22515361608467144
466,TabM,0.8917263493602694,0.6316925753114307,0.26003377404883865
466,RF,0.7577252580311353,0.5809344906752627,0.17679076735587262
467,MLR,0.8405474473896968,0.6107528986596845,0.22979454873001226
467,MLR+RF,0.8640057891027609,0.5649493573760807,0.2990564317266803
467,TabM,0.8694167548327668,0.597732774892937,0.27168397993982984
467,RF,0.7917903846294967,0.5952646853808461,0.1965256992486506
468,MLR,0.8853381527380795,0.5374192960698496,0.34791885666822986
468,MLR+RF,0.7954587964132671,0.551888476525655,0.24357031988761213
468,TabM,0.9126954074302733,0.5741757762317401,0.33851963119853323
468,RF,0.8238033192610644,0.5667367855134587,0.2570665337476057
469,MLR,0.9455083322367557,0.628515706417915,0.3169926258188407
469,MLR+RF,0.9247653950972305,0.6015750112906164,0.32319038380661413
469,TabM,0.9500447477504476,0.6197361747815531,0.3303085729688945
469,RF,0.822981369216021,0.6235056038104317,0.1994757654055893
470,MLR,0.7486382771397404,0.5995487339079213,0.1490895432318191
470,MLR+RF,0.8204479622274723,0.5706802788527177,0.24976768337475463
470,TabM,0.7653395181626742,0.5542534726962195,0.2110860454664547
470,RF,0.7305198320225018,0.5467308863743675,0.1837889456481343
471,MLR,0.7133152756919034,0.5266531095080345,0.186662166183869
471,MLR+RF,0.7562803492430948,0.5272071704440209,0.22907317879907396
471,TabM,0.6954526727179453,0.5091855689000678,0.18626710381787748
471,RF,0.7381243545031687,0.5941284976654444,0.1439958568377243
472,MLR,0.8291815875201417,0.6319660399277479,0.1972155475923938
472,MLR+RF,0.7920495181026231,0.5372357525931862,0.2548137655094369
472,TabM,0.8834385137873384,0.6327831943404139,0.25065531944692454
472,RF,0.7858734606524381,0.5596456538889439,0.2262278067634942
473,MLR,0.7496277087090968,0.5867767346356911,0.16285097407340565
473,MLR+RF,0.7962616630504543,0.556606124002303,0.2396555390481513
473,TabM,0.7815662067825042,0.5573891664947319,0.2241770402877723
473,RF,0.7265895615892374,0.5595104921631453,0.16707906942609208
474,MLR,0.7660645741388703,0.5863544964515882,0.1797100776872821
474,MLR+RF,0.7231584347350455,0.5744942535813871,0.14866418115365843
474,TabM,0.7695185963764555,0.5448006106117649,0.2247179857646906
474,RF,0.77915869866469,0.5991094959099548,0.18004920275473524
475,MLR,0.9572479924012206,0.615722454349123,0.3415255380520976
475,MLR+RF,0.7714711870582995,0.5558522857188853,0.2156189013394142
475,TabM,0.8648507772688034,0.6043335908702057,0.2605171863985978
475,RF,0.6747762979875324,0.5315696910571928,0.1432066069303396
476,MLR,0.7647698366261935,0.5819026283178543,0.18286720830833914
476,MLR+RF,0.7682502484950651,0.5352813046933345,0.2329689438017306
476,TabM,0.860793495643744,0.6011055685285207,0.25968792711522326
476,RF,0.8035539223498049,0.5840038466314925,0.21955007571831242
477,MLR,0.9072733714015325,0.6162460318728556,0.2910273395286769
477,MLR+RF,0.8742109161660332,0.5512833683379278,0.3229275478281054
477,TabM,0.9930725818931627,0.6272826379791785,0.36578994391398423
477,RF,0.8704367004653706,0.609589873500858,0.26084682696451256
478,MLR,0.7591003003369406,0.5767264583448244,0.18237384199211626
478,MLR+RF,0.8297295774916285,0.588753145820972,0.2409764316706564
478,TabM,0.7688780045559912,0.5586427030344235,0.21023530152156766
478,RF,0.8008273727789079,0.5777618308243946,0.22306554195451334
479,MLR,0.7203052682149619,0.5495450934292353,0.17076017478572658
479,MLR+RF,0.72677720504961,0.5106744038627085,0.2161028011869015
479,TabM,0.66439035385493,0.5256306364270292,0.13875971742790072
479,RF,0.6837399763032703,0.536483233340541,0.14725674296272928
480,MLR,0.6606697843918781,0.5542644002047992,0.1064053841870789
480,MLR+RF,0.7318794653314085,0.49799051602235,0.23388894930905846
480,TabM,0.6987146500851127,0.5127479891500203,0.1859666609350924
480,RF,0.6655201254493522,0.5102067577177607,0.15531336773159155
481,MLR,0.7459999196333089,0.5450677291074473,0.20093219052586164
481,MLR+RF,0.822012056304466,0.5213248660291239,0.3006871902753422
481,TabM,0.879315886193092,0.5805171132855462,0.29879877290754575
481,RF,0.794079489031549,0.5565774024950928,0.23750208653645621
482,MLR,0.725145064373772,0.608175815306346,0.116969249067426
482,MLR+RF,0.7785460404085865,0.5680806965929955,0.210465343815591
482,TabM,0.8314625314650751,0.5870192919613755,0.24444323950369962
482,RF,0.7637921644920759,0.6187853115364629,0.145006852955613
483,MLR,0.9356842846802174,0.6366793707359083,0.29900491394430906
483,MLR+RF,0.8702267281073437,0.5534068833516138,0.3168198447557299
483,TabM,0.8706789963931073,0.5905613429588245,0.28011765343428285
483,RF,0.9276105654711265,0.6148537136738506,0.31275685179727597
484,MLR,0.8180822566060078,0.5943121073185531,0.22377014928745464
484,MLR+RF,0.8347755345574486,0.6032040960020336,0.23157143855541495
484,TabM,0.85729788796829,0.570617580560589,0.286680307407701
484,RF,0.7810525540314902,0.5995054999857495,0.18154705404574067
485,MLR,0.7789716362089345,0.5801306573148497,0.1988409788940848
485,MLR+RF,0.8076122853501655,0.5545455925923233,0.2530666927578422
485,TabM,0.796572715559471,0.5877866461064308,0.20878606945304012
485,RF,0.6835269315534156,0.5579496362711424,0.12557729528227324
486,MLR,0.7615144775620493,0.5838956483881128,0.17761882917393645
486,MLR+RF,0.763945423408196,0.5858856585349966,0.1780597648731994
486,TabM,0.8137013649850316,0.549406987079985,0.2642943779050466
486,RF,0.8274873366350418,0.6341174081749124,0.19336992846012946
487,MLR,0.8504215383914412,0.566347616424578,0.2840739219668632
487,MLR+RF,0.7944537710944063,0.509135417076501,0.2853183540179053
487,TabM,0.813193286815191,0.5731370834202036,0.24005620339498734
487,RF,0.7517195644408745,0.5486248751235246,0.20309468931734986
488,MLR,0.730390456336708,0.5565207494975932,0.17386970683911473
488,MLR+RF,0.7374654143910297,0.5252415856205148,0.21222382877051493
488,TabM,0.7482669815937966,0.5743334782406532,0.1739335033531434
488,RF,0.7827215265028232,0.5839181813720278,0.19880334513079545
489,MLR,0.9074028316315419,0.5823439187202823,0.32505891291125955
489,MLR+RF,0.8317646546152415,0.5474903596435445,0.284274294971697
489,TabM,0.9234603932135792,0.5452589352622121,0.37820145795136706
489,RF,0.7530134242363351,0.539254342584385,0.21375908165195012
490,MLR,0.8537393043833029,0.6658915323907141,0.18784777199258884
490,MLR+RF,0.8073463296603026,0.6118676703824255,0.1954786592778771
490,TabM,0.7847647770281078,0.6104021167225216,0.17436266030558611
490,RF,0.7169676919578076,0.6006821020527434,0.11628558990506421
491,MLR,0.7819459779729573,0.5763928030886843,0.20555317488427294
491,MLR+RF,0.8340779103284885,0.5450043702033018,0.2890735401251867
491,TabM,0.8155404862374033,0.5833224389063623,0.232218047331041
491,RF,0.7170511946972339,0.5497094147984978,0.1673417798987361
492,MLR,0.7399962875678452,0.5919087908279229,0.14808749673992228
492,MLR+RF,0.7562581138878959,0.5513104796766233,0.2049476342112726
492,TabM,0.701147184488518,0.5369260371059996,0.16422114738251836
492,RF,0.6948874936660534,0.5682087310881685,0.1266787625778849
493,MLR,0.7286949418479476,0.5622359191280893,0.16645902271985824
493,MLR+RF,0.8031854430198458,0.5320265365778479,0.2711589064419979
493,TabM,0.8391299460964109,0.5494637570647463,0.28966618903166463
493,RF,0.7511407665216078,0.5730718547656635,0.1780689117559443
494,MLR,0.7958818536658553,0.5719919185796051,0.2238899350862502
494,MLR+RF,0.7661800663600035,0.528201353568098,0.2379787127919054
494,TabM,0.9096203493860647,0.6133127943823873,0.29630755500367745
494,RF,0.7089170813527317,0.5705561640486763,0.13836091730405542
495,MLR,0.7735636984538552,0.5776267716476994,0.19593692680615582
495,MLR+RF,0.7575486849854679,0.5632504109073992,0.19429827407806866
495,TabM,0.8342771573517013,0.5667033710279356,0.2675737863237657
495,RF,0.6968165294851802,0.582516817958188,0.11429971152699225
496,MLR,0.8875987266347316,0.6877808443290756,0.199817882305656
496,MLR+RF,0.8341219607922924,0.5955604455958188,0.23856151519647362
496,TabM,0.9424299294863955,0.6144668799753377,0.3279630495110578
496,RF,0.8135396689147861,0.6041122534524557,0.20942741546233046
497,MLR,0.893273525950391,0.5704395444501431,0.3228339815002479
497,MLR+RF,0.8300339577756775,0.5987367509388852,0.23129720683679222
497,TabM,0.9313254919194137,0.5688148507228886,0.3625106411965251
497,RF,0.7866919056545213,0.5587013950625249,0.22799051059199638
498,MLR,0.7182176689574299,0.5495472678630855,0.1686704010943444
498,MLR+RF,0.8152552069078642,0.5033787470105724,0.31187645989729185
498,TabM,0.6961159655811281,0.5376589102455657,0.15845705533556242
498,RF,0.7331594988959724,0.5338725240044431,0.19928697489152936
499,MLR,0.7319521234132195,0.5810057270163789,0.1509463963968406
499,MLR+RF,0.7037986474045936,0.5125902166069795,0.19120843079761418
499,TabM,0.7204561822964222,0.5302625526926099,0.19019362960381225
499,RF,0.682570047030698,0.5670924799686777,0.11547756706202028
500,MLR,0.8661023402906766,0.5946713489160107,0.27143099137466586
500,MLR+RF,0.7953569928532639,0.6171739246045091,0.17818306824875474
500,TabM,0.8278878923889252,0.6220896726431868,0.20579821974573842
500,RF,0.7777760184743403,0.6609523471328298,0.1168236713415105
501,MLR,0.9270948625145673,0.614819201977918,0.31227566053664935
501,MLR+RF,0.8836213422515774,0.550203467387774,0.33341787486380337
501,TabM,0.8751060226991588,0.5652108486526947,0.30989517404646416
501,RF,0.70542419731152,0.5377630506143096,0.16766114669721033
502,MLR,0.7725728597344442,0.5762016596535774,0.19637120008086684
502,MLR+RF,0.813633441459755,0.5661105788555448,0.2475228626042102
502,TabM,0.8670383410214979,0.6063139636922574,0.2607243773292405
502,RF,0.7061224353420141,0.5833219773394882,0.12280045800252593
503,MLR,0.8709438978998747,0.6034893284559455,0.2674545694439292
503,MLR+RF,0.8280850693228525,0.5448682370515966,0.28321683227125594
503,TabM,0.9457781059939209,0.5739760393275761,0.37180206666634474
503,RF,0.8453571798051572,0.5796550629480043,0.26570211685715295
