Record_ID,Source_unit,Ingredient_Class,Ingredient_Class_CN,Sample_ID,Pig_Ordinal,Stage_Group_std,Initial_BW_kg,DMI_kg_d,N_Intake_g_d,Analysis_N_Intake_g_d,Analysis_Fecal_N_g_d,Analysis_Urinary_N_g_d,Analysis_Retained_N_g_d,Analysis_Total_N_Excretion_g_d,N_to_DMI_g_kg,DMI_per_BW,N_Intake_per_BW,Analysis_Diet_CP_pct_DM,Analysis_Diet_EE_pct_DM,Analysis_Diet_NDF_pct_DM,Analysis_Diet_ADF_pct_DM,Diet_Ash_pct_DM,Analysis_Diet_Starch_pct_DM,Diet_DM_pct_asfed,Raw_Diet_CP_pct_asfed,Raw_Diet_CP_pct_DM_derived,CP_N_consistent_minus_raw_DM,CP_consistency_status,Reported_BW_text,Backcalculated_BW_kg_not_used,Origin,Formula_Provenance,Starch_rule,BW_rule,DMI_NI_decision_time_rule,P2_source,Mass_balance_error_g_d
REALV6R_0061,Barley::RealV6_大麦_sample1,Barley,大麦,1,1,growing,29.5,0.53046,13.323375000000002,13.323375000000002,1.748972048299774,1.5921071875,9.982295764200227,3.341079235799774,25.116644044791315,0.01798169491525424,0.45163983050847467,15.697902527994573,2.171700033932813,20.778192512159258,4.592240696753761,5.395317271801832,,88.41,13.88,15.699581495305962,-0.0016789673113883907,CONSISTENT,29.5±1.3 kg,15.0,"Ukrainian barley — Shanghai port, Shanghai, China",Barley paper Table 4,MISSING_IN_TARGET__IMPUTED_906_TRAINING_MEDIAN,REPORTED_INITIAL_BW__NOT_DMI_BACKCALCULATION,RETROSPECTIVE_PRE_FN_UN_LAB_INFORMATION,TARGET_DM_CP_N_HARMONIZED_AND_CHEMISTRY_CROSSCHECKED,1.7763568394002505e-15
REALV6R_0062,Barley::RealV6_大麦_sample1,Barley,大麦,1,2,growing,29.5,0.53046,13.323375000000002,13.323375000000002,1.818797651758154,4.0902518125,7.414325535741848,5.909049464258154,25.116644044791315,0.01798169491525424,0.45163983050847467,15.697902527994573,2.171700033932813,20.778192512159258,4.592240696753761,5.395317271801832,,88.41,13.88,15.699581495305962,-0.0016789673113883907,CONSISTENT,29.5±1.3 kg,15.0,"Ukrainian barley — Shanghai port, Shanghai, China",Barley paper Table 4,MISSING_IN_TARGET__IMPUTED_906_TRAINING_MEDIAN,REPORTED_INITIAL_BW__NOT_DMI_BACKCALCULATION,RETROSPECTIVE_PRE_FN_UN_LAB_INFORMATION,TARGET_DM_CP_N_HARMONIZED_AND_CHEMISTRY_CROSSCHECKED,8.881784197001252e-16
REALV6R_0063,Barley::RealV6_大麦_sample1,Barley,大麦,1,3,growing,29.5,0.53046,13.323375000000002,13.323375000000002,1.898294763568601,2.0280118125,9.397068423931401,3.926306576068601,25.116644044791315,0.01798169491525424,0.45163983050847467,15.697902527994573,2.171700033932813,20.778192512159258,4.592240696753761,5.395317271801832,,88.41,13.88,15.699581495305962,-0.0016789673113883907,CONSISTENT,29.5±1.3 kg,15.0,"Ukrainian barley — Shanghai port, Shanghai, China",Barley paper Table 4,MISSING_IN_TARGET__IMPUTED_906_TRAINING_MEDIAN,REPORTED_INITIAL_BW__NOT_DMI_BACKCALCULATION,RETROSPECTIVE_PRE_FN_UN_LAB_INFORMATION,TARGET_DM_CP_N_HARMONIZED_AND_CHEMISTRY_CROSSCHECKED,0.0
REALV6R_0064,Barley::RealV6_大麦_sample1,Barley,大麦,1,4,growing,29.5,0.53046,13.323375000000002,13.323375000000002,1.788985723330168,4.460007750000001,7.074381526669834,6.248993473330168,25.116644044791315,0.01798169491525424,0.45163983050847467,15.697902527994573,2.171700033932813,20.778192512159258,4.592240696753761,5.395317271801832,,88.41,13.88,15.699581495305962,-0.0016789673113883907,CONSISTENT,29.5±1.3 kg,15.0,"Ukrainian barley — Shanghai port, Shanghai, China",Barley paper Table 4,MISSING_IN_TARGET__IMPUTED_906_TRAINING_MEDIAN,REPORTED_INITIAL_BW__NOT_DMI_BACKCALCULATION,RETROSPECTIVE_PRE_FN_UN_LAB_INFORMATION,TARGET_DM_CP_N_HARMONIZED_AND_CHEMISTRY_CROSSCHECKED,0.0
REALV6R_0065,Barley::RealV6_大麦_sample1,Barley,大麦,1,5,growing,29.5,0.53046,13.323375000000002,13.323375000000002,1.608504984618891,3.547650312500001,8.167219702881109,5.156155297118892,25.116644044791315,0.01798169491525424,0.45163983050847467,15.697902527994573,2.171700033932813,20.778192512159258,4.592240696753761,5.395317271801832,,88.41,13.88,15.699581495305962,-0.0016789673113883907,CONSISTENT,29.5±1.3 kg,15.0,"Ukrainian barley — Shanghai port, Shanghai, China",Barley paper Table 4,MISSING_IN_TARGET__IMPUTED_906_TRAINING_MEDIAN,REPORTED_INITIAL_BW__NOT_DMI_BACKCALCULATION,RETROSPECTIVE_PRE_FN_UN_LAB_INFORMATION,TARGET_DM_CP_N_HARMONIZED_AND_CHEMISTRY_CROSSCHECKED,0.0
REALV6R_0066,Barley::RealV6_大麦_sample1,Barley,大麦,1,6,growing,29.5,0.53046,13.323375000000002,13.323375000000002,1.990985826572806,3.0749203125,8.257468860927196,5.065906139072807,25.116644044791315,0.01798169491525424,0.45163983050847467,15.697902527994573,2.171700033932813,20.778192512159258,4.592240696753761,5.395317271801832,,88.41,13.88,15.699581495305962,-0.0016789673113883907,CONSISTENT,29.5±1.3 kg,15.0,"Ukrainian barley — Shanghai port, Shanghai, China",Barley paper Table 4,MISSING_IN_TARGET__IMPUTED_906_TRAINING_MEDIAN,REPORTED_INITIAL_BW__NOT_DMI_BACKCALCULATION,RETROSPECTIVE_PRE_FN_UN_LAB_INFORMATION,TARGET_DM_CP_N_HARMONIZED_AND_CHEMISTRY_CROSSCHECKED,0.0
REALV6R_0067,Barley::RealV6_大麦_sample2,Barley,大麦,2,1,growing,29.5,0.5275799999999999,12.872249999999998,12.872249999999998,2.514460252430183,1.166983125,9.190806622569815,3.681443377430183,24.39866939611054,0.017884067796610167,0.4363474576271186,15.249168372569088,2.3541453428863868,20.01592175594223,4.617309223245764,5.2655521437507105,,87.92999999999999,13.41,15.250767656090073,-0.0015992835209850398,CONSISTENT,29.5±1.3 kg,15.0,"Australian barley — Shanghai port, Shanghai, China",Barley paper Table 4,MISSING_IN_TARGET__IMPUTED_906_TRAINING_MEDIAN,REPORTED_INITIAL_BW__NOT_DMI_BACKCALCULATION,RETROSPECTIVE_PRE_FN_UN_LAB_INFORMATION,TARGET_DM_CP_N_HARMONIZED_AND_CHEMISTRY_CROSSCHECKED,0.0
REALV6R_0068,Barley::RealV6_大麦_sample2,Barley,大麦,2,2,growing,29.5,0.5275799999999999,12.872249999999998,12.872249999999998,2.113109516607147,3.6160540625,7.143086420892851,5.729163579107147,24.39866939611054,0.017884067796610167,0.4363474576271186,15.249168372569088,2.3541453428863868,20.01592175594223,4.617309223245764,5.2655521437507105,,87.92999999999999,13.41,15.250767656090073,-0.0015992835209850398,CONSISTENT,29.5±1.3 kg,15.0,"Australian barley — Shanghai port, Shanghai, China",Barley paper Table 4,MISSING_IN_TARGET__IMPUTED_906_TRAINING_MEDIAN,REPORTED_INITIAL_BW__NOT_DMI_BACKCALCULATION,RETROSPECTIVE_PRE_FN_UN_LAB_INFORMATION,TARGET_DM_CP_N_HARMONIZED_AND_CHEMISTRY_CROSSCHECKED,8.881784197001252e-16
REALV6R_0069,Barley::RealV6_大麦_sample2,Barley,大麦,2,3,growing,29.5,0.5275799999999999,12.872249999999998,12.872249999999998,2.371679783093356,2.081489375,8.419080841906641,4.453169158093356,24.39866939611054,0.017884067796610167,0.4363474576271186,15.249168372569088,2.3541453428863868,20.01592175594223,4.617309223245764,5.2655521437507105,,87.92999999999999,13.41,15.250767656090073,-0.0015992835209850398,CONSISTENT,29.5±1.3 kg,15.0,"Australian barley — Shanghai port, Shanghai, China",Barley paper Table 4,MISSING_IN_TARGET__IMPUTED_906_TRAINING_MEDIAN,REPORTED_INITIAL_BW__NOT_DMI_BACKCALCULATION,RETROSPECTIVE_PRE_FN_UN_LAB_INFORMATION,TARGET_DM_CP_N_HARMONIZED_AND_CHEMISTRY_CROSSCHECKED,0.0
REALV6R_0070,Barley::RealV6_大麦_sample2,Barley,大麦,2,4,growing,29.5,0.5275799999999999,12.872249999999998,12.872249999999998,2.021092648412125,3.140229375,7.710927976587872,5.161322023412126,24.39866939611054,0.017884067796610167,0.4363474576271186,15.249168372569088,2.3541453428863868,20.01592175594223,4.617309223245764,5.2655521437507105,,87.92999999999999,13.41,15.250767656090073,-0.0015992835209850398,CONSISTENT,29.5±1.3 kg,15.0,"Australian barley — Shanghai port, Shanghai, China",Barley paper Table 4,MISSING_IN_TARGET__IMPUTED_906_TRAINING_MEDIAN,REPORTED_INITIAL_BW__NOT_DMI_BACKCALCULATION,RETROSPECTIVE_PRE_FN_UN_LAB_INFORMATION,TARGET_DM_CP_N_HARMONIZED_AND_CHEMISTRY_CROSSCHECKED,0.0
REALV6R_0071,Barley::RealV6_大麦_sample2,Barley,大麦,2,5,growing,29.5,0.5275799999999999,12.872249999999998,12.872249999999998,1.979439748434069,4.243165625,6.649644626565929,6.222605373434068,24.39866939611054,0.017884067796610167,0.4363474576271186,15.249168372569088,2.3541453428863868,20.01592175594223,4.617309223245764,5.2655521437507105,,87.92999999999999,13.41,15.250767656090073,-0.0015992835209850398,CONSISTENT,29.5±1.3 kg,15.0,"Australian barley — Shanghai port, Shanghai, China",Barley paper Table 4,MISSING_IN_TARGET__IMPUTED_906_TRAINING_MEDIAN,REPORTED_INITIAL_BW__NOT_DMI_BACKCALCULATION,RETROSPECTIVE_PRE_FN_UN_LAB_INFORMATION,TARGET_DM_CP_N_HARMONIZED_AND_CHEMISTRY_CROSSCHECKED,-8.881784197001252e-16
REALV6R_0072,Barley::RealV6_大麦_sample2,Barley,大麦,2,6,growing,29.5,0.5275799999999999,12.872249999999998,12.872249999999998,2.048087058473225,5.036664374999999,5.787498566526773,7.084751433473224,24.39866939611054,0.017884067796610167,0.4363474576271186,15.249168372569088,2.3541453428863868,20.01592175594223,4.617309223245764,5.2655521437507105,,87.92999999999999,13.41,15.250767656090073,-0.0015992835209850398,CONSISTENT,29.5±1.3 kg,15.0,"Australian barley — Shanghai port, Shanghai, China",Barley paper Table 4,MISSING_IN_TARGET__IMPUTED_906_TRAINING_MEDIAN,REPORTED_INITIAL_BW__NOT_DMI_BACKCALCULATION,RETROSPECTIVE_PRE_FN_UN_LAB_INFORMATION,TARGET_DM_CP_N_HARMONIZED_AND_CHEMISTRY_CROSSCHECKED,0.0
REALV6R_0073,Barley::RealV6_大麦_sample3,Barley,大麦,3,1,growing,29.5,0.61712,14.603750000000005,14.603750000000005,2.538421096256494,3.165534375,8.899794528743511,5.703955471256494,23.664360254083494,0.020919322033898305,0.4950423728813561,14.790225158802182,2.4954627949183306,18.307622504537207,4.616606170598912,5.138384754990925,,88.16,13.04,14.791288566243194,-0.0010634074410127425,CONSISTENT,29.5±1.3 kg,17.5,"Canadian barley — Shanghai port, Shanghai, China",Barley paper Table 4,MISSING_IN_TARGET__IMPUTED_906_TRAINING_MEDIAN,REPORTED_INITIAL_BW__NOT_DMI_BACKCALCULATION,RETROSPECTIVE_PRE_FN_UN_LAB_INFORMATION,TARGET_DM_CP_N_HARMONIZED_AND_CHEMISTRY_CROSSCHECKED,0.0
REALV6R_0074,Barley::RealV6_大麦_sample3,Barley,大麦,3,2,growing,29.5,0.61712,14.603750000000005,14.603750000000005,2.295658142172655,4.707868125,7.6002237328273505,7.003526267172655,23.664360254083494,0.020919322033898305,0.4950423728813561,14.790225158802182,2.4954627949183306,18.307622504537207,4.616606170598912,5.138384754990925,,88.16,13.04,14.791288566243194,-0.0010634074410127425,CONSISTENT,29.5±1.3 kg,17.5,"Canadian barley — Shanghai port, Shanghai, China",Barley paper Table 4,MISSING_IN_TARGET__IMPUTED_906_TRAINING_MEDIAN,REPORTED_INITIAL_BW__NOT_DMI_BACKCALCULATION,RETROSPECTIVE_PRE_FN_UN_LAB_INFORMATION,TARGET_DM_CP_N_HARMONIZED_AND_CHEMISTRY_CROSSCHECKED,-8.881784197001252e-16
REALV6R_0075,Barley::RealV6_大麦_sample3,Barley,大麦,3,3,growing,29.5,0.61712,14.603750000000005,14.603750000000005,1.949850753681883,3.889925,8.763974246318122,5.839775753681883,23.664360254083494,0.020919322033898305,0.4950423728813561,14.790225158802182,2.4954627949183306,18.307622504537207,4.616606170598912,5.138384754990925,,88.16,13.04,14.791288566243194,-0.0010634074410127425,CONSISTENT,29.5±1.3 kg,17.5,"Canadian barley — Shanghai port, Shanghai, China",Barley paper Table 4,MISSING_IN_TARGET__IMPUTED_906_TRAINING_MEDIAN,REPORTED_INITIAL_BW__NOT_DMI_BACKCALCULATION,RETROSPECTIVE_PRE_FN_UN_LAB_INFORMATION,TARGET_DM_CP_N_HARMONIZED_AND_CHEMISTRY_CROSSCHECKED,0.0
REALV6R_0076,Barley::RealV6_大麦_sample3,Barley,大麦,3,4,growing,29.5,0.61712,14.603750000000005,14.603750000000005,2.518674100850092,3.53293125,8.552144649149913,6.051605350850092,23.664360254083494,0.020919322033898305,0.4950423728813561,14.790225158802182,2.4954627949183306,18.307622504537207,4.616606170598912,5.138384754990925,,88.16,13.04,14.791288566243194,-0.0010634074410127425,CONSISTENT,29.5±1.3 kg,17.5,"Canadian barley — Shanghai port, Shanghai, China",Barley paper Table 4,MISSING_IN_TARGET__IMPUTED_906_TRAINING_MEDIAN,REPORTED_INITIAL_BW__NOT_DMI_BACKCALCULATION,RETROSPECTIVE_PRE_FN_UN_LAB_INFORMATION,TARGET_DM_CP_N_HARMONIZED_AND_CHEMISTRY_CROSSCHECKED,0.0
REALV6R_0077,Barley::RealV6_大麦_sample3,Barley,大麦,3,5,growing,29.5,0.61712,14.603750000000005,14.603750000000005,2.3422387613502,5.175434375,7.086076863649805,7.5176731363502,23.664360254083494,0.020919322033898305,0.4950423728813561,14.790225158802182,2.4954627949183306,18.307622504537207,4.616606170598912,5.138384754990925,,88.16,13.04,14.791288566243194,-0.0010634074410127425,CONSISTENT,29.5±1.3 kg,17.5,"Canadian barley — Shanghai port, Shanghai, China",Barley paper Table 4,MISSING_IN_TARGET__IMPUTED_906_TRAINING_MEDIAN,REPORTED_INITIAL_BW__NOT_DMI_BACKCALCULATION,RETROSPECTIVE_PRE_FN_UN_LAB_INFORMATION,TARGET_DM_CP_N_HARMONIZED_AND_CHEMISTRY_CROSSCHECKED,8.881784197001252e-16
REALV6R_0078,Barley::RealV6_大麦_sample3,Barley,大麦,3,6,growing,29.5,0.61712,14.603750000000005,14.603750000000005,2.139613099715168,3.980214375,8.483922525284838,6.1198274747151675,23.664360254083494,0.020919322033898305,0.4950423728813561,14.790225158802182,2.4954627949183306,18.307622504537207,4.616606170598912,5.138384754990925,,88.16,13.04,14.791288566243194,-0.0010634074410127425,CONSISTENT,29.5±1.3 kg,17.5,"Canadian barley — Shanghai port, Shanghai, China",Barley paper Table 4,MISSING_IN_TARGET__IMPUTED_906_TRAINING_MEDIAN,REPORTED_INITIAL_BW__NOT_DMI_BACKCALCULATION,RETROSPECTIVE_PRE_FN_UN_LAB_INFORMATION,TARGET_DM_CP_N_HARMONIZED_AND_CHEMISTRY_CROSSCHECKED,-1.7763568394002505e-15
REALV6R_0079,Barley::RealV6_大麦_sample4,Barley,大麦,4,1,growing,29.5,0.6196400000000001,13.609312500000001,13.609312500000001,1.818317910546384,2.721722500000002,9.069272089453616,4.540040410546386,21.963256891098055,0.021004745762711868,0.46133262711864415,13.727035556936285,1.1070944419340263,20.707184816990505,5.637144148215092,5.964753727971079,,88.52000000000001,12.15,13.725711703569814,0.001323853366470118,CONSISTENT,29.5±1.3 kg,17.5,"Australian barley — WENS, Guangdong, China",Barley paper Table 4,MISSING_IN_TARGET__IMPUTED_906_TRAINING_MEDIAN,REPORTED_INITIAL_BW__NOT_DMI_BACKCALCULATION,RETROSPECTIVE_PRE_FN_UN_LAB_INFORMATION,TARGET_DM_CP_N_HARMONIZED_AND_CHEMISTRY_CROSSCHECKED,0.0
REALV6R_0080,Barley::RealV6_大麦_sample4,Barley,大麦,4,2,growing,29.5,0.6196400000000001,13.609312500000001,13.609312500000001,1.940472700939966,5.374244999999999,6.294594799060036,7.3147177009399655,21.963256891098055,0.021004745762711868,0.46133262711864415,13.727035556936285,1.1070944419340263,20.707184816990505,5.637144148215092,5.964753727971079,,88.52000000000001,12.15,13.725711703569814,0.001323853366470118,CONSISTENT,29.5±1.3 kg,17.5,"Australian barley — WENS, Guangdong, China",Barley paper Table 4,MISSING_IN_TARGET__IMPUTED_906_TRAINING_MEDIAN,REPORTED_INITIAL_BW__NOT_DMI_BACKCALCULATION,RETROSPECTIVE_PRE_FN_UN_LAB_INFORMATION,TARGET_DM_CP_N_HARMONIZED_AND_CHEMISTRY_CROSSCHECKED,8.881784197001252e-16
REALV6R_0081,Barley::RealV6_大麦_sample4,Barley,大麦,4,3,growing,29.5,0.6196400000000001,13.609312500000001,13.609312500000001,2.124429615033196,3.648124999999998,7.836757884966808,5.772554615033194,21.963256891098055,0.021004745762711868,0.46133262711864415,13.727035556936285,1.1070944419340263,20.707184816990505,5.637144148215092,5.964753727971079,,88.52000000000001,12.15,13.725711703569814,0.001323853366470118,CONSISTENT,29.5±1.3 kg,17.5,"Australian barley — WENS, Guangdong, China",Barley paper Table 4,MISSING_IN_TARGET__IMPUTED_906_TRAINING_MEDIAN,REPORTED_INITIAL_BW__NOT_DMI_BACKCALCULATION,RETROSPECTIVE_PRE_FN_UN_LAB_INFORMATION,TARGET_DM_CP_N_HARMONIZED_AND_CHEMISTRY_CROSSCHECKED,-1.7763568394002505e-15
REALV6R_0082,Barley::RealV6_大麦_sample4,Barley,大麦,4,4,growing,29.5,0.6196400000000001,13.609312500000001,13.609312500000001,2.084459958886776,2.976312499999999,8.548540041113228,5.060772458886775,21.963256891098055,0.021004745762711868,0.46133262711864415,13.727035556936285,1.1070944419340263,20.707184816990505,5.637144148215092,5.964753727971079,,88.52000000000001,12.15,13.725711703569814,0.001323853366470118,CONSISTENT,29.5±1.3 kg,17.5,"Australian barley — WENS, Guangdong, China",Barley paper Table 4,MISSING_IN_TARGET__IMPUTED_906_TRAINING_MEDIAN,REPORTED_INITIAL_BW__NOT_DMI_BACKCALCULATION,RETROSPECTIVE_PRE_FN_UN_LAB_INFORMATION,TARGET_DM_CP_N_HARMONIZED_AND_CHEMISTRY_CROSSCHECKED,0.0
REALV6R_0083,Barley::RealV6_大麦_sample4,Barley,大麦,4,5,growing,29.5,0.6196400000000001,13.609312500000001,13.609312500000001,1.927365342540593,4.346845833333336,7.3351013241260725,6.274211175873929,21.963256891098055,0.021004745762711868,0.46133262711864415,13.727035556936285,1.1070944419340263,20.707184816990505,5.637144148215092,5.964753727971079,,88.52000000000001,12.15,13.725711703569814,0.001323853366470118,CONSISTENT,29.5±1.3 kg,17.5,"Australian barley — WENS, Guangdong, China",Barley paper Table 4,MISSING_IN_TARGET__IMPUTED_906_TRAINING_MEDIAN,REPORTED_INITIAL_BW__NOT_DMI_BACKCALCULATION,RETROSPECTIVE_PRE_FN_UN_LAB_INFORMATION,TARGET_DM_CP_N_HARMONIZED_AND_CHEMISTRY_CROSSCHECKED,0.0
REALV6R_0084,Barley::RealV6_大麦_sample4,Barley,大麦,4,6,growing,29.5,0.6196400000000001,13.609312500000001,13.609312500000001,1.982700548175491,1.726958333333331,9.899653618491179,3.7096588815088216,21.963256891098055,0.021004745762711868,0.46133262711864415,13.727035556936285,1.1070944419340263,20.707184816990505,5.637144148215092,5.964753727971079,,88.52000000000001,12.15,13.725711703569814,0.001323853366470118,CONSISTENT,29.5±1.3 kg,17.5,"Australian barley — WENS, Guangdong, China",Barley paper Table 4,MISSING_IN_TARGET__IMPUTED_906_TRAINING_MEDIAN,REPORTED_INITIAL_BW__NOT_DMI_BACKCALCULATION,RETROSPECTIVE_PRE_FN_UN_LAB_INFORMATION,TARGET_DM_CP_N_HARMONIZED_AND_CHEMISTRY_CROSSCHECKED,1.7763568394002505e-15
REALV6R_0085,Barley::RealV6_大麦_sample5,Barley,大麦,5,1,growing,29.5,0.61775,14.409937500000002,14.409937500000002,1.69390226415095,6.745341666666645,5.970693569182407,8.439243930817595,23.326487252124647,0.020940677966101696,0.4884724576271187,14.579054532577903,1.529745042492918,20.725212464589234,4.555240793201133,5.563739376770538,,88.25,12.87,14.58356940509915,-0.0045148725212467156,CONSISTENT,29.5±1.3 kg,17.5,"Unknown — HaiD group, Guangdong, China",Barley paper Table 4,MISSING_IN_TARGET__IMPUTED_906_TRAINING_MEDIAN,REPORTED_INITIAL_BW__NOT_DMI_BACKCALCULATION,RETROSPECTIVE_PRE_FN_UN_LAB_INFORMATION,TARGET_DM_CP_N_HARMONIZED_AND_CHEMISTRY_CROSSCHECKED,0.0
REALV6R_0086,Barley::RealV6_大麦_sample5,Barley,大麦,5,2,growing,29.5,0.61775,14.409937500000002,14.409937500000002,1.822141445994834,2.794270833333335,9.793525220671832,4.616412279328169,23.326487252124647,0.020940677966101696,0.4884724576271187,14.579054532577903,1.529745042492918,20.725212464589234,4.555240793201133,5.563739376770538,,88.25,12.87,14.58356940509915,-0.0045148725212467156,CONSISTENT,29.5±1.3 kg,17.5,"Unknown — HaiD group, Guangdong, China",Barley paper Table 4,MISSING_IN_TARGET__IMPUTED_906_TRAINING_MEDIAN,REPORTED_INITIAL_BW__NOT_DMI_BACKCALCULATION,RETROSPECTIVE_PRE_FN_UN_LAB_INFORMATION,TARGET_DM_CP_N_HARMONIZED_AND_CHEMISTRY_CROSSCHECKED,0.0
REALV6R_0087,Barley::RealV6_大麦_sample5,Barley,大麦,5,3,growing,29.5,0.61775,14.409937500000002,14.409937500000002,1.789160482605028,2.997270833333332,9.623506184061641,4.78643131593836,23.326487252124647,0.020940677966101696,0.4884724576271187,14.579054532577903,1.529745042492918,20.725212464589234,4.555240793201133,5.563739376770538,,88.25,12.87,14.58356940509915,-0.0045148725212467156,CONSISTENT,29.5±1.3 kg,17.5,"Unknown — HaiD group, Guangdong, China",Barley paper Table 4,MISSING_IN_TARGET__IMPUTED_906_TRAINING_MEDIAN,REPORTED_INITIAL_BW__NOT_DMI_BACKCALCULATION,RETROSPECTIVE_PRE_FN_UN_LAB_INFORMATION,TARGET_DM_CP_N_HARMONIZED_AND_CHEMISTRY_CROSSCHECKED,0.0
REALV6R_0088,Barley::RealV6_大麦_sample5,Barley,大麦,5,4,growing,29.5,0.61775,14.409937500000002,14.409937500000002,2.072765543710021,4.1459375,8.191234456289981,6.21870304371002,23.326487252124647,0.020940677966101696,0.4884724576271187,14.579054532577903,1.529745042492918,20.725212464589234,4.555240793201133,5.563739376770538,,88.25,12.87,14.58356940509915,-0.0045148725212467156,CONSISTENT,29.5±1.3 kg,17.5,"Unknown — HaiD group, Guangdong, China",Barley paper Table 4,MISSING_IN_TARGET__IMPUTED_906_TRAINING_MEDIAN,REPORTED_INITIAL_BW__NOT_DMI_BACKCALCULATION,RETROSPECTIVE_PRE_FN_UN_LAB_INFORMATION,TARGET_DM_CP_N_HARMONIZED_AND_CHEMISTRY_CROSSCHECKED,-1.7763568394002505e-15
REALV6R_0089,Barley::RealV6_大麦_sample5,Barley,大麦,5,5,growing,29.5,0.61775,14.409937500000002,14.409937500000002,1.767732748256973,3.531802499999998,9.11040225174303,5.299535248256971,23.326487252124647,0.020940677966101696,0.4884724576271187,14.579054532577903,1.529745042492918,20.725212464589234,4.555240793201133,5.563739376770538,,88.25,12.87,14.58356940509915,-0.0045148725212467156,CONSISTENT,29.5±1.3 kg,17.5,"Unknown — HaiD group, Guangdong, China",Barley paper Table 4,MISSING_IN_TARGET__IMPUTED_906_TRAINING_MEDIAN,REPORTED_INITIAL_BW__NOT_DMI_BACKCALCULATION,RETROSPECTIVE_PRE_FN_UN_LAB_INFORMATION,TARGET_DM_CP_N_HARMONIZED_AND_CHEMISTRY_CROSSCHECKED,0.0
REALV6R_0090,Barley::RealV6_大麦_sample5,Barley,大麦,5,6,growing,29.5,0.61775,14.409937500000002,14.409937500000002,1.70193950936612,4.490580833333347,8.217417157300535,6.192520342699467,23.326487252124647,0.020940677966101696,0.4884724576271187,14.579054532577903,1.529745042492918,20.725212464589234,4.555240793201133,5.563739376770538,,88.25,12.87,14.58356940509915,-0.0045148725212467156,CONSISTENT,29.5±1.3 kg,17.5,"Unknown — HaiD group, Guangdong, China",Barley paper Table 4,MISSING_IN_TARGET__IMPUTED_906_TRAINING_MEDIAN,REPORTED_INITIAL_BW__NOT_DMI_BACKCALCULATION,RETROSPECTIVE_PRE_FN_UN_LAB_INFORMATION,TARGET_DM_CP_N_HARMONIZED_AND_CHEMISTRY_CROSSCHECKED,0.0
REALV6R_0091,Barley::RealV6_大麦_sample6,Barley,大麦,6,1,growing,29.5,0.61691,13.878375,13.878375,1.803538952006299,4.361744166666669,7.713091881327032,6.165283118672968,22.496595937819134,0.020912203389830505,0.4704533898305085,14.060372461136957,2.8480653579938724,22.341994780437993,5.605355724497901,5.4351526154544425,,88.13,12.39,14.058776806989675,0.0015956541472821328,CONSISTENT,29.5±1.3 kg,17.5,"Unknown — Changsha brewery, Hunan, China",Barley paper Table 4,MISSING_IN_TARGET__IMPUTED_906_TRAINING_MEDIAN,REPORTED_INITIAL_BW__NOT_DMI_BACKCALCULATION,RETROSPECTIVE_PRE_FN_UN_LAB_INFORMATION,TARGET_DM_CP_N_HARMONIZED_AND_CHEMISTRY_CROSSCHECKED,0.0
REALV6R_0092,Barley::RealV6_大麦_sample6,Barley,大麦,6,2,growing,29.5,0.61691,13.878375,13.878375,1.797792058226841,2.454658333333334,9.625924608439824,4.252450391560175,22.496595937819134,0.020912203389830505,0.4704533898305085,14.060372461136957,2.8480653579938724,22.341994780437993,5.605355724497901,5.4351526154544425,,88.13,12.39,14.058776806989675,0.0015956541472821328,CONSISTENT,29.5±1.3 kg,17.5,"Unknown — Changsha brewery, Hunan, China",Barley paper Table 4,MISSING_IN_TARGET__IMPUTED_906_TRAINING_MEDIAN,REPORTED_INITIAL_BW__NOT_DMI_BACKCALCULATION,RETROSPECTIVE_PRE_FN_UN_LAB_INFORMATION,TARGET_DM_CP_N_HARMONIZED_AND_CHEMISTRY_CROSSCHECKED,0.0
REALV6R_0093,Barley::RealV6_大麦_sample6,Barley,大麦,6,3,growing,29.5,0.61691,13.878375,13.878375,1.769142699374345,4.096054166666669,8.013178133958986,5.865196866041014,22.496595937819134,0.020912203389830505,0.4704533898305085,14.060372461136957,2.8480653579938724,22.341994780437993,5.605355724497901,5.4351526154544425,,88.13,12.39,14.058776806989675,0.0015956541472821328,CONSISTENT,29.5±1.3 kg,17.5,"Unknown — Changsha brewery, Hunan, China",Barley paper Table 4,MISSING_IN_TARGET__IMPUTED_906_TRAINING_MEDIAN,REPORTED_INITIAL_BW__NOT_DMI_BACKCALCULATION,RETROSPECTIVE_PRE_FN_UN_LAB_INFORMATION,TARGET_DM_CP_N_HARMONIZED_AND_CHEMISTRY_CROSSCHECKED,-1.7763568394002505e-15
REALV6R_0094,Barley::RealV6_大麦_sample6,Barley,大麦,6,4,growing,29.5,0.61691,13.878375,13.878375,1.976565592396266,3.559291666666664,8.342517740937069,5.53585725906293,22.496595937819134,0.020912203389830505,0.4704533898305085,14.060372461136957,2.8480653579938724,22.341994780437993,5.605355724497901,5.4351526154544425,,88.13,12.39,14.058776806989675,0.0015956541472821328,CONSISTENT,29.5±1.3 kg,17.5,"Unknown — Changsha brewery, Hunan, China",Barley paper Table 4,MISSING_IN_TARGET__IMPUTED_906_TRAINING_MEDIAN,REPORTED_INITIAL_BW__NOT_DMI_BACKCALCULATION,RETROSPECTIVE_PRE_FN_UN_LAB_INFORMATION,TARGET_DM_CP_N_HARMONIZED_AND_CHEMISTRY_CROSSCHECKED,0.0
REALV6R_0095,Barley::RealV6_大麦_sample6,Barley,大麦,6,5,growing,29.5,0.61691,13.878375,13.878375,1.902505635379856,4.228824999999997,7.747044364620147,6.131330635379853,22.496595937819134,0.020912203389830505,0.4704533898305085,14.060372461136957,2.8480653579938724,22.341994780437993,5.605355724497901,5.4351526154544425,,88.13,12.39,14.058776806989675,0.0015956541472821328,CONSISTENT,29.5±1.3 kg,17.5,"Unknown — Changsha brewery, Hunan, China",Barley paper Table 4,MISSING_IN_TARGET__IMPUTED_906_TRAINING_MEDIAN,REPORTED_INITIAL_BW__NOT_DMI_BACKCALCULATION,RETROSPECTIVE_PRE_FN_UN_LAB_INFORMATION,TARGET_DM_CP_N_HARMONIZED_AND_CHEMISTRY_CROSSCHECKED,8.881784197001252e-16
REALV6R_0096,Barley::RealV6_大麦_sample6,Barley,大麦,6,6,growing,29.5,0.61691,13.878375,13.878375,2.012942619149368,1.162795833333335,10.702636547517297,3.175738452482703,22.496595937819134,0.020912203389830505,0.4704533898305085,14.060372461136957,2.8480653579938724,22.341994780437993,5.605355724497901,5.4351526154544425,,88.13,12.39,14.058776806989675,0.0015956541472821328,CONSISTENT,29.5±1.3 kg,17.5,"Unknown — Changsha brewery, Hunan, China",Barley paper Table 4,MISSING_IN_TARGET__IMPUTED_906_TRAINING_MEDIAN,REPORTED_INITIAL_BW__NOT_DMI_BACKCALCULATION,RETROSPECTIVE_PRE_FN_UN_LAB_INFORMATION,TARGET_DM_CP_N_HARMONIZED_AND_CHEMISTRY_CROSSCHECKED,-1.7763568394002505e-15
REALV6R_0097,Barley::RealV6_大麦_sample7,Barley,大麦,7,1,growing,29.5,0.79326,18.4753125,18.4753125,2.4499250614379,4.692567333333338,11.332820105228762,7.142492394771239,23.290361924211485,0.026890169491525423,0.626281779661017,14.556476202632176,5.230315407306558,20.44474699341956,5.128205128205128,7.476741547538009,,88.14,12.83,14.556387565237124,8.863739505216017e-05,CONSISTENT,29.5±1.3 kg,22.5,"Unknown — Changsha DBN group, Hunan, China",Barley paper Table 4,MISSING_IN_TARGET__IMPUTED_906_TRAINING_MEDIAN,REPORTED_INITIAL_BW__NOT_DMI_BACKCALCULATION,RETROSPECTIVE_PRE_FN_UN_LAB_INFORMATION,TARGET_DM_CP_N_HARMONIZED_AND_CHEMISTRY_CROSSCHECKED,1.7763568394002505e-15
REALV6R_0098,Barley::RealV6_大麦_sample7,Barley,大麦,7,2,growing,29.5,0.79326,18.4753125,18.4753125,2.860930945291482,4.144616666666662,11.469764888041857,7.005547611958145,23.290361924211485,0.026890169491525423,0.626281779661017,14.556476202632176,5.230315407306558,20.44474699341956,5.128205128205128,7.476741547538009,,88.14,12.83,14.556387565237124,8.863739505216017e-05,CONSISTENT,29.5±1.3 kg,22.5,"Unknown — Changsha DBN group, Hunan, China",Barley paper Table 4,MISSING_IN_TARGET__IMPUTED_906_TRAINING_MEDIAN,REPORTED_INITIAL_BW__NOT_DMI_BACKCALCULATION,RETROSPECTIVE_PRE_FN_UN_LAB_INFORMATION,TARGET_DM_CP_N_HARMONIZED_AND_CHEMISTRY_CROSSCHECKED,0.0
REALV6R_0099,Barley::RealV6_大麦_sample7,Barley,大麦,7,3,growing,29.5,0.79326,18.4753125,18.4753125,2.116762673198658,4.563893166666663,11.794656660134681,6.680655839865321,23.290361924211485,0.026890169491525423,0.626281779661017,14.556476202632176,5.230315407306558,20.44474699341956,5.128205128205128,7.476741547538009,,88.14,12.83,14.556387565237124,8.863739505216017e-05,CONSISTENT,29.5±1.3 kg,22.5,"Unknown — Changsha DBN group, Hunan, China",Barley paper Table 4,MISSING_IN_TARGET__IMPUTED_906_TRAINING_MEDIAN,REPORTED_INITIAL_BW__NOT_DMI_BACKCALCULATION,RETROSPECTIVE_PRE_FN_UN_LAB_INFORMATION,TARGET_DM_CP_N_HARMONIZED_AND_CHEMISTRY_CROSSCHECKED,0.0
REALV6R_0100,Barley::RealV6_大麦_sample7,Barley,大麦,7,4,growing,29.5,0.79326,18.4753125,18.4753125,2.569223655926776,4.576750833333329,11.329338010739896,7.145974489260105,23.290361924211485,0.026890169491525423,0.626281779661017,14.556476202632176,5.230315407306558,20.44474699341956,5.128205128205128,7.476741547538009,,88.14,12.83,14.556387565237124,8.863739505216017e-05,CONSISTENT,29.5±1.3 kg,22.5,"Unknown — Changsha DBN group, Hunan, China",Barley paper Table 4,MISSING_IN_TARGET__IMPUTED_906_TRAINING_MEDIAN,REPORTED_INITIAL_BW__NOT_DMI_BACKCALCULATION,RETROSPECTIVE_PRE_FN_UN_LAB_INFORMATION,TARGET_DM_CP_N_HARMONIZED_AND_CHEMISTRY_CROSSCHECKED,0.0
REALV6R_0101,Barley::RealV6_大麦_sample7,Barley,大麦,7,5,growing,29.5,0.79326,18.4753125,18.4753125,2.489612619442474,4.459782999999995,11.525916880557531,6.94939561944247,23.290361924211485,0.026890169491525423,0.626281779661017,14.556476202632176,5.230315407306558,20.44474699341956,5.128205128205128,7.476741547538009,,88.14,12.83,14.556387565237124,8.863739505216017e-05,CONSISTENT,29.5±1.3 kg,22.5,"Unknown — Changsha DBN group, Hunan, China",Barley paper Table 4,MISSING_IN_TARGET__IMPUTED_906_TRAINING_MEDIAN,REPORTED_INITIAL_BW__NOT_DMI_BACKCALCULATION,RETROSPECTIVE_PRE_FN_UN_LAB_INFORMATION,TARGET_DM_CP_N_HARMONIZED_AND_CHEMISTRY_CROSSCHECKED,0.0
REALV6R_0102,Barley::RealV6_大麦_sample7,Barley,大麦,7,6,growing,29.5,0.79326,18.4753125,18.4753125,2.082527444036698,3.715083166666671,12.677701889296632,5.797610610703369,23.290361924211485,0.026890169491525423,0.626281779661017,14.556476202632176,5.230315407306558,20.44474699341956,5.128205128205128,7.476741547538009,,88.14,12.83,14.556387565237124,8.863739505216017e-05,CONSISTENT,29.5±1.3 kg,22.5,"Unknown — Changsha DBN group, Hunan, China",Barley paper Table 4,MISSING_IN_TARGET__IMPUTED_906_TRAINING_MEDIAN,REPORTED_INITIAL_BW__NOT_DMI_BACKCALCULATION,RETROSPECTIVE_PRE_FN_UN_LAB_INFORMATION,TARGET_DM_CP_N_HARMONIZED_AND_CHEMISTRY_CROSSCHECKED,-1.7763568394002505e-15
REALV6R_0103,Barley::RealV6_大麦_sample8,Barley,大麦,8,1,growing,29.5,0.8882000000000002,21.027500000000003,21.027500000000003,3.097193020072397,4.882164,13.048142979927606,7.979357020072397,23.67428507092997,0.030108474576271194,0.7127966101694917,14.79642816933123,3.343841477144787,19.173609547399234,4.64985363656834,5.3704120693537485,,88.82000000000001,13.14,14.793965323125422,0.002462846205808944,CONSISTENT,29.5±1.3 kg,25.0,"Unknown — TRS group, Hunan, China",Barley paper Table 4,MISSING_IN_TARGET__IMPUTED_906_TRAINING_MEDIAN,REPORTED_INITIAL_BW__NOT_DMI_BACKCALCULATION,RETROSPECTIVE_PRE_FN_UN_LAB_INFORMATION,TARGET_DM_CP_N_HARMONIZED_AND_CHEMISTRY_CROSSCHECKED,1.7763568394002505e-15
REALV6R_0104,Barley::RealV6_大麦_sample8,Barley,大麦,8,2,growing,29.5,0.8882000000000002,21.027500000000003,21.027500000000003,3.04203163374683,4.8606555,13.124812866253173,7.90268713374683,23.67428507092997,0.030108474576271194,0.7127966101694917,14.79642816933123,3.343841477144787,19.173609547399234,4.64985363656834,5.3704120693537485,,88.82000000000001,13.14,14.793965323125422,0.002462846205808944,CONSISTENT,29.5±1.3 kg,25.0,"Unknown — TRS group, Hunan, China",Barley paper Table 4,MISSING_IN_TARGET__IMPUTED_906_TRAINING_MEDIAN,REPORTED_INITIAL_BW__NOT_DMI_BACKCALCULATION,RETROSPECTIVE_PRE_FN_UN_LAB_INFORMATION,TARGET_DM_CP_N_HARMONIZED_AND_CHEMISTRY_CROSSCHECKED,0.0
REALV6R_0105,Barley::RealV6_大麦_sample8,Barley,大麦,8,3,growing,29.5,0.8882000000000002,21.027500000000003,21.027500000000003,2.210263993287938,4.0919175,14.725318506712066,6.302181493287938,23.67428507092997,0.030108474576271194,0.7127966101694917,14.79642816933123,3.343841477144787,19.173609547399234,4.64985363656834,5.3704120693537485,,88.82000000000001,13.14,14.793965323125422,0.002462846205808944,CONSISTENT,29.5±1.3 kg,25.0,"Unknown — TRS group, Hunan, China",Barley paper Table 4,MISSING_IN_TARGET__IMPUTED_906_TRAINING_MEDIAN,REPORTED_INITIAL_BW__NOT_DMI_BACKCALCULATION,RETROSPECTIVE_PRE_FN_UN_LAB_INFORMATION,TARGET_DM_CP_N_HARMONIZED_AND_CHEMISTRY_CROSSCHECKED,-1.7763568394002505e-15
REALV6R_0106,Barley::RealV6_大麦_sample8,Barley,大麦,8,4,growing,29.5,0.8882000000000002,21.027500000000003,21.027500000000003,2.406045153977804,6.142618499999999,12.4788363460222,8.548663653977803,23.67428507092997,0.030108474576271194,0.7127966101694917,14.79642816933123,3.343841477144787,19.173609547399234,4.64985363656834,5.3704120693537485,,88.82000000000001,13.14,14.793965323125422,0.002462846205808944,CONSISTENT,29.5±1.3 kg,25.0,"Unknown — TRS group, Hunan, China",Barley paper Table 4,MISSING_IN_TARGET__IMPUTED_906_TRAINING_MEDIAN,REPORTED_INITIAL_BW__NOT_DMI_BACKCALCULATION,RETROSPECTIVE_PRE_FN_UN_LAB_INFORMATION,TARGET_DM_CP_N_HARMONIZED_AND_CHEMISTRY_CROSSCHECKED,0.0
REALV6R_0107,Barley::RealV6_大麦_sample8,Barley,大麦,8,5,growing,29.5,0.8882000000000002,21.027500000000003,21.027500000000003,2.770834519128181,6.167669166666673,12.088996314205149,8.938503685794855,23.67428507092997,0.030108474576271194,0.7127966101694917,14.79642816933123,3.343841477144787,19.173609547399234,4.64985363656834,5.3704120693537485,,88.82000000000001,13.14,14.793965323125422,0.002462846205808944,CONSISTENT,29.5±1.3 kg,25.0,"Unknown — TRS group, Hunan, China",Barley paper Table 4,MISSING_IN_TARGET__IMPUTED_906_TRAINING_MEDIAN,REPORTED_INITIAL_BW__NOT_DMI_BACKCALCULATION,RETROSPECTIVE_PRE_FN_UN_LAB_INFORMATION,TARGET_DM_CP_N_HARMONIZED_AND_CHEMISTRY_CROSSCHECKED,1.7763568394002505e-15
REALV6R_0108,Barley::RealV6_大麦_sample8,Barley,大麦,8,6,growing,29.5,0.8882000000000002,21.027500000000003,21.027500000000003,2.901700134848637,4.545757499999994,13.580042365151371,7.447457634848631,23.67428507092997,0.030108474576271194,0.7127966101694917,14.79642816933123,3.343841477144787,19.173609547399234,4.64985363656834,5.3704120693537485,,88.82000000000001,13.14,14.793965323125422,0.002462846205808944,CONSISTENT,29.5±1.3 kg,25.0,"Unknown — TRS group, Hunan, China",Barley paper Table 4,MISSING_IN_TARGET__IMPUTED_906_TRAINING_MEDIAN,REPORTED_INITIAL_BW__NOT_DMI_BACKCALCULATION,RETROSPECTIVE_PRE_FN_UN_LAB_INFORMATION,TARGET_DM_CP_N_HARMONIZED_AND_CHEMISTRY_CROSSCHECKED,0.0
REALV6R_0109,Barley::RealV6_大麦_sample9,Barley,大麦,9,1,growing,29.5,1.0611599999999999,24.551249999999996,24.551249999999996,3.576917056530219,5.242626,15.731706943469778,8.819543056530218,23.136237702137283,0.035971525423728806,0.8322457627118642,14.460148563835803,4.0370914847902295,20.502092050209203,4.512043424177316,5.14531267669343,,88.42999999999999,12.79,14.463417392287685,-0.003268828451881589,CONSISTENT,29.5±1.3 kg,30.0,"Unknown — MUYUAN, Henan, China",Barley paper Table 4,MISSING_IN_TARGET__IMPUTED_906_TRAINING_MEDIAN,REPORTED_INITIAL_BW__NOT_DMI_BACKCALCULATION,RETROSPECTIVE_PRE_FN_UN_LAB_INFORMATION,TARGET_DM_CP_N_HARMONIZED_AND_CHEMISTRY_CROSSCHECKED,-1.7763568394002505e-15
REALV6R_0110,Barley::RealV6_大麦_sample9,Barley,大麦,9,2,growing,29.5,1.0611599999999999,24.551249999999996,24.551249999999996,3.323323497048312,5.749004500000003,15.47892200295168,9.072327997048315,23.136237702137283,0.035971525423728806,0.8322457627118642,14.460148563835803,4.0370914847902295,20.502092050209203,4.512043424177316,5.14531267669343,,88.42999999999999,12.79,14.463417392287685,-0.003268828451881589,CONSISTENT,29.5±1.3 kg,30.0,"Unknown — MUYUAN, Henan, China",Barley paper Table 4,MISSING_IN_TARGET__IMPUTED_906_TRAINING_MEDIAN,REPORTED_INITIAL_BW__NOT_DMI_BACKCALCULATION,RETROSPECTIVE_PRE_FN_UN_LAB_INFORMATION,TARGET_DM_CP_N_HARMONIZED_AND_CHEMISTRY_CROSSCHECKED,-1.7763568394002505e-15
REALV6R_0111,Barley::RealV6_大麦_sample9,Barley,大麦,9,3,growing,29.5,1.0611599999999999,24.551249999999996,24.551249999999996,3.397340916375544,4.087103166666664,17.066805916957787,7.4844440830422085,23.136237702137283,0.035971525423728806,0.8322457627118642,14.460148563835803,4.0370914847902295,20.502092050209203,4.512043424177316,5.14531267669343,,88.42999999999999,12.79,14.463417392287685,-0.003268828451881589,CONSISTENT,29.5±1.3 kg,30.0,"Unknown — MUYUAN, Henan, China",Barley paper Table 4,MISSING_IN_TARGET__IMPUTED_906_TRAINING_MEDIAN,REPORTED_INITIAL_BW__NOT_DMI_BACKCALCULATION,RETROSPECTIVE_PRE_FN_UN_LAB_INFORMATION,TARGET_DM_CP_N_HARMONIZED_AND_CHEMISTRY_CROSSCHECKED,0.0
REALV6R_0112,Barley::RealV6_大麦_sample9,Barley,大麦,9,4,growing,29.5,1.0611599999999999,24.551249999999996,24.551249999999996,3.534008853594155,5.895683666666663,15.121557479739177,9.429692520260819,23.136237702137283,0.035971525423728806,0.8322457627118642,14.460148563835803,4.0370914847902295,20.502092050209203,4.512043424177316,5.14531267669343,,88.42999999999999,12.79,14.463417392287685,-0.003268828451881589,CONSISTENT,29.5±1.3 kg,30.0,"Unknown — MUYUAN, Henan, China",Barley paper Table 4,MISSING_IN_TARGET__IMPUTED_906_TRAINING_MEDIAN,REPORTED_INITIAL_BW__NOT_DMI_BACKCALCULATION,RETROSPECTIVE_PRE_FN_UN_LAB_INFORMATION,TARGET_DM_CP_N_HARMONIZED_AND_CHEMISTRY_CROSSCHECKED,0.0
REALV6R_0113,Barley::RealV6_大麦_sample9,Barley,大麦,9,5,growing,29.5,1.0611599999999999,24.551249999999996,24.551249999999996,3.563186451954189,5.008404333333338,15.979659214712468,8.571590785287528,23.136237702137283,0.035971525423728806,0.8322457627118642,14.460148563835803,4.0370914847902295,20.502092050209203,4.512043424177316,5.14531267669343,,88.42999999999999,12.79,14.463417392287685,-0.003268828451881589,CONSISTENT,29.5±1.3 kg,30.0,"Unknown — MUYUAN, Henan, China",Barley paper Table 4,MISSING_IN_TARGET__IMPUTED_906_TRAINING_MEDIAN,REPORTED_INITIAL_BW__NOT_DMI_BACKCALCULATION,RETROSPECTIVE_PRE_FN_UN_LAB_INFORMATION,TARGET_DM_CP_N_HARMONIZED_AND_CHEMISTRY_CROSSCHECKED,1.7763568394002505e-15
REALV6R_0114,Barley::RealV6_大麦_sample9,Barley,大麦,9,6,growing,29.5,1.0611599999999999,24.551249999999996,24.551249999999996,2.806668893129773,3.468671499999997,18.275909606870226,6.27534039312977,23.136237702137283,0.035971525423728806,0.8322457627118642,14.460148563835803,4.0370914847902295,20.502092050209203,4.512043424177316,5.14531267669343,,88.42999999999999,12.79,14.463417392287685,-0.003268828451881589,CONSISTENT,29.5±1.3 kg,30.0,"Unknown — MUYUAN, Henan, China",Barley paper Table 4,MISSING_IN_TARGET__IMPUTED_906_TRAINING_MEDIAN,REPORTED_INITIAL_BW__NOT_DMI_BACKCALCULATION,RETROSPECTIVE_PRE_FN_UN_LAB_INFORMATION,TARGET_DM_CP_N_HARMONIZED_AND_CHEMISTRY_CROSSCHECKED,0.0
REALV6R_0115,Barley::RealV6_大麦_sample10,Barley,大麦,10,1,growing,29.5,1.0557599999999998,23.481749999999998,23.481749999999998,3.555689140966679,6.044360000000007,13.881700859033312,9.600049140966686,22.241560581950445,0.03578847457627118,0.7959915254237288,13.900975363719029,2.648329165719482,20.913844055467152,5.433052966583314,5.239827233462151,,87.97999999999999,12.23,13.90088656512844,8.879859058907869e-05,CONSISTENT,29.5±1.3 kg,30.0,"Unknown — JIUDING Group, Hunan, China",Barley paper Table 4,MISSING_IN_TARGET__IMPUTED_906_TRAINING_MEDIAN,REPORTED_INITIAL_BW__NOT_DMI_BACKCALCULATION,RETROSPECTIVE_PRE_FN_UN_LAB_INFORMATION,TARGET_DM_CP_N_HARMONIZED_AND_CHEMISTRY_CROSSCHECKED,0.0
REALV6R_0116,Barley::RealV6_大麦_sample10,Barley,大麦,10,2,growing,29.5,1.0557599999999998,23.481749999999998,23.481749999999998,2.978147931248075,5.2179795,15.285622568751922,8.196127431248076,22.241560581950445,0.03578847457627118,0.7959915254237288,13.900975363719029,2.648329165719482,20.913844055467152,5.433052966583314,5.239827233462151,,87.97999999999999,12.23,13.90088656512844,8.879859058907869e-05,CONSISTENT,29.5±1.3 kg,30.0,"Unknown — JIUDING Group, Hunan, China",Barley paper Table 4,MISSING_IN_TARGET__IMPUTED_906_TRAINING_MEDIAN,REPORTED_INITIAL_BW__NOT_DMI_BACKCALCULATION,RETROSPECTIVE_PRE_FN_UN_LAB_INFORMATION,TARGET_DM_CP_N_HARMONIZED_AND_CHEMISTRY_CROSSCHECKED,1.7763568394002505e-15
REALV6R_0117,Barley::RealV6_大麦_sample10,Barley,大麦,10,3,growing,29.5,1.0557599999999998,23.481749999999998,23.481749999999998,2.828960166875926,4.354630000000003,16.298159833124068,7.183590166875929,22.241560581950445,0.03578847457627118,0.7959915254237288,13.900975363719029,2.648329165719482,20.913844055467152,5.433052966583314,5.239827233462151,,87.97999999999999,12.23,13.90088656512844,8.879859058907869e-05,CONSISTENT,29.5±1.3 kg,30.0,"Unknown — JIUDING Group, Hunan, China",Barley paper Table 4,MISSING_IN_TARGET__IMPUTED_906_TRAINING_MEDIAN,REPORTED_INITIAL_BW__NOT_DMI_BACKCALCULATION,RETROSPECTIVE_PRE_FN_UN_LAB_INFORMATION,TARGET_DM_CP_N_HARMONIZED_AND_CHEMISTRY_CROSSCHECKED,0.0
REALV6R_0118,Barley::RealV6_大麦_sample10,Barley,大麦,10,4,growing,29.5,1.0557599999999998,23.481749999999998,23.481749999999998,3.737361052458485,5.729652499999999,14.014736447541514,9.467013552458484,22.241560581950445,0.03578847457627118,0.7959915254237288,13.900975363719029,2.648329165719482,20.913844055467152,5.433052966583314,5.239827233462151,,87.97999999999999,12.23,13.90088656512844,8.879859058907869e-05,CONSISTENT,29.5±1.3 kg,30.0,"Unknown — JIUDING Group, Hunan, China",Barley paper Table 4,MISSING_IN_TARGET__IMPUTED_906_TRAINING_MEDIAN,REPORTED_INITIAL_BW__NOT_DMI_BACKCALCULATION,RETROSPECTIVE_PRE_FN_UN_LAB_INFORMATION,TARGET_DM_CP_N_HARMONIZED_AND_CHEMISTRY_CROSSCHECKED,-1.7763568394002505e-15
REALV6R_0119,Barley::RealV6_大麦_sample10,Barley,大麦,10,5,growing,29.5,1.0557599999999998,23.481749999999998,23.481749999999998,3.138112151760911,6.378417499999994,13.965220348239093,9.516529651760905,22.241560581950445,0.03578847457627118,0.7959915254237288,13.900975363719029,2.648329165719482,20.913844055467152,5.433052966583314,5.239827233462151,,87.97999999999999,12.23,13.90088656512844,8.879859058907869e-05,CONSISTENT,29.5±1.3 kg,30.0,"Unknown — JIUDING Group, Hunan, China",Barley paper Table 4,MISSING_IN_TARGET__IMPUTED_906_TRAINING_MEDIAN,REPORTED_INITIAL_BW__NOT_DMI_BACKCALCULATION,RETROSPECTIVE_PRE_FN_UN_LAB_INFORMATION,TARGET_DM_CP_N_HARMONIZED_AND_CHEMISTRY_CROSSCHECKED,0.0
REALV6R_0120,Barley::RealV6_大麦_sample10,Barley,大麦,10,6,growing,29.5,1.0557599999999998,23.481749999999998,23.481749999999998,2.999462255389715,6.591869166666662,13.89041857794362,9.591331422056378,22.241560581950445,0.03578847457627118,0.7959915254237288,13.900975363719029,2.648329165719482,20.913844055467152,5.433052966583314,5.239827233462151,,87.97999999999999,12.23,13.90088656512844,8.879859058907869e-05,CONSISTENT,29.5±1.3 kg,30.0,"Unknown — JIUDING Group, Hunan, China",Barley paper Table 4,MISSING_IN_TARGET__IMPUTED_906_TRAINING_MEDIAN,REPORTED_INITIAL_BW__NOT_DMI_BACKCALCULATION,RETROSPECTIVE_PRE_FN_UN_LAB_INFORMATION,TARGET_DM_CP_N_HARMONIZED_AND_CHEMISTRY_CROSSCHECKED,0.0
REALV6R_0487,Wheat::RealV6_小麦_sample1,Wheat,小麦,1,1,growing,50.0,0.77688,20.247450738916232,20.247450738916232,1.232950447635006,5.279316000000008,13.735184291281218,6.512266447635014,26.06252025913427,0.0155376,0.4049490147783246,16.28907516195892,5.189990732159408,14.805375347544022,4.494902687673772,3.151065801668212,,86.32,14.06,16.28822984244671,0.0008453195122086754,CONSISTENT,50.0±1.7 kg,22.5,安徽阜阳,小麦论文 表2-2,MISSING_IN_TARGET__IMPUTED_906_TRAINING_MEDIAN,REPORTED_INITIAL_BW__NOT_DMI_BACKCALCULATION,RETROSPECTIVE_PRE_FN_UN_LAB_INFORMATION,TARGET_DM_CP_N_HARMONIZED_AND_CHEMISTRY_CROSSCHECKED,0.0
REALV6R_0488,Wheat::RealV6_小麦_sample1,Wheat,小麦,1,2,growing,50.0,0.77688,20.247450738916232,20.247450738916232,1.622774324876439,2.848380333333331,15.776296080706462,4.47115465820977,26.06252025913427,0.0155376,0.4049490147783246,16.28907516195892,5.189990732159408,14.805375347544022,4.494902687673772,3.151065801668212,,86.32,14.06,16.28822984244671,0.0008453195122086754,CONSISTENT,50.0±1.7 kg,22.5,安徽阜阳,小麦论文 表2-2,MISSING_IN_TARGET__IMPUTED_906_TRAINING_MEDIAN,REPORTED_INITIAL_BW__NOT_DMI_BACKCALCULATION,RETROSPECTIVE_PRE_FN_UN_LAB_INFORMATION,TARGET_DM_CP_N_HARMONIZED_AND_CHEMISTRY_CROSSCHECKED,0.0
REALV6R_0489,Wheat::RealV6_小麦_sample1,Wheat,小麦,1,3,growing,50.0,0.77688,20.247450738916232,20.247450738916232,2.899344756164969,3.544261833333338,13.803844149417925,6.443606589498307,26.06252025913427,0.0155376,0.4049490147783246,16.28907516195892,5.189990732159408,14.805375347544022,4.494902687673772,3.151065801668212,,86.32,14.06,16.28822984244671,0.0008453195122086754,CONSISTENT,50.0±1.7 kg,22.5,安徽阜阳,小麦论文 表2-2,MISSING_IN_TARGET__IMPUTED_906_TRAINING_MEDIAN,REPORTED_INITIAL_BW__NOT_DMI_BACKCALCULATION,RETROSPECTIVE_PRE_FN_UN_LAB_INFORMATION,TARGET_DM_CP_N_HARMONIZED_AND_CHEMISTRY_CROSSCHECKED,1.7763568394002505e-15
REALV6R_0490,Wheat::RealV6_小麦_sample1,Wheat,小麦,1,4,growing,50.0,0.77688,20.247450738916232,20.247450738916232,2.575112768690435,2.6564505,15.015887470225797,5.231563268690435,26.06252025913427,0.0155376,0.4049490147783246,16.28907516195892,5.189990732159408,14.805375347544022,4.494902687673772,3.151065801668212,,86.32,14.06,16.28822984244671,0.0008453195122086754,CONSISTENT,50.0±1.7 kg,22.5,安徽阜阳,小麦论文 表2-2,MISSING_IN_TARGET__IMPUTED_906_TRAINING_MEDIAN,REPORTED_INITIAL_BW__NOT_DMI_BACKCALCULATION,RETROSPECTIVE_PRE_FN_UN_LAB_INFORMATION,TARGET_DM_CP_N_HARMONIZED_AND_CHEMISTRY_CROSSCHECKED,0.0
REALV6R_0491,Wheat::RealV6_小麦_sample1,Wheat,小麦,1,5,growing,50.0,0.77688,20.247450738916232,20.247450738916232,2.254133531809325,3.738186666666669,14.255130540440238,5.992320198475994,26.06252025913427,0.0155376,0.4049490147783246,16.28907516195892,5.189990732159408,14.805375347544022,4.494902687673772,3.151065801668212,,86.32,14.06,16.28822984244671,0.0008453195122086754,CONSISTENT,50.0±1.7 kg,22.5,安徽阜阳,小麦论文 表2-2,MISSING_IN_TARGET__IMPUTED_906_TRAINING_MEDIAN,REPORTED_INITIAL_BW__NOT_DMI_BACKCALCULATION,RETROSPECTIVE_PRE_FN_UN_LAB_INFORMATION,TARGET_DM_CP_N_HARMONIZED_AND_CHEMISTRY_CROSSCHECKED,-1.7763568394002505e-15
REALV6R_0492,Wheat::RealV6_小麦_sample1,Wheat,小麦,1,6,growing,50.0,0.77688,20.247450738916232,20.247450738916232,2.030911340516115,3.136855333333335,15.079684065066782,5.167766673849449,26.06252025913427,0.0155376,0.4049490147783246,16.28907516195892,5.189990732159408,14.805375347544022,4.494902687673772,3.151065801668212,,86.32,14.06,16.28822984244671,0.0008453195122086754,CONSISTENT,50.0±1.7 kg,22.5,安徽阜阳,小麦论文 表2-2,MISSING_IN_TARGET__IMPUTED_906_TRAINING_MEDIAN,REPORTED_INITIAL_BW__NOT_DMI_BACKCALCULATION,RETROSPECTIVE_PRE_FN_UN_LAB_INFORMATION,TARGET_DM_CP_N_HARMONIZED_AND_CHEMISTRY_CROSSCHECKED,-1.7763568394002505e-15
REALV6R_0493,Wheat::RealV6_小麦_sample2,Wheat,小麦,2,1,growing,50.0,0.8637999999999999,16.5904772937905,16.5904772937905,1.864920726935558,1.69716233333333,13.028394233521611,3.562083060268888,19.206387235228643,0.017276,0.33180954587580996,12.003992022017902,5.197962491317435,15.721231766612643,4.225515165547581,1.551285019680482,,86.38,10.37,12.005093771706415,-0.001101749688512399,CONSISTENT,50.0±1.7 kg,25.0,安徽亳州,小麦论文 表2-2,MISSING_IN_TARGET__IMPUTED_906_TRAINING_MEDIAN,REPORTED_INITIAL_BW__NOT_DMI_BACKCALCULATION,RETROSPECTIVE_PRE_FN_UN_LAB_INFORMATION,TARGET_DM_CP_N_HARMONIZED_AND_CHEMISTRY_CROSSCHECKED,0.0
REALV6R_0494,Wheat::RealV6_小麦_sample2,Wheat,小麦,2,2,growing,50.0,0.8637999999999999,16.5904772937905,16.5904772937905,2.291296251347638,4.19443333333333,10.104747709109532,6.485729584680968,19.206387235228643,0.017276,0.33180954587580996,12.003992022017902,5.197962491317435,15.721231766612643,4.225515165547581,1.551285019680482,,86.38,10.37,12.005093771706415,-0.001101749688512399,CONSISTENT,50.0±1.7 kg,25.0,安徽亳州,小麦论文 表2-2,MISSING_IN_TARGET__IMPUTED_906_TRAINING_MEDIAN,REPORTED_INITIAL_BW__NOT_DMI_BACKCALCULATION,RETROSPECTIVE_PRE_FN_UN_LAB_INFORMATION,TARGET_DM_CP_N_HARMONIZED_AND_CHEMISTRY_CROSSCHECKED,0.0
REALV6R_0495,Wheat::RealV6_小麦_sample2,Wheat,小麦,2,3,growing,50.0,0.8637999999999999,16.5904772937905,16.5904772937905,2.638681652892558,2.401831000000004,11.549964640897937,5.040512652892562,19.206387235228643,0.017276,0.33180954587580996,12.003992022017902,5.197962491317435,15.721231766612643,4.225515165547581,1.551285019680482,,86.38,10.37,12.005093771706415,-0.001101749688512399,CONSISTENT,50.0±1.7 kg,25.0,安徽亳州,小麦论文 表2-2,MISSING_IN_TARGET__IMPUTED_906_TRAINING_MEDIAN,REPORTED_INITIAL_BW__NOT_DMI_BACKCALCULATION,RETROSPECTIVE_PRE_FN_UN_LAB_INFORMATION,TARGET_DM_CP_N_HARMONIZED_AND_CHEMISTRY_CROSSCHECKED,0.0
REALV6R_0496,Wheat::RealV6_小麦_sample2,Wheat,小麦,2,4,growing,50.0,0.8637999999999999,16.5904772937905,16.5904772937905,2.242059758570883,2.009418666666663,12.338998868552954,4.251478425237545,19.206387235228643,0.017276,0.33180954587580996,12.003992022017902,5.197962491317435,15.721231766612643,4.225515165547581,1.551285019680482,,86.38,10.37,12.005093771706415,-0.001101749688512399,CONSISTENT,50.0±1.7 kg,25.0,安徽亳州,小麦论文 表2-2,MISSING_IN_TARGET__IMPUTED_906_TRAINING_MEDIAN,REPORTED_INITIAL_BW__NOT_DMI_BACKCALCULATION,RETROSPECTIVE_PRE_FN_UN_LAB_INFORMATION,TARGET_DM_CP_N_HARMONIZED_AND_CHEMISTRY_CROSSCHECKED,0.0
REALV6R_0497,Wheat::RealV6_小麦_sample2,Wheat,小麦,2,5,growing,50.0,0.8637999999999999,16.5904772937905,16.5904772937905,2.03729055891563,2.66307,11.89011673487487,4.70036055891563,19.206387235228643,0.017276,0.33180954587580996,12.003992022017902,5.197962491317435,15.721231766612643,4.225515165547581,1.551285019680482,,86.38,10.37,12.005093771706415,-0.001101749688512399,CONSISTENT,50.0±1.7 kg,25.0,安徽亳州,小麦论文 表2-2,MISSING_IN_TARGET__IMPUTED_906_TRAINING_MEDIAN,REPORTED_INITIAL_BW__NOT_DMI_BACKCALCULATION,RETROSPECTIVE_PRE_FN_UN_LAB_INFORMATION,TARGET_DM_CP_N_HARMONIZED_AND_CHEMISTRY_CROSSCHECKED,1.7763568394002505e-15
REALV6R_0498,Wheat::RealV6_小麦_sample2,Wheat,小麦,2,6,growing,50.0,0.8637999999999999,16.5904772937905,16.5904772937905,2.342257283308029,1.614220666666665,12.633999343815805,3.956477949974694,19.206387235228643,0.017276,0.33180954587580996,12.003992022017902,5.197962491317435,15.721231766612643,4.225515165547581,1.551285019680482,,86.38,10.37,12.005093771706415,-0.001101749688512399,CONSISTENT,50.0±1.7 kg,25.0,安徽亳州,小麦论文 表2-2,MISSING_IN_TARGET__IMPUTED_906_TRAINING_MEDIAN,REPORTED_INITIAL_BW__NOT_DMI_BACKCALCULATION,RETROSPECTIVE_PRE_FN_UN_LAB_INFORMATION,TARGET_DM_CP_N_HARMONIZED_AND_CHEMISTRY_CROSSCHECKED,0.0
REALV6R_0499,Wheat::RealV6_小麦_sample3,Wheat,小麦,3,1,growing,50.0,0.8707999999999999,22.464455539705202,22.464455539705202,1.714145276632057,2.122231999999999,18.628078263073146,3.836377276632056,25.797491432826373,0.017415999999999997,0.44928911079410405,16.12343214551648,5.271015158474965,17.811208084519983,4.7197978870004595,3.6862655029857603,,87.08,14.04,16.123105190629307,0.00032695488717493504,CONSISTENT,50.0±1.7 kg,25.0,江苏徐州,小麦论文 表2-2,MISSING_IN_TARGET__IMPUTED_906_TRAINING_MEDIAN,REPORTED_INITIAL_BW__NOT_DMI_BACKCALCULATION,RETROSPECTIVE_PRE_FN_UN_LAB_INFORMATION,TARGET_DM_CP_N_HARMONIZED_AND_CHEMISTRY_CROSSCHECKED,0.0
REALV6R_0500,Wheat::RealV6_小麦_sample3,Wheat,小麦,3,2,growing,50.0,0.8707999999999999,22.464455539705202,22.464455539705202,4.03025417945051,7.170989499999999,11.263211860254692,11.20124367945051,25.797491432826373,0.017415999999999997,0.44928911079410405,16.12343214551648,5.271015158474965,17.811208084519983,4.7197978870004595,3.6862655029857603,,87.08,14.04,16.123105190629307,0.00032695488717493504,CONSISTENT,50.0±1.7 kg,25.0,江苏徐州,小麦论文 表2-2,MISSING_IN_TARGET__IMPUTED_906_TRAINING_MEDIAN,REPORTED_INITIAL_BW__NOT_DMI_BACKCALCULATION,RETROSPECTIVE_PRE_FN_UN_LAB_INFORMATION,TARGET_DM_CP_N_HARMONIZED_AND_CHEMISTRY_CROSSCHECKED,1.7763568394002505e-15
REALV6R_0501,Wheat::RealV6_小麦_sample3,Wheat,小麦,3,3,growing,50.0,0.8707999999999999,22.464455539705202,22.464455539705202,2.899736675618745,2.712418333333329,16.852300530753126,5.612155008952074,25.797491432826373,0.017415999999999997,0.44928911079410405,16.12343214551648,5.271015158474965,17.811208084519983,4.7197978870004595,3.6862655029857603,,87.08,14.04,16.123105190629307,0.00032695488717493504,CONSISTENT,50.0±1.7 kg,25.0,江苏徐州,小麦论文 表2-2,MISSING_IN_TARGET__IMPUTED_906_TRAINING_MEDIAN,REPORTED_INITIAL_BW__NOT_DMI_BACKCALCULATION,RETROSPECTIVE_PRE_FN_UN_LAB_INFORMATION,TARGET_DM_CP_N_HARMONIZED_AND_CHEMISTRY_CROSSCHECKED,3.552713678800501e-15
REALV6R_0502,Wheat::RealV6_小麦_sample3,Wheat,小麦,3,4,growing,50.0,0.8707999999999999,22.464455539705202,22.464455539705202,1.735242257999767,6.784406333333346,13.944806948372088,8.519648591333114,25.797491432826373,0.017415999999999997,0.44928911079410405,16.12343214551648,5.271015158474965,17.811208084519983,4.7197978870004595,3.6862655029857603,,87.08,14.04,16.123105190629307,0.00032695488717493504,CONSISTENT,50.0±1.7 kg,25.0,江苏徐州,小麦论文 表2-2,MISSING_IN_TARGET__IMPUTED_906_TRAINING_MEDIAN,REPORTED_INITIAL_BW__NOT_DMI_BACKCALCULATION,RETROSPECTIVE_PRE_FN_UN_LAB_INFORMATION,TARGET_DM_CP_N_HARMONIZED_AND_CHEMISTRY_CROSSCHECKED,-1.7763568394002505e-15
REALV6R_0503,Wheat::RealV6_小麦_sample3,Wheat,小麦,3,5,growing,50.0,0.8707999999999999,22.464455539705202,22.464455539705202,2.454905876615156,3.921068666666659,16.088480996423385,6.375974543281815,25.797491432826373,0.017415999999999997,0.44928911079410405,16.12343214551648,5.271015158474965,17.811208084519983,4.7197978870004595,3.6862655029857603,,87.08,14.04,16.123105190629307,0.00032695488717493504,CONSISTENT,50.0±1.7 kg,25.0,江苏徐州,小麦论文 表2-2,MISSING_IN_TARGET__IMPUTED_906_TRAINING_MEDIAN,REPORTED_INITIAL_BW__NOT_DMI_BACKCALCULATION,RETROSPECTIVE_PRE_FN_UN_LAB_INFORMATION,TARGET_DM_CP_N_HARMONIZED_AND_CHEMISTRY_CROSSCHECKED,0.0
REALV6R_0504,Wheat::RealV6_小麦_sample3,Wheat,小麦,3,6,growing,50.0,0.8707999999999999,22.464455539705202,22.464455539705202,2.597054871250904,5.126095000000007,14.741305668454292,7.723149871250911,25.797491432826373,0.017415999999999997,0.44928911079410405,16.12343214551648,5.271015158474965,17.811208084519983,4.7197978870004595,3.6862655029857603,,87.08,14.04,16.123105190629307,0.00032695488717493504,CONSISTENT,50.0±1.7 kg,25.0,江苏徐州,小麦论文 表2-2,MISSING_IN_TARGET__IMPUTED_906_TRAINING_MEDIAN,REPORTED_INITIAL_BW__NOT_DMI_BACKCALCULATION,RETROSPECTIVE_PRE_FN_UN_LAB_INFORMATION,TARGET_DM_CP_N_HARMONIZED_AND_CHEMISTRY_CROSSCHECKED,0.0
REALV6R_0505,Wheat::RealV6_小麦_sample4,Wheat,小麦,4,1,growing,50.0,0.8661,23.6460900473934,23.6460900473934,1.727057746299649,1.992756,19.92627630109375,3.719813746299649,27.301801232413577,0.017322,0.472921800947868,17.06362577025849,5.091790786283339,16.868721856598544,4.733864449832582,3.0596928761113036,,86.61,14.78,17.065004041103798,-0.0013782708453078385,CONSISTENT,50.0±1.7 kg,25.0,江苏盐城,小麦论文 表2-2,MISSING_IN_TARGET__IMPUTED_906_TRAINING_MEDIAN,REPORTED_INITIAL_BW__NOT_DMI_BACKCALCULATION,RETROSPECTIVE_PRE_FN_UN_LAB_INFORMATION,TARGET_DM_CP_N_HARMONIZED_AND_CHEMISTRY_CROSSCHECKED,0.0
REALV6R_0506,Wheat::RealV6_小麦_sample4,Wheat,小麦,4,2,growing,50.0,0.8661,23.6460900473934,23.6460900473934,1.080546175738953,5.183470833333331,17.382073038321117,6.264017009072284,27.301801232413577,0.017322,0.472921800947868,17.06362577025849,5.091790786283339,16.868721856598544,4.733864449832582,3.0596928761113036,,86.61,14.78,17.065004041103798,-0.0013782708453078385,CONSISTENT,50.0±1.7 kg,25.0,江苏盐城,小麦论文 表2-2,MISSING_IN_TARGET__IMPUTED_906_TRAINING_MEDIAN,REPORTED_INITIAL_BW__NOT_DMI_BACKCALCULATION,RETROSPECTIVE_PRE_FN_UN_LAB_INFORMATION,TARGET_DM_CP_N_HARMONIZED_AND_CHEMISTRY_CROSSCHECKED,0.0
REALV6R_0507,Wheat::RealV6_小麦_sample4,Wheat,小麦,4,3,growing,50.0,0.8661,23.6460900473934,23.6460900473934,2.273163060455035,3.382225,17.990701986938365,5.655388060455035,27.301801232413577,0.017322,0.472921800947868,17.06362577025849,5.091790786283339,16.868721856598544,4.733864449832582,3.0596928761113036,,86.61,14.78,17.065004041103798,-0.0013782708453078385,CONSISTENT,50.0±1.7 kg,25.0,江苏盐城,小麦论文 表2-2,MISSING_IN_TARGET__IMPUTED_906_TRAINING_MEDIAN,REPORTED_INITIAL_BW__NOT_DMI_BACKCALCULATION,RETROSPECTIVE_PRE_FN_UN_LAB_INFORMATION,TARGET_DM_CP_N_HARMONIZED_AND_CHEMISTRY_CROSSCHECKED,3.552713678800501e-15
REALV6R_0508,Wheat::RealV6_小麦_sample4,Wheat,小麦,4,4,growing,50.0,0.8661,23.6460900473934,23.6460900473934,1.583988383643382,0.909311,21.152790663750018,2.493299383643382,27.301801232413577,0.017322,0.472921800947868,17.06362577025849,5.091790786283339,16.868721856598544,4.733864449832582,3.0596928761113036,,86.61,14.78,17.065004041103798,-0.0013782708453078385,CONSISTENT,50.0±1.7 kg,25.0,江苏盐城,小麦论文 表2-2,MISSING_IN_TARGET__IMPUTED_906_TRAINING_MEDIAN,REPORTED_INITIAL_BW__NOT_DMI_BACKCALCULATION,RETROSPECTIVE_PRE_FN_UN_LAB_INFORMATION,TARGET_DM_CP_N_HARMONIZED_AND_CHEMISTRY_CROSSCHECKED,0.0
REALV6R_0509,Wheat::RealV6_小麦_sample4,Wheat,小麦,4,5,growing,50.0,0.8661,23.6460900473934,23.6460900473934,1.977552444884339,3.1073105,18.56122710250906,5.084862944884339,27.301801232413577,0.017322,0.472921800947868,17.06362577025849,5.091790786283339,16.868721856598544,4.733864449832582,3.0596928761113036,,86.61,14.78,17.065004041103798,-0.0013782708453078385,CONSISTENT,50.0±1.7 kg,25.0,江苏盐城,小麦论文 表2-2,MISSING_IN_TARGET__IMPUTED_906_TRAINING_MEDIAN,REPORTED_INITIAL_BW__NOT_DMI_BACKCALCULATION,RETROSPECTIVE_PRE_FN_UN_LAB_INFORMATION,TARGET_DM_CP_N_HARMONIZED_AND_CHEMISTRY_CROSSCHECKED,0.0
REALV6R_0510,Wheat::RealV6_小麦_sample4,Wheat,小麦,4,6,growing,50.0,0.8661,23.6460900473934,23.6460900473934,1.670777875100245,2.669586500000002,19.305725672293153,4.340364375100247,27.301801232413577,0.017322,0.472921800947868,17.06362577025849,5.091790786283339,16.868721856598544,4.733864449832582,3.0596928761113036,,86.61,14.78,17.065004041103798,-0.0013782708453078385,CONSISTENT,50.0±1.7 kg,25.0,江苏盐城,小麦论文 表2-2,MISSING_IN_TARGET__IMPUTED_906_TRAINING_MEDIAN,REPORTED_INITIAL_BW__NOT_DMI_BACKCALCULATION,RETROSPECTIVE_PRE_FN_UN_LAB_INFORMATION,TARGET_DM_CP_N_HARMONIZED_AND_CHEMISTRY_CROSSCHECKED,0.0
REALV6R_0511,Wheat::RealV6_小麦_sample5,Wheat,小麦,5,1,growing,50.0,0.8669,24.8794216061185,24.8794216061185,2.008098312012936,5.4698175,17.40150579410556,7.477915812012936,28.699298196007035,0.017338,0.49758843212237,17.9370613725044,5.1332333602491635,17.66062983043027,4.452647364171185,1.7187680239935401,,86.69,15.55,17.937478371207753,-0.00041699870335420997,CONSISTENT,50.0±1.7 kg,25.0,河南平顶山,小麦论文 表2-2,MISSING_IN_TARGET__IMPUTED_906_TRAINING_MEDIAN,REPORTED_INITIAL_BW__NOT_DMI_BACKCALCULATION,RETROSPECTIVE_PRE_FN_UN_LAB_INFORMATION,TARGET_DM_CP_N_HARMONIZED_AND_CHEMISTRY_CROSSCHECKED,0.0
REALV6R_0512,Wheat::RealV6_小麦_sample5,Wheat,小麦,5,2,growing,50.0,0.8669,24.8794216061185,24.8794216061185,1.877318739119883,5.058487,17.943615866998613,6.935805739119884,28.699298196007035,0.017338,0.49758843212237,17.9370613725044,5.1332333602491635,17.66062983043027,4.452647364171185,1.7187680239935401,,86.69,15.55,17.937478371207753,-0.00041699870335420997,CONSISTENT,50.0±1.7 kg,25.0,河南平顶山,小麦论文 表2-2,MISSING_IN_TARGET__IMPUTED_906_TRAINING_MEDIAN,REPORTED_INITIAL_BW__NOT_DMI_BACKCALCULATION,RETROSPECTIVE_PRE_FN_UN_LAB_INFORMATION,TARGET_DM_CP_N_HARMONIZED_AND_CHEMISTRY_CROSSCHECKED,3.552713678800501e-15
REALV6R_0513,Wheat::RealV6_小麦_sample5,Wheat,小麦,5,3,growing,50.0,0.8669,24.8794216061185,24.8794216061185,2.603069855073122,4.1091705,18.167181251045378,6.7122403550731224,28.699298196007035,0.017338,0.49758843212237,17.9370613725044,5.1332333602491635,17.66062983043027,4.452647364171185,1.7187680239935401,,86.69,15.55,17.937478371207753,-0.00041699870335420997,CONSISTENT,50.0±1.7 kg,25.0,河南平顶山,小麦论文 表2-2,MISSING_IN_TARGET__IMPUTED_906_TRAINING_MEDIAN,REPORTED_INITIAL_BW__NOT_DMI_BACKCALCULATION,RETROSPECTIVE_PRE_FN_UN_LAB_INFORMATION,TARGET_DM_CP_N_HARMONIZED_AND_CHEMISTRY_CROSSCHECKED,-3.552713678800501e-15
REALV6R_0514,Wheat::RealV6_小麦_sample5,Wheat,小麦,5,4,growing,50.0,0.8669,24.8794216061185,24.8794216061185,1.150481518817207,6.1973335,17.53160658730129,7.347815018817207,28.699298196007035,0.017338,0.49758843212237,17.9370613725044,5.1332333602491635,17.66062983043027,4.452647364171185,1.7187680239935401,,86.69,15.55,17.937478371207753,-0.00041699870335420997,CONSISTENT,50.0±1.7 kg,25.0,河南平顶山,小麦论文 表2-2,MISSING_IN_TARGET__IMPUTED_906_TRAINING_MEDIAN,REPORTED_INITIAL_BW__NOT_DMI_BACKCALCULATION,RETROSPECTIVE_PRE_FN_UN_LAB_INFORMATION,TARGET_DM_CP_N_HARMONIZED_AND_CHEMISTRY_CROSSCHECKED,0.0
REALV6R_0515,Wheat::RealV6_小麦_sample5,Wheat,小麦,5,5,growing,50.0,0.8669,24.8794216061185,24.8794216061185,1.850980785413747,3.5697915,19.45864932070475,5.420772285413747,28.699298196007035,0.017338,0.49758843212237,17.9370613725044,5.1332333602491635,17.66062983043027,4.452647364171185,1.7187680239935401,,86.69,15.55,17.937478371207753,-0.00041699870335420997,CONSISTENT,50.0±1.7 kg,25.0,河南平顶山,小麦论文 表2-2,MISSING_IN_TARGET__IMPUTED_906_TRAINING_MEDIAN,REPORTED_INITIAL_BW__NOT_DMI_BACKCALCULATION,RETROSPECTIVE_PRE_FN_UN_LAB_INFORMATION,TARGET_DM_CP_N_HARMONIZED_AND_CHEMISTRY_CROSSCHECKED,0.0
REALV6R_0516,Wheat::RealV6_小麦_sample5,Wheat,小麦,5,6,growing,50.0,0.8669,24.8794216061185,24.8794216061185,1.579848159018512,5.452858666666662,17.846714780433324,7.032706825685175,28.699298196007035,0.017338,0.49758843212237,17.9370613725044,5.1332333602491635,17.66062983043027,4.452647364171185,1.7187680239935401,,86.69,15.55,17.937478371207753,-0.00041699870335420997,CONSISTENT,50.0±1.7 kg,25.0,河南平顶山,小麦论文 表2-2,MISSING_IN_TARGET__IMPUTED_906_TRAINING_MEDIAN,REPORTED_INITIAL_BW__NOT_DMI_BACKCALCULATION,RETROSPECTIVE_PRE_FN_UN_LAB_INFORMATION,TARGET_DM_CP_N_HARMONIZED_AND_CHEMISTRY_CROSSCHECKED,0.0
REALV6R_0517,Wheat::RealV6_小麦_sample6,Wheat,小麦,6,1,growing,50.0,0.8665,23.0508040935673,23.0508040935673,1.576434485374242,5.246703000000005,16.227666608193054,6.823137485374247,26.602197453626427,0.01733,0.461016081871346,16.626373408516518,5.147143681477207,18.095787651471436,4.420080784766301,1.6733987305251008,,86.65,14.41,16.63012117714945,-0.003747768632933912,CONSISTENT,50.0±1.7 kg,25.0,河南周口,小麦论文 表2-2,MISSING_IN_TARGET__IMPUTED_906_TRAINING_MEDIAN,REPORTED_INITIAL_BW__NOT_DMI_BACKCALCULATION,RETROSPECTIVE_PRE_FN_UN_LAB_INFORMATION,TARGET_DM_CP_N_HARMONIZED_AND_CHEMISTRY_CROSSCHECKED,0.0
REALV6R_0518,Wheat::RealV6_小麦_sample6,Wheat,小麦,6,2,growing,50.0,0.8665,23.0508040935673,23.0508040935673,1.615535723600151,4.274853333333329,17.16041503663382,5.89038905693348,26.602197453626427,0.01733,0.461016081871346,16.626373408516518,5.147143681477207,18.095787651471436,4.420080784766301,1.6733987305251008,,86.65,14.41,16.63012117714945,-0.003747768632933912,CONSISTENT,50.0±1.7 kg,25.0,河南周口,小麦论文 表2-2,MISSING_IN_TARGET__IMPUTED_906_TRAINING_MEDIAN,REPORTED_INITIAL_BW__NOT_DMI_BACKCALCULATION,RETROSPECTIVE_PRE_FN_UN_LAB_INFORMATION,TARGET_DM_CP_N_HARMONIZED_AND_CHEMISTRY_CROSSCHECKED,0.0
REALV6R_0519,Wheat::RealV6_小麦_sample6,Wheat,小麦,6,3,growing,50.0,0.8665,23.0508040935673,23.0508040935673,1.329165113990457,8.192912500000006,13.528726479576838,9.522077613990463,26.602197453626427,0.01733,0.461016081871346,16.626373408516518,5.147143681477207,18.095787651471436,4.420080784766301,1.6733987305251008,,86.65,14.41,16.63012117714945,-0.003747768632933912,CONSISTENT,50.0±1.7 kg,25.0,河南周口,小麦论文 表2-2,MISSING_IN_TARGET__IMPUTED_906_TRAINING_MEDIAN,REPORTED_INITIAL_BW__NOT_DMI_BACKCALCULATION,RETROSPECTIVE_PRE_FN_UN_LAB_INFORMATION,TARGET_DM_CP_N_HARMONIZED_AND_CHEMISTRY_CROSSCHECKED,1.7763568394002505e-15
REALV6R_0520,Wheat::RealV6_小麦_sample6,Wheat,小麦,6,4,growing,50.0,0.8665,23.0508040935673,23.0508040935673,1.065326273491277,5.555439000000008,16.430038820076014,6.620765273491285,26.602197453626427,0.01733,0.461016081871346,16.626373408516518,5.147143681477207,18.095787651471436,4.420080784766301,1.6733987305251008,,86.65,14.41,16.63012117714945,-0.003747768632933912,CONSISTENT,50.0±1.7 kg,25.0,河南周口,小麦论文 表2-2,MISSING_IN_TARGET__IMPUTED_906_TRAINING_MEDIAN,REPORTED_INITIAL_BW__NOT_DMI_BACKCALCULATION,RETROSPECTIVE_PRE_FN_UN_LAB_INFORMATION,TARGET_DM_CP_N_HARMONIZED_AND_CHEMISTRY_CROSSCHECKED,3.552713678800501e-15
REALV6R_0521,Wheat::RealV6_小麦_sample6,Wheat,小麦,6,5,growing,50.0,0.8665,23.0508040935673,23.0508040935673,1.517253764581409,5.908400000000007,15.625150328985885,7.4256537645814165,26.602197453626427,0.01733,0.461016081871346,16.626373408516518,5.147143681477207,18.095787651471436,4.420080784766301,1.6733987305251008,,86.65,14.41,16.63012117714945,-0.003747768632933912,CONSISTENT,50.0±1.7 kg,25.0,河南周口,小麦论文 表2-2,MISSING_IN_TARGET__IMPUTED_906_TRAINING_MEDIAN,REPORTED_INITIAL_BW__NOT_DMI_BACKCALCULATION,RETROSPECTIVE_PRE_FN_UN_LAB_INFORMATION,TARGET_DM_CP_N_HARMONIZED_AND_CHEMISTRY_CROSSCHECKED,0.0
REALV6R_0522,Wheat::RealV6_小麦_sample6,Wheat,小麦,6,6,growing,50.0,0.8665,23.0508040935673,23.0508040935673,1.53569245655479,1.3251875,20.18992413701251,2.8608799565547898,26.602197453626427,0.01733,0.461016081871346,16.626373408516518,5.147143681477207,18.095787651471436,4.420080784766301,1.6733987305251008,,86.65,14.41,16.63012117714945,-0.003747768632933912,CONSISTENT,50.0±1.7 kg,25.0,河南周口,小麦论文 表2-2,MISSING_IN_TARGET__IMPUTED_906_TRAINING_MEDIAN,REPORTED_INITIAL_BW__NOT_DMI_BACKCALCULATION,RETROSPECTIVE_PRE_FN_UN_LAB_INFORMATION,TARGET_DM_CP_N_HARMONIZED_AND_CHEMISTRY_CROSSCHECKED,0.0
REALV6R_0523,Wheat::RealV6_小麦_sample7,Wheat,小麦,7,1,growing,50.0,1.04088,32.00733812949637,32.00733812949637,2.40265204849941,5.57775866666666,24.0269274143303,7.9804107151660695,30.750267206110568,0.020817600000000002,0.6401467625899273,19.2189170038191,5.199446622089002,17.223887479824764,4.09269080009223,1.2566290062255017,,86.74,16.67,19.218353700714783,0.0005633031043181802,CONSISTENT,50.0±1.7 kg,30.0,河南商丘,小麦论文 表2-2,MISSING_IN_TARGET__IMPUTED_906_TRAINING_MEDIAN,REPORTED_INITIAL_BW__NOT_DMI_BACKCALCULATION,RETROSPECTIVE_PRE_FN_UN_LAB_INFORMATION,TARGET_DM_CP_N_HARMONIZED_AND_CHEMISTRY_CROSSCHECKED,0.0
REALV6R_0524,Wheat::RealV6_小麦_sample7,Wheat,小麦,7,2,growing,50.0,1.04088,32.00733812949637,32.00733812949637,3.900814709745222,2.290859999999999,25.815663419751147,6.191674709745222,30.750267206110568,0.020817600000000002,0.6401467625899273,19.2189170038191,5.199446622089002,17.223887479824764,4.09269080009223,1.2566290062255017,,86.74,16.67,19.218353700714783,0.0005633031043181802,CONSISTENT,50.0±1.7 kg,30.0,河南商丘,小麦论文 表2-2,MISSING_IN_TARGET__IMPUTED_906_TRAINING_MEDIAN,REPORTED_INITIAL_BW__NOT_DMI_BACKCALCULATION,RETROSPECTIVE_PRE_FN_UN_LAB_INFORMATION,TARGET_DM_CP_N_HARMONIZED_AND_CHEMISTRY_CROSSCHECKED,0.0
REALV6R_0525,Wheat::RealV6_小麦_sample7,Wheat,小麦,7,3,growing,50.0,1.04088,32.00733812949637,32.00733812949637,2.984837676617746,2.701805000000005,26.320695452878617,5.686642676617751,30.750267206110568,0.020817600000000002,0.6401467625899273,19.2189170038191,5.199446622089002,17.223887479824764,4.09269080009223,1.2566290062255017,,86.74,16.67,19.218353700714783,0.0005633031043181802,CONSISTENT,50.0±1.7 kg,30.0,河南商丘,小麦论文 表2-2,MISSING_IN_TARGET__IMPUTED_906_TRAINING_MEDIAN,REPORTED_INITIAL_BW__NOT_DMI_BACKCALCULATION,RETROSPECTIVE_PRE_FN_UN_LAB_INFORMATION,TARGET_DM_CP_N_HARMONIZED_AND_CHEMISTRY_CROSSCHECKED,0.0
REALV6R_0526,Wheat::RealV6_小麦_sample7,Wheat,小麦,7,4,growing,50.0,1.04088,32.00733812949637,32.00733812949637,1.24787348639945,5.377518666666661,25.38194597643026,6.625392153066111,30.750267206110568,0.020817600000000002,0.6401467625899273,19.2189170038191,5.199446622089002,17.223887479824764,4.09269080009223,1.2566290062255017,,86.74,16.67,19.218353700714783,0.0005633031043181802,CONSISTENT,50.0±1.7 kg,30.0,河南商丘,小麦论文 表2-2,MISSING_IN_TARGET__IMPUTED_906_TRAINING_MEDIAN,REPORTED_INITIAL_BW__NOT_DMI_BACKCALCULATION,RETROSPECTIVE_PRE_FN_UN_LAB_INFORMATION,TARGET_DM_CP_N_HARMONIZED_AND_CHEMISTRY_CROSSCHECKED,0.0
REALV6R_0527,Wheat::RealV6_小麦_sample7,Wheat,小麦,7,5,growing,50.0,1.04088,32.00733812949637,32.00733812949637,2.884737156118573,3.013366333333337,26.10923464004446,5.89810348945191,30.750267206110568,0.020817600000000002,0.6401467625899273,19.2189170038191,5.199446622089002,17.223887479824764,4.09269080009223,1.2566290062255017,,86.74,16.67,19.218353700714783,0.0005633031043181802,CONSISTENT,50.0±1.7 kg,30.0,河南商丘,小麦论文 表2-2,MISSING_IN_TARGET__IMPUTED_906_TRAINING_MEDIAN,REPORTED_INITIAL_BW__NOT_DMI_BACKCALCULATION,RETROSPECTIVE_PRE_FN_UN_LAB_INFORMATION,TARGET_DM_CP_N_HARMONIZED_AND_CHEMISTRY_CROSSCHECKED,0.0
REALV6R_0528,Wheat::RealV6_小麦_sample7,Wheat,小麦,7,6,growing,50.0,1.04088,32.00733812949637,32.00733812949637,2.116694388914133,7.5382455,22.352398240582232,9.654939888914134,30.750267206110568,0.020817600000000002,0.6401467625899273,19.2189170038191,5.199446622089002,17.223887479824764,4.09269080009223,1.2566290062255017,,86.74,16.67,19.218353700714783,0.0005633031043181802,CONSISTENT,50.0±1.7 kg,30.0,河南商丘,小麦论文 表2-2,MISSING_IN_TARGET__IMPUTED_906_TRAINING_MEDIAN,REPORTED_INITIAL_BW__NOT_DMI_BACKCALCULATION,RETROSPECTIVE_PRE_FN_UN_LAB_INFORMATION,TARGET_DM_CP_N_HARMONIZED_AND_CHEMISTRY_CROSSCHECKED,0.0
REALV6R_0529,Wheat::RealV6_小麦_sample8,Wheat,小麦,8,1,growing,50.0,1.0418399999999999,21.701788109074677,21.701788109074677,3.26592467346574,1.8179035,16.617959935608937,5.08382817346574,20.830250431039968,0.0208368,0.43403576218149353,13.01890651939998,5.517161944252477,15.468785994010597,4.664823773324119,1.3936880903017739,,86.82,11.3,13.01543423174384,0.0034722876561410487,CONSISTENT,50.0±1.7 kg,30.0,安徽凤阳,小麦论文 表2-2,MISSING_IN_TARGET__IMPUTED_906_TRAINING_MEDIAN,REPORTED_INITIAL_BW__NOT_DMI_BACKCALCULATION,RETROSPECTIVE_PRE_FN_UN_LAB_INFORMATION,TARGET_DM_CP_N_HARMONIZED_AND_CHEMISTRY_CROSSCHECKED,0.0
REALV6R_0530,Wheat::RealV6_小麦_sample8,Wheat,小麦,8,2,growing,50.0,1.0418399999999999,21.701788109074677,21.701788109074677,3.671631413486671,2.86356,15.166596695588005,6.535191413486672,20.830250431039968,0.0208368,0.43403576218149353,13.01890651939998,5.517161944252477,15.468785994010597,4.664823773324119,1.3936880903017739,,86.82,11.3,13.01543423174384,0.0034722876561410487,CONSISTENT,50.0±1.7 kg,30.0,安徽凤阳,小麦论文 表2-2,MISSING_IN_TARGET__IMPUTED_906_TRAINING_MEDIAN,REPORTED_INITIAL_BW__NOT_DMI_BACKCALCULATION,RETROSPECTIVE_PRE_FN_UN_LAB_INFORMATION,TARGET_DM_CP_N_HARMONIZED_AND_CHEMISTRY_CROSSCHECKED,0.0
REALV6R_0531,Wheat::RealV6_小麦_sample8,Wheat,小麦,8,3,growing,50.0,1.0418399999999999,21.701788109074677,21.701788109074677,3.377623835342754,1.096793833333331,17.22737044039859,4.474417668676085,20.830250431039968,0.0208368,0.43403576218149353,13.01890651939998,5.517161944252477,15.468785994010597,4.664823773324119,1.3936880903017739,,86.82,11.3,13.01543423174384,0.0034722876561410487,CONSISTENT,50.0±1.7 kg,30.0,安徽凤阳,小麦论文 表2-2,MISSING_IN_TARGET__IMPUTED_906_TRAINING_MEDIAN,REPORTED_INITIAL_BW__NOT_DMI_BACKCALCULATION,RETROSPECTIVE_PRE_FN_UN_LAB_INFORMATION,TARGET_DM_CP_N_HARMONIZED_AND_CHEMISTRY_CROSSCHECKED,3.552713678800501e-15
REALV6R_0532,Wheat::RealV6_小麦_sample8,Wheat,小麦,8,4,growing,50.0,1.0418399999999999,21.701788109074677,21.701788109074677,4.573822945152228,2.231377499999995,14.896587663922453,6.805200445152224,20.830250431039968,0.0208368,0.43403576218149353,13.01890651939998,5.517161944252477,15.468785994010597,4.664823773324119,1.3936880903017739,,86.82,11.3,13.01543423174384,0.0034722876561410487,CONSISTENT,50.0±1.7 kg,30.0,安徽凤阳,小麦论文 表2-2,MISSING_IN_TARGET__IMPUTED_906_TRAINING_MEDIAN,REPORTED_INITIAL_BW__NOT_DMI_BACKCALCULATION,RETROSPECTIVE_PRE_FN_UN_LAB_INFORMATION,TARGET_DM_CP_N_HARMONIZED_AND_CHEMISTRY_CROSSCHECKED,-1.7763568394002505e-15
REALV6R_0533,Wheat::RealV6_小麦_sample8,Wheat,小麦,8,5,growing,50.0,1.0418399999999999,21.701788109074677,21.701788109074677,3.069840851385465,3.0293445,15.602602757689212,6.099185351385465,20.830250431039968,0.0208368,0.43403576218149353,13.01890651939998,5.517161944252477,15.468785994010597,4.664823773324119,1.3936880903017739,,86.82,11.3,13.01543423174384,0.0034722876561410487,CONSISTENT,50.0±1.7 kg,30.0,安徽凤阳,小麦论文 表2-2,MISSING_IN_TARGET__IMPUTED_906_TRAINING_MEDIAN,REPORTED_INITIAL_BW__NOT_DMI_BACKCALCULATION,RETROSPECTIVE_PRE_FN_UN_LAB_INFORMATION,TARGET_DM_CP_N_HARMONIZED_AND_CHEMISTRY_CROSSCHECKED,0.0
REALV6R_0534,Wheat::RealV6_小麦_sample8,Wheat,小麦,8,6,growing,50.0,1.0418399999999999,21.701788109074677,21.701788109074677,2.480826216422412,2.557598333333337,16.663363559318928,5.038424549755749,20.830250431039968,0.0208368,0.43403576218149353,13.01890651939998,5.517161944252477,15.468785994010597,4.664823773324119,1.3936880903017739,,86.82,11.3,13.01543423174384,0.0034722876561410487,CONSISTENT,50.0±1.7 kg,30.0,安徽凤阳,小麦论文 表2-2,MISSING_IN_TARGET__IMPUTED_906_TRAINING_MEDIAN,REPORTED_INITIAL_BW__NOT_DMI_BACKCALCULATION,RETROSPECTIVE_PRE_FN_UN_LAB_INFORMATION,TARGET_DM_CP_N_HARMONIZED_AND_CHEMISTRY_CROSSCHECKED,0.0
REALV6R_0535,Wheat::RealV6_小麦_sample9,Wheat,小麦,9,1,growing,50.0,1.04616,28.091508052708676,28.091508052708676,3.266126868378104,2.564240499999994,22.261140684330577,5.8303673683780985,26.852018862037045,0.0209232,0.5618301610541735,16.782511788773157,5.620555173204864,16.55196145905024,4.106446432668043,1.3649919706354667,,87.18,14.63,16.781371874283092,0.001139914490064342,CONSISTENT,50.0±1.7 kg,30.0,湖南,小麦论文 表2-2,MISSING_IN_TARGET__IMPUTED_906_TRAINING_MEDIAN,REPORTED_INITIAL_BW__NOT_DMI_BACKCALCULATION,RETROSPECTIVE_PRE_FN_UN_LAB_INFORMATION,TARGET_DM_CP_N_HARMONIZED_AND_CHEMISTRY_CROSSCHECKED,0.0
REALV6R_0536,Wheat::RealV6_小麦_sample9,Wheat,小麦,9,2,growing,50.0,1.04616,28.091508052708676,28.091508052708676,2.969515186653106,5.048990666666661,20.07300219938891,8.018505853319768,26.852018862037045,0.0209232,0.5618301610541735,16.782511788773157,5.620555173204864,16.55196145905024,4.106446432668043,1.3649919706354667,,87.18,14.63,16.781371874283092,0.001139914490064342,CONSISTENT,50.0±1.7 kg,30.0,湖南,小麦论文 表2-2,MISSING_IN_TARGET__IMPUTED_906_TRAINING_MEDIAN,REPORTED_INITIAL_BW__NOT_DMI_BACKCALCULATION,RETROSPECTIVE_PRE_FN_UN_LAB_INFORMATION,TARGET_DM_CP_N_HARMONIZED_AND_CHEMISTRY_CROSSCHECKED,0.0
REALV6R_0537,Wheat::RealV6_小麦_sample9,Wheat,小麦,9,3,growing,50.0,1.04616,28.091508052708676,28.091508052708676,3.794049787043999,4.667586000000006,19.62987226566467,8.461635787044006,26.852018862037045,0.0209232,0.5618301610541735,16.782511788773157,5.620555173204864,16.55196145905024,4.106446432668043,1.3649919706354667,,87.18,14.63,16.781371874283092,0.001139914490064342,CONSISTENT,50.0±1.7 kg,30.0,湖南,小麦论文 表2-2,MISSING_IN_TARGET__IMPUTED_906_TRAINING_MEDIAN,REPORTED_INITIAL_BW__NOT_DMI_BACKCALCULATION,RETROSPECTIVE_PRE_FN_UN_LAB_INFORMATION,TARGET_DM_CP_N_HARMONIZED_AND_CHEMISTRY_CROSSCHECKED,0.0
REALV6R_0538,Wheat::RealV6_小麦_sample9,Wheat,小麦,9,4,growing,50.0,1.04616,28.091508052708676,28.091508052708676,4.267041276781899,1.416244166666668,22.408222609260108,5.6832854434485665,26.852018862037045,0.0209232,0.5618301610541735,16.782511788773157,5.620555173204864,16.55196145905024,4.106446432668043,1.3649919706354667,,87.18,14.63,16.781371874283092,0.001139914490064342,CONSISTENT,50.0±1.7 kg,30.0,湖南,小麦论文 表2-2,MISSING_IN_TARGET__IMPUTED_906_TRAINING_MEDIAN,REPORTED_INITIAL_BW__NOT_DMI_BACKCALCULATION,RETROSPECTIVE_PRE_FN_UN_LAB_INFORMATION,TARGET_DM_CP_N_HARMONIZED_AND_CHEMISTRY_CROSSCHECKED,0.0
REALV6R_0539,Wheat::RealV6_小麦_sample9,Wheat,小麦,9,5,growing,50.0,1.04616,28.091508052708676,28.091508052708676,2.226114540466389,8.31646666666667,17.548926845575615,10.54258120713306,26.852018862037045,0.0209232,0.5618301610541735,16.782511788773157,5.620555173204864,16.55196145905024,4.106446432668043,1.3649919706354667,,87.18,14.63,16.781371874283092,0.001139914490064342,CONSISTENT,50.0±1.7 kg,30.0,湖南,小麦论文 表2-2,MISSING_IN_TARGET__IMPUTED_906_TRAINING_MEDIAN,REPORTED_INITIAL_BW__NOT_DMI_BACKCALCULATION,RETROSPECTIVE_PRE_FN_UN_LAB_INFORMATION,TARGET_DM_CP_N_HARMONIZED_AND_CHEMISTRY_CROSSCHECKED,0.0
REALV6R_0540,Wheat::RealV6_小麦_sample9,Wheat,小麦,9,6,growing,50.0,1.04616,28.091508052708676,28.091508052708676,2.142629791180108,2.486330000000002,23.462548261528568,4.62895979118011,26.852018862037045,0.0209232,0.5618301610541735,16.782511788773157,5.620555173204864,16.55196145905024,4.106446432668043,1.3649919706354667,,87.18,14.63,16.781371874283092,0.001139914490064342,CONSISTENT,50.0±1.7 kg,30.0,湖南,小麦论文 表2-2,MISSING_IN_TARGET__IMPUTED_906_TRAINING_MEDIAN,REPORTED_INITIAL_BW__NOT_DMI_BACKCALCULATION,RETROSPECTIVE_PRE_FN_UN_LAB_INFORMATION,TARGET_DM_CP_N_HARMONIZED_AND_CHEMISTRY_CROSSCHECKED,-3.552713678800501e-15
REALV6R_0541,Wheat::RealV6_小麦_sample10,Wheat,小麦,10,1,growing,50.0,1.04088,31.13107159569492,31.13107159569492,2.656694293910854,8.381399000000005,20.092978301784058,11.03809329391086,29.90841556730355,0.020817600000000002,0.6226214319138984,18.69275972956472,6.352317270002306,17.754207977864883,4.865114134194143,0.553377910998386,,86.74,16.21,18.688033202674664,0.004726526890056704,CONSISTENT,50.0±1.7 kg,30.0,河北,小麦论文 表2-2,MISSING_IN_TARGET__IMPUTED_906_TRAINING_MEDIAN,REPORTED_INITIAL_BW__NOT_DMI_BACKCALCULATION,RETROSPECTIVE_PRE_FN_UN_LAB_INFORMATION,TARGET_DM_CP_N_HARMONIZED_AND_CHEMISTRY_CROSSCHECKED,3.552713678800501e-15
REALV6R_0542,Wheat::RealV6_小麦_sample10,Wheat,小麦,10,2,growing,50.0,1.04088,31.13107159569492,31.13107159569492,3.725890005553546,7.617556333333348,19.787625256808028,11.343446338886894,29.90841556730355,0.020817600000000002,0.6226214319138984,18.69275972956472,6.352317270002306,17.754207977864883,4.865114134194143,0.553377910998386,,86.74,16.21,18.688033202674664,0.004726526890056704,CONSISTENT,50.0±1.7 kg,30.0,河北,小麦论文 表2-2,MISSING_IN_TARGET__IMPUTED_906_TRAINING_MEDIAN,REPORTED_INITIAL_BW__NOT_DMI_BACKCALCULATION,RETROSPECTIVE_PRE_FN_UN_LAB_INFORMATION,TARGET_DM_CP_N_HARMONIZED_AND_CHEMISTRY_CROSSCHECKED,0.0
REALV6R_0543,Wheat::RealV6_小麦_sample10,Wheat,小麦,10,3,growing,50.0,1.04088,31.13107159569492,31.13107159569492,3.939173318388068,1.764082333333337,25.427815943973513,5.703255651721405,29.90841556730355,0.020817600000000002,0.6226214319138984,18.69275972956472,6.352317270002306,17.754207977864883,4.865114134194143,0.553377910998386,,86.74,16.21,18.688033202674664,0.004726526890056704,CONSISTENT,50.0±1.7 kg,30.0,河北,小麦论文 表2-2,MISSING_IN_TARGET__IMPUTED_906_TRAINING_MEDIAN,REPORTED_INITIAL_BW__NOT_DMI_BACKCALCULATION,RETROSPECTIVE_PRE_FN_UN_LAB_INFORMATION,TARGET_DM_CP_N_HARMONIZED_AND_CHEMISTRY_CROSSCHECKED,0.0
REALV6R_0544,Wheat::RealV6_小麦_sample10,Wheat,小麦,10,4,growing,50.0,1.04088,31.13107159569492,31.13107159569492,2.355707804505755,7.791423833333329,20.983939957855835,10.147131637839085,29.90841556730355,0.020817600000000002,0.6226214319138984,18.69275972956472,6.352317270002306,17.754207977864883,4.865114134194143,0.553377910998386,,86.74,16.21,18.688033202674664,0.004726526890056704,CONSISTENT,50.0±1.7 kg,30.0,河北,小麦论文 表2-2,MISSING_IN_TARGET__IMPUTED_906_TRAINING_MEDIAN,REPORTED_INITIAL_BW__NOT_DMI_BACKCALCULATION,RETROSPECTIVE_PRE_FN_UN_LAB_INFORMATION,TARGET_DM_CP_N_HARMONIZED_AND_CHEMISTRY_CROSSCHECKED,0.0
REALV6R_0545,Wheat::RealV6_小麦_sample10,Wheat,小麦,10,5,growing,50.0,1.04088,31.13107159569492,31.13107159569492,2.062480636136687,5.020912,24.047678959558233,7.083392636136687,29.90841556730355,0.020817600000000002,0.6226214319138984,18.69275972956472,6.352317270002306,17.754207977864883,4.865114134194143,0.553377910998386,,86.74,16.21,18.688033202674664,0.004726526890056704,CONSISTENT,50.0±1.7 kg,30.0,河北,小麦论文 表2-2,MISSING_IN_TARGET__IMPUTED_906_TRAINING_MEDIAN,REPORTED_INITIAL_BW__NOT_DMI_BACKCALCULATION,RETROSPECTIVE_PRE_FN_UN_LAB_INFORMATION,TARGET_DM_CP_N_HARMONIZED_AND_CHEMISTRY_CROSSCHECKED,0.0
REALV6R_0546,Wheat::RealV6_小麦_sample10,Wheat,小麦,10,6,growing,50.0,1.04088,31.13107159569492,31.13107159569492,1.473713832338019,5.311982,24.3453757633569,6.785695832338019,29.90841556730355,0.020817600000000002,0.6226214319138984,18.69275972956472,6.352317270002306,17.754207977864883,4.865114134194143,0.553377910998386,,86.74,16.21,18.688033202674664,0.004726526890056704,CONSISTENT,50.0±1.7 kg,30.0,河北,小麦论文 表2-2,MISSING_IN_TARGET__IMPUTED_906_TRAINING_MEDIAN,REPORTED_INITIAL_BW__NOT_DMI_BACKCALCULATION,RETROSPECTIVE_PRE_FN_UN_LAB_INFORMATION,TARGET_DM_CP_N_HARMONIZED_AND_CHEMISTRY_CROSSCHECKED,0.0
REALV6R_0181,Wheat bran::RealV6_小麦麸_sample1,Wheat bran,小麦麸,1,1,growing,35.0,0.5343,14.81475,14.81475,2.0615080028252,2.674710416666664,10.078531580508136,4.736218419491864,27.72740033688939,0.015265714285714285,0.42327857142857145,17.329625210555868,4.289724873666479,24.008983717012914,6.097697922515441,9.444132509825941,,89.05,15.27,17.147669848399776,0.1819553621560921,CONSISTENT,35±3 kg,15.0,河南周口,小麦麸论文 表2,MISSING_IN_TARGET__IMPUTED_906_TRAINING_MEDIAN,REPORTED_INITIAL_BW__NOT_DMI_BACKCALCULATION,RETROSPECTIVE_PRE_FN_UN_LAB_INFORMATION,TARGET_DM_CP_N_HARMONIZED_AND_CHEMISTRY_CROSSCHECKED,1.7763568394002505e-15
REALV6R_0182,Wheat bran::RealV6_小麦麸_sample1,Wheat bran,小麦麸,1,2,growing,35.0,0.5343,14.81475,14.81475,1.927352234489594,2.290855,10.596542765510407,4.218207234489594,27.72740033688939,0.015265714285714285,0.42327857142857145,17.329625210555868,4.289724873666479,24.008983717012914,6.097697922515441,9.444132509825941,,89.05,15.27,17.147669848399776,0.1819553621560921,CONSISTENT,35±3 kg,15.0,河南周口,小麦麸论文 表2,MISSING_IN_TARGET__IMPUTED_906_TRAINING_MEDIAN,REPORTED_INITIAL_BW__NOT_DMI_BACKCALCULATION,RETROSPECTIVE_PRE_FN_UN_LAB_INFORMATION,TARGET_DM_CP_N_HARMONIZED_AND_CHEMISTRY_CROSSCHECKED,0.0
REALV6R_0183,Wheat bran::RealV6_小麦麸_sample1,Wheat bran,小麦麸,1,3,growing,35.0,0.5343,14.81475,14.81475,1.794127674358311,1.103813875,11.916808450641689,2.897941549358311,27.72740033688939,0.015265714285714285,0.42327857142857145,17.329625210555868,4.289724873666479,24.008983717012914,6.097697922515441,9.444132509825941,,89.05,15.27,17.147669848399776,0.1819553621560921,CONSISTENT,35±3 kg,15.0,河南周口,小麦麸论文 表2,MISSING_IN_TARGET__IMPUTED_906_TRAINING_MEDIAN,REPORTED_INITIAL_BW__NOT_DMI_BACKCALCULATION,RETROSPECTIVE_PRE_FN_UN_LAB_INFORMATION,TARGET_DM_CP_N_HARMONIZED_AND_CHEMISTRY_CROSSCHECKED,0.0
REALV6R_0184,Wheat bran::RealV6_小麦麸_sample1,Wheat bran,小麦麸,1,4,growing,35.0,0.5343,14.81475,14.81475,1.781533343718971,2.194325833333335,10.838890822947693,3.975859177052306,27.72740033688939,0.015265714285714285,0.42327857142857145,17.329625210555868,4.289724873666479,24.008983717012914,6.097697922515441,9.444132509825941,,89.05,15.27,17.147669848399776,0.1819553621560921,CONSISTENT,35±3 kg,15.0,河南周口,小麦麸论文 表2,MISSING_IN_TARGET__IMPUTED_906_TRAINING_MEDIAN,REPORTED_INITIAL_BW__NOT_DMI_BACKCALCULATION,RETROSPECTIVE_PRE_FN_UN_LAB_INFORMATION,TARGET_DM_CP_N_HARMONIZED_AND_CHEMISTRY_CROSSCHECKED,0.0
REALV6R_0185,Wheat bran::RealV6_小麦麸_sample1,Wheat bran,小麦麸,1,5,growing,35.0,0.5343,14.81475,14.81475,1.710924302847009,1.38555,11.718275697152992,3.096474302847009,27.72740033688939,0.015265714285714285,0.42327857142857145,17.329625210555868,4.289724873666479,24.008983717012914,6.097697922515441,9.444132509825941,,89.05,15.27,17.147669848399776,0.1819553621560921,CONSISTENT,35±3 kg,15.0,河南周口,小麦麸论文 表2,MISSING_IN_TARGET__IMPUTED_906_TRAINING_MEDIAN,REPORTED_INITIAL_BW__NOT_DMI_BACKCALCULATION,RETROSPECTIVE_PRE_FN_UN_LAB_INFORMATION,TARGET_DM_CP_N_HARMONIZED_AND_CHEMISTRY_CROSSCHECKED,0.0
REALV6R_0186,Wheat bran::RealV6_小麦麸_sample1,Wheat bran,小麦麸,1,6,growing,35.0,0.5343,14.81475,14.81475,1.638524305015674,2.8859775,10.290248194984326,4.5245018050156744,27.72740033688939,0.015265714285714285,0.42327857142857145,17.329625210555868,4.289724873666479,24.008983717012914,6.097697922515441,9.444132509825941,,89.05,15.27,17.147669848399776,0.1819553621560921,CONSISTENT,35±3 kg,15.0,河南周口,小麦麸论文 表2,MISSING_IN_TARGET__IMPUTED_906_TRAINING_MEDIAN,REPORTED_INITIAL_BW__NOT_DMI_BACKCALCULATION,RETROSPECTIVE_PRE_FN_UN_LAB_INFORMATION,TARGET_DM_CP_N_HARMONIZED_AND_CHEMISTRY_CROSSCHECKED,0.0
REALV6R_0187,Wheat bran::RealV6_小麦麸_sample2,Wheat bran,小麦麸,2,1,growing,35.0,0.47802,15.290625,15.290625,2.949099596502073,3.276501875,9.065023528497928,6.225601471502073,31.987416844483494,0.013657714285714285,0.436875,19.992135527802184,2.673528304255052,26.760386594703153,6.238232709928455,7.48085854148362,,79.67,15.74,19.756495544119495,0.23563998368268813,CONSISTENT,35±3 kg,15.0,河南濮阳,小麦麸论文 表2,MISSING_IN_TARGET__IMPUTED_906_TRAINING_MEDIAN,REPORTED_INITIAL_BW__NOT_DMI_BACKCALCULATION,RETROSPECTIVE_PRE_FN_UN_LAB_INFORMATION,TARGET_DM_CP_N_HARMONIZED_AND_CHEMISTRY_CROSSCHECKED,0.0
REALV6R_0188,Wheat bran::RealV6_小麦麸_sample2,Wheat bran,小麦麸,2,2,growing,35.0,0.47802,15.290625,15.290625,2.218996791597762,3.016330625,10.055297583402238,5.235327416597762,31.987416844483494,0.013657714285714285,0.436875,19.992135527802184,2.673528304255052,26.760386594703153,6.238232709928455,7.48085854148362,,79.67,15.74,19.756495544119495,0.23563998368268813,CONSISTENT,35±3 kg,15.0,河南濮阳,小麦麸论文 表2,MISSING_IN_TARGET__IMPUTED_906_TRAINING_MEDIAN,REPORTED_INITIAL_BW__NOT_DMI_BACKCALCULATION,RETROSPECTIVE_PRE_FN_UN_LAB_INFORMATION,TARGET_DM_CP_N_HARMONIZED_AND_CHEMISTRY_CROSSCHECKED,0.0
REALV6R_0189,Wheat bran::RealV6_小麦麸_sample2,Wheat bran,小麦麸,2,3,growing,35.0,0.47802,15.290625,15.290625,2.083785904833117,3.511790625,9.695048470166883,5.595576529833117,31.987416844483494,0.013657714285714285,0.436875,19.992135527802184,2.673528304255052,26.760386594703153,6.238232709928455,7.48085854148362,,79.67,15.74,19.756495544119495,0.23563998368268813,CONSISTENT,35±3 kg,15.0,河南濮阳,小麦麸论文 表2,MISSING_IN_TARGET__IMPUTED_906_TRAINING_MEDIAN,REPORTED_INITIAL_BW__NOT_DMI_BACKCALCULATION,RETROSPECTIVE_PRE_FN_UN_LAB_INFORMATION,TARGET_DM_CP_N_HARMONIZED_AND_CHEMISTRY_CROSSCHECKED,0.0
REALV6R_0190,Wheat bran::RealV6_小麦麸_sample2,Wheat bran,小麦麸,2,4,growing,35.0,0.47802,15.290625,15.290625,2.442630080740118,4.694531250000001,8.153463669259882,7.137161330740119,31.987416844483494,0.013657714285714285,0.436875,19.992135527802184,2.673528304255052,26.760386594703153,6.238232709928455,7.48085854148362,,79.67,15.74,19.756495544119495,0.23563998368268813,CONSISTENT,35±3 kg,15.0,河南濮阳,小麦麸论文 表2,MISSING_IN_TARGET__IMPUTED_906_TRAINING_MEDIAN,REPORTED_INITIAL_BW__NOT_DMI_BACKCALCULATION,RETROSPECTIVE_PRE_FN_UN_LAB_INFORMATION,TARGET_DM_CP_N_HARMONIZED_AND_CHEMISTRY_CROSSCHECKED,0.0
REALV6R_0191,Wheat bran::RealV6_小麦麸_sample2,Wheat bran,小麦麸,2,5,growing,35.0,0.47802,15.290625,15.290625,2.313537604129084,3.7449375,9.232149895870917,6.058475104129084,31.987416844483494,0.013657714285714285,0.436875,19.992135527802184,2.673528304255052,26.760386594703153,6.238232709928455,7.48085854148362,,79.67,15.74,19.756495544119495,0.23563998368268813,CONSISTENT,35±3 kg,15.0,河南濮阳,小麦麸论文 表2,MISSING_IN_TARGET__IMPUTED_906_TRAINING_MEDIAN,REPORTED_INITIAL_BW__NOT_DMI_BACKCALCULATION,RETROSPECTIVE_PRE_FN_UN_LAB_INFORMATION,TARGET_DM_CP_N_HARMONIZED_AND_CHEMISTRY_CROSSCHECKED,1.7763568394002505e-15
REALV6R_0192,Wheat bran::RealV6_小麦麸_sample2,Wheat bran,小麦麸,2,6,growing,35.0,0.47802,15.290625,15.290625,2.071870072919602,3.2826125,9.936142427080398,5.354482572919602,31.987416844483494,0.013657714285714285,0.436875,19.992135527802184,2.673528304255052,26.760386594703153,6.238232709928455,7.48085854148362,,79.67,15.74,19.756495544119495,0.23563998368268813,CONSISTENT,35±3 kg,15.0,河南濮阳,小麦麸论文 表2,MISSING_IN_TARGET__IMPUTED_906_TRAINING_MEDIAN,REPORTED_INITIAL_BW__NOT_DMI_BACKCALCULATION,RETROSPECTIVE_PRE_FN_UN_LAB_INFORMATION,TARGET_DM_CP_N_HARMONIZED_AND_CHEMISTRY_CROSSCHECKED,0.0
REALV6R_0193,Wheat bran::RealV6_小麦麸_sample3,Wheat bran,小麦麸,3,1,growing,35.0,0.6199899999999999,18.7595625,18.7595625,2.76299465709729,4.0480525,11.948515342902711,6.81104715709729,30.25784690075647,0.017713999999999997,0.5359875000000001,18.91115431297279,2.0097098340295814,24.161680027097212,5.656542847465282,6.514621203567799,,88.57,16.61,18.75352828271424,0.1576260302585517,CONSISTENT,35±3 kg,17.5,河北石家庄,小麦麸论文 表2,MISSING_IN_TARGET__IMPUTED_906_TRAINING_MEDIAN,REPORTED_INITIAL_BW__NOT_DMI_BACKCALCULATION,RETROSPECTIVE_PRE_FN_UN_LAB_INFORMATION,TARGET_DM_CP_N_HARMONIZED_AND_CHEMISTRY_CROSSCHECKED,1.7763568394002505e-15
REALV6R_0194,Wheat bran::RealV6_小麦麸_sample3,Wheat bran,小麦麸,3,2,growing,35.0,0.6199899999999999,18.7595625,18.7595625,2.310219142225834,5.774178750000001,10.675164607774168,8.084397892225834,30.25784690075647,0.017713999999999997,0.5359875000000001,18.91115431297279,2.0097098340295814,24.161680027097212,5.656542847465282,6.514621203567799,,88.57,16.61,18.75352828271424,0.1576260302585517,CONSISTENT,35±3 kg,17.5,河北石家庄,小麦麸论文 表2,MISSING_IN_TARGET__IMPUTED_906_TRAINING_MEDIAN,REPORTED_INITIAL_BW__NOT_DMI_BACKCALCULATION,RETROSPECTIVE_PRE_FN_UN_LAB_INFORMATION,TARGET_DM_CP_N_HARMONIZED_AND_CHEMISTRY_CROSSCHECKED,0.0
REALV6R_0195,Wheat bran::RealV6_小麦麸_sample3,Wheat bran,小麦麸,3,3,growing,35.0,0.6199899999999999,18.7595625,18.7595625,2.156341666129892,3.273475,13.32974583387011,5.4298166661298914,30.25784690075647,0.017713999999999997,0.5359875000000001,18.91115431297279,2.0097098340295814,24.161680027097212,5.656542847465282,6.514621203567799,,88.57,16.61,18.75352828271424,0.1576260302585517,CONSISTENT,35±3 kg,17.5,河北石家庄,小麦麸论文 表2,MISSING_IN_TARGET__IMPUTED_906_TRAINING_MEDIAN,REPORTED_INITIAL_BW__NOT_DMI_BACKCALCULATION,RETROSPECTIVE_PRE_FN_UN_LAB_INFORMATION,TARGET_DM_CP_N_HARMONIZED_AND_CHEMISTRY_CROSSCHECKED,1.7763568394002505e-15
REALV6R_0196,Wheat bran::RealV6_小麦麸_sample3,Wheat bran,小麦麸,3,4,growing,35.0,0.6199899999999999,18.7595625,18.7595625,2.414745125633097,5.309858750000001,11.034958624366903,7.724603875633099,30.25784690075647,0.017713999999999997,0.5359875000000001,18.91115431297279,2.0097098340295814,24.161680027097212,5.656542847465282,6.514621203567799,,88.57,16.61,18.75352828271424,0.1576260302585517,CONSISTENT,35±3 kg,17.5,河北石家庄,小麦麸论文 表2,MISSING_IN_TARGET__IMPUTED_906_TRAINING_MEDIAN,REPORTED_INITIAL_BW__NOT_DMI_BACKCALCULATION,RETROSPECTIVE_PRE_FN_UN_LAB_INFORMATION,TARGET_DM_CP_N_HARMONIZED_AND_CHEMISTRY_CROSSCHECKED,1.7763568394002505e-15
REALV6R_0197,Wheat bran::RealV6_小麦麸_sample3,Wheat bran,小麦麸,3,5,growing,35.0,0.6199899999999999,18.7595625,18.7595625,2.279517131294967,6.45256875,10.027476618705034,8.732085881294967,30.25784690075647,0.017713999999999997,0.5359875000000001,18.91115431297279,2.0097098340295814,24.161680027097212,5.656542847465282,6.514621203567799,,88.57,16.61,18.75352828271424,0.1576260302585517,CONSISTENT,35±3 kg,17.5,河北石家庄,小麦麸论文 表2,MISSING_IN_TARGET__IMPUTED_906_TRAINING_MEDIAN,REPORTED_INITIAL_BW__NOT_DMI_BACKCALCULATION,RETROSPECTIVE_PRE_FN_UN_LAB_INFORMATION,TARGET_DM_CP_N_HARMONIZED_AND_CHEMISTRY_CROSSCHECKED,0.0
REALV6R_0198,Wheat bran::RealV6_小麦麸_sample3,Wheat bran,小麦麸,3,6,growing,35.0,0.6199899999999999,18.7595625,18.7595625,2.273939081978396,6.017875,10.467748418021605,8.291814081978396,30.25784690075647,0.017713999999999997,0.5359875000000001,18.91115431297279,2.0097098340295814,24.161680027097212,5.656542847465282,6.514621203567799,,88.57,16.61,18.75352828271424,0.1576260302585517,CONSISTENT,35±3 kg,17.5,河北石家庄,小麦麸论文 表2,MISSING_IN_TARGET__IMPUTED_906_TRAINING_MEDIAN,REPORTED_INITIAL_BW__NOT_DMI_BACKCALCULATION,RETROSPECTIVE_PRE_FN_UN_LAB_INFORMATION,TARGET_DM_CP_N_HARMONIZED_AND_CHEMISTRY_CROSSCHECKED,-1.7763568394002505e-15
REALV6R_0199,Wheat bran::RealV6_小麦麸_sample4,Wheat bran,小麦麸,4,1,growing,35.0,0.53208,16.990125,16.990125,2.961611356694219,3.309950833333335,10.718562809972445,6.271562190027554,31.931523455119528,0.015202285714285715,0.4854321428571428,19.957202159449707,3.044654939106901,24.83085250338295,5.638249887235002,6.405051871898962,,88.68,17.45,19.677492106450156,0.2797100529995511,CONSISTENT,35±3 kg,15.0,河南濮阳,小麦麸论文 表2,MISSING_IN_TARGET__IMPUTED_906_TRAINING_MEDIAN,REPORTED_INITIAL_BW__NOT_DMI_BACKCALCULATION,RETROSPECTIVE_PRE_FN_UN_LAB_INFORMATION,TARGET_DM_CP_N_HARMONIZED_AND_CHEMISTRY_CROSSCHECKED,0.0
REALV6R_0200,Wheat bran::RealV6_小麦麸_sample4,Wheat bran,小麦麸,4,2,growing,35.0,0.53208,16.990125,16.990125,2.596665151898738,4.158875,10.23458484810126,6.755540151898738,31.931523455119528,0.015202285714285715,0.4854321428571428,19.957202159449707,3.044654939106901,24.83085250338295,5.638249887235002,6.405051871898962,,88.68,17.45,19.677492106450156,0.2797100529995511,CONSISTENT,35±3 kg,15.0,河南濮阳,小麦麸论文 表2,MISSING_IN_TARGET__IMPUTED_906_TRAINING_MEDIAN,REPORTED_INITIAL_BW__NOT_DMI_BACKCALCULATION,RETROSPECTIVE_PRE_FN_UN_LAB_INFORMATION,TARGET_DM_CP_N_HARMONIZED_AND_CHEMISTRY_CROSSCHECKED,1.7763568394002505e-15
REALV6R_0201,Wheat bran::RealV6_小麦麸_sample4,Wheat bran,小麦麸,4,3,growing,35.0,0.53208,16.990125,16.990125,2.483069496019111,1.639675833333332,12.867379670647555,4.122745329352443,31.931523455119528,0.015202285714285715,0.4854321428571428,19.957202159449707,3.044654939106901,24.83085250338295,5.638249887235002,6.405051871898962,,88.68,17.45,19.677492106450156,0.2797100529995511,CONSISTENT,35±3 kg,15.0,河南濮阳,小麦麸论文 表2,MISSING_IN_TARGET__IMPUTED_906_TRAINING_MEDIAN,REPORTED_INITIAL_BW__NOT_DMI_BACKCALCULATION,RETROSPECTIVE_PRE_FN_UN_LAB_INFORMATION,TARGET_DM_CP_N_HARMONIZED_AND_CHEMISTRY_CROSSCHECKED,1.7763568394002505e-15
REALV6R_0202,Wheat bran::RealV6_小麦麸_sample4,Wheat bran,小麦麸,4,4,growing,35.0,0.53208,16.990125,16.990125,2.477215518621012,4.839070833333335,9.673838648045653,7.316286351954347,31.931523455119528,0.015202285714285715,0.4854321428571428,19.957202159449707,3.044654939106901,24.83085250338295,5.638249887235002,6.405051871898962,,88.68,17.45,19.677492106450156,0.2797100529995511,CONSISTENT,35±3 kg,15.0,河南濮阳,小麦麸论文 表2,MISSING_IN_TARGET__IMPUTED_906_TRAINING_MEDIAN,REPORTED_INITIAL_BW__NOT_DMI_BACKCALCULATION,RETROSPECTIVE_PRE_FN_UN_LAB_INFORMATION,TARGET_DM_CP_N_HARMONIZED_AND_CHEMISTRY_CROSSCHECKED,0.0
REALV6R_0203,Wheat bran::RealV6_小麦麸_sample4,Wheat bran,小麦麸,4,5,growing,35.0,0.53208,16.990125,16.990125,2.650330046945804,5.032958333333337,9.306836619720858,7.683288380279141,31.931523455119528,0.015202285714285715,0.4854321428571428,19.957202159449707,3.044654939106901,24.83085250338295,5.638249887235002,6.405051871898962,,88.68,17.45,19.677492106450156,0.2797100529995511,CONSISTENT,35±3 kg,15.0,河南濮阳,小麦麸论文 表2,MISSING_IN_TARGET__IMPUTED_906_TRAINING_MEDIAN,REPORTED_INITIAL_BW__NOT_DMI_BACKCALCULATION,RETROSPECTIVE_PRE_FN_UN_LAB_INFORMATION,TARGET_DM_CP_N_HARMONIZED_AND_CHEMISTRY_CROSSCHECKED,0.0
REALV6R_0204,Wheat bran::RealV6_小麦麸_sample4,Wheat bran,小麦麸,4,6,growing,35.0,0.53208,16.990125,16.990125,2.538827695976384,5.895032499999998,8.556264804023616,8.433860195976383,31.931523455119528,0.015202285714285715,0.4854321428571428,19.957202159449707,3.044654939106901,24.83085250338295,5.638249887235002,6.405051871898962,,88.68,17.45,19.677492106450156,0.2797100529995511,CONSISTENT,35±3 kg,15.0,河南濮阳,小麦麸论文 表2,MISSING_IN_TARGET__IMPUTED_906_TRAINING_MEDIAN,REPORTED_INITIAL_BW__NOT_DMI_BACKCALCULATION,RETROSPECTIVE_PRE_FN_UN_LAB_INFORMATION,TARGET_DM_CP_N_HARMONIZED_AND_CHEMISTRY_CROSSCHECKED,0.0
REALV6R_0205,Wheat bran::RealV6_小麦麸_sample5,Wheat bran,小麦麸,5,1,growing,35.0,0.5316000000000001,16.821750000000005,16.821750000000005,2.533543818137971,3.880424999999987,10.407781181862047,6.413968818137958,31.643623024830706,0.015188571428571431,0.4806214285714287,19.77726439051919,1.8848758465011288,24.25507900677201,5.507900677200904,6.760722347629798,,88.6,17.34,19.57110609480813,0.20615829571105948,CONSISTENT,35±3 kg,15.0,江苏徐州,小麦麸论文 表2,MISSING_IN_TARGET__IMPUTED_906_TRAINING_MEDIAN,REPORTED_INITIAL_BW__NOT_DMI_BACKCALCULATION,RETROSPECTIVE_PRE_FN_UN_LAB_INFORMATION,TARGET_DM_CP_N_HARMONIZED_AND_CHEMISTRY_CROSSCHECKED,0.0
REALV6R_0206,Wheat bran::RealV6_小麦麸_sample5,Wheat bran,小麦麸,5,2,growing,35.0,0.5316000000000001,16.821750000000005,16.821750000000005,2.100660631462425,4.95760416666667,9.76348520187091,7.058264798129095,31.643623024830706,0.015188571428571431,0.4806214285714287,19.77726439051919,1.8848758465011288,24.25507900677201,5.507900677200904,6.760722347629798,,88.6,17.34,19.57110609480813,0.20615829571105948,CONSISTENT,35±3 kg,15.0,江苏徐州,小麦麸论文 表2,MISSING_IN_TARGET__IMPUTED_906_TRAINING_MEDIAN,REPORTED_INITIAL_BW__NOT_DMI_BACKCALCULATION,RETROSPECTIVE_PRE_FN_UN_LAB_INFORMATION,TARGET_DM_CP_N_HARMONIZED_AND_CHEMISTRY_CROSSCHECKED,0.0
REALV6R_0207,Wheat bran::RealV6_小麦麸_sample5,Wheat bran,小麦麸,5,3,growing,35.0,0.5316000000000001,16.821750000000005,16.821750000000005,2.438337927314103,2.554054166666665,11.829357906019236,4.992392093980769,31.643623024830706,0.015188571428571431,0.4806214285714287,19.77726439051919,1.8848758465011288,24.25507900677201,5.507900677200904,6.760722347629798,,88.6,17.34,19.57110609480813,0.20615829571105948,CONSISTENT,35±3 kg,15.0,江苏徐州,小麦麸论文 表2,MISSING_IN_TARGET__IMPUTED_906_TRAINING_MEDIAN,REPORTED_INITIAL_BW__NOT_DMI_BACKCALCULATION,RETROSPECTIVE_PRE_FN_UN_LAB_INFORMATION,TARGET_DM_CP_N_HARMONIZED_AND_CHEMISTRY_CROSSCHECKED,0.0
REALV6R_0208,Wheat bran::RealV6_小麦麸_sample5,Wheat bran,小麦麸,5,4,growing,35.0,0.5316000000000001,16.821750000000005,16.821750000000005,2.223715745862473,6.8609375,7.737096754137532,9.084653245862473,31.643623024830706,0.015188571428571431,0.4806214285714287,19.77726439051919,1.8848758465011288,24.25507900677201,5.507900677200904,6.760722347629798,,88.6,17.34,19.57110609480813,0.20615829571105948,CONSISTENT,35±3 kg,15.0,江苏徐州,小麦麸论文 表2,MISSING_IN_TARGET__IMPUTED_906_TRAINING_MEDIAN,REPORTED_INITIAL_BW__NOT_DMI_BACKCALCULATION,RETROSPECTIVE_PRE_FN_UN_LAB_INFORMATION,TARGET_DM_CP_N_HARMONIZED_AND_CHEMISTRY_CROSSCHECKED,0.0
REALV6R_0209,Wheat bran::RealV6_小麦麸_sample5,Wheat bran,小麦麸,5,5,growing,35.0,0.5316000000000001,16.821750000000005,16.821750000000005,2.493779794043621,4.879812499999996,9.448157705956387,7.373592294043617,31.643623024830706,0.015188571428571431,0.4806214285714287,19.77726439051919,1.8848758465011288,24.25507900677201,5.507900677200904,6.760722347629798,,88.6,17.34,19.57110609480813,0.20615829571105948,CONSISTENT,35±3 kg,15.0,江苏徐州,小麦麸论文 表2,MISSING_IN_TARGET__IMPUTED_906_TRAINING_MEDIAN,REPORTED_INITIAL_BW__NOT_DMI_BACKCALCULATION,RETROSPECTIVE_PRE_FN_UN_LAB_INFORMATION,TARGET_DM_CP_N_HARMONIZED_AND_CHEMISTRY_CROSSCHECKED,0.0
REALV6R_0210,Wheat bran::RealV6_小麦麸_sample5,Wheat bran,小麦麸,5,6,growing,35.0,0.5316000000000001,16.821750000000005,16.821750000000005,2.319905107632256,5.839284166666685,8.662560725701065,8.15918927429894,31.643623024830706,0.015188571428571431,0.4806214285714287,19.77726439051919,1.8848758465011288,24.25507900677201,5.507900677200904,6.760722347629798,,88.6,17.34,19.57110609480813,0.20615829571105948,CONSISTENT,35±3 kg,15.0,江苏徐州,小麦麸论文 表2,MISSING_IN_TARGET__IMPUTED_906_TRAINING_MEDIAN,REPORTED_INITIAL_BW__NOT_DMI_BACKCALCULATION,RETROSPECTIVE_PRE_FN_UN_LAB_INFORMATION,TARGET_DM_CP_N_HARMONIZED_AND_CHEMISTRY_CROSSCHECKED,0.0
REALV6R_0211,Wheat bran::RealV6_小麦麸_sample6,Wheat bran,小麦麸,6,1,growing,35.0,0.5304,16.093875,16.093875,2.897577210388571,6.0750375,7.121260289611429,8.972614710388571,30.34290158371041,0.015154285714285714,0.45982500000000004,18.964313489819006,4.298642533936651,25.373303167420815,6.233031674208145,6.6289592760181,,88.4,16.61,18.789592760180994,0.1747207296380111,CONSISTENT,35±3 kg,15.0,河南新乡,小麦麸论文 表2,MISSING_IN_TARGET__IMPUTED_906_TRAINING_MEDIAN,REPORTED_INITIAL_BW__NOT_DMI_BACKCALCULATION,RETROSPECTIVE_PRE_FN_UN_LAB_INFORMATION,TARGET_DM_CP_N_HARMONIZED_AND_CHEMISTRY_CROSSCHECKED,8.881784197001252e-16
REALV6R_0212,Wheat bran::RealV6_小麦麸_sample6,Wheat bran,小麦麸,6,2,growing,35.0,0.5304,16.093875,16.093875,1.894771195391264,6.230726666666662,7.968377137942074,8.125497862057927,30.34290158371041,0.015154285714285714,0.45982500000000004,18.964313489819006,4.298642533936651,25.373303167420815,6.233031674208145,6.6289592760181,,88.4,16.61,18.789592760180994,0.1747207296380111,CONSISTENT,35±3 kg,15.0,河南新乡,小麦麸论文 表2,MISSING_IN_TARGET__IMPUTED_906_TRAINING_MEDIAN,REPORTED_INITIAL_BW__NOT_DMI_BACKCALCULATION,RETROSPECTIVE_PRE_FN_UN_LAB_INFORMATION,TARGET_DM_CP_N_HARMONIZED_AND_CHEMISTRY_CROSSCHECKED,0.0
REALV6R_0213,Wheat bran::RealV6_小麦麸_sample6,Wheat bran,小麦麸,6,3,growing,35.0,0.5304,16.093875,16.093875,2.452770378797893,3.04944,10.591664621202106,5.502210378797893,30.34290158371041,0.015154285714285714,0.45982500000000004,18.964313489819006,4.298642533936651,25.373303167420815,6.233031674208145,6.6289592760181,,88.4,16.61,18.789592760180994,0.1747207296380111,CONSISTENT,35±3 kg,15.0,河南新乡,小麦麸论文 表2,MISSING_IN_TARGET__IMPUTED_906_TRAINING_MEDIAN,REPORTED_INITIAL_BW__NOT_DMI_BACKCALCULATION,RETROSPECTIVE_PRE_FN_UN_LAB_INFORMATION,TARGET_DM_CP_N_HARMONIZED_AND_CHEMISTRY_CROSSCHECKED,0.0
REALV6R_0214,Wheat bran::RealV6_小麦麸_sample6,Wheat bran,小麦麸,6,4,growing,35.0,0.5304,16.093875,16.093875,2.205755657122008,4.774125,9.113994342877993,6.979880657122008,30.34290158371041,0.015154285714285714,0.45982500000000004,18.964313489819006,4.298642533936651,25.373303167420815,6.233031674208145,6.6289592760181,,88.4,16.61,18.789592760180994,0.1747207296380111,CONSISTENT,35±3 kg,15.0,河南新乡,小麦麸论文 表2,MISSING_IN_TARGET__IMPUTED_906_TRAINING_MEDIAN,REPORTED_INITIAL_BW__NOT_DMI_BACKCALCULATION,RETROSPECTIVE_PRE_FN_UN_LAB_INFORMATION,TARGET_DM_CP_N_HARMONIZED_AND_CHEMISTRY_CROSSCHECKED,0.0
REALV6R_0215,Wheat bran::RealV6_小麦麸_sample6,Wheat bran,小麦麸,6,5,growing,35.0,0.5304,16.093875,16.093875,2.49790431957379,8.355072499999995,5.240898180426216,10.852976819573785,30.34290158371041,0.015154285714285714,0.45982500000000004,18.964313489819006,4.298642533936651,25.373303167420815,6.233031674208145,6.6289592760181,,88.4,16.61,18.789592760180994,0.1747207296380111,CONSISTENT,35±3 kg,15.0,河南新乡,小麦麸论文 表2,MISSING_IN_TARGET__IMPUTED_906_TRAINING_MEDIAN,REPORTED_INITIAL_BW__NOT_DMI_BACKCALCULATION,RETROSPECTIVE_PRE_FN_UN_LAB_INFORMATION,TARGET_DM_CP_N_HARMONIZED_AND_CHEMISTRY_CROSSCHECKED,0.0
REALV6R_0216,Wheat bran::RealV6_小麦麸_sample6,Wheat bran,小麦麸,6,6,growing,35.0,0.5304,16.093875,16.093875,1.955202859994505,5.871050833333337,8.267621306672158,7.826253693327842,30.34290158371041,0.015154285714285714,0.45982500000000004,18.964313489819006,4.298642533936651,25.373303167420815,6.233031674208145,6.6289592760181,,88.4,16.61,18.789592760180994,0.1747207296380111,CONSISTENT,35±3 kg,15.0,河南新乡,小麦麸论文 表2,MISSING_IN_TARGET__IMPUTED_906_TRAINING_MEDIAN,REPORTED_INITIAL_BW__NOT_DMI_BACKCALCULATION,RETROSPECTIVE_PRE_FN_UN_LAB_INFORMATION,TARGET_DM_CP_N_HARMONIZED_AND_CHEMISTRY_CROSSCHECKED,0.0
REALV6R_0217,Wheat bran::RealV6_小麦麸_sample7,Wheat bran,小麦麸,7,1,growing,35.0,0.51168,16.647375000000004,16.647375000000004,2.7842686018562,5.744339999999984,8.11876639814382,8.528608601856185,32.534738508442786,0.014619428571428571,0.4756392857142858,20.334211567776737,2.4155722326454034,23.534240150093808,4.936679174484053,6.519699812382739,,85.28,17.1,20.0515947467167,0.2826168210600386,CONSISTENT,35±3 kg,15.0,宁夏银川,小麦麸论文 表2,MISSING_IN_TARGET__IMPUTED_906_TRAINING_MEDIAN,REPORTED_INITIAL_BW__NOT_DMI_BACKCALCULATION,RETROSPECTIVE_PRE_FN_UN_LAB_INFORMATION,TARGET_DM_CP_N_HARMONIZED_AND_CHEMISTRY_CROSSCHECKED,0.0
REALV6R_0218,Wheat bran::RealV6_小麦麸_sample7,Wheat bran,小麦麸,7,2,growing,35.0,0.51168,16.647375000000004,16.647375000000004,2.506233198182811,6.877871666666671,7.263270135150522,9.384104864849482,32.534738508442786,0.014619428571428571,0.4756392857142858,20.334211567776737,2.4155722326454034,23.534240150093808,4.936679174484053,6.519699812382739,,85.28,17.1,20.0515947467167,0.2826168210600386,CONSISTENT,35±3 kg,15.0,宁夏银川,小麦麸论文 表2,MISSING_IN_TARGET__IMPUTED_906_TRAINING_MEDIAN,REPORTED_INITIAL_BW__NOT_DMI_BACKCALCULATION,RETROSPECTIVE_PRE_FN_UN_LAB_INFORMATION,TARGET_DM_CP_N_HARMONIZED_AND_CHEMISTRY_CROSSCHECKED,0.0
REALV6R_0219,Wheat bran::RealV6_小麦麸_sample7,Wheat bran,小麦麸,7,3,growing,35.0,0.51168,16.647375000000004,16.647375000000004,2.584373131932084,2.188587499999998,11.87441436806792,4.772960631932082,32.534738508442786,0.014619428571428571,0.4756392857142858,20.334211567776737,2.4155722326454034,23.534240150093808,4.936679174484053,6.519699812382739,,85.28,17.1,20.0515947467167,0.2826168210600386,CONSISTENT,35±3 kg,15.0,宁夏银川,小麦麸论文 表2,MISSING_IN_TARGET__IMPUTED_906_TRAINING_MEDIAN,REPORTED_INITIAL_BW__NOT_DMI_BACKCALCULATION,RETROSPECTIVE_PRE_FN_UN_LAB_INFORMATION,TARGET_DM_CP_N_HARMONIZED_AND_CHEMISTRY_CROSSCHECKED,0.0
REALV6R_0220,Wheat bran::RealV6_小麦麸_sample7,Wheat bran,小麦麸,7,4,growing,35.0,0.51168,16.647375000000004,16.647375000000004,2.613413288135595,5.99627416666667,8.037687545197738,8.609687454802266,32.534738508442786,0.014619428571428571,0.4756392857142858,20.334211567776737,2.4155722326454034,23.534240150093808,4.936679174484053,6.519699812382739,,85.28,17.1,20.0515947467167,0.2826168210600386,CONSISTENT,35±3 kg,15.0,宁夏银川,小麦麸论文 表2,MISSING_IN_TARGET__IMPUTED_906_TRAINING_MEDIAN,REPORTED_INITIAL_BW__NOT_DMI_BACKCALCULATION,RETROSPECTIVE_PRE_FN_UN_LAB_INFORMATION,TARGET_DM_CP_N_HARMONIZED_AND_CHEMISTRY_CROSSCHECKED,0.0
REALV6R_0221,Wheat bran::RealV6_小麦麸_sample7,Wheat bran,小麦麸,7,5,growing,35.0,0.51168,16.647375000000004,16.647375000000004,2.692865674548635,6.356123333333337,7.598385992118033,9.048989007881971,32.534738508442786,0.014619428571428571,0.4756392857142858,20.334211567776737,2.4155722326454034,23.534240150093808,4.936679174484053,6.519699812382739,,85.28,17.1,20.0515947467167,0.2826168210600386,CONSISTENT,35±3 kg,15.0,宁夏银川,小麦麸论文 表2,MISSING_IN_TARGET__IMPUTED_906_TRAINING_MEDIAN,REPORTED_INITIAL_BW__NOT_DMI_BACKCALCULATION,RETROSPECTIVE_PRE_FN_UN_LAB_INFORMATION,TARGET_DM_CP_N_HARMONIZED_AND_CHEMISTRY_CROSSCHECKED,-8.881784197001252e-16
REALV6R_0222,Wheat bran::RealV6_小麦麸_sample7,Wheat bran,小麦麸,7,6,growing,35.0,0.51168,16.647375000000004,16.647375000000004,2.523405739371372,2.9122925,11.211676760628631,5.435698239371372,32.534738508442786,0.014619428571428571,0.4756392857142858,20.334211567776737,2.4155722326454034,23.534240150093808,4.936679174484053,6.519699812382739,,85.28,17.1,20.0515947467167,0.2826168210600386,CONSISTENT,35±3 kg,15.0,宁夏银川,小麦麸论文 表2,MISSING_IN_TARGET__IMPUTED_906_TRAINING_MEDIAN,REPORTED_INITIAL_BW__NOT_DMI_BACKCALCULATION,RETROSPECTIVE_PRE_FN_UN_LAB_INFORMATION,TARGET_DM_CP_N_HARMONIZED_AND_CHEMISTRY_CROSSCHECKED,1.7763568394002505e-15
REALV6R_0223,Wheat bran::RealV6_小麦麸_sample8,Wheat bran,小麦麸,8,1,growing,35.0,0.6202,20.010374999999996,20.010374999999996,3.40945164261541,2.533163166666665,14.067760190717921,5.942614809282075,32.26439051918735,0.01772,0.5717249999999999,20.1652440744921,3.35214446952596,23.103837471783297,5.699774266365689,6.3431151241535,,88.6,17.72,20.0,0.16524407449210088,CONSISTENT,35±3 kg,17.5,广东顺德,小麦麸论文 表2,MISSING_IN_TARGET__IMPUTED_906_TRAINING_MEDIAN,REPORTED_INITIAL_BW__NOT_DMI_BACKCALCULATION,RETROSPECTIVE_PRE_FN_UN_LAB_INFORMATION,TARGET_DM_CP_N_HARMONIZED_AND_CHEMISTRY_CROSSCHECKED,1.7763568394002505e-15
REALV6R_0224,Wheat bran::RealV6_小麦麸_sample8,Wheat bran,小麦麸,8,2,growing,35.0,0.6202,20.010374999999996,20.010374999999996,2.336726711206132,5.299478166666671,12.374170122127193,7.636204877872803,32.26439051918735,0.01772,0.5717249999999999,20.1652440744921,3.35214446952596,23.103837471783297,5.699774266365689,6.3431151241535,,88.6,17.72,20.0,0.16524407449210088,CONSISTENT,35±3 kg,17.5,广东顺德,小麦麸论文 表2,MISSING_IN_TARGET__IMPUTED_906_TRAINING_MEDIAN,REPORTED_INITIAL_BW__NOT_DMI_BACKCALCULATION,RETROSPECTIVE_PRE_FN_UN_LAB_INFORMATION,TARGET_DM_CP_N_HARMONIZED_AND_CHEMISTRY_CROSSCHECKED,0.0
REALV6R_0225,Wheat bran::RealV6_小麦麸_sample8,Wheat bran,小麦麸,8,3,growing,35.0,0.6202,20.010374999999996,20.010374999999996,2.772492604885881,2.665962,14.571920395114116,5.438454604885881,32.26439051918735,0.01772,0.5717249999999999,20.1652440744921,3.35214446952596,23.103837471783297,5.699774266365689,6.3431151241535,,88.6,17.72,20.0,0.16524407449210088,CONSISTENT,35±3 kg,17.5,广东顺德,小麦麸论文 表2,MISSING_IN_TARGET__IMPUTED_906_TRAINING_MEDIAN,REPORTED_INITIAL_BW__NOT_DMI_BACKCALCULATION,RETROSPECTIVE_PRE_FN_UN_LAB_INFORMATION,TARGET_DM_CP_N_HARMONIZED_AND_CHEMISTRY_CROSSCHECKED,0.0
REALV6R_0226,Wheat bran::RealV6_小麦麸_sample8,Wheat bran,小麦麸,8,4,growing,35.0,0.6202,20.010374999999996,20.010374999999996,3.104099400701451,5.320963833333337,11.585311765965209,8.425063234034788,32.26439051918735,0.01772,0.5717249999999999,20.1652440744921,3.35214446952596,23.103837471783297,5.699774266365689,6.3431151241535,,88.6,17.72,20.0,0.16524407449210088,CONSISTENT,35±3 kg,17.5,广东顺德,小麦麸论文 表2,MISSING_IN_TARGET__IMPUTED_906_TRAINING_MEDIAN,REPORTED_INITIAL_BW__NOT_DMI_BACKCALCULATION,RETROSPECTIVE_PRE_FN_UN_LAB_INFORMATION,TARGET_DM_CP_N_HARMONIZED_AND_CHEMISTRY_CROSSCHECKED,0.0
REALV6R_0227,Wheat bran::RealV6_小麦麸_sample8,Wheat bran,小麦麸,8,5,growing,35.0,0.6202,20.010374999999996,20.010374999999996,3.061643708630771,3.733461000000002,13.215270291369222,6.795104708630773,32.26439051918735,0.01772,0.5717249999999999,20.1652440744921,3.35214446952596,23.103837471783297,5.699774266365689,6.3431151241535,,88.6,17.72,20.0,0.16524407449210088,CONSISTENT,35±3 kg,17.5,广东顺德,小麦麸论文 表2,MISSING_IN_TARGET__IMPUTED_906_TRAINING_MEDIAN,REPORTED_INITIAL_BW__NOT_DMI_BACKCALCULATION,RETROSPECTIVE_PRE_FN_UN_LAB_INFORMATION,TARGET_DM_CP_N_HARMONIZED_AND_CHEMISTRY_CROSSCHECKED,0.0
REALV6R_0228,Wheat bran::RealV6_小麦麸_sample8,Wheat bran,小麦麸,8,6,growing,35.0,0.6202,20.010374999999996,20.010374999999996,2.800564267905137,7.274327666666674,9.935483065428185,10.074891934571811,32.26439051918735,0.01772,0.5717249999999999,20.1652440744921,3.35214446952596,23.103837471783297,5.699774266365689,6.3431151241535,,88.6,17.72,20.0,0.16524407449210088,CONSISTENT,35±3 kg,17.5,广东顺德,小麦麸论文 表2,MISSING_IN_TARGET__IMPUTED_906_TRAINING_MEDIAN,REPORTED_INITIAL_BW__NOT_DMI_BACKCALCULATION,RETROSPECTIVE_PRE_FN_UN_LAB_INFORMATION,TARGET_DM_CP_N_HARMONIZED_AND_CHEMISTRY_CROSSCHECKED,-1.7763568394002505e-15
REALV6R_0229,Wheat bran::RealV6_小麦麸_sample9,Wheat bran,小麦麸,9,1,growing,35.0,0.69736,20.862,20.862,3.79180086816498,5.293300499999998,11.77689863183502,9.085101368164977,29.91568200068831,0.019924571428571427,0.5960571428571428,18.697301250430193,3.3497762991854994,27.325914878972124,6.05712974647241,7.204313410577034,,87.17,16.19,18.57290352185385,0.12439772857634424,CONSISTENT,35±3 kg,20.0,内蒙古呼和浩特,小麦麸论文 表2,MISSING_IN_TARGET__IMPUTED_906_TRAINING_MEDIAN,REPORTED_INITIAL_BW__NOT_DMI_BACKCALCULATION,RETROSPECTIVE_PRE_FN_UN_LAB_INFORMATION,TARGET_DM_CP_N_HARMONIZED_AND_CHEMISTRY_CROSSCHECKED,0.0
REALV6R_0230,Wheat bran::RealV6_小麦麸_sample9,Wheat bran,小麦麸,9,2,growing,35.0,0.69736,20.862,20.862,3.260494922096322,4.624716333333339,12.976788744570337,7.885211255429661,29.91568200068831,0.019924571428571427,0.5960571428571428,18.697301250430193,3.3497762991854994,27.325914878972124,6.05712974647241,7.204313410577034,,87.17,16.19,18.57290352185385,0.12439772857634424,CONSISTENT,35±3 kg,20.0,内蒙古呼和浩特,小麦麸论文 表2,MISSING_IN_TARGET__IMPUTED_906_TRAINING_MEDIAN,REPORTED_INITIAL_BW__NOT_DMI_BACKCALCULATION,RETROSPECTIVE_PRE_FN_UN_LAB_INFORMATION,TARGET_DM_CP_N_HARMONIZED_AND_CHEMISTRY_CROSSCHECKED,1.7763568394002505e-15
REALV6R_0231,Wheat bran::RealV6_小麦麸_sample9,Wheat bran,小麦麸,9,3,growing,35.0,0.69736,20.862,20.862,3.15306909476662,5.619070100000016,12.089860805233362,8.772139194766636,29.91568200068831,0.019924571428571427,0.5960571428571428,18.697301250430193,3.3497762991854994,27.325914878972124,6.05712974647241,7.204313410577034,,87.17,16.19,18.57290352185385,0.12439772857634424,CONSISTENT,35±3 kg,20.0,内蒙古呼和浩特,小麦麸论文 表2,MISSING_IN_TARGET__IMPUTED_906_TRAINING_MEDIAN,REPORTED_INITIAL_BW__NOT_DMI_BACKCALCULATION,RETROSPECTIVE_PRE_FN_UN_LAB_INFORMATION,TARGET_DM_CP_N_HARMONIZED_AND_CHEMISTRY_CROSSCHECKED,1.7763568394002505e-15
REALV6R_0232,Wheat bran::RealV6_小麦麸_sample9,Wheat bran,小麦麸,9,4,growing,35.0,0.69736,20.862,20.862,3.325718617639204,5.524994166666672,12.011287215694121,8.850712784305877,29.91568200068831,0.019924571428571427,0.5960571428571428,18.697301250430193,3.3497762991854994,27.325914878972124,6.05712974647241,7.204313410577034,,87.17,16.19,18.57290352185385,0.12439772857634424,CONSISTENT,35±3 kg,20.0,内蒙古呼和浩特,小麦麸论文 表2,MISSING_IN_TARGET__IMPUTED_906_TRAINING_MEDIAN,REPORTED_INITIAL_BW__NOT_DMI_BACKCALCULATION,RETROSPECTIVE_PRE_FN_UN_LAB_INFORMATION,TARGET_DM_CP_N_HARMONIZED_AND_CHEMISTRY_CROSSCHECKED,0.0
REALV6R_0233,Wheat bran::RealV6_小麦麸_sample9,Wheat bran,小麦麸,9,5,growing,35.0,0.69736,20.862,20.862,3.38928118488554,5.26905866666667,12.203660148447788,8.65833985155221,29.91568200068831,0.019924571428571427,0.5960571428571428,18.697301250430193,3.3497762991854994,27.325914878972124,6.05712974647241,7.204313410577034,,87.17,16.19,18.57290352185385,0.12439772857634424,CONSISTENT,35±3 kg,20.0,内蒙古呼和浩特,小麦麸论文 表2,MISSING_IN_TARGET__IMPUTED_906_TRAINING_MEDIAN,REPORTED_INITIAL_BW__NOT_DMI_BACKCALCULATION,RETROSPECTIVE_PRE_FN_UN_LAB_INFORMATION,TARGET_DM_CP_N_HARMONIZED_AND_CHEMISTRY_CROSSCHECKED,0.0
REALV6R_0234,Wheat bran::RealV6_小麦麸_sample9,Wheat bran,小麦麸,9,6,growing,35.0,0.69736,20.862,20.862,3.330092917853914,6.380145333333329,11.151761748812756,9.710238251187242,29.91568200068831,0.019924571428571427,0.5960571428571428,18.697301250430193,3.3497762991854994,27.325914878972124,6.05712974647241,7.204313410577034,,87.17,16.19,18.57290352185385,0.12439772857634424,CONSISTENT,35±3 kg,20.0,内蒙古呼和浩特,小麦麸论文 表2,MISSING_IN_TARGET__IMPUTED_906_TRAINING_MEDIAN,REPORTED_INITIAL_BW__NOT_DMI_BACKCALCULATION,RETROSPECTIVE_PRE_FN_UN_LAB_INFORMATION,TARGET_DM_CP_N_HARMONIZED_AND_CHEMISTRY_CROSSCHECKED,0.0
REALV6R_0235,Wheat bran::RealV6_小麦麸_sample10,Wheat bran,小麦麸,10,1,growing,35.0,0.8906000000000001,24.643125,24.643125,3.705787967329136,6.0884525,14.848884532670866,9.794240467329136,27.670250392993488,0.025445714285714287,0.7040892857142858,17.293906495620927,4.266786436110487,26.80215584998877,6.579833819896699,6.231753873792948,,89.06,15.26,17.13451605659106,0.15939043902986683,CONSISTENT,35±3 kg,25.0,河北秦皇岛,小麦麸论文 表2,MISSING_IN_TARGET__IMPUTED_906_TRAINING_MEDIAN,REPORTED_INITIAL_BW__NOT_DMI_BACKCALCULATION,RETROSPECTIVE_PRE_FN_UN_LAB_INFORMATION,TARGET_DM_CP_N_HARMONIZED_AND_CHEMISTRY_CROSSCHECKED,0.0
REALV6R_0236,Wheat bran::RealV6_小麦麸_sample10,Wheat bran,小麦麸,10,2,growing,35.0,0.8906000000000001,24.643125,24.643125,3.989670178613048,5.803479000000005,14.849975821386948,9.793149178613053,27.670250392993488,0.025445714285714287,0.7040892857142858,17.293906495620927,4.266786436110487,26.80215584998877,6.579833819896699,6.231753873792948,,89.06,15.26,17.13451605659106,0.15939043902986683,CONSISTENT,35±3 kg,25.0,河北秦皇岛,小麦麸论文 表2,MISSING_IN_TARGET__IMPUTED_906_TRAINING_MEDIAN,REPORTED_INITIAL_BW__NOT_DMI_BACKCALCULATION,RETROSPECTIVE_PRE_FN_UN_LAB_INFORMATION,TARGET_DM_CP_N_HARMONIZED_AND_CHEMISTRY_CROSSCHECKED,-1.7763568394002505e-15
REALV6R_0237,Wheat bran::RealV6_小麦麸_sample10,Wheat bran,小麦麸,10,3,growing,35.0,0.8906000000000001,24.643125,24.643125,3.612358519961704,6.8385305,14.192235980038298,10.450889019961703,27.670250392993488,0.025445714285714287,0.7040892857142858,17.293906495620927,4.266786436110487,26.80215584998877,6.579833819896699,6.231753873792948,,89.06,15.26,17.13451605659106,0.15939043902986683,CONSISTENT,35±3 kg,25.0,河北秦皇岛,小麦麸论文 表2,MISSING_IN_TARGET__IMPUTED_906_TRAINING_MEDIAN,REPORTED_INITIAL_BW__NOT_DMI_BACKCALCULATION,RETROSPECTIVE_PRE_FN_UN_LAB_INFORMATION,TARGET_DM_CP_N_HARMONIZED_AND_CHEMISTRY_CROSSCHECKED,0.0
REALV6R_0238,Wheat bran::RealV6_小麦麸_sample10,Wheat bran,小麦麸,10,4,growing,35.0,0.8906000000000001,24.643125,24.643125,3.814626427034176,6.55855283333334,14.269945739632485,10.373179260367516,27.670250392993488,0.025445714285714287,0.7040892857142858,17.293906495620927,4.266786436110487,26.80215584998877,6.579833819896699,6.231753873792948,,89.06,15.26,17.13451605659106,0.15939043902986683,CONSISTENT,35±3 kg,25.0,河北秦皇岛,小麦麸论文 表2,MISSING_IN_TARGET__IMPUTED_906_TRAINING_MEDIAN,REPORTED_INITIAL_BW__NOT_DMI_BACKCALCULATION,RETROSPECTIVE_PRE_FN_UN_LAB_INFORMATION,TARGET_DM_CP_N_HARMONIZED_AND_CHEMISTRY_CROSSCHECKED,-1.7763568394002505e-15
REALV6R_0239,Wheat bran::RealV6_小麦麸_sample10,Wheat bran,小麦麸,10,5,growing,35.0,0.8906000000000001,24.643125,24.643125,3.713858098870919,5.801790499999997,15.127476401129085,9.515648598870916,27.670250392993488,0.025445714285714287,0.7040892857142858,17.293906495620927,4.266786436110487,26.80215584998877,6.579833819896699,6.231753873792948,,89.06,15.26,17.13451605659106,0.15939043902986683,CONSISTENT,35±3 kg,25.0,河北秦皇岛,小麦麸论文 表2,MISSING_IN_TARGET__IMPUTED_906_TRAINING_MEDIAN,REPORTED_INITIAL_BW__NOT_DMI_BACKCALCULATION,RETROSPECTIVE_PRE_FN_UN_LAB_INFORMATION,TARGET_DM_CP_N_HARMONIZED_AND_CHEMISTRY_CROSSCHECKED,0.0
REALV6R_0240,Wheat bran::RealV6_小麦麸_sample10,Wheat bran,小麦麸,10,6,growing,35.0,0.8906000000000001,24.643125,24.643125,3.713846040572694,6.603863499999997,14.32541545942731,10.317709540572691,27.670250392993488,0.025445714285714287,0.7040892857142858,17.293906495620927,4.266786436110487,26.80215584998877,6.579833819896699,6.231753873792948,,89.06,15.26,17.13451605659106,0.15939043902986683,CONSISTENT,35±3 kg,25.0,河北秦皇岛,小麦麸论文 表2,MISSING_IN_TARGET__IMPUTED_906_TRAINING_MEDIAN,REPORTED_INITIAL_BW__NOT_DMI_BACKCALCULATION,RETROSPECTIVE_PRE_FN_UN_LAB_INFORMATION,TARGET_DM_CP_N_HARMONIZED_AND_CHEMISTRY_CROSSCHECKED,0.0
REALV6R_0301,Cassava::RealV6_木薯_sample1,Cassava,木薯,1,1,growing,50.0,2.6210999999999998,45.702034883721,45.702034883721,6.362301753542821,10.74527,28.594463130178177,17.10757175354282,17.43620422102209,0.052421999999999996,0.91404069767442,10.897627638138806,3.8342680553965893,19.46892526038686,6.237839075197436,8.526954332150623,,87.37,9.51,10.884743046812407,0.012884591326399075,CONSISTENT,50.0±1.7 kg,75.0,广西南宁,木薯论文 表2-2,MISSING_IN_TARGET__IMPUTED_906_TRAINING_MEDIAN,REPORTED_INITIAL_BW__NOT_DMI_BACKCALCULATION,RETROSPECTIVE_PRE_FN_UN_LAB_INFORMATION,TARGET_DM_CP_N_HARMONIZED_AND_CHEMISTRY_CROSSCHECKED,0.0
REALV6R_0302,Cassava::RealV6_木薯_sample1,Cassava,木薯,1,2,growing,50.0,2.6210999999999998,45.702034883721,45.702034883721,8.149710548020508,12.01396,25.53836433570049,20.16367054802051,17.43620422102209,0.052421999999999996,0.91404069767442,10.897627638138806,3.8342680553965893,19.46892526038686,6.237839075197436,8.526954332150623,,87.37,9.51,10.884743046812407,0.012884591326399075,CONSISTENT,50.0±1.7 kg,75.0,广西南宁,木薯论文 表2-2,MISSING_IN_TARGET__IMPUTED_906_TRAINING_MEDIAN,REPORTED_INITIAL_BW__NOT_DMI_BACKCALCULATION,RETROSPECTIVE_PRE_FN_UN_LAB_INFORMATION,TARGET_DM_CP_N_HARMONIZED_AND_CHEMISTRY_CROSSCHECKED,0.0
REALV6R_0303,Cassava::RealV6_木薯_sample1,Cassava,木薯,1,3,growing,50.0,2.6210999999999998,45.702034883721,45.702034883721,7.872625389520481,9.83517666666666,27.994232827533857,17.70780205618714,17.43620422102209,0.052421999999999996,0.91404069767442,10.897627638138806,3.8342680553965893,19.46892526038686,6.237839075197436,8.526954332150623,,87.37,9.51,10.884743046812407,0.012884591326399075,CONSISTENT,50.0±1.7 kg,75.0,广西南宁,木薯论文 表2-2,MISSING_IN_TARGET__IMPUTED_906_TRAINING_MEDIAN,REPORTED_INITIAL_BW__NOT_DMI_BACKCALCULATION,RETROSPECTIVE_PRE_FN_UN_LAB_INFORMATION,TARGET_DM_CP_N_HARMONIZED_AND_CHEMISTRY_CROSSCHECKED,0.0
REALV6R_0304,Cassava::RealV6_木薯_sample1,Cassava,木薯,1,4,growing,50.0,2.6210999999999998,45.702034883721,45.702034883721,6.600335928978653,9.152233333333339,29.949465621409004,15.752569262311992,17.43620422102209,0.052421999999999996,0.91404069767442,10.897627638138806,3.8342680553965893,19.46892526038686,6.237839075197436,8.526954332150623,,87.37,9.51,10.884743046812407,0.012884591326399075,CONSISTENT,50.0±1.7 kg,75.0,广西南宁,木薯论文 表2-2,MISSING_IN_TARGET__IMPUTED_906_TRAINING_MEDIAN,REPORTED_INITIAL_BW__NOT_DMI_BACKCALCULATION,RETROSPECTIVE_PRE_FN_UN_LAB_INFORMATION,TARGET_DM_CP_N_HARMONIZED_AND_CHEMISTRY_CROSSCHECKED,3.552713678800501e-15
REALV6R_0305,Cassava::RealV6_木薯_sample1,Cassava,木薯,1,5,growing,50.0,2.6210999999999998,45.702034883721,45.702034883721,7.243731819998114,3.154338333333329,35.30396473038955,10.398070153331442,17.43620422102209,0.052421999999999996,0.91404069767442,10.897627638138806,3.8342680553965893,19.46892526038686,6.237839075197436,8.526954332150623,,87.37,9.51,10.884743046812407,0.012884591326399075,CONSISTENT,50.0±1.7 kg,75.0,广西南宁,木薯论文 表2-2,MISSING_IN_TARGET__IMPUTED_906_TRAINING_MEDIAN,REPORTED_INITIAL_BW__NOT_DMI_BACKCALCULATION,RETROSPECTIVE_PRE_FN_UN_LAB_INFORMATION,TARGET_DM_CP_N_HARMONIZED_AND_CHEMISTRY_CROSSCHECKED,0.0
REALV6R_0306,Cassava::RealV6_木薯_sample1,Cassava,木薯,1,6,growing,50.0,2.6210999999999998,45.702034883721,45.702034883721,5.973343170529984,4.30146,35.42723171319101,10.274803170529983,17.43620422102209,0.052421999999999996,0.91404069767442,10.897627638138806,3.8342680553965893,19.46892526038686,6.237839075197436,8.526954332150623,,87.37,9.51,10.884743046812407,0.012884591326399075,CONSISTENT,50.0±1.7 kg,75.0,广西南宁,木薯论文 表2-2,MISSING_IN_TARGET__IMPUTED_906_TRAINING_MEDIAN,REPORTED_INITIAL_BW__NOT_DMI_BACKCALCULATION,RETROSPECTIVE_PRE_FN_UN_LAB_INFORMATION,TARGET_DM_CP_N_HARMONIZED_AND_CHEMISTRY_CROSSCHECKED,0.0
REALV6R_0307,Cassava::RealV6_木薯_sample2,Cassava,木薯,2,1,growing,50.0,2.6208,45.36693741041579,45.36693741041579,5.574360815481892,15.6402,24.152376594933894,21.214560815481892,17.310339366001138,0.052416,0.9073387482083157,10.818962103750714,2.4725274725274726,21.0279304029304,5.883699633699633,6.066849816849817,,87.36,9.44,10.805860805860805,0.013101297889908992,CONSISTENT,50.0±1.7 kg,75.0,广西梧州,木薯论文 表2-2,MISSING_IN_TARGET__IMPUTED_906_TRAINING_MEDIAN,REPORTED_INITIAL_BW__NOT_DMI_BACKCALCULATION,RETROSPECTIVE_PRE_FN_UN_LAB_INFORMATION,TARGET_DM_CP_N_HARMONIZED_AND_CHEMISTRY_CROSSCHECKED,-3.552713678800501e-15
REALV6R_0308,Cassava::RealV6_木薯_sample2,Cassava,木薯,2,2,growing,50.0,2.6208,45.36693741041579,45.36693741041579,9.09710893271712,26.30214166666665,9.967686811032017,35.39925059938377,17.310339366001138,0.052416,0.9073387482083157,10.818962103750714,2.4725274725274726,21.0279304029304,5.883699633699633,6.066849816849817,,87.36,9.44,10.805860805860805,0.013101297889908992,CONSISTENT,50.0±1.7 kg,75.0,广西梧州,木薯论文 表2-2,MISSING_IN_TARGET__IMPUTED_906_TRAINING_MEDIAN,REPORTED_INITIAL_BW__NOT_DMI_BACKCALCULATION,RETROSPECTIVE_PRE_FN_UN_LAB_INFORMATION,TARGET_DM_CP_N_HARMONIZED_AND_CHEMISTRY_CROSSCHECKED,0.0
REALV6R_0309,Cassava::RealV6_木薯_sample2,Cassava,木薯,2,3,growing,50.0,2.6208,45.36693741041579,45.36693741041579,7.568962344162347,13.63471666666667,24.16325839958677,21.203679010829017,17.310339366001138,0.052416,0.9073387482083157,10.818962103750714,2.4725274725274726,21.0279304029304,5.883699633699633,6.066849816849817,,87.36,9.44,10.805860805860805,0.013101297889908992,CONSISTENT,50.0±1.7 kg,75.0,广西梧州,木薯论文 表2-2,MISSING_IN_TARGET__IMPUTED_906_TRAINING_MEDIAN,REPORTED_INITIAL_BW__NOT_DMI_BACKCALCULATION,RETROSPECTIVE_PRE_FN_UN_LAB_INFORMATION,TARGET_DM_CP_N_HARMONIZED_AND_CHEMISTRY_CROSSCHECKED,3.552713678800501e-15
REALV6R_0310,Cassava::RealV6_木薯_sample2,Cassava,木薯,2,4,growing,50.0,2.6208,45.36693741041579,45.36693741041579,8.170906795109865,11.00546416666666,26.19056644863926,19.176370961776527,17.310339366001138,0.052416,0.9073387482083157,10.818962103750714,2.4725274725274726,21.0279304029304,5.883699633699633,6.066849816849817,,87.36,9.44,10.805860805860805,0.013101297889908992,CONSISTENT,50.0±1.7 kg,75.0,广西梧州,木薯论文 表2-2,MISSING_IN_TARGET__IMPUTED_906_TRAINING_MEDIAN,REPORTED_INITIAL_BW__NOT_DMI_BACKCALCULATION,RETROSPECTIVE_PRE_FN_UN_LAB_INFORMATION,TARGET_DM_CP_N_HARMONIZED_AND_CHEMISTRY_CROSSCHECKED,0.0
REALV6R_0311,Cassava::RealV6_木薯_sample2,Cassava,木薯,2,5,growing,50.0,2.6208,45.36693741041579,45.36693741041579,7.65368783425541,15.60817166666668,22.105077909493698,23.26185950092209,17.310339366001138,0.052416,0.9073387482083157,10.818962103750714,2.4725274725274726,21.0279304029304,5.883699633699633,6.066849816849817,,87.36,9.44,10.805860805860805,0.013101297889908992,CONSISTENT,50.0±1.7 kg,75.0,广西梧州,木薯论文 表2-2,MISSING_IN_TARGET__IMPUTED_906_TRAINING_MEDIAN,REPORTED_INITIAL_BW__NOT_DMI_BACKCALCULATION,RETROSPECTIVE_PRE_FN_UN_LAB_INFORMATION,TARGET_DM_CP_N_HARMONIZED_AND_CHEMISTRY_CROSSCHECKED,3.552713678800501e-15
REALV6R_0312,Cassava::RealV6_木薯_sample2,Cassava,木薯,2,6,growing,50.0,2.6208,45.36693741041579,45.36693741041579,8.333400455048638,22.4808266666667,14.552710288700446,30.81422712171534,17.310339366001138,0.052416,0.9073387482083157,10.818962103750714,2.4725274725274726,21.0279304029304,5.883699633699633,6.066849816849817,,87.36,9.44,10.805860805860805,0.013101297889908992,CONSISTENT,50.0±1.7 kg,75.0,广西梧州,木薯论文 表2-2,MISSING_IN_TARGET__IMPUTED_906_TRAINING_MEDIAN,REPORTED_INITIAL_BW__NOT_DMI_BACKCALCULATION,RETROSPECTIVE_PRE_FN_UN_LAB_INFORMATION,TARGET_DM_CP_N_HARMONIZED_AND_CHEMISTRY_CROSSCHECKED,0.0
REALV6R_0313,Cassava::RealV6_木薯_sample3,Cassava,木薯,3,1,growing,50.0,2.29892,46.57069970845474,46.57069970845474,7.888160145428512,7.200674166666663,31.481865396359566,15.088834312095175,20.257642592371525,0.045978399999999996,0.9314139941690948,12.661026620232201,0.7011988237955213,20.255598280931917,5.34946844605293,6.175073512779914,,88.42,11.18,12.644198145216015,0.016828475016186673,CONSISTENT,50.0±1.7 kg,65.0,广西贵港,木薯论文 表2-2,MISSING_IN_TARGET__IMPUTED_906_TRAINING_MEDIAN,REPORTED_INITIAL_BW__NOT_DMI_BACKCALCULATION,RETROSPECTIVE_PRE_FN_UN_LAB_INFORMATION,TARGET_DM_CP_N_HARMONIZED_AND_CHEMISTRY_CROSSCHECKED,-3.552713678800501e-15
REALV6R_0314,Cassava::RealV6_木薯_sample3,Cassava,木薯,3,2,growing,50.0,2.29892,46.57069970845474,46.57069970845474,8.059111390767853,11.4556275,27.055960817686888,19.514738890767852,20.257642592371525,0.045978399999999996,0.9314139941690948,12.661026620232201,0.7011988237955213,20.255598280931917,5.34946844605293,6.175073512779914,,88.42,11.18,12.644198145216015,0.016828475016186673,CONSISTENT,50.0±1.7 kg,65.0,广西贵港,木薯论文 表2-2,MISSING_IN_TARGET__IMPUTED_906_TRAINING_MEDIAN,REPORTED_INITIAL_BW__NOT_DMI_BACKCALCULATION,RETROSPECTIVE_PRE_FN_UN_LAB_INFORMATION,TARGET_DM_CP_N_HARMONIZED_AND_CHEMISTRY_CROSSCHECKED,0.0
REALV6R_0315,Cassava::RealV6_木薯_sample3,Cassava,木薯,3,3,growing,50.0,2.29892,46.57069970845474,46.57069970845474,6.483146387089565,15.33369583333332,24.753857488031855,21.816842220422885,20.257642592371525,0.045978399999999996,0.9314139941690948,12.661026620232201,0.7011988237955213,20.255598280931917,5.34946844605293,6.175073512779914,,88.42,11.18,12.644198145216015,0.016828475016186673,CONSISTENT,50.0±1.7 kg,65.0,广西贵港,木薯论文 表2-2,MISSING_IN_TARGET__IMPUTED_906_TRAINING_MEDIAN,REPORTED_INITIAL_BW__NOT_DMI_BACKCALCULATION,RETROSPECTIVE_PRE_FN_UN_LAB_INFORMATION,TARGET_DM_CP_N_HARMONIZED_AND_CHEMISTRY_CROSSCHECKED,3.552713678800501e-15
REALV6R_0316,Cassava::RealV6_木薯_sample3,Cassava,木薯,3,4,growing,50.0,2.29892,46.57069970845474,46.57069970845474,5.906033641709795,12.33438333333332,28.33028273341162,18.240416975043118,20.257642592371525,0.045978399999999996,0.9314139941690948,12.661026620232201,0.7011988237955213,20.255598280931917,5.34946844605293,6.175073512779914,,88.42,11.18,12.644198145216015,0.016828475016186673,CONSISTENT,50.0±1.7 kg,65.0,广西贵港,木薯论文 表2-2,MISSING_IN_TARGET__IMPUTED_906_TRAINING_MEDIAN,REPORTED_INITIAL_BW__NOT_DMI_BACKCALCULATION,RETROSPECTIVE_PRE_FN_UN_LAB_INFORMATION,TARGET_DM_CP_N_HARMONIZED_AND_CHEMISTRY_CROSSCHECKED,0.0
REALV6R_0317,Cassava::RealV6_木薯_sample3,Cassava,木薯,3,5,growing,50.0,2.29892,46.57069970845474,46.57069970845474,6.651585859750259,8.66700833333333,31.25210551537115,15.31859419308359,20.257642592371525,0.045978399999999996,0.9314139941690948,12.661026620232201,0.7011988237955213,20.255598280931917,5.34946844605293,6.175073512779914,,88.42,11.18,12.644198145216015,0.016828475016186673,CONSISTENT,50.0±1.7 kg,65.0,广西贵港,木薯论文 表2-2,MISSING_IN_TARGET__IMPUTED_906_TRAINING_MEDIAN,REPORTED_INITIAL_BW__NOT_DMI_BACKCALCULATION,RETROSPECTIVE_PRE_FN_UN_LAB_INFORMATION,TARGET_DM_CP_N_HARMONIZED_AND_CHEMISTRY_CROSSCHECKED,7.105427357601002e-15
REALV6R_0318,Cassava::RealV6_木薯_sample3,Cassava,木薯,3,6,growing,50.0,2.29892,46.57069970845474,46.57069970845474,6.006025353285859,5.333365833333331,35.23130852183555,11.33939118661919,20.257642592371525,0.045978399999999996,0.9314139941690948,12.661026620232201,0.7011988237955213,20.255598280931917,5.34946844605293,6.175073512779914,,88.42,11.18,12.644198145216015,0.016828475016186673,CONSISTENT,50.0±1.7 kg,65.0,广西贵港,木薯论文 表2-2,MISSING_IN_TARGET__IMPUTED_906_TRAINING_MEDIAN,REPORTED_INITIAL_BW__NOT_DMI_BACKCALCULATION,RETROSPECTIVE_PRE_FN_UN_LAB_INFORMATION,TARGET_DM_CP_N_HARMONIZED_AND_CHEMISTRY_CROSSCHECKED,0.0
REALV6R_0319,Cassava::RealV6_木薯_sample4,Cassava,木薯,4,1,growing,50.0,2.25368,40.58591279348346,40.58591279348346,7.106549024163573,7.40155583333333,26.077807935986556,14.508104857496903,18.00872918670062,0.045073600000000005,0.8117182558696692,11.25545574168789,3.576372865712967,20.41993539455468,5.34148592524227,6.0221504383940925,,86.68,9.74,11.236732810336871,0.01872293135101799,CONSISTENT,50.0±1.7 kg,65.0,广西百色,木薯论文 表2-2,MISSING_IN_TARGET__IMPUTED_906_TRAINING_MEDIAN,REPORTED_INITIAL_BW__NOT_DMI_BACKCALCULATION,RETROSPECTIVE_PRE_FN_UN_LAB_INFORMATION,TARGET_DM_CP_N_HARMONIZED_AND_CHEMISTRY_CROSSCHECKED,3.552713678800501e-15
REALV6R_0320,Cassava::RealV6_木薯_sample4,Cassava,木薯,4,2,growing,50.0,2.25368,40.58591279348346,40.58591279348346,7.782919313858383,7.365564999999999,25.437428479625076,15.148484313858383,18.00872918670062,0.045073600000000005,0.8117182558696692,11.25545574168789,3.576372865712967,20.41993539455468,5.34148592524227,6.0221504383940925,,86.68,9.74,11.236732810336871,0.01872293135101799,CONSISTENT,50.0±1.7 kg,65.0,广西百色,木薯论文 表2-2,MISSING_IN_TARGET__IMPUTED_906_TRAINING_MEDIAN,REPORTED_INITIAL_BW__NOT_DMI_BACKCALCULATION,RETROSPECTIVE_PRE_FN_UN_LAB_INFORMATION,TARGET_DM_CP_N_HARMONIZED_AND_CHEMISTRY_CROSSCHECKED,-3.552713678800501e-15
REALV6R_0321,Cassava::RealV6_木薯_sample4,Cassava,木薯,4,3,growing,50.0,2.25368,40.58591279348346,40.58591279348346,7.337094559955764,12.20892499999999,21.039893233527707,19.546019559955752,18.00872918670062,0.045073600000000005,0.8117182558696692,11.25545574168789,3.576372865712967,20.41993539455468,5.34148592524227,6.0221504383940925,,86.68,9.74,11.236732810336871,0.01872293135101799,CONSISTENT,50.0±1.7 kg,65.0,广西百色,木薯论文 表2-2,MISSING_IN_TARGET__IMPUTED_906_TRAINING_MEDIAN,REPORTED_INITIAL_BW__NOT_DMI_BACKCALCULATION,RETROSPECTIVE_PRE_FN_UN_LAB_INFORMATION,TARGET_DM_CP_N_HARMONIZED_AND_CHEMISTRY_CROSSCHECKED,-3.552713678800501e-15
REALV6R_0322,Cassava::RealV6_木薯_sample4,Cassava,木薯,4,4,growing,50.0,2.25368,40.58591279348346,40.58591279348346,9.061461672475934,24.35135250000003,7.173098621007497,33.41281417247596,18.00872918670062,0.045073600000000005,0.8117182558696692,11.25545574168789,3.576372865712967,20.41993539455468,5.34148592524227,6.0221504383940925,,86.68,9.74,11.236732810336871,0.01872293135101799,CONSISTENT,50.0±1.7 kg,65.0,广西百色,木薯论文 表2-2,MISSING_IN_TARGET__IMPUTED_906_TRAINING_MEDIAN,REPORTED_INITIAL_BW__NOT_DMI_BACKCALCULATION,RETROSPECTIVE_PRE_FN_UN_LAB_INFORMATION,TARGET_DM_CP_N_HARMONIZED_AND_CHEMISTRY_CROSSCHECKED,-3.552713678800501e-15
REALV6R_0323,Cassava::RealV6_木薯_sample4,Cassava,木薯,4,5,growing,50.0,2.25368,40.58591279348346,40.58591279348346,5.981107765170196,11.29762499999999,23.307180028313272,17.278732765170187,18.00872918670062,0.045073600000000005,0.8117182558696692,11.25545574168789,3.576372865712967,20.41993539455468,5.34148592524227,6.0221504383940925,,86.68,9.74,11.236732810336871,0.01872293135101799,CONSISTENT,50.0±1.7 kg,65.0,广西百色,木薯论文 表2-2,MISSING_IN_TARGET__IMPUTED_906_TRAINING_MEDIAN,REPORTED_INITIAL_BW__NOT_DMI_BACKCALCULATION,RETROSPECTIVE_PRE_FN_UN_LAB_INFORMATION,TARGET_DM_CP_N_HARMONIZED_AND_CHEMISTRY_CROSSCHECKED,3.552713678800501e-15
REALV6R_0324,Cassava::RealV6_木薯_sample4,Cassava,木薯,4,6,growing,50.0,2.25368,40.58591279348346,40.58591279348346,8.075596930251892,15.19264000000001,17.317675863231557,23.268236930251902,18.00872918670062,0.045073600000000005,0.8117182558696692,11.25545574168789,3.576372865712967,20.41993539455468,5.34148592524227,6.0221504383940925,,86.68,9.74,11.236732810336871,0.01872293135101799,CONSISTENT,50.0±1.7 kg,65.0,广西百色,木薯论文 表2-2,MISSING_IN_TARGET__IMPUTED_906_TRAINING_MEDIAN,REPORTED_INITIAL_BW__NOT_DMI_BACKCALCULATION,RETROSPECTIVE_PRE_FN_UN_LAB_INFORMATION,TARGET_DM_CP_N_HARMONIZED_AND_CHEMISTRY_CROSSCHECKED,0.0
REALV6R_0325,Cassava::RealV6_木薯_sample5,Cassava,木薯,5,1,growing,50.0,2.25316,46.026605944391285,46.026605944391285,7.182071313973954,13.97728000000001,24.86725463041732,21.159351313973964,20.427579907503812,0.0450632,0.9205321188878257,12.767237442189883,1.1423955688899148,19.66305100392338,5.6542810985460425,6.173551811677822,,86.66,11.05,12.750980844680361,0.016256597509521242,CONSISTENT,50.0±1.7 kg,65.0,广西玉林,木薯论文 表2-2,MISSING_IN_TARGET__IMPUTED_906_TRAINING_MEDIAN,REPORTED_INITIAL_BW__NOT_DMI_BACKCALCULATION,RETROSPECTIVE_PRE_FN_UN_LAB_INFORMATION,TARGET_DM_CP_N_HARMONIZED_AND_CHEMISTRY_CROSSCHECKED,0.0
REALV6R_0326,Cassava::RealV6_木薯_sample5,Cassava,木薯,5,2,growing,50.0,2.25316,46.026605944391285,46.026605944391285,8.068503806464058,18.52272,19.435382137927228,26.591223806464058,20.427579907503812,0.0450632,0.9205321188878257,12.767237442189883,1.1423955688899148,19.66305100392338,5.6542810985460425,6.173551811677822,,86.66,11.05,12.750980844680361,0.016256597509521242,CONSISTENT,50.0±1.7 kg,65.0,广西玉林,木薯论文 表2-2,MISSING_IN_TARGET__IMPUTED_906_TRAINING_MEDIAN,REPORTED_INITIAL_BW__NOT_DMI_BACKCALCULATION,RETROSPECTIVE_PRE_FN_UN_LAB_INFORMATION,TARGET_DM_CP_N_HARMONIZED_AND_CHEMISTRY_CROSSCHECKED,0.0
REALV6R_0327,Cassava::RealV6_木薯_sample5,Cassava,木薯,5,3,growing,50.0,2.25316,46.026605944391285,46.026605944391285,6.67014725257884,14.68262999999998,24.673828691812467,21.352777252578818,20.427579907503812,0.0450632,0.9205321188878257,12.767237442189883,1.1423955688899148,19.66305100392338,5.6542810985460425,6.173551811677822,,86.66,11.05,12.750980844680361,0.016256597509521242,CONSISTENT,50.0±1.7 kg,65.0,广西玉林,木薯论文 表2-2,MISSING_IN_TARGET__IMPUTED_906_TRAINING_MEDIAN,REPORTED_INITIAL_BW__NOT_DMI_BACKCALCULATION,RETROSPECTIVE_PRE_FN_UN_LAB_INFORMATION,TARGET_DM_CP_N_HARMONIZED_AND_CHEMISTRY_CROSSCHECKED,0.0
REALV6R_0328,Cassava::RealV6_木薯_sample5,Cassava,木薯,5,4,growing,50.0,2.25316,46.026605944391285,46.026605944391285,5.651667329825911,20.06637499999999,20.308563614565383,25.718042329825902,20.427579907503812,0.0450632,0.9205321188878257,12.767237442189883,1.1423955688899148,19.66305100392338,5.6542810985460425,6.173551811677822,,86.66,11.05,12.750980844680361,0.016256597509521242,CONSISTENT,50.0±1.7 kg,65.0,广西玉林,木薯论文 表2-2,MISSING_IN_TARGET__IMPUTED_906_TRAINING_MEDIAN,REPORTED_INITIAL_BW__NOT_DMI_BACKCALCULATION,RETROSPECTIVE_PRE_FN_UN_LAB_INFORMATION,TARGET_DM_CP_N_HARMONIZED_AND_CHEMISTRY_CROSSCHECKED,0.0
REALV6R_0329,Cassava::RealV6_木薯_sample5,Cassava,木薯,5,5,growing,50.0,2.25316,46.026605944391285,46.026605944391285,5.00126145273702,19.32677416666666,21.698570324987607,24.32803561940368,20.427579907503812,0.0450632,0.9205321188878257,12.767237442189883,1.1423955688899148,19.66305100392338,5.6542810985460425,6.173551811677822,,86.66,11.05,12.750980844680361,0.016256597509521242,CONSISTENT,50.0±1.7 kg,65.0,广西玉林,木薯论文 表2-2,MISSING_IN_TARGET__IMPUTED_906_TRAINING_MEDIAN,REPORTED_INITIAL_BW__NOT_DMI_BACKCALCULATION,RETROSPECTIVE_PRE_FN_UN_LAB_INFORMATION,TARGET_DM_CP_N_HARMONIZED_AND_CHEMISTRY_CROSSCHECKED,0.0
REALV6R_0330,Cassava::RealV6_木薯_sample5,Cassava,木薯,5,6,growing,50.0,2.25316,46.026605944391285,46.026605944391285,5.789640832572758,11.595525,28.641440111818525,17.38516583257276,20.427579907503812,0.0450632,0.9205321188878257,12.767237442189883,1.1423955688899148,19.66305100392338,5.6542810985460425,6.173551811677822,,86.66,11.05,12.750980844680361,0.016256597509521242,CONSISTENT,50.0±1.7 kg,65.0,广西玉林,木薯论文 表2-2,MISSING_IN_TARGET__IMPUTED_906_TRAINING_MEDIAN,REPORTED_INITIAL_BW__NOT_DMI_BACKCALCULATION,RETROSPECTIVE_PRE_FN_UN_LAB_INFORMATION,TARGET_DM_CP_N_HARMONIZED_AND_CHEMISTRY_CROSSCHECKED,0.0
REALV6R_0331,Cassava::RealV6_木薯_sample6,Cassava,木薯,6,1,growing,50.0,2.2580999999999998,32.10047869794168,32.10047869794168,6.353748180428146,13.154275,12.592455517513535,19.508023180428147,14.215702890900175,0.045161999999999994,0.6420095739588336,8.88481430681261,2.567645365572827,19.52792170408751,5.031663788140473,5.860679332181923,,86.85,7.7,8.865860679332183,0.018953627480426505,CONSISTENT,50.0±1.7 kg,65.0,广西来宾,木薯论文 表2-2,MISSING_IN_TARGET__IMPUTED_906_TRAINING_MEDIAN,REPORTED_INITIAL_BW__NOT_DMI_BACKCALCULATION,RETROSPECTIVE_PRE_FN_UN_LAB_INFORMATION,TARGET_DM_CP_N_HARMONIZED_AND_CHEMISTRY_CROSSCHECKED,1.7763568394002505e-15
REALV6R_0332,Cassava::RealV6_木薯_sample6,Cassava,木薯,6,2,growing,50.0,2.2580999999999998,32.10047869794168,32.10047869794168,6.987607486362327,12.9025125,12.210358711579353,19.89011998636233,14.215702890900175,0.045161999999999994,0.6420095739588336,8.88481430681261,2.567645365572827,19.52792170408751,5.031663788140473,5.860679332181923,,86.85,7.7,8.865860679332183,0.018953627480426505,CONSISTENT,50.0±1.7 kg,65.0,广西来宾,木薯论文 表2-2,MISSING_IN_TARGET__IMPUTED_906_TRAINING_MEDIAN,REPORTED_INITIAL_BW__NOT_DMI_BACKCALCULATION,RETROSPECTIVE_PRE_FN_UN_LAB_INFORMATION,TARGET_DM_CP_N_HARMONIZED_AND_CHEMISTRY_CROSSCHECKED,0.0
REALV6R_0333,Cassava::RealV6_木薯_sample6,Cassava,木薯,6,3,growing,50.0,2.2580999999999998,32.10047869794168,32.10047869794168,7.775065981632678,5.1853125,19.140100216309005,12.960378481632677,14.215702890900175,0.045161999999999994,0.6420095739588336,8.88481430681261,2.567645365572827,19.52792170408751,5.031663788140473,5.860679332181923,,86.85,7.7,8.865860679332183,0.018953627480426505,CONSISTENT,50.0±1.7 kg,65.0,广西来宾,木薯论文 表2-2,MISSING_IN_TARGET__IMPUTED_906_TRAINING_MEDIAN,REPORTED_INITIAL_BW__NOT_DMI_BACKCALCULATION,RETROSPECTIVE_PRE_FN_UN_LAB_INFORMATION,TARGET_DM_CP_N_HARMONIZED_AND_CHEMISTRY_CROSSCHECKED,-3.552713678800501e-15
REALV6R_0334,Cassava::RealV6_木薯_sample6,Cassava,木薯,6,4,growing,50.0,2.2580999999999998,32.10047869794168,32.10047869794168,8.117528460367495,15.33105,8.65190023757419,23.448578460367493,14.215702890900175,0.045161999999999994,0.6420095739588336,8.88481430681261,2.567645365572827,19.52792170408751,5.031663788140473,5.860679332181923,,86.85,7.7,8.865860679332183,0.018953627480426505,CONSISTENT,50.0±1.7 kg,65.0,广西来宾,木薯论文 表2-2,MISSING_IN_TARGET__IMPUTED_906_TRAINING_MEDIAN,REPORTED_INITIAL_BW__NOT_DMI_BACKCALCULATION,RETROSPECTIVE_PRE_FN_UN_LAB_INFORMATION,TARGET_DM_CP_N_HARMONIZED_AND_CHEMISTRY_CROSSCHECKED,-1.7763568394002505e-15
REALV6R_0335,Cassava::RealV6_木薯_sample6,Cassava,木薯,6,5,growing,50.0,2.2580999999999998,32.10047869794168,32.10047869794168,6.873905188868998,13.96753333333335,11.259040175739333,20.84143852220235,14.215702890900175,0.045161999999999994,0.6420095739588336,8.88481430681261,2.567645365572827,19.52792170408751,5.031663788140473,5.860679332181923,,86.85,7.7,8.865860679332183,0.018953627480426505,CONSISTENT,50.0±1.7 kg,65.0,广西来宾,木薯论文 表2-2,MISSING_IN_TARGET__IMPUTED_906_TRAINING_MEDIAN,REPORTED_INITIAL_BW__NOT_DMI_BACKCALCULATION,RETROSPECTIVE_PRE_FN_UN_LAB_INFORMATION,TARGET_DM_CP_N_HARMONIZED_AND_CHEMISTRY_CROSSCHECKED,0.0
REALV6R_0336,Cassava::RealV6_木薯_sample6,Cassava,木薯,6,6,growing,50.0,2.2580999999999998,32.10047869794168,32.10047869794168,7.162139098272394,11.300835,13.637504599669288,18.462974098272394,14.215702890900175,0.045161999999999994,0.6420095739588336,8.88481430681261,2.567645365572827,19.52792170408751,5.031663788140473,5.860679332181923,,86.85,7.7,8.865860679332183,0.018953627480426505,CONSISTENT,50.0±1.7 kg,65.0,广西来宾,木薯论文 表2-2,MISSING_IN_TARGET__IMPUTED_906_TRAINING_MEDIAN,REPORTED_INITIAL_BW__NOT_DMI_BACKCALCULATION,RETROSPECTIVE_PRE_FN_UN_LAB_INFORMATION,TARGET_DM_CP_N_HARMONIZED_AND_CHEMISTRY_CROSSCHECKED,0.0
REALV6R_0337,Cassava::RealV6_木薯_sample7,Cassava,木薯,7,1,growing,50.0,2.2607,37.216039603960354,37.216039603960354,7.906893591054614,10.1632,19.14594601290574,18.070093591054615,16.46217525720368,0.045214,0.7443207920792071,10.2888595357523,0.5635422656699252,21.426106958021848,6.35997699827487,5.3824036802760205,,86.95,8.93,10.27027027027027,0.01858926548202966,CONSISTENT,50.0±1.7 kg,65.0,柬埔寨,木薯论文 表2-2,MISSING_IN_TARGET__IMPUTED_906_TRAINING_MEDIAN,REPORTED_INITIAL_BW__NOT_DMI_BACKCALCULATION,RETROSPECTIVE_PRE_FN_UN_LAB_INFORMATION,TARGET_DM_CP_N_HARMONIZED_AND_CHEMISTRY_CROSSCHECKED,0.0
REALV6R_0338,Cassava::RealV6_木薯_sample7,Cassava,木薯,7,2,growing,50.0,2.2607,37.216039603960354,37.216039603960354,7.894006832068228,7.834249999999992,21.487782771892135,15.728256832068219,16.46217525720368,0.045214,0.7443207920792071,10.2888595357523,0.5635422656699252,21.426106958021848,6.35997699827487,5.3824036802760205,,86.95,8.93,10.27027027027027,0.01858926548202966,CONSISTENT,50.0±1.7 kg,65.0,柬埔寨,木薯论文 表2-2,MISSING_IN_TARGET__IMPUTED_906_TRAINING_MEDIAN,REPORTED_INITIAL_BW__NOT_DMI_BACKCALCULATION,RETROSPECTIVE_PRE_FN_UN_LAB_INFORMATION,TARGET_DM_CP_N_HARMONIZED_AND_CHEMISTRY_CROSSCHECKED,0.0
REALV6R_0339,Cassava::RealV6_木薯_sample7,Cassava,木薯,7,3,growing,50.0,2.2607,37.216039603960354,37.216039603960354,6.560015984786673,8.33151,22.324513619173683,14.891525984786671,16.46217525720368,0.045214,0.7443207920792071,10.2888595357523,0.5635422656699252,21.426106958021848,6.35997699827487,5.3824036802760205,,86.95,8.93,10.27027027027027,0.01858926548202966,CONSISTENT,50.0±1.7 kg,65.0,柬埔寨,木薯论文 表2-2,MISSING_IN_TARGET__IMPUTED_906_TRAINING_MEDIAN,REPORTED_INITIAL_BW__NOT_DMI_BACKCALCULATION,RETROSPECTIVE_PRE_FN_UN_LAB_INFORMATION,TARGET_DM_CP_N_HARMONIZED_AND_CHEMISTRY_CROSSCHECKED,-3.552713678800501e-15
REALV6R_0340,Cassava::RealV6_木薯_sample7,Cassava,木薯,7,4,growing,50.0,2.2607,37.216039603960354,37.216039603960354,7.16466736874367,11.51418833333333,18.537183901883353,18.678855702077,16.46217525720368,0.045214,0.7443207920792071,10.2888595357523,0.5635422656699252,21.426106958021848,6.35997699827487,5.3824036802760205,,86.95,8.93,10.27027027027027,0.01858926548202966,CONSISTENT,50.0±1.7 kg,65.0,柬埔寨,木薯论文 表2-2,MISSING_IN_TARGET__IMPUTED_906_TRAINING_MEDIAN,REPORTED_INITIAL_BW__NOT_DMI_BACKCALCULATION,RETROSPECTIVE_PRE_FN_UN_LAB_INFORMATION,TARGET_DM_CP_N_HARMONIZED_AND_CHEMISTRY_CROSSCHECKED,0.0
REALV6R_0341,Cassava::RealV6_木薯_sample7,Cassava,木薯,7,5,growing,50.0,2.2607,37.216039603960354,37.216039603960354,5.799630087058861,7.8190625,23.597347016901494,13.618692587058861,16.46217525720368,0.045214,0.7443207920792071,10.2888595357523,0.5635422656699252,21.426106958021848,6.35997699827487,5.3824036802760205,,86.95,8.93,10.27027027027027,0.01858926548202966,CONSISTENT,50.0±1.7 kg,65.0,柬埔寨,木薯论文 表2-2,MISSING_IN_TARGET__IMPUTED_906_TRAINING_MEDIAN,REPORTED_INITIAL_BW__NOT_DMI_BACKCALCULATION,RETROSPECTIVE_PRE_FN_UN_LAB_INFORMATION,TARGET_DM_CP_N_HARMONIZED_AND_CHEMISTRY_CROSSCHECKED,-3.552713678800501e-15
REALV6R_0342,Cassava::RealV6_木薯_sample7,Cassava,木薯,7,6,growing,50.0,2.2607,37.216039603960354,37.216039603960354,6.677410827755647,16.52259,14.016038776204706,23.200000827755648,16.46217525720368,0.045214,0.7443207920792071,10.2888595357523,0.5635422656699252,21.426106958021848,6.35997699827487,5.3824036802760205,,86.95,8.93,10.27027027027027,0.01858926548202966,CONSISTENT,50.0±1.7 kg,65.0,柬埔寨,木薯论文 表2-2,MISSING_IN_TARGET__IMPUTED_906_TRAINING_MEDIAN,REPORTED_INITIAL_BW__NOT_DMI_BACKCALCULATION,RETROSPECTIVE_PRE_FN_UN_LAB_INFORMATION,TARGET_DM_CP_N_HARMONIZED_AND_CHEMISTRY_CROSSCHECKED,0.0
REALV6R_0343,Cassava::RealV6_木薯_sample8,Cassava,木薯,8,1,growing,50.0,2.28462,41.0094357976654,41.0094357976654,5.333822950993945,6.253025,29.42258784667145,11.586847950993945,17.95022183017981,0.045692399999999994,0.8201887159533079,11.21888864386238,3.5506998975759645,19.551610333447137,5.098440878570616,6.737225446682599,,87.87,9.84,11.198361215431888,0.020527428430492378,CONSISTENT,50.0±1.7 kg,65.0,越南,木薯论文 表2-2,MISSING_IN_TARGET__IMPUTED_906_TRAINING_MEDIAN,REPORTED_INITIAL_BW__NOT_DMI_BACKCALCULATION,RETROSPECTIVE_PRE_FN_UN_LAB_INFORMATION,TARGET_DM_CP_N_HARMONIZED_AND_CHEMISTRY_CROSSCHECKED,-3.552713678800501e-15
REALV6R_0344,Cassava::RealV6_木薯_sample8,Cassava,木薯,8,2,growing,50.0,2.28462,41.0094357976654,41.0094357976654,7.968502438303548,8.7592725,24.28166085936185,16.727774938303547,17.95022183017981,0.045692399999999994,0.8201887159533079,11.21888864386238,3.5506998975759645,19.551610333447137,5.098440878570616,6.737225446682599,,87.87,9.84,11.198361215431888,0.020527428430492378,CONSISTENT,50.0±1.7 kg,65.0,越南,木薯论文 表2-2,MISSING_IN_TARGET__IMPUTED_906_TRAINING_MEDIAN,REPORTED_INITIAL_BW__NOT_DMI_BACKCALCULATION,RETROSPECTIVE_PRE_FN_UN_LAB_INFORMATION,TARGET_DM_CP_N_HARMONIZED_AND_CHEMISTRY_CROSSCHECKED,0.0
REALV6R_0345,Cassava::RealV6_木薯_sample8,Cassava,木薯,8,3,growing,50.0,2.28462,41.0094357976654,41.0094357976654,7.54075201396128,15.55001249999999,17.91867128370413,23.09076451396127,17.95022183017981,0.045692399999999994,0.8201887159533079,11.21888864386238,3.5506998975759645,19.551610333447137,5.098440878570616,6.737225446682599,,87.87,9.84,11.198361215431888,0.020527428430492378,CONSISTENT,50.0±1.7 kg,65.0,越南,木薯论文 表2-2,MISSING_IN_TARGET__IMPUTED_906_TRAINING_MEDIAN,REPORTED_INITIAL_BW__NOT_DMI_BACKCALCULATION,RETROSPECTIVE_PRE_FN_UN_LAB_INFORMATION,TARGET_DM_CP_N_HARMONIZED_AND_CHEMISTRY_CROSSCHECKED,-3.552713678800501e-15
REALV6R_0346,Cassava::RealV6_木薯_sample8,Cassava,木薯,8,4,growing,50.0,2.28462,41.0094357976654,41.0094357976654,9.05869603931564,19.14650833333332,12.80423142501644,28.205204372648957,17.95022183017981,0.045692399999999994,0.8201887159533079,11.21888864386238,3.5506998975759645,19.551610333447137,5.098440878570616,6.737225446682599,,87.87,9.84,11.198361215431888,0.020527428430492378,CONSISTENT,50.0±1.7 kg,65.0,越南,木薯论文 表2-2,MISSING_IN_TARGET__IMPUTED_906_TRAINING_MEDIAN,REPORTED_INITIAL_BW__NOT_DMI_BACKCALCULATION,RETROSPECTIVE_PRE_FN_UN_LAB_INFORMATION,TARGET_DM_CP_N_HARMONIZED_AND_CHEMISTRY_CROSSCHECKED,-3.552713678800501e-15
REALV6R_0347,Cassava::RealV6_木薯_sample8,Cassava,木薯,8,5,growing,50.0,2.28462,41.0094357976654,41.0094357976654,7.033308177183176,13.74304749999998,20.233080120482242,20.776355677183155,17.95022183017981,0.045692399999999994,0.8201887159533079,11.21888864386238,3.5506998975759645,19.551610333447137,5.098440878570616,6.737225446682599,,87.87,9.84,11.198361215431888,0.020527428430492378,CONSISTENT,50.0±1.7 kg,65.0,越南,木薯论文 表2-2,MISSING_IN_TARGET__IMPUTED_906_TRAINING_MEDIAN,REPORTED_INITIAL_BW__NOT_DMI_BACKCALCULATION,RETROSPECTIVE_PRE_FN_UN_LAB_INFORMATION,TARGET_DM_CP_N_HARMONIZED_AND_CHEMISTRY_CROSSCHECKED,0.0
REALV6R_0348,Cassava::RealV6_木薯_sample8,Cassava,木薯,8,6,growing,50.0,2.28462,41.0094357976654,41.0094357976654,7.154975357605117,8.553412499999993,25.301047940060286,15.70838785760511,17.95022183017981,0.045692399999999994,0.8201887159533079,11.21888864386238,3.5506998975759645,19.551610333447137,5.098440878570616,6.737225446682599,,87.87,9.84,11.198361215431888,0.020527428430492378,CONSISTENT,50.0±1.7 kg,65.0,越南,木薯论文 表2-2,MISSING_IN_TARGET__IMPUTED_906_TRAINING_MEDIAN,REPORTED_INITIAL_BW__NOT_DMI_BACKCALCULATION,RETROSPECTIVE_PRE_FN_UN_LAB_INFORMATION,TARGET_DM_CP_N_HARMONIZED_AND_CHEMISTRY_CROSSCHECKED,0.0
REALV6R_0349,Cassava::RealV6_木薯_sample9,Cassava,木薯,9,1,growing,50.0,2.2643400000000002,44.18226984900144,44.18226984900144,6.370667791276535,6.232541666666664,31.579060391058242,12.6032094579432,19.512206580726144,0.0452868,0.8836453969800289,12.195129112953841,1.0219313354001607,19.61189574003904,5.798599150304283,5.970834768630153,,87.09,10.6,12.171317028361464,0.023812084592377047,CONSISTENT,50.0±1.7 kg,65.0,老挝1,木薯论文 表2-2,MISSING_IN_TARGET__IMPUTED_906_TRAINING_MEDIAN,REPORTED_INITIAL_BW__NOT_DMI_BACKCALCULATION,RETROSPECTIVE_PRE_FN_UN_LAB_INFORMATION,TARGET_DM_CP_N_HARMONIZED_AND_CHEMISTRY_CROSSCHECKED,7.105427357601002e-15
REALV6R_0350,Cassava::RealV6_木薯_sample9,Cassava,木薯,9,2,growing,50.0,2.2643400000000002,44.18226984900144,44.18226984900144,6.825931319747683,8.711955000000009,28.64438352925375,15.537886319747692,19.512206580726144,0.0452868,0.8836453969800289,12.195129112953841,1.0219313354001607,19.61189574003904,5.798599150304283,5.970834768630153,,87.09,10.6,12.171317028361464,0.023812084592377047,CONSISTENT,50.0±1.7 kg,65.0,老挝1,木薯论文 表2-2,MISSING_IN_TARGET__IMPUTED_906_TRAINING_MEDIAN,REPORTED_INITIAL_BW__NOT_DMI_BACKCALCULATION,RETROSPECTIVE_PRE_FN_UN_LAB_INFORMATION,TARGET_DM_CP_N_HARMONIZED_AND_CHEMISTRY_CROSSCHECKED,0.0
REALV6R_0351,Cassava::RealV6_木薯_sample9,Cassava,木薯,9,3,growing,50.0,2.2643400000000002,44.18226984900144,44.18226984900144,6.09611999127592,15.50269166666669,22.58345819105883,21.598811657942612,19.512206580726144,0.0452868,0.8836453969800289,12.195129112953841,1.0219313354001607,19.61189574003904,5.798599150304283,5.970834768630153,,87.09,10.6,12.171317028361464,0.023812084592377047,CONSISTENT,50.0±1.7 kg,65.0,老挝1,木薯论文 表2-2,MISSING_IN_TARGET__IMPUTED_906_TRAINING_MEDIAN,REPORTED_INITIAL_BW__NOT_DMI_BACKCALCULATION,RETROSPECTIVE_PRE_FN_UN_LAB_INFORMATION,TARGET_DM_CP_N_HARMONIZED_AND_CHEMISTRY_CROSSCHECKED,0.0
REALV6R_0352,Cassava::RealV6_木薯_sample9,Cassava,木薯,9,4,growing,50.0,2.2643400000000002,44.18226984900144,44.18226984900144,7.142492829093637,21.8028125,15.236964519907804,28.94530532909364,19.512206580726144,0.0452868,0.8836453969800289,12.195129112953841,1.0219313354001607,19.61189574003904,5.798599150304283,5.970834768630153,,87.09,10.6,12.171317028361464,0.023812084592377047,CONSISTENT,50.0±1.7 kg,65.0,老挝1,木薯论文 表2-2,MISSING_IN_TARGET__IMPUTED_906_TRAINING_MEDIAN,REPORTED_INITIAL_BW__NOT_DMI_BACKCALCULATION,RETROSPECTIVE_PRE_FN_UN_LAB_INFORMATION,TARGET_DM_CP_N_HARMONIZED_AND_CHEMISTRY_CROSSCHECKED,-3.552713678800501e-15
REALV6R_0353,Cassava::RealV6_木薯_sample9,Cassava,木薯,9,5,growing,50.0,2.2643400000000002,44.18226984900144,44.18226984900144,6.946517117999134,7.370632500000001,29.865120231002308,14.317149617999135,19.512206580726144,0.0452868,0.8836453969800289,12.195129112953841,1.0219313354001607,19.61189574003904,5.798599150304283,5.970834768630153,,87.09,10.6,12.171317028361464,0.023812084592377047,CONSISTENT,50.0±1.7 kg,65.0,老挝1,木薯论文 表2-2,MISSING_IN_TARGET__IMPUTED_906_TRAINING_MEDIAN,REPORTED_INITIAL_BW__NOT_DMI_BACKCALCULATION,RETROSPECTIVE_PRE_FN_UN_LAB_INFORMATION,TARGET_DM_CP_N_HARMONIZED_AND_CHEMISTRY_CROSSCHECKED,0.0
REALV6R_0354,Cassava::RealV6_木薯_sample9,Cassava,木薯,9,6,growing,50.0,2.2643400000000002,44.18226984900144,44.18226984900144,6.751516407183484,12.65954583333332,24.771207608484637,19.411062240516806,19.512206580726144,0.0452868,0.8836453969800289,12.195129112953841,1.0219313354001607,19.61189574003904,5.798599150304283,5.970834768630153,,87.09,10.6,12.171317028361464,0.023812084592377047,CONSISTENT,50.0±1.7 kg,65.0,老挝1,木薯论文 表2-2,MISSING_IN_TARGET__IMPUTED_906_TRAINING_MEDIAN,REPORTED_INITIAL_BW__NOT_DMI_BACKCALCULATION,RETROSPECTIVE_PRE_FN_UN_LAB_INFORMATION,TARGET_DM_CP_N_HARMONIZED_AND_CHEMISTRY_CROSSCHECKED,0.0
REALV6R_0355,Cassava::RealV6_木薯_sample10,Cassava,木薯,10,1,growing,50.0,2.2497800000000003,46.00699368625542,46.00699368625542,6.103706926519867,16.7055075,23.197779259735555,22.809214426519866,20.449552261223502,0.044995600000000004,0.9201398737251084,12.78097016326469,0.9592049000346701,21.287414769444126,5.2814052929619795,5.997919796602335,,86.53,11.04,12.75858083901537,0.022389324249321163,CONSISTENT,50.0±1.7 kg,65.0,老挝2,木薯论文 表2-2,MISSING_IN_TARGET__IMPUTED_906_TRAINING_MEDIAN,REPORTED_INITIAL_BW__NOT_DMI_BACKCALCULATION,RETROSPECTIVE_PRE_FN_UN_LAB_INFORMATION,TARGET_DM_CP_N_HARMONIZED_AND_CHEMISTRY_CROSSCHECKED,-3.552713678800501e-15
REALV6R_0356,Cassava::RealV6_木薯_sample10,Cassava,木薯,10,2,growing,50.0,2.2497800000000003,46.00699368625542,46.00699368625542,8.41913846689907,7.862090000000008,29.72576521935634,16.28122846689908,20.449552261223502,0.044995600000000004,0.9201398737251084,12.78097016326469,0.9592049000346701,21.287414769444126,5.2814052929619795,5.997919796602335,,86.53,11.04,12.75858083901537,0.022389324249321163,CONSISTENT,50.0±1.7 kg,65.0,老挝2,木薯论文 表2-2,MISSING_IN_TARGET__IMPUTED_906_TRAINING_MEDIAN,REPORTED_INITIAL_BW__NOT_DMI_BACKCALCULATION,RETROSPECTIVE_PRE_FN_UN_LAB_INFORMATION,TARGET_DM_CP_N_HARMONIZED_AND_CHEMISTRY_CROSSCHECKED,0.0
REALV6R_0357,Cassava::RealV6_木薯_sample10,Cassava,木薯,10,3,growing,50.0,2.2497800000000003,46.00699368625542,46.00699368625542,8.166497272557196,6.4103425,31.430153913698224,14.576839772557197,20.449552261223502,0.044995600000000004,0.9201398737251084,12.78097016326469,0.9592049000346701,21.287414769444126,5.2814052929619795,5.997919796602335,,86.53,11.04,12.75858083901537,0.022389324249321163,CONSISTENT,50.0±1.7 kg,65.0,老挝2,木薯论文 表2-2,MISSING_IN_TARGET__IMPUTED_906_TRAINING_MEDIAN,REPORTED_INITIAL_BW__NOT_DMI_BACKCALCULATION,RETROSPECTIVE_PRE_FN_UN_LAB_INFORMATION,TARGET_DM_CP_N_HARMONIZED_AND_CHEMISTRY_CROSSCHECKED,3.552713678800501e-15
REALV6R_0358,Cassava::RealV6_木薯_sample10,Cassava,木薯,10,4,growing,50.0,2.2497800000000003,46.00699368625542,46.00699368625542,7.608854068100761,13.572325,24.82581461815466,21.18117906810076,20.449552261223502,0.044995600000000004,0.9201398737251084,12.78097016326469,0.9592049000346701,21.287414769444126,5.2814052929619795,5.997919796602335,,86.53,11.04,12.75858083901537,0.022389324249321163,CONSISTENT,50.0±1.7 kg,65.0,老挝2,木薯论文 表2-2,MISSING_IN_TARGET__IMPUTED_906_TRAINING_MEDIAN,REPORTED_INITIAL_BW__NOT_DMI_BACKCALCULATION,RETROSPECTIVE_PRE_FN_UN_LAB_INFORMATION,TARGET_DM_CP_N_HARMONIZED_AND_CHEMISTRY_CROSSCHECKED,0.0
REALV6R_0359,Cassava::RealV6_木薯_sample10,Cassava,木薯,10,5,growing,50.0,2.2497800000000003,46.00699368625542,46.00699368625542,5.920405127578952,17.74624833333335,22.340340225343116,23.666653460912304,20.449552261223502,0.044995600000000004,0.9201398737251084,12.78097016326469,0.9592049000346701,21.287414769444126,5.2814052929619795,5.997919796602335,,86.53,11.04,12.75858083901537,0.022389324249321163,CONSISTENT,50.0±1.7 kg,65.0,老挝2,木薯论文 表2-2,MISSING_IN_TARGET__IMPUTED_906_TRAINING_MEDIAN,REPORTED_INITIAL_BW__NOT_DMI_BACKCALCULATION,RETROSPECTIVE_PRE_FN_UN_LAB_INFORMATION,TARGET_DM_CP_N_HARMONIZED_AND_CHEMISTRY_CROSSCHECKED,0.0
REALV6R_0360,Cassava::RealV6_木薯_sample10,Cassava,木薯,10,6,growing,50.0,2.2497800000000003,46.00699368625542,46.00699368625542,4.796737092363394,6.285970833333328,34.924285760558696,11.082707925696722,20.449552261223502,0.044995600000000004,0.9201398737251084,12.78097016326469,0.9592049000346701,21.287414769444126,5.2814052929619795,5.997919796602335,,86.53,11.04,12.75858083901537,0.022389324249321163,CONSISTENT,50.0±1.7 kg,65.0,老挝2,木薯论文 表2-2,MISSING_IN_TARGET__IMPUTED_906_TRAINING_MEDIAN,REPORTED_INITIAL_BW__NOT_DMI_BACKCALCULATION,RETROSPECTIVE_PRE_FN_UN_LAB_INFORMATION,TARGET_DM_CP_N_HARMONIZED_AND_CHEMISTRY_CROSSCHECKED,0.0
REALV6R_0361,Paddy rice::RealV6_稻谷_sample1,Paddy rice,稻谷,1,1,nursery,20.0,0.6948799999999999,15.881524505597039,15.881524505597039,1.250518754251532,3.637524000000008,10.993481751345499,4.88804275425154,22.855060594055146,0.034744,0.7940762252798519,14.284412871284466,1.5657379691457518,17.580013815335022,7.2645636656688914,6.355054110062168,,86.86,12.41,14.287358968454985,-0.0029460971705184136,CONSISTENT,20.0±1.3 kg,20.0,"Jiamusi, Heilongjiang",Paddy rice paper Table 3,MISSING_IN_TARGET__IMPUTED_906_TRAINING_MEDIAN,REPORTED_INITIAL_BW__NOT_DMI_BACKCALCULATION,RETROSPECTIVE_PRE_FN_UN_LAB_INFORMATION,TARGET_DM_CP_N_HARMONIZED_AND_CHEMISTRY_CROSSCHECKED,0.0
REALV6R_0362,Paddy rice::RealV6_稻谷_sample1,Paddy rice,稻谷,1,2,nursery,20.0,0.6948799999999999,15.881524505597039,15.881524505597039,2.943701279801594,2.957799999999997,9.980023225795447,5.901501279801591,22.855060594055146,0.034744,0.7940762252798519,14.284412871284466,1.5657379691457518,17.580013815335022,7.2645636656688914,6.355054110062168,,86.86,12.41,14.287358968454985,-0.0029460971705184136,CONSISTENT,20.0±1.3 kg,20.0,"Jiamusi, Heilongjiang",Paddy rice paper Table 3,MISSING_IN_TARGET__IMPUTED_906_TRAINING_MEDIAN,REPORTED_INITIAL_BW__NOT_DMI_BACKCALCULATION,RETROSPECTIVE_PRE_FN_UN_LAB_INFORMATION,TARGET_DM_CP_N_HARMONIZED_AND_CHEMISTRY_CROSSCHECKED,0.0
REALV6R_0363,Paddy rice::RealV6_稻谷_sample1,Paddy rice,稻谷,1,3,nursery,20.0,0.6948799999999999,15.881524505597039,15.881524505597039,1.055383166309671,3.227580666666662,11.598560672620707,4.282963832976333,22.855060594055146,0.034744,0.7940762252798519,14.284412871284466,1.5657379691457518,17.580013815335022,7.2645636656688914,6.355054110062168,,86.86,12.41,14.287358968454985,-0.0029460971705184136,CONSISTENT,20.0±1.3 kg,20.0,"Jiamusi, Heilongjiang",Paddy rice paper Table 3,MISSING_IN_TARGET__IMPUTED_906_TRAINING_MEDIAN,REPORTED_INITIAL_BW__NOT_DMI_BACKCALCULATION,RETROSPECTIVE_PRE_FN_UN_LAB_INFORMATION,TARGET_DM_CP_N_HARMONIZED_AND_CHEMISTRY_CROSSCHECKED,0.0
REALV6R_0364,Paddy rice::RealV6_稻谷_sample1,Paddy rice,稻谷,1,4,nursery,20.0,0.6948799999999999,15.881524505597039,15.881524505597039,2.102827324111296,2.513124,11.265573181485742,4.615951324111296,22.855060594055146,0.034744,0.7940762252798519,14.284412871284466,1.5657379691457518,17.580013815335022,7.2645636656688914,6.355054110062168,,86.86,12.41,14.287358968454985,-0.0029460971705184136,CONSISTENT,20.0±1.3 kg,20.0,"Jiamusi, Heilongjiang",Paddy rice paper Table 3,MISSING_IN_TARGET__IMPUTED_906_TRAINING_MEDIAN,REPORTED_INITIAL_BW__NOT_DMI_BACKCALCULATION,RETROSPECTIVE_PRE_FN_UN_LAB_INFORMATION,TARGET_DM_CP_N_HARMONIZED_AND_CHEMISTRY_CROSSCHECKED,1.7763568394002505e-15
REALV6R_0365,Paddy rice::RealV6_稻谷_sample1,Paddy rice,稻谷,1,5,nursery,20.0,0.6948799999999999,15.881524505597039,15.881524505597039,2.785377551892556,3.112835786666663,9.983311167037819,5.898213338559219,22.855060594055146,0.034744,0.7940762252798519,14.284412871284466,1.5657379691457518,17.580013815335022,7.2645636656688914,6.355054110062168,,86.86,12.41,14.287358968454985,-0.0029460971705184136,CONSISTENT,20.0±1.3 kg,20.0,"Jiamusi, Heilongjiang",Paddy rice paper Table 3,MISSING_IN_TARGET__IMPUTED_906_TRAINING_MEDIAN,REPORTED_INITIAL_BW__NOT_DMI_BACKCALCULATION,RETROSPECTIVE_PRE_FN_UN_LAB_INFORMATION,TARGET_DM_CP_N_HARMONIZED_AND_CHEMISTRY_CROSSCHECKED,1.7763568394002505e-15
REALV6R_0366,Paddy rice::RealV6_稻谷_sample1,Paddy rice,稻谷,1,6,nursery,20.0,0.6948799999999999,15.881524505597039,15.881524505597039,1.775707819743338,3.6842125,10.4216041858537,5.459920319743338,22.855060594055146,0.034744,0.7940762252798519,14.284412871284466,1.5657379691457518,17.580013815335022,7.2645636656688914,6.355054110062168,,86.86,12.41,14.287358968454985,-0.0029460971705184136,CONSISTENT,20.0±1.3 kg,20.0,"Jiamusi, Heilongjiang",Paddy rice paper Table 3,MISSING_IN_TARGET__IMPUTED_906_TRAINING_MEDIAN,REPORTED_INITIAL_BW__NOT_DMI_BACKCALCULATION,RETROSPECTIVE_PRE_FN_UN_LAB_INFORMATION,TARGET_DM_CP_N_HARMONIZED_AND_CHEMISTRY_CROSSCHECKED,-1.7763568394002505e-15
REALV6R_0367,Paddy rice::RealV6_稻谷_sample2,Paddy rice,稻谷,2,1,nursery,20.0,0.69336,13.93760066570184,13.93760066570184,2.000167679370526,5.011100500000006,6.926332486331308,7.011268179370532,20.101535516473174,0.034668,0.696880033285092,12.563459697795734,2.665282104534441,18.08007384331372,7.499711549555786,7.061266874350986,,86.67,10.89,12.564901349948078,-0.0014416521523443748,CONSISTENT,20.0±1.3 kg,20.0,"Baicheng, Jilin",Paddy rice paper Table 3,MISSING_IN_TARGET__IMPUTED_906_TRAINING_MEDIAN,REPORTED_INITIAL_BW__NOT_DMI_BACKCALCULATION,RETROSPECTIVE_PRE_FN_UN_LAB_INFORMATION,TARGET_DM_CP_N_HARMONIZED_AND_CHEMISTRY_CROSSCHECKED,8.881784197001252e-16
REALV6R_0368,Paddy rice::RealV6_稻谷_sample2,Paddy rice,稻谷,2,2,nursery,20.0,0.69336,13.93760066570184,13.93760066570184,1.450105555555554,2.265585,10.221910110146286,3.715690555555554,20.101535516473174,0.034668,0.696880033285092,12.563459697795734,2.665282104534441,18.08007384331372,7.499711549555786,7.061266874350986,,86.67,10.89,12.564901349948078,-0.0014416521523443748,CONSISTENT,20.0±1.3 kg,20.0,"Baicheng, Jilin",Paddy rice paper Table 3,MISSING_IN_TARGET__IMPUTED_906_TRAINING_MEDIAN,REPORTED_INITIAL_BW__NOT_DMI_BACKCALCULATION,RETROSPECTIVE_PRE_FN_UN_LAB_INFORMATION,TARGET_DM_CP_N_HARMONIZED_AND_CHEMISTRY_CROSSCHECKED,0.0
REALV6R_0369,Paddy rice::RealV6_稻谷_sample2,Paddy rice,稻谷,2,3,nursery,20.0,0.69336,13.93760066570184,13.93760066570184,2.981170868982792,1.557620000000002,9.398809796719046,4.538790868982794,20.101535516473174,0.034668,0.696880033285092,12.563459697795734,2.665282104534441,18.08007384331372,7.499711549555786,7.061266874350986,,86.67,10.89,12.564901349948078,-0.0014416521523443748,CONSISTENT,20.0±1.3 kg,20.0,"Baicheng, Jilin",Paddy rice paper Table 3,MISSING_IN_TARGET__IMPUTED_906_TRAINING_MEDIAN,REPORTED_INITIAL_BW__NOT_DMI_BACKCALCULATION,RETROSPECTIVE_PRE_FN_UN_LAB_INFORMATION,TARGET_DM_CP_N_HARMONIZED_AND_CHEMISTRY_CROSSCHECKED,0.0
REALV6R_0370,Paddy rice::RealV6_稻谷_sample2,Paddy rice,稻谷,2,4,nursery,20.0,0.69336,13.93760066570184,13.93760066570184,2.227350964454241,2.168489333333334,9.541760367914264,4.395840297787575,20.101535516473174,0.034668,0.696880033285092,12.563459697795734,2.665282104534441,18.08007384331372,7.499711549555786,7.061266874350986,,86.67,10.89,12.564901349948078,-0.0014416521523443748,CONSISTENT,20.0±1.3 kg,20.0,"Baicheng, Jilin",Paddy rice paper Table 3,MISSING_IN_TARGET__IMPUTED_906_TRAINING_MEDIAN,REPORTED_INITIAL_BW__NOT_DMI_BACKCALCULATION,RETROSPECTIVE_PRE_FN_UN_LAB_INFORMATION,TARGET_DM_CP_N_HARMONIZED_AND_CHEMISTRY_CROSSCHECKED,1.7763568394002505e-15
REALV6R_0371,Paddy rice::RealV6_稻谷_sample2,Paddy rice,稻谷,2,5,nursery,20.0,0.69336,13.93760066570184,13.93760066570184,3.095915621668893,4.384716666666676,6.456968377366271,7.480632288335569,20.101535516473174,0.034668,0.696880033285092,12.563459697795734,2.665282104534441,18.08007384331372,7.499711549555786,7.061266874350986,,86.67,10.89,12.564901349948078,-0.0014416521523443748,CONSISTENT,20.0±1.3 kg,20.0,"Baicheng, Jilin",Paddy rice paper Table 3,MISSING_IN_TARGET__IMPUTED_906_TRAINING_MEDIAN,REPORTED_INITIAL_BW__NOT_DMI_BACKCALCULATION,RETROSPECTIVE_PRE_FN_UN_LAB_INFORMATION,TARGET_DM_CP_N_HARMONIZED_AND_CHEMISTRY_CROSSCHECKED,-8.881784197001252e-16
REALV6R_0372,Paddy rice::RealV6_稻谷_sample2,Paddy rice,稻谷,2,6,nursery,20.0,0.69336,13.93760066570184,13.93760066570184,2.883587920481933,4.785767333333339,6.268245411886569,7.669355253815271,20.101535516473174,0.034668,0.696880033285092,12.563459697795734,2.665282104534441,18.08007384331372,7.499711549555786,7.061266874350986,,86.67,10.89,12.564901349948078,-0.0014416521523443748,CONSISTENT,20.0±1.3 kg,20.0,"Baicheng, Jilin",Paddy rice paper Table 3,MISSING_IN_TARGET__IMPUTED_906_TRAINING_MEDIAN,REPORTED_INITIAL_BW__NOT_DMI_BACKCALCULATION,RETROSPECTIVE_PRE_FN_UN_LAB_INFORMATION,TARGET_DM_CP_N_HARMONIZED_AND_CHEMISTRY_CROSSCHECKED,0.0
REALV6R_0373,Paddy rice::RealV6_稻谷_sample3,Paddy rice,稻谷,3,1,nursery,20.0,0.6952,12.31818181818184,12.31818181818184,2.206906406076178,3.3177285,6.793546912105661,5.524634906076178,17.71890365100955,0.03476,0.615909090909092,11.074314781880968,2.681242807825086,18.411967779056383,8.665132336018411,7.065592635212887,,86.9,9.62,11.07019562715765,0.004119154723317919,CONSISTENT,20.0±1.3 kg,20.0,"Wuhan, Hubei",Paddy rice paper Table 3,MISSING_IN_TARGET__IMPUTED_906_TRAINING_MEDIAN,REPORTED_INITIAL_BW__NOT_DMI_BACKCALCULATION,RETROSPECTIVE_PRE_FN_UN_LAB_INFORMATION,TARGET_DM_CP_N_HARMONIZED_AND_CHEMISTRY_CROSSCHECKED,1.7763568394002505e-15
REALV6R_0374,Paddy rice::RealV6_稻谷_sample3,Paddy rice,稻谷,3,2,nursery,20.0,0.6952,12.31818181818184,12.31818181818184,2.192358138957823,1.314872,8.810951679224017,3.507230138957823,17.71890365100955,0.03476,0.615909090909092,11.074314781880968,2.681242807825086,18.411967779056383,8.665132336018411,7.065592635212887,,86.9,9.62,11.07019562715765,0.004119154723317919,CONSISTENT,20.0±1.3 kg,20.0,"Wuhan, Hubei",Paddy rice paper Table 3,MISSING_IN_TARGET__IMPUTED_906_TRAINING_MEDIAN,REPORTED_INITIAL_BW__NOT_DMI_BACKCALCULATION,RETROSPECTIVE_PRE_FN_UN_LAB_INFORMATION,TARGET_DM_CP_N_HARMONIZED_AND_CHEMISTRY_CROSSCHECKED,0.0
REALV6R_0375,Paddy rice::RealV6_稻谷_sample3,Paddy rice,稻谷,3,3,nursery,20.0,0.6952,12.31818181818184,12.31818181818184,2.523417112733179,2.686153786666663,7.108610918781998,5.209570899399842,17.71890365100955,0.03476,0.615909090909092,11.074314781880968,2.681242807825086,18.411967779056383,8.665132336018411,7.065592635212887,,86.9,9.62,11.07019562715765,0.004119154723317919,CONSISTENT,20.0±1.3 kg,20.0,"Wuhan, Hubei",Paddy rice paper Table 3,MISSING_IN_TARGET__IMPUTED_906_TRAINING_MEDIAN,REPORTED_INITIAL_BW__NOT_DMI_BACKCALCULATION,RETROSPECTIVE_PRE_FN_UN_LAB_INFORMATION,TARGET_DM_CP_N_HARMONIZED_AND_CHEMISTRY_CROSSCHECKED,-8.881784197001252e-16
REALV6R_0376,Paddy rice::RealV6_稻谷_sample3,Paddy rice,稻谷,3,4,nursery,20.0,0.6952,12.31818181818184,12.31818181818184,2.337489191723609,0.8850933333333311,9.095599293124899,3.22258252505694,17.71890365100955,0.03476,0.615909090909092,11.074314781880968,2.681242807825086,18.411967779056383,8.665132336018411,7.065592635212887,,86.9,9.62,11.07019562715765,0.004119154723317919,CONSISTENT,20.0±1.3 kg,20.0,"Wuhan, Hubei",Paddy rice paper Table 3,MISSING_IN_TARGET__IMPUTED_906_TRAINING_MEDIAN,REPORTED_INITIAL_BW__NOT_DMI_BACKCALCULATION,RETROSPECTIVE_PRE_FN_UN_LAB_INFORMATION,TARGET_DM_CP_N_HARMONIZED_AND_CHEMISTRY_CROSSCHECKED,0.0
REALV6R_0377,Paddy rice::RealV6_稻谷_sample3,Paddy rice,稻谷,3,5,nursery,20.0,0.6952,12.31818181818184,12.31818181818184,1.789685166223405,4.08172,6.446776651958435,5.871405166223405,17.71890365100955,0.03476,0.615909090909092,11.074314781880968,2.681242807825086,18.411967779056383,8.665132336018411,7.065592635212887,,86.9,9.62,11.07019562715765,0.004119154723317919,CONSISTENT,20.0±1.3 kg,20.0,"Wuhan, Hubei",Paddy rice paper Table 3,MISSING_IN_TARGET__IMPUTED_906_TRAINING_MEDIAN,REPORTED_INITIAL_BW__NOT_DMI_BACKCALCULATION,RETROSPECTIVE_PRE_FN_UN_LAB_INFORMATION,TARGET_DM_CP_N_HARMONIZED_AND_CHEMISTRY_CROSSCHECKED,0.0
REALV6R_0378,Paddy rice::RealV6_稻谷_sample3,Paddy rice,稻谷,3,6,nursery,20.0,0.6952,12.31818181818184,12.31818181818184,2.909894889105978,2.365062,7.043224929075862,5.274956889105978,17.71890365100955,0.03476,0.615909090909092,11.074314781880968,2.681242807825086,18.411967779056383,8.665132336018411,7.065592635212887,,86.9,9.62,11.07019562715765,0.004119154723317919,CONSISTENT,20.0±1.3 kg,20.0,"Wuhan, Hubei",Paddy rice paper Table 3,MISSING_IN_TARGET__IMPUTED_906_TRAINING_MEDIAN,REPORTED_INITIAL_BW__NOT_DMI_BACKCALCULATION,RETROSPECTIVE_PRE_FN_UN_LAB_INFORMATION,TARGET_DM_CP_N_HARMONIZED_AND_CHEMISTRY_CROSSCHECKED,0.0
REALV6R_0379,Paddy rice::RealV6_稻谷_sample4,Paddy rice,稻谷,4,1,nursery,20.0,0.70016,17.98808507858544,17.98808507858544,3.142868925262163,3.857118666666656,10.98809748665662,6.999987591928819,25.69139207978953,0.035008,0.8994042539292719,16.057120049868455,1.4853747714808045,16.316270566727606,7.106946983546618,6.764168190127971,,87.52,14.05,16.05347349177331,0.003646558095145025,CONSISTENT,20.0±1.3 kg,20.0,"Nanchang, Jiangxi",Paddy rice paper Table 3,MISSING_IN_TARGET__IMPUTED_906_TRAINING_MEDIAN,REPORTED_INITIAL_BW__NOT_DMI_BACKCALCULATION,RETROSPECTIVE_PRE_FN_UN_LAB_INFORMATION,TARGET_DM_CP_N_HARMONIZED_AND_CHEMISTRY_CROSSCHECKED,-1.7763568394002505e-15
REALV6R_0380,Paddy rice::RealV6_稻谷_sample4,Paddy rice,稻谷,4,2,nursery,20.0,0.70016,17.98808507858544,17.98808507858544,3.066461126008496,1.851487,13.070136952576942,4.917948126008496,25.69139207978953,0.035008,0.8994042539292719,16.057120049868455,1.4853747714808045,16.316270566727606,7.106946983546618,6.764168190127971,,87.52,14.05,16.05347349177331,0.003646558095145025,CONSISTENT,20.0±1.3 kg,20.0,"Nanchang, Jiangxi",Paddy rice paper Table 3,MISSING_IN_TARGET__IMPUTED_906_TRAINING_MEDIAN,REPORTED_INITIAL_BW__NOT_DMI_BACKCALCULATION,RETROSPECTIVE_PRE_FN_UN_LAB_INFORMATION,TARGET_DM_CP_N_HARMONIZED_AND_CHEMISTRY_CROSSCHECKED,0.0
REALV6R_0381,Paddy rice::RealV6_稻谷_sample4,Paddy rice,稻谷,4,3,nursery,20.0,0.70016,17.98808507858544,17.98808507858544,1.537003695279232,2.546202000000004,13.904879383306202,4.083205695279236,25.69139207978953,0.035008,0.8994042539292719,16.057120049868455,1.4853747714808045,16.316270566727606,7.106946983546618,6.764168190127971,,87.52,14.05,16.05347349177331,0.003646558095145025,CONSISTENT,20.0±1.3 kg,20.0,"Nanchang, Jiangxi",Paddy rice paper Table 3,MISSING_IN_TARGET__IMPUTED_906_TRAINING_MEDIAN,REPORTED_INITIAL_BW__NOT_DMI_BACKCALCULATION,RETROSPECTIVE_PRE_FN_UN_LAB_INFORMATION,TARGET_DM_CP_N_HARMONIZED_AND_CHEMISTRY_CROSSCHECKED,0.0
REALV6R_0382,Paddy rice::RealV6_稻谷_sample4,Paddy rice,稻谷,4,4,nursery,20.0,0.70016,17.98808507858544,17.98808507858544,1.542071905482858,2.290115000000003,14.155898173102578,3.832186905482861,25.69139207978953,0.035008,0.8994042539292719,16.057120049868455,1.4853747714808045,16.316270566727606,7.106946983546618,6.764168190127971,,87.52,14.05,16.05347349177331,0.003646558095145025,CONSISTENT,20.0±1.3 kg,20.0,"Nanchang, Jiangxi",Paddy rice paper Table 3,MISSING_IN_TARGET__IMPUTED_906_TRAINING_MEDIAN,REPORTED_INITIAL_BW__NOT_DMI_BACKCALCULATION,RETROSPECTIVE_PRE_FN_UN_LAB_INFORMATION,TARGET_DM_CP_N_HARMONIZED_AND_CHEMISTRY_CROSSCHECKED,0.0
REALV6R_0383,Paddy rice::RealV6_稻谷_sample4,Paddy rice,稻谷,4,5,nursery,20.0,0.70016,17.98808507858544,17.98808507858544,2.688194444444458,2.616348166666665,12.683542467474316,5.304542611111122,25.69139207978953,0.035008,0.8994042539292719,16.057120049868455,1.4853747714808045,16.316270566727606,7.106946983546618,6.764168190127971,,87.52,14.05,16.05347349177331,0.003646558095145025,CONSISTENT,20.0±1.3 kg,20.0,"Nanchang, Jiangxi",Paddy rice paper Table 3,MISSING_IN_TARGET__IMPUTED_906_TRAINING_MEDIAN,REPORTED_INITIAL_BW__NOT_DMI_BACKCALCULATION,RETROSPECTIVE_PRE_FN_UN_LAB_INFORMATION,TARGET_DM_CP_N_HARMONIZED_AND_CHEMISTRY_CROSSCHECKED,0.0
REALV6R_0384,Paddy rice::RealV6_稻谷_sample4,Paddy rice,稻谷,4,6,nursery,20.0,0.70016,17.98808507858544,17.98808507858544,1.493341855222169,5.809293999999993,10.685449223363277,7.302635855222162,25.69139207978953,0.035008,0.8994042539292719,16.057120049868455,1.4853747714808045,16.316270566727606,7.106946983546618,6.764168190127971,,87.52,14.05,16.05347349177331,0.003646558095145025,CONSISTENT,20.0±1.3 kg,20.0,"Nanchang, Jiangxi",Paddy rice paper Table 3,MISSING_IN_TARGET__IMPUTED_906_TRAINING_MEDIAN,REPORTED_INITIAL_BW__NOT_DMI_BACKCALCULATION,RETROSPECTIVE_PRE_FN_UN_LAB_INFORMATION,TARGET_DM_CP_N_HARMONIZED_AND_CHEMISTRY_CROSSCHECKED,-1.7763568394002505e-15
REALV6R_0385,Paddy rice::RealV6_稻谷_sample5,Paddy rice,稻谷,5,1,nursery,20.0,0.6944,15.482927460611682,15.482927460611682,1.618417513507463,4.443633,9.420876947104219,6.062050513507463,22.29684254120346,0.03472,0.7741463730305841,13.935526588252161,1.0483870967741935,17.903225806451612,7.511520737327189,6.612903225806452,,86.8,12.1,13.940092165898617,-0.004565577646456376,CONSISTENT,20.0±1.3 kg,20.0,"Zunyi, Guizhou",Paddy rice paper Table 3,MISSING_IN_TARGET__IMPUTED_906_TRAINING_MEDIAN,REPORTED_INITIAL_BW__NOT_DMI_BACKCALCULATION,RETROSPECTIVE_PRE_FN_UN_LAB_INFORMATION,TARGET_DM_CP_N_HARMONIZED_AND_CHEMISTRY_CROSSCHECKED,0.0
REALV6R_0386,Paddy rice::RealV6_稻谷_sample5,Paddy rice,稻谷,5,2,nursery,20.0,0.6944,15.482927460611682,15.482927460611682,2.063603491271821,3.391741000000006,10.027582969339855,5.455344491271827,22.29684254120346,0.03472,0.7741463730305841,13.935526588252161,1.0483870967741935,17.903225806451612,7.511520737327189,6.612903225806452,,86.8,12.1,13.940092165898617,-0.004565577646456376,CONSISTENT,20.0±1.3 kg,20.0,"Zunyi, Guizhou",Paddy rice paper Table 3,MISSING_IN_TARGET__IMPUTED_906_TRAINING_MEDIAN,REPORTED_INITIAL_BW__NOT_DMI_BACKCALCULATION,RETROSPECTIVE_PRE_FN_UN_LAB_INFORMATION,TARGET_DM_CP_N_HARMONIZED_AND_CHEMISTRY_CROSSCHECKED,-1.7763568394002505e-15
REALV6R_0387,Paddy rice::RealV6_稻谷_sample5,Paddy rice,稻谷,5,3,nursery,20.0,0.6944,15.482927460611682,15.482927460611682,2.513635182011098,0.560512666666666,12.408779611933918,3.074147848677764,22.29684254120346,0.03472,0.7741463730305841,13.935526588252161,1.0483870967741935,17.903225806451612,7.511520737327189,6.612903225806452,,86.8,12.1,13.940092165898617,-0.004565577646456376,CONSISTENT,20.0±1.3 kg,20.0,"Zunyi, Guizhou",Paddy rice paper Table 3,MISSING_IN_TARGET__IMPUTED_906_TRAINING_MEDIAN,REPORTED_INITIAL_BW__NOT_DMI_BACKCALCULATION,RETROSPECTIVE_PRE_FN_UN_LAB_INFORMATION,TARGET_DM_CP_N_HARMONIZED_AND_CHEMISTRY_CROSSCHECKED,0.0
REALV6R_0388,Paddy rice::RealV6_稻谷_sample5,Paddy rice,稻谷,5,4,nursery,20.0,0.6944,15.482927460611682,15.482927460611682,2.290428865924807,1.54356,11.648938594686875,3.833988865924807,22.29684254120346,0.03472,0.7741463730305841,13.935526588252161,1.0483870967741935,17.903225806451612,7.511520737327189,6.612903225806452,,86.8,12.1,13.940092165898617,-0.004565577646456376,CONSISTENT,20.0±1.3 kg,20.0,"Zunyi, Guizhou",Paddy rice paper Table 3,MISSING_IN_TARGET__IMPUTED_906_TRAINING_MEDIAN,REPORTED_INITIAL_BW__NOT_DMI_BACKCALCULATION,RETROSPECTIVE_PRE_FN_UN_LAB_INFORMATION,TARGET_DM_CP_N_HARMONIZED_AND_CHEMISTRY_CROSSCHECKED,0.0
REALV6R_0389,Paddy rice::RealV6_稻谷_sample5,Paddy rice,稻谷,5,5,nursery,20.0,0.6944,15.482927460611682,15.482927460611682,3.262707999099149,3.620410166666664,8.599809294845869,6.883118165765813,22.29684254120346,0.03472,0.7741463730305841,13.935526588252161,1.0483870967741935,17.903225806451612,7.511520737327189,6.612903225806452,,86.8,12.1,13.940092165898617,-0.004565577646456376,CONSISTENT,20.0±1.3 kg,20.0,"Zunyi, Guizhou",Paddy rice paper Table 3,MISSING_IN_TARGET__IMPUTED_906_TRAINING_MEDIAN,REPORTED_INITIAL_BW__NOT_DMI_BACKCALCULATION,RETROSPECTIVE_PRE_FN_UN_LAB_INFORMATION,TARGET_DM_CP_N_HARMONIZED_AND_CHEMISTRY_CROSSCHECKED,0.0
REALV6R_0390,Paddy rice::RealV6_稻谷_sample5,Paddy rice,稻谷,5,6,nursery,20.0,0.6944,15.482927460611682,15.482927460611682,2.718163645198068,2.764848333333337,9.999915482080278,5.483011978531405,22.29684254120346,0.03472,0.7741463730305841,13.935526588252161,1.0483870967741935,17.903225806451612,7.511520737327189,6.612903225806452,,86.8,12.1,13.940092165898617,-0.004565577646456376,CONSISTENT,20.0±1.3 kg,20.0,"Zunyi, Guizhou",Paddy rice paper Table 3,MISSING_IN_TARGET__IMPUTED_906_TRAINING_MEDIAN,REPORTED_INITIAL_BW__NOT_DMI_BACKCALCULATION,RETROSPECTIVE_PRE_FN_UN_LAB_INFORMATION,TARGET_DM_CP_N_HARMONIZED_AND_CHEMISTRY_CROSSCHECKED,0.0
REALV6R_0391,Paddy rice::RealV6_稻谷_sample6,Paddy rice,稻谷,6,1,nursery,20.0,0.78192,16.849785230061393,16.849785230061393,2.104756348009073,3.401082333333342,11.343946548718979,5.505838681342415,21.549244462427605,0.039096,0.8424892615030697,13.468277789017252,2.61279926335175,18.77302025782689,7.734806629834255,6.111878453038674,,86.88,11.7,13.466850828729282,0.0014269602879704024,CONSISTENT,20.0±1.3 kg,22.5,"Yueyang, Hunan",Paddy rice paper Table 3,MISSING_IN_TARGET__IMPUTED_906_TRAINING_MEDIAN,REPORTED_INITIAL_BW__NOT_DMI_BACKCALCULATION,RETROSPECTIVE_PRE_FN_UN_LAB_INFORMATION,TARGET_DM_CP_N_HARMONIZED_AND_CHEMISTRY_CROSSCHECKED,0.0
REALV6R_0392,Paddy rice::RealV6_稻谷_sample6,Paddy rice,稻谷,6,2,nursery,20.0,0.78192,16.849785230061393,16.849785230061393,3.195898743305948,1.772432666666665,11.88145382008878,4.968331409972613,21.549244462427605,0.039096,0.8424892615030697,13.468277789017252,2.61279926335175,18.77302025782689,7.734806629834255,6.111878453038674,,86.88,11.7,13.466850828729282,0.0014269602879704024,CONSISTENT,20.0±1.3 kg,22.5,"Yueyang, Hunan",Paddy rice paper Table 3,MISSING_IN_TARGET__IMPUTED_906_TRAINING_MEDIAN,REPORTED_INITIAL_BW__NOT_DMI_BACKCALCULATION,RETROSPECTIVE_PRE_FN_UN_LAB_INFORMATION,TARGET_DM_CP_N_HARMONIZED_AND_CHEMISTRY_CROSSCHECKED,0.0
REALV6R_0393,Paddy rice::RealV6_稻谷_sample6,Paddy rice,稻谷,6,3,nursery,20.0,0.78192,16.849785230061393,16.849785230061393,3.13721197411002,2.877714,10.834859255951372,6.01492597411002,21.549244462427605,0.039096,0.8424892615030697,13.468277789017252,2.61279926335175,18.77302025782689,7.734806629834255,6.111878453038674,,86.88,11.7,13.466850828729282,0.0014269602879704024,CONSISTENT,20.0±1.3 kg,22.5,"Yueyang, Hunan",Paddy rice paper Table 3,MISSING_IN_TARGET__IMPUTED_906_TRAINING_MEDIAN,REPORTED_INITIAL_BW__NOT_DMI_BACKCALCULATION,RETROSPECTIVE_PRE_FN_UN_LAB_INFORMATION,TARGET_DM_CP_N_HARMONIZED_AND_CHEMISTRY_CROSSCHECKED,0.0
REALV6R_0394,Paddy rice::RealV6_稻谷_sample6,Paddy rice,稻谷,6,4,nursery,20.0,0.78192,16.849785230061393,16.849785230061393,2.498173498891008,2.69703,11.654581731170385,5.195203498891008,21.549244462427605,0.039096,0.8424892615030697,13.468277789017252,2.61279926335175,18.77302025782689,7.734806629834255,6.111878453038674,,86.88,11.7,13.466850828729282,0.0014269602879704024,CONSISTENT,20.0±1.3 kg,22.5,"Yueyang, Hunan",Paddy rice paper Table 3,MISSING_IN_TARGET__IMPUTED_906_TRAINING_MEDIAN,REPORTED_INITIAL_BW__NOT_DMI_BACKCALCULATION,RETROSPECTIVE_PRE_FN_UN_LAB_INFORMATION,TARGET_DM_CP_N_HARMONIZED_AND_CHEMISTRY_CROSSCHECKED,0.0
REALV6R_0395,Paddy rice::RealV6_稻谷_sample6,Paddy rice,稻谷,6,5,nursery,20.0,0.78192,16.849785230061393,16.849785230061393,1.050887080932952,2.17153933333333,13.62735881579511,3.222426414266282,21.549244462427605,0.039096,0.8424892615030697,13.468277789017252,2.61279926335175,18.77302025782689,7.734806629834255,6.111878453038674,,86.88,11.7,13.466850828729282,0.0014269602879704024,CONSISTENT,20.0±1.3 kg,22.5,"Yueyang, Hunan",Paddy rice paper Table 3,MISSING_IN_TARGET__IMPUTED_906_TRAINING_MEDIAN,REPORTED_INITIAL_BW__NOT_DMI_BACKCALCULATION,RETROSPECTIVE_PRE_FN_UN_LAB_INFORMATION,TARGET_DM_CP_N_HARMONIZED_AND_CHEMISTRY_CROSSCHECKED,0.0
REALV6R_0396,Paddy rice::RealV6_稻谷_sample6,Paddy rice,稻谷,6,6,nursery,20.0,0.78192,16.849785230061393,16.849785230061393,3.735247711571418,3.302946999999997,9.811590518489979,7.038194711571415,21.549244462427605,0.039096,0.8424892615030697,13.468277789017252,2.61279926335175,18.77302025782689,7.734806629834255,6.111878453038674,,86.88,11.7,13.466850828729282,0.0014269602879704024,CONSISTENT,20.0±1.3 kg,22.5,"Yueyang, Hunan",Paddy rice paper Table 3,MISSING_IN_TARGET__IMPUTED_906_TRAINING_MEDIAN,REPORTED_INITIAL_BW__NOT_DMI_BACKCALCULATION,RETROSPECTIVE_PRE_FN_UN_LAB_INFORMATION,TARGET_DM_CP_N_HARMONIZED_AND_CHEMISTRY_CROSSCHECKED,0.0
REALV6R_0397,Paddy rice::RealV6_稻谷_sample7,Paddy rice,稻谷,7,1,nursery,20.0,0.77859,16.837390873797567,16.837390873797567,2.518308086751537,6.108693833333317,8.210388953712712,8.627001920084854,21.62549078950098,0.0389295,0.8418695436898783,13.515931743438111,4.589064847994451,18.471852964975145,7.74476939082187,6.519477517050051,,86.51,11.69,13.512888683389201,0.0030430600489097515,CONSISTENT,20.0±1.3 kg,22.5,"Yongzhou, Hunan",Paddy rice paper Table 3,MISSING_IN_TARGET__IMPUTED_906_TRAINING_MEDIAN,REPORTED_INITIAL_BW__NOT_DMI_BACKCALCULATION,RETROSPECTIVE_PRE_FN_UN_LAB_INFORMATION,TARGET_DM_CP_N_HARMONIZED_AND_CHEMISTRY_CROSSCHECKED,0.0
REALV6R_0398,Paddy rice::RealV6_稻谷_sample7,Paddy rice,稻谷,7,2,nursery,20.0,0.77859,16.837390873797567,16.837390873797567,2.539688789396545,2.745766666666672,11.55193541773435,5.285455456063216,21.62549078950098,0.0389295,0.8418695436898783,13.515931743438111,4.589064847994451,18.471852964975145,7.74476939082187,6.519477517050051,,86.51,11.69,13.512888683389201,0.0030430600489097515,CONSISTENT,20.0±1.3 kg,22.5,"Yongzhou, Hunan",Paddy rice paper Table 3,MISSING_IN_TARGET__IMPUTED_906_TRAINING_MEDIAN,REPORTED_INITIAL_BW__NOT_DMI_BACKCALCULATION,RETROSPECTIVE_PRE_FN_UN_LAB_INFORMATION,TARGET_DM_CP_N_HARMONIZED_AND_CHEMISTRY_CROSSCHECKED,0.0
REALV6R_0399,Paddy rice::RealV6_稻谷_sample7,Paddy rice,稻谷,7,3,nursery,20.0,0.77859,16.837390873797567,16.837390873797567,3.612321254442509,3.923831999999995,9.301237619355064,7.536153254442504,21.62549078950098,0.0389295,0.8418695436898783,13.515931743438111,4.589064847994451,18.471852964975145,7.74476939082187,6.519477517050051,,86.51,11.69,13.512888683389201,0.0030430600489097515,CONSISTENT,20.0±1.3 kg,22.5,"Yongzhou, Hunan",Paddy rice paper Table 3,MISSING_IN_TARGET__IMPUTED_906_TRAINING_MEDIAN,REPORTED_INITIAL_BW__NOT_DMI_BACKCALCULATION,RETROSPECTIVE_PRE_FN_UN_LAB_INFORMATION,TARGET_DM_CP_N_HARMONIZED_AND_CHEMISTRY_CROSSCHECKED,-1.7763568394002505e-15
REALV6R_0400,Paddy rice::RealV6_稻谷_sample7,Paddy rice,稻谷,7,4,nursery,20.0,0.77859,16.837390873797567,16.837390873797567,3.598879828038759,1.673839999999996,11.56467104575881,5.272719828038755,21.62549078950098,0.0389295,0.8418695436898783,13.515931743438111,4.589064847994451,18.471852964975145,7.74476939082187,6.519477517050051,,86.51,11.69,13.512888683389201,0.0030430600489097515,CONSISTENT,20.0±1.3 kg,22.5,"Yongzhou, Hunan",Paddy rice paper Table 3,MISSING_IN_TARGET__IMPUTED_906_TRAINING_MEDIAN,REPORTED_INITIAL_BW__NOT_DMI_BACKCALCULATION,RETROSPECTIVE_PRE_FN_UN_LAB_INFORMATION,TARGET_DM_CP_N_HARMONIZED_AND_CHEMISTRY_CROSSCHECKED,0.0
REALV6R_0401,Paddy rice::RealV6_稻谷_sample7,Paddy rice,稻谷,7,5,nursery,20.0,0.77859,16.837390873797567,16.837390873797567,3.589515755780722,2.06026333333333,11.187611784683515,5.649779089114052,21.62549078950098,0.0389295,0.8418695436898783,13.515931743438111,4.589064847994451,18.471852964975145,7.74476939082187,6.519477517050051,,86.51,11.69,13.512888683389201,0.0030430600489097515,CONSISTENT,20.0±1.3 kg,22.5,"Yongzhou, Hunan",Paddy rice paper Table 3,MISSING_IN_TARGET__IMPUTED_906_TRAINING_MEDIAN,REPORTED_INITIAL_BW__NOT_DMI_BACKCALCULATION,RETROSPECTIVE_PRE_FN_UN_LAB_INFORMATION,TARGET_DM_CP_N_HARMONIZED_AND_CHEMISTRY_CROSSCHECKED,0.0
REALV6R_0402,Paddy rice::RealV6_稻谷_sample7,Paddy rice,稻谷,7,6,nursery,20.0,0.77859,16.837390873797567,16.837390873797567,2.008450967023322,5.045005,9.783934906774245,7.0534559670233214,21.62549078950098,0.0389295,0.8418695436898783,13.515931743438111,4.589064847994451,18.471852964975145,7.74476939082187,6.519477517050051,,86.51,11.69,13.512888683389201,0.0030430600489097515,CONSISTENT,20.0±1.3 kg,22.5,"Yongzhou, Hunan",Paddy rice paper Table 3,MISSING_IN_TARGET__IMPUTED_906_TRAINING_MEDIAN,REPORTED_INITIAL_BW__NOT_DMI_BACKCALCULATION,RETROSPECTIVE_PRE_FN_UN_LAB_INFORMATION,TARGET_DM_CP_N_HARMONIZED_AND_CHEMISTRY_CROSSCHECKED,0.0
REALV6R_0403,Paddy rice::RealV6_稻谷_sample8,Paddy rice,稻谷,8,1,nursery,20.0,0.78147,16.184058641514,16.184058641514,2.817567893563027,3.780849999999996,9.585640747950976,6.598417893563023,20.709763191823104,0.0390735,0.8092029320756999,12.94360199488944,2.5797535414027415,19.40573534492687,8.199930899458712,6.79488655994472,,86.83,11.24,12.944834734538755,-0.001232739649315917,CONSISTENT,20.0±1.3 kg,22.5,"Lu’an City, Anhui",Paddy rice paper Table 3,MISSING_IN_TARGET__IMPUTED_906_TRAINING_MEDIAN,REPORTED_INITIAL_BW__NOT_DMI_BACKCALCULATION,RETROSPECTIVE_PRE_FN_UN_LAB_INFORMATION,TARGET_DM_CP_N_HARMONIZED_AND_CHEMISTRY_CROSSCHECKED,1.7763568394002505e-15
REALV6R_0404,Paddy rice::RealV6_稻谷_sample8,Paddy rice,稻谷,8,2,nursery,20.0,0.78147,16.184058641514,16.184058641514,3.959957879957874,3.15367,9.070430761556125,7.113627879957874,20.709763191823104,0.0390735,0.8092029320756999,12.94360199488944,2.5797535414027415,19.40573534492687,8.199930899458712,6.79488655994472,,86.83,11.24,12.944834734538755,-0.001232739649315917,CONSISTENT,20.0±1.3 kg,22.5,"Lu’an City, Anhui",Paddy rice paper Table 3,MISSING_IN_TARGET__IMPUTED_906_TRAINING_MEDIAN,REPORTED_INITIAL_BW__NOT_DMI_BACKCALCULATION,RETROSPECTIVE_PRE_FN_UN_LAB_INFORMATION,TARGET_DM_CP_N_HARMONIZED_AND_CHEMISTRY_CROSSCHECKED,1.7763568394002505e-15
REALV6R_0405,Paddy rice::RealV6_稻谷_sample8,Paddy rice,稻谷,8,3,nursery,20.0,0.78147,16.184058641514,16.184058641514,2.669810846953927,3.93721999999999,9.577027794560083,6.607030846953917,20.709763191823104,0.0390735,0.8092029320756999,12.94360199488944,2.5797535414027415,19.40573534492687,8.199930899458712,6.79488655994472,,86.83,11.24,12.944834734538755,-0.001232739649315917,CONSISTENT,20.0±1.3 kg,22.5,"Lu’an City, Anhui",Paddy rice paper Table 3,MISSING_IN_TARGET__IMPUTED_906_TRAINING_MEDIAN,REPORTED_INITIAL_BW__NOT_DMI_BACKCALCULATION,RETROSPECTIVE_PRE_FN_UN_LAB_INFORMATION,TARGET_DM_CP_N_HARMONIZED_AND_CHEMISTRY_CROSSCHECKED,-1.7763568394002505e-15
REALV6R_0406,Paddy rice::RealV6_稻谷_sample8,Paddy rice,稻谷,8,4,nursery,20.0,0.78147,16.184058641514,16.184058641514,2.577266968468466,1.32498666666667,12.281805006378864,3.9022536351351365,20.709763191823104,0.0390735,0.8092029320756999,12.94360199488944,2.5797535414027415,19.40573534492687,8.199930899458712,6.79488655994472,,86.83,11.24,12.944834734538755,-0.001232739649315917,CONSISTENT,20.0±1.3 kg,22.5,"Lu’an City, Anhui",Paddy rice paper Table 3,MISSING_IN_TARGET__IMPUTED_906_TRAINING_MEDIAN,REPORTED_INITIAL_BW__NOT_DMI_BACKCALCULATION,RETROSPECTIVE_PRE_FN_UN_LAB_INFORMATION,TARGET_DM_CP_N_HARMONIZED_AND_CHEMISTRY_CROSSCHECKED,0.0
REALV6R_0407,Paddy rice::RealV6_稻谷_sample8,Paddy rice,稻谷,8,5,nursery,20.0,0.78147,16.184058641514,16.184058641514,2.351468204816837,2.487967666666673,11.34462277003049,4.839435871483509,20.709763191823104,0.0390735,0.8092029320756999,12.94360199488944,2.5797535414027415,19.40573534492687,8.199930899458712,6.79488655994472,,86.83,11.24,12.944834734538755,-0.001232739649315917,CONSISTENT,20.0±1.3 kg,22.5,"Lu’an City, Anhui",Paddy rice paper Table 3,MISSING_IN_TARGET__IMPUTED_906_TRAINING_MEDIAN,REPORTED_INITIAL_BW__NOT_DMI_BACKCALCULATION,RETROSPECTIVE_PRE_FN_UN_LAB_INFORMATION,TARGET_DM_CP_N_HARMONIZED_AND_CHEMISTRY_CROSSCHECKED,0.0
REALV6R_0408,Paddy rice::RealV6_稻谷_sample8,Paddy rice,稻谷,8,6,nursery,20.0,0.78147,16.184058641514,16.184058641514,1.777219641566963,1.905370499999995,12.501468499947041,3.682590141566958,20.709763191823104,0.0390735,0.8092029320756999,12.94360199488944,2.5797535414027415,19.40573534492687,8.199930899458712,6.79488655994472,,86.83,11.24,12.944834734538755,-0.001232739649315917,CONSISTENT,20.0±1.3 kg,22.5,"Lu’an City, Anhui",Paddy rice paper Table 3,MISSING_IN_TARGET__IMPUTED_906_TRAINING_MEDIAN,REPORTED_INITIAL_BW__NOT_DMI_BACKCALCULATION,RETROSPECTIVE_PRE_FN_UN_LAB_INFORMATION,TARGET_DM_CP_N_HARMONIZED_AND_CHEMISTRY_CROSSCHECKED,0.0
REALV6R_0409,Paddy rice::RealV6_稻谷_sample9,Paddy rice,稻谷,9,1,nursery,20.0,0.7781399999999999,16.07470057481301,16.07470057481301,2.487577856378645,2.5483575,11.038765218434367,5.035935356378644,20.657851511055867,0.038907,0.8037350287406506,12.911157194409917,2.394170714781402,16.504742077261163,6.106870229007634,6.141568355308814,,86.46,11.16,12.907702984038863,0.0034542103710535343,CONSISTENT,20.0±1.3 kg,22.5,"Xiangxi Tujia and Miao Autonomous Prefecture, Hunan",Paddy rice paper Table 3,MISSING_IN_TARGET__IMPUTED_906_TRAINING_MEDIAN,REPORTED_INITIAL_BW__NOT_DMI_BACKCALCULATION,RETROSPECTIVE_PRE_FN_UN_LAB_INFORMATION,TARGET_DM_CP_N_HARMONIZED_AND_CHEMISTRY_CROSSCHECKED,0.0
REALV6R_0410,Paddy rice::RealV6_稻谷_sample9,Paddy rice,稻谷,9,2,nursery,20.0,0.7781399999999999,16.07470057481301,16.07470057481301,3.208041566746607,2.1048975,10.761761508066405,5.3129390667466065,20.657851511055867,0.038907,0.8037350287406506,12.911157194409917,2.394170714781402,16.504742077261163,6.106870229007634,6.141568355308814,,86.46,11.16,12.907702984038863,0.0034542103710535343,CONSISTENT,20.0±1.3 kg,22.5,"Xiangxi Tujia and Miao Autonomous Prefecture, Hunan",Paddy rice paper Table 3,MISSING_IN_TARGET__IMPUTED_906_TRAINING_MEDIAN,REPORTED_INITIAL_BW__NOT_DMI_BACKCALCULATION,RETROSPECTIVE_PRE_FN_UN_LAB_INFORMATION,TARGET_DM_CP_N_HARMONIZED_AND_CHEMISTRY_CROSSCHECKED,0.0
REALV6R_0411,Paddy rice::RealV6_稻谷_sample9,Paddy rice,稻谷,9,3,nursery,20.0,0.7781399999999999,16.07470057481301,16.07470057481301,2.377443774509445,3.267138000000001,10.430118800303566,5.6445817745094455,20.657851511055867,0.038907,0.8037350287406506,12.911157194409917,2.394170714781402,16.504742077261163,6.106870229007634,6.141568355308814,,86.46,11.16,12.907702984038863,0.0034542103710535343,CONSISTENT,20.0±1.3 kg,22.5,"Xiangxi Tujia and Miao Autonomous Prefecture, Hunan",Paddy rice paper Table 3,MISSING_IN_TARGET__IMPUTED_906_TRAINING_MEDIAN,REPORTED_INITIAL_BW__NOT_DMI_BACKCALCULATION,RETROSPECTIVE_PRE_FN_UN_LAB_INFORMATION,TARGET_DM_CP_N_HARMONIZED_AND_CHEMISTRY_CROSSCHECKED,0.0
REALV6R_0412,Paddy rice::RealV6_稻谷_sample9,Paddy rice,稻谷,9,4,nursery,20.0,0.7781399999999999,16.07470057481301,16.07470057481301,2.22085706095802,0.8575529999999972,12.996290513854994,3.078410060958017,20.657851511055867,0.038907,0.8037350287406506,12.911157194409917,2.394170714781402,16.504742077261163,6.106870229007634,6.141568355308814,,86.46,11.16,12.907702984038863,0.0034542103710535343,CONSISTENT,20.0±1.3 kg,22.5,"Xiangxi Tujia and Miao Autonomous Prefecture, Hunan",Paddy rice paper Table 3,MISSING_IN_TARGET__IMPUTED_906_TRAINING_MEDIAN,REPORTED_INITIAL_BW__NOT_DMI_BACKCALCULATION,RETROSPECTIVE_PRE_FN_UN_LAB_INFORMATION,TARGET_DM_CP_N_HARMONIZED_AND_CHEMISTRY_CROSSCHECKED,0.0
REALV6R_0413,Paddy rice::RealV6_稻谷_sample9,Paddy rice,稻谷,9,5,nursery,20.0,0.7781399999999999,16.07470057481301,16.07470057481301,1.58296638236026,2.814486499999994,11.677247692452758,4.397452882360254,20.657851511055867,0.038907,0.8037350287406506,12.911157194409917,2.394170714781402,16.504742077261163,6.106870229007634,6.141568355308814,,86.46,11.16,12.907702984038863,0.0034542103710535343,CONSISTENT,20.0±1.3 kg,22.5,"Xiangxi Tujia and Miao Autonomous Prefecture, Hunan",Paddy rice paper Table 3,MISSING_IN_TARGET__IMPUTED_906_TRAINING_MEDIAN,REPORTED_INITIAL_BW__NOT_DMI_BACKCALCULATION,RETROSPECTIVE_PRE_FN_UN_LAB_INFORMATION,TARGET_DM_CP_N_HARMONIZED_AND_CHEMISTRY_CROSSCHECKED,0.0
REALV6R_0414,Paddy rice::RealV6_稻谷_sample9,Paddy rice,稻谷,9,6,nursery,20.0,0.7781399999999999,16.07470057481301,16.07470057481301,1.852159407262709,0.9888959999999983,13.233645167550304,2.8410554072627074,20.657851511055867,0.038907,0.8037350287406506,12.911157194409917,2.394170714781402,16.504742077261163,6.106870229007634,6.141568355308814,,86.46,11.16,12.907702984038863,0.0034542103710535343,CONSISTENT,20.0±1.3 kg,22.5,"Xiangxi Tujia and Miao Autonomous Prefecture, Hunan",Paddy rice paper Table 3,MISSING_IN_TARGET__IMPUTED_906_TRAINING_MEDIAN,REPORTED_INITIAL_BW__NOT_DMI_BACKCALCULATION,RETROSPECTIVE_PRE_FN_UN_LAB_INFORMATION,TARGET_DM_CP_N_HARMONIZED_AND_CHEMISTRY_CROSSCHECKED,0.0
REALV6R_0415,Paddy rice::RealV6_稻谷_sample10,Paddy rice,稻谷,10,1,nursery,20.0,0.78237,14.864115866945397,14.864115866945397,2.002466713915213,4.46091333333334,8.400735819696845,6.4633800472485525,18.99883158473024,0.0391185,0.7432057933472699,11.8742697404564,1.4034280455538939,17.450822500862763,8.662141953295755,6.75255953065685,,86.93,10.32,11.871620844357528,0.0026488960988722,CONSISTENT,20.0±1.3 kg,22.5,"Liuzhou, Guangxi",Paddy rice paper Table 3,MISSING_IN_TARGET__IMPUTED_906_TRAINING_MEDIAN,REPORTED_INITIAL_BW__NOT_DMI_BACKCALCULATION,RETROSPECTIVE_PRE_FN_UN_LAB_INFORMATION,TARGET_DM_CP_N_HARMONIZED_AND_CHEMISTRY_CROSSCHECKED,0.0
REALV6R_0416,Paddy rice::RealV6_稻谷_sample10,Paddy rice,稻谷,10,2,nursery,20.0,0.78237,14.864115866945397,14.864115866945397,2.112315166455039,2.738389499999995,10.013411200490363,4.850704666455034,18.99883158473024,0.0391185,0.7432057933472699,11.8742697404564,1.4034280455538939,17.450822500862763,8.662141953295755,6.75255953065685,,86.93,10.32,11.871620844357528,0.0026488960988722,CONSISTENT,20.0±1.3 kg,22.5,"Liuzhou, Guangxi",Paddy rice paper Table 3,MISSING_IN_TARGET__IMPUTED_906_TRAINING_MEDIAN,REPORTED_INITIAL_BW__NOT_DMI_BACKCALCULATION,RETROSPECTIVE_PRE_FN_UN_LAB_INFORMATION,TARGET_DM_CP_N_HARMONIZED_AND_CHEMISTRY_CROSSCHECKED,0.0
REALV6R_0417,Paddy rice::RealV6_稻谷_sample10,Paddy rice,稻谷,10,3,nursery,20.0,0.78237,14.864115866945397,14.864115866945397,2.538472141971311,3.045683833333336,9.27995989164075,5.584155975304647,18.99883158473024,0.0391185,0.7432057933472699,11.8742697404564,1.4034280455538939,17.450822500862763,8.662141953295755,6.75255953065685,,86.93,10.32,11.871620844357528,0.0026488960988722,CONSISTENT,20.0±1.3 kg,22.5,"Liuzhou, Guangxi",Paddy rice paper Table 3,MISSING_IN_TARGET__IMPUTED_906_TRAINING_MEDIAN,REPORTED_INITIAL_BW__NOT_DMI_BACKCALCULATION,RETROSPECTIVE_PRE_FN_UN_LAB_INFORMATION,TARGET_DM_CP_N_HARMONIZED_AND_CHEMISTRY_CROSSCHECKED,0.0
REALV6R_0418,Paddy rice::RealV6_稻谷_sample10,Paddy rice,稻谷,10,4,nursery,20.0,0.78237,14.864115866945397,14.864115866945397,1.680707386826696,2.588441499999997,10.594966980118704,4.269148886826693,18.99883158473024,0.0391185,0.7432057933472699,11.8742697404564,1.4034280455538939,17.450822500862763,8.662141953295755,6.75255953065685,,86.93,10.32,11.871620844357528,0.0026488960988722,CONSISTENT,20.0±1.3 kg,22.5,"Liuzhou, Guangxi",Paddy rice paper Table 3,MISSING_IN_TARGET__IMPUTED_906_TRAINING_MEDIAN,REPORTED_INITIAL_BW__NOT_DMI_BACKCALCULATION,RETROSPECTIVE_PRE_FN_UN_LAB_INFORMATION,TARGET_DM_CP_N_HARMONIZED_AND_CHEMISTRY_CROSSCHECKED,0.0
REALV6R_0419,Paddy rice::RealV6_稻谷_sample10,Paddy rice,稻谷,10,5,nursery,20.0,0.78237,14.864115866945397,14.864115866945397,1.291946557490978,4.877421999999993,8.694747309454426,6.169368557490971,18.99883158473024,0.0391185,0.7432057933472699,11.8742697404564,1.4034280455538939,17.450822500862763,8.662141953295755,6.75255953065685,,86.93,10.32,11.871620844357528,0.0026488960988722,CONSISTENT,20.0±1.3 kg,22.5,"Liuzhou, Guangxi",Paddy rice paper Table 3,MISSING_IN_TARGET__IMPUTED_906_TRAINING_MEDIAN,REPORTED_INITIAL_BW__NOT_DMI_BACKCALCULATION,RETROSPECTIVE_PRE_FN_UN_LAB_INFORMATION,TARGET_DM_CP_N_HARMONIZED_AND_CHEMISTRY_CROSSCHECKED,1.7763568394002505e-15
REALV6R_0420,Paddy rice::RealV6_稻谷_sample10,Paddy rice,稻谷,10,6,nursery,20.0,0.78237,14.864115866945397,14.864115866945397,2.600844545758322,3.62552666666667,8.637744654520406,6.226371212424992,18.99883158473024,0.0391185,0.7432057933472699,11.8742697404564,1.4034280455538939,17.450822500862763,8.662141953295755,6.75255953065685,,86.93,10.32,11.871620844357528,0.0026488960988722,CONSISTENT,20.0±1.3 kg,22.5,"Liuzhou, Guangxi",Paddy rice paper Table 3,MISSING_IN_TARGET__IMPUTED_906_TRAINING_MEDIAN,REPORTED_INITIAL_BW__NOT_DMI_BACKCALCULATION,RETROSPECTIVE_PRE_FN_UN_LAB_INFORMATION,TARGET_DM_CP_N_HARMONIZED_AND_CHEMISTRY_CROSSCHECKED,-1.7763568394002505e-15
REALV6R_0421,Paddy rice::RealV6_稻谷_sample11,Paddy rice,稻谷,11,1,nursery,20.0,0.78561,16.86971145419676,16.86971145419676,3.065902002362864,3.0594725,10.744336951833898,6.125374502362864,21.47339195554634,0.0392805,0.843485572709838,13.420869972216462,2.7150876389048,19.418031847863443,7.068392713942032,6.002978577156605,,87.29,11.72,13.42650933669378,-0.005639364477318054,CONSISTENT,20.0±1.3 kg,22.5,"MUYUAN, Henan",Paddy rice paper Table 3,MISSING_IN_TARGET__IMPUTED_906_TRAINING_MEDIAN,REPORTED_INITIAL_BW__NOT_DMI_BACKCALCULATION,RETROSPECTIVE_PRE_FN_UN_LAB_INFORMATION,TARGET_DM_CP_N_HARMONIZED_AND_CHEMISTRY_CROSSCHECKED,-1.7763568394002505e-15
REALV6R_0422,Paddy rice::RealV6_稻谷_sample11,Paddy rice,稻谷,11,2,nursery,20.0,0.78561,16.86971145419676,16.86971145419676,2.87039937486879,3.598916166666671,10.400395912661299,6.469315541535462,21.47339195554634,0.0392805,0.843485572709838,13.420869972216462,2.7150876389048,19.418031847863443,7.068392713942032,6.002978577156605,,87.29,11.72,13.42650933669378,-0.005639364477318054,CONSISTENT,20.0±1.3 kg,22.5,"MUYUAN, Henan",Paddy rice paper Table 3,MISSING_IN_TARGET__IMPUTED_906_TRAINING_MEDIAN,REPORTED_INITIAL_BW__NOT_DMI_BACKCALCULATION,RETROSPECTIVE_PRE_FN_UN_LAB_INFORMATION,TARGET_DM_CP_N_HARMONIZED_AND_CHEMISTRY_CROSSCHECKED,1.7763568394002505e-15
REALV6R_0423,Paddy rice::RealV6_稻谷_sample11,Paddy rice,稻谷,11,3,nursery,20.0,0.78561,16.86971145419676,16.86971145419676,3.169491192284008,3.389175999999997,10.311044261912755,6.558667192284005,21.47339195554634,0.0392805,0.843485572709838,13.420869972216462,2.7150876389048,19.418031847863443,7.068392713942032,6.002978577156605,,87.29,11.72,13.42650933669378,-0.005639364477318054,CONSISTENT,20.0±1.3 kg,22.5,"MUYUAN, Henan",Paddy rice paper Table 3,MISSING_IN_TARGET__IMPUTED_906_TRAINING_MEDIAN,REPORTED_INITIAL_BW__NOT_DMI_BACKCALCULATION,RETROSPECTIVE_PRE_FN_UN_LAB_INFORMATION,TARGET_DM_CP_N_HARMONIZED_AND_CHEMISTRY_CROSSCHECKED,0.0
REALV6R_0424,Paddy rice::RealV6_稻谷_sample11,Paddy rice,稻谷,11,4,nursery,20.0,0.78561,16.86971145419676,16.86971145419676,2.484841056453561,0.8443338333333311,13.54053656440987,3.329174889786892,21.47339195554634,0.0392805,0.843485572709838,13.420869972216462,2.7150876389048,19.418031847863443,7.068392713942032,6.002978577156605,,87.29,11.72,13.42650933669378,-0.005639364477318054,CONSISTENT,20.0±1.3 kg,22.5,"MUYUAN, Henan",Paddy rice paper Table 3,MISSING_IN_TARGET__IMPUTED_906_TRAINING_MEDIAN,REPORTED_INITIAL_BW__NOT_DMI_BACKCALCULATION,RETROSPECTIVE_PRE_FN_UN_LAB_INFORMATION,TARGET_DM_CP_N_HARMONIZED_AND_CHEMISTRY_CROSSCHECKED,-1.7763568394002505e-15
REALV6R_0425,Paddy rice::RealV6_稻谷_sample11,Paddy rice,稻谷,11,5,nursery,20.0,0.78561,16.86971145419676,16.86971145419676,1.489655720333402,4.24470666666666,11.1353490671967,5.734362387000062,21.47339195554634,0.0392805,0.843485572709838,13.420869972216462,2.7150876389048,19.418031847863443,7.068392713942032,6.002978577156605,,87.29,11.72,13.42650933669378,-0.005639364477318054,CONSISTENT,20.0±1.3 kg,22.5,"MUYUAN, Henan",Paddy rice paper Table 3,MISSING_IN_TARGET__IMPUTED_906_TRAINING_MEDIAN,REPORTED_INITIAL_BW__NOT_DMI_BACKCALCULATION,RETROSPECTIVE_PRE_FN_UN_LAB_INFORMATION,TARGET_DM_CP_N_HARMONIZED_AND_CHEMISTRY_CROSSCHECKED,-1.7763568394002505e-15
REALV6R_0426,Paddy rice::RealV6_稻谷_sample11,Paddy rice,稻谷,11,6,nursery,20.0,0.78561,16.86971145419676,16.86971145419676,1.213424570999571,2.584306333333331,13.07198054986386,3.797730904332902,21.47339195554634,0.0392805,0.843485572709838,13.420869972216462,2.7150876389048,19.418031847863443,7.068392713942032,6.002978577156605,,87.29,11.72,13.42650933669378,-0.005639364477318054,CONSISTENT,20.0±1.3 kg,22.5,"MUYUAN, Henan",Paddy rice paper Table 3,MISSING_IN_TARGET__IMPUTED_906_TRAINING_MEDIAN,REPORTED_INITIAL_BW__NOT_DMI_BACKCALCULATION,RETROSPECTIVE_PRE_FN_UN_LAB_INFORMATION,TARGET_DM_CP_N_HARMONIZED_AND_CHEMISTRY_CROSSCHECKED,0.0
REALV6R_0121,Rice bran::RealV6_米糠_sample1,Rice bran,米糠,1,1,growing,30.0,0.52638,15.113249999999995,15.113249999999995,1.946965567417752,2.354313583333334,10.81197084924891,4.3012791507510855,28.711672175994522,0.017546,0.5037749999999999,17.944795109996576,3.123218967285991,21.007637068277667,3.738743873247463,7.728257152627379,,87.73,15.74,17.94141114783996,0.0033839621566151834,CONSISTENT,30.0±1.5 kg,15.0,江西南昌（益海嘉里金龙鱼粮油食品股份有限公司）,米糠论文 表2,MISSING_IN_TARGET__IMPUTED_906_TRAINING_MEDIAN,REPORTED_INITIAL_BW__NOT_DMI_BACKCALCULATION,RETROSPECTIVE_PRE_FN_UN_LAB_INFORMATION,TARGET_DM_CP_N_HARMONIZED_AND_CHEMISTRY_CROSSCHECKED,-1.7763568394002505e-15
REALV6R_0122,Rice bran::RealV6_米糠_sample1,Rice bran,米糠,1,2,growing,30.0,0.52638,15.113249999999995,15.113249999999995,1.928563129320009,1.539787499999996,11.64489937067999,3.468350629320005,28.711672175994522,0.017546,0.5037749999999999,17.944795109996576,3.123218967285991,21.007637068277667,3.738743873247463,7.728257152627379,,87.73,15.74,17.94141114783996,0.0033839621566151834,CONSISTENT,30.0±1.5 kg,15.0,江西南昌（益海嘉里金龙鱼粮油食品股份有限公司）,米糠论文 表2,MISSING_IN_TARGET__IMPUTED_906_TRAINING_MEDIAN,REPORTED_INITIAL_BW__NOT_DMI_BACKCALCULATION,RETROSPECTIVE_PRE_FN_UN_LAB_INFORMATION,TARGET_DM_CP_N_HARMONIZED_AND_CHEMISTRY_CROSSCHECKED,0.0
REALV6R_0123,Rice bran::RealV6_米糠_sample1,Rice bran,米糠,1,3,growing,30.0,0.52638,15.113249999999995,15.113249999999995,1.926869872881358,2.588578124999997,10.597802002118641,4.515447997881355,28.711672175994522,0.017546,0.5037749999999999,17.944795109996576,3.123218967285991,21.007637068277667,3.738743873247463,7.728257152627379,,87.73,15.74,17.94141114783996,0.0033839621566151834,CONSISTENT,30.0±1.5 kg,15.0,江西南昌（益海嘉里金龙鱼粮油食品股份有限公司）,米糠论文 表2,MISSING_IN_TARGET__IMPUTED_906_TRAINING_MEDIAN,REPORTED_INITIAL_BW__NOT_DMI_BACKCALCULATION,RETROSPECTIVE_PRE_FN_UN_LAB_INFORMATION,TARGET_DM_CP_N_HARMONIZED_AND_CHEMISTRY_CROSSCHECKED,0.0
REALV6R_0124,Rice bran::RealV6_米糠_sample1,Rice bran,米糠,1,4,growing,30.0,0.52638,15.113249999999995,15.113249999999995,1.813960775674979,2.387240625,10.912048599325017,4.201201400674979,28.711672175994522,0.017546,0.5037749999999999,17.944795109996576,3.123218967285991,21.007637068277667,3.738743873247463,7.728257152627379,,87.73,15.74,17.94141114783996,0.0033839621566151834,CONSISTENT,30.0±1.5 kg,15.0,江西南昌（益海嘉里金龙鱼粮油食品股份有限公司）,米糠论文 表2,MISSING_IN_TARGET__IMPUTED_906_TRAINING_MEDIAN,REPORTED_INITIAL_BW__NOT_DMI_BACKCALCULATION,RETROSPECTIVE_PRE_FN_UN_LAB_INFORMATION,TARGET_DM_CP_N_HARMONIZED_AND_CHEMISTRY_CROSSCHECKED,0.0
REALV6R_0125,Rice bran::RealV6_米糠_sample1,Rice bran,米糠,1,5,growing,30.0,0.52638,15.113249999999995,15.113249999999995,1.872311498311626,1.6116,11.62933850168837,3.4839114983116257,28.711672175994522,0.017546,0.5037749999999999,17.944795109996576,3.123218967285991,21.007637068277667,3.738743873247463,7.728257152627379,,87.73,15.74,17.94141114783996,0.0033839621566151834,CONSISTENT,30.0±1.5 kg,15.0,江西南昌（益海嘉里金龙鱼粮油食品股份有限公司）,米糠论文 表2,MISSING_IN_TARGET__IMPUTED_906_TRAINING_MEDIAN,REPORTED_INITIAL_BW__NOT_DMI_BACKCALCULATION,RETROSPECTIVE_PRE_FN_UN_LAB_INFORMATION,TARGET_DM_CP_N_HARMONIZED_AND_CHEMISTRY_CROSSCHECKED,0.0
REALV6R_0126,Rice bran::RealV6_米糠_sample1,Rice bran,米糠,1,6,growing,30.0,0.52638,15.113249999999995,15.113249999999995,1.927049736023333,3.342643749999993,9.843556513976669,5.269693486023326,28.711672175994522,0.017546,0.5037749999999999,17.944795109996576,3.123218967285991,21.007637068277667,3.738743873247463,7.728257152627379,,87.73,15.74,17.94141114783996,0.0033839621566151834,CONSISTENT,30.0±1.5 kg,15.0,江西南昌（益海嘉里金龙鱼粮油食品股份有限公司）,米糠论文 表2,MISSING_IN_TARGET__IMPUTED_906_TRAINING_MEDIAN,REPORTED_INITIAL_BW__NOT_DMI_BACKCALCULATION,RETROSPECTIVE_PRE_FN_UN_LAB_INFORMATION,TARGET_DM_CP_N_HARMONIZED_AND_CHEMISTRY_CROSSCHECKED,0.0
REALV6R_0127,Rice bran::RealV6_米糠_sample2,Rice bran,米糠,2,1,growing,30.0,0.52698,15.086250000000001,15.086250000000001,1.998215318146352,4.0892875,8.998747181853648,6.087502818146352,28.62774678355915,0.017566000000000002,0.5028750000000001,17.89234173972447,1.8672435386542183,19.09370374587271,3.210748035978595,7.753614937948309,,87.83,15.71,17.886826824547423,0.005514915177045054,CONSISTENT,30.0±1.5 kg,15.0,黑龙江哈尔滨（天博牧业有限公司）,米糠论文 表2,MISSING_IN_TARGET__IMPUTED_906_TRAINING_MEDIAN,REPORTED_INITIAL_BW__NOT_DMI_BACKCALCULATION,RETROSPECTIVE_PRE_FN_UN_LAB_INFORMATION,TARGET_DM_CP_N_HARMONIZED_AND_CHEMISTRY_CROSSCHECKED,0.0
REALV6R_0128,Rice bran::RealV6_米糠_sample2,Rice bran,米糠,2,2,growing,30.0,0.52698,15.086250000000001,15.086250000000001,2.109106133502908,3.697659375,9.279484491497094,5.806765508502908,28.62774678355915,0.017566000000000002,0.5028750000000001,17.89234173972447,1.8672435386542183,19.09370374587271,3.210748035978595,7.753614937948309,,87.83,15.71,17.886826824547423,0.005514915177045054,CONSISTENT,30.0±1.5 kg,15.0,黑龙江哈尔滨（天博牧业有限公司）,米糠论文 表2,MISSING_IN_TARGET__IMPUTED_906_TRAINING_MEDIAN,REPORTED_INITIAL_BW__NOT_DMI_BACKCALCULATION,RETROSPECTIVE_PRE_FN_UN_LAB_INFORMATION,TARGET_DM_CP_N_HARMONIZED_AND_CHEMISTRY_CROSSCHECKED,0.0
REALV6R_0129,Rice bran::RealV6_米糠_sample2,Rice bran,米糠,2,3,growing,30.0,0.52698,15.086250000000001,15.086250000000001,2.312482503707365,3.133599375,9.640168121292636,5.446081878707365,28.62774678355915,0.017566000000000002,0.5028750000000001,17.89234173972447,1.8672435386542183,19.09370374587271,3.210748035978595,7.753614937948309,,87.83,15.71,17.886826824547423,0.005514915177045054,CONSISTENT,30.0±1.5 kg,15.0,黑龙江哈尔滨（天博牧业有限公司）,米糠论文 表2,MISSING_IN_TARGET__IMPUTED_906_TRAINING_MEDIAN,REPORTED_INITIAL_BW__NOT_DMI_BACKCALCULATION,RETROSPECTIVE_PRE_FN_UN_LAB_INFORMATION,TARGET_DM_CP_N_HARMONIZED_AND_CHEMISTRY_CROSSCHECKED,0.0
REALV6R_0130,Rice bran::RealV6_米糠_sample2,Rice bran,米糠,2,4,growing,30.0,0.52698,15.086250000000001,15.086250000000001,1.873000980673616,2.946171875,10.267077144326386,4.819172855673616,28.62774678355915,0.017566000000000002,0.5028750000000001,17.89234173972447,1.8672435386542183,19.09370374587271,3.210748035978595,7.753614937948309,,87.83,15.71,17.886826824547423,0.005514915177045054,CONSISTENT,30.0±1.5 kg,15.0,黑龙江哈尔滨（天博牧业有限公司）,米糠论文 表2,MISSING_IN_TARGET__IMPUTED_906_TRAINING_MEDIAN,REPORTED_INITIAL_BW__NOT_DMI_BACKCALCULATION,RETROSPECTIVE_PRE_FN_UN_LAB_INFORMATION,TARGET_DM_CP_N_HARMONIZED_AND_CHEMISTRY_CROSSCHECKED,0.0
REALV6R_0131,Rice bran::RealV6_米糠_sample2,Rice bran,米糠,2,5,growing,30.0,0.52698,15.086250000000001,15.086250000000001,1.714159840108585,4.30888,9.063210159891415,6.023039840108585,28.62774678355915,0.017566000000000002,0.5028750000000001,17.89234173972447,1.8672435386542183,19.09370374587271,3.210748035978595,7.753614937948309,,87.83,15.71,17.886826824547423,0.005514915177045054,CONSISTENT,30.0±1.5 kg,15.0,黑龙江哈尔滨（天博牧业有限公司）,米糠论文 表2,MISSING_IN_TARGET__IMPUTED_906_TRAINING_MEDIAN,REPORTED_INITIAL_BW__NOT_DMI_BACKCALCULATION,RETROSPECTIVE_PRE_FN_UN_LAB_INFORMATION,TARGET_DM_CP_N_HARMONIZED_AND_CHEMISTRY_CROSSCHECKED,1.7763568394002505e-15
REALV6R_0132,Rice bran::RealV6_米糠_sample2,Rice bran,米糠,2,6,growing,30.0,0.52698,15.086250000000001,15.086250000000001,2.373687400124069,4.580874375,8.131688224875933,6.954561775124068,28.62774678355915,0.017566000000000002,0.5028750000000001,17.89234173972447,1.8672435386542183,19.09370374587271,3.210748035978595,7.753614937948309,,87.83,15.71,17.886826824547423,0.005514915177045054,CONSISTENT,30.0±1.5 kg,15.0,黑龙江哈尔滨（天博牧业有限公司）,米糠论文 表2,MISSING_IN_TARGET__IMPUTED_906_TRAINING_MEDIAN,REPORTED_INITIAL_BW__NOT_DMI_BACKCALCULATION,RETROSPECTIVE_PRE_FN_UN_LAB_INFORMATION,TARGET_DM_CP_N_HARMONIZED_AND_CHEMISTRY_CROSSCHECKED,0.0
REALV6R_0133,Rice bran::RealV6_米糠_sample3,Rice bran,米糠,3,1,growing,30.0,0.6129199999999999,18.037249999999997,18.037249999999997,2.274564715525443,5.555752500000001,10.206932784474553,7.830317215525445,29.428391959798994,0.020430666666666663,0.6012416666666666,18.392744974874372,1.8387391502969392,20.0776610324349,5.070808588396528,7.800365463682046,,87.56,16.1,18.387391502969393,0.005353471904978591,CONSISTENT,30.0±1.5 kg,17.5,广东佛山（海大集团股份有限公司）,米糠论文 表2,MISSING_IN_TARGET__IMPUTED_906_TRAINING_MEDIAN,REPORTED_INITIAL_BW__NOT_DMI_BACKCALCULATION,RETROSPECTIVE_PRE_FN_UN_LAB_INFORMATION,TARGET_DM_CP_N_HARMONIZED_AND_CHEMISTRY_CROSSCHECKED,0.0
REALV6R_0134,Rice bran::RealV6_米糠_sample3,Rice bran,米糠,3,2,growing,30.0,0.6129199999999999,18.037249999999997,18.037249999999997,2.027737287398759,5.516590625,10.492922087601237,7.544327912398759,29.428391959798994,0.020430666666666663,0.6012416666666666,18.392744974874372,1.8387391502969392,20.0776610324349,5.070808588396528,7.800365463682046,,87.56,16.1,18.387391502969393,0.005353471904978591,CONSISTENT,30.0±1.5 kg,17.5,广东佛山（海大集团股份有限公司）,米糠论文 表2,MISSING_IN_TARGET__IMPUTED_906_TRAINING_MEDIAN,REPORTED_INITIAL_BW__NOT_DMI_BACKCALCULATION,RETROSPECTIVE_PRE_FN_UN_LAB_INFORMATION,TARGET_DM_CP_N_HARMONIZED_AND_CHEMISTRY_CROSSCHECKED,0.0
REALV6R_0135,Rice bran::RealV6_米糠_sample3,Rice bran,米糠,3,3,growing,30.0,0.6129199999999999,18.037249999999997,18.037249999999997,2.143549838376228,5.732049375,10.161650786623769,7.875599213376228,29.428391959798994,0.020430666666666663,0.6012416666666666,18.392744974874372,1.8387391502969392,20.0776610324349,5.070808588396528,7.800365463682046,,87.56,16.1,18.387391502969393,0.005353471904978591,CONSISTENT,30.0±1.5 kg,17.5,广东佛山（海大集团股份有限公司）,米糠论文 表2,MISSING_IN_TARGET__IMPUTED_906_TRAINING_MEDIAN,REPORTED_INITIAL_BW__NOT_DMI_BACKCALCULATION,RETROSPECTIVE_PRE_FN_UN_LAB_INFORMATION,TARGET_DM_CP_N_HARMONIZED_AND_CHEMISTRY_CROSSCHECKED,1.7763568394002505e-15
REALV6R_0136,Rice bran::RealV6_米糠_sample3,Rice bran,米糠,3,4,growing,30.0,0.6129199999999999,18.037249999999997,18.037249999999997,2.089012242635878,5.626906875,10.32133088236412,7.715919117635878,29.428391959798994,0.020430666666666663,0.6012416666666666,18.392744974874372,1.8387391502969392,20.0776610324349,5.070808588396528,7.800365463682046,,87.56,16.1,18.387391502969393,0.005353471904978591,CONSISTENT,30.0±1.5 kg,17.5,广东佛山（海大集团股份有限公司）,米糠论文 表2,MISSING_IN_TARGET__IMPUTED_906_TRAINING_MEDIAN,REPORTED_INITIAL_BW__NOT_DMI_BACKCALCULATION,RETROSPECTIVE_PRE_FN_UN_LAB_INFORMATION,TARGET_DM_CP_N_HARMONIZED_AND_CHEMISTRY_CROSSCHECKED,0.0
REALV6R_0137,Rice bran::RealV6_米糠_sample3,Rice bran,米糠,3,5,growing,30.0,0.6129199999999999,18.037249999999997,18.037249999999997,2.082096971805615,4.8231,11.132053028194381,6.905196971805616,29.428391959798994,0.020430666666666663,0.6012416666666666,18.392744974874372,1.8387391502969392,20.0776610324349,5.070808588396528,7.800365463682046,,87.56,16.1,18.387391502969393,0.005353471904978591,CONSISTENT,30.0±1.5 kg,17.5,广东佛山（海大集团股份有限公司）,米糠论文 表2,MISSING_IN_TARGET__IMPUTED_906_TRAINING_MEDIAN,REPORTED_INITIAL_BW__NOT_DMI_BACKCALCULATION,RETROSPECTIVE_PRE_FN_UN_LAB_INFORMATION,TARGET_DM_CP_N_HARMONIZED_AND_CHEMISTRY_CROSSCHECKED,0.0
REALV6R_0138,Rice bran::RealV6_米糠_sample3,Rice bran,米糠,3,6,growing,30.0,0.6129199999999999,18.037249999999997,18.037249999999997,2.308718829530203,5.545403749999999,10.183127420469795,7.854122579530202,29.428391959798994,0.020430666666666663,0.6012416666666666,18.392744974874372,1.8387391502969392,20.0776610324349,5.070808588396528,7.800365463682046,,87.56,16.1,18.387391502969393,0.005353471904978591,CONSISTENT,30.0±1.5 kg,17.5,广东佛山（海大集团股份有限公司）,米糠论文 表2,MISSING_IN_TARGET__IMPUTED_906_TRAINING_MEDIAN,REPORTED_INITIAL_BW__NOT_DMI_BACKCALCULATION,RETROSPECTIVE_PRE_FN_UN_LAB_INFORMATION,TARGET_DM_CP_N_HARMONIZED_AND_CHEMISTRY_CROSSCHECKED,0.0
REALV6R_0139,Rice bran::RealV6_米糠_sample4,Rice bran,米糠,4,1,growing,30.0,0.5826065,17.9433625,17.9433625,2.610037504947712,3.6920325,11.641292495052287,6.302070004947712,30.798424837347333,0.019420216666666667,0.5981120833333333,19.249015523342084,4.177605296199064,18.913366054103413,4.976600844652437,6.83711905033672,,87.61,16.86,19.244378495605524,0.004637027736560384,CONSISTENT,30.0±1.5 kg,16.625,广东肇庆（温氏食品集团股份有限公司）,米糠论文 表2,MISSING_IN_TARGET__IMPUTED_906_TRAINING_MEDIAN,REPORTED_INITIAL_BW__NOT_DMI_BACKCALCULATION,RETROSPECTIVE_PRE_FN_UN_LAB_INFORMATION,TARGET_DM_CP_N_HARMONIZED_AND_CHEMISTRY_CROSSCHECKED,0.0
REALV6R_0140,Rice bran::RealV6_米糠_sample4,Rice bran,米糠,4,2,growing,30.0,0.551943,16.998974999999998,16.998974999999998,2.19786195854934,5.372840833333329,9.42827220811733,7.570702791882669,30.798424837347333,0.018398099999999997,0.5666325,19.249015523342084,4.177605296199064,18.913366054103413,4.976600844652437,6.83711905033672,,87.61,16.86,19.244378495605524,0.004637027736560384,CONSISTENT,30.0±1.5 kg,15.75,广东肇庆（温氏食品集团股份有限公司）,米糠论文 表2,MISSING_IN_TARGET__IMPUTED_906_TRAINING_MEDIAN,REPORTED_INITIAL_BW__NOT_DMI_BACKCALCULATION,RETROSPECTIVE_PRE_FN_UN_LAB_INFORMATION,TARGET_DM_CP_N_HARMONIZED_AND_CHEMISTRY_CROSSCHECKED,1.7763568394002505e-15
REALV6R_0141,Rice bran::RealV6_米糠_sample4,Rice bran,米糠,4,3,growing,30.0,0.551943,16.998974999999998,16.998974999999998,2.401010929133858,2.238858333333329,12.359105737532811,4.639869262467187,30.798424837347333,0.018398099999999997,0.5666325,19.249015523342084,4.177605296199064,18.913366054103413,4.976600844652437,6.83711905033672,,87.61,16.86,19.244378495605524,0.004637027736560384,CONSISTENT,30.0±1.5 kg,15.75,广东肇庆（温氏食品集团股份有限公司）,米糠论文 表2,MISSING_IN_TARGET__IMPUTED_906_TRAINING_MEDIAN,REPORTED_INITIAL_BW__NOT_DMI_BACKCALCULATION,RETROSPECTIVE_PRE_FN_UN_LAB_INFORMATION,TARGET_DM_CP_N_HARMONIZED_AND_CHEMISTRY_CROSSCHECKED,0.0
REALV6R_0142,Rice bran::RealV6_米糠_sample4,Rice bran,米糠,4,4,growing,30.0,0.52566,16.1895,16.1895,2.054528109909045,3.29461,10.840361890090954,5.349138109909045,30.798424837347333,0.017522,0.53965,19.249015523342084,4.177605296199064,18.913366054103413,4.976600844652437,6.83711905033672,,87.61,16.86,19.244378495605524,0.004637027736560384,CONSISTENT,30.0±1.5 kg,15.0,广东肇庆（温氏食品集团股份有限公司）,米糠论文 表2,MISSING_IN_TARGET__IMPUTED_906_TRAINING_MEDIAN,REPORTED_INITIAL_BW__NOT_DMI_BACKCALCULATION,RETROSPECTIVE_PRE_FN_UN_LAB_INFORMATION,TARGET_DM_CP_N_HARMONIZED_AND_CHEMISTRY_CROSSCHECKED,0.0
REALV6R_0143,Rice bran::RealV6_米糠_sample4,Rice bran,米糠,4,5,growing,30.0,0.52566,16.1895,16.1895,2.244258005280628,4.241282499999996,9.703959494719374,6.485540505280624,30.798424837347333,0.017522,0.53965,19.249015523342084,4.177605296199064,18.913366054103413,4.976600844652437,6.83711905033672,,87.61,16.86,19.244378495605524,0.004637027736560384,CONSISTENT,30.0±1.5 kg,15.0,广东肇庆（温氏食品集团股份有限公司）,米糠论文 表2,MISSING_IN_TARGET__IMPUTED_906_TRAINING_MEDIAN,REPORTED_INITIAL_BW__NOT_DMI_BACKCALCULATION,RETROSPECTIVE_PRE_FN_UN_LAB_INFORMATION,TARGET_DM_CP_N_HARMONIZED_AND_CHEMISTRY_CROSSCHECKED,0.0
REALV6R_0144,Rice bran::RealV6_米糠_sample4,Rice bran,米糠,4,6,growing,30.0,0.5826065,17.9433625,17.9433625,2.652810259019591,5.016427499999995,10.274124740980412,7.669237759019587,30.798424837347333,0.019420216666666667,0.5981120833333333,19.249015523342084,4.177605296199064,18.913366054103413,4.976600844652437,6.83711905033672,,87.61,16.86,19.244378495605524,0.004637027736560384,CONSISTENT,30.0±1.5 kg,16.625,广东肇庆（温氏食品集团股份有限公司）,米糠论文 表2,MISSING_IN_TARGET__IMPUTED_906_TRAINING_MEDIAN,REPORTED_INITIAL_BW__NOT_DMI_BACKCALCULATION,RETROSPECTIVE_PRE_FN_UN_LAB_INFORMATION,TARGET_DM_CP_N_HARMONIZED_AND_CHEMISTRY_CROSSCHECKED,0.0
REALV6R_0145,Rice bran::RealV6_米糠_sample5,Rice bran,米糠,5,1,growing,30.0,0.5244,15.494999999999997,15.494999999999997,2.302433780744219,4.43510916666667,8.757457052589109,6.737542947410889,29.548054919908463,0.01748,0.5165,18.46753432494279,6.647597254004576,17.929061784897023,4.702517162471396,7.151029748283752,,87.4,16.14,18.466819221967963,0.0007151029748264648,CONSISTENT,30.0±1.5 kg,15.0,江西宜春（九鼎集团有限公司）,米糠论文 表2,MISSING_IN_TARGET__IMPUTED_906_TRAINING_MEDIAN,REPORTED_INITIAL_BW__NOT_DMI_BACKCALCULATION,RETROSPECTIVE_PRE_FN_UN_LAB_INFORMATION,TARGET_DM_CP_N_HARMONIZED_AND_CHEMISTRY_CROSSCHECKED,0.0
REALV6R_0146,Rice bran::RealV6_米糠_sample5,Rice bran,米糠,5,2,growing,30.0,0.5244,15.494999999999997,15.494999999999997,2.421095335997994,6.335495833333336,6.738408830668668,8.75659116933133,29.548054919908463,0.01748,0.5165,18.46753432494279,6.647597254004576,17.929061784897023,4.702517162471396,7.151029748283752,,87.4,16.14,18.466819221967963,0.0007151029748264648,CONSISTENT,30.0±1.5 kg,15.0,江西宜春（九鼎集团有限公司）,米糠论文 表2,MISSING_IN_TARGET__IMPUTED_906_TRAINING_MEDIAN,REPORTED_INITIAL_BW__NOT_DMI_BACKCALCULATION,RETROSPECTIVE_PRE_FN_UN_LAB_INFORMATION,TARGET_DM_CP_N_HARMONIZED_AND_CHEMISTRY_CROSSCHECKED,0.0
REALV6R_0147,Rice bran::RealV6_米糠_sample5,Rice bran,米糠,5,3,growing,30.0,0.5244,15.494999999999997,15.494999999999997,2.842307736658985,6.878685000000001,5.774007263341012,9.720992736658985,29.548054919908463,0.01748,0.5165,18.46753432494279,6.647597254004576,17.929061784897023,4.702517162471396,7.151029748283752,,87.4,16.14,18.466819221967963,0.0007151029748264648,CONSISTENT,30.0±1.5 kg,15.0,江西宜春（九鼎集团有限公司）,米糠论文 表2,MISSING_IN_TARGET__IMPUTED_906_TRAINING_MEDIAN,REPORTED_INITIAL_BW__NOT_DMI_BACKCALCULATION,RETROSPECTIVE_PRE_FN_UN_LAB_INFORMATION,TARGET_DM_CP_N_HARMONIZED_AND_CHEMISTRY_CROSSCHECKED,0.0
REALV6R_0148,Rice bran::RealV6_米糠_sample5,Rice bran,米糠,5,4,growing,30.0,0.5244,15.494999999999997,15.494999999999997,2.35655619756284,7.747875833333339,5.390567969103818,10.104432030896179,29.548054919908463,0.01748,0.5165,18.46753432494279,6.647597254004576,17.929061784897023,4.702517162471396,7.151029748283752,,87.4,16.14,18.466819221967963,0.0007151029748264648,CONSISTENT,30.0±1.5 kg,15.0,江西宜春（九鼎集团有限公司）,米糠论文 表2,MISSING_IN_TARGET__IMPUTED_906_TRAINING_MEDIAN,REPORTED_INITIAL_BW__NOT_DMI_BACKCALCULATION,RETROSPECTIVE_PRE_FN_UN_LAB_INFORMATION,TARGET_DM_CP_N_HARMONIZED_AND_CHEMISTRY_CROSSCHECKED,0.0
REALV6R_0149,Rice bran::RealV6_米糠_sample5,Rice bran,米糠,5,5,growing,30.0,0.5244,15.494999999999997,15.494999999999997,2.5341470587333,7.159063333333337,5.801789607933362,9.693210392066636,29.548054919908463,0.01748,0.5165,18.46753432494279,6.647597254004576,17.929061784897023,4.702517162471396,7.151029748283752,,87.4,16.14,18.466819221967963,0.0007151029748264648,CONSISTENT,30.0±1.5 kg,15.0,江西宜春（九鼎集团有限公司）,米糠论文 表2,MISSING_IN_TARGET__IMPUTED_906_TRAINING_MEDIAN,REPORTED_INITIAL_BW__NOT_DMI_BACKCALCULATION,RETROSPECTIVE_PRE_FN_UN_LAB_INFORMATION,TARGET_DM_CP_N_HARMONIZED_AND_CHEMISTRY_CROSSCHECKED,-8.881784197001252e-16
REALV6R_0150,Rice bran::RealV6_米糠_sample5,Rice bran,米糠,5,6,growing,30.0,0.5244,15.494999999999997,15.494999999999997,2.892113042371516,6.462610000000001,6.1402769576284815,9.354723042371516,29.548054919908463,0.01748,0.5165,18.46753432494279,6.647597254004576,17.929061784897023,4.702517162471396,7.151029748283752,,87.4,16.14,18.466819221967963,0.0007151029748264648,CONSISTENT,30.0±1.5 kg,15.0,江西宜春（九鼎集团有限公司）,米糠论文 表2,MISSING_IN_TARGET__IMPUTED_906_TRAINING_MEDIAN,REPORTED_INITIAL_BW__NOT_DMI_BACKCALCULATION,RETROSPECTIVE_PRE_FN_UN_LAB_INFORMATION,TARGET_DM_CP_N_HARMONIZED_AND_CHEMISTRY_CROSSCHECKED,-8.881784197001252e-16
REALV6R_0151,Rice bran::RealV6_米糠_sample6,Rice bran,米糠,6,1,growing,30.0,0.7016,21.662,21.662,2.449379331334574,4.730267500000004,14.482353168665421,7.179646831334578,30.875142531356897,0.023386666666666667,0.7220666666666666,19.29696408209806,2.6567844925883697,21.641961231470923,5.952109464082098,7.605473204104903,,87.7,16.92,19.293044469783354,0.003919612314707166,CONSISTENT,30.0±1.5 kg,20.0,山东日照（新希望六和集团有限公司）,米糠论文 表2,MISSING_IN_TARGET__IMPUTED_906_TRAINING_MEDIAN,REPORTED_INITIAL_BW__NOT_DMI_BACKCALCULATION,RETROSPECTIVE_PRE_FN_UN_LAB_INFORMATION,TARGET_DM_CP_N_HARMONIZED_AND_CHEMISTRY_CROSSCHECKED,1.7763568394002505e-15
REALV6R_0152,Rice bran::RealV6_米糠_sample6,Rice bran,米糠,6,2,growing,30.0,0.7016,21.662,21.662,2.656657394720095,6.173105833333329,12.832236771946576,8.829763228053423,30.875142531356897,0.023386666666666667,0.7220666666666666,19.29696408209806,2.6567844925883697,21.641961231470923,5.952109464082098,7.605473204104903,,87.7,16.92,19.293044469783354,0.003919612314707166,CONSISTENT,30.0±1.5 kg,20.0,山东日照（新希望六和集团有限公司）,米糠论文 表2,MISSING_IN_TARGET__IMPUTED_906_TRAINING_MEDIAN,REPORTED_INITIAL_BW__NOT_DMI_BACKCALCULATION,RETROSPECTIVE_PRE_FN_UN_LAB_INFORMATION,TARGET_DM_CP_N_HARMONIZED_AND_CHEMISTRY_CROSSCHECKED,-1.7763568394002505e-15
REALV6R_0153,Rice bran::RealV6_米糠_sample6,Rice bran,米糠,6,3,growing,30.0,0.7016,21.662,21.662,2.902789078492339,8.158419166666656,10.600791754841005,11.061208245158994,30.875142531356897,0.023386666666666667,0.7220666666666666,19.29696408209806,2.6567844925883697,21.641961231470923,5.952109464082098,7.605473204104903,,87.7,16.92,19.293044469783354,0.003919612314707166,CONSISTENT,30.0±1.5 kg,20.0,山东日照（新希望六和集团有限公司）,米糠论文 表2,MISSING_IN_TARGET__IMPUTED_906_TRAINING_MEDIAN,REPORTED_INITIAL_BW__NOT_DMI_BACKCALCULATION,RETROSPECTIVE_PRE_FN_UN_LAB_INFORMATION,TARGET_DM_CP_N_HARMONIZED_AND_CHEMISTRY_CROSSCHECKED,-1.7763568394002505e-15
REALV6R_0154,Rice bran::RealV6_米糠_sample6,Rice bran,米糠,6,4,growing,30.0,0.7016,21.662,21.662,2.324415810734467,6.589808333333329,12.747775855932204,8.914224144067795,30.875142531356897,0.023386666666666667,0.7220666666666666,19.29696408209806,2.6567844925883697,21.641961231470923,5.952109464082098,7.605473204104903,,87.7,16.92,19.293044469783354,0.003919612314707166,CONSISTENT,30.0±1.5 kg,20.0,山东日照（新希望六和集团有限公司）,米糠论文 表2,MISSING_IN_TARGET__IMPUTED_906_TRAINING_MEDIAN,REPORTED_INITIAL_BW__NOT_DMI_BACKCALCULATION,RETROSPECTIVE_PRE_FN_UN_LAB_INFORMATION,TARGET_DM_CP_N_HARMONIZED_AND_CHEMISTRY_CROSSCHECKED,-1.7763568394002505e-15
REALV6R_0155,Rice bran::RealV6_米糠_sample6,Rice bran,米糠,6,5,growing,30.0,0.7016,21.662,21.662,2.804199703073774,3.945650000000002,14.912150296926223,6.749849703073776,30.875142531356897,0.023386666666666667,0.7220666666666666,19.29696408209806,2.6567844925883697,21.641961231470923,5.952109464082098,7.605473204104903,,87.7,16.92,19.293044469783354,0.003919612314707166,CONSISTENT,30.0±1.5 kg,20.0,山东日照（新希望六和集团有限公司）,米糠论文 表2,MISSING_IN_TARGET__IMPUTED_906_TRAINING_MEDIAN,REPORTED_INITIAL_BW__NOT_DMI_BACKCALCULATION,RETROSPECTIVE_PRE_FN_UN_LAB_INFORMATION,TARGET_DM_CP_N_HARMONIZED_AND_CHEMISTRY_CROSSCHECKED,0.0
REALV6R_0156,Rice bran::RealV6_米糠_sample6,Rice bran,米糠,6,6,growing,30.0,0.7016,21.662,21.662,2.724215390237981,2.441215,16.49656960976202,5.165430390237981,30.875142531356897,0.023386666666666667,0.7220666666666666,19.29696408209806,2.6567844925883697,21.641961231470923,5.952109464082098,7.605473204104903,,87.7,16.92,19.293044469783354,0.003919612314707166,CONSISTENT,30.0±1.5 kg,20.0,山东日照（新希望六和集团有限公司）,米糠论文 表2,MISSING_IN_TARGET__IMPUTED_906_TRAINING_MEDIAN,REPORTED_INITIAL_BW__NOT_DMI_BACKCALCULATION,RETROSPECTIVE_PRE_FN_UN_LAB_INFORMATION,TARGET_DM_CP_N_HARMONIZED_AND_CHEMISTRY_CROSSCHECKED,0.0
REALV6R_0157,Rice bran::RealV6_米糠_sample7,Rice bran,米糠,7,1,growing,30.0,0.78903,21.157875,21.157875,2.754321140922297,3.425435500000003,14.978118359077701,6.1797566409222995,26.81504505532109,0.026301,0.7052625,16.75940315957568,3.2280141439488994,19.83574769020189,2.9656667046880347,7.163225732861869,,87.67,14.69,16.756016881487394,0.0033862780882856214,CONSISTENT,30.0±1.5 kg,22.5,湖南株洲（唐人神集团股份有限公司）,米糠论文 表2,MISSING_IN_TARGET__IMPUTED_906_TRAINING_MEDIAN,REPORTED_INITIAL_BW__NOT_DMI_BACKCALCULATION,RETROSPECTIVE_PRE_FN_UN_LAB_INFORMATION,TARGET_DM_CP_N_HARMONIZED_AND_CHEMISTRY_CROSSCHECKED,0.0
REALV6R_0158,Rice bran::RealV6_米糠_sample7,Rice bran,米糠,7,2,growing,30.0,0.78903,21.157875,21.157875,2.581456924719106,6.4570605,12.119357575280894,9.038517424719107,26.81504505532109,0.026301,0.7052625,16.75940315957568,3.2280141439488994,19.83574769020189,2.9656667046880347,7.163225732861869,,87.67,14.69,16.756016881487394,0.0033862780882856214,CONSISTENT,30.0±1.5 kg,22.5,湖南株洲（唐人神集团股份有限公司）,米糠论文 表2,MISSING_IN_TARGET__IMPUTED_906_TRAINING_MEDIAN,REPORTED_INITIAL_BW__NOT_DMI_BACKCALCULATION,RETROSPECTIVE_PRE_FN_UN_LAB_INFORMATION,TARGET_DM_CP_N_HARMONIZED_AND_CHEMISTRY_CROSSCHECKED,0.0
REALV6R_0159,Rice bran::RealV6_米糠_sample7,Rice bran,米糠,7,3,growing,30.0,0.78903,21.157875,21.157875,3.427821663761262,8.054812999999992,9.675240336238746,11.482634663761255,26.81504505532109,0.026301,0.7052625,16.75940315957568,3.2280141439488994,19.83574769020189,2.9656667046880347,7.163225732861869,,87.67,14.69,16.756016881487394,0.0033862780882856214,CONSISTENT,30.0±1.5 kg,22.5,湖南株洲（唐人神集团股份有限公司）,米糠论文 表2,MISSING_IN_TARGET__IMPUTED_906_TRAINING_MEDIAN,REPORTED_INITIAL_BW__NOT_DMI_BACKCALCULATION,RETROSPECTIVE_PRE_FN_UN_LAB_INFORMATION,TARGET_DM_CP_N_HARMONIZED_AND_CHEMISTRY_CROSSCHECKED,1.7763568394002505e-15
REALV6R_0160,Rice bran::RealV6_米糠_sample7,Rice bran,米糠,7,4,growing,30.0,0.78903,21.157875,21.157875,2.221184697482482,6.372978499999999,12.563711802517519,8.594163197482482,26.81504505532109,0.026301,0.7052625,16.75940315957568,3.2280141439488994,19.83574769020189,2.9656667046880347,7.163225732861869,,87.67,14.69,16.756016881487394,0.0033862780882856214,CONSISTENT,30.0±1.5 kg,22.5,湖南株洲（唐人神集团股份有限公司）,米糠论文 表2,MISSING_IN_TARGET__IMPUTED_906_TRAINING_MEDIAN,REPORTED_INITIAL_BW__NOT_DMI_BACKCALCULATION,RETROSPECTIVE_PRE_FN_UN_LAB_INFORMATION,TARGET_DM_CP_N_HARMONIZED_AND_CHEMISTRY_CROSSCHECKED,1.7763568394002505e-15
REALV6R_0161,Rice bran::RealV6_米糠_sample7,Rice bran,米糠,7,5,growing,30.0,0.78903,21.157875,21.157875,2.546648433008092,2.376753,16.23447356699191,4.923401433008092,26.81504505532109,0.026301,0.7052625,16.75940315957568,3.2280141439488994,19.83574769020189,2.9656667046880347,7.163225732861869,,87.67,14.69,16.756016881487394,0.0033862780882856214,CONSISTENT,30.0±1.5 kg,22.5,湖南株洲（唐人神集团股份有限公司）,米糠论文 表2,MISSING_IN_TARGET__IMPUTED_906_TRAINING_MEDIAN,REPORTED_INITIAL_BW__NOT_DMI_BACKCALCULATION,RETROSPECTIVE_PRE_FN_UN_LAB_INFORMATION,TARGET_DM_CP_N_HARMONIZED_AND_CHEMISTRY_CROSSCHECKED,0.0
REALV6R_0162,Rice bran::RealV6_米糠_sample7,Rice bran,米糠,7,6,growing,30.0,0.78903,21.157875,21.157875,3.025470999769378,3.668679,14.463725000230623,6.694149999769378,26.81504505532109,0.026301,0.7052625,16.75940315957568,3.2280141439488994,19.83574769020189,2.9656667046880347,7.163225732861869,,87.67,14.69,16.756016881487394,0.0033862780882856214,CONSISTENT,30.0±1.5 kg,22.5,湖南株洲（唐人神集团股份有限公司）,米糠论文 表2,MISSING_IN_TARGET__IMPUTED_906_TRAINING_MEDIAN,REPORTED_INITIAL_BW__NOT_DMI_BACKCALCULATION,RETROSPECTIVE_PRE_FN_UN_LAB_INFORMATION,TARGET_DM_CP_N_HARMONIZED_AND_CHEMISTRY_CROSSCHECKED,-1.7763568394002505e-15
REALV6R_0163,Rice bran::RealV6_米糠_sample8,Rice bran,米糠,8,1,growing,30.0,0.8776,27.44875,27.44875,2.92082892325132,7.8909345,16.63698657674868,10.811763423251321,31.277062443026434,0.029253333333333336,0.9149583333333333,19.54816402689152,2.3017319963536917,18.77848678213309,4.968094804010939,7.987693710118505,,87.76,17.16,19.553327256153143,-0.005163229261622604,CONSISTENT,30.0±1.5 kg,25.0,湖南长沙（大北农科技集团有限公司）,米糠论文 表2,MISSING_IN_TARGET__IMPUTED_906_TRAINING_MEDIAN,REPORTED_INITIAL_BW__NOT_DMI_BACKCALCULATION,RETROSPECTIVE_PRE_FN_UN_LAB_INFORMATION,TARGET_DM_CP_N_HARMONIZED_AND_CHEMISTRY_CROSSCHECKED,0.0
REALV6R_0164,Rice bran::RealV6_米糠_sample8,Rice bran,米糠,8,2,growing,30.0,0.8776,27.44875,27.44875,2.98135875091751,5.629346499999994,18.838044749082496,8.610705250917505,31.277062443026434,0.029253333333333336,0.9149583333333333,19.54816402689152,2.3017319963536917,18.77848678213309,4.968094804010939,7.987693710118505,,87.76,17.16,19.553327256153143,-0.005163229261622604,CONSISTENT,30.0±1.5 kg,25.0,湖南长沙（大北农科技集团有限公司）,米糠论文 表2,MISSING_IN_TARGET__IMPUTED_906_TRAINING_MEDIAN,REPORTED_INITIAL_BW__NOT_DMI_BACKCALCULATION,RETROSPECTIVE_PRE_FN_UN_LAB_INFORMATION,TARGET_DM_CP_N_HARMONIZED_AND_CHEMISTRY_CROSSCHECKED,0.0
REALV6R_0165,Rice bran::RealV6_米糠_sample8,Rice bran,米糠,8,3,growing,30.0,0.8776,27.44875,27.44875,3.195721397235731,6.4293535,17.82367510276427,9.62507489723573,31.277062443026434,0.029253333333333336,0.9149583333333333,19.54816402689152,2.3017319963536917,18.77848678213309,4.968094804010939,7.987693710118505,,87.76,17.16,19.553327256153143,-0.005163229261622604,CONSISTENT,30.0±1.5 kg,25.0,湖南长沙（大北农科技集团有限公司）,米糠论文 表2,MISSING_IN_TARGET__IMPUTED_906_TRAINING_MEDIAN,REPORTED_INITIAL_BW__NOT_DMI_BACKCALCULATION,RETROSPECTIVE_PRE_FN_UN_LAB_INFORMATION,TARGET_DM_CP_N_HARMONIZED_AND_CHEMISTRY_CROSSCHECKED,0.0
REALV6R_0166,Rice bran::RealV6_米糠_sample8,Rice bran,米糠,8,4,growing,30.0,0.8776,27.44875,27.44875,2.646803846219394,6.922247499999999,17.879698653780608,9.569051346219393,31.277062443026434,0.029253333333333336,0.9149583333333333,19.54816402689152,2.3017319963536917,18.77848678213309,4.968094804010939,7.987693710118505,,87.76,17.16,19.553327256153143,-0.005163229261622604,CONSISTENT,30.0±1.5 kg,25.0,湖南长沙（大北农科技集团有限公司）,米糠论文 表2,MISSING_IN_TARGET__IMPUTED_906_TRAINING_MEDIAN,REPORTED_INITIAL_BW__NOT_DMI_BACKCALCULATION,RETROSPECTIVE_PRE_FN_UN_LAB_INFORMATION,TARGET_DM_CP_N_HARMONIZED_AND_CHEMISTRY_CROSSCHECKED,0.0
REALV6R_0167,Rice bran::RealV6_米糠_sample8,Rice bran,米糠,8,5,growing,30.0,0.8776,27.44875,27.44875,3.18010614434143,2.7103175,21.558326355658572,5.89042364434143,31.277062443026434,0.029253333333333336,0.9149583333333333,19.54816402689152,2.3017319963536917,18.77848678213309,4.968094804010939,7.987693710118505,,87.76,17.16,19.553327256153143,-0.005163229261622604,CONSISTENT,30.0±1.5 kg,25.0,湖南长沙（大北农科技集团有限公司）,米糠论文 表2,MISSING_IN_TARGET__IMPUTED_906_TRAINING_MEDIAN,REPORTED_INITIAL_BW__NOT_DMI_BACKCALCULATION,RETROSPECTIVE_PRE_FN_UN_LAB_INFORMATION,TARGET_DM_CP_N_HARMONIZED_AND_CHEMISTRY_CROSSCHECKED,0.0
REALV6R_0168,Rice bran::RealV6_米糠_sample8,Rice bran,米糠,8,6,growing,30.0,0.8776,27.44875,27.44875,2.952102088322138,5.27809933333333,19.21854857834453,8.230201421655469,31.277062443026434,0.029253333333333336,0.9149583333333333,19.54816402689152,2.3017319963536917,18.77848678213309,4.968094804010939,7.987693710118505,,87.76,17.16,19.553327256153143,-0.005163229261622604,CONSISTENT,30.0±1.5 kg,25.0,湖南长沙（大北农科技集团有限公司）,米糠论文 表2,MISSING_IN_TARGET__IMPUTED_906_TRAINING_MEDIAN,REPORTED_INITIAL_BW__NOT_DMI_BACKCALCULATION,RETROSPECTIVE_PRE_FN_UN_LAB_INFORMATION,TARGET_DM_CP_N_HARMONIZED_AND_CHEMISTRY_CROSSCHECKED,0.0
REALV6R_0169,Rice bran::RealV6_米糠_sample9,Rice bran,米糠,9,1,growing,30.0,0.8744,26.513749999999998,26.513749999999998,3.834501391057525,8.2599705,14.419278108942473,12.094471891057525,30.322220951509607,0.029146666666666664,0.8837916666666666,18.951388094693502,3.979871912168344,21.28316559926807,4.929094236047575,7.147758462946021,,87.44,16.57,18.95013723696249,0.0012508577310121893,CONSISTENT,30.0±1.5 kg,25.0,湖南长沙（国雄饲料有限公司）,米糠论文 表2,MISSING_IN_TARGET__IMPUTED_906_TRAINING_MEDIAN,REPORTED_INITIAL_BW__NOT_DMI_BACKCALCULATION,RETROSPECTIVE_PRE_FN_UN_LAB_INFORMATION,TARGET_DM_CP_N_HARMONIZED_AND_CHEMISTRY_CROSSCHECKED,0.0
REALV6R_0170,Rice bran::RealV6_米糠_sample9,Rice bran,米糠,9,2,growing,30.0,0.8744,26.513749999999998,26.513749999999998,3.704115948583512,9.323097,13.486537051416486,13.027212948583513,30.322220951509607,0.029146666666666664,0.8837916666666666,18.951388094693502,3.979871912168344,21.28316559926807,4.929094236047575,7.147758462946021,,87.44,16.57,18.95013723696249,0.0012508577310121893,CONSISTENT,30.0±1.5 kg,25.0,湖南长沙（国雄饲料有限公司）,米糠论文 表2,MISSING_IN_TARGET__IMPUTED_906_TRAINING_MEDIAN,REPORTED_INITIAL_BW__NOT_DMI_BACKCALCULATION,RETROSPECTIVE_PRE_FN_UN_LAB_INFORMATION,TARGET_DM_CP_N_HARMONIZED_AND_CHEMISTRY_CROSSCHECKED,1.7763568394002505e-15
REALV6R_0171,Rice bran::RealV6_米糠_sample9,Rice bran,米糠,9,3,growing,30.0,0.8744,26.513749999999998,26.513749999999998,4.463480102040831,9.168583,12.881686897959167,13.632063102040831,30.322220951509607,0.029146666666666664,0.8837916666666666,18.951388094693502,3.979871912168344,21.28316559926807,4.929094236047575,7.147758462946021,,87.44,16.57,18.95013723696249,0.0012508577310121893,CONSISTENT,30.0±1.5 kg,25.0,湖南长沙（国雄饲料有限公司）,米糠论文 表2,MISSING_IN_TARGET__IMPUTED_906_TRAINING_MEDIAN,REPORTED_INITIAL_BW__NOT_DMI_BACKCALCULATION,RETROSPECTIVE_PRE_FN_UN_LAB_INFORMATION,TARGET_DM_CP_N_HARMONIZED_AND_CHEMISTRY_CROSSCHECKED,1.7763568394002505e-15
REALV6R_0172,Rice bran::RealV6_米糠_sample9,Rice bran,米糠,9,4,growing,30.0,0.8744,26.513749999999998,26.513749999999998,3.60269215652347,6.415023833333326,16.4960340101432,10.017715989856796,30.322220951509607,0.029146666666666664,0.8837916666666666,18.951388094693502,3.979871912168344,21.28316559926807,4.929094236047575,7.147758462946021,,87.44,16.57,18.95013723696249,0.0012508577310121893,CONSISTENT,30.0±1.5 kg,25.0,湖南长沙（国雄饲料有限公司）,米糠论文 表2,MISSING_IN_TARGET__IMPUTED_906_TRAINING_MEDIAN,REPORTED_INITIAL_BW__NOT_DMI_BACKCALCULATION,RETROSPECTIVE_PRE_FN_UN_LAB_INFORMATION,TARGET_DM_CP_N_HARMONIZED_AND_CHEMISTRY_CROSSCHECKED,0.0
REALV6R_0173,Rice bran::RealV6_米糠_sample9,Rice bran,米糠,9,5,growing,30.0,0.8744,26.513749999999998,26.513749999999998,4.544435082760238,3.260977499999998,18.70833741723976,7.805412582760235,30.322220951509607,0.029146666666666664,0.8837916666666666,18.951388094693502,3.979871912168344,21.28316559926807,4.929094236047575,7.147758462946021,,87.44,16.57,18.95013723696249,0.0012508577310121893,CONSISTENT,30.0±1.5 kg,25.0,湖南长沙（国雄饲料有限公司）,米糠论文 表2,MISSING_IN_TARGET__IMPUTED_906_TRAINING_MEDIAN,REPORTED_INITIAL_BW__NOT_DMI_BACKCALCULATION,RETROSPECTIVE_PRE_FN_UN_LAB_INFORMATION,TARGET_DM_CP_N_HARMONIZED_AND_CHEMISTRY_CROSSCHECKED,0.0
REALV6R_0174,Rice bran::RealV6_米糠_sample9,Rice bran,米糠,9,6,growing,30.0,0.8744,26.513749999999998,26.513749999999998,4.224924986895457,8.623701666666662,13.66512334643788,12.848626653562118,30.322220951509607,0.029146666666666664,0.8837916666666666,18.951388094693502,3.979871912168344,21.28316559926807,4.929094236047575,7.147758462946021,,87.44,16.57,18.95013723696249,0.0012508577310121893,CONSISTENT,30.0±1.5 kg,25.0,湖南长沙（国雄饲料有限公司）,米糠论文 表2,MISSING_IN_TARGET__IMPUTED_906_TRAINING_MEDIAN,REPORTED_INITIAL_BW__NOT_DMI_BACKCALCULATION,RETROSPECTIVE_PRE_FN_UN_LAB_INFORMATION,TARGET_DM_CP_N_HARMONIZED_AND_CHEMISTRY_CROSSCHECKED,0.0
REALV6R_0175,Rice bran::RealV6_米糠_sample10,Rice bran,米糠,10,1,growing,30.0,0.8745,25.2825,25.2825,4.07936705849996,8.614581,12.58855194150004,12.69394805849996,28.910806174957116,0.029150000000000002,0.84275,18.069253859348198,2.9045168667810177,20.011435105774726,4.985706117781589,6.769582618639222,,87.45,15.8,18.067467124070898,0.001786735277299556,CONSISTENT,30.0±1.5 kg,25.0,湖北襄阳（正大集团有限公司）,米糠论文 表2,MISSING_IN_TARGET__IMPUTED_906_TRAINING_MEDIAN,REPORTED_INITIAL_BW__NOT_DMI_BACKCALCULATION,RETROSPECTIVE_PRE_FN_UN_LAB_INFORMATION,TARGET_DM_CP_N_HARMONIZED_AND_CHEMISTRY_CROSSCHECKED,-1.7763568394002505e-15
REALV6R_0176,Rice bran::RealV6_米糠_sample10,Rice bran,米糠,10,2,growing,30.0,0.8745,25.2825,25.2825,4.4333336228288,6.65761666666666,14.191549710504539,11.09095028949546,28.910806174957116,0.029150000000000002,0.84275,18.069253859348198,2.9045168667810177,20.011435105774726,4.985706117781589,6.769582618639222,,87.45,15.8,18.067467124070898,0.001786735277299556,CONSISTENT,30.0±1.5 kg,25.0,湖北襄阳（正大集团有限公司）,米糠论文 表2,MISSING_IN_TARGET__IMPUTED_906_TRAINING_MEDIAN,REPORTED_INITIAL_BW__NOT_DMI_BACKCALCULATION,RETROSPECTIVE_PRE_FN_UN_LAB_INFORMATION,TARGET_DM_CP_N_HARMONIZED_AND_CHEMISTRY_CROSSCHECKED,0.0
REALV6R_0177,Rice bran::RealV6_米糠_sample10,Rice bran,米糠,10,3,growing,30.0,0.8745,25.2825,25.2825,4.479651575733929,6.011356500000003,14.791491924266067,10.491008075733932,28.910806174957116,0.029150000000000002,0.84275,18.069253859348198,2.9045168667810177,20.011435105774726,4.985706117781589,6.769582618639222,,87.45,15.8,18.067467124070898,0.001786735277299556,CONSISTENT,30.0±1.5 kg,25.0,湖北襄阳（正大集团有限公司）,米糠论文 表2,MISSING_IN_TARGET__IMPUTED_906_TRAINING_MEDIAN,REPORTED_INITIAL_BW__NOT_DMI_BACKCALCULATION,RETROSPECTIVE_PRE_FN_UN_LAB_INFORMATION,TARGET_DM_CP_N_HARMONIZED_AND_CHEMISTRY_CROSSCHECKED,0.0
REALV6R_0178,Rice bran::RealV6_米糠_sample10,Rice bran,米糠,10,4,growing,30.0,0.8745,25.2825,25.2825,4.273590216753549,7.625007833333339,13.38390194991311,11.898598050086889,28.910806174957116,0.029150000000000002,0.84275,18.069253859348198,2.9045168667810177,20.011435105774726,4.985706117781589,6.769582618639222,,87.45,15.8,18.067467124070898,0.001786735277299556,CONSISTENT,30.0±1.5 kg,25.0,湖北襄阳（正大集团有限公司）,米糠论文 表2,MISSING_IN_TARGET__IMPUTED_906_TRAINING_MEDIAN,REPORTED_INITIAL_BW__NOT_DMI_BACKCALCULATION,RETROSPECTIVE_PRE_FN_UN_LAB_INFORMATION,TARGET_DM_CP_N_HARMONIZED_AND_CHEMISTRY_CROSSCHECKED,3.552713678800501e-15
REALV6R_0179,Rice bran::RealV6_米糠_sample10,Rice bran,米糠,10,5,growing,30.0,0.8745,25.2825,25.2825,4.238025184331812,1.1139075,19.930567315668185,5.351932684331812,28.910806174957116,0.029150000000000002,0.84275,18.069253859348198,2.9045168667810177,20.011435105774726,4.985706117781589,6.769582618639222,,87.45,15.8,18.067467124070898,0.001786735277299556,CONSISTENT,30.0±1.5 kg,25.0,湖北襄阳（正大集团有限公司）,米糠论文 表2,MISSING_IN_TARGET__IMPUTED_906_TRAINING_MEDIAN,REPORTED_INITIAL_BW__NOT_DMI_BACKCALCULATION,RETROSPECTIVE_PRE_FN_UN_LAB_INFORMATION,TARGET_DM_CP_N_HARMONIZED_AND_CHEMISTRY_CROSSCHECKED,3.552713678800501e-15
REALV6R_0180,Rice bran::RealV6_米糠_sample10,Rice bran,米糠,10,6,growing,30.0,0.8745,25.2825,25.2825,3.022866238471197,6.647718,15.611915761528802,9.670584238471196,28.910806174957116,0.029150000000000002,0.84275,18.069253859348198,2.9045168667810177,20.011435105774726,4.985706117781589,6.769582618639222,,87.45,15.8,18.067467124070898,0.001786735277299556,CONSISTENT,30.0±1.5 kg,25.0,湖北襄阳（正大集团有限公司）,米糠论文 表2,MISSING_IN_TARGET__IMPUTED_906_TRAINING_MEDIAN,REPORTED_INITIAL_BW__NOT_DMI_BACKCALCULATION,RETROSPECTIVE_PRE_FN_UN_LAB_INFORMATION,TARGET_DM_CP_N_HARMONIZED_AND_CHEMISTRY_CROSSCHECKED,0.0
REALV6R_0427,Brown rice::RealV6_糙米_sample1,Brown rice,糙米,1,1,growing,50.0,1.7642,43.6813931743806,43.6813931743806,2.040604493795857,7.895658333333309,33.74513034725143,9.936262827129166,24.75988729984163,0.035284,0.873627863487612,15.47492956240102,2.221970298152137,12.50425121868269,4.001813853304614,4.704682008842536,,88.21,3.01,3.4123115293050676,12.062618033095951,SOURCE_CP_ANOMALY_USE_N_DERIVED,50.0±1.7 kg,50.0,"岳阳，湖南 Yueyang, Hunan",糙米论文 表2-2,MISSING_IN_TARGET__IMPUTED_906_TRAINING_MEDIAN,REPORTED_INITIAL_BW__NOT_DMI_BACKCALCULATION,RETROSPECTIVE_PRE_FN_UN_LAB_INFORMATION,TARGET_DM_CP_N_HARMONIZED_AND_CHEMISTRY_CROSSCHECKED,7.105427357601002e-15
REALV6R_0428,Brown rice::RealV6_糙米_sample1,Brown rice,糙米,1,2,growing,50.0,1.7642,43.6813931743806,43.6813931743806,2.51969517661107,6.107359999999989,35.054337997769544,8.627055176611059,24.75988729984163,0.035284,0.873627863487612,15.47492956240102,2.221970298152137,12.50425121868269,4.001813853304614,4.704682008842536,,88.21,3.01,3.4123115293050676,12.062618033095951,SOURCE_CP_ANOMALY_USE_N_DERIVED,50.0±1.7 kg,50.0,"岳阳，湖南 Yueyang, Hunan",糙米论文 表2-2,MISSING_IN_TARGET__IMPUTED_906_TRAINING_MEDIAN,REPORTED_INITIAL_BW__NOT_DMI_BACKCALCULATION,RETROSPECTIVE_PRE_FN_UN_LAB_INFORMATION,TARGET_DM_CP_N_HARMONIZED_AND_CHEMISTRY_CROSSCHECKED,-7.105427357601002e-15
REALV6R_0429,Brown rice::RealV6_糙米_sample1,Brown rice,糙米,1,3,growing,50.0,1.7642,43.6813931743806,43.6813931743806,1.946412533069046,5.730662333333322,36.00431830797823,7.677074866402369,24.75988729984163,0.035284,0.873627863487612,15.47492956240102,2.221970298152137,12.50425121868269,4.001813853304614,4.704682008842536,,88.21,3.01,3.4123115293050676,12.062618033095951,SOURCE_CP_ANOMALY_USE_N_DERIVED,50.0±1.7 kg,50.0,"岳阳，湖南 Yueyang, Hunan",糙米论文 表2-2,MISSING_IN_TARGET__IMPUTED_906_TRAINING_MEDIAN,REPORTED_INITIAL_BW__NOT_DMI_BACKCALCULATION,RETROSPECTIVE_PRE_FN_UN_LAB_INFORMATION,TARGET_DM_CP_N_HARMONIZED_AND_CHEMISTRY_CROSSCHECKED,7.105427357601002e-15
REALV6R_0430,Brown rice::RealV6_糙米_sample1,Brown rice,糙米,1,4,growing,50.0,1.7642,43.6813931743806,43.6813931743806,2.755054981860609,13.39061533333335,27.53572285918664,16.14567031519396,24.75988729984163,0.035284,0.873627863487612,15.47492956240102,2.221970298152137,12.50425121868269,4.001813853304614,4.704682008842536,,88.21,3.01,3.4123115293050676,12.062618033095951,SOURCE_CP_ANOMALY_USE_N_DERIVED,50.0±1.7 kg,50.0,"岳阳，湖南 Yueyang, Hunan",糙米论文 表2-2,MISSING_IN_TARGET__IMPUTED_906_TRAINING_MEDIAN,REPORTED_INITIAL_BW__NOT_DMI_BACKCALCULATION,RETROSPECTIVE_PRE_FN_UN_LAB_INFORMATION,TARGET_DM_CP_N_HARMONIZED_AND_CHEMISTRY_CROSSCHECKED,0.0
REALV6R_0431,Brown rice::RealV6_糙米_sample1,Brown rice,糙米,1,5,growing,50.0,1.7642,43.6813931743806,43.6813931743806,2.029817912694432,6.570176166666669,35.0813990950195,8.599994079361101,24.75988729984163,0.035284,0.873627863487612,15.47492956240102,2.221970298152137,12.50425121868269,4.001813853304614,4.704682008842536,,88.21,3.01,3.4123115293050676,12.062618033095951,SOURCE_CP_ANOMALY_USE_N_DERIVED,50.0±1.7 kg,50.0,"岳阳，湖南 Yueyang, Hunan",糙米论文 表2-2,MISSING_IN_TARGET__IMPUTED_906_TRAINING_MEDIAN,REPORTED_INITIAL_BW__NOT_DMI_BACKCALCULATION,RETROSPECTIVE_PRE_FN_UN_LAB_INFORMATION,TARGET_DM_CP_N_HARMONIZED_AND_CHEMISTRY_CROSSCHECKED,0.0
REALV6R_0432,Brown rice::RealV6_糙米_sample1,Brown rice,糙米,1,6,growing,50.0,1.7642,43.6813931743806,43.6813931743806,1.057752133482336,4.098314666666656,38.52532637423161,5.156066800148992,24.75988729984163,0.035284,0.873627863487612,15.47492956240102,2.221970298152137,12.50425121868269,4.001813853304614,4.704682008842536,,88.21,3.01,3.4123115293050676,12.062618033095951,SOURCE_CP_ANOMALY_USE_N_DERIVED,50.0±1.7 kg,50.0,"岳阳，湖南 Yueyang, Hunan",糙米论文 表2-2,MISSING_IN_TARGET__IMPUTED_906_TRAINING_MEDIAN,REPORTED_INITIAL_BW__NOT_DMI_BACKCALCULATION,RETROSPECTIVE_PRE_FN_UN_LAB_INFORMATION,TARGET_DM_CP_N_HARMONIZED_AND_CHEMISTRY_CROSSCHECKED,0.0
REALV6R_0433,Brown rice::RealV6_糙米_sample2,Brown rice,糙米,2,1,growing,50.0,1.768,36.3430034129692,36.3430034129692,1.338686697732365,7.653567333333351,27.350749381903487,8.992254031065716,20.555997405525567,0.03536,0.7268600682593841,12.847498378453478,2.171945701357466,12.816742081447964,4.457013574660634,5.135746606334842,,88.4,2.59,2.929864253393665,9.917634125059813,SOURCE_CP_ANOMALY_USE_N_DERIVED,50.0±1.7 kg,50.0,"广德，安徽 Guangde, Anhui",糙米论文 表2-2,MISSING_IN_TARGET__IMPUTED_906_TRAINING_MEDIAN,REPORTED_INITIAL_BW__NOT_DMI_BACKCALCULATION,RETROSPECTIVE_PRE_FN_UN_LAB_INFORMATION,TARGET_DM_CP_N_HARMONIZED_AND_CHEMISTRY_CROSSCHECKED,3.552713678800501e-15
REALV6R_0434,Brown rice::RealV6_糙米_sample2,Brown rice,糙米,2,2,growing,50.0,1.768,36.3430034129692,36.3430034129692,2.389109404288955,7.529278499999999,26.424615508680247,9.918387904288954,20.555997405525567,0.03536,0.7268600682593841,12.847498378453478,2.171945701357466,12.816742081447964,4.457013574660634,5.135746606334842,,88.4,2.59,2.929864253393665,9.917634125059813,SOURCE_CP_ANOMALY_USE_N_DERIVED,50.0±1.7 kg,50.0,"广德，安徽 Guangde, Anhui",糙米论文 表2-2,MISSING_IN_TARGET__IMPUTED_906_TRAINING_MEDIAN,REPORTED_INITIAL_BW__NOT_DMI_BACKCALCULATION,RETROSPECTIVE_PRE_FN_UN_LAB_INFORMATION,TARGET_DM_CP_N_HARMONIZED_AND_CHEMISTRY_CROSSCHECKED,3.552713678800501e-15
REALV6R_0435,Brown rice::RealV6_糙米_sample2,Brown rice,糙米,2,3,growing,50.0,1.768,36.3430034129692,36.3430034129692,1.693792988716615,11.15328033333336,23.49593009091923,12.847073322049974,20.555997405525567,0.03536,0.7268600682593841,12.847498378453478,2.171945701357466,12.816742081447964,4.457013574660634,5.135746606334842,,88.4,2.59,2.929864253393665,9.917634125059813,SOURCE_CP_ANOMALY_USE_N_DERIVED,50.0±1.7 kg,50.0,"广德，安徽 Guangde, Anhui",糙米论文 表2-2,MISSING_IN_TARGET__IMPUTED_906_TRAINING_MEDIAN,REPORTED_INITIAL_BW__NOT_DMI_BACKCALCULATION,RETROSPECTIVE_PRE_FN_UN_LAB_INFORMATION,TARGET_DM_CP_N_HARMONIZED_AND_CHEMISTRY_CROSSCHECKED,-3.552713678800501e-15
REALV6R_0436,Brown rice::RealV6_糙米_sample2,Brown rice,糙米,2,4,growing,50.0,1.768,36.3430034129692,36.3430034129692,0.6792336698452571,3.549606666666671,32.114163076457274,4.2288403365119285,20.555997405525567,0.03536,0.7268600682593841,12.847498378453478,2.171945701357466,12.816742081447964,4.457013574660634,5.135746606334842,,88.4,2.59,2.929864253393665,9.917634125059813,SOURCE_CP_ANOMALY_USE_N_DERIVED,50.0±1.7 kg,50.0,"广德，安徽 Guangde, Anhui",糙米论文 表2-2,MISSING_IN_TARGET__IMPUTED_906_TRAINING_MEDIAN,REPORTED_INITIAL_BW__NOT_DMI_BACKCALCULATION,RETROSPECTIVE_PRE_FN_UN_LAB_INFORMATION,TARGET_DM_CP_N_HARMONIZED_AND_CHEMISTRY_CROSSCHECKED,0.0
REALV6R_0437,Brown rice::RealV6_糙米_sample2,Brown rice,糙米,2,5,growing,50.0,1.768,36.3430034129692,36.3430034129692,1.917914038625588,6.448185,27.976904374343615,8.366099038625588,20.555997405525567,0.03536,0.7268600682593841,12.847498378453478,2.171945701357466,12.816742081447964,4.457013574660634,5.135746606334842,,88.4,2.59,2.929864253393665,9.917634125059813,SOURCE_CP_ANOMALY_USE_N_DERIVED,50.0±1.7 kg,50.0,"广德，安徽 Guangde, Anhui",糙米论文 表2-2,MISSING_IN_TARGET__IMPUTED_906_TRAINING_MEDIAN,REPORTED_INITIAL_BW__NOT_DMI_BACKCALCULATION,RETROSPECTIVE_PRE_FN_UN_LAB_INFORMATION,TARGET_DM_CP_N_HARMONIZED_AND_CHEMISTRY_CROSSCHECKED,0.0
REALV6R_0438,Brown rice::RealV6_糙米_sample2,Brown rice,糙米,2,6,growing,50.0,1.768,36.3430034129692,36.3430034129692,1.795880590084518,6.704132,27.842990822884687,8.500012590084518,20.555997405525567,0.03536,0.7268600682593841,12.847498378453478,2.171945701357466,12.816742081447964,4.457013574660634,5.135746606334842,,88.4,2.59,2.929864253393665,9.917634125059813,SOURCE_CP_ANOMALY_USE_N_DERIVED,50.0±1.7 kg,50.0,"广德，安徽 Guangde, Anhui",糙米论文 表2-2,MISSING_IN_TARGET__IMPUTED_906_TRAINING_MEDIAN,REPORTED_INITIAL_BW__NOT_DMI_BACKCALCULATION,RETROSPECTIVE_PRE_FN_UN_LAB_INFORMATION,TARGET_DM_CP_N_HARMONIZED_AND_CHEMISTRY_CROSSCHECKED,0.0
REALV6R_0439,Brown rice::RealV6_糙米_sample3,Brown rice,糙米,3,1,growing,50.0,1.7538,52.3581018518518,52.3581018518518,1.877307370673751,14.13151350000002,36.349280981178026,16.00882087067377,29.85408932138887,0.035076,1.047162037037036,18.658805825868043,3.740449310069563,13.137187820732123,3.9685254875128293,5.154521610217812,,87.69,3.31,3.774660736686053,14.88414508918199,SOURCE_CP_ANOMALY_USE_N_DERIVED,50.0±1.7 kg,50.0,"枝江，湖北 Zhijiang, Hubei",糙米论文 表2-2,MISSING_IN_TARGET__IMPUTED_906_TRAINING_MEDIAN,REPORTED_INITIAL_BW__NOT_DMI_BACKCALCULATION,RETROSPECTIVE_PRE_FN_UN_LAB_INFORMATION,TARGET_DM_CP_N_HARMONIZED_AND_CHEMISTRY_CROSSCHECKED,7.105427357601002e-15
REALV6R_0440,Brown rice::RealV6_糙米_sample3,Brown rice,糙米,3,2,growing,50.0,1.7538,52.3581018518518,52.3581018518518,4.975441933218969,8.2854135,39.09724641863283,13.26085543321897,29.85408932138887,0.035076,1.047162037037036,18.658805825868043,3.740449310069563,13.137187820732123,3.9685254875128293,5.154521610217812,,87.69,3.31,3.774660736686053,14.88414508918199,SOURCE_CP_ANOMALY_USE_N_DERIVED,50.0±1.7 kg,50.0,"枝江，湖北 Zhijiang, Hubei",糙米论文 表2-2,MISSING_IN_TARGET__IMPUTED_906_TRAINING_MEDIAN,REPORTED_INITIAL_BW__NOT_DMI_BACKCALCULATION,RETROSPECTIVE_PRE_FN_UN_LAB_INFORMATION,TARGET_DM_CP_N_HARMONIZED_AND_CHEMISTRY_CROSSCHECKED,7.105427357601002e-15
REALV6R_0441,Brown rice::RealV6_糙米_sample3,Brown rice,糙米,3,3,growing,50.0,1.7538,52.3581018518518,52.3581018518518,3.715749931682233,8.927810950000014,39.71454097016955,12.643560881682246,29.85408932138887,0.035076,1.047162037037036,18.658805825868043,3.740449310069563,13.137187820732123,3.9685254875128293,5.154521610217812,,87.69,3.31,3.774660736686053,14.88414508918199,SOURCE_CP_ANOMALY_USE_N_DERIVED,50.0±1.7 kg,50.0,"枝江，湖北 Zhijiang, Hubei",糙米论文 表2-2,MISSING_IN_TARGET__IMPUTED_906_TRAINING_MEDIAN,REPORTED_INITIAL_BW__NOT_DMI_BACKCALCULATION,RETROSPECTIVE_PRE_FN_UN_LAB_INFORMATION,TARGET_DM_CP_N_HARMONIZED_AND_CHEMISTRY_CROSSCHECKED,0.0
REALV6R_0442,Brown rice::RealV6_糙米_sample3,Brown rice,糙米,3,4,growing,50.0,1.7538,52.3581018518518,52.3581018518518,1.331408824442699,9.1101165,41.9165765274091,10.441525324442699,29.85408932138887,0.035076,1.047162037037036,18.658805825868043,3.740449310069563,13.137187820732123,3.9685254875128293,5.154521610217812,,87.69,3.31,3.774660736686053,14.88414508918199,SOURCE_CP_ANOMALY_USE_N_DERIVED,50.0±1.7 kg,50.0,"枝江，湖北 Zhijiang, Hubei",糙米论文 表2-2,MISSING_IN_TARGET__IMPUTED_906_TRAINING_MEDIAN,REPORTED_INITIAL_BW__NOT_DMI_BACKCALCULATION,RETROSPECTIVE_PRE_FN_UN_LAB_INFORMATION,TARGET_DM_CP_N_HARMONIZED_AND_CHEMISTRY_CROSSCHECKED,7.105427357601002e-15
REALV6R_0443,Brown rice::RealV6_糙米_sample3,Brown rice,糙米,3,5,growing,50.0,1.7538,52.3581018518518,52.3581018518518,1.727237090521303,8.08676433333331,42.544100427997186,9.814001423854613,29.85408932138887,0.035076,1.047162037037036,18.658805825868043,3.740449310069563,13.137187820732123,3.9685254875128293,5.154521610217812,,87.69,3.31,3.774660736686053,14.88414508918199,SOURCE_CP_ANOMALY_USE_N_DERIVED,50.0±1.7 kg,50.0,"枝江，湖北 Zhijiang, Hubei",糙米论文 表2-2,MISSING_IN_TARGET__IMPUTED_906_TRAINING_MEDIAN,REPORTED_INITIAL_BW__NOT_DMI_BACKCALCULATION,RETROSPECTIVE_PRE_FN_UN_LAB_INFORMATION,TARGET_DM_CP_N_HARMONIZED_AND_CHEMISTRY_CROSSCHECKED,7.105427357601002e-15
REALV6R_0444,Brown rice::RealV6_糙米_sample3,Brown rice,糙米,3,6,growing,50.0,1.7538,52.3581018518518,52.3581018518518,1.313235270774981,7.2825175,43.76234908107682,8.59575277077498,29.85408932138887,0.035076,1.047162037037036,18.658805825868043,3.740449310069563,13.137187820732123,3.9685254875128293,5.154521610217812,,87.69,3.31,3.774660736686053,14.88414508918199,SOURCE_CP_ANOMALY_USE_N_DERIVED,50.0±1.7 kg,50.0,"枝江，湖北 Zhijiang, Hubei",糙米论文 表2-2,MISSING_IN_TARGET__IMPUTED_906_TRAINING_MEDIAN,REPORTED_INITIAL_BW__NOT_DMI_BACKCALCULATION,RETROSPECTIVE_PRE_FN_UN_LAB_INFORMATION,TARGET_DM_CP_N_HARMONIZED_AND_CHEMISTRY_CROSSCHECKED,0.0
REALV6R_0445,Brown rice::RealV6_糙米_sample4,Brown rice,糙米,4,1,growing,50.0,1.778,44.46699669967,44.46699669967,3.865043215412024,7.883978666666644,32.71797481759133,11.749021882078667,25.009559448633293,0.03556,0.8893399339934,15.63097465539581,4.015748031496063,11.001124859392576,3.5545556805399325,4.915635545556805,,88.9,4.24,4.769403824521935,10.861570830873877,SOURCE_CP_ANOMALY_USE_N_DERIVED,50.0±1.7 kg,50.0,"柳州，广西 Liuzhou, Guangxi",糙米论文 表2-2,MISSING_IN_TARGET__IMPUTED_906_TRAINING_MEDIAN,REPORTED_INITIAL_BW__NOT_DMI_BACKCALCULATION,RETROSPECTIVE_PRE_FN_UN_LAB_INFORMATION,TARGET_DM_CP_N_HARMONIZED_AND_CHEMISTRY_CROSSCHECKED,0.0
REALV6R_0446,Brown rice::RealV6_糙米_sample4,Brown rice,糙米,4,2,growing,50.0,1.778,44.46699669967,44.46699669967,2.397576247684245,7.0706835,34.998736951985755,9.468259747684245,25.009559448633293,0.03556,0.8893399339934,15.63097465539581,4.015748031496063,11.001124859392576,3.5545556805399325,4.915635545556805,,88.9,4.24,4.769403824521935,10.861570830873877,SOURCE_CP_ANOMALY_USE_N_DERIVED,50.0±1.7 kg,50.0,"柳州，广西 Liuzhou, Guangxi",糙米论文 表2-2,MISSING_IN_TARGET__IMPUTED_906_TRAINING_MEDIAN,REPORTED_INITIAL_BW__NOT_DMI_BACKCALCULATION,RETROSPECTIVE_PRE_FN_UN_LAB_INFORMATION,TARGET_DM_CP_N_HARMONIZED_AND_CHEMISTRY_CROSSCHECKED,0.0
REALV6R_0447,Brown rice::RealV6_糙米_sample4,Brown rice,糙米,4,3,growing,50.0,1.778,44.46699669967,44.46699669967,3.939253181718184,8.456558,32.07118551795182,12.395811181718184,25.009559448633293,0.03556,0.8893399339934,15.63097465539581,4.015748031496063,11.001124859392576,3.5545556805399325,4.915635545556805,,88.9,4.24,4.769403824521935,10.861570830873877,SOURCE_CP_ANOMALY_USE_N_DERIVED,50.0±1.7 kg,50.0,"柳州，广西 Liuzhou, Guangxi",糙米论文 表2-2,MISSING_IN_TARGET__IMPUTED_906_TRAINING_MEDIAN,REPORTED_INITIAL_BW__NOT_DMI_BACKCALCULATION,RETROSPECTIVE_PRE_FN_UN_LAB_INFORMATION,TARGET_DM_CP_N_HARMONIZED_AND_CHEMISTRY_CROSSCHECKED,-7.105427357601002e-15
REALV6R_0448,Brown rice::RealV6_糙米_sample4,Brown rice,糙米,4,4,growing,50.0,1.778,44.46699669967,44.46699669967,2.037740786559476,13.49775999999998,28.931495913110542,15.535500786559457,25.009559448633293,0.03556,0.8893399339934,15.63097465539581,4.015748031496063,11.001124859392576,3.5545556805399325,4.915635545556805,,88.9,4.24,4.769403824521935,10.861570830873877,SOURCE_CP_ANOMALY_USE_N_DERIVED,50.0±1.7 kg,50.0,"柳州，广西 Liuzhou, Guangxi",糙米论文 表2-2,MISSING_IN_TARGET__IMPUTED_906_TRAINING_MEDIAN,REPORTED_INITIAL_BW__NOT_DMI_BACKCALCULATION,RETROSPECTIVE_PRE_FN_UN_LAB_INFORMATION,TARGET_DM_CP_N_HARMONIZED_AND_CHEMISTRY_CROSSCHECKED,3.552713678800501e-15
REALV6R_0449,Brown rice::RealV6_糙米_sample4,Brown rice,糙米,4,5,growing,50.0,1.778,44.46699669967,44.46699669967,3.136516104745317,8.702025833333357,32.62845476159133,11.838541938078674,25.009559448633293,0.03556,0.8893399339934,15.63097465539581,4.015748031496063,11.001124859392576,3.5545556805399325,4.915635545556805,,88.9,4.24,4.769403824521935,10.861570830873877,SOURCE_CP_ANOMALY_USE_N_DERIVED,50.0±1.7 kg,50.0,"柳州，广西 Liuzhou, Guangxi",糙米论文 表2-2,MISSING_IN_TARGET__IMPUTED_906_TRAINING_MEDIAN,REPORTED_INITIAL_BW__NOT_DMI_BACKCALCULATION,RETROSPECTIVE_PRE_FN_UN_LAB_INFORMATION,TARGET_DM_CP_N_HARMONIZED_AND_CHEMISTRY_CROSSCHECKED,-7.105427357601002e-15
REALV6R_0450,Brown rice::RealV6_糙米_sample4,Brown rice,糙米,4,6,growing,50.0,1.778,44.46699669967,44.46699669967,3.046575636769859,10.7569515,30.66346956290014,13.803527136769858,25.009559448633293,0.03556,0.8893399339934,15.63097465539581,4.015748031496063,11.001124859392576,3.5545556805399325,4.915635545556805,,88.9,4.24,4.769403824521935,10.861570830873877,SOURCE_CP_ANOMALY_USE_N_DERIVED,50.0±1.7 kg,50.0,"柳州，广西 Liuzhou, Guangxi",糙米论文 表2-2,MISSING_IN_TARGET__IMPUTED_906_TRAINING_MEDIAN,REPORTED_INITIAL_BW__NOT_DMI_BACKCALCULATION,RETROSPECTIVE_PRE_FN_UN_LAB_INFORMATION,TARGET_DM_CP_N_HARMONIZED_AND_CHEMISTRY_CROSSCHECKED,0.0
REALV6R_0451,Brown rice::RealV6_糙米_sample5,Brown rice,糙米,5,1,growing,50.0,1.752,29.539867841409606,29.539867841409606,4.252991534091008,3.591825333333335,21.695050973985264,7.844816867424343,16.86065516062192,0.03504,0.5907973568281921,10.5379094753887,1.849315068493151,12.773972602739727,4.7716894977168955,5.0799086757990874,,87.6,4.6,5.251141552511416,5.286767922877284,SOURCE_CP_ANOMALY_USE_N_DERIVED,50.0±1.7 kg,50.0,"驻马店，河南 Zhumadian, Henan",糙米论文 表2-2,MISSING_IN_TARGET__IMPUTED_906_TRAINING_MEDIAN,REPORTED_INITIAL_BW__NOT_DMI_BACKCALCULATION,RETROSPECTIVE_PRE_FN_UN_LAB_INFORMATION,TARGET_DM_CP_N_HARMONIZED_AND_CHEMISTRY_CROSSCHECKED,0.0
REALV6R_0452,Brown rice::RealV6_糙米_sample5,Brown rice,糙米,5,2,growing,50.0,1.752,29.539867841409606,29.539867841409606,2.295159253938627,8.049220166666656,19.195488420804324,10.344379420605282,16.86065516062192,0.03504,0.5907973568281921,10.5379094753887,1.849315068493151,12.773972602739727,4.7716894977168955,5.0799086757990874,,87.6,4.6,5.251141552511416,5.286767922877284,SOURCE_CP_ANOMALY_USE_N_DERIVED,50.0±1.7 kg,50.0,"驻马店，河南 Zhumadian, Henan",糙米论文 表2-2,MISSING_IN_TARGET__IMPUTED_906_TRAINING_MEDIAN,REPORTED_INITIAL_BW__NOT_DMI_BACKCALCULATION,RETROSPECTIVE_PRE_FN_UN_LAB_INFORMATION,TARGET_DM_CP_N_HARMONIZED_AND_CHEMISTRY_CROSSCHECKED,0.0
REALV6R_0453,Brown rice::RealV6_糙米_sample5,Brown rice,糙米,5,3,growing,50.0,1.752,29.539867841409606,29.539867841409606,3.833718434633939,6.0099655,19.696183906775666,9.843683934633939,16.86065516062192,0.03504,0.5907973568281921,10.5379094753887,1.849315068493151,12.773972602739727,4.7716894977168955,5.0799086757990874,,87.6,4.6,5.251141552511416,5.286767922877284,SOURCE_CP_ANOMALY_USE_N_DERIVED,50.0±1.7 kg,50.0,"驻马店，河南 Zhumadian, Henan",糙米论文 表2-2,MISSING_IN_TARGET__IMPUTED_906_TRAINING_MEDIAN,REPORTED_INITIAL_BW__NOT_DMI_BACKCALCULATION,RETROSPECTIVE_PRE_FN_UN_LAB_INFORMATION,TARGET_DM_CP_N_HARMONIZED_AND_CHEMISTRY_CROSSCHECKED,0.0
REALV6R_0454,Brown rice::RealV6_糙米_sample5,Brown rice,糙米,5,4,growing,50.0,1.752,29.539867841409606,29.539867841409606,2.605521284996818,9.125174666666654,17.809171889746132,11.730695951663472,16.86065516062192,0.03504,0.5907973568281921,10.5379094753887,1.849315068493151,12.773972602739727,4.7716894977168955,5.0799086757990874,,87.6,4.6,5.251141552511416,5.286767922877284,SOURCE_CP_ANOMALY_USE_N_DERIVED,50.0±1.7 kg,50.0,"驻马店，河南 Zhumadian, Henan",糙米论文 表2-2,MISSING_IN_TARGET__IMPUTED_906_TRAINING_MEDIAN,REPORTED_INITIAL_BW__NOT_DMI_BACKCALCULATION,RETROSPECTIVE_PRE_FN_UN_LAB_INFORMATION,TARGET_DM_CP_N_HARMONIZED_AND_CHEMISTRY_CROSSCHECKED,0.0
REALV6R_0455,Brown rice::RealV6_糙米_sample5,Brown rice,糙米,5,5,growing,50.0,1.752,29.539867841409606,29.539867841409606,3.513060354184812,3.6537215,22.373085987224794,7.166781854184812,16.86065516062192,0.03504,0.5907973568281921,10.5379094753887,1.849315068493151,12.773972602739727,4.7716894977168955,5.0799086757990874,,87.6,4.6,5.251141552511416,5.286767922877284,SOURCE_CP_ANOMALY_USE_N_DERIVED,50.0±1.7 kg,50.0,"驻马店，河南 Zhumadian, Henan",糙米论文 表2-2,MISSING_IN_TARGET__IMPUTED_906_TRAINING_MEDIAN,REPORTED_INITIAL_BW__NOT_DMI_BACKCALCULATION,RETROSPECTIVE_PRE_FN_UN_LAB_INFORMATION,TARGET_DM_CP_N_HARMONIZED_AND_CHEMISTRY_CROSSCHECKED,0.0
REALV6R_0456,Brown rice::RealV6_糙米_sample5,Brown rice,糙米,5,6,growing,50.0,1.752,29.539867841409606,29.539867841409606,2.789006035858851,6.192186,20.558675805550756,8.981192035858852,16.86065516062192,0.03504,0.5907973568281921,10.5379094753887,1.849315068493151,12.773972602739727,4.7716894977168955,5.0799086757990874,,87.6,4.6,5.251141552511416,5.286767922877284,SOURCE_CP_ANOMALY_USE_N_DERIVED,50.0±1.7 kg,50.0,"驻马店，河南 Zhumadian, Henan",糙米论文 表2-2,MISSING_IN_TARGET__IMPUTED_906_TRAINING_MEDIAN,REPORTED_INITIAL_BW__NOT_DMI_BACKCALCULATION,RETROSPECTIVE_PRE_FN_UN_LAB_INFORMATION,TARGET_DM_CP_N_HARMONIZED_AND_CHEMISTRY_CROSSCHECKED,0.0
REALV6R_0457,Brown rice::RealV6_糙米_sample6,Brown rice,糙米,6,1,growing,50.0,1.7588,38.0806597379124,38.0806597379124,4.899341958898943,11.72892383333335,21.452393945680104,16.628265792232295,21.651500874410054,0.035176,0.761613194758248,13.532188046506283,3.0134182397088924,13.418239708892427,5.048896975210371,4.957925858539914,,87.94,4.35,4.946554468956106,8.585633577550176,SOURCE_CP_ANOMALY_USE_N_DERIVED,50.0±1.7 kg,50.0,"吉首，湖南 Jishou, Hunan",糙米论文 表2-2,MISSING_IN_TARGET__IMPUTED_906_TRAINING_MEDIAN,REPORTED_INITIAL_BW__NOT_DMI_BACKCALCULATION,RETROSPECTIVE_PRE_FN_UN_LAB_INFORMATION,TARGET_DM_CP_N_HARMONIZED_AND_CHEMISTRY_CROSSCHECKED,0.0
REALV6R_0458,Brown rice::RealV6_糙米_sample6,Brown rice,糙米,6,2,growing,50.0,1.7588,38.0806597379124,38.0806597379124,2.854103158526217,3.647613666666668,31.578942912719512,6.501716825192885,21.651500874410054,0.035176,0.761613194758248,13.532188046506283,3.0134182397088924,13.418239708892427,5.048896975210371,4.957925858539914,,87.94,4.35,4.946554468956106,8.585633577550176,SOURCE_CP_ANOMALY_USE_N_DERIVED,50.0±1.7 kg,50.0,"吉首，湖南 Jishou, Hunan",糙米论文 表2-2,MISSING_IN_TARGET__IMPUTED_906_TRAINING_MEDIAN,REPORTED_INITIAL_BW__NOT_DMI_BACKCALCULATION,RETROSPECTIVE_PRE_FN_UN_LAB_INFORMATION,TARGET_DM_CP_N_HARMONIZED_AND_CHEMISTRY_CROSSCHECKED,3.552713678800501e-15
REALV6R_0459,Brown rice::RealV6_糙米_sample6,Brown rice,糙米,6,3,growing,50.0,1.7588,38.0806597379124,38.0806597379124,2.611238318099743,6.149140666666653,29.320280753146,8.760378984766396,21.651500874410054,0.035176,0.761613194758248,13.532188046506283,3.0134182397088924,13.418239708892427,5.048896975210371,4.957925858539914,,87.94,4.35,4.946554468956106,8.585633577550176,SOURCE_CP_ANOMALY_USE_N_DERIVED,50.0±1.7 kg,50.0,"吉首，湖南 Jishou, Hunan",糙米论文 表2-2,MISSING_IN_TARGET__IMPUTED_906_TRAINING_MEDIAN,REPORTED_INITIAL_BW__NOT_DMI_BACKCALCULATION,RETROSPECTIVE_PRE_FN_UN_LAB_INFORMATION,TARGET_DM_CP_N_HARMONIZED_AND_CHEMISTRY_CROSSCHECKED,0.0
REALV6R_0460,Brown rice::RealV6_糙米_sample6,Brown rice,糙米,6,4,growing,50.0,1.7588,38.0806597379124,38.0806597379124,4.202093542060251,13.719412,20.159154195852146,17.921505542060252,21.651500874410054,0.035176,0.761613194758248,13.532188046506283,3.0134182397088924,13.418239708892427,5.048896975210371,4.957925858539914,,87.94,4.35,4.946554468956106,8.585633577550176,SOURCE_CP_ANOMALY_USE_N_DERIVED,50.0±1.7 kg,50.0,"吉首，湖南 Jishou, Hunan",糙米论文 表2-2,MISSING_IN_TARGET__IMPUTED_906_TRAINING_MEDIAN,REPORTED_INITIAL_BW__NOT_DMI_BACKCALCULATION,RETROSPECTIVE_PRE_FN_UN_LAB_INFORMATION,TARGET_DM_CP_N_HARMONIZED_AND_CHEMISTRY_CROSSCHECKED,0.0
REALV6R_0461,Brown rice::RealV6_糙米_sample6,Brown rice,糙米,6,5,growing,50.0,1.7588,38.0806597379124,38.0806597379124,3.761727081065566,11.46341183333331,22.855520823513523,15.225138914398876,21.651500874410054,0.035176,0.761613194758248,13.532188046506283,3.0134182397088924,13.418239708892427,5.048896975210371,4.957925858539914,,87.94,4.35,4.946554468956106,8.585633577550176,SOURCE_CP_ANOMALY_USE_N_DERIVED,50.0±1.7 kg,50.0,"吉首，湖南 Jishou, Hunan",糙米论文 表2-2,MISSING_IN_TARGET__IMPUTED_906_TRAINING_MEDIAN,REPORTED_INITIAL_BW__NOT_DMI_BACKCALCULATION,RETROSPECTIVE_PRE_FN_UN_LAB_INFORMATION,TARGET_DM_CP_N_HARMONIZED_AND_CHEMISTRY_CROSSCHECKED,0.0
REALV6R_0462,Brown rice::RealV6_糙米_sample6,Brown rice,糙米,6,6,growing,50.0,1.7588,38.0806597379124,38.0806597379124,3.314933885233915,13.84074833333331,20.924977519345173,17.155682218567225,21.651500874410054,0.035176,0.761613194758248,13.532188046506283,3.0134182397088924,13.418239708892427,5.048896975210371,4.957925858539914,,87.94,4.35,4.946554468956106,8.585633577550176,SOURCE_CP_ANOMALY_USE_N_DERIVED,50.0±1.7 kg,50.0,"吉首，湖南 Jishou, Hunan",糙米论文 表2-2,MISSING_IN_TARGET__IMPUTED_906_TRAINING_MEDIAN,REPORTED_INITIAL_BW__NOT_DMI_BACKCALCULATION,RETROSPECTIVE_PRE_FN_UN_LAB_INFORMATION,TARGET_DM_CP_N_HARMONIZED_AND_CHEMISTRY_CROSSCHECKED,3.552713678800501e-15
REALV6R_0463,Brown rice::RealV6_糙米_sample7,Brown rice,糙米,7,1,growing,50.0,1.7718,54.1947126436782,54.1947126436782,3.355542493748287,4.80252266666666,46.03664748326325,8.158065160414948,30.587375913578395,0.035436,1.083894252873564,19.117109945986495,4.074952026188057,13.082740715656394,4.740941415509651,5.440794672084886,,88.59,4.96,5.598826052601874,13.518283893384622,SOURCE_CP_ANOMALY_USE_N_DERIVED,50.0±1.7 kg,50.0,"永州，湖南 Yongzhou, Hunan",糙米论文 表2-2,MISSING_IN_TARGET__IMPUTED_906_TRAINING_MEDIAN,REPORTED_INITIAL_BW__NOT_DMI_BACKCALCULATION,RETROSPECTIVE_PRE_FN_UN_LAB_INFORMATION,TARGET_DM_CP_N_HARMONIZED_AND_CHEMISTRY_CROSSCHECKED,0.0
REALV6R_0464,Brown rice::RealV6_糙米_sample7,Brown rice,糙米,7,2,growing,50.0,1.7718,54.1947126436782,54.1947126436782,1.697399956720565,14.86016000000003,37.637152686957606,16.557559956720596,30.587375913578395,0.035436,1.083894252873564,19.117109945986495,4.074952026188057,13.082740715656394,4.740941415509651,5.440794672084886,,88.59,4.96,5.598826052601874,13.518283893384622,SOURCE_CP_ANOMALY_USE_N_DERIVED,50.0±1.7 kg,50.0,"永州，湖南 Yongzhou, Hunan",糙米论文 表2-2,MISSING_IN_TARGET__IMPUTED_906_TRAINING_MEDIAN,REPORTED_INITIAL_BW__NOT_DMI_BACKCALCULATION,RETROSPECTIVE_PRE_FN_UN_LAB_INFORMATION,TARGET_DM_CP_N_HARMONIZED_AND_CHEMISTRY_CROSSCHECKED,0.0
REALV6R_0465,Brown rice::RealV6_糙米_sample7,Brown rice,糙米,7,3,growing,50.0,1.7718,54.1947126436782,54.1947126436782,3.835675417622015,14.7052295,35.653807726056186,18.540904917622015,30.587375913578395,0.035436,1.083894252873564,19.117109945986495,4.074952026188057,13.082740715656394,4.740941415509651,5.440794672084886,,88.59,4.96,5.598826052601874,13.518283893384622,SOURCE_CP_ANOMALY_USE_N_DERIVED,50.0±1.7 kg,50.0,"永州，湖南 Yongzhou, Hunan",糙米论文 表2-2,MISSING_IN_TARGET__IMPUTED_906_TRAINING_MEDIAN,REPORTED_INITIAL_BW__NOT_DMI_BACKCALCULATION,RETROSPECTIVE_PRE_FN_UN_LAB_INFORMATION,TARGET_DM_CP_N_HARMONIZED_AND_CHEMISTRY_CROSSCHECKED,0.0
REALV6R_0466,Brown rice::RealV6_糙米_sample7,Brown rice,糙米,7,4,growing,50.0,1.7718,54.1947126436782,54.1947126436782,1.567207128542802,4.6441845,47.9833210151354,6.211391628542802,30.587375913578395,0.035436,1.083894252873564,19.117109945986495,4.074952026188057,13.082740715656394,4.740941415509651,5.440794672084886,,88.59,4.96,5.598826052601874,13.518283893384622,SOURCE_CP_ANOMALY_USE_N_DERIVED,50.0±1.7 kg,50.0,"永州，湖南 Yongzhou, Hunan",糙米论文 表2-2,MISSING_IN_TARGET__IMPUTED_906_TRAINING_MEDIAN,REPORTED_INITIAL_BW__NOT_DMI_BACKCALCULATION,RETROSPECTIVE_PRE_FN_UN_LAB_INFORMATION,TARGET_DM_CP_N_HARMONIZED_AND_CHEMISTRY_CROSSCHECKED,-7.105427357601002e-15
REALV6R_0467,Brown rice::RealV6_糙米_sample7,Brown rice,糙米,7,5,growing,50.0,1.7718,54.1947126436782,54.1947126436782,2.740953353958322,4.02630966666666,47.42744962305322,6.767263020624982,30.587375913578395,0.035436,1.083894252873564,19.117109945986495,4.074952026188057,13.082740715656394,4.740941415509651,5.440794672084886,,88.59,4.96,5.598826052601874,13.518283893384622,SOURCE_CP_ANOMALY_USE_N_DERIVED,50.0±1.7 kg,50.0,"永州，湖南 Yongzhou, Hunan",糙米论文 表2-2,MISSING_IN_TARGET__IMPUTED_906_TRAINING_MEDIAN,REPORTED_INITIAL_BW__NOT_DMI_BACKCALCULATION,RETROSPECTIVE_PRE_FN_UN_LAB_INFORMATION,TARGET_DM_CP_N_HARMONIZED_AND_CHEMISTRY_CROSSCHECKED,-7.105427357601002e-15
REALV6R_0468,Brown rice::RealV6_糙米_sample7,Brown rice,糙米,7,6,growing,50.0,1.7718,54.1947126436782,54.1947126436782,1.511780559110575,7.175001,45.50793108456763,8.686781559110575,30.587375913578395,0.035436,1.083894252873564,19.117109945986495,4.074952026188057,13.082740715656394,4.740941415509651,5.440794672084886,,88.59,4.96,5.598826052601874,13.518283893384622,SOURCE_CP_ANOMALY_USE_N_DERIVED,50.0±1.7 kg,50.0,"永州，湖南 Yongzhou, Hunan",糙米论文 表2-2,MISSING_IN_TARGET__IMPUTED_906_TRAINING_MEDIAN,REPORTED_INITIAL_BW__NOT_DMI_BACKCALCULATION,RETROSPECTIVE_PRE_FN_UN_LAB_INFORMATION,TARGET_DM_CP_N_HARMONIZED_AND_CHEMISTRY_CROSSCHECKED,-7.105427357601002e-15
REALV6R_0469,Brown rice::RealV6_糙米_sample8,Brown rice,糙米,8,1,growing,50.0,1.7548,36.1696468484578,36.1696468484578,2.55046492031399,6.267729999999999,27.351451928143813,8.818194920313989,20.611834310723616,0.035095999999999995,0.7233929369691561,12.88239644420226,2.7467517665830865,13.266469113289265,5.071803054479143,5.094597674948712,,87.74,2.8,3.1912468657396853,9.691149578462575,SOURCE_CP_ANOMALY_USE_N_DERIVED,50.0±1.7 kg,50.0,"景德镇，江西 Jiangdezhen, Jiangxi",糙米论文 表2-2,MISSING_IN_TARGET__IMPUTED_906_TRAINING_MEDIAN,REPORTED_INITIAL_BW__NOT_DMI_BACKCALCULATION,RETROSPECTIVE_PRE_FN_UN_LAB_INFORMATION,TARGET_DM_CP_N_HARMONIZED_AND_CHEMISTRY_CROSSCHECKED,-3.552713678800501e-15
REALV6R_0470,Brown rice::RealV6_糙米_sample8,Brown rice,糙米,8,2,growing,50.0,1.7548,36.1696468484578,36.1696468484578,2.064197682340891,8.212422333333313,25.893026832783598,10.276620015674204,20.611834310723616,0.035095999999999995,0.7233929369691561,12.88239644420226,2.7467517665830865,13.266469113289265,5.071803054479143,5.094597674948712,,87.74,2.8,3.1912468657396853,9.691149578462575,SOURCE_CP_ANOMALY_USE_N_DERIVED,50.0±1.7 kg,50.0,"景德镇，江西 Jiangdezhen, Jiangxi",糙米论文 表2-2,MISSING_IN_TARGET__IMPUTED_906_TRAINING_MEDIAN,REPORTED_INITIAL_BW__NOT_DMI_BACKCALCULATION,RETROSPECTIVE_PRE_FN_UN_LAB_INFORMATION,TARGET_DM_CP_N_HARMONIZED_AND_CHEMISTRY_CROSSCHECKED,0.0
REALV6R_0471,Brown rice::RealV6_糙米_sample8,Brown rice,糙米,8,3,growing,50.0,1.7548,36.1696468484578,36.1696468484578,1.333388254755997,1.783525333333336,33.05273326036847,3.116913588089333,20.611834310723616,0.035095999999999995,0.7233929369691561,12.88239644420226,2.7467517665830865,13.266469113289265,5.071803054479143,5.094597674948712,,87.74,2.8,3.1912468657396853,9.691149578462575,SOURCE_CP_ANOMALY_USE_N_DERIVED,50.0±1.7 kg,50.0,"景德镇，江西 Jiangdezhen, Jiangxi",糙米论文 表2-2,MISSING_IN_TARGET__IMPUTED_906_TRAINING_MEDIAN,REPORTED_INITIAL_BW__NOT_DMI_BACKCALCULATION,RETROSPECTIVE_PRE_FN_UN_LAB_INFORMATION,TARGET_DM_CP_N_HARMONIZED_AND_CHEMISTRY_CROSSCHECKED,0.0
REALV6R_0472,Brown rice::RealV6_糙米_sample8,Brown rice,糙米,8,4,growing,50.0,1.7548,36.1696468484578,36.1696468484578,2.268742229477613,8.21516800000002,25.68573661898017,10.483910229477633,20.611834310723616,0.035095999999999995,0.7233929369691561,12.88239644420226,2.7467517665830865,13.266469113289265,5.071803054479143,5.094597674948712,,87.74,2.8,3.1912468657396853,9.691149578462575,SOURCE_CP_ANOMALY_USE_N_DERIVED,50.0±1.7 kg,50.0,"景德镇，江西 Jiangdezhen, Jiangxi",糙米论文 表2-2,MISSING_IN_TARGET__IMPUTED_906_TRAINING_MEDIAN,REPORTED_INITIAL_BW__NOT_DMI_BACKCALCULATION,RETROSPECTIVE_PRE_FN_UN_LAB_INFORMATION,TARGET_DM_CP_N_HARMONIZED_AND_CHEMISTRY_CROSSCHECKED,3.552713678800501e-15
REALV6R_0473,Brown rice::RealV6_糙米_sample8,Brown rice,糙米,8,5,growing,50.0,1.7548,36.1696468484578,36.1696468484578,3.524702051057046,7.516171666666644,25.12877313073411,11.04087371772369,20.611834310723616,0.035095999999999995,0.7233929369691561,12.88239644420226,2.7467517665830865,13.266469113289265,5.071803054479143,5.094597674948712,,87.74,2.8,3.1912468657396853,9.691149578462575,SOURCE_CP_ANOMALY_USE_N_DERIVED,50.0±1.7 kg,50.0,"景德镇，江西 Jiangdezhen, Jiangxi",糙米论文 表2-2,MISSING_IN_TARGET__IMPUTED_906_TRAINING_MEDIAN,REPORTED_INITIAL_BW__NOT_DMI_BACKCALCULATION,RETROSPECTIVE_PRE_FN_UN_LAB_INFORMATION,TARGET_DM_CP_N_HARMONIZED_AND_CHEMISTRY_CROSSCHECKED,0.0
REALV6R_0474,Brown rice::RealV6_糙米_sample8,Brown rice,糙米,8,6,growing,50.0,1.7548,36.1696468484578,36.1696468484578,3.001291612957933,9.3190825,23.849272735499866,12.320374112957934,20.611834310723616,0.035095999999999995,0.7233929369691561,12.88239644420226,2.7467517665830865,13.266469113289265,5.071803054479143,5.094597674948712,,87.74,2.8,3.1912468657396853,9.691149578462575,SOURCE_CP_ANOMALY_USE_N_DERIVED,50.0±1.7 kg,50.0,"景德镇，江西 Jiangdezhen, Jiangxi",糙米论文 表2-2,MISSING_IN_TARGET__IMPUTED_906_TRAINING_MEDIAN,REPORTED_INITIAL_BW__NOT_DMI_BACKCALCULATION,RETROSPECTIVE_PRE_FN_UN_LAB_INFORMATION,TARGET_DM_CP_N_HARMONIZED_AND_CHEMISTRY_CROSSCHECKED,0.0
REALV6R_0475,Brown rice::RealV6_糙米_sample9,Brown rice,糙米,9,1,growing,50.0,1.7452,32.3392481773178,32.3392481773178,3.304238066392353,10.44932550000002,18.585684610925426,13.753563566392373,18.530396617761745,0.034904000000000004,0.646784963546356,11.581497886101092,2.475360990144396,13.282145312858125,4.744441897776759,5.202842081136832,,87.26,3.07,3.5182214072885625,8.06327647881253,SOURCE_CP_ANOMALY_USE_N_DERIVED,50.0±1.7 kg,50.0,"黔南州，贵州 Qiannan, Guizhou",糙米论文 表2-2,MISSING_IN_TARGET__IMPUTED_906_TRAINING_MEDIAN,REPORTED_INITIAL_BW__NOT_DMI_BACKCALCULATION,RETROSPECTIVE_PRE_FN_UN_LAB_INFORMATION,TARGET_DM_CP_N_HARMONIZED_AND_CHEMISTRY_CROSSCHECKED,0.0
REALV6R_0476,Brown rice::RealV6_糙米_sample9,Brown rice,糙米,9,2,growing,50.0,1.7452,32.3392481773178,32.3392481773178,3.38917403274295,13.01445,15.935624144574849,16.40362403274295,18.530396617761745,0.034904000000000004,0.646784963546356,11.581497886101092,2.475360990144396,13.282145312858125,4.744441897776759,5.202842081136832,,87.26,3.07,3.5182214072885625,8.06327647881253,SOURCE_CP_ANOMALY_USE_N_DERIVED,50.0±1.7 kg,50.0,"黔南州，贵州 Qiannan, Guizhou",糙米论文 表2-2,MISSING_IN_TARGET__IMPUTED_906_TRAINING_MEDIAN,REPORTED_INITIAL_BW__NOT_DMI_BACKCALCULATION,RETROSPECTIVE_PRE_FN_UN_LAB_INFORMATION,TARGET_DM_CP_N_HARMONIZED_AND_CHEMISTRY_CROSSCHECKED,0.0
REALV6R_0477,Brown rice::RealV6_糙米_sample9,Brown rice,糙米,9,3,growing,50.0,1.7452,32.3392481773178,32.3392481773178,2.118216045024232,2.962785,27.25824713229357,5.081001045024232,18.530396617761745,0.034904000000000004,0.646784963546356,11.581497886101092,2.475360990144396,13.282145312858125,4.744441897776759,5.202842081136832,,87.26,3.07,3.5182214072885625,8.06327647881253,SOURCE_CP_ANOMALY_USE_N_DERIVED,50.0±1.7 kg,50.0,"黔南州，贵州 Qiannan, Guizhou",糙米论文 表2-2,MISSING_IN_TARGET__IMPUTED_906_TRAINING_MEDIAN,REPORTED_INITIAL_BW__NOT_DMI_BACKCALCULATION,RETROSPECTIVE_PRE_FN_UN_LAB_INFORMATION,TARGET_DM_CP_N_HARMONIZED_AND_CHEMISTRY_CROSSCHECKED,-3.552713678800501e-15
REALV6R_0478,Brown rice::RealV6_糙米_sample9,Brown rice,糙米,9,4,growing,50.0,1.7452,32.3392481773178,32.3392481773178,2.868738744570846,13.76873166666669,15.701777766080262,16.637470411237537,18.530396617761745,0.034904000000000004,0.646784963546356,11.581497886101092,2.475360990144396,13.282145312858125,4.744441897776759,5.202842081136832,,87.26,3.07,3.5182214072885625,8.06327647881253,SOURCE_CP_ANOMALY_USE_N_DERIVED,50.0±1.7 kg,50.0,"黔南州，贵州 Qiannan, Guizhou",糙米论文 表2-2,MISSING_IN_TARGET__IMPUTED_906_TRAINING_MEDIAN,REPORTED_INITIAL_BW__NOT_DMI_BACKCALCULATION,RETROSPECTIVE_PRE_FN_UN_LAB_INFORMATION,TARGET_DM_CP_N_HARMONIZED_AND_CHEMISTRY_CROSSCHECKED,1.7763568394002505e-15
REALV6R_0479,Brown rice::RealV6_糙米_sample9,Brown rice,糙米,9,5,growing,50.0,1.7452,32.3392481773178,32.3392481773178,2.548260117218547,10.04723666666664,19.74375139343261,12.595496783885187,18.530396617761745,0.034904000000000004,0.646784963546356,11.581497886101092,2.475360990144396,13.282145312858125,4.744441897776759,5.202842081136832,,87.26,3.07,3.5182214072885625,8.06327647881253,SOURCE_CP_ANOMALY_USE_N_DERIVED,50.0±1.7 kg,50.0,"黔南州，贵州 Qiannan, Guizhou",糙米论文 表2-2,MISSING_IN_TARGET__IMPUTED_906_TRAINING_MEDIAN,REPORTED_INITIAL_BW__NOT_DMI_BACKCALCULATION,RETROSPECTIVE_PRE_FN_UN_LAB_INFORMATION,TARGET_DM_CP_N_HARMONIZED_AND_CHEMISTRY_CROSSCHECKED,0.0
REALV6R_0480,Brown rice::RealV6_糙米_sample9,Brown rice,糙米,9,6,growing,50.0,1.7452,32.3392481773178,32.3392481773178,3.892205173556205,10.86100266666669,17.586040337094904,14.753207840222895,18.530396617761745,0.034904000000000004,0.646784963546356,11.581497886101092,2.475360990144396,13.282145312858125,4.744441897776759,5.202842081136832,,87.26,3.07,3.5182214072885625,8.06327647881253,SOURCE_CP_ANOMALY_USE_N_DERIVED,50.0±1.7 kg,50.0,"黔南州，贵州 Qiannan, Guizhou",糙米论文 表2-2,MISSING_IN_TARGET__IMPUTED_906_TRAINING_MEDIAN,REPORTED_INITIAL_BW__NOT_DMI_BACKCALCULATION,RETROSPECTIVE_PRE_FN_UN_LAB_INFORMATION,TARGET_DM_CP_N_HARMONIZED_AND_CHEMISTRY_CROSSCHECKED,-3.552713678800501e-15
REALV6R_0481,Brown rice::RealV6_糙米_sample10,Brown rice,糙米,10,1,growing,50.0,1.7606,42.974892395982806,42.974892395982806,3.980679713530481,4.493950000000014,34.50026268245231,8.474629713530495,24.409231168909923,0.035212,0.8594978479196561,15.2557694805687,3.975917300920141,12.916051346132,4.759740997387255,5.327729183232989,,88.03,2.8,3.1807338407361128,12.075035639832588,SOURCE_CP_ANOMALY_USE_N_DERIVED,50.0±1.7 kg,50.0,"长沙县，湖南 Changsha, Hunan",糙米论文 表2-2,MISSING_IN_TARGET__IMPUTED_906_TRAINING_MEDIAN,REPORTED_INITIAL_BW__NOT_DMI_BACKCALCULATION,RETROSPECTIVE_PRE_FN_UN_LAB_INFORMATION,TARGET_DM_CP_N_HARMONIZED_AND_CHEMISTRY_CROSSCHECKED,7.105427357601002e-15
REALV6R_0482,Brown rice::RealV6_糙米_sample10,Brown rice,糙米,10,2,growing,50.0,1.7606,42.974892395982806,42.974892395982806,3.627010085397231,11.63792749999998,27.709954810585593,15.264937585397211,24.409231168909923,0.035212,0.8594978479196561,15.2557694805687,3.975917300920141,12.916051346132,4.759740997387255,5.327729183232989,,88.03,2.8,3.1807338407361128,12.075035639832588,SOURCE_CP_ANOMALY_USE_N_DERIVED,50.0±1.7 kg,50.0,"长沙县，湖南 Changsha, Hunan",糙米论文 表2-2,MISSING_IN_TARGET__IMPUTED_906_TRAINING_MEDIAN,REPORTED_INITIAL_BW__NOT_DMI_BACKCALCULATION,RETROSPECTIVE_PRE_FN_UN_LAB_INFORMATION,TARGET_DM_CP_N_HARMONIZED_AND_CHEMISTRY_CROSSCHECKED,0.0
REALV6R_0483,Brown rice::RealV6_糙米_sample10,Brown rice,糙米,10,3,growing,50.0,1.7606,42.974892395982806,42.974892395982806,3.252004855142837,10.06232099999998,29.66056654083999,13.314325855142815,24.409231168909923,0.035212,0.8594978479196561,15.2557694805687,3.975917300920141,12.916051346132,4.759740997387255,5.327729183232989,,88.03,2.8,3.1807338407361128,12.075035639832588,SOURCE_CP_ANOMALY_USE_N_DERIVED,50.0±1.7 kg,50.0,"长沙县，湖南 Changsha, Hunan",糙米论文 表2-2,MISSING_IN_TARGET__IMPUTED_906_TRAINING_MEDIAN,REPORTED_INITIAL_BW__NOT_DMI_BACKCALCULATION,RETROSPECTIVE_PRE_FN_UN_LAB_INFORMATION,TARGET_DM_CP_N_HARMONIZED_AND_CHEMISTRY_CROSSCHECKED,0.0
REALV6R_0484,Brown rice::RealV6_糙米_sample10,Brown rice,糙米,10,4,growing,50.0,1.7606,42.974892395982806,42.974892395982806,2.66253798250553,11.34168,28.970674413477276,14.00421798250553,24.409231168909923,0.035212,0.8594978479196561,15.2557694805687,3.975917300920141,12.916051346132,4.759740997387255,5.327729183232989,,88.03,2.8,3.1807338407361128,12.075035639832588,SOURCE_CP_ANOMALY_USE_N_DERIVED,50.0±1.7 kg,50.0,"长沙县，湖南 Changsha, Hunan",糙米论文 表2-2,MISSING_IN_TARGET__IMPUTED_906_TRAINING_MEDIAN,REPORTED_INITIAL_BW__NOT_DMI_BACKCALCULATION,RETROSPECTIVE_PRE_FN_UN_LAB_INFORMATION,TARGET_DM_CP_N_HARMONIZED_AND_CHEMISTRY_CROSSCHECKED,-3.552713678800501e-15
REALV6R_0485,Brown rice::RealV6_糙米_sample10,Brown rice,糙米,10,5,growing,50.0,1.7606,42.974892395982806,42.974892395982806,2.809711757017966,12.55521633333331,27.60996430563153,15.364928090351277,24.409231168909923,0.035212,0.8594978479196561,15.2557694805687,3.975917300920141,12.916051346132,4.759740997387255,5.327729183232989,,88.03,2.8,3.1807338407361128,12.075035639832588,SOURCE_CP_ANOMALY_USE_N_DERIVED,50.0±1.7 kg,50.0,"长沙县，湖南 Changsha, Hunan",糙米论文 表2-2,MISSING_IN_TARGET__IMPUTED_906_TRAINING_MEDIAN,REPORTED_INITIAL_BW__NOT_DMI_BACKCALCULATION,RETROSPECTIVE_PRE_FN_UN_LAB_INFORMATION,TARGET_DM_CP_N_HARMONIZED_AND_CHEMISTRY_CROSSCHECKED,0.0
REALV6R_0486,Brown rice::RealV6_糙米_sample10,Brown rice,糙米,10,6,growing,50.0,1.7606,42.974892395982806,42.974892395982806,4.56797584930499,13.658905,24.748011546677816,18.22688084930499,24.409231168909923,0.035212,0.8594978479196561,15.2557694805687,3.975917300920141,12.916051346132,4.759740997387255,5.327729183232989,,88.03,2.8,3.1807338407361128,12.075035639832588,SOURCE_CP_ANOMALY_USE_N_DERIVED,50.0±1.7 kg,50.0,"长沙县，湖南 Changsha, Hunan",糙米论文 表2-2,MISSING_IN_TARGET__IMPUTED_906_TRAINING_MEDIAN,REPORTED_INITIAL_BW__NOT_DMI_BACKCALCULATION,RETROSPECTIVE_PRE_FN_UN_LAB_INFORMATION,TARGET_DM_CP_N_HARMONIZED_AND_CHEMISTRY_CROSSCHECKED,3.552713678800501e-15
REALV6R_0001,Rapeseed cake::RealV6_菜籽饼_sample1,Rapeseed cake,菜籽饼,1,1,growing,51.20000000000001,1.3358574666666696,68.37586443133348,68.37586443133348,10.5198710825516,10.75763416666669,47.09835918211519,21.27750524921829,51.185,0.026090966145833387,1.3354661021744818,31.990625,5.132823052678972,19.38316073840612,8.183250787933362,6.2359297613687525,,88.84,28.42,31.9900945520036,0.0005304479964003406,CONSISTENT,51.2±1.7 kg,37.592,贵州六盘水市,菜籽饼论文 表2-3,MISSING_IN_TARGET__IMPUTED_906_TRAINING_MEDIAN,REPORTED_INITIAL_BW__NOT_DMI_BACKCALCULATION,RETROSPECTIVE_PRE_FN_UN_LAB_INFORMATION,TARGET_DM_CP_N_HARMONIZED_AND_CHEMISTRY_CROSSCHECKED,0.0
REALV6R_0002,Rapeseed cake::RealV6_菜籽饼_sample1,Rapeseed cake,菜籽饼,1,2,growing,51.20000000000001,1.2484981333333305,63.90437695466652,63.90437695466652,13.2698519020416,13.53371708333331,37.10080796929161,26.80356898537491,51.184999999999995,0.024384729166666605,1.2481323623958303,31.990625,5.132823052678972,19.38316073840612,8.183250787933362,6.2359297613687525,,88.84,28.42,31.9900945520036,0.0005304479964003406,CONSISTENT,51.2±1.7 kg,35.133,贵州六盘水市,菜籽饼论文 表2-3,MISSING_IN_TARGET__IMPUTED_906_TRAINING_MEDIAN,REPORTED_INITIAL_BW__NOT_DMI_BACKCALCULATION,RETROSPECTIVE_PRE_FN_UN_LAB_INFORMATION,TARGET_DM_CP_N_HARMONIZED_AND_CHEMISTRY_CROSSCHECKED,0.0
REALV6R_0003,Rapeseed cake::RealV6_菜籽饼_sample1,Rapeseed cake,菜籽饼,1,3,growing,51.20000000000001,1.1827565333333305,60.53939315866653,60.53939315866653,10.75248528468713,13.02713,36.759777873979395,23.779615284687132,51.185,0.023100713541666606,1.1824100226302054,31.990625,5.132823052678972,19.38316073840612,8.183250787933362,6.2359297613687525,,88.84,28.42,31.9900945520036,0.0005304479964003406,CONSISTENT,51.2±1.7 kg,33.283,贵州六盘水市,菜籽饼论文 表2-3,MISSING_IN_TARGET__IMPUTED_906_TRAINING_MEDIAN,REPORTED_INITIAL_BW__NOT_DMI_BACKCALCULATION,RETROSPECTIVE_PRE_FN_UN_LAB_INFORMATION,TARGET_DM_CP_N_HARMONIZED_AND_CHEMISTRY_CROSSCHECKED,0.0
REALV6R_0004,Rapeseed cake::RealV6_菜籽饼_sample1,Rapeseed cake,菜籽饼,1,4,growing,51.20000000000001,1.6029697333333304,82.04800580066652,82.04800580066652,14.34356343183439,14.04280833333331,53.661634035498814,28.386371765167702,51.185,0.0313080026041666,1.6025001132942676,31.990625,5.132823052678972,19.38316073840612,8.183250787933362,6.2359297613687525,,88.84,28.42,31.9900945520036,0.0005304479964003406,CONSISTENT,51.2±1.7 kg,45.108,贵州六盘水市,菜籽饼论文 表2-3,MISSING_IN_TARGET__IMPUTED_906_TRAINING_MEDIAN,REPORTED_INITIAL_BW__NOT_DMI_BACKCALCULATION,RETROSPECTIVE_PRE_FN_UN_LAB_INFORMATION,TARGET_DM_CP_N_HARMONIZED_AND_CHEMISTRY_CROSSCHECKED,7.105427357601002e-15
REALV6R_0005,Rapeseed cake::RealV6_菜籽饼_sample1,Rapeseed cake,菜籽饼,1,5,growing,51.20000000000001,1.6032658666666695,82.06316338533348,82.06316338533348,15.33962071451699,9.063833333333319,57.65970933748317,24.40345404785031,51.185,0.03131378645833338,1.6027961598697942,31.990625,5.132823052678972,19.38316073840612,8.183250787933362,6.2359297613687525,,88.84,28.42,31.9900945520036,0.0005304479964003406,CONSISTENT,51.2±1.7 kg,45.117,贵州六盘水市,菜籽饼论文 表2-3,MISSING_IN_TARGET__IMPUTED_906_TRAINING_MEDIAN,REPORTED_INITIAL_BW__NOT_DMI_BACKCALCULATION,RETROSPECTIVE_PRE_FN_UN_LAB_INFORMATION,TARGET_DM_CP_N_HARMONIZED_AND_CHEMISTRY_CROSSCHECKED,7.105427357601002e-15
REALV6R_0006,Rapeseed cake::RealV6_菜籽饼_sample1,Rapeseed cake,菜籽饼,1,6,growing,51.20000000000001,1.2852186666666696,65.78391745333349,65.78391745333349,13.09752180967548,5.036973333333336,47.64942231032467,18.134495143008817,51.185,0.025101927083333385,1.2848421377604193,31.990625,5.132823052678972,19.38316073840612,8.183250787933362,6.2359297613687525,,88.84,28.42,31.9900945520036,0.0005304479964003406,CONSISTENT,51.2±1.7 kg,36.167,贵州六盘水市,菜籽饼论文 表2-3,MISSING_IN_TARGET__IMPUTED_906_TRAINING_MEDIAN,REPORTED_INITIAL_BW__NOT_DMI_BACKCALCULATION,RETROSPECTIVE_PRE_FN_UN_LAB_INFORMATION,TARGET_DM_CP_N_HARMONIZED_AND_CHEMISTRY_CROSSCHECKED,0.0
REALV6R_0007,Rapeseed cake::RealV6_菜籽饼_sample2,Rapeseed cake,菜籽饼,2,1,growing,51.20000000000001,1.0191295999999999,44.128311679999996,44.128311679999996,6.763395044025157,10.63864583333331,26.72627080264153,17.402040877358466,43.300000000000004,0.019904874999999992,0.8618810874999997,27.0625,4.4010889292196005,24.705081669691474,9.460072595281307,6.681034482758621,,88.16,23.86,27.06442831215971,-0.0019283121597091224,CONSISTENT,51.2±1.7 kg,28.9,四川内江市,菜籽饼论文 表2-3,MISSING_IN_TARGET__IMPUTED_906_TRAINING_MEDIAN,REPORTED_INITIAL_BW__NOT_DMI_BACKCALCULATION,RETROSPECTIVE_PRE_FN_UN_LAB_INFORMATION,TARGET_DM_CP_N_HARMONIZED_AND_CHEMISTRY_CROSSCHECKED,-3.552713678800501e-15
REALV6R_0008,Rapeseed cake::RealV6_菜籽饼_sample2,Rapeseed cake,菜籽饼,2,2,growing,51.20000000000001,1.5510282666666637,67.15952394666654,67.15952394666654,10.29819028024435,11.12481250000002,45.736521166422165,21.42300278024437,43.3,0.03029352083333327,1.3117094520833306,27.0625,4.4010889292196005,24.705081669691474,9.460072595281307,6.681034482758621,,88.16,23.86,27.06442831215971,-0.0019283121597091224,CONSISTENT,51.2±1.7 kg,43.983,四川内江市,菜籽饼论文 表2-3,MISSING_IN_TARGET__IMPUTED_906_TRAINING_MEDIAN,REPORTED_INITIAL_BW__NOT_DMI_BACKCALCULATION,RETROSPECTIVE_PRE_FN_UN_LAB_INFORMATION,TARGET_DM_CP_N_HARMONIZED_AND_CHEMISTRY_CROSSCHECKED,7.105427357601002e-15
REALV6R_0009,Rapeseed cake::RealV6_菜籽饼_sample2,Rapeseed cake,菜籽饼,2,3,growing,51.20000000000001,0.9500709333333361,41.138071413333456,41.138071413333456,6.781811790348537,11.868645,22.487614622984918,18.65045679034854,43.300000000000004,0.018556072916666718,0.8034779572916689,27.0625,4.4010889292196005,24.705081669691474,9.460072595281307,6.681034482758621,,88.16,23.86,27.06442831215971,-0.0019283121597091224,CONSISTENT,51.2±1.7 kg,26.942,四川内江市,菜籽饼论文 表2-3,MISSING_IN_TARGET__IMPUTED_906_TRAINING_MEDIAN,REPORTED_INITIAL_BW__NOT_DMI_BACKCALCULATION,RETROSPECTIVE_PRE_FN_UN_LAB_INFORMATION,TARGET_DM_CP_N_HARMONIZED_AND_CHEMISTRY_CROSSCHECKED,3.552713678800501e-15
REALV6R_0010,Rapeseed cake::RealV6_菜籽饼_sample2,Rapeseed cake,菜籽饼,2,4,growing,51.20000000000001,1.6045119999999997,69.4753696,69.4753696,13.10544561756326,10.96303833333331,45.40688564910342,24.06848395089657,43.300000000000004,0.03133812499999999,1.3569408124999995,27.0625,4.4010889292196005,24.705081669691474,9.460072595281307,6.681034482758621,,88.16,23.86,27.06442831215971,-0.0019283121597091224,CONSISTENT,51.2±1.7 kg,45.5,四川内江市,菜籽饼论文 表2-3,MISSING_IN_TARGET__IMPUTED_906_TRAINING_MEDIAN,REPORTED_INITIAL_BW__NOT_DMI_BACKCALCULATION,RETROSPECTIVE_PRE_FN_UN_LAB_INFORMATION,TARGET_DM_CP_N_HARMONIZED_AND_CHEMISTRY_CROSSCHECKED,0.0
REALV6R_0011,Rapeseed cake::RealV6_菜籽饼_sample2,Rapeseed cake,菜籽饼,2,5,growing,51.20000000000001,1.591581866666664,68.91549482666655,68.91549482666655,11.9585675631596,12.8469,44.11002726350695,24.8054675631596,43.3,0.031085583333333274,1.3460057583333307,27.0625,4.4010889292196005,24.705081669691474,9.460072595281307,6.681034482758621,,88.16,23.86,27.06442831215971,-0.0019283121597091224,CONSISTENT,51.2±1.7 kg,45.133,四川内江市,菜籽饼论文 表2-3,MISSING_IN_TARGET__IMPUTED_906_TRAINING_MEDIAN,REPORTED_INITIAL_BW__NOT_DMI_BACKCALCULATION,RETROSPECTIVE_PRE_FN_UN_LAB_INFORMATION,TARGET_DM_CP_N_HARMONIZED_AND_CHEMISTRY_CROSSCHECKED,0.0
REALV6R_0012,Rapeseed cake::RealV6_菜籽饼_sample2,Rapeseed cake,菜籽饼,2,6,growing,51.20000000000001,1.5980469333333363,69.19543221333346,69.19543221333346,10.6872389247649,7.514183333333352,50.994009955235214,18.20142225809825,43.300000000000004,0.03121185416666672,1.351473285416669,27.0625,4.4010889292196005,24.705081669691474,9.460072595281307,6.681034482758621,,88.16,23.86,27.06442831215971,-0.0019283121597091224,CONSISTENT,51.2±1.7 kg,45.317,四川内江市,菜籽饼论文 表2-3,MISSING_IN_TARGET__IMPUTED_906_TRAINING_MEDIAN,REPORTED_INITIAL_BW__NOT_DMI_BACKCALCULATION,RETROSPECTIVE_PRE_FN_UN_LAB_INFORMATION,TARGET_DM_CP_N_HARMONIZED_AND_CHEMISTRY_CROSSCHECKED,0.0
REALV6R_0013,Rapeseed cake::RealV6_菜籽饼_sample3,Rapeseed cake,菜籽饼,3,1,growing,51.20000000000001,0.9275183999999972,39.827640095999875,39.827640095999875,7.939920662790716,6.546165,25.341554433209158,14.486085662790718,42.94,0.01811559374999994,0.7778835956249974,26.8375,4.448961156278229,21.104336043360433,8.039747064137307,6.741192411924119,,88.56,23.77,26.840560072267387,-0.0030600722673881364,CONSISTENT,51.2±1.7 kg,26.183,安徽淮南市,菜籽饼论文 表2-3,MISSING_IN_TARGET__IMPUTED_906_TRAINING_MEDIAN,REPORTED_INITIAL_BW__NOT_DMI_BACKCALCULATION,RETROSPECTIVE_PRE_FN_UN_LAB_INFORMATION,TARGET_DM_CP_N_HARMONIZED_AND_CHEMISTRY_CROSSCHECKED,3.552713678800501e-15
REALV6R_0014,Rapeseed cake::RealV6_菜籽饼_sample3,Rapeseed cake,菜籽饼,3,2,growing,51.20000000000001,1.3348943999999971,57.32036553599987,57.32036553599987,9.43103060949819,11.40972,36.47961492650168,20.84075060949819,42.93999999999999,0.02607215624999994,1.1195383893749973,26.8375,4.448961156278229,21.104336043360433,8.039747064137307,6.741192411924119,,88.56,23.77,26.840560072267387,-0.0030600722673881364,CONSISTENT,51.2±1.7 kg,37.683,安徽淮南市,菜籽饼论文 表2-3,MISSING_IN_TARGET__IMPUTED_906_TRAINING_MEDIAN,REPORTED_INITIAL_BW__NOT_DMI_BACKCALCULATION,RETROSPECTIVE_PRE_FN_UN_LAB_INFORMATION,TARGET_DM_CP_N_HARMONIZED_AND_CHEMISTRY_CROSSCHECKED,-7.105427357601002e-15
REALV6R_0015,Rapeseed cake::RealV6_菜籽饼_sample3,Rapeseed cake,菜籽饼,3,3,growing,51.20000000000001,0.9334224,40.08115785599999,40.08115785599999,6.507710026862012,9.246040416666641,24.327407412471338,15.753750443528652,42.93999999999999,0.018230906249999995,0.7828351143749996,26.8375,4.448961156278229,21.104336043360433,8.039747064137307,6.741192411924119,,88.56,23.77,26.840560072267387,-0.0030600722673881364,CONSISTENT,51.2±1.7 kg,26.35,安徽淮南市,菜籽饼论文 表2-3,MISSING_IN_TARGET__IMPUTED_906_TRAINING_MEDIAN,REPORTED_INITIAL_BW__NOT_DMI_BACKCALCULATION,RETROSPECTIVE_PRE_FN_UN_LAB_INFORMATION,TARGET_DM_CP_N_HARMONIZED_AND_CHEMISTRY_CROSSCHECKED,-3.552713678800501e-15
REALV6R_0016,Rapeseed cake::RealV6_菜籽饼_sample3,Rapeseed cake,菜籽饼,3,4,growing,51.20000000000001,1.604116799999997,68.88077539199986,68.88077539199986,11.1820673695483,12.89689833333336,44.8018096891182,24.07896570288166,42.93999999999999,0.031330406249999936,1.345327644374997,26.8375,4.448961156278229,21.104336043360433,8.039747064137307,6.741192411924119,,88.56,23.77,26.840560072267387,-0.0030600722673881364,CONSISTENT,51.2±1.7 kg,45.283,安徽淮南市,菜籽饼论文 表2-3,MISSING_IN_TARGET__IMPUTED_906_TRAINING_MEDIAN,REPORTED_INITIAL_BW__NOT_DMI_BACKCALCULATION,RETROSPECTIVE_PRE_FN_UN_LAB_INFORMATION,TARGET_DM_CP_N_HARMONIZED_AND_CHEMISTRY_CROSSCHECKED,0.0
REALV6R_0017,Rapeseed cake::RealV6_菜籽饼_sample3,Rapeseed cake,菜籽饼,3,5,growing,51.20000000000001,1.606183200000003,68.96950660800012,68.96950660800012,11.81863689652096,7.772613333333351,49.37825637814581,19.59125022985431,42.94,0.031370765625000054,1.3470606759375021,26.8375,4.448961156278229,21.104336043360433,8.039747064137307,6.741192411924119,,88.56,23.77,26.840560072267387,-0.0030600722673881364,CONSISTENT,51.2±1.7 kg,45.342,安徽淮南市,菜籽饼论文 表2-3,MISSING_IN_TARGET__IMPUTED_906_TRAINING_MEDIAN,REPORTED_INITIAL_BW__NOT_DMI_BACKCALCULATION,RETROSPECTIVE_PRE_FN_UN_LAB_INFORMATION,TARGET_DM_CP_N_HARMONIZED_AND_CHEMISTRY_CROSSCHECKED,0.0
REALV6R_0018,Rapeseed cake::RealV6_菜籽饼_sample3,Rapeseed cake,菜籽饼,3,6,growing,51.20000000000001,1.5424200000000028,66.23151480000011,66.23151480000011,13.48229016925605,7.387846666666649,45.36137796407741,20.8701368359227,42.94,0.03012539062500005,1.293584273437502,26.8375,4.448961156278229,21.104336043360433,8.039747064137307,6.741192411924119,,88.56,23.77,26.840560072267387,-0.0030600722673881364,CONSISTENT,51.2±1.7 kg,43.542,安徽淮南市,菜籽饼论文 表2-3,MISSING_IN_TARGET__IMPUTED_906_TRAINING_MEDIAN,REPORTED_INITIAL_BW__NOT_DMI_BACKCALCULATION,RETROSPECTIVE_PRE_FN_UN_LAB_INFORMATION,TARGET_DM_CP_N_HARMONIZED_AND_CHEMISTRY_CROSSCHECKED,7.105427357601002e-15
REALV6R_0019,Rapeseed cake::RealV6_菜籽饼_sample4,Rapeseed cake,菜籽饼,4,1,growing,51.20000000000001,1.5516442666666697,73.2841587146668,73.2841587146668,6.241693333856524,17.17103099999998,49.8714343808103,23.412724333856506,47.23,0.030305552083333385,1.4313312248958356,29.51875,4.012206148282098,20.614828209764916,8.487793851717901,6.690777576853526,,88.48,26.12,29.520795660036168,-0.0020456600361669075,CONSISTENT,51.2±1.7 kg,43.842,陕西汉中市,菜籽饼论文 表2-3,MISSING_IN_TARGET__IMPUTED_906_TRAINING_MEDIAN,REPORTED_INITIAL_BW__NOT_DMI_BACKCALCULATION,RETROSPECTIVE_PRE_FN_UN_LAB_INFORMATION,TARGET_DM_CP_N_HARMONIZED_AND_CHEMISTRY_CROSSCHECKED,0.0
REALV6R_0020,Rapeseed cake::RealV6_菜籽饼_sample4,Rapeseed cake,菜籽饼,4,2,growing,51.20000000000001,1.3611173333333304,64.2855716533332,64.2855716533332,7.804455060824557,15.95888666666664,40.522229925842,23.763341727491195,47.23,0.026584322916666604,1.2555775713541637,29.51875,4.012206148282098,20.614828209764916,8.487793851717901,6.690777576853526,,88.48,26.12,29.520795660036168,-0.0020456600361669075,CONSISTENT,51.2±1.7 kg,38.458,陕西汉中市,菜籽饼论文 表2-3,MISSING_IN_TARGET__IMPUTED_906_TRAINING_MEDIAN,REPORTED_INITIAL_BW__NOT_DMI_BACKCALCULATION,RETROSPECTIVE_PRE_FN_UN_LAB_INFORMATION,TARGET_DM_CP_N_HARMONIZED_AND_CHEMISTRY_CROSSCHECKED,0.0
REALV6R_0021,Rapeseed cake::RealV6_菜籽饼_sample4,Rapeseed cake,菜籽饼,4,3,growing,51.20000000000001,1.6014880000000002,75.63827824,75.63827824,7.904080886416335,8.57805,59.15614735358367,16.482130886416336,47.23,0.031279062499999996,1.4773101218749998,29.51875,4.012206148282098,20.614828209764916,8.487793851717901,6.690777576853526,,88.48,26.12,29.520795660036168,-0.0020456600361669075,CONSISTENT,51.2±1.7 kg,45.25,陕西汉中市,菜籽饼论文 表2-3,MISSING_IN_TARGET__IMPUTED_906_TRAINING_MEDIAN,REPORTED_INITIAL_BW__NOT_DMI_BACKCALCULATION,RETROSPECTIVE_PRE_FN_UN_LAB_INFORMATION,TARGET_DM_CP_N_HARMONIZED_AND_CHEMISTRY_CROSSCHECKED,0.0
REALV6R_0022,Rapeseed cake::RealV6_菜籽饼_sample4,Rapeseed cake,菜籽饼,4,4,growing,51.20000000000001,1.5982437333333306,75.4850515253332,75.4850515253332,10.03564190019194,10.82238333333335,54.627026291807915,20.85802523352529,47.230000000000004,0.031215697916666608,1.4743174126041638,29.51875,4.012206148282098,20.614828209764916,8.487793851717901,6.690777576853526,,88.48,26.12,29.520795660036168,-0.0020456600361669075,CONSISTENT,51.2±1.7 kg,45.158,陕西汉中市,菜籽饼论文 表2-3,MISSING_IN_TARGET__IMPUTED_906_TRAINING_MEDIAN,REPORTED_INITIAL_BW__NOT_DMI_BACKCALCULATION,RETROSPECTIVE_PRE_FN_UN_LAB_INFORMATION,TARGET_DM_CP_N_HARMONIZED_AND_CHEMISTRY_CROSSCHECKED,7.105427357601002e-15
REALV6R_0023,Rapeseed cake::RealV6_菜籽饼_sample4,Rapeseed cake,菜籽饼,4,5,growing,51.20000000000001,1.7722544,83.703575312,83.703575312,9.71403380725502,10.0108125,63.97872900474498,19.72484630725502,47.23,0.03461434374999999,1.6348354553124997,29.51875,4.012206148282098,20.614828209764916,8.487793851717901,6.690777576853526,,88.48,26.12,29.520795660036168,-0.0020456600361669075,CONSISTENT,51.2±1.7 kg,50.075,陕西汉中市,菜籽饼论文 表2-3,MISSING_IN_TARGET__IMPUTED_906_TRAINING_MEDIAN,REPORTED_INITIAL_BW__NOT_DMI_BACKCALCULATION,RETROSPECTIVE_PRE_FN_UN_LAB_INFORMATION,TARGET_DM_CP_N_HARMONIZED_AND_CHEMISTRY_CROSSCHECKED,0.0
REALV6R_0024,Rapeseed cake::RealV6_菜籽饼_sample4,Rapeseed cake,菜籽饼,4,6,growing,51.20000000000001,1.7728442666666697,83.73143471466682,83.73143471466682,9.00950997916668,18.18891333333337,56.533011402166764,27.19842331250005,47.230000000000004,0.03462586458333339,1.635379584270836,29.51875,4.012206148282098,20.614828209764916,8.487793851717901,6.690777576853526,,88.48,26.12,29.520795660036168,-0.0020456600361669075,CONSISTENT,51.2±1.7 kg,50.092,陕西汉中市,菜籽饼论文 表2-3,MISSING_IN_TARGET__IMPUTED_906_TRAINING_MEDIAN,REPORTED_INITIAL_BW__NOT_DMI_BACKCALCULATION,RETROSPECTIVE_PRE_FN_UN_LAB_INFORMATION,TARGET_DM_CP_N_HARMONIZED_AND_CHEMISTRY_CROSSCHECKED,0.0
REALV6R_0025,Rapeseed cake::RealV6_菜籽饼_sample5,Rapeseed cake,菜籽饼,5,1,growing,51.20000000000001,1.576943200000003,66.44450173200012,66.44450173200012,7.715116054794533,8.002236666666642,50.727149010538945,15.717352721461175,42.135,0.030799671875000052,1.297744174453127,26.334374999999998,3.8694481830417233,20.289367429340512,7.884701659937193,6.830417227456259,,89.16,23.48,26.334679228353522,-0.0003042283535243939,CONSISTENT,51.2±1.7 kg,44.217,河南许昌市,菜籽饼论文 表2-3,MISSING_IN_TARGET__IMPUTED_906_TRAINING_MEDIAN,REPORTED_INITIAL_BW__NOT_DMI_BACKCALCULATION,RETROSPECTIVE_PRE_FN_UN_LAB_INFORMATION,TARGET_DM_CP_N_HARMONIZED_AND_CHEMISTRY_CROSSCHECKED,0.0
REALV6R_0026,Rapeseed cake::RealV6_菜籽饼_sample5,Rapeseed cake,菜籽饼,5,2,growing,51.20000000000001,1.7861719999999968,75.26035721999986,75.26035721999986,10.26291492207103,11.86118416666665,53.13625813126218,22.12409908873768,42.135,0.03488617187499993,1.469928851953122,26.334374999999998,3.8694481830417233,20.289367429340512,7.884701659937193,6.830417227456259,,89.16,23.48,26.334679228353522,-0.0003042283535243939,CONSISTENT,51.2±1.7 kg,50.083,河南许昌市,菜籽饼论文 表2-3,MISSING_IN_TARGET__IMPUTED_906_TRAINING_MEDIAN,REPORTED_INITIAL_BW__NOT_DMI_BACKCALCULATION,RETROSPECTIVE_PRE_FN_UN_LAB_INFORMATION,TARGET_DM_CP_N_HARMONIZED_AND_CHEMISTRY_CROSSCHECKED,0.0
REALV6R_0027,Rapeseed cake::RealV6_菜籽饼_sample5,Rapeseed cake,菜籽饼,5,3,growing,51.20000000000001,0.6933676000000003,29.215043826000013,29.215043826000013,5.697260981560285,8.414069999999999,15.10371284443973,14.111330981560283,42.135,0.013542335937500004,0.5706063247265627,26.334374999999998,3.8694481830417233,20.289367429340512,7.884701659937193,6.830417227456259,,89.16,23.48,26.334679228353522,-0.0003042283535243939,CONSISTENT,51.2±1.7 kg,19.442,河南许昌市,菜籽饼论文 表2-3,MISSING_IN_TARGET__IMPUTED_906_TRAINING_MEDIAN,REPORTED_INITIAL_BW__NOT_DMI_BACKCALCULATION,RETROSPECTIVE_PRE_FN_UN_LAB_INFORMATION,TARGET_DM_CP_N_HARMONIZED_AND_CHEMISTRY_CROSSCHECKED,0.0
REALV6R_0028,Rapeseed cake::RealV6_菜籽饼_sample5,Rapeseed cake,菜籽饼,5,4,growing,51.20000000000001,1.3555589200000029,57.11647509420012,57.11647509420012,8.019232678438447,19.63736999999993,29.459872415761744,27.656602678438375,42.135,0.026475760156250052,1.1155561541835959,26.334374999999998,3.8694481830417233,20.289367429340512,7.884701659937193,6.830417227456259,,89.16,23.48,26.334679228353522,-0.0003042283535243939,CONSISTENT,51.2±1.7 kg,38.009,河南许昌市,菜籽饼论文 表2-3,MISSING_IN_TARGET__IMPUTED_906_TRAINING_MEDIAN,REPORTED_INITIAL_BW__NOT_DMI_BACKCALCULATION,RETROSPECTIVE_PRE_FN_UN_LAB_INFORMATION,TARGET_DM_CP_N_HARMONIZED_AND_CHEMISTRY_CROSSCHECKED,-3.552713678800501e-15
REALV6R_0029,Rapeseed cake::RealV6_菜籽饼_sample5,Rapeseed cake,菜籽饼,5,5,growing,51.20000000000001,1.608743599999997,67.78441158599988,67.78441158599988,8.537868599673821,20.8950458333333,38.351497152992756,29.43291443300712,42.135,0.03142077343749994,1.3239142887890598,26.334374999999998,3.8694481830417233,20.289367429340512,7.884701659937193,6.830417227456259,,89.16,23.48,26.334679228353522,-0.0003042283535243939,CONSISTENT,51.2±1.7 kg,45.108,河南许昌市,菜籽饼论文 表2-3,MISSING_IN_TARGET__IMPUTED_906_TRAINING_MEDIAN,REPORTED_INITIAL_BW__NOT_DMI_BACKCALCULATION,RETROSPECTIVE_PRE_FN_UN_LAB_INFORMATION,TARGET_DM_CP_N_HARMONIZED_AND_CHEMISTRY_CROSSCHECKED,0.0
REALV6R_0030,Rapeseed cake::RealV6_菜籽饼_sample5,Rapeseed cake,菜籽饼,5,6,growing,51.20000000000001,1.6084463999999998,67.77188906399999,67.77188906399999,8.721463960294368,10.09,48.960425103705624,18.81146396029437,42.135,0.03141496874999999,1.3236697082812496,26.334374999999998,3.8694481830417233,20.289367429340512,7.884701659937193,6.830417227456259,,89.16,23.48,26.334679228353522,-0.0003042283535243939,CONSISTENT,51.2±1.7 kg,45.1,河南许昌市,菜籽饼论文 表2-3,MISSING_IN_TARGET__IMPUTED_906_TRAINING_MEDIAN,REPORTED_INITIAL_BW__NOT_DMI_BACKCALCULATION,RETROSPECTIVE_PRE_FN_UN_LAB_INFORMATION,TARGET_DM_CP_N_HARMONIZED_AND_CHEMISTRY_CROSSCHECKED,-7.105427357601002e-15
REALV6R_0031,Rapeseed cake::RealV6_菜籽饼_sample6,Rapeseed cake,菜籽饼,6,1,growing,51.20000000000001,1.7764791666666695,80.19026958333347,80.19026958333347,11.54865120657726,13.7488325,54.892785876756214,25.29748370657726,45.14000000000001,0.03469685872395838,1.5662162027994817,28.212500000000002,4.574647887323944,21.791549295774647,9.23943661971831,6.647887323943663,,88.75,25.04,28.214084507042255,-0.0015845070422528806,CONSISTENT,51.2±1.7 kg,50.042,湖北仙桃市,菜籽饼论文 表2-3,MISSING_IN_TARGET__IMPUTED_906_TRAINING_MEDIAN,REPORTED_INITIAL_BW__NOT_DMI_BACKCALCULATION,RETROSPECTIVE_PRE_FN_UN_LAB_INFORMATION,TARGET_DM_CP_N_HARMONIZED_AND_CHEMISTRY_CROSSCHECKED,0.0
REALV6R_0032,Rapeseed cake::RealV6_菜籽饼_sample6,Rapeseed cake,菜籽饼,6,2,growing,51.20000000000001,1.4081666666666695,63.564643333333464,63.564643333333464,9.100163371287135,11.0593925,43.40508746204633,20.159555871287132,45.14,0.027503255208333383,1.241496940104169,28.212500000000002,4.574647887323944,21.791549295774647,9.23943661971831,6.647887323943663,,88.75,25.04,28.214084507042255,-0.0015845070422528806,CONSISTENT,51.2±1.7 kg,39.667,湖北仙桃市,菜籽饼论文 表2-3,MISSING_IN_TARGET__IMPUTED_906_TRAINING_MEDIAN,REPORTED_INITIAL_BW__NOT_DMI_BACKCALCULATION,RETROSPECTIVE_PRE_FN_UN_LAB_INFORMATION,TARGET_DM_CP_N_HARMONIZED_AND_CHEMISTRY_CROSSCHECKED,-7.105427357601002e-15
REALV6R_0033,Rapeseed cake::RealV6_菜籽饼_sample6,Rapeseed cake,菜籽饼,6,3,growing,51.20000000000001,1.7788458333333306,80.29710091666655,80.29710091666655,11.52298709630704,18.1115433333333,50.66257048702621,29.634530429640343,45.14000000000001,0.03474308268229161,1.5683027522786432,28.212500000000002,4.574647887323944,21.791549295774647,9.23943661971831,6.647887323943663,,88.75,25.04,28.214084507042255,-0.0015845070422528806,CONSISTENT,51.2±1.7 kg,50.108,湖北仙桃市,菜籽饼论文 表2-3,MISSING_IN_TARGET__IMPUTED_906_TRAINING_MEDIAN,REPORTED_INITIAL_BW__NOT_DMI_BACKCALCULATION,RETROSPECTIVE_PRE_FN_UN_LAB_INFORMATION,TARGET_DM_CP_N_HARMONIZED_AND_CHEMISTRY_CROSSCHECKED,7.105427357601002e-15
REALV6R_0034,Rapeseed cake::RealV6_菜籽饼_sample6,Rapeseed cake,菜籽饼,6,4,growing,51.20000000000001,1.5383333333333304,69.44036666666653,69.44036666666653,9.292759237772753,13.48287500000001,46.66473242889377,22.775634237772763,45.14,0.030045572916666603,1.3562571614583305,28.212500000000002,4.574647887323944,21.791549295774647,9.23943661971831,6.647887323943663,,88.75,25.04,28.214084507042255,-0.0015845070422528806,CONSISTENT,51.2±1.7 kg,43.333,湖北仙桃市,菜籽饼论文 表2-3,MISSING_IN_TARGET__IMPUTED_906_TRAINING_MEDIAN,REPORTED_INITIAL_BW__NOT_DMI_BACKCALCULATION,RETROSPECTIVE_PRE_FN_UN_LAB_INFORMATION,TARGET_DM_CP_N_HARMONIZED_AND_CHEMISTRY_CROSSCHECKED,0.0
REALV6R_0035,Rapeseed cake::RealV6_菜籽饼_sample6,Rapeseed cake,菜籽饼,6,5,growing,51.20000000000001,1.6010499999999999,72.271397,72.271397,9.121213279878965,14.68226666666669,48.467917053454336,23.803479946545657,45.14,0.031270507812499994,1.4115507226562496,28.212500000000002,4.574647887323944,21.791549295774647,9.23943661971831,6.647887323943663,,88.75,25.04,28.214084507042255,-0.0015845070422528806,CONSISTENT,51.2±1.7 kg,45.1,湖北仙桃市,菜籽饼论文 表2-3,MISSING_IN_TARGET__IMPUTED_906_TRAINING_MEDIAN,REPORTED_INITIAL_BW__NOT_DMI_BACKCALCULATION,RETROSPECTIVE_PRE_FN_UN_LAB_INFORMATION,TARGET_DM_CP_N_HARMONIZED_AND_CHEMISTRY_CROSSCHECKED,0.0
REALV6R_0036,Rapeseed cake::RealV6_菜籽饼_sample6,Rapeseed cake,菜籽饼,6,6,growing,51.20000000000001,1.5569708333333305,70.28166341666655,70.28166341666655,10.47132691700853,9.795412499999996,50.01492399965802,20.266739417008527,45.14000000000001,0.030409586588541607,1.3726887386067683,28.212500000000002,4.574647887323944,21.791549295774647,9.23943661971831,6.647887323943663,,88.75,25.04,28.214084507042255,-0.0015845070422528806,CONSISTENT,51.2±1.7 kg,43.858,湖北仙桃市,菜籽饼论文 表2-3,MISSING_IN_TARGET__IMPUTED_906_TRAINING_MEDIAN,REPORTED_INITIAL_BW__NOT_DMI_BACKCALCULATION,RETROSPECTIVE_PRE_FN_UN_LAB_INFORMATION,TARGET_DM_CP_N_HARMONIZED_AND_CHEMISTRY_CROSSCHECKED,-7.105427357601002e-15
REALV6R_0037,Rapeseed cake::RealV6_菜籽饼_sample7,Rapeseed cake,菜籽饼,7,1,growing,51.20000000000001,1.7909848000000028,74.34377904800012,74.34377904800012,18.3705879506682,13.33151625,42.64167484733191,31.7021042006682,41.51,0.03498017187500005,1.452026934531252,25.943749999999998,4.897685340489768,25.472436542547243,10.007827351000781,6.485519400648551,,89.43,23.2,25.942077602594203,0.0016723974057946123,CONSISTENT,51.2±1.7 kg,50.067,湖南怀化市,菜籽饼论文 表2-3,MISSING_IN_TARGET__IMPUTED_906_TRAINING_MEDIAN,REPORTED_INITIAL_BW__NOT_DMI_BACKCALCULATION,RETROSPECTIVE_PRE_FN_UN_LAB_INFORMATION,TARGET_DM_CP_N_HARMONIZED_AND_CHEMISTRY_CROSSCHECKED,7.105427357601002e-15
REALV6R_0038,Rapeseed cake::RealV6_菜籽饼_sample7,Rapeseed cake,菜籽饼,7,2,growing,51.20000000000001,1.7909848000000028,74.34377904800012,74.34377904800012,14.89162109119131,20.56002666666663,38.892131290142174,35.45164775785794,41.51,0.03498017187500005,1.452026934531252,25.943749999999998,4.897685340489768,25.472436542547243,10.007827351000781,6.485519400648551,,89.43,23.2,25.942077602594203,0.0016723974057946123,CONSISTENT,51.2±1.7 kg,50.067,湖南怀化市,菜籽饼论文 表2-3,MISSING_IN_TARGET__IMPUTED_906_TRAINING_MEDIAN,REPORTED_INITIAL_BW__NOT_DMI_BACKCALCULATION,RETROSPECTIVE_PRE_FN_UN_LAB_INFORMATION,TARGET_DM_CP_N_HARMONIZED_AND_CHEMISTRY_CROSSCHECKED,0.0
REALV6R_0039,Rapeseed cake::RealV6_菜籽饼_sample7,Rapeseed cake,菜籽饼,7,3,growing,51.20000000000001,1.792475299999997,74.40564970299987,74.40564970299987,19.81525491539245,11.31048333333331,43.27991145427411,31.12573824872576,41.50999999999999,0.035009283203124936,1.4532353457617158,25.943749999999998,4.897685340489768,25.472436542547243,10.007827351000781,6.485519400648551,,89.43,23.2,25.942077602594203,0.0016723974057946123,CONSISTENT,51.2±1.7 kg,50.108,湖南怀化市,菜籽饼论文 表2-3,MISSING_IN_TARGET__IMPUTED_906_TRAINING_MEDIAN,REPORTED_INITIAL_BW__NOT_DMI_BACKCALCULATION,RETROSPECTIVE_PRE_FN_UN_LAB_INFORMATION,TARGET_DM_CP_N_HARMONIZED_AND_CHEMISTRY_CROSSCHECKED,0.0
REALV6R_0040,Rapeseed cake::RealV6_菜籽饼_sample7,Rapeseed cake,菜籽饼,7,4,growing,51.20000000000001,1.493779099999997,62.006770440999865,62.006770440999865,15.17453984919208,14.61504333333336,32.217187258474425,29.78958318252544,41.51,0.029175373046874935,1.2110697351757784,25.943749999999998,4.897685340489768,25.472436542547243,10.007827351000781,6.485519400648551,,89.43,23.2,25.942077602594203,0.0016723974057946123,CONSISTENT,51.2±1.7 kg,41.758,湖南怀化市,菜籽饼论文 表2-3,MISSING_IN_TARGET__IMPUTED_906_TRAINING_MEDIAN,REPORTED_INITIAL_BW__NOT_DMI_BACKCALCULATION,RETROSPECTIVE_PRE_FN_UN_LAB_INFORMATION,TARGET_DM_CP_N_HARMONIZED_AND_CHEMISTRY_CROSSCHECKED,0.0
REALV6R_0041,Rapeseed cake::RealV6_菜籽饼_sample7,Rapeseed cake,菜籽饼,7,5,growing,51.20000000000001,1.4943753,62.03151870299999,62.03151870299999,15.2420715183116,12.36910416666668,34.42034301802171,27.611175684978278,41.50999999999999,0.029187017578124995,1.2115530996679682,25.943749999999998,4.897685340489768,25.472436542547243,10.007827351000781,6.485519400648551,,89.43,23.2,25.942077602594203,0.0016723974057946123,CONSISTENT,51.2±1.7 kg,41.775,湖南怀化市,菜籽饼论文 表2-3,MISSING_IN_TARGET__IMPUTED_906_TRAINING_MEDIAN,REPORTED_INITIAL_BW__NOT_DMI_BACKCALCULATION,RETROSPECTIVE_PRE_FN_UN_LAB_INFORMATION,TARGET_DM_CP_N_HARMONIZED_AND_CHEMISTRY_CROSSCHECKED,0.0
REALV6R_0042,Rapeseed cake::RealV6_菜籽饼_sample7,Rapeseed cake,菜籽饼,7,6,growing,51.20000000000001,1.493779099999997,62.006770440999865,62.006770440999865,16.34206442161339,12.74523249999997,32.91947351938651,29.08729692161336,41.51,0.029175373046874935,1.2110697351757784,25.943749999999998,4.897685340489768,25.472436542547243,10.007827351000781,6.485519400648551,,89.43,23.2,25.942077602594203,0.0016723974057946123,CONSISTENT,51.2±1.7 kg,41.758,湖南怀化市,菜籽饼论文 表2-3,MISSING_IN_TARGET__IMPUTED_906_TRAINING_MEDIAN,REPORTED_INITIAL_BW__NOT_DMI_BACKCALCULATION,RETROSPECTIVE_PRE_FN_UN_LAB_INFORMATION,TARGET_DM_CP_N_HARMONIZED_AND_CHEMISTRY_CROSSCHECKED,-7.105427357601002e-15
REALV6R_0043,Rapeseed cake::RealV6_菜籽饼_sample8,Rapeseed cake,菜籽饼,8,1,growing,51.20000000000001,1.6021830666666697,85.3963574533335,85.3963574533335,7.855403960841066,22.02638583333337,55.514567659159056,29.881789794174438,53.3,0.03129263802083339,1.6678976065104194,33.3125,3.9535931516107228,22.876774048209054,8.346474431178192,6.915972065780581,,88.78,29.57,33.30705113764361,0.0054488623563884175,CONSISTENT,51.2±1.7 kg,45.117,重庆市,菜籽饼论文 表2-3,MISSING_IN_TARGET__IMPUTED_906_TRAINING_MEDIAN,REPORTED_INITIAL_BW__NOT_DMI_BACKCALCULATION,RETROSPECTIVE_PRE_FN_UN_LAB_INFORMATION,TARGET_DM_CP_N_HARMONIZED_AND_CHEMISTRY_CROSSCHECKED,7.105427357601002e-15
REALV6R_0044,Rapeseed cake::RealV6_菜籽饼_sample8,Rapeseed cake,菜籽饼,8,2,growing,51.20000000000001,1.6018871333333307,85.38058420666653,85.38058420666653,8.757174179187531,20.2291875,56.394222527478995,28.98636167918753,53.300000000000004,0.03128685807291661,1.6675895352864554,33.3125,3.9535931516107228,22.876774048209054,8.346474431178192,6.915972065780581,,88.78,29.57,33.30705113764361,0.0054488623563884175,CONSISTENT,51.2±1.7 kg,45.108,重庆市,菜籽饼论文 表2-3,MISSING_IN_TARGET__IMPUTED_906_TRAINING_MEDIAN,REPORTED_INITIAL_BW__NOT_DMI_BACKCALCULATION,RETROSPECTIVE_PRE_FN_UN_LAB_INFORMATION,TARGET_DM_CP_N_HARMONIZED_AND_CHEMISTRY_CROSSCHECKED,7.105427357601002e-15
REALV6R_0045,Rapeseed cake::RealV6_菜籽饼_sample8,Rapeseed cake,菜籽饼,8,3,growing,51.20000000000001,1.9043310000000002,101.50084230000002,101.50084230000002,11.87695616739516,20.1927483333333,69.43113779927155,32.06970450072846,53.300000000000004,0.037193964843749996,1.982438326171875,33.3125,3.9535931516107228,22.876774048209054,8.346474431178192,6.915972065780581,,88.78,29.57,33.30705113764361,0.0054488623563884175,CONSISTENT,51.2±1.7 kg,53.625,重庆市,菜籽饼论文 表2-3,MISSING_IN_TARGET__IMPUTED_906_TRAINING_MEDIAN,REPORTED_INITIAL_BW__NOT_DMI_BACKCALCULATION,RETROSPECTIVE_PRE_FN_UN_LAB_INFORMATION,TARGET_DM_CP_N_HARMONIZED_AND_CHEMISTRY_CROSSCHECKED,0.0
REALV6R_0046,Rapeseed cake::RealV6_菜籽饼_sample8,Rapeseed cake,菜籽饼,8,4,growing,51.20000000000001,1.9561193333333304,104.26116046666651,104.26116046666651,12.00660765014577,21.5157525,70.73880031652074,33.52236015014577,53.3,0.0382054557291666,2.0363507903645797,33.3125,3.9535931516107228,22.876774048209054,8.346474431178192,6.915972065780581,,88.78,29.57,33.30705113764361,0.0054488623563884175,CONSISTENT,51.2±1.7 kg,55.083,重庆市,菜籽饼论文 表2-3,MISSING_IN_TARGET__IMPUTED_906_TRAINING_MEDIAN,REPORTED_INITIAL_BW__NOT_DMI_BACKCALCULATION,RETROSPECTIVE_PRE_FN_UN_LAB_INFORMATION,TARGET_DM_CP_N_HARMONIZED_AND_CHEMISTRY_CROSSCHECKED,0.0
REALV6R_0047,Rapeseed cake::RealV6_菜籽饼_sample8,Rapeseed cake,菜籽饼,8,5,growing,51.20000000000001,1.8963408000000002,101.07496464,101.07496464,13.66247537171456,15.63370249999997,71.77878676828547,29.29617787171453,53.3,0.037037906249999995,1.9741204031249997,33.3125,3.9535931516107228,22.876774048209054,8.346474431178192,6.915972065780581,,88.78,29.57,33.30705113764361,0.0054488623563884175,CONSISTENT,51.2±1.7 kg,53.4,重庆市,菜籽饼论文 表2-3,MISSING_IN_TARGET__IMPUTED_906_TRAINING_MEDIAN,REPORTED_INITIAL_BW__NOT_DMI_BACKCALCULATION,RETROSPECTIVE_PRE_FN_UN_LAB_INFORMATION,TARGET_DM_CP_N_HARMONIZED_AND_CHEMISTRY_CROSSCHECKED,0.0
REALV6R_0048,Rapeseed cake::RealV6_菜籽饼_sample8,Rapeseed cake,菜籽饼,8,6,growing,51.20000000000001,1.8960448666666698,101.0591913933335,101.0591913933335,11.15948069982932,22.35983,67.53988069350419,33.51931069982932,53.300000000000004,0.037032126302083385,1.9738123319010448,33.3125,3.9535931516107228,22.876774048209054,8.346474431178192,6.915972065780581,,88.78,29.57,33.30705113764361,0.0054488623563884175,CONSISTENT,51.2±1.7 kg,53.392,重庆市,菜籽饼论文 表2-3,MISSING_IN_TARGET__IMPUTED_906_TRAINING_MEDIAN,REPORTED_INITIAL_BW__NOT_DMI_BACKCALCULATION,RETROSPECTIVE_PRE_FN_UN_LAB_INFORMATION,TARGET_DM_CP_N_HARMONIZED_AND_CHEMISTRY_CROSSCHECKED,0.0
REALV6R_0049,Rapeseed cake::RealV6_菜籽饼_sample9,Rapeseed cake,菜籽饼,9,1,growing,51.20000000000001,1.94642633333333,84.58195631499987,84.58195631499987,11.64619027511528,19.62375333333331,53.312012706551286,31.26994360844859,43.455000000000005,0.038016139322916594,1.651991334277341,27.159375,4.043035107587769,29.796149490373725,9.048697621744054,6.693091732729332,,88.3,23.98,27.157417893544736,0.001957106455265034,CONSISTENT,51.2±1.7 kg,55.108,湖南湘乡市,菜籽饼论文 表2-3,MISSING_IN_TARGET__IMPUTED_906_TRAINING_MEDIAN,REPORTED_INITIAL_BW__NOT_DMI_BACKCALCULATION,RETROSPECTIVE_PRE_FN_UN_LAB_INFORMATION,TARGET_DM_CP_N_HARMONIZED_AND_CHEMISTRY_CROSSCHECKED,-1.4210854715202004e-14
REALV6R_0050,Rapeseed cake::RealV6_菜籽饼_sample9,Rapeseed cake,菜籽饼,9,2,growing,51.20000000000001,1.94642633333333,84.58195631499987,84.58195631499987,17.48487953258428,22.36746791666663,44.72960886574896,39.852347449250914,43.455000000000005,0.038016139322916594,1.651991334277341,27.159375,4.043035107587769,29.796149490373725,9.048697621744054,6.693091732729332,,88.3,23.98,27.157417893544736,0.001957106455265034,CONSISTENT,51.2±1.7 kg,55.108,湖南湘乡市,菜籽饼论文 表2-3,MISSING_IN_TARGET__IMPUTED_906_TRAINING_MEDIAN,REPORTED_INITIAL_BW__NOT_DMI_BACKCALCULATION,RETROSPECTIVE_PRE_FN_UN_LAB_INFORMATION,TARGET_DM_CP_N_HARMONIZED_AND_CHEMISTRY_CROSSCHECKED,1.4210854715202004e-14
REALV6R_0051,Rapeseed cake::RealV6_菜籽饼_sample9,Rapeseed cake,菜籽饼,9,3,growing,51.20000000000001,1.9467206666666699,84.59474657000015,84.59474657000015,14.03274583153346,19.365255,51.196745738466696,33.39800083153346,43.455000000000005,0.03802188802083339,1.6522411439453153,27.159375,4.043035107587769,29.796149490373725,9.048697621744054,6.693091732729332,,88.3,23.98,27.157417893544736,0.001957106455265034,CONSISTENT,51.2±1.7 kg,55.117,湖南湘乡市,菜籽饼论文 表2-3,MISSING_IN_TARGET__IMPUTED_906_TRAINING_MEDIAN,REPORTED_INITIAL_BW__NOT_DMI_BACKCALCULATION,RETROSPECTIVE_PRE_FN_UN_LAB_INFORMATION,TARGET_DM_CP_N_HARMONIZED_AND_CHEMISTRY_CROSSCHECKED,-7.105427357601002e-15
REALV6R_0052,Rapeseed cake::RealV6_菜籽饼_sample9,Rapeseed cake,菜籽饼,9,4,growing,51.20000000000001,2.0347263333333303,88.41903281499988,88.41903281499988,12.52153878571427,26.49303125,49.40446277928561,39.01457003571427,43.455000000000005,0.0397407486979166,1.7269342346679661,27.159375,4.043035107587769,29.796149490373725,9.048697621744054,6.693091732729332,,88.3,23.98,27.157417893544736,0.001957106455265034,CONSISTENT,51.2±1.7 kg,57.608,湖南湘乡市,菜籽饼论文 表2-3,MISSING_IN_TARGET__IMPUTED_906_TRAINING_MEDIAN,REPORTED_INITIAL_BW__NOT_DMI_BACKCALCULATION,RETROSPECTIVE_PRE_FN_UN_LAB_INFORMATION,TARGET_DM_CP_N_HARMONIZED_AND_CHEMISTRY_CROSSCHECKED,0.0
REALV6R_0053,Rapeseed cake::RealV6_菜籽饼_sample9,Rapeseed cake,菜籽饼,9,5,growing,51.20000000000001,1.9720333333333302,85.69470849999988,85.69470849999988,13.20041792350225,21.76561666666669,50.72867390983093,34.966034590168945,43.455000000000005,0.038516276041666596,1.6737247753906224,27.159375,4.043035107587769,29.796149490373725,9.048697621744054,6.693091732729332,,88.3,23.98,27.157417893544736,0.001957106455265034,CONSISTENT,51.2±1.7 kg,55.833,湖南湘乡市,菜籽饼论文 表2-3,MISSING_IN_TARGET__IMPUTED_906_TRAINING_MEDIAN,REPORTED_INITIAL_BW__NOT_DMI_BACKCALCULATION,RETROSPECTIVE_PRE_FN_UN_LAB_INFORMATION,TARGET_DM_CP_N_HARMONIZED_AND_CHEMISTRY_CROSSCHECKED,1.4210854715202004e-14
REALV6R_0054,Rapeseed cake::RealV6_菜籽饼_sample9,Rapeseed cake,菜籽饼,9,6,growing,51.20000000000001,2.12214333333333,92.21773854999986,92.21773854999986,13.01842586833395,20.47937666666669,58.71993601499923,33.49780253500064,43.455,0.0414481119791666,1.8011277060546844,27.159375,4.043035107587769,29.796149490373725,9.048697621744054,6.693091732729332,,88.3,23.98,27.157417893544736,0.001957106455265034,CONSISTENT,51.2±1.7 kg,60.083,湖南湘乡市,菜籽饼论文 表2-3,MISSING_IN_TARGET__IMPUTED_906_TRAINING_MEDIAN,REPORTED_INITIAL_BW__NOT_DMI_BACKCALCULATION,RETROSPECTIVE_PRE_FN_UN_LAB_INFORMATION,TARGET_DM_CP_N_HARMONIZED_AND_CHEMISTRY_CROSSCHECKED,0.0
REALV6R_0055,Rapeseed cake::RealV6_菜籽饼_sample10,Rapeseed cake,菜籽饼,10,1,growing,51.20000000000001,1.9509061000000032,86.76654879750015,86.76654879750015,15.26611961674233,15.70929733333335,55.79113184742447,30.97541695007568,44.475,0.038103634765625054,1.6946591562011746,27.796875,4.247147859482661,23.235061561052753,9.081667231446966,6.720885575511127,,88.53,24.61,27.79848638879476,-0.0016113887947604155,CONSISTENT,51.2±1.7 kg,55.092,湖北汉川市,菜籽饼论文 表2-3,MISSING_IN_TARGET__IMPUTED_906_TRAINING_MEDIAN,REPORTED_INITIAL_BW__NOT_DMI_BACKCALCULATION,RETROSPECTIVE_PRE_FN_UN_LAB_INFORMATION,TARGET_DM_CP_N_HARMONIZED_AND_CHEMISTRY_CROSSCHECKED,0.0
REALV6R_0056,Rapeseed cake::RealV6_菜籽饼_sample10,Rapeseed cake,菜籽饼,10,2,growing,51.20000000000001,1.8609006,82.763554185,82.763554185,12.00442234149402,22.5643,48.19483184350598,34.56872234149402,44.475,0.03634571484374999,1.616475667675781,27.796875,4.247147859482661,23.235061561052753,9.081667231446966,6.720885575511127,,88.53,24.61,27.79848638879476,-0.0016113887947604155,CONSISTENT,51.2±1.7 kg,52.55,湖北汉川市,菜籽饼论文 表2-3,MISSING_IN_TARGET__IMPUTED_906_TRAINING_MEDIAN,REPORTED_INITIAL_BW__NOT_DMI_BACKCALCULATION,RETROSPECTIVE_PRE_FN_UN_LAB_INFORMATION,TARGET_DM_CP_N_HARMONIZED_AND_CHEMISTRY_CROSSCHECKED,0.0
REALV6R_0057,Rapeseed cake::RealV6_菜籽饼_sample10,Rapeseed cake,菜籽饼,10,3,growing,51.20000000000001,1.9503159,86.7402996525,86.7402996525,13.21698979953379,16.15076308333335,57.37254676963286,29.367752882867137,44.474999999999994,0.03809210742187499,1.6941464775878903,27.796875,4.247147859482661,23.235061561052753,9.081667231446966,6.720885575511127,,88.53,24.61,27.79848638879476,-0.0016113887947604155,CONSISTENT,51.2±1.7 kg,55.075,湖北汉川市,菜籽饼论文 表2-3,MISSING_IN_TARGET__IMPUTED_906_TRAINING_MEDIAN,REPORTED_INITIAL_BW__NOT_DMI_BACKCALCULATION,RETROSPECTIVE_PRE_FN_UN_LAB_INFORMATION,TARGET_DM_CP_N_HARMONIZED_AND_CHEMISTRY_CROSSCHECKED,0.0
REALV6R_0058,Rapeseed cake::RealV6_菜籽饼_sample10,Rapeseed cake,菜籽饼,10,4,growing,51.20000000000001,1.9512012,86.77967337,86.77967337,15.29759310197181,22.3041,49.17798026802819,37.601693101971804,44.474999999999994,0.0381093984375,1.694915495507812,27.796875,4.247147859482661,23.235061561052753,9.081667231446966,6.720885575511127,,88.53,24.61,27.79848638879476,-0.0016113887947604155,CONSISTENT,51.2±1.7 kg,55.1,湖北汉川市,菜籽饼论文 表2-3,MISSING_IN_TARGET__IMPUTED_906_TRAINING_MEDIAN,REPORTED_INITIAL_BW__NOT_DMI_BACKCALCULATION,RETROSPECTIVE_PRE_FN_UN_LAB_INFORMATION,TARGET_DM_CP_N_HARMONIZED_AND_CHEMISTRY_CROSSCHECKED,-7.105427357601002e-15
REALV6R_0059,Rapeseed cake::RealV6_菜籽饼_sample10,Rapeseed cake,菜籽饼,10,5,growing,51.20000000000001,2.1276709999999968,94.62816772499986,94.62816772499986,14.80152497797843,19.99512966666668,59.831513080354746,34.79665464464511,44.475,0.041556074218749926,1.848206400878903,27.796875,4.247147859482661,23.235061561052753,9.081667231446966,6.720885575511127,,88.53,24.61,27.79848638879476,-0.0016113887947604155,CONSISTENT,51.2±1.7 kg,60.083,湖北汉川市,菜籽饼论文 表2-3,MISSING_IN_TARGET__IMPUTED_906_TRAINING_MEDIAN,REPORTED_INITIAL_BW__NOT_DMI_BACKCALCULATION,RETROSPECTIVE_PRE_FN_UN_LAB_INFORMATION,TARGET_DM_CP_N_HARMONIZED_AND_CHEMISTRY_CROSSCHECKED,-7.105427357601002e-15
REALV6R_0060,Rapeseed cake::RealV6_菜籽饼_sample10,Rapeseed cake,菜籽饼,10,6,growing,51.20000000000001,2.127080800000003,94.60191858000013,94.60191858000013,14.76690266945998,17.60042991666666,62.234585993873495,32.367332586126636,44.475,0.04154454687500005,1.8476937222656271,27.796875,4.247147859482661,23.235061561052753,9.081667231446966,6.720885575511127,,88.53,24.61,27.79848638879476,-0.0016113887947604155,CONSISTENT,51.2±1.7 kg,60.067,湖北汉川市,菜籽饼论文 表2-3,MISSING_IN_TARGET__IMPUTED_906_TRAINING_MEDIAN,REPORTED_INITIAL_BW__NOT_DMI_BACKCALCULATION,RETROSPECTIVE_PRE_FN_UN_LAB_INFORMATION,TARGET_DM_CP_N_HARMONIZED_AND_CHEMISTRY_CROSSCHECKED,0.0
REALV6R_0241,Sorghum::RealV6_高粱_sample1,Sorghum,高粱,1,1,finishing,70.0,1.7508,41.534672405547596,41.534672405547596,7.270159534727799,9.918241666666656,24.34627120415314,17.188401201394456,23.723253601523645,0.02501142857142857,0.5933524629363942,14.827033500952277,1.7820424948594926,23.783413296778615,4.30660269591044,5.414667580534613,,87.54,12.98,14.82750742517706,-0.0004739242247833175,CONSISTENT,70.0±1.8 kg,50.0,"East Panjin, Liaoning",Sorghum paper Table 2,MISSING_IN_TARGET__IMPUTED_906_TRAINING_MEDIAN,REPORTED_INITIAL_BW__NOT_DMI_BACKCALCULATION,RETROSPECTIVE_PRE_FN_UN_LAB_INFORMATION,TARGET_DM_CP_N_HARMONIZED_AND_CHEMISTRY_CROSSCHECKED,3.552713678800501e-15
REALV6R_0242,Sorghum::RealV6_高粱_sample1,Sorghum,高粱,1,2,finishing,70.0,1.7508,41.534672405547596,41.534672405547596,7.251135130387699,9.229754999999987,25.05378227515991,16.480890130387685,23.723253601523645,0.02501142857142857,0.5933524629363942,14.827033500952277,1.7820424948594926,23.783413296778615,4.30660269591044,5.414667580534613,,87.54,12.98,14.82750742517706,-0.0004739242247833175,CONSISTENT,70.0±1.8 kg,50.0,"East Panjin, Liaoning",Sorghum paper Table 2,MISSING_IN_TARGET__IMPUTED_906_TRAINING_MEDIAN,REPORTED_INITIAL_BW__NOT_DMI_BACKCALCULATION,RETROSPECTIVE_PRE_FN_UN_LAB_INFORMATION,TARGET_DM_CP_N_HARMONIZED_AND_CHEMISTRY_CROSSCHECKED,-3.552713678800501e-15
REALV6R_0243,Sorghum::RealV6_高粱_sample1,Sorghum,高粱,1,3,finishing,70.0,1.7508,41.534672405547596,41.534672405547596,6.409718827569582,8.409779999999989,26.715173577978025,14.819498827569571,23.723253601523645,0.02501142857142857,0.5933524629363942,14.827033500952277,1.7820424948594926,23.783413296778615,4.30660269591044,5.414667580534613,,87.54,12.98,14.82750742517706,-0.0004739242247833175,CONSISTENT,70.0±1.8 kg,50.0,"East Panjin, Liaoning",Sorghum paper Table 2,MISSING_IN_TARGET__IMPUTED_906_TRAINING_MEDIAN,REPORTED_INITIAL_BW__NOT_DMI_BACKCALCULATION,RETROSPECTIVE_PRE_FN_UN_LAB_INFORMATION,TARGET_DM_CP_N_HARMONIZED_AND_CHEMISTRY_CROSSCHECKED,-3.552713678800501e-15
REALV6R_0244,Sorghum::RealV6_高粱_sample1,Sorghum,高粱,1,4,finishing,70.0,1.7508,41.534672405547596,41.534672405547596,7.112574337327518,8.646259999999995,25.775838068220082,15.758834337327514,23.723253601523645,0.02501142857142857,0.5933524629363942,14.827033500952277,1.7820424948594926,23.783413296778615,4.30660269591044,5.414667580534613,,87.54,12.98,14.82750742517706,-0.0004739242247833175,CONSISTENT,70.0±1.8 kg,50.0,"East Panjin, Liaoning",Sorghum paper Table 2,MISSING_IN_TARGET__IMPUTED_906_TRAINING_MEDIAN,REPORTED_INITIAL_BW__NOT_DMI_BACKCALCULATION,RETROSPECTIVE_PRE_FN_UN_LAB_INFORMATION,TARGET_DM_CP_N_HARMONIZED_AND_CHEMISTRY_CROSSCHECKED,3.552713678800501e-15
REALV6R_0245,Sorghum::RealV6_高粱_sample1,Sorghum,高粱,1,5,finishing,70.0,1.7508,41.534672405547596,41.534672405547596,6.831933410613313,10.06316,24.639578994934283,16.895093410613313,23.723253601523645,0.02501142857142857,0.5933524629363942,14.827033500952277,1.7820424948594926,23.783413296778615,4.30660269591044,5.414667580534613,,87.54,12.98,14.82750742517706,-0.0004739242247833175,CONSISTENT,70.0±1.8 kg,50.0,"East Panjin, Liaoning",Sorghum paper Table 2,MISSING_IN_TARGET__IMPUTED_906_TRAINING_MEDIAN,REPORTED_INITIAL_BW__NOT_DMI_BACKCALCULATION,RETROSPECTIVE_PRE_FN_UN_LAB_INFORMATION,TARGET_DM_CP_N_HARMONIZED_AND_CHEMISTRY_CROSSCHECKED,-3.552713678800501e-15
REALV6R_0246,Sorghum::RealV6_高粱_sample1,Sorghum,高粱,1,6,finishing,70.0,1.7508,41.534672405547596,41.534672405547596,5.921041841011747,8.890859999999998,26.72277056453585,14.811901841011746,23.723253601523645,0.02501142857142857,0.5933524629363942,14.827033500952277,1.7820424948594926,23.783413296778615,4.30660269591044,5.414667580534613,,87.54,12.98,14.82750742517706,-0.0004739242247833175,CONSISTENT,70.0±1.8 kg,50.0,"East Panjin, Liaoning",Sorghum paper Table 2,MISSING_IN_TARGET__IMPUTED_906_TRAINING_MEDIAN,REPORTED_INITIAL_BW__NOT_DMI_BACKCALCULATION,RETROSPECTIVE_PRE_FN_UN_LAB_INFORMATION,TARGET_DM_CP_N_HARMONIZED_AND_CHEMISTRY_CROSSCHECKED,0.0
REALV6R_0247,Sorghum::RealV6_高粱_sample2,Sorghum,高粱,2,1,finishing,70.0,1.7386,44.201605288007585,44.201605288007585,5.514513087894736,6.476400000000001,32.210692200112845,11.990913087894736,25.423677262169324,0.024837142857142856,0.6314515041143941,15.88979828885583,0.3451052571034165,28.321638099620383,6.5339928678246855,6.050845507879902,,86.93,13.81,15.886345335327274,0.0034529535285567903,CONSISTENT,70.0±1.8 kg,50.0,"West Chaoyang, Liaoning",Sorghum paper Table 2,MISSING_IN_TARGET__IMPUTED_906_TRAINING_MEDIAN,REPORTED_INITIAL_BW__NOT_DMI_BACKCALCULATION,RETROSPECTIVE_PRE_FN_UN_LAB_INFORMATION,TARGET_DM_CP_N_HARMONIZED_AND_CHEMISTRY_CROSSCHECKED,7.105427357601002e-15
REALV6R_0248,Sorghum::RealV6_高粱_sample2,Sorghum,高粱,2,2,finishing,70.0,1.7386,44.201605288007585,44.201605288007585,6.200739247887274,5.777519999999999,32.22334604012031,11.978259247887273,25.423677262169324,0.024837142857142856,0.6314515041143941,15.88979828885583,0.3451052571034165,28.321638099620383,6.5339928678246855,6.050845507879902,,86.93,13.81,15.886345335327274,0.0034529535285567903,CONSISTENT,70.0±1.8 kg,50.0,"West Chaoyang, Liaoning",Sorghum paper Table 2,MISSING_IN_TARGET__IMPUTED_906_TRAINING_MEDIAN,REPORTED_INITIAL_BW__NOT_DMI_BACKCALCULATION,RETROSPECTIVE_PRE_FN_UN_LAB_INFORMATION,TARGET_DM_CP_N_HARMONIZED_AND_CHEMISTRY_CROSSCHECKED,7.105427357601002e-15
REALV6R_0249,Sorghum::RealV6_高粱_sample2,Sorghum,高粱,2,3,finishing,70.0,1.7386,44.201605288007585,44.201605288007585,7.802391007633575,7.034933333333337,29.364280947040672,14.837324340966912,25.423677262169324,0.024837142857142856,0.6314515041143941,15.88979828885583,0.3451052571034165,28.321638099620383,6.5339928678246855,6.050845507879902,,86.93,13.81,15.886345335327274,0.0034529535285567903,CONSISTENT,70.0±1.8 kg,50.0,"West Chaoyang, Liaoning",Sorghum paper Table 2,MISSING_IN_TARGET__IMPUTED_906_TRAINING_MEDIAN,REPORTED_INITIAL_BW__NOT_DMI_BACKCALCULATION,RETROSPECTIVE_PRE_FN_UN_LAB_INFORMATION,TARGET_DM_CP_N_HARMONIZED_AND_CHEMISTRY_CROSSCHECKED,3.552713678800501e-15
REALV6R_0250,Sorghum::RealV6_高粱_sample2,Sorghum,高粱,2,4,finishing,70.0,1.7386,44.201605288007585,44.201605288007585,8.235975840029154,6.306093333333329,29.659536114645103,14.542069173362481,25.423677262169324,0.024837142857142856,0.6314515041143941,15.88979828885583,0.3451052571034165,28.321638099620383,6.5339928678246855,6.050845507879902,,86.93,13.81,15.886345335327274,0.0034529535285567903,CONSISTENT,70.0±1.8 kg,50.0,"West Chaoyang, Liaoning",Sorghum paper Table 2,MISSING_IN_TARGET__IMPUTED_906_TRAINING_MEDIAN,REPORTED_INITIAL_BW__NOT_DMI_BACKCALCULATION,RETROSPECTIVE_PRE_FN_UN_LAB_INFORMATION,TARGET_DM_CP_N_HARMONIZED_AND_CHEMISTRY_CROSSCHECKED,-3.552713678800501e-15
REALV6R_0251,Sorghum::RealV6_高粱_sample2,Sorghum,高粱,2,5,finishing,70.0,1.7386,44.201605288007585,44.201605288007585,4.436593953296271,6.385993333333323,33.37901800137799,10.822587286629593,25.423677262169324,0.024837142857142856,0.6314515041143941,15.88979828885583,0.3451052571034165,28.321638099620383,6.5339928678246855,6.050845507879902,,86.93,13.81,15.886345335327274,0.0034529535285567903,CONSISTENT,70.0±1.8 kg,50.0,"West Chaoyang, Liaoning",Sorghum paper Table 2,MISSING_IN_TARGET__IMPUTED_906_TRAINING_MEDIAN,REPORTED_INITIAL_BW__NOT_DMI_BACKCALCULATION,RETROSPECTIVE_PRE_FN_UN_LAB_INFORMATION,TARGET_DM_CP_N_HARMONIZED_AND_CHEMISTRY_CROSSCHECKED,0.0
REALV6R_0252,Sorghum::RealV6_高粱_sample2,Sorghum,高粱,2,6,finishing,70.0,1.7386,44.201605288007585,44.201605288007585,4.772123994087305,6.834666666666659,32.59481462725362,11.606790660753964,25.423677262169324,0.024837142857142856,0.6314515041143941,15.88979828885583,0.3451052571034165,28.321638099620383,6.5339928678246855,6.050845507879902,,86.93,13.81,15.886345335327274,0.0034529535285567903,CONSISTENT,70.0±1.8 kg,50.0,"West Chaoyang, Liaoning",Sorghum paper Table 2,MISSING_IN_TARGET__IMPUTED_906_TRAINING_MEDIAN,REPORTED_INITIAL_BW__NOT_DMI_BACKCALCULATION,RETROSPECTIVE_PRE_FN_UN_LAB_INFORMATION,TARGET_DM_CP_N_HARMONIZED_AND_CHEMISTRY_CROSSCHECKED,7.105427357601002e-15
REALV6R_0253,Sorghum::RealV6_高粱_sample3,Sorghum,高粱,3,1,finishing,70.0,1.737,38.551541425818804,38.551541425818804,6.456988808272364,2.992879999999996,29.101672617546445,9.44986880827236,22.194324367195627,0.024814285714285716,0.5507363060831257,13.871452729497266,0.379965457685665,20.771445020149685,7.66839378238342,6.021876799078872,,86.85,12.05,13.874496257915949,-0.0030435284186829392,CONSISTENT,70.0±1.8 kg,50.0,"Tsitsihar, Heilongjiang",Sorghum paper Table 2,MISSING_IN_TARGET__IMPUTED_906_TRAINING_MEDIAN,REPORTED_INITIAL_BW__NOT_DMI_BACKCALCULATION,RETROSPECTIVE_PRE_FN_UN_LAB_INFORMATION,TARGET_DM_CP_N_HARMONIZED_AND_CHEMISTRY_CROSSCHECKED,0.0
REALV6R_0254,Sorghum::RealV6_高粱_sample3,Sorghum,高粱,3,2,finishing,70.0,1.737,38.551541425818804,38.551541425818804,7.846043070197372,4.332120000000004,26.373378355621426,12.178163070197376,22.194324367195627,0.024814285714285716,0.5507363060831257,13.871452729497266,0.379965457685665,20.771445020149685,7.66839378238342,6.021876799078872,,86.85,12.05,13.874496257915949,-0.0030435284186829392,CONSISTENT,70.0±1.8 kg,50.0,"Tsitsihar, Heilongjiang",Sorghum paper Table 2,MISSING_IN_TARGET__IMPUTED_906_TRAINING_MEDIAN,REPORTED_INITIAL_BW__NOT_DMI_BACKCALCULATION,RETROSPECTIVE_PRE_FN_UN_LAB_INFORMATION,TARGET_DM_CP_N_HARMONIZED_AND_CHEMISTRY_CROSSCHECKED,3.552713678800501e-15
REALV6R_0255,Sorghum::RealV6_高粱_sample3,Sorghum,高粱,3,3,finishing,70.0,1.737,38.551541425818804,38.551541425818804,6.40199196833102,5.595899999999995,26.55364945748779,11.997891968331015,22.194324367195627,0.024814285714285716,0.5507363060831257,13.871452729497266,0.379965457685665,20.771445020149685,7.66839378238342,6.021876799078872,,86.85,12.05,13.874496257915949,-0.0030435284186829392,CONSISTENT,70.0±1.8 kg,50.0,"Tsitsihar, Heilongjiang",Sorghum paper Table 2,MISSING_IN_TARGET__IMPUTED_906_TRAINING_MEDIAN,REPORTED_INITIAL_BW__NOT_DMI_BACKCALCULATION,RETROSPECTIVE_PRE_FN_UN_LAB_INFORMATION,TARGET_DM_CP_N_HARMONIZED_AND_CHEMISTRY_CROSSCHECKED,3.552713678800501e-15
REALV6R_0256,Sorghum::RealV6_高粱_sample3,Sorghum,高粱,3,4,finishing,70.0,1.737,38.551541425818804,38.551541425818804,4.536200331517554,3.583280000000002,30.432061094301247,8.119480331517556,22.194324367195627,0.024814285714285716,0.5507363060831257,13.871452729497266,0.379965457685665,20.771445020149685,7.66839378238342,6.021876799078872,,86.85,12.05,13.874496257915949,-0.0030435284186829392,CONSISTENT,70.0±1.8 kg,50.0,"Tsitsihar, Heilongjiang",Sorghum paper Table 2,MISSING_IN_TARGET__IMPUTED_906_TRAINING_MEDIAN,REPORTED_INITIAL_BW__NOT_DMI_BACKCALCULATION,RETROSPECTIVE_PRE_FN_UN_LAB_INFORMATION,TARGET_DM_CP_N_HARMONIZED_AND_CHEMISTRY_CROSSCHECKED,0.0
REALV6R_0257,Sorghum::RealV6_高粱_sample3,Sorghum,高粱,3,5,finishing,70.0,1.737,38.551541425818804,38.551541425818804,6.437024940536873,4.590391666666658,27.524124818615274,11.02741660720353,22.194324367195627,0.024814285714285716,0.5507363060831257,13.871452729497266,0.379965457685665,20.771445020149685,7.66839378238342,6.021876799078872,,86.85,12.05,13.874496257915949,-0.0030435284186829392,CONSISTENT,70.0±1.8 kg,50.0,"Tsitsihar, Heilongjiang",Sorghum paper Table 2,MISSING_IN_TARGET__IMPUTED_906_TRAINING_MEDIAN,REPORTED_INITIAL_BW__NOT_DMI_BACKCALCULATION,RETROSPECTIVE_PRE_FN_UN_LAB_INFORMATION,TARGET_DM_CP_N_HARMONIZED_AND_CHEMISTRY_CROSSCHECKED,0.0
REALV6R_0258,Sorghum::RealV6_高粱_sample3,Sorghum,高粱,3,6,finishing,70.0,1.737,38.551541425818804,38.551541425818804,7.705922284317147,3.13093,27.71468914150166,10.836852284317146,22.194324367195627,0.024814285714285716,0.5507363060831257,13.871452729497266,0.379965457685665,20.771445020149685,7.66839378238342,6.021876799078872,,86.85,12.05,13.874496257915949,-0.0030435284186829392,CONSISTENT,70.0±1.8 kg,50.0,"Tsitsihar, Heilongjiang",Sorghum paper Table 2,MISSING_IN_TARGET__IMPUTED_906_TRAINING_MEDIAN,REPORTED_INITIAL_BW__NOT_DMI_BACKCALCULATION,RETROSPECTIVE_PRE_FN_UN_LAB_INFORMATION,TARGET_DM_CP_N_HARMONIZED_AND_CHEMISTRY_CROSSCHECKED,0.0
REALV6R_0259,Sorghum::RealV6_高粱_sample4,Sorghum,高粱,4,1,finishing,70.0,1.7515999999999998,38.70793950850659,38.70793950850659,8.593147470936863,4.92275,25.192042037569728,13.515897470936864,22.098618125431944,0.025022857142857142,0.552970564407237,13.811636328394966,2.1237725508106875,22.333866179493032,7.387531399862982,5.834665448732587,,87.58,12.1,13.815939712263074,-0.004303383868107247,CONSISTENT,70.0±1.8 kg,50.0,"Changsha, Hunan",Sorghum paper Table 2,MISSING_IN_TARGET__IMPUTED_906_TRAINING_MEDIAN,REPORTED_INITIAL_BW__NOT_DMI_BACKCALCULATION,RETROSPECTIVE_PRE_FN_UN_LAB_INFORMATION,TARGET_DM_CP_N_HARMONIZED_AND_CHEMISTRY_CROSSCHECKED,0.0
REALV6R_0260,Sorghum::RealV6_高粱_sample4,Sorghum,高粱,4,2,finishing,70.0,1.7515999999999998,38.70793950850659,38.70793950850659,6.537325866336617,3.118281666666665,29.052331975503307,9.655607533003282,22.098618125431944,0.025022857142857142,0.552970564407237,13.811636328394966,2.1237725508106875,22.333866179493032,7.387531399862982,5.834665448732587,,87.58,12.1,13.815939712263074,-0.004303383868107247,CONSISTENT,70.0±1.8 kg,50.0,"Changsha, Hunan",Sorghum paper Table 2,MISSING_IN_TARGET__IMPUTED_906_TRAINING_MEDIAN,REPORTED_INITIAL_BW__NOT_DMI_BACKCALCULATION,RETROSPECTIVE_PRE_FN_UN_LAB_INFORMATION,TARGET_DM_CP_N_HARMONIZED_AND_CHEMISTRY_CROSSCHECKED,3.552713678800501e-15
REALV6R_0261,Sorghum::RealV6_高粱_sample4,Sorghum,高粱,4,3,finishing,70.0,1.7515999999999998,38.70793950850659,38.70793950850659,4.928446661408319,1.562715,32.21677784709827,6.491161661408319,22.098618125431944,0.025022857142857142,0.552970564407237,13.811636328394966,2.1237725508106875,22.333866179493032,7.387531399862982,5.834665448732587,,87.58,12.1,13.815939712263074,-0.004303383868107247,CONSISTENT,70.0±1.8 kg,50.0,"Changsha, Hunan",Sorghum paper Table 2,MISSING_IN_TARGET__IMPUTED_906_TRAINING_MEDIAN,REPORTED_INITIAL_BW__NOT_DMI_BACKCALCULATION,RETROSPECTIVE_PRE_FN_UN_LAB_INFORMATION,TARGET_DM_CP_N_HARMONIZED_AND_CHEMISTRY_CROSSCHECKED,0.0
REALV6R_0262,Sorghum::RealV6_高粱_sample4,Sorghum,高粱,4,4,finishing,70.0,1.7515999999999998,38.70793950850659,38.70793950850659,5.350435283752826,4.088243333333335,29.26926089142043,9.438678617086161,22.098618125431944,0.025022857142857142,0.552970564407237,13.811636328394966,2.1237725508106875,22.333866179493032,7.387531399862982,5.834665448732587,,87.58,12.1,13.815939712263074,-0.004303383868107247,CONSISTENT,70.0±1.8 kg,50.0,"Changsha, Hunan",Sorghum paper Table 2,MISSING_IN_TARGET__IMPUTED_906_TRAINING_MEDIAN,REPORTED_INITIAL_BW__NOT_DMI_BACKCALCULATION,RETROSPECTIVE_PRE_FN_UN_LAB_INFORMATION,TARGET_DM_CP_N_HARMONIZED_AND_CHEMISTRY_CROSSCHECKED,3.552713678800501e-15
REALV6R_0263,Sorghum::RealV6_高粱_sample4,Sorghum,高粱,4,5,finishing,70.0,1.7515999999999998,38.70793950850659,38.70793950850659,9.598443718137286,2.965560000000003,26.1439357903693,12.56400371813729,22.098618125431944,0.025022857142857142,0.552970564407237,13.811636328394966,2.1237725508106875,22.333866179493032,7.387531399862982,5.834665448732587,,87.58,12.1,13.815939712263074,-0.004303383868107247,CONSISTENT,70.0±1.8 kg,50.0,"Changsha, Hunan",Sorghum paper Table 2,MISSING_IN_TARGET__IMPUTED_906_TRAINING_MEDIAN,REPORTED_INITIAL_BW__NOT_DMI_BACKCALCULATION,RETROSPECTIVE_PRE_FN_UN_LAB_INFORMATION,TARGET_DM_CP_N_HARMONIZED_AND_CHEMISTRY_CROSSCHECKED,0.0
REALV6R_0264,Sorghum::RealV6_高粱_sample4,Sorghum,高粱,4,6,finishing,70.0,1.7515999999999998,38.70793950850659,38.70793950850659,4.966474240257549,2.709823333333336,31.031641934915704,7.676297573590885,22.098618125431944,0.025022857142857142,0.552970564407237,13.811636328394966,2.1237725508106875,22.333866179493032,7.387531399862982,5.834665448732587,,87.58,12.1,13.815939712263074,-0.004303383868107247,CONSISTENT,70.0±1.8 kg,50.0,"Changsha, Hunan",Sorghum paper Table 2,MISSING_IN_TARGET__IMPUTED_906_TRAINING_MEDIAN,REPORTED_INITIAL_BW__NOT_DMI_BACKCALCULATION,RETROSPECTIVE_PRE_FN_UN_LAB_INFORMATION,TARGET_DM_CP_N_HARMONIZED_AND_CHEMISTRY_CROSSCHECKED,3.552713678800501e-15
REALV6R_0265,Sorghum::RealV6_高粱_sample5,Sorghum,高粱,5,1,finishing,70.0,1.7342,42.693176239568004,42.693176239568004,7.465296809334026,4.564583333333331,30.663296096900645,12.029880142667357,24.61836941504325,0.024774285714285714,0.6099025177081143,15.38648088440203,1.6376427171029868,23.215315419213468,5.224310921462346,5.98546880405951,,86.71,13.34,15.384615384615385,0.00186549978664452,CONSISTENT,70.0±1.8 kg,50.0,"Zunyi, Guizhou",Sorghum paper Table 2,MISSING_IN_TARGET__IMPUTED_906_TRAINING_MEDIAN,REPORTED_INITIAL_BW__NOT_DMI_BACKCALCULATION,RETROSPECTIVE_PRE_FN_UN_LAB_INFORMATION,TARGET_DM_CP_N_HARMONIZED_AND_CHEMISTRY_CROSSCHECKED,0.0
REALV6R_0266,Sorghum::RealV6_高粱_sample5,Sorghum,高粱,5,2,finishing,70.0,1.7342,42.693176239568004,42.693176239568004,6.782771350043454,4.53045833333333,31.37994655619122,11.313229683376784,24.61836941504325,0.024774285714285714,0.6099025177081143,15.38648088440203,1.6376427171029868,23.215315419213468,5.224310921462346,5.98546880405951,,86.71,13.34,15.384615384615385,0.00186549978664452,CONSISTENT,70.0±1.8 kg,50.0,"Zunyi, Guizhou",Sorghum paper Table 2,MISSING_IN_TARGET__IMPUTED_906_TRAINING_MEDIAN,REPORTED_INITIAL_BW__NOT_DMI_BACKCALCULATION,RETROSPECTIVE_PRE_FN_UN_LAB_INFORMATION,TARGET_DM_CP_N_HARMONIZED_AND_CHEMISTRY_CROSSCHECKED,0.0
REALV6R_0267,Sorghum::RealV6_高粱_sample5,Sorghum,高粱,5,3,finishing,70.0,1.7342,42.693176239568004,42.693176239568004,7.976310673563652,6.326583333333336,28.390282232671016,14.302894006896988,24.61836941504325,0.024774285714285714,0.6099025177081143,15.38648088440203,1.6376427171029868,23.215315419213468,5.224310921462346,5.98546880405951,,86.71,13.34,15.384615384615385,0.00186549978664452,CONSISTENT,70.0±1.8 kg,50.0,"Zunyi, Guizhou",Sorghum paper Table 2,MISSING_IN_TARGET__IMPUTED_906_TRAINING_MEDIAN,REPORTED_INITIAL_BW__NOT_DMI_BACKCALCULATION,RETROSPECTIVE_PRE_FN_UN_LAB_INFORMATION,TARGET_DM_CP_N_HARMONIZED_AND_CHEMISTRY_CROSSCHECKED,0.0
REALV6R_0268,Sorghum::RealV6_高粱_sample5,Sorghum,高粱,5,4,finishing,70.0,1.7342,42.693176239568004,42.693176239568004,7.174586970074809,8.23764,27.280949269493195,15.412226970074808,24.61836941504325,0.024774285714285714,0.6099025177081143,15.38648088440203,1.6376427171029868,23.215315419213468,5.224310921462346,5.98546880405951,,86.71,13.34,15.384615384615385,0.00186549978664452,CONSISTENT,70.0±1.8 kg,50.0,"Zunyi, Guizhou",Sorghum paper Table 2,MISSING_IN_TARGET__IMPUTED_906_TRAINING_MEDIAN,REPORTED_INITIAL_BW__NOT_DMI_BACKCALCULATION,RETROSPECTIVE_PRE_FN_UN_LAB_INFORMATION,TARGET_DM_CP_N_HARMONIZED_AND_CHEMISTRY_CROSSCHECKED,3.552713678800501e-15
REALV6R_0269,Sorghum::RealV6_高粱_sample5,Sorghum,高粱,5,5,finishing,70.0,1.7342,42.693176239568004,42.693176239568004,6.910219055985745,10.36665,25.41630718358226,17.276869055985745,24.61836941504325,0.024774285714285714,0.6099025177081143,15.38648088440203,1.6376427171029868,23.215315419213468,5.224310921462346,5.98546880405951,,86.71,13.34,15.384615384615385,0.00186549978664452,CONSISTENT,70.0±1.8 kg,50.0,"Zunyi, Guizhou",Sorghum paper Table 2,MISSING_IN_TARGET__IMPUTED_906_TRAINING_MEDIAN,REPORTED_INITIAL_BW__NOT_DMI_BACKCALCULATION,RETROSPECTIVE_PRE_FN_UN_LAB_INFORMATION,TARGET_DM_CP_N_HARMONIZED_AND_CHEMISTRY_CROSSCHECKED,3.552713678800501e-15
REALV6R_0270,Sorghum::RealV6_高粱_sample5,Sorghum,高粱,5,6,finishing,70.0,1.7342,42.693176239568004,42.693176239568004,7.282309513719102,5.621213333333326,29.789653392515575,12.903522847052429,24.61836941504325,0.024774285714285714,0.6099025177081143,15.38648088440203,1.6376427171029868,23.215315419213468,5.224310921462346,5.98546880405951,,86.71,13.34,15.384615384615385,0.00186549978664452,CONSISTENT,70.0±1.8 kg,50.0,"Zunyi, Guizhou",Sorghum paper Table 2,MISSING_IN_TARGET__IMPUTED_906_TRAINING_MEDIAN,REPORTED_INITIAL_BW__NOT_DMI_BACKCALCULATION,RETROSPECTIVE_PRE_FN_UN_LAB_INFORMATION,TARGET_DM_CP_N_HARMONIZED_AND_CHEMISTRY_CROSSCHECKED,3.552713678800501e-15
REALV6R_0271,Sorghum::RealV6_高粱_sample6,Sorghum,高粱,6,1,finishing,70.0,1.7328,36.12377850162859,36.12377850162859,4.96094323736521,2.141149999999999,29.021685264263382,7.102093237365208,20.847055921992496,0.02475428571428571,0.5160539785946942,13.029409951245311,0.6578947368421052,22.680055401662045,6.1288088642659275,6.209602954755309,,86.64,11.29,13.030932594644504,-0.0015226433991930577,CONSISTENT,70.0±1.8 kg,50.0,"Cangzhou, Hebei",Sorghum paper Table 2,MISSING_IN_TARGET__IMPUTED_906_TRAINING_MEDIAN,REPORTED_INITIAL_BW__NOT_DMI_BACKCALCULATION,RETROSPECTIVE_PRE_FN_UN_LAB_INFORMATION,TARGET_DM_CP_N_HARMONIZED_AND_CHEMISTRY_CROSSCHECKED,0.0
REALV6R_0272,Sorghum::RealV6_高粱_sample6,Sorghum,高粱,6,2,finishing,70.0,1.7328,36.12377850162859,36.12377850162859,4.576171620810333,2.572858333333333,28.97474854748493,7.149029954143666,20.847055921992496,0.02475428571428571,0.5160539785946942,13.029409951245311,0.6578947368421052,22.680055401662045,6.1288088642659275,6.209602954755309,,86.64,11.29,13.030932594644504,-0.0015226433991930577,CONSISTENT,70.0±1.8 kg,50.0,"Cangzhou, Hebei",Sorghum paper Table 2,MISSING_IN_TARGET__IMPUTED_906_TRAINING_MEDIAN,REPORTED_INITIAL_BW__NOT_DMI_BACKCALCULATION,RETROSPECTIVE_PRE_FN_UN_LAB_INFORMATION,TARGET_DM_CP_N_HARMONIZED_AND_CHEMISTRY_CROSSCHECKED,-3.552713678800501e-15
REALV6R_0273,Sorghum::RealV6_高粱_sample6,Sorghum,高粱,6,3,finishing,70.0,1.7328,36.12377850162859,36.12377850162859,6.195695852957943,2.787566666666665,27.140515982003983,8.983262519624608,20.847055921992496,0.02475428571428571,0.5160539785946942,13.029409951245311,0.6578947368421052,22.680055401662045,6.1288088642659275,6.209602954755309,,86.64,11.29,13.030932594644504,-0.0015226433991930577,CONSISTENT,70.0±1.8 kg,50.0,"Cangzhou, Hebei",Sorghum paper Table 2,MISSING_IN_TARGET__IMPUTED_906_TRAINING_MEDIAN,REPORTED_INITIAL_BW__NOT_DMI_BACKCALCULATION,RETROSPECTIVE_PRE_FN_UN_LAB_INFORMATION,TARGET_DM_CP_N_HARMONIZED_AND_CHEMISTRY_CROSSCHECKED,0.0
REALV6R_0274,Sorghum::RealV6_高粱_sample6,Sorghum,高粱,6,4,finishing,70.0,1.7328,36.12377850162859,36.12377850162859,6.216285173987184,5.441445000000001,24.46604832764141,11.657730173987185,20.847055921992496,0.02475428571428571,0.5160539785946942,13.029409951245311,0.6578947368421052,22.680055401662045,6.1288088642659275,6.209602954755309,,86.64,11.29,13.030932594644504,-0.0015226433991930577,CONSISTENT,70.0±1.8 kg,50.0,"Cangzhou, Hebei",Sorghum paper Table 2,MISSING_IN_TARGET__IMPUTED_906_TRAINING_MEDIAN,REPORTED_INITIAL_BW__NOT_DMI_BACKCALCULATION,RETROSPECTIVE_PRE_FN_UN_LAB_INFORMATION,TARGET_DM_CP_N_HARMONIZED_AND_CHEMISTRY_CROSSCHECKED,-3.552713678800501e-15
REALV6R_0275,Sorghum::RealV6_高粱_sample6,Sorghum,高粱,6,5,finishing,70.0,1.7328,36.12377850162859,36.12377850162859,6.724846592157381,3.60861,25.79032190947121,10.33345659215738,20.847055921992496,0.02475428571428571,0.5160539785946942,13.029409951245311,0.6578947368421052,22.680055401662045,6.1288088642659275,6.209602954755309,,86.64,11.29,13.030932594644504,-0.0015226433991930577,CONSISTENT,70.0±1.8 kg,50.0,"Cangzhou, Hebei",Sorghum paper Table 2,MISSING_IN_TARGET__IMPUTED_906_TRAINING_MEDIAN,REPORTED_INITIAL_BW__NOT_DMI_BACKCALCULATION,RETROSPECTIVE_PRE_FN_UN_LAB_INFORMATION,TARGET_DM_CP_N_HARMONIZED_AND_CHEMISTRY_CROSSCHECKED,3.552713678800501e-15
REALV6R_0276,Sorghum::RealV6_高粱_sample6,Sorghum,高粱,6,6,finishing,70.0,1.7328,36.12377850162859,36.12377850162859,6.400667415261506,6.155819999999999,23.567291086367085,12.556487415261506,20.847055921992496,0.02475428571428571,0.5160539785946942,13.029409951245311,0.6578947368421052,22.680055401662045,6.1288088642659275,6.209602954755309,,86.64,11.29,13.030932594644504,-0.0015226433991930577,CONSISTENT,70.0±1.8 kg,50.0,"Cangzhou, Hebei",Sorghum paper Table 2,MISSING_IN_TARGET__IMPUTED_906_TRAINING_MEDIAN,REPORTED_INITIAL_BW__NOT_DMI_BACKCALCULATION,RETROSPECTIVE_PRE_FN_UN_LAB_INFORMATION,TARGET_DM_CP_N_HARMONIZED_AND_CHEMISTRY_CROSSCHECKED,3.552713678800501e-15
REALV6R_0277,Sorghum::RealV6_高粱_sample7,Sorghum,高粱,7,1,finishing,70.0,1.745,35.1763848396502,35.1763848396502,6.071309977989716,6.286086666666658,22.81898819499382,12.357396644656374,20.158386727593236,0.02492857142857143,0.5025197834235743,12.598991704745771,1.512893982808023,23.037249283667624,6.040114613180515,5.627507163323782,,87.25,10.99,12.595988538681947,0.00300316606382367,CONSISTENT,70.0±1.8 kg,50.0,"Jinzhong, Shanxi",Sorghum paper Table 2,MISSING_IN_TARGET__IMPUTED_906_TRAINING_MEDIAN,REPORTED_INITIAL_BW__NOT_DMI_BACKCALCULATION,RETROSPECTIVE_PRE_FN_UN_LAB_INFORMATION,TARGET_DM_CP_N_HARMONIZED_AND_CHEMISTRY_CROSSCHECKED,0.0
REALV6R_0278,Sorghum::RealV6_高粱_sample7,Sorghum,高粱,7,2,finishing,70.0,1.745,35.1763848396502,35.1763848396502,7.484124003583136,3.743363333333329,23.948897502733733,11.227487336916464,20.158386727593236,0.02492857142857143,0.5025197834235743,12.598991704745771,1.512893982808023,23.037249283667624,6.040114613180515,5.627507163323782,,87.25,10.99,12.595988538681947,0.00300316606382367,CONSISTENT,70.0±1.8 kg,50.0,"Jinzhong, Shanxi",Sorghum paper Table 2,MISSING_IN_TARGET__IMPUTED_906_TRAINING_MEDIAN,REPORTED_INITIAL_BW__NOT_DMI_BACKCALCULATION,RETROSPECTIVE_PRE_FN_UN_LAB_INFORMATION,TARGET_DM_CP_N_HARMONIZED_AND_CHEMISTRY_CROSSCHECKED,0.0
REALV6R_0279,Sorghum::RealV6_高粱_sample7,Sorghum,高粱,7,3,finishing,70.0,1.745,35.1763848396502,35.1763848396502,8.075202933326931,2.68762,24.413561906323267,10.76282293332693,20.158386727593236,0.02492857142857143,0.5025197834235743,12.598991704745771,1.512893982808023,23.037249283667624,6.040114613180515,5.627507163323782,,87.25,10.99,12.595988538681947,0.00300316606382367,CONSISTENT,70.0±1.8 kg,50.0,"Jinzhong, Shanxi",Sorghum paper Table 2,MISSING_IN_TARGET__IMPUTED_906_TRAINING_MEDIAN,REPORTED_INITIAL_BW__NOT_DMI_BACKCALCULATION,RETROSPECTIVE_PRE_FN_UN_LAB_INFORMATION,TARGET_DM_CP_N_HARMONIZED_AND_CHEMISTRY_CROSSCHECKED,0.0
REALV6R_0280,Sorghum::RealV6_高粱_sample7,Sorghum,高粱,7,4,finishing,70.0,1.745,35.1763848396502,35.1763848396502,7.457017216850175,4.08578,23.63358762280002,11.542797216850175,20.158386727593236,0.02492857142857143,0.5025197834235743,12.598991704745771,1.512893982808023,23.037249283667624,6.040114613180515,5.627507163323782,,87.25,10.99,12.595988538681947,0.00300316606382367,CONSISTENT,70.0±1.8 kg,50.0,"Jinzhong, Shanxi",Sorghum paper Table 2,MISSING_IN_TARGET__IMPUTED_906_TRAINING_MEDIAN,REPORTED_INITIAL_BW__NOT_DMI_BACKCALCULATION,RETROSPECTIVE_PRE_FN_UN_LAB_INFORMATION,TARGET_DM_CP_N_HARMONIZED_AND_CHEMISTRY_CROSSCHECKED,0.0
REALV6R_0281,Sorghum::RealV6_高粱_sample7,Sorghum,高粱,7,5,finishing,70.0,1.745,35.1763848396502,35.1763848396502,7.029190883767868,8.60496000000001,19.542233955882317,15.634150883767878,20.158386727593236,0.02492857142857143,0.5025197834235743,12.598991704745771,1.512893982808023,23.037249283667624,6.040114613180515,5.627507163323782,,87.25,10.99,12.595988538681947,0.00300316606382367,CONSISTENT,70.0±1.8 kg,50.0,"Jinzhong, Shanxi",Sorghum paper Table 2,MISSING_IN_TARGET__IMPUTED_906_TRAINING_MEDIAN,REPORTED_INITIAL_BW__NOT_DMI_BACKCALCULATION,RETROSPECTIVE_PRE_FN_UN_LAB_INFORMATION,TARGET_DM_CP_N_HARMONIZED_AND_CHEMISTRY_CROSSCHECKED,0.0
REALV6R_0282,Sorghum::RealV6_高粱_sample7,Sorghum,高粱,7,6,finishing,70.0,1.745,35.1763848396502,35.1763848396502,7.417092009559399,7.670716666666677,20.088576163424122,15.087808676226075,20.158386727593236,0.02492857142857143,0.5025197834235743,12.598991704745771,1.512893982808023,23.037249283667624,6.040114613180515,5.627507163323782,,87.25,10.99,12.595988538681947,0.00300316606382367,CONSISTENT,70.0±1.8 kg,50.0,"Jinzhong, Shanxi",Sorghum paper Table 2,MISSING_IN_TARGET__IMPUTED_906_TRAINING_MEDIAN,REPORTED_INITIAL_BW__NOT_DMI_BACKCALCULATION,RETROSPECTIVE_PRE_FN_UN_LAB_INFORMATION,TARGET_DM_CP_N_HARMONIZED_AND_CHEMISTRY_CROSSCHECKED,0.0
REALV6R_0283,Sorghum::RealV6_高粱_sample8,Sorghum,高粱,8,1,finishing,70.0,1.7275999999999998,37.651522474625395,37.651522474625395,7.152822749698983,5.530601666666671,24.96809805825974,12.683424416365654,21.794120441436327,0.024679999999999997,0.5378788924946485,13.621325275897705,1.030331095160917,23.292428802963652,4.931697152118546,5.742069923593425,,86.38,11.77,13.625839314656172,-0.004514038758467009,CONSISTENT,70.0±1.8 kg,50.0,"Yibin, Guizhou",Sorghum paper Table 2,MISSING_IN_TARGET__IMPUTED_906_TRAINING_MEDIAN,REPORTED_INITIAL_BW__NOT_DMI_BACKCALCULATION,RETROSPECTIVE_PRE_FN_UN_LAB_INFORMATION,TARGET_DM_CP_N_HARMONIZED_AND_CHEMISTRY_CROSSCHECKED,0.0
REALV6R_0284,Sorghum::RealV6_高粱_sample8,Sorghum,高粱,8,2,finishing,70.0,1.7275999999999998,37.651522474625395,37.651522474625395,7.858937148528343,4.41904,25.37354532609705,12.277977148528343,21.794120441436327,0.024679999999999997,0.5378788924946485,13.621325275897705,1.030331095160917,23.292428802963652,4.931697152118546,5.742069923593425,,86.38,11.77,13.625839314656172,-0.004514038758467009,CONSISTENT,70.0±1.8 kg,50.0,"Yibin, Guizhou",Sorghum paper Table 2,MISSING_IN_TARGET__IMPUTED_906_TRAINING_MEDIAN,REPORTED_INITIAL_BW__NOT_DMI_BACKCALCULATION,RETROSPECTIVE_PRE_FN_UN_LAB_INFORMATION,TARGET_DM_CP_N_HARMONIZED_AND_CHEMISTRY_CROSSCHECKED,3.552713678800501e-15
REALV6R_0285,Sorghum::RealV6_高粱_sample8,Sorghum,高粱,8,3,finishing,70.0,1.7275999999999998,37.651522474625395,37.651522474625395,7.767259020469047,7.59584,22.288423454156348,15.363099020469047,21.794120441436327,0.024679999999999997,0.5378788924946485,13.621325275897705,1.030331095160917,23.292428802963652,4.931697152118546,5.742069923593425,,86.38,11.77,13.625839314656172,-0.004514038758467009,CONSISTENT,70.0±1.8 kg,50.0,"Yibin, Guizhou",Sorghum paper Table 2,MISSING_IN_TARGET__IMPUTED_906_TRAINING_MEDIAN,REPORTED_INITIAL_BW__NOT_DMI_BACKCALCULATION,RETROSPECTIVE_PRE_FN_UN_LAB_INFORMATION,TARGET_DM_CP_N_HARMONIZED_AND_CHEMISTRY_CROSSCHECKED,0.0
REALV6R_0286,Sorghum::RealV6_高粱_sample8,Sorghum,高粱,8,4,finishing,70.0,1.7275999999999998,37.651522474625395,37.651522474625395,6.121385425190434,7.122351666666674,24.40778538276829,13.243737091857108,21.794120441436327,0.024679999999999997,0.5378788924946485,13.621325275897705,1.030331095160917,23.292428802963652,4.931697152118546,5.742069923593425,,86.38,11.77,13.625839314656172,-0.004514038758467009,CONSISTENT,70.0±1.8 kg,50.0,"Yibin, Guizhou",Sorghum paper Table 2,MISSING_IN_TARGET__IMPUTED_906_TRAINING_MEDIAN,REPORTED_INITIAL_BW__NOT_DMI_BACKCALCULATION,RETROSPECTIVE_PRE_FN_UN_LAB_INFORMATION,TARGET_DM_CP_N_HARMONIZED_AND_CHEMISTRY_CROSSCHECKED,0.0
REALV6R_0287,Sorghum::RealV6_高粱_sample8,Sorghum,高粱,8,5,finishing,70.0,1.7275999999999998,37.651522474625395,37.651522474625395,5.42674833097305,10.31251,21.912264143652344,15.73925833097305,21.794120441436327,0.024679999999999997,0.5378788924946485,13.621325275897705,1.030331095160917,23.292428802963652,4.931697152118546,5.742069923593425,,86.38,11.77,13.625839314656172,-0.004514038758467009,CONSISTENT,70.0±1.8 kg,50.0,"Yibin, Guizhou",Sorghum paper Table 2,MISSING_IN_TARGET__IMPUTED_906_TRAINING_MEDIAN,REPORTED_INITIAL_BW__NOT_DMI_BACKCALCULATION,RETROSPECTIVE_PRE_FN_UN_LAB_INFORMATION,TARGET_DM_CP_N_HARMONIZED_AND_CHEMISTRY_CROSSCHECKED,3.552713678800501e-15
REALV6R_0288,Sorghum::RealV6_高粱_sample8,Sorghum,高粱,8,6,finishing,70.0,1.7275999999999998,37.651522474625395,37.651522474625395,7.443532844045375,4.924125,25.28386463058002,12.367657844045375,21.794120441436327,0.024679999999999997,0.5378788924946485,13.621325275897705,1.030331095160917,23.292428802963652,4.931697152118546,5.742069923593425,,86.38,11.77,13.625839314656172,-0.004514038758467009,CONSISTENT,70.0±1.8 kg,50.0,"Yibin, Guizhou",Sorghum paper Table 2,MISSING_IN_TARGET__IMPUTED_906_TRAINING_MEDIAN,REPORTED_INITIAL_BW__NOT_DMI_BACKCALCULATION,RETROSPECTIVE_PRE_FN_UN_LAB_INFORMATION,TARGET_DM_CP_N_HARMONIZED_AND_CHEMISTRY_CROSSCHECKED,0.0
REALV6R_0289,Sorghum::RealV6_高粱_sample9,Sorghum,高粱,9,1,finishing,70.0,1.741,40.000982318271205,40.000982318271205,5.551007300654229,6.221041666666672,28.228933350950307,11.7720489673209,22.97586577729535,0.024871428571428572,0.5714426045467315,14.359916110809593,1.0568638713383114,25.422171165996556,5.812751292360712,6.065479609419874,,87.05,12.5,14.359563469270535,0.0003526415390577853,CONSISTENT,70.0±1.8 kg,50.0,"Zunyi, Guizhou",Sorghum paper Table 2,MISSING_IN_TARGET__IMPUTED_906_TRAINING_MEDIAN,REPORTED_INITIAL_BW__NOT_DMI_BACKCALCULATION,RETROSPECTIVE_PRE_FN_UN_LAB_INFORMATION,TARGET_DM_CP_N_HARMONIZED_AND_CHEMISTRY_CROSSCHECKED,0.0
REALV6R_0290,Sorghum::RealV6_高粱_sample9,Sorghum,高粱,9,2,finishing,70.0,1.741,40.000982318271205,40.000982318271205,6.323112695609268,5.822673333333336,27.855196289328603,12.145786028942604,22.97586577729535,0.024871428571428572,0.5714426045467315,14.359916110809593,1.0568638713383114,25.422171165996556,5.812751292360712,6.065479609419874,,87.05,12.5,14.359563469270535,0.0003526415390577853,CONSISTENT,70.0±1.8 kg,50.0,"Zunyi, Guizhou",Sorghum paper Table 2,MISSING_IN_TARGET__IMPUTED_906_TRAINING_MEDIAN,REPORTED_INITIAL_BW__NOT_DMI_BACKCALCULATION,RETROSPECTIVE_PRE_FN_UN_LAB_INFORMATION,TARGET_DM_CP_N_HARMONIZED_AND_CHEMISTRY_CROSSCHECKED,0.0
REALV6R_0291,Sorghum::RealV6_高粱_sample9,Sorghum,高粱,9,3,finishing,70.0,1.741,40.000982318271205,40.000982318271205,6.131251376945267,7.058764999999999,26.81096594132594,13.190016376945266,22.97586577729535,0.024871428571428572,0.5714426045467315,14.359916110809593,1.0568638713383114,25.422171165996556,5.812751292360712,6.065479609419874,,87.05,12.5,14.359563469270535,0.0003526415390577853,CONSISTENT,70.0±1.8 kg,50.0,"Zunyi, Guizhou",Sorghum paper Table 2,MISSING_IN_TARGET__IMPUTED_906_TRAINING_MEDIAN,REPORTED_INITIAL_BW__NOT_DMI_BACKCALCULATION,RETROSPECTIVE_PRE_FN_UN_LAB_INFORMATION,TARGET_DM_CP_N_HARMONIZED_AND_CHEMISTRY_CROSSCHECKED,0.0
REALV6R_0292,Sorghum::RealV6_高粱_sample9,Sorghum,高粱,9,4,finishing,70.0,1.741,40.000982318271205,40.000982318271205,7.050687847283719,8.810363333333328,24.13993113765416,15.861051180617046,22.97586577729535,0.024871428571428572,0.5714426045467315,14.359916110809593,1.0568638713383114,25.422171165996556,5.812751292360712,6.065479609419874,,87.05,12.5,14.359563469270535,0.0003526415390577853,CONSISTENT,70.0±1.8 kg,50.0,"Zunyi, Guizhou",Sorghum paper Table 2,MISSING_IN_TARGET__IMPUTED_906_TRAINING_MEDIAN,REPORTED_INITIAL_BW__NOT_DMI_BACKCALCULATION,RETROSPECTIVE_PRE_FN_UN_LAB_INFORMATION,TARGET_DM_CP_N_HARMONIZED_AND_CHEMISTRY_CROSSCHECKED,0.0
REALV6R_0293,Sorghum::RealV6_高粱_sample9,Sorghum,高粱,9,5,finishing,70.0,1.741,40.000982318271205,40.000982318271205,7.840789240605464,6.174,25.986193077665742,14.014789240605463,22.97586577729535,0.024871428571428572,0.5714426045467315,14.359916110809593,1.0568638713383114,25.422171165996556,5.812751292360712,6.065479609419874,,87.05,12.5,14.359563469270535,0.0003526415390577853,CONSISTENT,70.0±1.8 kg,50.0,"Zunyi, Guizhou",Sorghum paper Table 2,MISSING_IN_TARGET__IMPUTED_906_TRAINING_MEDIAN,REPORTED_INITIAL_BW__NOT_DMI_BACKCALCULATION,RETROSPECTIVE_PRE_FN_UN_LAB_INFORMATION,TARGET_DM_CP_N_HARMONIZED_AND_CHEMISTRY_CROSSCHECKED,-3.552713678800501e-15
REALV6R_0294,Sorghum::RealV6_高粱_sample9,Sorghum,高粱,9,6,finishing,70.0,1.741,40.000982318271205,40.000982318271205,6.851723961775266,5.134209999999994,28.015048356495946,11.98593396177526,22.97586577729535,0.024871428571428572,0.5714426045467315,14.359916110809593,1.0568638713383114,25.422171165996556,5.812751292360712,6.065479609419874,,87.05,12.5,14.359563469270535,0.0003526415390577853,CONSISTENT,70.0±1.8 kg,50.0,"Zunyi, Guizhou",Sorghum paper Table 2,MISSING_IN_TARGET__IMPUTED_906_TRAINING_MEDIAN,REPORTED_INITIAL_BW__NOT_DMI_BACKCALCULATION,RETROSPECTIVE_PRE_FN_UN_LAB_INFORMATION,TARGET_DM_CP_N_HARMONIZED_AND_CHEMISTRY_CROSSCHECKED,0.0
REALV6R_0295,Sorghum::RealV6_高粱_sample10,Sorghum,高粱,10,1,finishing,70.0,1.7404000000000002,39.34575772437461,39.34575772437461,7.212187829432797,2.089999999999998,30.04356989494181,9.302187829432796,22.60730735714468,0.024862857142857145,0.5620822532053515,14.129567098215427,1.1721443346357159,23.626752470696392,6.5387267294874745,6.10204550678005,,87.02,12.3,14.13468168237187,-0.005114584156443058,CONSISTENT,70.0±1.8 kg,50.0,"Shijiazhuang, Hebei",Sorghum paper Table 2,MISSING_IN_TARGET__IMPUTED_906_TRAINING_MEDIAN,REPORTED_INITIAL_BW__NOT_DMI_BACKCALCULATION,RETROSPECTIVE_PRE_FN_UN_LAB_INFORMATION,TARGET_DM_CP_N_HARMONIZED_AND_CHEMISTRY_CROSSCHECKED,0.0
REALV6R_0296,Sorghum::RealV6_高粱_sample10,Sorghum,高粱,10,2,finishing,70.0,1.7404000000000002,39.34575772437461,39.34575772437461,8.418844913465618,5.882560000000001,25.04435281090899,14.301404913465618,22.60730735714468,0.024862857142857145,0.5620822532053515,14.129567098215427,1.1721443346357159,23.626752470696392,6.5387267294874745,6.10204550678005,,87.02,12.3,14.13468168237187,-0.005114584156443058,CONSISTENT,70.0±1.8 kg,50.0,"Shijiazhuang, Hebei",Sorghum paper Table 2,MISSING_IN_TARGET__IMPUTED_906_TRAINING_MEDIAN,REPORTED_INITIAL_BW__NOT_DMI_BACKCALCULATION,RETROSPECTIVE_PRE_FN_UN_LAB_INFORMATION,TARGET_DM_CP_N_HARMONIZED_AND_CHEMISTRY_CROSSCHECKED,-3.552713678800501e-15
REALV6R_0297,Sorghum::RealV6_高粱_sample10,Sorghum,高粱,10,3,finishing,70.0,1.7404000000000002,39.34575772437461,39.34575772437461,6.058931969636768,7.815079999999995,25.471745754737846,13.874011969636761,22.60730735714468,0.024862857142857145,0.5620822532053515,14.129567098215427,1.1721443346357159,23.626752470696392,6.5387267294874745,6.10204550678005,,87.02,12.3,14.13468168237187,-0.005114584156443058,CONSISTENT,70.0±1.8 kg,50.0,"Shijiazhuang, Hebei",Sorghum paper Table 2,MISSING_IN_TARGET__IMPUTED_906_TRAINING_MEDIAN,REPORTED_INITIAL_BW__NOT_DMI_BACKCALCULATION,RETROSPECTIVE_PRE_FN_UN_LAB_INFORMATION,TARGET_DM_CP_N_HARMONIZED_AND_CHEMISTRY_CROSSCHECKED,0.0
REALV6R_0298,Sorghum::RealV6_高粱_sample10,Sorghum,高粱,10,4,finishing,70.0,1.7404000000000002,39.34575772437461,39.34575772437461,9.15850865357911,7.783829999999995,22.4034190707955,16.942338653579107,22.60730735714468,0.024862857142857145,0.5620822532053515,14.129567098215427,1.1721443346357159,23.626752470696392,6.5387267294874745,6.10204550678005,,87.02,12.3,14.13468168237187,-0.005114584156443058,CONSISTENT,70.0±1.8 kg,50.0,"Shijiazhuang, Hebei",Sorghum paper Table 2,MISSING_IN_TARGET__IMPUTED_906_TRAINING_MEDIAN,REPORTED_INITIAL_BW__NOT_DMI_BACKCALCULATION,RETROSPECTIVE_PRE_FN_UN_LAB_INFORMATION,TARGET_DM_CP_N_HARMONIZED_AND_CHEMISTRY_CROSSCHECKED,0.0
REALV6R_0299,Sorghum::RealV6_高粱_sample10,Sorghum,高粱,10,5,finishing,70.0,1.7404000000000002,39.34575772437461,39.34575772437461,6.068623379042716,2.5515,30.72563434533189,8.620123379042717,22.60730735714468,0.024862857142857145,0.5620822532053515,14.129567098215427,1.1721443346357159,23.626752470696392,6.5387267294874745,6.10204550678005,,87.02,12.3,14.13468168237187,-0.005114584156443058,CONSISTENT,70.0±1.8 kg,50.0,"Shijiazhuang, Hebei",Sorghum paper Table 2,MISSING_IN_TARGET__IMPUTED_906_TRAINING_MEDIAN,REPORTED_INITIAL_BW__NOT_DMI_BACKCALCULATION,RETROSPECTIVE_PRE_FN_UN_LAB_INFORMATION,TARGET_DM_CP_N_HARMONIZED_AND_CHEMISTRY_CROSSCHECKED,-3.552713678800501e-15
REALV6R_0300,Sorghum::RealV6_高粱_sample10,Sorghum,高粱,10,6,finishing,70.0,1.7404000000000002,39.34575772437461,39.34575772437461,7.141746101000711,11.87672,20.327291623373895,19.018466101000712,22.60730735714468,0.024862857142857145,0.5620822532053515,14.129567098215427,1.1721443346357159,23.626752470696392,6.5387267294874745,6.10204550678005,,87.02,12.3,14.13468168237187,-0.005114584156443058,CONSISTENT,70.0±1.8 kg,50.0,"Shijiazhuang, Hebei",Sorghum paper Table 2,MISSING_IN_TARGET__IMPUTED_906_TRAINING_MEDIAN,REPORTED_INITIAL_BW__NOT_DMI_BACKCALCULATION,RETROSPECTIVE_PRE_FN_UN_LAB_INFORMATION,TARGET_DM_CP_N_HARMONIZED_AND_CHEMISTRY_CROSSCHECKED,0.0
