Domain,Observation_ID,Study_or_target_group,Grain,PC1,PC2,PC1_explained_variance,PC2_explained_variance
Historical 906,V44_0af1ffb33304,Antongiovanni2007_IJAS,record,-1.460197432244075,-1.990911942945704,0.3581851925549009,0.2292279722724193
Historical 906,V44_d06f71a3aef3,Antongiovanni2007_IJAS,record,-1.375605698463106,-2.364858365172724,0.3581851925549009,0.2292279722724193
Historical 906,V44_ea5f4d136df5,Antongiovanni2007_IJAS,record,-1.236914483255733,-2.444670911271234,0.3581851925549009,0.2292279722724193
Historical 906,V44_c147ad2cb0cf,Deng2007_LivSci,record,-0.8598112723100501,1.024655684697154,0.3581851925549009,0.2292279722724193
Historical 906,V44_f41d1254fe6c,Deng2007_LivSci,record,-0.5512128008105193,0.7626080097951531,0.3581851925549009,0.2292279722724193
Historical 906,V44_b5b70d4e1167,Deng2007_LivSci,record,-0.2590365016998081,0.5376185470388615,0.3581851925549009,0.2292279722724193
Historical 906,V44_857bc6e1be7e,Deng2007_LivSci,record,0.08101162401547461,0.2680588447666223,0.3581851925549009,0.2292279722724193
Historical 906,V44_0210e134f840,Deng2007_LivSci,record,0.6069305306061176,-0.1760535259296842,0.3581851925549009,0.2292279722724193
Historical 906,V44_938a6c63f57e,GarciaValverde2007_LivSci,record,-5.403139296612641,2.875153622681904,0.3581851925549009,0.2292279722724193
Historical 906,V44_e624971cc339,GarciaValverde2007_LivSci,record,-5.382639536550197,2.913747769648948,0.3581851925549009,0.2292279722724193
Historical 906,V44_698ed1bda6d6,GarciaValverde2007_LivSci,record,-0.3900392087718818,-5.251743918658119,0.3581851925549009,0.2292279722724193
Historical 906,V44_27ae9ea96c00,GarciaValverde2007_LivSci,record,-4.208504087351528,-0.5104330914762546,0.3581851925549009,0.2292279722724193
Historical 906,V44_4a01b313d0d1,Htoo2007_LPHB,record,0.1011304773280722,0.586986965354641,0.3581851925549009,0.2292279722724193
Historical 906,V44_cbfa33914708,Htoo2007_LPHB,record,1.106482942601268,0.03345817437605003,0.3581851925549009,0.2292279722724193
Historical 906,V44_8b6c8f7e8935,Htoo2007_LPHB,record,0.2006433567131722,0.4512791451098552,0.3581851925549009,0.2292279722724193
Historical 906,V44_c7736de05ce3,Htoo2007_LPHB,record,1.048440179141522,-0.03227787072188028,0.3581851925549009,0.2292279722724193
Historical 906,V44_c16025c3ec6c,Li2007_LivSci,record,3.120677133082834,1.432417771782124,0.3581851925549009,0.2292279722724193
Historical 906,V44_129ef2062177,Li2007_LivSci,record,3.001782279582996,1.236366414932046,0.3581851925549009,0.2292279722724193
Historical 906,V44_be357172baca,Li2007_LivSci,record,4.234509418571988,0.3427736047370746,0.3581851925549009,0.2292279722724193
Historical 906,V44_d63fb338451a,Li2007_LivSci,record,3.103892075980194,1.442367808448379,0.3581851925549009,0.2292279722724193
Historical 906,V44_14b665d5f504,Liu2007_AJAS,record,2.895382539072911,-0.1877529322144682,0.3581851925549009,0.2292279722724193
Historical 906,V44_58fa123c75c8,Liu2007_AJAS,record,2.957793605768499,-0.2217021587848617,0.3581851925549009,0.2292279722724193
Historical 906,V44_7c6a1048c9ed,Liu2007_AJAS,record,2.939249258595507,-0.2102940429014059,0.3581851925549009,0.2292279722724193
Historical 906,V44_f85e307ec6ed,Liu2007_AJAS,record,2.988668442091719,-0.2387147558432353,0.3581851925549009,0.2292279722724193
Historical 906,V44_160e652d923d,Liu2007_AJAS,record,2.938111914733959,-0.2097587558517807,0.3581851925549009,0.2292279722724193
Historical 906,V44_4937ab380168,Liu2007_AJAS,record,2.972010961600152,-0.2279954625558599,0.3581851925549009,0.2292279722724193
Historical 906,V44_04ea431f50f9,Liu2007_AJAS,record,2.972421991310414,-0.2268213370627629,0.3581851925549009,0.2292279722724193
Historical 906,V44_422b74be5886,Lynch2007_LivSci,record,-0.7354206990672234,-2.083246007668256,0.3581851925549009,0.2292279722724193
Historical 906,V44_b8545c2e3d2c,Lynch2007_LivSci,record,-0.7503040755755143,-2.178868337027361,0.3581851925549009,0.2292279722724193
Historical 906,V44_13fc76878b34,Lynch2007_LivSci,record,-2.259883389165453,-0.3942432456549247,0.3581851925549009,0.2292279722724193
Historical 906,V44_a7c4d3424281,Lynch2007_LivSci,record,-2.069801457184513,-0.7660132698723118,0.3581851925549009,0.2292279722724193
Historical 906,V44_b8d232ec7d05,Lynch2007_Animal_BetaGlucan,record,-0.0325403075093819,-1.565689981824274,0.3581851925549009,0.2292279722724193
Historical 906,V44_2ae9e553109b,Lynch2007_Animal_BetaGlucan,record,-0.08271220267587762,-1.844114296799372,0.3581851925549009,0.2292279722724193
Historical 906,V44_9d51a9ce9193,Lynch2007_Animal_BetaGlucan,record,0.2753980481268836,-2.434660735958002,0.3581851925549009,0.2292279722724193
Historical 906,V44_d67945a6026a,Lynch2007_Animal_BetaGlucan,record,0.218511180737154,-2.571716236461414,0.3581851925549009,0.2292279722724193
Historical 906,V44_f2fe030f8106,Lynch2007_Animal_InulinCP,record,-1.587643771756211,-0.7125811871637241,0.3581851925549009,0.2292279722724193
Historical 906,V44_fc30d2159256,Lynch2007_Animal_InulinCP,record,-1.805013988608979,-0.3221486213188651,0.3581851925549009,0.2292279722724193
Historical 906,V44_6c5c47940a08,Lynch2007_Animal_InulinCP,record,-0.1624904500240295,-2.20973024596284,0.3581851925549009,0.2292279722724193
Historical 906,V44_239defa8fa3e,Lynch2007_Animal_InulinCP,record,-0.1236214384315976,-2.200693610765232,0.3581851925549009,0.2292279722724193
Historical 906,V44_5ac2355c7439,Rizzi2007_ItalJAnimSci,record,-3.666174325345302,-1.044958898679516,0.3581851925549009,0.2292279722724193
Historical 906,V44_5698ce3cd57c,Rizzi2007_ItalJAnimSci,record,-3.687094167859104,-1.216262902139244,0.3581851925549009,0.2292279722724193
Historical 906,V44_3c03d438061a,Rizzi2007_ItalJAnimSci,record,-3.49968055547991,-0.8133622977476046,0.3581851925549009,0.2292279722724193
Historical 906,V44_b6a80b743b94,Rizzi2007_ItalJAnimSci,record,-3.321741803691568,-2.529636122573444,0.3581851925549009,0.2292279722724193
Historical 906,V44_71d17daf41f1,Zangeronimo2007_RBZ,record,0.102702373195059,1.675878451688134,0.3581851925549009,0.2292279722724193
Historical 906,V44_1a453558687d,Zangeronimo2007_RBZ,record,0.1309231496900335,1.621945873417714,0.3581851925549009,0.2292279722724193
Historical 906,V44_234b5455b348,Zangeronimo2007_RBZ,record,0.1525840521694208,1.581028277705763,0.3581851925549009,0.2292279722724193
Historical 906,V44_d907c462640a,Zangeronimo2007_RBZ,record,0.1894821723100713,1.510622338828352,0.3581851925549009,0.2292279722724193
Historical 906,V44_1843a5550d6e,Zangeronimo2007_RBZ,record,0.6507159825172121,1.267563152264507,0.3581851925549009,0.2292279722724193
Historical 906,V44_0a374ea09c82,Zangeronimo2007_RBZ,record,0.6706561629405678,1.229635905112594,0.3581851925549009,0.2292279722724193
Historical 906,V44_f3dd28e34a77,Zangeronimo2007_RBZ,record,0.6991351953535204,1.175454513404694,0.3581851925549009,0.2292279722724193
Historical 906,V44_a918b75c4c14,Zangeronimo2007_RBZ,record,0.7230302141977825,1.129943682201129,0.3581851925549009,0.2292279722724193
Historical 906,V44_09a3cbf1f8bc,Hauschild2008_ABMVZ,record,-0.8099140834525463,-0.4096738949262097,0.3581851925549009,0.2292279722724193
Historical 906,V44_25fd5e1f99cc,Hauschild2008_ABMVZ,record,-0.6376099508956123,-0.7539132274325573,0.3581851925549009,0.2292279722724193
Historical 906,V44_bd5f016748e1,Hauschild2008_ABMVZ,record,-0.677528435527413,-0.9319012394515946,0.3581851925549009,0.2292279722724193
Historical 906,V44_b4e13c0ab937,Paiano2008_RBZ_ThrLysRatio,record,-1.095824007462954,1.619482625579423,0.3581851925549009,0.2292279722724193
Historical 906,V44_7a05270e8d47,Paiano2008_RBZ_ThrLysRatio,record,-1.096643568180855,1.624308882441854,0.3581851925549009,0.2292279722724193
Historical 906,V44_8bfd38b6ecbd,Paiano2008_RBZ_ThrLysRatio,record,-1.105961081987685,1.663065890261881,0.3581851925549009,0.2292279722724193
Historical 906,V44_dfada554bc48,Paiano2008_RBZ_ThrLysRatio,record,-1.094613969227833,1.610880670135406,0.3581851925549009,0.2292279722724193
Historical 906,V44_b76e49e29b49,Paiano2008_RBZ_ThrLysRatio,record,-1.12154522804493,1.729398917629041,0.3581851925549009,0.2292279722724193
Historical 906,V44_19158ad5007c,Qiao2008_AJAS_MetCysRatio,record,0.5350754781365737,0.977899498829186,0.3581851925549009,0.2292279722724193
Historical 906,V44_3f35e82e9c5e,Qiao2008_AJAS_MetCysRatio,record,0.7038904776979751,0.8455516137767582,0.3581851925549009,0.2292279722724193
Historical 906,V44_921033fd30a7,Qiao2008_AJAS_MetCysRatio,record,0.6537966469561478,0.8915473081438009,0.3581851925549009,0.2292279722724193
Historical 906,V44_d80151588345,Qiao2008_AJAS_MetCysRatio,record,0.5302835276544239,0.9941425447515593,0.3581851925549009,0.2292279722724193
Historical 906,V44_9f6d1040f56f,Qiao2008_AJAS_MetCysRatio,record,0.713601173665057,0.8407832942518216,0.3581851925549009,0.2292279722724193
Historical 906,V44_aed90b010b75,Qiao2008_AJAS_MetCysRatio,record,0.6863896429288467,0.859232965866695,0.3581851925549009,0.2292279722724193
Historical 906,V44_5614ccb8e880,Qiao2008_AJAS_MetCysRatio,record,0.551208366916438,0.9391724695412588,0.3581851925549009,0.2292279722724193
Historical 906,V44_1c18874c43af,Wu2008_AJAS,record,1.987678350385156,-0.4350916210887284,0.3581851925549009,0.2292279722724193
Historical 906,V44_d05eda305403,Wu2008_AJAS,record,1.885455121471031,-0.3943184039520036,0.3581851925549009,0.2292279722724193
Historical 906,V44_9282e44404fb,Wu2008_AJAS,record,2.004084132917216,-0.4808791773268818,0.3581851925549009,0.2292279722724193
Historical 906,V44_cb9c44329ad1,Wu2008_AJAS,record,1.917523112442253,-0.4030537121605076,0.3581851925549009,0.2292279722724193
Historical 906,V44_293eca236969,Wu2008_AJAS,record,1.916568569238627,-0.3982794003532152,0.3581851925549009,0.2292279722724193
Historical 906,V44_af38e41e9f9c,Liu2009_LivSci,record,-0.7030946440715026,-1.052769297589082,0.3581851925549009,0.2292279722724193
Historical 906,V44_9e6ce7c67f11,Liu2009_LivSci,record,-0.7110020704687605,-1.227294191326684,0.3581851925549009,0.2292279722724193
Historical 906,V44_560f68889cf4,Paiano2009_ABMVZ,record,0.5063742553445822,1.156650148949094,0.3581851925549009,0.2292279722724193
Historical 906,V44_8d0a362a3b98,Paiano2009_ABMVZ,record,0.5404366290373699,1.099635490092233,0.3581851925549009,0.2292279722724193
Historical 906,V44_3c61d6e0c390,Paiano2009_ABMVZ,record,0.4759767734189558,1.205905758852666,0.3581851925549009,0.2292279722724193
Historical 906,V44_d16c5050c068,Paiano2009_ABMVZ,record,0.4347905352548035,1.273611764360236,0.3581851925549009,0.2292279722724193
Historical 906,V44_ca8e5af4be1e,Paiano2009_ABMVZ,record,0.496933156633675,1.170114235549684,0.3581851925549009,0.2292279722724193
Historical 906,V44_0acba1bab97b,Yoo2009_AJAS,record,3.586124956536544,0.9553640492083657,0.3581851925549009,0.2292279722724193
Historical 906,V44_c5cfe70d21d1,Yoo2009_AJAS,record,3.489499672481676,1.006897488787503,0.3581851925549009,0.2292279722724193
Historical 906,V44_040132ac7fee,Yoo2009_AJAS,record,3.606469266374183,0.9448484841075389,0.3581851925549009,0.2292279722724193
Historical 906,V44_52b44bd88601,Yoo2009_AJAS,record,3.541090588604768,0.9992362562900863,0.3581851925549009,0.2292279722724193
Historical 906,V44_fca224ce264a,Galassi2010_AFST,record,-4.356452279747936,-1.255076697140561,0.3581851925549009,0.2292279722724193
Historical 906,V44_03e62c535f95,Galassi2010_AFST,record,-4.215767086185456,-2.916686450960398,0.3581851925549009,0.2292279722724193
Historical 906,V44_72ac0dcd7074,Galassi2010_AFST,record,-4.823363880638159,-1.824348886276341,0.3581851925549009,0.2292279722724193
Historical 906,V44_d63add74c0af,Galassi2010_AFST,record,-4.817940558633083,-1.934863168526184,0.3581851925549009,0.2292279722724193
Historical 906,V44_d932a3a5c7d6,Jin2010_AAJS,record,-1.22050266492792,0.9579495710474036,0.3581851925549009,0.2292279722724193
Historical 906,V44_3c0af51c16d1,Jin2010_AAJS,record,-1.000640693201858,0.7529777803576286,0.3581851925549009,0.2292279722724193
Historical 906,V44_978ffb4598d8,Jin2010_AAJS,record,-1.107054358083726,0.8158469063292449,0.3581851925549009,0.2292279722724193
Historical 906,V44_51302ea35a01,Jin2010_AAJS,record,-1.157052179184176,0.8846704136264013,0.3581851925549009,0.2292279722724193
Historical 906,V44_349f92696def,Jin2010_AAJS,record,-1.209299653072377,0.8998627654895368,0.3581851925549009,0.2292279722724193
Historical 906,V44_4f4a7733f6db,McDonnell2010_AAN,record,0.5337533883187754,-2.884769435969797,0.3581851925549009,0.2292279722724193
Historical 906,V44_aebfff38ed21,McDonnell2010_AAN,record,0.3427761772966346,-2.986836039265648,0.3581851925549009,0.2292279722724193
Historical 906,V44_42fbb55f0867,McDonnell2010_AAN,record,0.1526900776470478,-2.960290167939225,0.3581851925549009,0.2292279722724193
Historical 906,V44_0593f20ca5c7,McDonnell2010_AAN,record,0.5015235518375717,-2.945423722897237,0.3581851925549009,0.2292279722724193
Historical 906,V44_7011b5923c4e,Acciaioli2011_AFST,record,-2.741343682704362,0.5831357694385059,0.3581851925549009,0.2292279722724193
Historical 906,V44_609ec11213ac,Acciaioli2011_AFST,record,-1.697899760811464,-0.3197813707332997,0.3581851925549009,0.2292279722724193
Historical 906,V44_503453a3c7d3,Acciaioli2011_AFST,record,-0.7967779357934661,-1.081774515139252,0.3581851925549009,0.2292279722724193
Historical 906,V44_37f02e3d6bd2,Acciaioli2011_AFST,record,-3.602474242352316,1.448907054027324,0.3581851925549009,0.2292279722724193
Historical 906,V44_94a1aff246d9,Acciaioli2011_AFST,record,-2.73259969703887,0.5731551866438219,0.3581851925549009,0.2292279722724193
Historical 906,V44_a91fbc5e5279,Acciaioli2011_AFST,record,-1.69813826840049,-0.3249642953937202,0.3581851925549009,0.2292279722724193
Historical 906,V44_9c54a253b704,Acciaioli2011_AFST,record,-0.7976172954764619,-1.091309241521105,0.3581851925549009,0.2292279722724193
Historical 906,V44_385340e7b59a,Acciaioli2011_AFST,record,-3.587997048493574,1.434725378379146,0.3581851925549009,0.2292279722724193
Historical 906,V44_89c216257b42,Atakora2011_BarleyCornCP,record,-1.357120221818426,-3.037131219061647,0.3581851925549009,0.2292279722724193
Historical 906,V44_1249b563f27d,Atakora2011_BarleyCornCP,record,-2.948559567727986,-0.8485069927926945,0.3581851925549009,0.2292279722724193
Historical 906,V44_144954d0b03b,Atakora2011_BarleyCornCP,record,-1.949798560192496,-1.888328936708452,0.3581851925549009,0.2292279722724193
Historical 906,V44_00e54b0c519b,Atakora2011_BarleyCornCP,record,-1.154167388970169,-2.743389280849941,0.3581851925549009,0.2292279722724193
Historical 906,V44_53519c3681c0,Atakora2011_BarleyCornCP,record,-1.786552667758093,-1.84732746911139,0.3581851925549009,0.2292279722724193
Historical 906,V44_be50823f1a8a,Atakora2011_WheatCPP,record,-0.837543708611171,-2.106768667755864,0.3581851925549009,0.2292279722724193
Historical 906,V44_1c786fed315c,Atakora2011_WheatCPP,record,-1.656252940419165,-0.999799027562767,0.3581851925549009,0.2292279722724193
Historical 906,V44_a70dc8d7b2cf,Atakora2011_WheatCPP,record,-1.695539051038854,-1.33895002681285,0.3581851925549009,0.2292279722724193
Historical 906,V44_e9bfc4648162,Atakora2011_WheatCPP,record,-1.753097299916536,-0.9248723005503435,0.3581851925549009,0.2292279722724193
Historical 906,V44_904830a93bf0,Atakora2011_WheatCPP,record,-1.772703163341086,-1.261295338056973,0.3581851925549009,0.2292279722724193
Historical 906,V44_823e9fba0f84,Atakora2011_WheatCPP,record,-1.824661837640957,-1.33573735019541,0.3581851925549009,0.2292279722724193
Historical 906,V44_08ce94e7e7c9,Hernandez2011_Animal_LowCP,record,-1.825861683717884,-1.018067622947928,0.3581851925549009,0.2292279722724193
Historical 906,V44_4ae274573a61,Hernandez2011_Animal_LowCP,record,-2.299556087171789,-0.6182484091906889,0.3581851925549009,0.2292279722724193
Historical 906,V44_c12af4c45317,Hernandez2011_Animal_LowCP,record,-1.858348786965552,-0.8824455063509544,0.3581851925549009,0.2292279722724193
Historical 906,V44_17f7219bd99e,Hernandez2011_Animal_LowCP,record,-0.03508940291015829,-0.4530223597432266,0.3581851925549009,0.2292279722724193
Historical 906,V44_ea9f1f5bb58b,Hernandez2011_Animal_LowCP,record,-0.9256144331541653,0.2033290884500968,0.3581851925549009,0.2292279722724193
Historical 906,V44_cdd89011e89b,Hernandez2011_Animal_LowCP,record,-0.5303970529210549,-0.2051716423863033,0.3581851925549009,0.2292279722724193
Historical 906,V44_b0f9b92f7870,Liao2011_Boron_PDiet,record,-0.9793634758926167,-0.3281271469175439,0.3581851925549009,0.2292279722724193
Historical 906,V44_67fb5d211683,Liao2011_Boron_PDiet,record,-0.9893553371548042,-0.3330542881308666,0.3581851925549009,0.2292279722724193
Historical 906,V44_b2a1bb45e828,Liao2011_Boron_PDiet,record,-0.975944195738727,-0.3312334764664665,0.3581851925549009,0.2292279722724193
Historical 906,V44_b3c67d1dbcaa,Murphy2011_AFST,record,-0.9011982302361544,-1.830056673460702,0.3581851925549009,0.2292279722724193
Historical 906,V44_0eb428af2b79,Murphy2011_AFST,record,-0.8613071831059632,-1.787178879388829,0.3581851925549009,0.2292279722724193
Historical 906,V44_0ed97667dc8e,Murphy2011_AFST,record,-0.9805007406015795,-1.983562309845393,0.3581851925549009,0.2292279722724193
Historical 906,V44_580dee3b2d6e,Murphy2011_AFST,record,-1.056132457094079,-1.698540171636478,0.3581851925549009,0.2292279722724193
Historical 906,V44_5778c44e2026,OShea2011_BetaGlucan,record,-1.725927899836105,-1.100412128552398,0.3581851925549009,0.2292279722724193
Historical 906,V44_c59ad41ec29e,OShea2011_BetaGlucan,record,-1.842360966742468,-1.283715832095276,0.3581851925549009,0.2292279722724193
Historical 906,V44_d03fbe92f9a2,OShea2011_BetaGlucan,record,-1.50371255471166,-0.6071006672269792,0.3581851925549009,0.2292279722724193
Historical 906,V44_f01b88cef240,OShea2011_BetaGlucan,record,-1.517483590495345,-0.7287427731074065,0.3581851925549009,0.2292279722724193
Historical 906,V44_786cc7020ce8,Osada2011_LowCP_GHG,record,0.1586067177193763,-0.5117913773315937,0.3581851925549009,0.2292279722724193
Historical 906,V44_e4ffc1edcb87,Osada2011_LowCP_GHG,record,-0.6885756604203104,0.3047771375979396,0.3581851925549009,0.2292279722724193
Historical 906,V44_af2b460209d8,Susenbeth2011_AAN,record,1.080059552285208,-0.5024109528004852,0.3581851925549009,0.2292279722724193
Historical 906,V44_d5fcda9842a5,Susenbeth2011_AAN,record,1.040110424633376,-0.3200513936857353,0.3581851925549009,0.2292279722724193
Historical 906,V44_1b6b0872d542,Susenbeth2011_AAN,record,1.067362370969859,-0.4425267034922935,0.3581851925549009,0.2292279722724193
Historical 906,V44_33ab25cfc887,Varley2011_AAN,record,-2.506169503034397,0.2181246073842839,0.3581851925549009,0.2292279722724193
Historical 906,V44_506378961d7f,Varley2011_AAN,record,-0.6145410518465831,-1.564742922213642,0.3581851925549009,0.2292279722724193
Historical 906,V44_1abb55bb6d13,Varley2011_AAN,record,-1.259995295848291,-0.862639612267022,0.3581851925549009,0.2292279722724193
Historical 906,V44_dbae9ab0792c,Varley2011_AAN,record,-1.301037122207495,-0.8118519016279983,0.3581851925549009,0.2292279722724193
Historical 906,V44_253c6d3c5a89,Varley2011_P_PHY,record,2.018961382726616,-0.1189074350955984,0.3581851925549009,0.2292279722724193
Historical 906,V44_496d7f7f5dcb,Varley2011_P_PHY,record,2.102479635911915,-0.08372923387133595,0.3581851925549009,0.2292279722724193
Historical 906,V44_69e30aedbe92,Varley2011_P_PHY,record,1.908149515625588,-0.004693207096169367,0.3581851925549009,0.2292279722724193
Historical 906,V44_2827901fd5f0,Blank2012_AAN,record,-0.7072570888933383,1.146181793147529,0.3581851925549009,0.2292279722724193
Historical 906,V44_1a047f88589e,Blank2012_AAN,record,-0.02870281860686002,0.3257240939165676,0.3581851925549009,0.2292279722724193
Historical 906,V44_581e1615943f,Blank2012_AAN,record,-0.02374226689480744,-0.6655649270865288,0.3581851925549009,0.2292279722724193
Historical 906,V44_9927b792a8f5,Blank2012_AAN,record,-0.007604715346181098,-1.532045135658144,0.3581851925549009,0.2292279722724193
Historical 906,V44_42437784f33f,Blank2012_AAN,record,0.4327206500107613,0.1111874066319024,0.3581851925549009,0.2292279722724193
Historical 906,V44_b20fd4bd2a36,Blank2012_AAN,record,0.8022855981195668,-1.151232985350645,0.3581851925549009,0.2292279722724193
Historical 906,V44_43ab48de8c59,Blank2012_AAN,record,0.3762660341357212,-0.9667241794707955,0.3581851925549009,0.2292279722724193
Historical 906,V44_0fa7c76fe191,Blank2012_AAN,record,0.7562189510416958,-1.039657539967568,0.3581851925549009,0.2292279722724193
Historical 906,V44_9d2ec3d5d7d4,Brestensky2012_JAS,record,-0.2360750402375578,-1.236199634109069,0.3581851925549009,0.2292279722724193
Historical 906,V44_4fdaf7ad5e3b,Brestensky2012_JAS,record,-0.231259270040121,-1.348759965990301,0.3581851925549009,0.2292279722724193
Historical 906,V44_6b996bfecd0c,Koopmans2012_JAS,record,1.150798193949277,1.01942343811727,0.3581851925549009,0.2292279722724193
Historical 906,V44_c75650a8fae4,Koopmans2012_JAS,record,1.256656972732402,0.9154754709486965,0.3581851925549009,0.2292279722724193
Historical 906,V44_58bc6bd76f28,Opapeju2012_Animal,record,0.9342432617497054,1.211661260517918,0.3581851925549009,0.2292279722724193
Historical 906,V44_cd9f20768a88,Opapeju2012_Animal,record,0.9367317229395992,1.208767772271181,0.3581851925549009,0.2292279722724193
Historical 906,V44_553870a752e7,Opapeju2012_Animal,record,0.8902888172566092,1.205715332139022,0.3581851925549009,0.2292279722724193
Historical 906,V44_88be35d31b41,Opapeju2012_Animal,record,0.8532859889705552,1.213605777864499,0.3581851925549009,0.2292279722724193
Historical 906,V44_b420c6eb7e04,Opapeju2012_Animal,record,0.8863458446201252,1.21074250867845,0.3581851925549009,0.2292279722724193
Historical 906,V44_56afa7edaca5,Opapeju2012_Animal,record,0.8873973992966014,1.198976438287634,0.3581851925549009,0.2292279722724193
Historical 906,V44_38da75e7eaf5,Opapeju2012_Animal,record,0.8561438757157204,1.209882626260449,0.3581851925549009,0.2292279722724193
Historical 906,V44_351dd8736c12,Patras2012_JAS,record,0.9148941035897705,0.3493041805737059,0.3581851925549009,0.2292279722724193
Historical 906,V44_e09e386b914a,Patras2012_JAS,record,1.65347893046986,-1.321373854732805,0.3581851925549009,0.2292279722724193
Historical 906,V44_4a8434d32668,Patras2012_JAS,record,-0.456615353857088,1.320345720159721,0.3581851925549009,0.2292279722724193
Historical 906,V44_8bc44d01cccb,Patras2012_JAS,record,-0.1193130508388171,0.2491027733603762,0.3581851925549009,0.2292279722724193
Historical 906,V44_45649674b8bd,Wochner2012_Semina,record,0.1145937699086856,1.144960833367223,0.3581851925549009,0.2292279722724193
Historical 906,V44_ccc1fc6ba334,Wochner2012_Semina,record,0.09847561494464521,1.182232788113794,0.3581851925549009,0.2292279722724193
Historical 906,V44_20c3371c9112,Wochner2012_Semina,record,0.1051125022827786,1.166885512629912,0.3581851925549009,0.2292279722724193
Historical 906,V44_20784459e90e,Wochner2012_Semina,record,0.09539420296623574,1.189358308874165,0.3581851925549009,0.2292279722724193
Historical 906,V44_0fcd09a4a8d9,deRidder2012_JAS,record,0.0551913370930631,2.400200914975116,0.3581851925549009,0.2292279722724193
Historical 906,V44_f1a9ed2c8b32,deRidder2012_JAS,record,0.05657204372304284,2.39916041089575,0.3581851925549009,0.2292279722724193
Historical 906,V44_fe13f4ad91be,deRidder2012_JAS,record,0.052755333906059,2.403407677041186,0.3581851925549009,0.2292279722724193
Historical 906,V44_b09a7c45efed,deRidder2012_JAS,record,-0.8799493574658572,3.111208267502497,0.3581851925549009,0.2292279722724193
Historical 906,V44_7632b5fb039c,deRidder2012_JAS,record,-0.8792511739958238,3.109500701918601,0.3581851925549009,0.2292279722724193
Historical 906,V44_b153dd2a8ea7,deRidder2012_JAS,record,-0.8811116190865437,3.111490557608243,0.3581851925549009,0.2292279722724193
Historical 906,V44_52bcbfdeb535,deRidder2012_JAS,record,-1.851731492151505,3.847969142695229,0.3581851925549009,0.2292279722724193
Historical 906,V44_cba91cf27a41,deRidder2012_JAS,record,-1.843602701531112,3.837429192188589,0.3581851925549009,0.2292279722724193
Historical 906,V44_3d66474f86a6,deRidder2012_JAS,record,-1.867071495022083,3.857012857761893,0.3581851925549009,0.2292279722724193
Historical 906,V44_b2c65fe39cef,deRidder2012_JAS,record,-2.503894695538792,4.336415277919385,0.3581851925549009,0.2292279722724193
Historical 906,V44_96b2b8177ad4,deRidder2012_JAS,record,-2.500947749916169,4.333301659027548,0.3581851925549009,0.2292279722724193
Historical 906,V44_8af15b3edd74,deRidder2012_JAS,record,-2.500574514602708,4.332119739577918,0.3581851925549009,0.2292279722724193
Historical 906,V44_1a9fe2c63143,deRidder2012_JAS,record,-2.255565749373567,4.165771650371735,0.3581851925549009,0.2292279722724193
Historical 906,V44_907baa49f326,deRidder2012_JAS,record,-2.309703043243644,4.205082646262544,0.3581851925549009,0.2292279722724193
Historical 906,V44_a52353c36c05,deRidder2012_JAS,record,-2.234033569688465,4.149105670649346,0.3581851925549009,0.2292279722724193
Historical 906,V44_f479928e0e11,Ball2013_AJAS,record,-0.3333157864415625,-0.5259075354566609,0.3581851925549009,0.2292279722724193
Historical 906,V44_e73b3014dcc9,Ball2013_AJAS,record,-0.06346792073932678,-0.8487875151552656,0.3581851925549009,0.2292279722724193
Historical 906,V44_b81ce652379a,Ball2013_AJAS,record,0.312871637970708,-1.111502447336774,0.3581851925549009,0.2292279722724193
Historical 906,V44_63c46b5844c2,Ball2013_AJAS,record,0.6854896030816152,-1.374156211824689,0.3581851925549009,0.2292279722724193
Historical 906,V44_ce834e988f96,Ball2013_AJAS,record,1.005912954373205,-1.531954229407523,0.3581851925549009,0.2292279722724193
Historical 906,V44_7233acdce6b4,Ball2013_AJAS,record,-0.3579481946405842,-0.2361610513084432,0.3581851925549009,0.2292279722724193
Historical 906,V44_d5aee7497897,Ball2013_AJAS,record,0.008140559365272996,-0.9789906435455404,0.3581851925549009,0.2292279722724193
Historical 906,V44_a070e5fa802d,Ball2013_AJAS,record,0.3602429486155652,-1.137901936090669,0.3581851925549009,0.2292279722724193
Historical 906,V44_586e94d21e03,Ball2013_AJAS,record,0.8142037213688839,-1.539460987263788,0.3581851925549009,0.2292279722724193
Historical 906,V44_c1418da5d27a,Ball2013_AJAS,record,1.08788591227126,-1.664922786865735,0.3581851925549009,0.2292279722724193
Historical 906,V44_b5b742f20bbe,Litvak2013_JAS,record,-0.2674917812352401,2.659259905333164,0.3581851925549009,0.2292279722724193
Historical 906,V44_5ce006c09672,Litvak2013_JAS,record,-0.4577382137692893,2.800945449856189,0.3581851925549009,0.2292279722724193
Historical 906,V44_3737d45c283a,Litvak2013_JAS,record,-0.32344661433349,2.700932124310524,0.3581851925549009,0.2292279722724193
Historical 906,V44_e00c3daf84d6,Litvak2013_JAS,record,0.01472055700964428,2.473939945992351,0.3581851925549009,0.2292279722724193
Historical 906,V44_b1259c368762,Litvak2013_JAS,record,-0.01885234284930561,2.498943277378767,0.3581851925549009,0.2292279722724193
Historical 906,V44_9add1895cfcf,Litvak2013_JAS,record,0.03710249024894419,2.457271058401406,0.3581851925549009,0.2292279722724193
Historical 906,V44_efc744a380bd,Litvak2013_JAS,record,0.01646096120403968,2.465611962437737,0.3581851925549009,0.2292279722724193
Historical 906,V44_a69a6712e722,Litvak2013_JAS,record,-0.005920972035260255,2.482280850028681,0.3581851925549009,0.2292279722724193
Historical 906,V44_398cb29f6833,Litvak2013_JAS,record,0.005269994584389407,2.473946406233209,0.3581851925549009,0.2292279722724193
Historical 906,V44_cae393845f68,Litvak2013_JAS,record,-0.004180572037262961,2.47395286998655,0.3581851925549009,0.2292279722724193
Historical 906,V44_7d31175efece,Litvak2013_JAS,record,-0.004180572037262961,2.47395286998655,0.3581851925549009,0.2292279722724193
Historical 906,V44_0e5bde71f2c3,Litvak2013_JAS,record,0.007010394582387173,2.465618426191078,0.3581851925549009,0.2292279722724193
Historical 906,V44_1718fc362938,Litvak2013_JAS,record,0.02938385658044629,2.447238823138613,0.3581851925549009,0.2292279722724193
Historical 906,V44_9c362afd5dc5,Litvak2013_JAS,record,0.02938385658044629,2.447238823138613,0.3581851925549009,0.2292279722724193
Historical 906,V44_67a109638b83,Litvak2013_JAS,record,0.02938385658044629,2.447238823138613,0.3581851925549009,0.2292279722724193
Historical 906,V44_5c7ab7df53be,Otten2013_ArchTierz,record,0.1909670829286827,-1.023696638606208,0.3581851925549009,0.2292279722724193
Historical 906,V44_c150e2188fda,Otten2013_ArchTierz,record,0.4326743505781298,-1.125745762881516,0.3581851925549009,0.2292279722724193
Historical 906,V44_d75fa77c03dc,Otten2013_ArchTierz,record,0.4697991208111079,-1.141593113247701,0.3581851925549009,0.2292279722724193
Historical 906,V44_b6c03166fb2a,Otten2013_ArchTierz,record,0.4118841879843269,-1.035637505601213,0.3581851925549009,0.2292279722724193
Historical 906,V44_6b8e3e1a16e8,Otten2013_ArchTierz,record,0.2426386910105939,-0.7619691382982234,0.3581851925549009,0.2292279722724193
Historical 906,V44_d4d11430e5d9,Otten2013_ArchTierz,record,0.5164410434433451,-0.9868804285604961,0.3581851925549009,0.2292279722724193
Historical 906,V44_f2c72960edbb,Campos2014_JAS,record,-0.7339842227376384,-0.6795391468688664,0.3581851925549009,0.2292279722724193
Historical 906,V44_e170cd14f1f6,Campos2014_JAS,record,-0.7376043743946153,-0.3494672071806296,0.3581851925549009,0.2292279722724193
Historical 906,V44_b5e061da18da,Campos2014_JAS,record,-0.8171614984039645,-1.373884456299161,0.3581851925549009,0.2292279722724193
Historical 906,V44_b1858f6115a9,Campos2014_JAS,record,-0.8238362041891513,-0.7442328100021464,0.3581851925549009,0.2292279722724193
Historical 906,V44_369cd00730ec,Mariscal2014_JASB,record,-3.529373463832763,2.322814264202119,0.3581851925549009,0.2292279722724193
Historical 906,V44_cc0afc581918,Mariscal2014_JASB,record,-3.534343115713935,2.313115953174243,0.3581851925549009,0.2292279722724193
Historical 906,V44_9d3e60b2edc4,Mariscal2014_JASB,record,-3.497776895031748,2.307330766198951,0.3581851925549009,0.2292279722724193
Historical 906,V44_b1ee8c6d6ce9,Mariscal2014_JASB,record,-3.487118584038196,2.316515412741444,0.3581851925549009,0.2292279722724193
Historical 906,V44_4a27eb2cae6c,Mariscal2014_JASB,record,-3.620227882075798,2.42998994266201,0.3581851925549009,0.2292279722724193
Historical 906,V44_f9f7e386b9e7,Mariscal2014_JASB,record,-3.685390883009287,2.485002109397747,0.3581851925549009,0.2292279722724193
Historical 906,V44_48f0d809c65f,Mariscal2014_JASB,record,-3.660315817773352,2.536860430991686,0.3581851925549009,0.2292279722724193
Historical 906,V44_3d3fa5385c49,Norgaard2014_Finisher_LowCP,record,-1.951640153158299,0.1946823843734648,0.3581851925549009,0.2292279722724193
Historical 906,V44_677d704a3bea,Norgaard2014_Finisher_LowCP,record,-1.744259910505781,-0.0049085875097562,0.3581851925549009,0.2292279722724193
Historical 906,V44_f900474360de,Norgaard2014_Finisher_LowCP,record,-1.369466561392151,-0.1651758608198781,0.3581851925549009,0.2292279722724193
Historical 906,V44_545964d9d7ee,Norgaard2014_Finisher_LowCP,record,-0.9935613025841272,-0.609660808454821,0.3581851925549009,0.2292279722724193
Historical 906,V44_91413038d0b1,Prandini2014_JAS,record,-3.773313326604597,-0.8387474698485201,0.3581851925549009,0.2292279722724193
Historical 906,V44_6acc656266ad,Prandini2014_JAS,record,-4.498848390175394,-0.2329219438574596,0.3581851925549009,0.2292279722724193
Historical 906,V44_33f5d1751647,Prandini2014_JAS,record,-4.573243529732884,-0.1626634529168919,0.3581851925549009,0.2292279722724193
Historical 906,V44_83623b2f06b4,Prandini2014_JAS,record,-4.497021551195113,-0.2200330245792082,0.3581851925549009,0.2292279722724193
Historical 906,V44_a8370bb85861,Prandini2014_JAS,record,-0.219031581176982,-0.8688869151970594,0.3581851925549009,0.2292279722724193
Historical 906,V44_28ab46fb14f9,Prandini2014_JAS,record,-1.164488421193129,0.01097526969845767,0.3581851925549009,0.2292279722724193
Historical 906,V44_76df424f5221,Prandini2014_JAS,record,-1.249141585733971,0.07049882045035127,0.3581851925549009,0.2292279722724193
Historical 906,V44_913b49187dc7,Prandini2014_JAS,record,-1.27856526677192,0.1177672041472255,0.3581851925549009,0.2292279722724193
Historical 906,V44_fd0e33a1890b,Prandini2014_JAS,record,-1.524327477608067,-1.757496709993297,0.3581851925549009,0.2292279722724193
Historical 906,V44_03f04ebcc446,Prandini2014_JAS,record,-2.439356585548306,-0.8240411900257095,0.3581851925549009,0.2292279722724193
Historical 906,V44_4f8c9d8000c6,Prandini2014_JAS,record,-2.508333097420583,-0.7530414217833419,0.3581851925549009,0.2292279722724193
Historical 906,V44_d4d4c96cdb9a,Prandini2014_JAS,record,-2.489020242943591,-0.7899892674882418,0.3581851925549009,0.2292279722724193
Historical 906,V44_07ff8b3fec88,RojasCano2014_OSS_IBDU,record,-1.3258407866136,-1.373586655368496,0.3581851925549009,0.2292279722724193
Historical 906,V44_5f0b67f9f9f2,RojasCano2014_OSS_IBDU,record,-1.392965849145412,-1.411485115095468,0.3581851925549009,0.2292279722724193
Historical 906,V44_dc8df3c3a0b2,RojasCano2014_OSS_IBDU,record,-1.288721686580405,-1.389659121831246,0.3581851925549009,0.2292279722724193
Historical 906,V44_73fd5e6a3dbf,RojasCano2014_OSS_IBDU,record,-1.159928469849813,-1.5145686719605,0.3581851925549009,0.2292279722724193
Historical 906,V44_9ff5f916ddbe,Zhang2014_ThrLys_Weaned,record,2.516708037558165,1.326743587043847,0.3581851925549009,0.2292279722724193
Historical 906,V44_94663c94bfec,Zhang2014_ThrLys_Weaned,record,2.567090190531896,1.299945873783958,0.3581851925549009,0.2292279722724193
Historical 906,V44_ca2eed467767,Zhang2014_ThrLys_Weaned,record,2.631684869923431,1.264956808118669,0.3581851925549009,0.2292279722724193
Historical 906,V44_3479252f2e91,Antezana2015_AFST,record,-1.167025342684701,-0.8148084343021668,0.3581851925549009,0.2292279722724193
Historical 906,V44_380e18d696e6,Antezana2015_AFST,record,-0.7660825117013379,-1.408311776918945,0.3581851925549009,0.2292279722724193
Historical 906,V44_67f8ef046b5c,Antezana2015_AFST,record,-1.019301120841811,-1.571187063365011,0.3581851925549009,0.2292279722724193
Historical 906,V44_9c3bfb11e544,Antezana2015_AFST,record,-0.63130112490636,-1.714682235849086,0.3581851925549009,0.2292279722724193
Historical 906,V44_3ad687c0e9d7,Antezana2015_AFST,record,-1.394612844292517,-0.8912528480555598,0.3581851925549009,0.2292279722724193
Historical 906,V44_4d7d772ec3ab,Choi2015_AAJS,record,-1.216547426775838,2.500560500012008,0.3581851925549009,0.2292279722724193
Historical 906,V44_e662dc83f548,Choi2015_AAJS,record,-1.082092568258658,2.023056089926951,0.3581851925549009,0.2292279722724193
Historical 906,V44_03e001025790,Choi2015_AAJS,record,-1.215286445776508,2.473177736289984,0.3581851925549009,0.2292279722724193
Historical 906,V44_379bde713a41,Choi2015_AAJS,record,-1.145000661722827,2.250108584246741,0.3581851925549009,0.2292279722724193
Historical 906,V44_f36022163fda,Choi2015_AAJS,record,-1.117962693339829,2.146634831178771,0.3581851925549009,0.2292279722724193
Historical 906,V44_0a189c566ab6,Elsbernd2015_JAS,record,2.349140158169599,-2.712406236646718,0.3581851925549009,0.2292279722724193
Historical 906,V44_5413af89449d,Elsbernd2015_JAS,record,2.376674309264763,-2.814116626590466,0.3581851925549009,0.2292279722724193
Historical 906,V44_ae311bfb4106,Elsbernd2015_JAS,record,2.29407185597926,-2.508985456759222,0.3581851925549009,0.2292279722724193
Historical 906,V44_828e879bfb3e,Elsbernd2015_JAS,record,2.394196041779873,-2.878841420191033,0.3581851925549009,0.2292279722724193
Historical 906,V44_3a66bc44bdcd,Elsbernd2015_JAS,record,-0.3668044988860752,-3.190851849321945,0.3581851925549009,0.2292279722724193
Historical 906,V44_1af63ba83153,Elsbernd2015_JAS,record,-0.3663964773898299,-3.18146757826644,0.3581851925549009,0.2292279722724193
Historical 906,V44_e882a90d6c32,Elsbernd2015_JAS,record,-0.3600721441981093,-3.036011376906106,0.3581851925549009,0.2292279722724193
Historical 906,V44_bf9d1ed3eebf,Elsbernd2015_JAS,record,-0.3918978209048319,-3.767984519235526,0.3581851925549009,0.2292279722724193
Historical 906,V44_40771fea2912,Elsbernd2015_JAS,record,-2.016026930985454,-3.016879559751668,0.3581851925549009,0.2292279722724193
Historical 906,V44_1498b1d7d086,Elsbernd2015_JAS,record,-2.020650511936783,-3.040908539603865,0.3581851925549009,0.2292279722724193
Historical 906,V44_c94723c37fdc,Elsbernd2015_JAS,record,-2.103874969060803,-3.473430176943435,0.3581851925549009,0.2292279722724193
Historical 906,V44_1d9ae2d05916,Elsbernd2015_JAS,record,-2.120519860485609,-3.559934504411351,0.3581851925549009,0.2292279722724193
Historical 906,V44_bff5c4f01a2d,Galassi2015_IJAS,record,-2.886742023823947,-1.542135759064432,0.3581851925549009,0.2292279722724193
Historical 906,V44_09fac5923a27,Galassi2015_IJAS,record,-3.718750895817371,-0.6897358198627775,0.3581851925549009,0.2292279722724193
Historical 906,V44_19e8b32cb747,Galassi2015_IJAS,record,-3.992112531094223,-0.2015173531041535,0.3581851925549009,0.2292279722724193
Historical 906,V44_100282609d7d,Kampman2015_BJN,record,0.9466202547805073,-0.704694032679351,0.3581851925549009,0.2292279722724193
Historical 906,V44_c299a3bb8209,Kampman2015_BJN,record,0.867372793251872,-0.5151809765918607,0.3581851925549009,0.2292279722724193
Historical 906,V44_4e17dec14561,Kampman2015_BJN,record,-0.3649927127310696,0.2629260623672029,0.3581851925549009,0.2292279722724193
Historical 906,V44_a88ae59eb19d,Kampman2015_BJN,record,-0.4029854803477835,0.3544310639879004,0.3581851925549009,0.2292279722724193
Historical 906,V44_0a80fab56b2d,Norgaard2015_CAA,record,-0.9470511473786336,-0.03658631667352236,0.3581851925549009,0.2292279722724193
Historical 906,V44_d1d4d50940e1,Norgaard2015_CAA,record,-0.9581304022923999,-0.09901731901025573,0.3581851925549009,0.2292279722724193
Historical 906,V44_f66667beb998,Pilcher2015_JAS,record,-3.700134597224807,-1.02473101698428,0.3581851925549009,0.2292279722724193
Historical 906,V44_91b858b71eaa,Pilcher2015_JAS,record,-2.526620030499755,-2.738549214749199,0.3581851925549009,0.2292279722724193
Historical 906,V44_0960f7bbf206,Pilcher2015_JAS,record,-3.534501409551149,-1.440749659215163,0.3581851925549009,0.2292279722724193
Historical 906,V44_6d42746a3894,Pilcher2015_JAS,record,-2.727844779553954,-2.302201669048668,0.3581851925549009,0.2292279722724193
Historical 906,V44_fff9402b4f98,Pilcher2015_JAS,record,-3.130288917780491,-1.871805637516927,0.3581851925549009,0.2292279722724193
Historical 906,V44_1ef962e215ee,Pilcher2015_JAS,record,-3.121323602549281,-1.86716592374244,0.3581851925549009,0.2292279722724193
Historical 906,V44_4bcc6f077d61,Rachuonyo2015_RMCP,record,-0.1962320343749935,2.184219334414376,0.3581851925549009,0.2292279722724193
Historical 906,V44_4aed56c55224,Rachuonyo2015_RMCP,record,1.283638859928266,1.098491444035006,0.3581851925549009,0.2292279722724193
Historical 906,V44_b90616a6f63e,White2015_AFST,record,-0.3464061189582902,-2.963121955399354,0.3581851925549009,0.2292279722724193
Historical 906,V44_120abfe557de,White2015_AFST,record,-0.6376632946959958,-2.562171748163931,0.3581851925549009,0.2292279722724193
Historical 906,V44_a27d34879ed8,White2015_AFST,record,-0.2716834697640366,-2.703563502854817,0.3581851925549009,0.2292279722724193
Historical 906,V44_8420bfcc3965,White2015_AFST,record,-0.2976860100609179,-3.025584639586209,0.3581851925549009,0.2292279722724193
Historical 906,V44_59560b79e4ad,White2015_AFST,record,0.6892930794133461,-1.861453479156315,0.3581851925549009,0.2292279722724193
Historical 906,V44_5bcfca77fc29,White2015_AFST,record,0.554856574142167,-1.647842536564108,0.3581851925549009,0.2292279722724193
Historical 906,V44_d8c6bef4eff7,White2015_AFST,record,1.236111433351333,-2.017494155167129,0.3581851925549009,0.2292279722724193
Historical 906,V44_b0df094aeaa2,White2015_AFST,record,0.9821546303720522,-2.207194000137543,0.3581851925549009,0.2292279722724193
Historical 906,V44_1f32d10b6c30,Acosta2016_JAS,record,-1.841591215566248,-1.872287346147561,0.3581851925549009,0.2292279722724193
Historical 906,V44_1fb60cab8c26,Acosta2016_JAS,record,-1.396016487872117,-2.869649414399389,0.3581851925549009,0.2292279722724193
Historical 906,V44_97d2cfccae03,Acosta2016_JAS,record,-2.351152861930057,-1.369764502582378,0.3581851925549009,0.2292279722724193
Historical 906,V44_66ce986dec3e,Acosta2016_JAS,record,-2.01956734988404,-2.354120227660462,0.3581851925549009,0.2292279722724193
Historical 906,V44_dfed0f32e884,Acosta2016_JAS,record,-1.662974632304541,-3.158657979874714,0.3581851925549009,0.2292279722724193
Historical 906,V44_bb483fb33ce7,Acosta2016_JAS,record,0.580315168686323,-2.269411348943318,0.3581851925549009,0.2292279722724193
Historical 906,V44_2bdee5c5fbc2,Acosta2016_JAS,record,1.029955123900473,-3.221720367715822,0.3581851925549009,0.2292279722724193
Historical 906,V44_8dfd7a2f4752,Acosta2016_JAS,record,0.1663587655298037,-1.48849855305222,0.3581851925549009,0.2292279722724193
Historical 906,V44_af4d83e5803f,Acosta2016_JAS,record,0.5242639429734716,-2.359249178988247,0.3581851925549009,0.2292279722724193
Historical 906,V44_c3d796c4e30a,Acosta2016_JAS,record,0.92984348077919,-3.44639167014805,0.3581851925549009,0.2292279722724193
Historical 906,V44_6589a0c43394,Batorek2016_IC_FatContent,record,-1.456412403135171,-2.00534374570891,0.3581851925549009,0.2292279722724193
Historical 906,V44_fe64abe43a71,Batorek2016_IC_FatContent,record,-1.810437000884881,-4.223970534283064,0.3581851925549009,0.2292279722724193
Historical 906,V44_c6b7db3674f3,Batorek2016_IC_FatContent,record,-2.76562334879677,-3.691070501219411,0.3581851925549009,0.2292279722724193
Historical 906,V44_1f5b5efe2139,Ceron2016_MVZ,record,-4.287516043012165,3.036367780900837,0.3581851925549009,0.2292279722724193
Historical 906,V44_4f9d73cae0fd,Ceron2016_MVZ,record,-3.542039857989597,2.127535786132488,0.3581851925549009,0.2292279722724193
Historical 906,V44_962416d5a2b3,Ceron2016_MVZ,record,-2.844877148315863,1.229129470523859,0.3581851925549009,0.2292279722724193
Historical 906,V44_2e2651b9d523,Ceron2016_MVZ,record,-2.119891590309194,0.283051093104159,0.3581851925549009,0.2292279722724193
Historical 906,V44_91c5a182d15c,Kong2016_AFST,record,0.1289465215813761,2.574285396804936,0.3581851925549009,0.2292279722724193
Historical 906,V44_f5cf6427d5e0,Kong2016_AFST,record,0.1523105719224422,2.563028628703405,0.3581851925549009,0.2292279722724193
Historical 906,V44_730ba1679820,Kong2016_AFST,record,0.1484330598182707,2.559418208292284,0.3581851925549009,0.2292279722724193
Historical 906,V44_b00a11c0ca58,Kong2016_AFST,record,0.13224621538949,2.564238487123839,0.3581851925549009,0.2292279722724193
Historical 906,V44_1447c6607c9e,Kong2016_AFST,record,0.1795782752693222,2.557258695365902,0.3581851925549009,0.2292279722724193
Historical 906,V44_bf6e4fe90281,Kong2016_PeerJ,record,-0.221300011486478,3.125363364156639,0.3581851925549009,0.2292279722724193
Historical 906,V44_01cd499a3a16,Kong2016_PeerJ,record,-0.2355574702446288,3.130321630407344,0.3581851925549009,0.2292279722724193
Historical 906,V44_cabeff76be68,Kong2016_PeerJ,record,-0.2483009159529853,3.119229342390813,0.3581851925549009,0.2292279722724193
Historical 906,V44_f08fafddb735,Kong2016_PeerJ,record,-0.2277857198710928,3.123514454691627,0.3581851925549009,0.2292279722724193
Historical 906,V44_095bab6526ba,Kong2016_PeerJ,record,-0.2578851561074768,3.119733406115373,0.3581851925549009,0.2292279722724193
Historical 906,V44_806f0f3eff06,Mathai2016_JAS,record,-0.3705490683112034,-0.6940287028203719,0.3581851925549009,0.2292279722724193
Historical 906,V44_d0daa7a56476,Mathai2016_JAS,record,-0.2516351849582332,-0.7632379360922602,0.3581851925549009,0.2292279722724193
Historical 906,V44_2459b1070a19,Mathai2016_JAS,record,0.07405274019951603,-0.6959515893626987,0.3581851925549009,0.2292279722724193
Historical 906,V44_744c74829d8c,Mathai2016_JAS,record,0.1050533409165305,-0.7929398670774865,0.3581851925549009,0.2292279722724193
Historical 906,V44_ef050928a064,Mathai2016_JAS,record,-0.7091533998007494,1.285444323349189,0.3581851925549009,0.2292279722724193
Historical 906,V44_536e347afb77,Mathai2016_JAS,record,-0.6170342302329876,1.154396563056558,0.3581851925549009,0.2292279722724193
Historical 906,V44_4620bd46a42b,Mathai2016_JAS,record,-0.3890226153605749,1.318105349349308,0.3581851925549009,0.2292279722724193
Historical 906,V44_e3bd6151c8df,Mathai2016_JAS,record,-0.2613405748576699,1.244137983310494,0.3581851925549009,0.2292279722724193
Historical 906,V44_841a7e83884f,Rudar2016_JAS,record,1.865598995152152,1.586296857498183,0.3581851925549009,0.2292279722724193
Historical 906,V44_0e32e9ff570f,Rudar2016_JAS,record,1.862210691125012,1.630903420682663,0.3581851925549009,0.2292279722724193
Historical 906,V44_349036dd3930,Rudar2016_JAS,record,2.21469337001639,1.286452229315736,0.3581851925549009,0.2292279722724193
Historical 906,V44_25565275aa78,Rudar2016_JAS,record,1.865181985263006,1.64300260505357,0.3581851925549009,0.2292279722724193
Historical 906,V44_c0e92faef52b,Rudar2016_JAS,record,2.246347510059765,1.295855842435076,0.3581851925549009,0.2292279722724193
Historical 906,V44_80c10f863897,Rudar2016_JAS,record,1.751992798217082,1.687187317209326,0.3581851925549009,0.2292279722724193
Historical 906,V44_da0af652d6d8,Rudar2016_JAS,record,2.130561842150272,1.332514964396188,0.3581851925549009,0.2292279722724193
Historical 906,V44_741204834a45,Tian2016_AJAS,record,2.167778337938588,0.5888180911805104,0.3581851925549009,0.2292279722724193
Historical 906,V44_6fc41f42f447,Tian2016_AJAS,record,2.19702053891354,0.5193726339143602,0.3581851925549009,0.2292279722724193
Historical 906,V44_7d4671332ef6,Tian2016_AJAS,record,2.210731460568142,0.5056865626517726,0.3581851925549009,0.2292279722724193
Historical 906,V44_49d946495280,Chen2017_AKG,record,-0.1617700863098932,-0.7105586170145931,0.3581851925549009,0.2292279722724193
Historical 906,V44_1c22da2d4429,Chen2017_AKG,record,-0.1901428537487863,-0.7840289524012115,0.3581851925549009,0.2292279722724193
Historical 906,V44_3f8270a621ab,Do2017_RSM_WeaningToFinishing,record,2.10501105898765,0.9560351018402851,0.3581851925549009,0.2292279722724193
Historical 906,V44_a450570e8d69,Do2017_RSM_WeaningToFinishing,record,1.967483837739892,0.9888694028485319,0.3581851925549009,0.2292279722724193
Historical 906,V44_3b11e5e67905,Do2017_RSM_WeaningToFinishing,record,1.912913351760245,0.9616149967013234,0.3581851925549009,0.2292279722724193
Historical 906,V44_a729eadad21b,Do2017_RSM_WeaningToFinishing,record,1.920585533885116,0.903465189339593,0.3581851925549009,0.2292279722724193
Historical 906,V44_a1af0b81fa68,Do2017_RSM_WeaningToFinishing,record,2.037897060118977,0.7580103274778004,0.3581851925549009,0.2292279722724193
Historical 906,V44_ad03eef2c909,Lee2017_LivSci,record,0.1497592106042726,-2.44068651191137,0.3581851925549009,0.2292279722724193
Historical 906,V44_ff2ea7f66928,Lee2017_LivSci,record,0.1483506788309541,-2.443488587520107,0.3581851925549009,0.2292279722724193
Historical 906,V44_c39e86ee9d98,Lee2017_LivSci,record,0.07257323108093948,-2.395324301318593,0.3581851925549009,0.2292279722724193
Historical 906,V44_26874a39aa21,Tusnio2017_PLOSOne,record,2.500363492952665,0.9524188648585025,0.3581851925549009,0.2292279722724193
Historical 906,V44_b1f07415ee1c,Tusnio2017_PLOSOne,record,2.985492743758454,0.3068084286701144,0.3581851925549009,0.2292279722724193
Historical 906,V44_f6728a45308b,Tusnio2017_PLOSOne,record,3.057709730425689,0.208468686375532,0.3581851925549009,0.2292279722724193
Historical 906,V44_603508636b31,Koo2018_FermentedGrain,record,4.005722189190878,-1.063529104944122,0.3581851925549009,0.2292279722724193
Historical 906,V44_329ed8236096,Koo2018_FermentedGrain,record,4.453298758549522,-0.9720952169157794,0.3581851925549009,0.2292279722724193
Historical 906,V44_b1d727c87d6e,Koo2018_FermentedGrain,record,4.180214216417347,-0.596924578593388,0.3581851925549009,0.2292279722724193
Historical 906,V44_554440c4fc77,Koo2018_FermentedGrain,record,4.073671324599241,-0.5454012982336602,0.3581851925549009,0.2292279722724193
Historical 906,V44_89ef2de2d070,Koo2018_FermentedGrain,record,4.454208303396335,-0.5829849118642546,0.3581851925549009,0.2292279722724193
Historical 906,V44_b4005a6015fc,Koo2018_FermentedGrain,record,4.300903533519156,-0.282776166656075,0.3581851925549009,0.2292279722724193
Historical 906,V44_b195fb41cc02,Lyu2018_AFST,record,0.4010195481972992,-0.34556136272437,0.3581851925549009,0.2292279722724193
Historical 906,V44_a5da0da82060,Lyu2018_AFST,record,0.245288387262678,-1.923131897616306,0.3581851925549009,0.2292279722724193
Historical 906,V44_42b9a024cfeb,Lyu2018_AFST,record,0.3734661543747655,-1.483607371756711,0.3581851925549009,0.2292279722724193
Historical 906,V44_901abac849f4,Neumann2018_Animals172,record,-0.5937226971112767,-1.678778205091221,0.3581851925549009,0.2292279722724193
Historical 906,V44_c0bd4ca3ea41,Neumann2018_Animals172,record,-0.6636719768731403,-1.740614618792269,0.3581851925549009,0.2292279722724193
Historical 906,V44_34dcb468c76c,Neumann2018_Animals172,record,-0.5366115220014736,-1.069473048585965,0.3581851925549009,0.2292279722724193
Historical 906,V44_397f309a76df,Neumann2018_Animals172,record,-0.6497535184074504,-1.640182601760554,0.3581851925549009,0.2292279722724193
Historical 906,V44_8ab9bf5a8df6,Neumann2018_Animals172,record,-0.5717166900514447,-1.436463837958559,0.3581851925549009,0.2292279722724193
Historical 906,V44_8377e6943bf2,Neumann2018_Animals172,record,1.98688594949892,-0.8556837412300959,0.3581851925549009,0.2292279722724193
Historical 906,V44_2f6b2d054405,Neumann2018_Animals172,record,2.198469183718229,-1.035171018810251,0.3581851925549009,0.2292279722724193
Historical 906,V44_e1636f47c3cb,Neumann2018_Animals172,record,1.973981651021239,-0.4595246955711075,0.3581851925549009,0.2292279722724193
Historical 906,V44_f7bc4a19dd70,Neumann2018_Animals172,record,1.958652120064084,-0.3129702176474801,0.3581851925549009,0.2292279722724193
Historical 906,V44_ff184715689b,Santosa2018_AFST,record,0.4073681349237931,1.570530208809928,0.3581851925549009,0.2292279722724193
Historical 906,V44_bc0f83f66f4d,Santosa2018_AFST,record,0.3853719950605383,1.591430823506261,0.3581851925549009,0.2292279722724193
Historical 906,V44_54041b7aaeb7,Santosa2018_AFST,record,0.4065165792219423,1.581644779180808,0.3581851925549009,0.2292279722724193
Historical 906,V44_498303fd128c,Santosa2018_AFST,record,0.4058467215647614,1.577676193321826,0.3581851925549009,0.2292279722724193
Historical 906,V44_1e3df4751846,Santosa2018_AFST,record,0.3856125771213438,1.585259567550986,0.3581851925549009,0.2292279722724193
Historical 906,V44_c6ffa54ff679,Santosa2018_AFST,record,0.4115671713907703,1.581442400334949,0.3581851925549009,0.2292279722724193
Historical 906,V44_becca0774a4f,Santosa2018_AFST,record,0.4111266960925682,1.585301859603303,0.3581851925549009,0.2292279722724193
Historical 906,V44_795b9cb117ca,Wu2018_JAFC_LPAA,record,-1.113979729695492,0.7664968520383034,0.3581851925549009,0.2292279722724193
Historical 906,V44_1775283300a2,Wu2018_JAFC_LPAA,record,-0.7464441360064351,0.3661964378618094,0.3581851925549009,0.2292279722724193
Historical 906,V44_4c1ba794fefd,Wu2018_JAFC_LPAA,record,0.06101294612943595,-0.2556336213043285,0.3581851925549009,0.2292279722724193
Historical 906,V44_eb05166a08ca,Wu2018_LowProtein_AAUtilization,record,-1.113978905098948,0.7664969315662985,0.3581851925549009,0.2292279722724193
Historical 906,V44_2c4605a519b0,Wu2018_LowProtein_AAUtilization,record,-0.7464441360064351,0.3661964378618094,0.3581851925549009,0.2292279722724193
Historical 906,V44_2b5904c4b63c,Wu2018_LowProtein_AAUtilization,record,0.06096118837726199,-0.2556283242427593,0.3581851925549009,0.2292279722724193
Historical 906,V44_a7ed2747120d,Zhou2018_SIDLys_LowCP_Weaned,record,1.394063715792419,1.739674110230207,0.3581851925549009,0.2292279722724193
Historical 906,V44_778620c6582d,Zhou2018_SIDLys_LowCP_Weaned,record,1.42701259899641,1.7545930476904,0.3581851925549009,0.2292279722724193
Historical 906,V44_49db8cbc5d76,Zhou2018_SIDLys_LowCP_Weaned,record,2.046187271891704,1.270284629035119,0.3581851925549009,0.2292279722724193
Historical 906,V44_a6a5bccf2ab7,Aquilani2019_Animals,record,-1.908093979971313,0.6076457096411561,0.3581851925549009,0.2292279722724193
Historical 906,V44_6e32cf273792,Aquilani2019_Animals,record,-1.2801513237265,0.1472803128078903,0.3581851925549009,0.2292279722724193
Historical 906,V44_42966ec0a6fd,Aquilani2019_Animals,record,-0.662233277008405,-0.4667067557280402,0.3581851925549009,0.2292279722724193
Historical 906,V44_3f3b7e2bdb94,Aquilani2019_Animals,record,0.01834779870693487,-0.8793778144970386,0.3581851925549009,0.2292279722724193
Historical 906,V44_34c2cad2f3f1,Arredondo2019_AFST,record,2.40573902909532,0.7593335078163819,0.3581851925549009,0.2292279722724193
Historical 906,V44_b1de809f6029,Arredondo2019_AFST,record,2.59697079166506,0.6094157423540824,0.3581851925549009,0.2292279722724193
Historical 906,V44_5e4ef616b175,Arredondo2019_AFST,record,2.267861903279893,0.835913051668992,0.3581851925549009,0.2292279722724193
Historical 906,V44_92ff2607d12d,Arredondo2019_AFST,record,2.727608255025511,0.5256389642293167,0.3581851925549009,0.2292279722724193
Historical 906,V44_2dc94d848f48,Arredondo2019_AFST,record,2.542708142206836,0.6561025185110272,0.3581851925549009,0.2292279722724193
Historical 906,V44_695953f583ed,Arredondo2019_AFST,record,2.321765967241583,0.8056278843718763,0.3581851925549009,0.2292279722724193
Historical 906,V44_5f240f67a3a2,Arredondo2019_AFST,record,2.43689265362123,0.7343749752518131,0.3581851925549009,0.2292279722724193
Historical 906,V44_ac3f391e8a2c,Habeanu2019_Animals,record,0.2349498227797858,-0.4360924060383104,0.3581851925549009,0.2292279722724193
Historical 906,V44_d6b347824c0e,Kwon2019_JAS,record,0.1054019033734267,0.4487030511376137,0.3581851925549009,0.2292279722724193
Historical 906,V44_b36e90c18890,Kwon2019_JAS,record,0.1427998266885829,0.430471939972921,0.3581851925549009,0.2292279722724193
Historical 906,V44_dc7397c302f7,Kwon2019_JAS,record,0.1376442160231285,0.4474984773547841,0.3581851925549009,0.2292279722724193
Historical 906,V44_3315587db62b,Kwon2019_JAS,record,0.1541300859193454,0.4375673702627903,0.3581851925549009,0.2292279722724193
Historical 906,V44_0a9cb109db1b,Kwon2019_JAS,record,0.1890865519222748,0.4563498890476301,0.3581851925549009,0.2292279722724193
Historical 906,V44_e029d732b3b6,Kwon2019_LeuExcess,record,0.2229380553428077,0.316192812073319,0.3581851925549009,0.2292279722724193
Historical 906,V44_c293d0c37276,Kwon2019_LeuExcess,record,0.2565920620474742,0.3024962270209577,0.3581851925549009,0.2292279722724193
Historical 906,V44_e82aa50c02e1,Kwon2019_LeuExcess,record,0.2456734259100504,0.3175526617055608,0.3581851925549009,0.2292279722724193
Historical 906,V44_79bb965c71d6,Kwon2019_LeuExcess,record,0.257930990402828,0.3224720853832972,0.3581851925549009,0.2292279722724193
Historical 906,V44_953ed01f2f1f,Kwon2019_LeuExcess,record,0.3086378476421703,0.3276041492323916,0.3581851925549009,0.2292279722724193
Historical 906,V44_1e4216d626c0,McGilvray2019_JAS,record,-0.8980372568004444,1.90825653458617,0.3581851925549009,0.2292279722724193
Historical 906,V44_86bbe2732d15,McGilvray2019_JAS,record,0.2549815616500643,1.023728918637105,0.3581851925549009,0.2292279722724193
Historical 906,V44_15756c09372a,McGilvray2019_JAS,record,1.429542632769882,0.1318425878320696,0.3581851925549009,0.2292279722724193
Historical 906,V44_c76ddc723239,McGilvray2019_JAS,record,-1.45374534747139,2.677511000284963,0.3581851925549009,0.2292279722724193
Historical 906,V44_44f76eec71d8,McGilvray2019_JAS,record,-0.466994720826047,1.909129030041531,0.3581851925549009,0.2292279722724193
Historical 906,V44_d123382467e7,McGilvray2019_JAS,record,0.4656388672494364,1.295249492734191,0.3581851925549009,0.2292279722724193
Historical 906,V44_fa156d1aea43,Rocha2019_CR,record,-2.059298121935106,0.8657665416204396,0.3581851925549009,0.2292279722724193
Historical 906,V44_a72dc3016035,Rocha2019_CR,record,-1.079540222281055,-1.059277496576651,0.3581851925549009,0.2292279722724193
Historical 906,V44_970205431028,Rocha2019_CR,record,-2.716192458400531,0.4771946488378223,0.3581851925549009,0.2292279722724193
Historical 906,V44_883e34a5a37b,Rocha2019_CR,record,-2.135726322440973,-0.9718498733612442,0.3581851925549009,0.2292279722724193
Historical 906,V44_f4d18cac49cf,Somensi2019_RBZ_FineWheatBranBetaine,record,0.1028168384929066,0.1950390608281817,0.3581851925549009,0.2292279722724193
Historical 906,V44_2283b3841a70,Somensi2019_RBZ_FineWheatBranBetaine,record,0.1068751695922774,0.1744522556733953,0.3581851925549009,0.2292279722724193
Historical 906,V44_f0af7a9caf60,Somensi2019_RBZ_FineWheatBranBetaine,record,0.05418947310528289,-0.6219323072306751,0.3581851925549009,0.2292279722724193
Historical 906,V44_3a68a66803ba,Somensi2019_RBZ_FineWheatBranBetaine,record,0.06527142466424871,-0.615626665745766,0.3581851925549009,0.2292279722724193
Historical 906,V44_a506ca79eb66,Somensi2019_RBZ_FineWheatBranBetaine,record,0.1147585191762826,0.1962726476240888,0.3581851925549009,0.2292279722724193
Historical 906,V44_ae8e0549776a,Zhao2019_LowProtein_AAPatterns,record,-1.959688623073901,-1.170223124808056,0.3581851925549009,0.2292279722724193
Historical 906,V44_f6f7401c8770,Zhao2019_LowProtein_AAPatterns,record,-3.420535537477291,0.1971134195946578,0.3581851925549009,0.2292279722724193
Historical 906,V44_552c132b7fa4,Zhao2019_LowProtein_AAPatterns,record,-3.222181377341341,0.3707813906199934,0.3581851925549009,0.2292279722724193
Historical 906,V44_54279744ea3f,Zhao2019_LowProtein_AAPatterns,record,-3.397463194341984,0.2914926125012937,0.3581851925549009,0.2292279722724193
Historical 906,V44_3a2e1df82308,Zhao2019_LowProtein_AAPatterns,record,-3.375349199082979,0.3027834829768459,0.3581851925549009,0.2292279722724193
Historical 906,V44_5d7f0d564db0,Zhao2019_LowProtein_AAPatterns,record,-3.258429249849952,0.2100824010006482,0.3581851925549009,0.2292279722724193
Historical 906,V44_63d6cca2c695,Zhao2019_LowProtein_AAPatterns,record,-2.95603116884848,-0.1654566330454927,0.3581851925549009,0.2292279722724193
Historical 906,V44_4de7e60c4104,Zhao2019_LowProtein_AAPatterns,record,-0.9667180091930059,-0.3596474856453823,0.3581851925549009,0.2292279722724193
Historical 906,V44_aa0f60bf65c3,Zhao2019_LowProtein_AAPatterns,record,-2.12061288516846,0.8110229171186092,0.3581851925549009,0.2292279722724193
Historical 906,V44_12039bbe94ef,Zhao2019_LowProtein_AAPatterns,record,-2.470894409006815,1.061844289643291,0.3581851925549009,0.2292279722724193
Historical 906,V44_a46c5b602551,Zhao2019_LowProtein_AAPatterns,record,-2.380641824471519,0.5760749094072104,0.3581851925549009,0.2292279722724193
Historical 906,V44_e09cbc44427b,Zhao2019_LowProtein_AAPatterns,record,-2.417569975034215,0.6426958369858851,0.3581851925549009,0.2292279722724193
Historical 906,V44_b97f07787b04,Zhao2019_LowProtein_AAPatterns,record,-2.370257804946194,0.6192242720296429,0.3581851925549009,0.2292279722724193
Historical 906,V44_6739ba9436e7,Zhao2019_LowProtein_AAPatterns,record,-1.947726465362198,0.4634717822752237,0.3581851925549009,0.2292279722724193
Historical 906,V44_9baacea27fe0,Zhao2019_LowProtein_AAPatterns,record,-3.678519554581545,-0.7691772014592216,0.3581851925549009,0.2292279722724193
Historical 906,V44_71a1c1aca6b3,Zhao2019_LowProtein_AAPatterns,record,-4.549401672183048,0.2929221626492705,0.3581851925549009,0.2292279722724193
Historical 906,V44_61e45eeb2eea,Zhao2019_LowProtein_AAPatterns,record,-4.682077805593416,0.1396646977724867,0.3581851925549009,0.2292279722724193
Historical 906,V44_b4c8f710ea0f,Zhao2019_LowProtein_AAPatterns,record,-4.655027755185499,0.307320241735292,0.3581851925549009,0.2292279722724193
Historical 906,V44_02a40e935dbd,Zhao2019_LowProtein_AAPatterns,record,-4.701997896919129,0.07889962818097331,0.3581851925549009,0.2292279722724193
Historical 906,V44_530991b6ca6e,Zhao2019_LowProtein_AAPatterns,record,-4.722408150257974,0.1122288004704405,0.3581851925549009,0.2292279722724193
Historical 906,V44_0e975f825bbe,Zhao2019_LowProtein_AAPatterns,record,-4.267728145784671,-0.1949116864275323,0.3581851925549009,0.2292279722724193
Historical 906,V44_80e5bbf35fa6,Zhao2019_LowProtein_AAPatterns,record,1.261246406566846,-0.2430150392510772,0.3581851925549009,0.2292279722724193
Historical 906,V44_25f0d61f2406,Zhao2019_LowProtein_AAPatterns,record,0.01574778350902883,0.5393842692942679,0.3581851925549009,0.2292279722724193
Historical 906,V44_5649af418338,Zhao2019_LowProtein_AAPatterns,record,-0.5087505161241858,1.023218761978875,0.3581851925549009,0.2292279722724193
Historical 906,V44_a1d0f1e8eb7c,Zhao2019_LowProtein_AAPatterns,record,-0.3004162491286343,0.5698170451202987,0.3581851925549009,0.2292279722724193
Historical 906,V44_d952ed201b36,Zhao2019_LowProtein_AAPatterns,record,-0.2011256350517712,0.473128908105355,0.3581851925549009,0.2292279722724193
Historical 906,V44_e7d09a569cd6,Zhao2019_LowProtein_AAPatterns,record,-0.05123422198951342,0.5336606023947404,0.3581851925549009,0.2292279722724193
Historical 906,V44_257bde9d865a,Zhao2019_LowProtein_AAPatterns,record,0.6193978907043812,-0.02877752776961114,0.3581851925549009,0.2292279722724193
Historical 906,V44_c78f773ba014,Zhao2019_RBZ,record,2.00651879033548,-0.8130555349241237,0.3581851925549009,0.2292279722724193
Historical 906,V44_9ae6bb58baca,Zhao2019_RBZ,record,0.7155738474050555,0.2572437249698001,0.3581851925549009,0.2292279722724193
Historical 906,V44_c3ad096fd4c4,Zhao2019_RBZ,record,0.4622549462011273,0.2444792391783852,0.3581851925549009,0.2292279722724193
Historical 906,V44_060c527bce6c,Zhao2019_RBZ,record,-1.00131730725208,-1.115931189517932,0.3581851925549009,0.2292279722724193
Historical 906,V44_f895772186b0,Zhao2019_RBZ,record,-2.081282603839693,-0.05098072016544562,0.3581851925549009,0.2292279722724193
Historical 906,V44_53ec9ef1d2be,Zhao2019_RBZ,record,-2.034775043556292,-0.2377631751853575,0.3581851925549009,0.2292279722724193
Historical 906,V44_0bec704d0c4b,Zhao2019_RBZ,record,-2.67905999291152,-1.250872461210072,0.3581851925549009,0.2292279722724193
Historical 906,V44_738a69bd9521,Zhao2019_RBZ,record,-3.783085541014678,-0.1602904270687979,0.3581851925549009,0.2292279722724193
Historical 906,V44_c953db3b6a8f,Zhao2019_RBZ,record,-3.647961919652436,-0.5037463740902706,0.3581851925549009,0.2292279722724193
Historical 906,V44_1846e8561e5a,Cruz2020_CJYeast,record,1.940073407429793,0.3837493497830144,0.3581851925549009,0.2292279722724193
Historical 906,V44_0c1103897d4d,Cruz2020_CJYeast,record,1.854741529635421,0.4236785904204429,0.3581851925549009,0.2292279722724193
Historical 906,V44_f36508c0dca7,Cruz2020_CJYeast,record,1.984902003883653,0.4330528525309824,0.3581851925549009,0.2292279722724193
Historical 906,V44_e21219ca9bad,Cruz2020_CJYeast,record,2.141716083320455,0.1791814884569002,0.3581851925549009,0.2292279722724193
Historical 906,V44_d801870161f5,Hlatini2020_SAJAS,record,-1.787619808452542,0.7673126264564549,0.3581851925549009,0.2292279722724193
Historical 906,V44_7503b8c2241d,Hlatini2020_SAJAS,record,-1.156719579844245,0.838632562339522,0.3581851925549009,0.2292279722724193
Historical 906,V44_99dfe488ea63,Hlatini2020_SAJAS,record,-0.6447123098362514,0.5107849720354355,0.3581851925549009,0.2292279722724193
Historical 906,V44_7ce242f9a210,Hlatini2020_SAJAS,record,-0.1354890705711217,-0.2597398078521735,0.3581851925549009,0.2292279722724193
Historical 906,V44_93476ae97344,Hlatini2020_SAJAS,record,0.5804041915957822,-0.2920800443064593,0.3581851925549009,0.2292279722724193
Historical 906,V44_04bb8ee05bdb,Hlatini2020_SAJAS,record,-2.195756170277126,1.387635167591734,0.3581851925549009,0.2292279722724193
Historical 906,V44_549c8db696ba,Jang2020_LivSci,record,-0.8371176529025494,0.8462110354498628,0.3581851925549009,0.2292279722724193
Historical 906,V44_29502dc6a877,Jang2020_LivSci,record,-0.8232459153350564,0.8379394836561955,0.3581851925549009,0.2292279722724193
Historical 906,V44_00b462426fda,Jang2020_LivSci,record,-0.5765573834476339,-0.727564366581005,0.3581851925549009,0.2292279722724193
Historical 906,V44_8a3e2cdfb33a,Jang2020_LivSci,record,-0.4541762420515426,-1.49778790176289,0.3581851925549009,0.2292279722724193
Historical 906,V44_05e3cadf1d1b,Jang2020_LivSci,record,-0.6980943677601114,0.05046429608333518,0.3581851925549009,0.2292279722724193
Historical 906,V44_a6742b4a492c,Kim2020_JAST,record,0.453257284946296,0.5001445046044006,0.3581851925549009,0.2292279722724193
Historical 906,V44_5c03a27601df,Kim2020_JAST,record,0.3722309659548348,0.5194486304710372,0.3581851925549009,0.2292279722724193
Historical 906,V44_6874df24430d,Kim2020_JAST,record,0.3875846942464604,0.5232013832217119,0.3581851925549009,0.2292279722724193
Historical 906,V44_e79ac14a2804,Kim2020_JAST,record,-0.2220614897538695,1.066861400043562,0.3581851925549009,0.2292279722724193
Historical 906,V44_4409bbc28743,Kim2020_JAST,record,-0.2360858025146227,1.075237584132454,0.3581851925549009,0.2292279722724193
Historical 906,V44_cff5e1e0a074,Kim2020_JAST,record,-0.2630809877690815,1.096061652099046,0.3581851925549009,0.2292279722724193
Historical 906,V44_1860846f9980,Koo2020_JAS,record,2.954224234916524,1.528069910278394,0.3581851925549009,0.2292279722724193
Historical 906,V44_5ed7000db26b,Koo2020_JAS,record,3.249611846431661,1.269072239742115,0.3581851925549009,0.2292279722724193
Historical 906,V44_91d48cc76bdc,Koo2020_JAS,record,2.523155485538188,1.586551073348096,0.3581851925549009,0.2292279722724193
Historical 906,V44_1365ee8d90c3,Koo2020_JAS,record,2.77048430317959,1.535265526426936,0.3581851925549009,0.2292279722724193
Historical 906,V44_9eaa2c05fbc9,Kwon2020_JAS,record,-0.3250007997923507,1.269154165083052,0.3581851925549009,0.2292279722724193
Historical 906,V44_15665bb29bbf,Kwon2020_JAS,record,-0.3206105741034429,1.262786844400789,0.3581851925549009,0.2292279722724193
Historical 906,V44_e3c713de1137,Kwon2020_JAS,record,-0.3067443322727486,1.252371810325102,0.3581851925549009,0.2292279722724193
Historical 906,V44_c5cbc69417fc,Kwon2020_JAS,record,-0.3276083908999948,1.265767749167086,0.3581851925549009,0.2292279722724193
Historical 906,V44_1a1f6555915c,Kwon2020_JAS,record,-0.307302813946559,1.257111705194562,0.3581851925549009,0.2292279722724193
Historical 906,V44_c27df9efc2d0,Kwon2020_JAS,record,-0.3193602164491885,1.262112326777288,0.3581851925549009,0.2292279722724193
Historical 906,V44_2c9d91595513,Kwon2020_JAS,record,-0.326258068532692,1.26983264325851,0.3581851925549009,0.2292279722724193
Historical 906,V44_07f0f013dbb0,Kwon2020_JAS,record,-0.3067443322727486,1.252371810325102,0.3581851925549009,0.2292279722724193
Historical 906,V44_b216fec50c98,Nguyen2020_Animal_TofuByproduct,record,-0.86698835847681,-1.209964794896478,0.3581851925549009,0.2292279722724193
Historical 906,V44_caa8605d5b46,Nguyen2020_Animal_TofuByproduct,record,-0.7798551117374426,-1.910739975582334,0.3581851925549009,0.2292279722724193
Historical 906,V44_55a2f4b14a9a,Nguyen2020_Animal_TofuByproduct,record,-0.6941356581067528,-2.388726327315363,0.3581851925549009,0.2292279722724193
Historical 906,V44_df09f2bfd1b4,Nguyen2020_Animal_TofuByproduct,record,-0.5953676467704975,-2.715522001758348,0.3581851925549009,0.2292279722724193
Historical 906,V44_78bd88357464,Sun2020_JASB,record,0.08677773211850359,-0.3283836201080716,0.3581851925549009,0.2292279722724193
Historical 906,V44_2f17b1fd32b8,Sun2020_JASB,record,-1.343998183670913,0.9512537892209237,0.3581851925549009,0.2292279722724193
Historical 906,V44_7a5fbc7fb7f2,Sun2020_JASB,record,-1.338989379857329,0.9458540419508873,0.3581851925549009,0.2292279722724193
Historical 906,V44_0c0188d94321,Wellington2020_JAS,record,-2.88501617745869,-2.138878439189939,0.3581851925549009,0.2292279722724193
Historical 906,V44_e2016dbf1743,Wellington2020_JAS,record,-2.845201244641391,-2.176276645206356,0.3581851925549009,0.2292279722724193
Historical 906,V44_eef06f168757,Wellington2020_JAS,record,-2.856165903471827,-1.866630028725666,0.3581851925549009,0.2292279722724193
Historical 906,V44_89c7f53d7ee9,Wellington2020_JAS,record,-2.578488007579333,-1.849042430392196,0.3581851925549009,0.2292279722724193
Historical 906,V44_1813d8c5405f,vdPeet2020_JAS,record,-0.8140135929566557,-0.1552802655345681,0.3581851925549009,0.2292279722724193
Historical 906,V44_b6149a00466e,vdPeet2020_JAS,record,-2.00923669205497,0.9070642532506269,0.3581851925549009,0.2292279722724193
Historical 906,V44_40873c1c78ba,Espinosa2021_JAS,record,2.460569465636762,1.05767622280553,0.3581851925549009,0.2292279722724193
Historical 906,V44_c0b018744a27,Espinosa2021_JAS,record,2.520438648789406,1.00706150047922,0.3581851925549009,0.2292279722724193
Historical 906,V44_c0a3a7d14742,Espinosa2021_JAS,record,2.48629969840537,1.028274847314759,0.3581851925549009,0.2292279722724193
Historical 906,V44_c40e5e963863,Espinosa2021_JAS,record,2.45108067005568,1.040604067226189,0.3581851925549009,0.2292279722724193
Historical 906,V44_fdc4631f429d,Espinosa2021_JAS,record,2.624964761357695,0.9648074318427077,0.3581851925549009,0.2292279722724193
Historical 906,V44_0baa94ee87d5,Espinosa2021_JAS,record,2.485571057591633,1.038072062768808,0.3581851925549009,0.2292279722724193
Historical 906,V44_dcec348b37f2,Espinosa2021_JAS,record,2.389085065960087,1.107508680244488,0.3581851925549009,0.2292279722724193
Historical 906,V44_4bd44cad9bfc,Hlongwana2021_TAHP,record,0.5991926606050965,-2.115010309901163,0.3581851925549009,0.2292279722724193
Historical 906,V44_e221f203252e,Hlongwana2021_TAHP,record,-0.1162443965994641,-2.367842509396029,0.3581851925549009,0.2292279722724193
Historical 906,V44_42e91d65a2b6,Hlongwana2021_TAHP,record,-0.4053851698595197,-2.215292595186686,0.3581851925549009,0.2292279722724193
Historical 906,V44_90bfb789915b,Hlongwana2021_TAHP,record,-0.8783274727314614,-2.103600505753424,0.3581851925549009,0.2292279722724193
Historical 906,V44_c8a3758ff274,Hlongwana2021_TAHP,record,0.2148846393970004,-2.210072254585662,0.3581851925549009,0.2292279722724193
Historical 906,V44_ade4d3b48e1d,Sobotka2021_Animals960,record,-2.250070837708498,-1.986626332441604,0.3581851925549009,0.2292279722724193
Historical 906,V44_ae91a81c4f1b,Sobotka2021_Animals960,record,-2.319538621607731,-1.870254212305296,0.3581851925549009,0.2292279722724193
Historical 906,V44_860729c2833f,Sobotka2021_Animals960,record,-2.389570050452008,-1.72198509943135,0.3581851925549009,0.2292279722724193
Historical 906,V44_6ee502d28dca,Sobotka2021_Animals960,record,-2.372399276528839,-1.618808640354104,0.3581851925549009,0.2292279722724193
Historical 906,V44_17623afd88ba,Sobotka2021_Animals960,record,-0.5759331273050101,-2.052722945621941,0.3581851925549009,0.2292279722724193
Historical 906,V44_e126c3c4abd9,Sobotka2021_Animals960,record,-0.636739538960042,-1.929989407730224,0.3581851925549009,0.2292279722724193
Historical 906,V44_c8c28ba892f7,Sobotka2021_Animals960,record,-0.6765818433353772,-1.85269788664768,0.3581851925549009,0.2292279722724193
Historical 906,V44_a19a8dd83260,Sobotka2021_Animals960,record,-0.6954943583884324,-1.651266031445968,0.3581851925549009,0.2292279722724193
Historical 906,V44_79b76c8c616d,vdPeet2021_JAS,record,-0.9123161974468608,-0.4442352496057838,0.3581851925549009,0.2292279722724193
Historical 906,V44_4163927688c4,vdPeet2021_JAS,record,-1.942202421097121,0.515166264449033,0.3581851925549009,0.2292279722724193
Historical 906,V44_0db36e1e7043,vdPeet2021_JAS,record,-0.9123161974468608,-0.4442352496057838,0.3581851925549009,0.2292279722724193
Historical 906,V44_06d4d6d76f5a,vdPeet2021_JAS,record,-1.942202421097121,0.515166264449033,0.3581851925549009,0.2292279722724193
Historical 906,V44_c65357cfb151,Wellington2021_DON,record,-2.267411481409294,-2.335940771267139,0.3581851925549009,0.2292279722724193
Historical 906,V44_f3d9be2fb4ca,Wellington2021_DON,record,-2.354577938397711,-2.60874299310573,0.3581851925549009,0.2292279722724193
Historical 906,V44_daa620d896f3,Wellington2021_DON,record,-2.019195440804632,-2.19173370155223,0.3581851925549009,0.2292279722724193
Historical 906,V44_8ca2fc550e18,Wellington2021_DON,record,-2.056066428125758,-2.443308722105201,0.3581851925549009,0.2292279722724193
Historical 906,V44_013d05888b01,Wellington2021_DON,record,0.73768324288626,-1.795893796722429,0.3581851925549009,0.2292279722724193
Historical 906,V44_a599b842682a,Wellington2021_DON,record,0.6345627270575296,-1.701327409825729,0.3581851925549009,0.2292279722724193
Historical 906,V44_f6fc56afd446,Wellington2021_DON,record,0.3910771936490481,-1.437456181701547,0.3581851925549009,0.2292279722724193
Historical 906,V44_0c62434e68fa,Wellington2021_DON,record,0.02659987672014409,-1.169685545793149,0.3581851925549009,0.2292279722724193
Historical 906,V44_78ad11647d3b,Goh2022_MCT_OA,record,1.309059867242692,1.795616422874363,0.3581851925549009,0.2292279722724193
Historical 906,V44_0772ca6aae0a,Goh2022_MCT_OA,record,1.365630013611968,1.803482226835954,0.3581851925549009,0.2292279722724193
Historical 906,V44_ec0444d03ba3,Goh2022_MCT_OA,record,1.345414172985979,1.794561479915174,0.3581851925549009,0.2292279722724193
Historical 906,V44_38e761e34131,Goh2022_MCT_OA,record,1.285651719181361,1.820378722018727,0.3581851925549009,0.2292279722724193
Historical 906,V44_07cd6ecfed78,Goh2022_MCT_OA,record,1.273995815000464,1.850960953227117,0.3581851925549009,0.2292279722724193
Historical 906,V44_6a9bcdd7f977,Berghaus2023_JAS,record,0.8966114775460922,-1.295901262547753,0.3581851925549009,0.2292279722724193
Historical 906,V44_7837983b0c3d,Berghaus2023_JAS,record,-1.070318541734995,-1.22656030897727,0.3581851925549009,0.2292279722724193
Historical 906,V44_650b45ee0b50,Camire2023_JAS,record,0.8114681338610761,1.451125906953997,0.3581851925549009,0.2292279722724193
Historical 906,V44_e97a9fdda11c,Camire2023_JAS,record,0.7908663818314767,1.469373045698114,0.3581851925549009,0.2292279722724193
Historical 906,V44_e91fea8c6664,Camire2023_JAS,record,0.8782148401056674,1.40674662069172,0.3581851925549009,0.2292279722724193
Historical 906,V44_d1ed6b7e1763,Camire2023_JAS,record,0.9521012685600234,1.353768349553909,0.3581851925549009,0.2292279722724193
Historical 906,V44_02334aa866f1,Camire2023_JAS,record,0.9583773799546398,1.358375348020195,0.3581851925549009,0.2292279722724193
Historical 906,V44_ba538335b111,Camire2023_JAS,record,1.215017631838794,1.14572989698071,0.3581851925549009,0.2292279722724193
Historical 906,V44_58e979d592c6,Camire2023_JAS,record,1.21170902984867,1.154285643722804,0.3581851925549009,0.2292279722724193
Historical 906,V44_dd9c084d65de,Camire2023_JAS,record,1.256423296647941,1.117013844840574,0.3581851925549009,0.2292279722724193
Historical 906,V44_2641a2e67a47,Camire2023_JAS,record,1.212420465916045,1.14935227230122,0.3581851925549009,0.2292279722724193
Historical 906,V44_0ed2b4914574,Camire2023_JAS,record,1.330405592774283,1.067735207227581,0.3581851925549009,0.2292279722724193
Historical 906,V44_e72b635b0e04,CastroDereck2023_TAHP,record,-0.5371536320656324,-0.6920111542215752,0.3581851925549009,0.2292279722724193
Historical 906,V44_a9b9bc686f90,CastroDereck2023_TAHP,record,-0.5393375041374379,-0.6862222150653962,0.3581851925549009,0.2292279722724193
Historical 906,V44_40b06e683a2c,CastroDereck2023_TAHP,record,-0.4863761305845067,-0.8251363860791955,0.3581851925549009,0.2292279722724193
Historical 906,V44_d219e8c7e46b,CastroDereck2023_TAHP,record,-0.5128945587182301,-0.7556815701154688,0.3581851925549009,0.2292279722724193
Historical 906,V44_8eb21703eb26,CastroDereck2023_TAHP,record,-0.5349695936112535,-0.6978001879497888,0.3581851925549009,0.2292279722724193
Historical 906,V44_60989981240b,Dublecz2023_Atmosphere,record,-0.7013701796728907,-0.4111309866243817,0.3581851925549009,0.2292279722724193
Historical 906,V44_415cbf5b5a04,Dublecz2023_Atmosphere,record,-0.485945458336649,-0.5044525634845092,0.3581851925549009,0.2292279722724193
Historical 906,V44_35cafd8ffd16,Dublecz2023_Atmosphere,record,-0.3140226440917211,-1.169089386880428,0.3581851925549009,0.2292279722724193
Historical 906,V44_1d55a30fbf02,Dublecz2023_Atmosphere,record,-1.38172994395029,-0.2276476295436573,0.3581851925549009,0.2292279722724193
Historical 906,V44_298e8e6e09f3,Dublecz2023_Atmosphere,record,-1.28357591144111,-0.275316597824117,0.3581851925549009,0.2292279722724193
Historical 906,V44_f413b361a2d9,Dublecz2023_Atmosphere,record,-1.170283262217628,-0.334038179455888,0.3581851925549009,0.2292279722724193
Historical 906,V44_44dca7027ccb,Niyonsaba2023_AB_LowCP,record,-0.9723630291793345,1.634721094791571,0.3581851925549009,0.2292279722724193
Historical 906,V44_17f89cd36cb4,Niyonsaba2023_AB_LowCP,record,-0.6468222655927852,1.366865133448149,0.3581851925549009,0.2292279722724193
Historical 906,V44_b99f5caa612e,Niyonsaba2023_AB_LowCP,record,-0.3268655385359868,1.13106433997012,0.3581851925549009,0.2292279722724193
Historical 906,V44_12e6caabbff0,Niyonsaba2023_AB_LowCP,record,-0.01085304657832662,0.9220614763434503,0.3581851925549009,0.2292279722724193
Historical 906,V44_dff7523e017c,Niyonsaba2023_AB_LowCP,record,0.3115363727936354,0.6699944970177456,0.3581851925549009,0.2292279722724193
Historical 906,V44_48f744073dc1,Niyonsaba2023_AB_LowCP,record,0.6383693121227454,0.38520081896854,0.3581851925549009,0.2292279722724193
Historical 906,V44_bad83346c330,Shuai2023_AnimNutr,record,1.267400639719223,0.5548996778496212,0.3581851925549009,0.2292279722724193
Historical 906,V44_69b10b3b153e,Shuai2023_AnimNutr,record,1.076144247477177,0.1720137950584536,0.3581851925549009,0.2292279722724193
Historical 906,V44_69e3c711e741,Shuai2023_AnimNutr,record,0.9185471666904231,0.09588069218245157,0.3581851925549009,0.2292279722724193
Historical 906,V44_6b332a47384c,Wu2023_Animal,record,-0.3578817786752022,-0.06034215959927986,0.3581851925549009,0.2292279722724193
Historical 906,V44_419221a4f8e1,Wu2023_Animal,record,-0.3588521432653027,-0.06033883287908507,0.3581851925549009,0.2292279722724193
Historical 906,V44_a488c05002ef,Wu2023_Animal,record,-0.3588521432653027,-0.06033883287908507,0.3581851925549009,0.2292279722724193
Historical 906,V44_ec219a0bb2e9,Wu2023_Animal,record,-0.3598213073204153,-0.06033618854427559,0.3581851925549009,0.2292279722724193
Historical 906,V44_146653b1128e,Wu2023_Animal,record,-0.3458843502341076,-0.0132917266663226,0.3581851925549009,0.2292279722724193
Historical 906,V44_827dfe0eae31,Wu2023_Animal,record,-0.3459344054388681,-0.0132031314355211,0.3581851925549009,0.2292279722724193
Historical 906,V44_039e79e5989b,Wu2023_Animal,record,-1.082888308401495,0.675283453147853,0.3581851925549009,0.2292279722724193
Historical 906,V44_0a8f2c9cc495,Wu2023_Animal,record,-1.082328616278981,0.6696502551373676,0.3581851925549009,0.2292279722724193
Historical 906,V44_7dbcbf5a0ecf,Buchinski2024_CJAS,record,0.01327330738058622,1.739792021696836,0.3581851925549009,0.2292279722724193
Historical 906,V44_c9b93d4df52d,Buchinski2024_CJAS,record,0.09203467003690773,1.716633291787493,0.3581851925549009,0.2292279722724193
Historical 906,V44_4ca4c51d2b05,Buchinski2024_CJAS,record,0.1044613153933572,1.684603860665565,0.3581851925549009,0.2292279722724193
Historical 906,V44_56856bdbb39a,Buchinski2024_CJAS,record,0.2003541592805234,1.618039627745685,0.3581851925549009,0.2292279722724193
Historical 906,V44_cf1e5ab7580f,Buchinski2024_CJAS,record,0.2497039215198245,1.599351996939231,0.3581851925549009,0.2292279722724193
Historical 906,V44_36fe68043c49,Buchinski2024_CJAS,record,-0.1308393394702408,1.886892934023257,0.3581851925549009,0.2292279722724193
Historical 906,V44_355b00e95d0a,Buchinski2024_CJAS,record,-0.03717226071509926,1.827840721873847,0.3581851925549009,0.2292279722724193
Historical 906,V44_574548c4f027,Buchinski2024_CJAS,record,-0.1390380675379094,1.854343188305126,0.3581851925549009,0.2292279722724193
Historical 906,V44_9c89f70de9fc,Buchinski2024_CJAS,record,-0.06413396578824905,1.816116433565634,0.3581851925549009,0.2292279722724193
Historical 906,V44_6acf15c0c280,Buchinski2024_CJAS,record,-0.1836721847591885,1.882862736490468,0.3581851925549009,0.2292279722724193
Historical 906,V44_7aaf718e6ff8,Cappelaere2024_JAS,record,0.4285958708637492,0.09754572624505806,0.3581851925549009,0.2292279722724193
Historical 906,V44_0a9bc626ed8c,Cappelaere2024_JAS,record,0.09724769737937877,0.2383943160484973,0.3581851925549009,0.2292279722724193
Historical 906,V44_8ecb82284f55,Cappelaere2024_JAS,record,0.9106870035205787,-0.3185822773305529,0.3581851925549009,0.2292279722724193
Historical 906,V44_ddfe37ce220d,Cappelaere2024_JAS,record,-1.219631377608579,-0.700550651189804,0.3581851925549009,0.2292279722724193
Historical 906,V44_5a4739229af8,Cappelaere2024_JAS,record,-1.559466725089969,-0.5522525146368379,0.3581851925549009,0.2292279722724193
Historical 906,V44_44f9a57e210b,Cappelaere2024_JAS,record,-0.7993788691759696,-1.258385939232607,0.3581851925549009,0.2292279722724193
Historical 906,V44_750ce840da9e,Corassa2024_Animals,record,1.571755538456345,0.2590485318938765,0.3581851925549009,0.2292279722724193
Historical 906,V44_27877be10e25,Corassa2024_Animals,record,2.169380197186954,-1.175273822461958,0.3581851925549009,0.2292279722724193
Historical 906,V44_ef39df08b4c3,Corassa2024_Animals,record,1.536151737384942,-0.7192406947949012,0.3581851925549009,0.2292279722724193
Historical 906,V44_5467654bb57a,Corassa2024_Animals,record,2.849107263235719,-1.359743640124334,0.3581851925549009,0.2292279722724193
Historical 906,V44_6ded626598c8,Corassa2024_Animals,record,1.702157718290862,-0.1329392259518887,0.3581851925549009,0.2292279722724193
Historical 906,V44_855eceb4fa50,Galli2024_Animals3457,record,1.40395789215602,-0.7142816056119617,0.3581851925549009,0.2292279722724193
Historical 906,V44_dddb54909e7a,Galli2024_Animals3457,record,1.364135558482944,-0.5597121178129637,0.3581851925549009,0.2292279722724193
Historical 906,V44_7c25e9efa8ac,Galli2024_Animals3457,record,1.425783741176577,-0.6930719814924382,0.3581851925549009,0.2292279722724193
Historical 906,V44_450a0154b97b,Lee2024_Animals_BLM,record,4.060504868922592,0.7901763483108538,0.3581851925549009,0.2292279722724193
Historical 906,V44_9e1c64e3c018,Lee2024_Animals_BLM,record,4.290724413209008,0.8533532333859386,0.3581851925549009,0.2292279722724193
Historical 906,V44_775481806859,Lee2024_Animals_BLM,record,4.222990372298311,0.6952013539982855,0.3581851925549009,0.2292279722724193
Historical 906,V44_dd5ac863d388,Lee2024_JASB,record,-2.462124916019207,-0.2567784426636373,0.3581851925549009,0.2292279722724193
Historical 906,V44_719c8d88dd6c,Lee2024_JASB,record,-2.452827165033459,-0.09826463512262594,0.3581851925549009,0.2292279722724193
Historical 906,V44_44a5e81e82be,Lee2024_JASB,record,-2.36938287485769,-0.3272563196559675,0.3581851925549009,0.2292279722724193
Historical 906,V44_3e2f6bd776eb,Lee2024_JASB,record,-2.348640519706682,-0.2377044184038777,0.3581851925549009,0.2292279722724193
Historical 906,V44_8c740ef56a09,Lee2024_JASB,record,-2.441433598572055,-0.1637498675388979,0.3581851925549009,0.2292279722724193
Historical 906,V44_9cef8892bf07,Lee2024_JASB,record,-2.500577927841519,-0.1867314078728786,0.3581851925549009,0.2292279722724193
Historical 906,V44_547aba813759,Liu2024_SciRep,record,-3.462541077637505,-1.526082383878491,0.3581851925549009,0.2292279722724193
Historical 906,V44_b0d9ce5640d5,Liu2024_SciRep,record,-3.981516595539182,-1.021941405620858,0.3581851925549009,0.2292279722724193
Historical 906,V44_a34a226e9397,Liu2024_SciRep,record,-4.035817073767429,-1.023805598013015,0.3581851925549009,0.2292279722724193
Historical 906,V44_978141fee634,Yoo2024_AnimBiosci_BA,record,-0.6854149677097658,-1.189727188557289,0.3581851925549009,0.2292279722724193
Historical 906,V44_459034868544,Yoo2024_AnimBiosci_BA,record,-0.6893695167259487,-1.293940947069069,0.3581851925549009,0.2292279722724193
Historical 906,V44_dabeddde6edf,Yoo2024_AnimBiosci_BA,record,-0.6143050973373501,-1.316075711490796,0.3581851925549009,0.2292279722724193
Historical 906,V44_9d8ceaabdf52,Yoo2024_AnimBiosci_BA,record,-0.6107772408009507,-1.284639504070548,0.3581851925549009,0.2292279722724193
Historical 906,V44_3f8bfbafa8f6,Yoo2024_AnimBiosci_BA,record,-0.5231247648764165,-1.282224868544232,0.3581851925549009,0.2292279722724193
Historical 906,V44_41c3bd126dec,Yoo2024_AnimBiosci_BA,record,-0.4363151819163894,-1.535245446890817,0.3581851925549009,0.2292279722724193
Historical 906,V44_c0f4afa15caa,Yoo2024_Animals_Additives,record,0.5045445746396845,-0.6163244609652273,0.3581851925549009,0.2292279722724193
Historical 906,V44_8a7be67a7e2a,Yoo2024_Animals_Additives,record,0.5418705806115397,-0.5562176203103494,0.3581851925549009,0.2292279722724193
Historical 906,V44_8bab123707ce,Yoo2024_Animals_Additives,record,0.5324627392483774,-0.3727304442903118,0.3581851925549009,0.2292279722724193
Historical 906,V44_7e6587523c90,Yoo2024_Animals_Additives,record,0.4616842168215754,-0.4589079108861399,0.3581851925549009,0.2292279722724193
Historical 906,V44_e3579f3ee31c,Yoo2024_Animals_Additives,record,0.7000626602399764,-0.7418526287005928,0.3581851925549009,0.2292279722724193
Historical 906,V44_b05810cfdcee,An2025_JAST,record,2.325139534657122,1.31209979099136,0.3581851925549009,0.2292279722724193
Historical 906,V44_68734ded490d,An2025_JAST,record,2.358457095560138,1.294871036974746,0.3581851925549009,0.2292279722724193
Historical 906,V44_05173fcef66c,An2025_JAST,record,1.745017011934964,1.682839731730799,0.3581851925549009,0.2292279722724193
Historical 906,V44_60fd02309b69,An2025_JAST,record,1.797800249196654,1.649107716729524,0.3581851925549009,0.2292279722724193
Historical 906,V44_a60580d31d1b,An2025_JAST,record,2.349184037532724,1.304282684975188,0.3581851925549009,0.2292279722724193
Historical 906,V44_70975e957400,An2025_JAST,record,2.363619825910912,1.299768531688483,0.3581851925549009,0.2292279722724193
Historical 906,V44_58cdb535b818,An2025_JAST,record,1.683716794446045,1.72958304849503,0.3581851925549009,0.2292279722724193
Historical 906,V44_6a60cf9f8f7c,An2025_JAST,record,1.732435351620166,1.698224918079295,0.3581851925549009,0.2292279722724193
Historical 906,V44_de30697fb2f9,Cristobal2025_JAS,record,-0.1519985795705727,1.648446368358378,0.3581851925549009,0.2292279722724193
Historical 906,V44_55cce46b08b5,Cristobal2025_JAS,record,0.4155693993682454,1.224709698284943,0.3581851925549009,0.2292279722724193
Historical 906,V44_2631723963a7,Cristobal2025_JAS,record,0.6814389006964853,1.030808397046548,0.3581851925549009,0.2292279722724193
Historical 906,V44_a5ee3fa3347c,Cristobal2025_JAS,record,1.826595899948174,0.124183722000354,0.3581851925549009,0.2292279722724193
Historical 906,V44_683908215ef5,GarciaContreras2025_Animals,record,4.262676622716326,-8.802896960887063,0.3581851925549009,0.2292279722724193
Historical 906,V44_946f40ad3fa1,GarciaContreras2025_Animals,record,4.167121527036782,-9.894074077290426,0.3581851925549009,0.2292279722724193
Historical 906,V44_255ea8706e9b,GarciaContreras2025_Animals,record,3.740325177426489,-9.393683803371793,0.3581851925549009,0.2292279722724193
Historical 906,V44_acd066a0407a,Lee2025_Animals_BakeryMeal,record,-2.476668401971542,3.212283017903387,0.3581851925549009,0.2292279722724193
Historical 906,V44_95d3dd04d9d0,Lee2025_Animals_BakeryMeal,record,-2.478704522864083,3.21924212254241,0.3581851925549009,0.2292279722724193
Historical 906,V44_b9ae1803038e,Lee2025_Animals_BakeryMeal,record,-2.943418978007635,3.286981279055137,0.3581851925549009,0.2292279722724193
Historical 906,V44_2898dbb8bbcb,Lee2025_Animals_BakeryMeal,record,-2.960530536677234,3.347745506970045,0.3581851925549009,0.2292279722724193
Historical 906,V44_8b3f5da61972,Lee2025_Animals_BakeryMeal,record,-2.249612957401737,2.224788264871889,0.3581851925549009,0.2292279722724193
Historical 906,V44_4ea7b8e5c77e,Lee2025_Animals_BakeryMeal,record,-2.235145402145083,2.225710626235417,0.3581851925549009,0.2292279722724193
Historical 906,V44_bda708b57fb3,Lee2025_Animals_BakeryMeal,record,-2.214677049840129,2.298360371392042,0.3581851925549009,0.2292279722724193
Historical 906,V44_ca125dcfad4d,Lee2025_Animals_BakeryMeal,record,-2.219458840849725,2.314813927216546,0.3581851925549009,0.2292279722724193
Historical 906,V44_4c2c31706ad7,Miller2025_TIU_Grower,record,0.6865575483082205,-1.069470495848087,0.3581851925549009,0.2292279722724193
Historical 906,V44_e211d9986ff1,Miller2025_TIU_Grower,record,0.6669826731006394,-1.000087824171149,0.3581851925549009,0.2292279722724193
Historical 906,V44_a36d939106d2,Miller2025_TIU_Grower,record,0.3235415672545154,-0.8602804658774154,0.3581851925549009,0.2292279722724193
Historical 906,V44_d145c061403c,Miller2025_TIU_Grower,record,0.5903481975888865,-0.9016537144089921,0.3581851925549009,0.2292279722724193
Historical 906,V44_8f0e4e46fc03,Miller2025_TIU_Grower,record,-0.6681908465408496,0.2418464095723169,0.3581851925549009,0.2292279722724193
Historical 906,V44_d77f1d43481e,Sobotka2025_Animals,record,-1.631451321189467,-2.225667759292986,0.3581851925549009,0.2292279722724193
Historical 906,V44_971e5d18e15a,Sobotka2025_Animals,record,-2.222907238498208,-1.682710164403492,0.3581851925549009,0.2292279722724193
Historical 906,V44_f0432cdb6adf,Sobotka2025_Animals,record,-2.186943058584019,-1.660174048171394,0.3581851925549009,0.2292279722724193
Historical 906,V44_717b5c2f36c0,Wang2025_JAS,record,0.4595440366739931,1.859029361657755,0.3581851925549009,0.2292279722724193
Historical 906,V44_72b753cbbf7c,Wang2025_JAS,record,0.4999233925193454,1.538269935366984,0.3581851925549009,0.2292279722724193
Historical 906,V44_3042d8c78f24,Wang2025_JAS,record,-0.03563344757326262,1.795297817984485,0.3581851925549009,0.2292279722724193
Historical 906,V44_f6aeef8f6739,Zhai2025_LivSci,record,2.919103167594006,-0.4679267823925922,0.3581851925549009,0.2292279722724193
Historical 906,V44_df3a7b6c1876,Zhai2025_LivSci,record,2.919103167594006,-0.4679267823925922,0.3581851925549009,0.2292279722724193
Historical 906,V44_945576623fd4,Zhai2025_LivSci,record,2.919103167594006,-0.4679267823925922,0.3581851925549009,0.2292279722724193
Historical 906,V44_42705880d10c,Zhai2025_LivSci,record,2.919103167594006,-0.4679267823925922,0.3581851925549009,0.2292279722724193
Historical 906,V44_e01cd8e5d34d,Zhai2025_LivSci,record,2.919103167594006,-0.4679267823925925,0.3581851925549009,0.2292279722724193
Historical 906,V44_0b85742bf1c9,Zhai2025_LivSci,record,2.919103167594006,-0.4679267823925925,0.3581851925549009,0.2292279722724193
Historical 906,V44_94756bba2a8b,Zhang2025_Animals,record,-2.935424901361039,-0.7243604835340307,0.3581851925549009,0.2292279722724193
Historical 906,V44_258f5533022b,Zhang2025_Animals,record,-2.491677531138871,-0.9988874563548491,0.3581851925549009,0.2292279722724193
Historical 906,V44_be131f289d4e,Ordaz2026_MineralReduction_Enzymes,record,-1.302353390116799,0.2283206029326228,0.3581851925549009,0.2292279722724193
Historical 906,V44_9375c6f66b4b,Ordaz2026_MineralReduction_Enzymes,record,-1.425927806414451,0.3530236316822906,0.3581851925549009,0.2292279722724193
Historical 906,V44_b39280db07a3,Ordaz2026_MineralReduction_Enzymes,record,-1.375312825375704,0.3033515725560323,0.3581851925549009,0.2292279722724193
Historical 906,V44_63d211a01a79,Ordaz2026_MineralReduction_Enzymes,record,-1.172025834081901,0.2913637252616212,0.3581851925549009,0.2292279722724193
Historical 906,V44_0bbe1ecc87ae,Lynch2008_Animal_SBP_CP,record,-0.728576908706145,-1.394871162930716,0.3581851925549009,0.2292279722724193
Historical 906,V44_62abb880b8ab,Lynch2008_Animal_SBP_CP,record,-0.02961920179645639,-3.068222090560917,0.3581851925549009,0.2292279722724193
Historical 906,V44_75115a8a0ca1,Lynch2008_Animal_SBP_CP,record,-2.065201210010073,-0.2728838439994082,0.3581851925549009,0.2292279722724193
Historical 906,V44_03fe515503bc,Lynch2008_Animal_SBP_CP,record,-1.656929622198005,-1.774149655323332,0.3581851925549009,0.2292279722724193
Historical 906,V44_c628e4db1885,Zhang2022_AnimNutr_AARelease,record,-0.8230881149329227,0.5781758178120975,0.3581851925549009,0.2292279722724193
Historical 906,V44_6e2508c55362,Zhang2022_AnimNutr_AARelease,record,-0.9415917572484291,0.9148799438382851,0.3581851925549009,0.2292279722724193
Historical 906,V44_33d524c9cdb1,Zhang2022_AnimNutr_AARelease,record,-0.6971568722571194,0.4303988974772574,0.3581851925549009,0.2292279722724193
Historical 906,V44_e0a58475edbb,Zhang2022_AnimNutr_AARelease,record,-0.8490571114255493,0.7916095383171363,0.3581851925549009,0.2292279722724193
Historical 906,V44_bd0c4e8c547d,Zhang2022_JASB_StarchPatterns,record,-1.925047948638873,2.421999235177853,0.3581851925549009,0.2292279722724193
Historical 906,V44_572798aef863,Zhang2022_JASB_StarchPatterns,record,-1.868794539826493,2.36083678033387,0.3581851925549009,0.2292279722724193
Historical 906,V44_e720d6329365,Zhang2022_JASB_StarchPatterns,record,-1.855049051164376,2.361550464538257,0.3581851925549009,0.2292279722724193
Historical 906,V44_6c9079534d8c,Zhang2022_JASB_StarchPatterns,record,-1.896590017385605,2.15581862331811,0.3581851925549009,0.2292279722724193
Historical 906,V44_5d693913308e,Zhang2022_JASB_StarchPatterns,record,-1.89744186213239,2.377055456648993,0.3581851925549009,0.2292279722724193
Historical 906,V44_34c7444815dc,Qi2025_Animals_SongliaoBlack,record,-1.837799958670896,-0.5887616767293937,0.3581851925549009,0.2292279722724193
Historical 906,V44_c55d9e2d7f4e,Qi2025_Animals_SongliaoBlack,record,-1.48619879474564,-0.920900157807831,0.3581851925549009,0.2292279722724193
Historical 906,V44_fb59e321050b,Vieira2018_CAB_WeaningEnergy,record,5.6221592130886,-0.04522317209674422,0.3581851925549009,0.2292279722724193
Historical 906,V44_3467bab49749,Vieira2018_CAB_WeaningEnergy,record,5.967691008425279,-0.3049554420499378,0.3581851925549009,0.2292279722724193
Historical 906,V44_891c9ae3e685,Vieira2018_CAB_WeaningEnergy,record,6.751728616356361,-0.7555546545139603,0.3581851925549009,0.2292279722724193
Historical 906,V44_38d6e718087e,Vieira2018_CAB_WeaningEnergy,record,6.778887279496422,-0.8462387670445415,0.3581851925549009,0.2292279722724193
Historical 906,V44_3bab4c48f07c,Vieira2018_CAB_WeaningEnergy,record,8.003165365908131,-1.318104752741249,0.3581851925549009,0.2292279722724193
Historical 906,V44_8de533e4f209,Vieira2018_CAB_WeaningEnergy,record,8.177014570208229,-1.331439289413646,0.3581851925549009,0.2292279722724193
Historical 906,V44_d357964419a7,Hollis2025_JAS_BenzoicAcid,record,2.194325827344781,0.9066965410490838,0.3581851925549009,0.2292279722724193
Historical 906,V44_50f6a59bd2d2,Hollis2025_JAS_BenzoicAcid,record,2.224895574687825,0.9534699387568615,0.3581851925549009,0.2292279722724193
Historical 906,V44_370032822e8a,Hollis2025_JAS_BenzoicAcid,record,2.20930312890222,0.9499200287476078,0.3581851925549009,0.2292279722724193
Historical 906,V44_a974f42fd982,Hollis2025_JAS_BenzoicAcid,record,2.23067520441052,0.9806263990140515,0.3581851925549009,0.2292279722724193
Historical 906,V44_74ee2bdf74ee,Liu2020_JAnimalSciBiotech_DCA,record,0.03586844067759324,-0.407469454344012,0.3581851925549009,0.2292279722724193
Historical 906,V44_4e089cd4cad8,Liu2020_JAnimalSciBiotech_DCA,record,-1.291720698422042,0.7600638795676506,0.3581851925549009,0.2292279722724193
Historical 906,V44_911a2cbe844a,Liu2020_JAnimalSciBiotech_DCA,record,-1.282803147814457,0.7524435508755823,0.3581851925549009,0.2292279722724193
Historical 906,V44_3dec5b046ad5,Li2024_AnimNutr_CPTime,record,2.810234320319461,-0.5908920051671569,0.3581851925549009,0.2292279722724193
Historical 906,V44_84515b3a7732,Li2024_AnimNutr_CPTime,record,0.7365849866377927,0.8309443468083532,0.3581851925549009,0.2292279722724193
Historical 906,V44_bf9cb21d8747,Pi2019_Animal_Antibiotics,record,2.322697796944282,-1.1316761868968,0.3581851925549009,0.2292279722724193
Historical 906,V44_5e741f4a0195,Pi2019_Animal_Antibiotics,record,2.204380881581987,-1.112016356270724,0.3581851925549009,0.2292279722724193
Historical 906,V44_d9dd44ed873a,Rachuonyo2015_RevMex_LowProtein,record,-0.05620752419600815,1.911654270860204,0.3581851925549009,0.2292279722724193
Historical 906,V44_e5d9d51ad48d,Rachuonyo2015_RevMex_LowProtein,record,1.473264669904099,0.7922763142796283,0.3581851925549009,0.2292279722724193
Historical 906,V44_1be465063856,Zhang2016_AnimSciJ_Leucine,record,-1.802291522825315,-0.4767712704959278,0.3581851925549009,0.2292279722724193
Historical 906,V44_77e8d2711244,Zhang2016_AnimSciJ_Leucine,record,-3.238407275556006,1.046506148501677,0.3581851925549009,0.2292279722724193
Historical 906,V44_43d2663a3d2a,Zhang2016_AnimSciJ_Leucine,record,-3.199780879959727,1.017548281158661,0.3581851925549009,0.2292279722724193
Historical 906,V44_e3eed84abdf3,Li2018_AFST_CornAA,record,-3.056198876429999,2.528647951042059,0.3581851925549009,0.2292279722724193
Historical 906,V44_29f024f34f67,Li2018_AFST_CornAA,record,-2.998166164473287,2.4214152073072,0.3581851925549009,0.2292279722724193
Historical 906,V44_2fe8b5b0321a,Li2018_AFST_CornAA,record,-2.952635444331936,2.409319711954707,0.3581851925549009,0.2292279722724193
Historical 906,V44_56ded8dce385,Wellington2018_JAS_ThrFiber,record,1.355447514712637,0.6011734417858534,0.3581851925549009,0.2292279722724193
Historical 906,V44_50d89889915a,Wellington2018_JAS_ThrFiber,record,1.066037521487054,0.6081714406420533,0.3581851925549009,0.2292279722724193
Historical 906,V44_88647c9f5c9f,Wellington2018_JAS_ThrFiber,record,1.173306268533738,0.611106010461847,0.3581851925549009,0.2292279722724193
Historical 906,V44_375550a04f9b,Wellington2018_JAS_ThrFiber,record,1.311141081174392,0.5002178788141554,0.3581851925549009,0.2292279722724193
Historical 906,V44_f5b49a0e7154,Wellington2018_JAS_ThrFiber,record,1.123548584284529,0.6560624122355636,0.3581851925549009,0.2292279722724193
Historical 906,V44_7ac694200750,Wellington2018_JAS_ThrFiber,record,1.521887028797006,-0.5134834559112966,0.3581851925549009,0.2292279722724193
Historical 906,V44_02a8a0fe6506,Wellington2018_JAS_ThrFiber,record,1.501841403247855,-0.4807118961098077,0.3581851925549009,0.2292279722724193
Historical 906,V44_a4912a940338,Wellington2018_JAS_ThrFiber,record,1.633623241293148,-0.6175377778146488,0.3581851925549009,0.2292279722724193
Historical 906,V44_cc75ae592c7a,Wellington2018_JAS_ThrFiber,record,1.616940349184189,-0.5563947801089346,0.3581851925549009,0.2292279722724193
Historical 906,V44_8f68840774dc,Wellington2018_JAS_ThrFiber,record,1.554742568119955,-0.551191575397836,0.3581851925549009,0.2292279722724193
Historical 906,V44_70645116707a,Wang2026_JASB_ProteinRelease,record,-2.146708810624988,-0.2684128280888164,0.3581851925549009,0.2292279722724193
Historical 906,V44_b6d409c84e2f,Wang2026_JASB_ProteinRelease,record,-2.174130928634861,-0.2370046911843116,0.3581851925549009,0.2292279722724193
Historical 906,V44_82b54c414b18,Wang2026_JASB_ProteinRelease,record,-2.084131950107873,-0.4880939883978969,0.3581851925549009,0.2292279722724193
Historical 906,V44_765e269b1098,Shui2026_VetSci_DiversifiedLP,record,-0.1715947124539164,-0.06915099045402545,0.3581851925549009,0.2292279722724193
Historical 906,V44_da8eccb6848a,Shui2026_VetSci_DiversifiedLP,record,-0.759456855210808,0.4362899139836634,0.3581851925549009,0.2292279722724193
Historical 906,V44_827e2e15ad41,Shui2026_VetSci_DiversifiedLP,record,-0.66439628501281,0.07550358418500838,0.3581851925549009,0.2292279722724193
Historical 906,V44_5aea65b849bc,Shui2026_VetSci_DiversifiedLP,record,-0.669609090749561,0.07337658100434075,0.3581851925549009,0.2292279722724193
Historical 906,V44_1a93260bfab5,Len2007_JPAN_FibreVietnam,record,-0.6136121756708821,-0.8055485233905376,0.3581851925549009,0.2292279722724193
Historical 906,V44_f5f5b6197b74,Len2007_JPAN_FibreVietnam,record,-0.236940460696022,-2.062003057940653,0.3581851925549009,0.2292279722724193
Historical 906,V44_525eec99ae7d,Len2007_JPAN_FibreVietnam,record,0.3178134272568568,-3.567839190852275,0.3581851925549009,0.2292279722724193
Historical 906,V44_5910e208da71,Hu2022_AnimBiosci_AARelease,record,4.933592056647574,0.20884186412626,0.3581851925549009,0.2292279722724193
Historical 906,V44_796027df3673,Hu2022_AnimBiosci_AARelease,record,5.436742665902803,-0.140241532812872,0.3581851925549009,0.2292279722724193
Historical 906,V44_008cef20890d,Hu2022_AnimBiosci_AARelease,record,6.116984857027141,-0.5604872003199675,0.3581851925549009,0.2292279722724193
Historical 906,V44_1f0035f7226d,Hu2022_AnimBiosci_AARelease,record,3.71011786659103,0.9471985356131261,0.3581851925549009,0.2292279722724193
Historical 906,V44_57e9b6b00dae,Hu2022_AnimBiosci_AARelease,record,4.111571088775071,0.6740451660380987,0.3581851925549009,0.2292279722724193
Historical 906,V44_fa26110a0eb9,Hu2022_AnimBiosci_AARelease,record,4.386772940380754,0.4508618995134343,0.3581851925549009,0.2292279722724193
Historical 906,V44_6a728f5ff196,Phillips2026_TAS_SoybeanMeal,record,-0.424057143666343,1.210321587013861,0.3581851925549009,0.2292279722724193
Historical 906,V44_45d5eb601d07,Phillips2026_TAS_SoybeanMeal,record,0.9066316285411129,0.1358167751726489,0.3581851925549009,0.2292279722724193
Historical 906,V44_fb89a4f9bec4,Phillips2026_TAS_SoybeanMeal,record,1.886806345775545,-0.6562632328289664,0.3581851925549009,0.2292279722724193
Historical 906,V44_b418e7865d79,Phillips2026_TAS_SoybeanMeal,record,3.089413890481754,-1.608434617620476,0.3581851925549009,0.2292279722724193
Historical 906,V44_0968bc249604,Phillips2026_TAS_SoybeanMeal,record,-2.047440867734898,1.313567740381943,0.3581851925549009,0.2292279722724193
Historical 906,V44_82d019ab078d,Phillips2026_TAS_SoybeanMeal,record,-1.070741070924792,0.5569792519179306,0.3581851925549009,0.2292279722724193
Historical 906,V44_e0afe4e42e1e,Phillips2026_TAS_SoybeanMeal,record,-0.1084440643104035,-0.3608343427931304,0.3581851925549009,0.2292279722724193
Historical 906,V44_5a2738989bd4,Phillips2026_TAS_SoybeanMeal,record,1.161353267772685,-1.641418005948458,0.3581851925549009,0.2292279722724193
Historical 906,V44_7da8bda013fd,Phillips2026_TAS_SoybeanMeal,record,-3.147178056168883,1.081849921586713,0.3581851925549009,0.2292279722724193
Historical 906,V44_58690d9f9834,Phillips2026_TAS_SoybeanMeal,record,-2.167371699314627,0.2626371208526127,0.3581851925549009,0.2292279722724193
Historical 906,V44_29829138b8ef,Phillips2026_TAS_SoybeanMeal,record,-1.338764668437773,-0.5976571001201717,0.3581851925549009,0.2292279722724193
Historical 906,V44_76bbaa4057aa,Phillips2026_TAS_SoybeanMeal,record,-0.5407304654680132,-1.55772877812802,0.3581851925549009,0.2292279722724193
Historical 906,V44_61f28d56947a,Zhang2008_LivSci_pGHRH,record,4.78315281248343,0.06483316337355842,0.3581851925549009,0.2292279722724193
Historical 906,V44_3b69f0ef66ce,Zhang2008_LivSci_pGHRH,record,4.890835137105472,0.05889738871855692,0.3581851925549009,0.2292279722724193
Historical 906,V44_e902af412d92,Zhang2008_LivSci_pGHRH,record,5.544498454903009,-0.2606267384032863,0.3581851925549009,0.2292279722724193
Historical 906,V44_69abc66e88f6,Zhang2008_LivSci_pGHRH,record,5.271600303981128,-0.127170636272653,0.3581851925549009,0.2292279722724193
Historical 906,V44_2c2e41b399d5,Zhang2008_LivSci_pGHRH,record,5.044272073153486,-0.04127016420086956,0.3581851925549009,0.2292279722724193
Historical 906,V44_74fef18a733d,Choi2015_AJAS_RapeseedMeal,record,-0.8610842371906759,2.330399968203944,0.3581851925549009,0.2292279722724193
Historical 906,V44_90f89abd6641,Choi2015_AJAS_RapeseedMeal,record,-0.8633092229199061,2.300829107127853,0.3581851925549009,0.2292279722724193
Historical 906,V44_f802fed3ac32,Choi2015_AJAS_RapeseedMeal,record,-0.7995260034566932,2.085182781360672,0.3581851925549009,0.2292279722724193
Historical 906,V44_62e8ae172882,Choi2015_AJAS_RapeseedMeal,record,-0.777088925365554,1.983361101805607,0.3581851925549009,0.2292279722724193
Historical 906,V44_e1c74eee4870,Choi2015_AJAS_RapeseedMeal,record,-0.7461697218054673,1.862301121890548,0.3581851925549009,0.2292279722724193
Historical 906,V44_86ef2a19c33e,Yang2025_Animals_Fishmeal,record,2.835386285814868,0.3446387222755754,0.3581851925549009,0.2292279722724193
Historical 906,V44_4e54d89e809c,Yang2025_Animals_Fishmeal,record,2.878692152401999,0.2873507626480403,0.3581851925549009,0.2292279722724193
Historical 906,V44_e41f1abda522,Yang2025_Animals_Fishmeal,record,2.764593038070377,0.4257908781412885,0.3581851925549009,0.2292279722724193
Historical 906,V44_05da3523d840,Yang2025_Animals_Fishmeal,record,2.588272415006033,0.65188972549609,0.3581851925549009,0.2292279722724193
Historical 906,V44_66aa93f63bf7,Yang2025_Animals_Fishmeal,record,3.297221298673405,-0.2348801802025725,0.3581851925549009,0.2292279722724193
Historical 906,V44_6a274232ebe5,Yang2025_Animals_Fishmeal,record,3.044156229172577,0.06883830904380928,0.3581851925549009,0.2292279722724193
Historical 906,V44_e8c132d953df,Yang2025_Animals_Fishmeal,record,2.976276738291878,0.1503499262539079,0.3581851925549009,0.2292279722724193
Historical 906,V44_8a9c71290d98,Yang2025_Animals_Fishmeal,record,3.229385708363521,-0.1200461072430779,0.3581851925549009,0.2292279722724193
Historical 906,V44_c87e940593df,Yang2025_Animals_Fishmeal,record,3.050226889150737,0.1362177761661455,0.3581851925549009,0.2292279722724193
Historical 906,V44_2c435a068545,Yang2025_Animals_Fishmeal,record,3.005830476701278,0.1938829166078047,0.3581851925549009,0.2292279722724193
Historical 906,V44_aa2ec641ee01,Ju2008_AJAS_LysineSources,record,2.195132935302452,1.517280354226518,0.3581851925549009,0.2292279722724193
Historical 906,V44_4bbf048b966d,Ju2008_AJAS_LysineSources,record,2.175879590259399,1.519467716077073,0.3581851925549009,0.2292279722724193
Historical 906,V44_8f2aa7fbc626,Ju2008_AJAS_LysineSources,record,2.173156798024368,1.518665607702535,0.3581851925549009,0.2292279722724193
Historical 906,V44_5f29676786c9,Ju2008_AJAS_LysineSources,record,2.173156798024368,1.518665607702535,0.3581851925549009,0.2292279722724193
Historical 906,V44_164053cc27c6,Myrie2008_JAS_Antinutritive,record,2.998251879499764,1.803044702381436,0.3581851925549009,0.2292279722724193
Historical 906,V44_f93b152b733e,Myrie2008_JAS_Antinutritive,record,3.440588000483058,1.326542854045537,0.3581851925549009,0.2292279722724193
Historical 906,V44_531f93bfe0db,Myrie2008_JAS_Antinutritive,record,3.060225146003541,1.298524897272143,0.3581851925549009,0.2292279722724193
Historical 906,V44_51af80d37f1e,Myrie2008_JAS_Antinutritive,record,3.530795276378799,1.039609235352491,0.3581851925549009,0.2292279722724193
Historical 906,V44_9b4f153302ae,Myrie2008_JAS_Antinutritive,record,3.181815296765087,1.165092620024166,0.3581851925549009,0.2292279722724193
Historical 906,V44_1a6ba40be6e5,Myrie2008_JAS_Antinutritive,record,3.021079982262464,1.853695371829961,0.3581851925549009,0.2292279722724193
Historical 906,V44_04262ba2b491,Myrie2008_JAS_Antinutritive,record,3.12285753205046,1.658153868812,0.3581851925549009,0.2292279722724193
Historical 906,V44_545aae511971,Drew2012_JAS_GlycemicIndex,record,-0.440353788922807,-0.3687586080351986,0.3581851925549009,0.2292279722724193
Historical 906,V44_a719624d599d,Drew2012_JAS_GlycemicIndex,record,-1.111614836295692,-0.7400744615012219,0.3581851925549009,0.2292279722724193
Historical 906,V44_db03dd303724,Drew2012_JAS_GlycemicIndex,record,-0.5456843237364538,-0.8190090686486532,0.3581851925549009,0.2292279722724193
Historical 906,V44_da1473f44169,Zervas2001_MSc_OatHull,record,-0.6832447894765452,0.7848131612394258,0.3581851925549009,0.2292279722724193
Historical 906,V44_cf89323e2825,Zervas2001_MSc_OatHull,record,0.2911657305861461,-0.05124210590178074,0.3581851925549009,0.2292279722724193
Historical 906,V44_5ef91c756085,Zervas2001_MSc_OatHull,record,1.103249205427439,-0.8455023985796464,0.3581851925549009,0.2292279722724193
Historical 906,V44_caa9c43aa0da,Zervas2001_MSc_OatHull,record,-0.25766943910018,-0.3531706559602102,0.3581851925549009,0.2292279722724193
Historical 906,V44_4f5d57b51f1a,Zervas2001_MSc_OatHull,record,0.7538051410759141,-1.156568373676339,0.3581851925549009,0.2292279722724193
Historical 906,V44_a2c11cff3d84,Zervas2001_MSc_OatHull,record,1.692923044582224,-1.904744346904268,0.3581851925549009,0.2292279722724193
Historical 906,V44_a27d3d38cd75,Zervas2001_MSc_FermentableFiber,record,1.51593138899707,-0.2371366784538335,0.3581851925549009,0.2292279722724193
Historical 906,V44_cc3cad3b696b,Zervas2001_MSc_FermentableFiber,record,1.641990168629252,-1.828939281388293,0.3581851925549009,0.2292279722724193
Historical 906,V44_4eb3e5873d37,Zervas2001_MSc_FermentableFiber,record,0.4155133296753665,0.6664568677204499,0.3581851925549009,0.2292279722724193
Historical 906,V44_8ee112b494e5,Zervas2001_MSc_FermentableFiber,record,0.7458303293642474,-0.9995990313795063,0.3581851925549009,0.2292279722724193
Historical 906,V44_4d83207a1ec9,Zervas2001_MSc_FermentableFiber,record,0.9953919240100227,-0.8718765607718469,0.3581851925549009,0.2292279722724193
Historical 906,V44_5bc9fb23f13f,Zervas2001_MSc_FermentableFiber,record,2.377552368611778,-1.739135601548915,0.3581851925549009,0.2292279722724193
Historical 906,V44_88766c1c18fe,Zervas2001_MSc_FermentableFiber,record,2.277553472902644,-2.9355658016387,0.3581851925549009,0.2292279722724193
Historical 906,V44_cc3bec469281,Zervas2001_MSc_FermentableFiber,record,1.250718653445898,-0.7848885479016763,0.3581851925549009,0.2292279722724193
Historical 906,V44_3f12bcbf9867,Zervas2001_MSc_FermentableFiber,record,1.391755287685356,-2.12126340348238,0.3581851925549009,0.2292279722724193
Historical 906,V44_562bbb354413,Zervas2001_MSc_FermentableFiber,record,1.780677874613834,-2.235456052351694,0.3581851925549009,0.2292279722724193
Historical 906,V44_7c9f2dd74a0f,Rakhshandeh2010_LivSci_SAA_ISS,record,-2.123858397851291,3.647168678465921,0.3581851925549009,0.2292279722724193
Historical 906,V44_4de19423f34d,Rakhshandeh2010_LivSci_SAA_ISS,record,-0.6551787005084042,2.581110871621168,0.3581851925549009,0.2292279722724193
Historical 906,V44_bf4a6e520214,Rakhshandeh2010_LivSci_SAA_ISS,record,0.8365697858471329,1.487889470605545,0.3581851925549009,0.2292279722724193
Historical 906,V44_4a2e9b2d9809,Panaite2025_Agriculture_Peas,record,2.341160022726822,-1.055747611969071,0.3581851925549009,0.2292279722724193
Historical 906,V44_c3084f90acae,Panaite2025_Agriculture_Peas,record,2.669843039111138,-1.547576676750915,0.3581851925549009,0.2292279722724193
Historical 906,V44_c89925e83498,Panaite2025_Agriculture_Peas,record,2.477883541785856,-1.341720934361321,0.3581851925549009,0.2292279722724193
Historical 906,V44_8aa14d7c0f8b,Humphrey2022_JAS_BenzoicAcid,record,0.4369864048658336,0.04875392091679058,0.3581851925549009,0.2292279722724193
Historical 906,V44_14813844f6c8,Humphrey2022_JAS_BenzoicAcid,record,0.3953243136775754,0.08916182726996645,0.3581851925549009,0.2292279722724193
Historical 906,V44_037ad5a928c3,Humphrey2022_JAS_BenzoicAcid,record,0.4551695274101155,0.03558653160646671,0.3581851925549009,0.2292279722724193
Historical 906,V44_54c9e5b7874a,Humphrey2022_JAS_BenzoicAcid,record,-0.4820466279060462,0.8463857563321059,0.3581851925549009,0.2292279722724193
Historical 906,V44_199c201dbf0e,Jin2016_AJAS_Mealworm_Weaned,record,1.547033618953693,1.198248776913907,0.3581851925549009,0.2292279722724193
Historical 906,V44_034cd80d369d,Jin2016_AJAS_Mealworm_Weaned,record,1.37494208566139,1.29464821028305,0.3581851925549009,0.2292279722724193
Historical 906,V44_cf075adba218,Jin2016_AJAS_Mealworm_Weaned,record,1.479192415839776,1.224061455796182,0.3581851925549009,0.2292279722724193
Historical 906,V44_8765e1771255,Jin2016_AJAS_Mealworm_Weaned,record,1.410094664658513,1.263459921861519,0.3581851925549009,0.2292279722724193
Historical 906,V44_9ba53a9fc0d5,Jin2016_AJAS_Mealworm_Weaned,record,1.309264692357274,1.320548122647547,0.3581851925549009,0.2292279722724193
Historical 906,V44_59025bba940d,Wellington2020_Animals_Thr_Fibre_FermentableProtein,record,0.8475867636539779,0.8433516796999281,0.3581851925549009,0.2292279722724193
Historical 906,V44_c09960ad3756,Wellington2020_Animals_Thr_Fibre_FermentableProtein,record,0.8421808796390948,0.8975852362262783,0.3581851925549009,0.2292279722724193
Historical 906,V44_e99752083884,Wellington2020_Animals_Thr_Fibre_FermentableProtein,record,0.8550479860026915,0.8766037790903703,0.3581851925549009,0.2292279722724193
Historical 906,V44_6c4e6032bf04,Wellington2020_Animals_Thr_Fibre_FermentableProtein,record,0.8862155025759342,0.8121484524711446,0.3581851925549009,0.2292279722724193
Historical 906,V44_b33ccb6fafd9,Wellington2020_Animals_Thr_Fibre_FermentableProtein,record,0.919241731075817,0.7865777663771168,0.3581851925549009,0.2292279722724193
Historical 906,V44_a6f83d1eb8b6,Wellington2020_Animals_Thr_Fibre_FermentableProtein,record,1.815219999910884,0.005049844361962368,0.3581851925549009,0.2292279722724193
Historical 906,V44_6318f1e135fd,Wellington2020_Animals_Thr_Fibre_FermentableProtein,record,2.118049673648204,-0.2718469559969529,0.3581851925549009,0.2292279722724193
Historical 906,V44_9ea395c36820,Wellington2020_Animals_Thr_Fibre_FermentableProtein,record,1.921786668379532,-0.04560053346113414,0.3581851925549009,0.2292279722724193
Historical 906,V44_e28a16ce775b,Wellington2020_Animals_Thr_Fibre_FermentableProtein,record,1.950838312832569,-0.06928207748814263,0.3581851925549009,0.2292279722724193
Historical 906,V44_be3d3e5ece41,Wellington2020_Animals_Thr_Fibre_FermentableProtein,record,1.825433101573559,-0.01258456733391452,0.3581851925549009,0.2292279722724193
Historical 906,V44_da7ee9668268,Wellington2020_Animals_Thr_Fibre_FermentableProtein,record,1.516638400237292,-0.5235377363330977,0.3581851925549009,0.2292279722724193
Historical 906,V44_f264640db62b,Wellington2020_Animals_Thr_Fibre_FermentableProtein,record,1.490845869273504,-0.5322984129744258,0.3581851925549009,0.2292279722724193
Historical 906,V44_030b93fd52e7,Wellington2020_Animals_Thr_Fibre_FermentableProtein,record,1.513876508934135,-0.5257231100375365,0.3581851925549009,0.2292279722724193
Historical 906,V44_580a0b3708b6,Wellington2020_Animals_Thr_Fibre_FermentableProtein,record,1.535624339252853,-0.5150641660059843,0.3581851925549009,0.2292279722724193
Historical 906,V44_b51481233258,Wellington2020_Animals_Thr_Fibre_FermentableProtein,record,1.61622793467605,-0.6184957838981618,0.3581851925549009,0.2292279722724193
Historical 906,V44_24616a4b598a,Wellington2020_Animals_Thr_Fibre_FermentableProtein,record,1.941961991063634,-0.9296365965276475,0.3581851925549009,0.2292279722724193
Historical 906,V44_0f0b34411b27,Wellington2020_Animals_Thr_Fibre_FermentableProtein,record,2.11890794620472,-1.066650408127339,0.3581851925549009,0.2292279722724193
Historical 906,V44_36db91f1cea4,Wellington2020_Animals_Thr_Fibre_FermentableProtein,record,2.19111720467153,-1.105729701814606,0.3581851925549009,0.2292279722724193
Historical 906,V44_c9cb4c478d15,Wellington2020_Animals_Thr_Fibre_FermentableProtein,record,1.896116342649619,-0.8743022551334303,0.3581851925549009,0.2292279722724193
Historical 906,V44_4f972a6ceeb5,Wellington2020_Animals_Thr_Fibre_FermentableProtein,record,2.375473293306694,-1.259729367269817,0.3581851925549009,0.2292279722724193
Historical 906,V44_e0f144166dc2,Li2024_JASB_GlucoseRelease,record,2.829192512400476,-0.07110443631088711,0.3581851925549009,0.2292279722724193
Historical 906,V44_743d86941875,Li2024_JASB_GlucoseRelease,record,2.92422808044202,-0.2848786593059218,0.3581851925549009,0.2292279722724193
Historical 906,V44_3c8e73b695d4,Li2024_JASB_GlucoseRelease,record,2.87690594936477,-0.08313625413119079,0.3581851925549009,0.2292279722724193
Historical 906,V44_bd32de318955,Li2024_JASB_GlucoseRelease,record,2.978813254921059,-0.2350889553041092,0.3581851925549009,0.2292279722724193
Historical 906,V44_63a0a07a4806,Acosta2020_TAS_LactoseFP,record,2.934438482140142,1.331095141970117,0.3581851925549009,0.2292279722724193
Historical 906,V44_3c92812032e9,Acosta2020_TAS_LactoseFP,record,3.433842514132428,1.224375746791504,0.3581851925549009,0.2292279722724193
Historical 906,V44_c76bcfe6d9ec,Acosta2020_TAS_LactoseFP,record,3.24154879937998,1.256479866319972,0.3581851925549009,0.2292279722724193
Historical 906,V44_cc362095061f,Acosta2020_TAS_LactoseFP,record,3.122610833205613,1.299977390783007,0.3581851925549009,0.2292279722724193
Historical 906,V44_0b639729858d,Li2018_JAS_Pyruvate,record,0.4739778884763139,-0.4683647903884802,0.3581851925549009,0.2292279722724193
Historical 906,V44_679a1a266cfc,Li2018_JAS_Pyruvate,record,-0.4261515277464797,0.2601745493793302,0.3581851925549009,0.2292279722724193
Historical 906,V44_7aa01c13f8e3,Li2018_JAS_Pyruvate,record,-0.875547127640774,0.7095401889585055,0.3581851925549009,0.2292279722724193
Historical 906,V44_fe210c8d244a,Mayer2026_TAS_SoybeanHulls,record,0.4244402848666055,-1.019696921822719,0.3581851925549009,0.2292279722724193
Historical 906,V44_35be44f41364,Mayer2026_TAS_SoybeanHulls,record,0.4211436508262211,-1.949571495309847,0.3581851925549009,0.2292279722724193
Historical 906,V44_da147dd2de30,Mayer2026_TAS_SoybeanHulls,record,0.2897690327268755,-2.605293874602701,0.3581851925549009,0.2292279722724193
Historical 906,V44_b7ce4270c333,Mayer2026_TAS_SoybeanHulls,record,0.2443568049391709,-4.477501544304273,0.3581851925549009,0.2292279722724193
Historical 906,V44_911a41f0e845,Hu2024_AnimalNutrition_YeastCulture,record,-0.6686574462632023,1.517804682794978,0.3581851925549009,0.2292279722724193
Historical 906,V44_245854f95fd1,Hu2024_AnimalNutrition_YeastCulture,record,-0.5858652237016768,1.268498041213022,0.3581851925549009,0.2292279722724193
Historical 906,V44_8273179aaaeb,GeicsnekKoltay2022_Agriculture,record,0.5063195246340431,-0.4636926438385877,0.3581851925549009,0.2292279722724193
Historical 906,V44_79eb0c0f8502,GeicsnekKoltay2022_Agriculture,record,-0.01408225143504208,0.03213996126946674,0.3581851925549009,0.2292279722724193
Historical 906,V44_5408b729b6df,GeicsnekKoltay2022_Agriculture,record,-0.5587158609775054,0.5666034885795785,0.3581851925549009,0.2292279722724193
Historical 906,V44_d35ff514afdf,GeicsnekKoltay2022_Agriculture,record,0.5119671113277943,-0.2686976449581538,0.3581851925549009,0.2292279722724193
Historical 906,V44_b7a598b5cce8,GeicsnekKoltay2022_Agriculture,record,-0.1698874732938457,0.4633994027056097,0.3581851925549009,0.2292279722724193
Historical 906,V44_782ab5acce86,GeicsnekKoltay2022_Agriculture,record,-2.429878364621873,-2.885051753591736,0.3581851925549009,0.2292279722724193
Historical 906,V44_03c28d8c1694,GeicsnekKoltay2022_Agriculture,record,-2.948202194187795,-2.380762135210202,0.3581851925549009,0.2292279722724193
Historical 906,V44_0cb6dfaa71b7,GeicsnekKoltay2022_Agriculture,record,-0.6110774165877473,0.8166902092791209,0.3581851925549009,0.2292279722724193
Historical 906,V44_e793ac9b2bf4,Zhang2020_Animals_Temperature,record,0.7121803410036198,0.310303663641207,0.3581851925549009,0.2292279722724193
Historical 906,V44_0bd07037a830,Zhang2020_Animals_Temperature,record,0.6546992062600606,0.4434941873900609,0.3581851925549009,0.2292279722724193
Historical 906,V44_8b0c5c754e32,Zhang2020_Animals_Temperature,record,0.7688979639841989,0.4848674122726377,0.3581851925549009,0.2292279722724193
Historical 906,V44_e9b6625f1887,Zhang2020_Animals_Temperature,record,0.5373715600501375,0.7422131941037247,0.3581851925549009,0.2292279722724193
Historical 906,V44_3cd1c13cd981,Hellwing2007_BPMPig,record,0.2697705762620327,-1.529583314262097,0.3581851925549009,0.2292279722724193
Historical 906,V44_a1dbfd3c9b7c,Hellwing2007_BPMPig,record,0.2307932635728291,-1.77693015943565,0.3581851925549009,0.2292279722724193
Historical 906,V44_ee0d48cbec3a,Hellwing2007_BPMPig,record,0.1533847126225369,-1.483808238747776,0.3581851925549009,0.2292279722724193
Historical 906,V44_5aef3942f8a7,Hellwing2007_BPMPig,record,0.251551146698429,-1.736764607561607,0.3581851925549009,0.2292279722724193
Historical 906,V44_363bec9ef314,GeicsnekKoltay2022_Agriculture,record,-3.338340667468514,-1.843853855260053,0.3581851925549009,0.2292279722724193
Historical 906,V44_08d7412f763e,GeicsnekKoltay2022_Agriculture,record,-2.80967944708719,-2.066781661150869,0.3581851925549009,0.2292279722724193
Historical 906,V44_f741ad4349ab,GeicsnekKoltay2022_Agriculture,record,-2.80836480314543,-0.535147010199583,0.3581851925549009,0.2292279722724193
Historical 906,V44_a1ad26e9fbce,GeicsnekKoltay2022_Agriculture,record,-3.108256522569965,-0.2168718254379096,0.3581851925549009,0.2292279722724193
Historical 906,V44_78d702b50bb1,GeicsnekKoltay2022_Agriculture,record,1.615126988286118,-0.2338211488652355,0.3581851925549009,0.2292279722724193
Historical 906,V44_c5ad6a7ea17c,GeicsnekKoltay2022_Agriculture,record,1.294788754990652,0.02866184863456461,0.3581851925549009,0.2292279722724193
Historical 906,V44_3d5bc674eb74,GeicsnekKoltay2022_Agriculture,record,0.7453735866521355,0.4298056118571285,0.3581851925549009,0.2292279722724193
Historical 906,V44_ef89b2a1b689,GeicsnekKoltay2022_Agriculture,record,0.9946752978456743,0.07146273661027235,0.3581851925549009,0.2292279722724193
Historical 906,V44_c71ed9d826a9,GeicsnekKoltay2022_Agriculture,record,0.655297482476307,0.1996964019885357,0.3581851925549009,0.2292279722724193
Historical 906,V44_96c3c8d3e673,GeicsnekKoltay2022_Agriculture,record,0.1287864261432044,0.9231395533708983,0.3581851925549009,0.2292279722724193
Historical 906,V44_745346950404,Zhang2020_Animals_Temperature,record,0.5968160215432563,0.5705702909187139,0.3581851925549009,0.2292279722724193
Historical 906,V44_f4b4d5c6f38a,Zhang2020_Animals_Temperature,record,0.506036875479467,0.8317574960425302,0.3581851925549009,0.2292279722724193
Historical 906,V44_c131f2e81d26,GeicsnekKoltay2022_Agriculture,record,-1.009247002757251,-1.907340942279801,0.3581851925549009,0.2292279722724193
Historical 906,V44_c0d88a876dfd,GeicsnekKoltay2022_Agriculture,record,-1.404181431061291,-1.563990045459077,0.3581851925549009,0.2292279722724193
Historical 906,V44_638302669536,GeicsnekKoltay2022_Agriculture,record,-1.209851348455363,-1.191268072596647,0.3581851925549009,0.2292279722724193
Historical 906,V44_8b684152dfa1,GeicsnekKoltay2022_Agriculture,record,-1.221982591721399,-1.029320986353198,0.3581851925549009,0.2292279722724193
Historical 906,V44_22c0fc2b4f41,GeicsnekKoltay2022_Agriculture,record,-1.673484925518878,-0.1086472268433345,0.3581851925549009,0.2292279722724193
Historical 906,V44_79d5098d3975,GeicsnekKoltay2022_Agriculture,record,-1.980805522178288,-0.2707187096991535,0.3581851925549009,0.2292279722724193
Historical 906,V44_042502bb6ccd,Zhang2020_Animals_Temperature,record,-1.390441902249572,-1.092085432554796,0.3581851925549009,0.2292279722724193
Historical 906,V44_9d372ab1b7ba,Zhang2020_Animals_Temperature,record,-1.297307302236712,-1.066782400830569,0.3581851925549009,0.2292279722724193
Historical 906,V44_57c55c79219f,Zhang2020_Animals_Temperature,record,-1.289420589434896,-0.2453872618659045,0.3581851925549009,0.2292279722724193
Historical 906,V44_4bcfe2acd25e,Zhang2020_Animals_Temperature,record,-1.251354683711866,0.4520090850187086,0.3581851925549009,0.2292279722724193
Historical 906,V44_495f19ece4db,Mihaila2023_Agriculture,record,-0.8051589988773104,-2.435840677864588,0.3581851925549009,0.2292279722724193
Historical 906,V44_3828ad1ec57f,Mihaila2023_Agriculture,record,-0.8497567911104494,-2.458359375786358,0.3581851925549009,0.2292279722724193
Historical 906,V44_0afd884a1743,Mihaila2023_Agriculture,record,-0.7375050435744476,-2.600849369851456,0.3581851925549009,0.2292279722724193
Historical 906,V44_d05cbe2ad9c8,Yang2023_JAS,record,-0.6931537270244158,-0.2964168416196117,0.3581851925549009,0.2292279722724193
Historical 906,V44_79e52f2d5ca2,Yang2023_JAS,record,-2.09020456472451,1.184361241646396,0.3581851925549009,0.2292279722724193
Historical 906,V44_1ca155c7d7cc,Yang2023_JAS,record,-1.005950020995553,-0.992504545180149,0.3581851925549009,0.2292279722724193
Historical 906,V44_ebf3a8c8c64b,Yang2023_JAS,record,-0.9387523528955023,-1.052811231451304,0.3581851925549009,0.2292279722724193
Historical 906,V44_577e86e1da4f,deQuelen2024_JAS,record,0.01988814364565469,-0.5679053069852273,0.3581851925549009,0.2292279722724193
Historical 906,V44_3b40f8d57795,deQuelen2024_JAS,record,0.3408290508362024,-1.112307021779013,0.3581851925549009,0.2292279722724193
546 target,Barley::RealV6_大麦_sample1,Barley,source-specific diet mean,-0.8336223082527948,0.9727368643726607,0.3581851925549009,0.2292279722724193
546 target,Barley::RealV6_大麦_sample10,Barley,source-specific diet mean,-0.9482856611511759,0.4348836366244403,0.3581851925549009,0.2292279722724193
546 target,Barley::RealV6_大麦_sample2,Barley,source-specific diet mean,-0.9099728530671271,1.098228710922277,0.3581851925549009,0.2292279722724193
546 target,Barley::RealV6_大麦_sample3,Barley,source-specific diet mean,-0.9201585485814262,1.192740882067493,0.3581851925549009,0.2292279722724193
546 target,Barley::RealV6_大麦_sample4,Barley,source-specific diet mean,-1.265043724702669,1.145456446827902,0.3581851925549009,0.2292279722724193
546 target,Barley::RealV6_大麦_sample5,Barley,source-specific diet mean,-1.06389840801504,1.077403936189786,0.3581851925549009,0.2292279722724193
546 target,Barley::RealV6_大麦_sample6,Barley,source-specific diet mean,-1.157291483517021,0.822100230122535,0.3581851925549009,0.2292279722724193
546 target,Barley::RealV6_大麦_sample7,Barley,source-specific diet mean,-0.8145176467882927,0.5510556087870911,0.3581851925549009,0.2292279722724193
546 target,Barley::RealV6_大麦_sample8,Barley,source-specific diet mean,-0.7617214584689405,0.6805319587938343,0.3581851925549009,0.2292279722724193
546 target,Barley::RealV6_大麦_sample9,Barley,source-specific diet mean,-0.7531216640598026,0.3444369050675138,0.3581851925549009,0.2292279722724193
546 target,Brown rice::RealV6_糙米_sample1,Brown rice,source-specific diet mean,-1.192941106325568,0.06383454668945018,0.3581851925549009,0.2292279722724193
546 target,Brown rice::RealV6_糙米_sample10,Brown rice,source-specific diet mean,-1.174078998309753,-0.1182448455138331,0.3581851925549009,0.2292279722724193
546 target,Brown rice::RealV6_糙米_sample2,Brown rice,source-specific diet mean,-1.78643971445686,0.5344926739109969,0.3581851925549009,0.2292279722724193
546 target,Brown rice::RealV6_糙米_sample3,Brown rice,source-specific diet mean,-0.4340187909856829,-0.7415911060647307,0.3581851925549009,0.2292279722724193
546 target,Brown rice::RealV6_糙米_sample4,Brown rice,source-specific diet mean,-1.051049282882944,0.0592054977365088,0.3581851925549009,0.2292279722724193
546 target,Brown rice::RealV6_糙米_sample5,Brown rice,source-specific diet mean,-2.313220817689863,1.02653692608809,0.3581851925549009,0.2292279722724193
546 target,Brown rice::RealV6_糙米_sample6,Brown rice,source-specific diet mean,-1.608996876876845,0.2369097455831773,0.3581851925549009,0.2292279722724193
546 target,Brown rice::RealV6_糙米_sample7,Brown rice,source-specific diet mean,-0.3103621926612978,-0.9475729625604962,0.3581851925549009,0.2292279722724193
546 target,Brown rice::RealV6_糙米_sample8,Brown rice,source-specific diet mean,-1.761688977203637,0.4063975784517883,0.3581851925549009,0.2292279722724193
546 target,Brown rice::RealV6_糙米_sample9,Brown rice,source-specific diet mean,-2.066217086537727,0.7300064998552999,0.3581851925549009,0.2292279722724193
546 target,Cassava::RealV6_木薯_sample1,Cassava,source-specific diet mean,-2.283783702769331,-0.8712346032460581,0.3581851925549009,0.2292279722724193
546 target,Cassava::RealV6_木薯_sample10,Cassava,source-specific diet mean,-2.029934231619102,-0.7763111705413982,0.3581851925549009,0.2292279722724193
546 target,Cassava::RealV6_木薯_sample2,Cassava,source-specific diet mean,-2.396682501045322,-0.8650654784445746,0.3581851925549009,0.2292279722724193
546 target,Cassava::RealV6_木薯_sample3,Cassava,source-specific diet mean,-2.042163307390148,-0.6976563020602344,0.3581851925549009,0.2292279722724193
546 target,Cassava::RealV6_木薯_sample4,Cassava,source-specific diet mean,-2.246539851963844,-0.5495266480203589,0.3581851925549009,0.2292279722724193
546 target,Cassava::RealV6_木薯_sample5,Cassava,source-specific diet mean,-1.985304986490305,-0.6727066673111624,0.3581851925549009,0.2292279722724193
546 target,Cassava::RealV6_木薯_sample6,Cassava,source-specific diet mean,-2.806896626100867,0.1706206601820678,0.3581851925549009,0.2292279722724193
546 target,Cassava::RealV6_木薯_sample7,Cassava,source-specific diet mean,-2.607300838307167,-0.2950700800293613,0.3581851925549009,0.2292279722724193
546 target,Cassava::RealV6_木薯_sample8,Cassava,source-specific diet mean,-2.236777317103502,-0.4721286016894794,0.3581851925549009,0.2292279722724193
546 target,Cassava::RealV6_木薯_sample9,Cassava,source-specific diet mean,-2.117592527702013,-0.5535462746906686,0.3581851925549009,0.2292279722724193
546 target,Paddy rice::RealV6_稻谷_sample1,Paddy rice,source-specific diet mean,-0.4805775533019688,1.099961499296317,0.3581851925549009,0.2292279722724193
546 target,Paddy rice::RealV6_稻谷_sample10,Paddy rice,source-specific diet mean,-0.9657485746434491,1.277363428781354,0.3581851925549009,0.2292279722724193
546 target,Paddy rice::RealV6_稻谷_sample11,Paddy rice,source-specific diet mean,-0.5894783406130394,0.8762878651886028,0.3581851925549009,0.2292279722724193
546 target,Paddy rice::RealV6_稻谷_sample2,Paddy rice,source-specific diet mean,-0.8573792699495282,1.230970588788646,0.3581851925549009,0.2292279722724193
546 target,Paddy rice::RealV6_稻谷_sample3,Paddy rice,source-specific diet mean,-1.210623365338817,1.3356321827857,0.3581851925549009,0.2292279722724193
546 target,Paddy rice::RealV6_稻谷_sample4,Paddy rice,source-specific diet mean,-0.02650138857980818,0.9436159462642241,0.3581851925549009,0.2292279722724193
546 target,Paddy rice::RealV6_稻谷_sample5,Paddy rice,source-specific diet mean,-0.5917327234836786,1.143563361029986,0.3581851925549009,0.2292279722724193
546 target,Paddy rice::RealV6_稻谷_sample6,Paddy rice,source-specific diet mean,-0.566841539407333,0.8834031406161256,0.3581851925549009,0.2292279722724193
546 target,Paddy rice::RealV6_稻谷_sample7,Paddy rice,source-specific diet mean,-0.4697607698320811,0.7620331027082065,0.3581851925549009,0.2292279722724193
546 target,Paddy rice::RealV6_稻谷_sample8,Paddy rice,source-specific diet mean,-0.7073641000766546,0.8748828117397555,0.3581851925549009,0.2292279722724193
546 target,Paddy rice::RealV6_稻谷_sample9,Paddy rice,source-specific diet mean,-0.6723015963172769,1.345383645902,0.3581851925549009,0.2292279722724193
546 target,Rapeseed cake::RealV6_菜籽饼_sample1,Rapeseed cake,source-specific diet mean,2.376028167047603,-3.732047320060242,0.3581851925549009,0.2292279722724193
546 target,Rapeseed cake::RealV6_菜籽饼_sample10,Rapeseed cake,source-specific diet mean,1.39407497610253,-4.47451657151534,0.3581851925549009,0.2292279722724193
546 target,Rapeseed cake::RealV6_菜籽饼_sample2,Rapeseed cake,source-specific diet mean,1.14559717046065,-3.375826158402266,0.3581851925549009,0.2292279722724193
546 target,Rapeseed cake::RealV6_菜籽饼_sample3,Rapeseed cake,source-specific diet mean,1.166696823214857,-2.771920371605812,0.3581851925549009,0.2292279722724193
546 target,Rapeseed cake::RealV6_菜籽饼_sample4,Rapeseed cake,source-specific diet mean,1.784256876132529,-3.783825470436104,0.3581851925549009,0.2292279722724193
546 target,Rapeseed cake::RealV6_菜籽饼_sample5,Rapeseed cake,source-specific diet mean,1.06034715656365,-2.752884289712664,0.3581851925549009,0.2292279722724193
546 target,Rapeseed cake::RealV6_菜籽饼_sample6,Rapeseed cake,source-specific diet mean,1.49552784849507,-3.740538433439944,0.3581851925549009,0.2292279722724193
546 target,Rapeseed cake::RealV6_菜籽饼_sample7,Rapeseed cake,source-specific diet mean,0.9284120970824895,-3.779525738502608,0.3581851925549009,0.2292279722724193
546 target,Rapeseed cake::RealV6_菜籽饼_sample8,Rapeseed cake,source-specific diet mean,2.596156485395178,-5.152629364615466,0.3581851925549009,0.2292279722724193
546 target,Rapeseed cake::RealV6_菜籽饼_sample9,Rapeseed cake,source-specific diet mean,1.090422549844893,-4.924334683298266,0.3581851925549009,0.2292279722724193
546 target,Rice bran::RealV6_米糠_sample1,Rice bran,source-specific diet mean,-0.3239585894917745,0.6239635167402573,0.3581851925549009,0.2292279722724193
546 target,Rice bran::RealV6_米糠_sample10,Rice bran,source-specific diet mean,-0.07560525048950556,0.07910896951597751,0.3581851925549009,0.2292279722724193
546 target,Rice bran::RealV6_米糠_sample2,Rice bran,source-specific diet mean,-0.3463495771926793,0.9448177054352446,0.3581851925549009,0.2292279722724193
546 target,Rice bran::RealV6_米糠_sample3,Rice bran,source-specific diet mean,-0.1973407607652928,0.490734701622602,0.3581851925549009,0.2292279722724193
546 target,Rice bran::RealV6_米糠_sample4,Rice bran,source-specific diet mean,0.08306744688113828,0.3973773634265952,0.3581851925549009,0.2292279722724193
546 target,Rice bran::RealV6_米糠_sample5,Rice bran,source-specific diet mean,0.01511776990130098,0.4920558485442381,0.3581851925549009,0.2292279722724193
546 target,Rice bran::RealV6_米糠_sample6,Rice bran,source-specific diet mean,0.06193887242554371,-0.06733291704921016,0.3581851925549009,0.2292279722724193
546 target,Rice bran::RealV6_米糠_sample7,Rice bran,source-specific diet mean,-0.4188466661733555,0.586361048810299,0.3581851925549009,0.2292279722724193
546 target,Rice bran::RealV6_米糠_sample8,Rice bran,source-specific diet mean,0.2700647979820602,-0.01230744330656132,0.3581851925549009,0.2292279722724193
546 target,Rice bran::RealV6_米糠_sample9,Rice bran,source-specific diet mean,0.1420468814045641,-0.2587957302651217,0.3581851925549009,0.2292279722724193
546 target,Sorghum::RealV6_高粱_sample1,Sorghum,source-specific diet mean,-2.249844941170672,-0.9562356384700798,0.3581851925549009,0.2292279722724193
546 target,Sorghum::RealV6_高粱_sample10,Sorghum,source-specific diet mean,-2.404048331255357,-0.935237589799442,0.3581851925549009,0.2292279722724193
546 target,Sorghum::RealV6_高粱_sample2,Sorghum,source-specific diet mean,-2.172444341409254,-1.659273203333699,0.3581851925549009,0.2292279722724193
546 target,Sorghum::RealV6_高粱_sample3,Sorghum,source-specific diet mean,-2.417847069779666,-0.6546196373262437,0.3581851925549009,0.2292279722724193
546 target,Sorghum::RealV6_高粱_sample4,Sorghum,source-specific diet mean,-2.398630930537565,-0.9077942284135423,0.3581851925549009,0.2292279722724193
546 target,Sorghum::RealV6_高粱_sample5,Sorghum,source-specific diet mean,-2.115134122972565,-1.064061895016427,0.3581851925549009,0.2292279722724193
546 target,Sorghum::RealV6_高粱_sample6,Sorghum,source-specific diet mean,-2.638902858516651,-0.5448443003972994,0.3581851925549009,0.2292279722724193
546 target,Sorghum::RealV6_高粱_sample7,Sorghum,source-specific diet mean,-2.705837318390146,-0.5601240539757723,0.3581851925549009,0.2292279722724193
546 target,Sorghum::RealV6_高粱_sample8,Sorghum,source-specific diet mean,-2.518509476618807,-0.6389017139449227,0.3581851925549009,0.2292279722724193
546 target,Sorghum::RealV6_高粱_sample9,Sorghum,source-specific diet mean,-2.406179837916909,-1.077230962929947,0.3581851925549009,0.2292279722724193
546 target,Wheat bran::RealV6_小麦麸_sample1,Wheat bran,source-specific diet mean,-0.6296097127179495,0.1070380520358277,0.3581851925549009,0.2292279722724193
546 target,Wheat bran::RealV6_小麦麸_sample10,Wheat bran,source-specific diet mean,-0.5660170054489054,-0.6984147009817209,0.3581851925549009,0.2292279722724193
546 target,Wheat bran::RealV6_小麦麸_sample2,Wheat bran,source-specific diet mean,-0.1962455623656882,-0.3460510060576347,0.3581851925549009,0.2292279722724193
546 target,Wheat bran::RealV6_小麦麸_sample3,Wheat bran,source-specific diet mean,-0.347490678347314,-0.0666571759447,0.3581851925549009,0.2292279722724193
546 target,Wheat bran::RealV6_小麦麸_sample4,Wheat bran,source-specific diet mean,-0.1249970057929517,-0.2238798456368929,0.3581851925549009,0.2292279722724193
546 target,Wheat bran::RealV6_小麦麸_sample5,Wheat bran,source-specific diet mean,-0.2004103978342081,-0.04709173934770342,0.3581851925549009,0.2292279722724193
546 target,Wheat bran::RealV6_小麦麸_sample6,Wheat bran,source-specific diet mean,-0.3012898900602799,-0.2673489883966982,0.3581851925549009,0.2292279722724193
546 target,Wheat bran::RealV6_小麦麸_sample7,Wheat bran,source-specific diet mean,-0.05102535199102778,-0.02130764978332181,0.3581851925549009,0.2292279722724193
546 target,Wheat bran::RealV6_小麦麸_sample8,Wheat bran,source-specific diet mean,0.01115926923940912,-0.2628379489941119,0.3581851925549009,0.2292279722724193
546 target,Wheat bran::RealV6_小麦麸_sample9,Wheat bran,source-specific diet mean,-0.379388669853135,-0.5754989695427248,0.3581851925549009,0.2292279722724193
546 target,Wheat::RealV6_小麦_sample1,Wheat,source-specific diet mean,-0.986942955827969,0.7394186225292619,0.3581851925549009,0.2292279722724193
546 target,Wheat::RealV6_小麦_sample10,Wheat,source-specific diet mean,-0.4657838771601134,-0.4121014752907215,0.3581851925549009,0.2292279722724193
546 target,Wheat::RealV6_小麦_sample2,Wheat,source-specific diet mean,-1.938062764056508,1.258171001112663,0.3581851925549009,0.2292279722724193
546 target,Wheat::RealV6_小麦_sample3,Wheat,source-specific diet mean,-1.083307227357513,0.3388381837981359,0.3581851925549009,0.2292279722724193
546 target,Wheat::RealV6_小麦_sample4,Wheat,source-specific diet mean,-0.8643355427552862,0.2910179966435238,0.3581851925549009,0.2292279722724193
546 target,Wheat::RealV6_小麦_sample5,Wheat,source-specific diet mean,-0.6925864295882318,0.0958594610247422,0.3581851925549009,0.2292279722724193
546 target,Wheat::RealV6_小麦_sample6,Wheat,source-specific diet mean,-0.9876708199069862,0.2712611693178072,0.3581851925549009,0.2292279722724193
546 target,Wheat::RealV6_小麦_sample7,Wheat,source-specific diet mean,-0.3910640662014294,-0.3022966809215847,0.3581851925549009,0.2292279722724193
546 target,Wheat::RealV6_小麦_sample8,Wheat,source-specific diet mean,-1.690203266896656,0.8458910966644189,0.3581851925549009,0.2292279722724193
546 target,Wheat::RealV6_小麦_sample9,Wheat,source-specific diet mean,-0.8907897404604942,0.1369093841248793,0.3581851925549009,0.2292279722724193
SOW80,SOW119_SOW_037,Yang2021,treatment/stage mean,-3.715522100555742,-0.8093133870127056,0.3581851925549009,0.2292279722724193
SOW80,SOW119_SOW_038,Yang2021,treatment/stage mean,-3.981148332427891,-1.941183171196997,0.3581851925549009,0.2292279722724193
SOW80,SOW119_SOW_039,Yang2021,treatment/stage mean,-4.380829396724361,-0.09489478573133078,0.3581851925549009,0.2292279722724193
SOW80,SOW119_SOW_040,Yang2021,treatment/stage mean,-4.583771456690983,-1.272470886151513,0.3581851925549009,0.2292279722724193
SOW80,SOW119_SOW_041,Yang2021,treatment/stage mean,-3.715522100555742,-0.8093133870127056,0.3581851925549009,0.2292279722724193
SOW80,SOW119_SOW_042,Yang2021,treatment/stage mean,-3.981148332427891,-1.941183171196997,0.3581851925549009,0.2292279722724193
SOW80,SOW119_SOW_043,Yang2021,treatment/stage mean,-4.380829396724361,-0.09489478573133078,0.3581851925549009,0.2292279722724193
SOW80,SOW119_SOW_044,Yang2021,treatment/stage mean,-4.583771456690983,-1.272470886151513,0.3581851925549009,0.2292279722724193
SOW80,SOW119_SOW_045,Yang2021,treatment/stage mean,-3.908773480046548,-1.354836218062239,0.3581851925549009,0.2292279722724193
SOW80,SOW119_SOW_046,Yang2021,treatment/stage mean,-4.191873178558208,-2.525390402471711,0.3581851925549009,0.2292279722724193
SOW80,SOW119_SOW_047,Yang2021,treatment/stage mean,-4.564557854122647,-0.5905900777156372,0.3581851925549009,0.2292279722724193
SOW80,SOW119_SOW_048,Yang2021,treatment/stage mean,-4.804601491370399,-1.782517940596715,0.3581851925549009,0.2292279722724193
SOW80,SOWP2_WISBECH2024_early_0,Wisbech2024_SBP,treatment/stage mean,-5.982009911400718,-1.673082544098398,0.3581851925549009,0.2292279722724193
SOW80,SOWP2_WISBECH2024_early_33,Wisbech2024_SBP,treatment/stage mean,-5.696080008329894,-2.213388734970844,0.3581851925549009,0.2292279722724193
SOW80,SOWP2_WISBECH2024_early_67,Wisbech2024_SBP,treatment/stage mean,-5.701832275040749,-2.956944973481713,0.3581851925549009,0.2292279722724193
SOW80,SOWP2_WISBECH2024_early_100,Wisbech2024_SBP,treatment/stage mean,-5.451387202506179,-3.546303859012399,0.3581851925549009,0.2292279722724193
SOW80,SOWP2_WISBECH2024_mid_0,Wisbech2024_SBP,treatment/stage mean,-5.872844747009657,-1.112785785473769,0.3581851925549009,0.2292279722724193
SOW80,SOWP2_WISBECH2024_mid_33,Wisbech2024_SBP,treatment/stage mean,-5.602556314734405,-1.624279373470304,0.3581851925549009,0.2292279722724193
SOW80,SOWP2_WISBECH2024_mid_67,Wisbech2024_SBP,treatment/stage mean,-5.675842631218173,-2.379405908738679,0.3581851925549009,0.2292279722724193
SOW80,SOWP2_WISBECH2024_mid_100,Wisbech2024_SBP,treatment/stage mean,-5.344798458657134,-2.853164208452916,0.3581851925549009,0.2292279722724193
SOW80,SOWP2_WANG2022_mid_Corn,Wang2022_SBM_Sources,treatment/stage mean,-7.053086392628025,-0.0746914946780507,0.3581851925549009,0.2292279722724193
SOW80,SOWP2_WANG2022_mid_SBM1,Wang2022_SBM_Sources,treatment/stage mean,-4.611397061935123,-2.667826343376798,0.3581851925549009,0.2292279722724193
SOW80,SOWP2_WANG2022_mid_SBM2,Wang2022_SBM_Sources,treatment/stage mean,-4.563143453683469,-2.826408996655415,0.3581851925549009,0.2292279722724193
SOW80,SOWP2_WANG2022_mid_SBM3,Wang2022_SBM_Sources,treatment/stage mean,-4.632585375652241,-2.853197344814816,0.3581851925549009,0.2292279722724193
SOW80,SOWP2_WANG2022_mid_SBM4,Wang2022_SBM_Sources,treatment/stage mean,-4.506831412450169,-3.029549652329281,0.3581851925549009,0.2292279722724193
SOW80,SOWP2_WANG2022_mid_SBM5,Wang2022_SBM_Sources,treatment/stage mean,-4.597317233261073,-3.253570812620036,0.3581851925549009,0.2292279722724193
SOW80,SOWP2_WANG2022_mid_SBM6,Wang2022_SBM_Sources,treatment/stage mean,-4.525305628197029,-3.177113369480056,0.3581851925549009,0.2292279722724193
SOW80,SOWP2_WANG2022_mid_SBM7,Wang2022_SBM_Sources,treatment/stage mean,-4.406208052317167,-3.340342260062416,0.3581851925549009,0.2292279722724193
SOW80,SOWP2_WANG2022_mid_SBM8,Wang2022_SBM_Sources,treatment/stage mean,-4.464020393843217,-3.0569079395481,0.3581851925549009,0.2292279722724193
SOW80,SOWP2_WANG2022_mid_SBM9,Wang2022_SBM_Sources,treatment/stage mean,-4.673075390062442,-3.317931727317712,0.3581851925549009,0.2292279722724193
SOW80,SOWP2_WANG2022_mid_SBM10,Wang2022_SBM_Sources,treatment/stage mean,-4.604546371900057,-3.342327583204022,0.3581851925549009,0.2292279722724193
SOW80,SOWP2_WANG2022_mid_SBM11,Wang2022_SBM_Sources,treatment/stage mean,-4.65105491678551,-3.154752566908443,0.3581851925549009,0.2292279722724193
SOW80,SOWP2_WANG2022_late_Corn,Wang2022_SBM_Sources,treatment/stage mean,-7.19233438360441,-0.1632618791556669,0.3581851925549009,0.2292279722724193
SOW80,SOWP2_WANG2022_late_SBM1,Wang2022_SBM_Sources,treatment/stage mean,-4.749849848926109,-2.746409561420806,0.3581851925549009,0.2292279722724193
SOW80,SOWP2_WANG2022_late_SBM2,Wang2022_SBM_Sources,treatment/stage mean,-4.693881726580796,-2.897063208237515,0.3581851925549009,0.2292279722724193
SOW80,SOWP2_WANG2022_late_SBM3,Wang2022_SBM_Sources,treatment/stage mean,-4.740566709226515,-2.873006407395487,0.3581851925549009,0.2292279722724193
SOW80,SOWP2_WANG2022_late_SBM4,Wang2022_SBM_Sources,treatment/stage mean,-4.623028389726697,-3.003562892505478,0.3581851925549009,0.2292279722724193
SOW80,SOWP2_WANG2022_late_SBM5,Wang2022_SBM_Sources,treatment/stage mean,-4.721628352834692,-3.314924511510633,0.3581851925549009,0.2292279722724193
SOW80,SOWP2_WANG2022_late_SBM6,Wang2022_SBM_Sources,treatment/stage mean,-4.756148244446909,-3.492518020757168,0.3581851925549009,0.2292279722724193
SOW80,SOWP2_WANG2022_late_SBM7,Wang2022_SBM_Sources,treatment/stage mean,-4.585088689344583,-3.51588051361279,0.3581851925549009,0.2292279722724193
SOW80,SOWP2_WANG2022_late_SBM8,Wang2022_SBM_Sources,treatment/stage mean,-4.662386738920781,-3.290198992609147,0.3581851925549009,0.2292279722724193
SOW80,SOWP2_WANG2022_late_SBM9,Wang2022_SBM_Sources,treatment/stage mean,-4.848693024678681,-3.493914583287055,0.3581851925549009,0.2292279722724193
SOW80,SOWP2_WANG2022_late_SBM10,Wang2022_SBM_Sources,treatment/stage mean,-4.744996727984622,-3.443821237719178,0.3581851925549009,0.2292279722724193
SOW80,SOWP2_WANG2022_late_SBM11,Wang2022_SBM_Sources,treatment/stage mean,-4.803820147225132,-3.279612396805513,0.3581851925549009,0.2292279722724193
SOW80,SOWP2_WANG2025_Exp1_Substitution_Basal,Wang2025_SBM_NE,treatment/stage mean,-6.00613483522855,-0.3434693727561243,0.3581851925549009,0.2292279722724193
SOW80,SOWP2_WANG2025_Exp1_Substitution_SBM15,Wang2025_SBM_NE,treatment/stage mean,-4.534615485021675,-2.096099504451043,0.3581851925549009,0.2292279722724193
SOW80,SOWP2_WANG2025_Exp1_Substitution_SBM30,Wang2025_SBM_NE,treatment/stage mean,-3.196350549160146,-3.541473002377184,0.3581851925549009,0.2292279722724193
SOW80,SOWP2_WANG2025_Exp2_Sources_Basal,Wang2025_SBM_NE,treatment/stage mean,-5.776965252500118,-0.04280640896554468,0.3581851925549009,0.2292279722724193
SOW80,SOWP2_WANG2025_Exp2_Sources_SBM2,Wang2025_SBM_NE,treatment/stage mean,-4.305377284715855,-1.717125459076965,0.3581851925549009,0.2292279722724193
SOW80,SOWP2_WANG2025_Exp2_Sources_SBM3,Wang2025_SBM_NE,treatment/stage mean,-4.13909504338312,-1.796925274738748,0.3581851925549009,0.2292279722724193
SOW80,SOWP2_WANG2025_Exp2_Sources_SBM4,Wang2025_SBM_NE,treatment/stage mean,-4.458108291686942,-1.57681623070836,0.3581851925549009,0.2292279722724193
SOW80,SOWP2_WANG2025_Exp2_Sources_SBM5,Wang2025_SBM_NE,treatment/stage mean,-4.221767114259195,-1.657995557815257,0.3581851925549009,0.2292279722724193
SOW80,SOWP2_WANG2025_Exp2_Sources_SBM6,Wang2025_SBM_NE,treatment/stage mean,-4.383012717507098,-1.550464052495855,0.3581851925549009,0.2292279722724193
SOW80,SOWP2_RENTERIA2008_C,Renteria2008_Fiber,treatment/stage mean,-4.097080740094963,-0.04925006606493175,0.3581851925549009,0.2292279722724193
SOW80,SOWP2_RENTERIA2008_HS,Renteria2008_Fiber,treatment/stage mean,-4.317667760018059,-0.5420044605312557,0.3581851925549009,0.2292279722724193
SOW80,SOWP2_RENTERIA2008_HIS,Renteria2008_Fiber,treatment/stage mean,-4.213923991585951,-1.927081325500946,0.3581851925549009,0.2292279722724193
SOW80,SOWP2_RENTERIA2008_HSPLUSHIS,Renteria2008_Fiber,treatment/stage mean,-4.028667426987502,-1.415036734351599,0.3581851925549009,0.2292279722724193
SOW80,SOWP2_YU2026_BARLEY_BASAL,Yu2026_BarleySources,treatment/stage mean,-4.870118811622779,-1.30334367995327,0.3581851925549009,0.2292279722724193
SOW80,SOWP2_YU2026_BARLEY_01,Yu2026_BarleySources,treatment/stage mean,-5.286463684939838,-1.900104691905316,0.3581851925549009,0.2292279722724193
SOW80,SOWP2_YU2026_BARLEY_02,Yu2026_BarleySources,treatment/stage mean,-5.356164292853025,-2.054551234441655,0.3581851925549009,0.2292279722724193
SOW80,SOWP2_YU2026_BARLEY_03,Yu2026_BarleySources,treatment/stage mean,-5.046649212946665,-1.941835805675891,0.3581851925549009,0.2292279722724193
SOW80,SOWP2_YU2026_BARLEY_04,Yu2026_BarleySources,treatment/stage mean,-5.099943182472726,-1.719326702021172,0.3581851925549009,0.2292279722724193
SOW80,SOWP2_YU2026_BARLEY_05,Yu2026_BarleySources,treatment/stage mean,-5.125359995817887,-1.770092874592525,0.3581851925549009,0.2292279722724193
SOW80,SOWP2_YU2026_BARLEY_06,Yu2026_BarleySources,treatment/stage mean,-4.313463272258119,-1.011131351432665,0.3581851925549009,0.2292279722724193
SOW80,SOWP2_YU2026_BARLEY_07,Yu2026_BarleySources,treatment/stage mean,-4.319518779461312,-1.09983911901153,0.3581851925549009,0.2292279722724193
SOW80,SOWP2_YU2026_BARLEY_08,Yu2026_BarleySources,treatment/stage mean,-4.431968119642366,-1.271673980386076,0.3581851925549009,0.2292279722724193
SOW80,SOWP2_YU2026_BARLEY_09,Yu2026_BarleySources,treatment/stage mean,-4.644341655329399,-1.385554111129543,0.3581851925549009,0.2292279722724193
SOW80,SOWP2_YU2026_BARLEY_10,Yu2026_BarleySources,treatment/stage mean,-4.661183849262916,-1.237560838532388,0.3581851925549009,0.2292279722724193
SOW80,SOWP2_ZHANG2025_DDGS_BASAL,Zhang2025_DDGS,treatment/stage mean,-5.617372181019812,-1.205060660899437,0.3581851925549009,0.2292279722724193
SOW80,SOWP2_ZHANG2025_DDGS_J1,Zhang2025_DDGS,treatment/stage mean,-4.522938749848942,-3.290205007649524,0.3581851925549009,0.2292279722724193
SOW80,SOWP2_ZHANG2025_DDGS_J2,Zhang2025_DDGS,treatment/stage mean,-4.601688819824685,-3.284828666386688,0.3581851925549009,0.2292279722724193
SOW80,SOWP2_ZHANG2025_DDGS_N3,Zhang2025_DDGS,treatment/stage mean,-4.53588851993036,-3.437695262906367,0.3581851925549009,0.2292279722724193
SOW80,SOWP2_ZHANG2025_DDGS_X4,Zhang2025_DDGS,treatment/stage mean,-4.812250101805924,-3.293196508070481,0.3581851925549009,0.2292279722724193
SOW80,SOWP2_ZHANG2025_DDGS_C5,Zhang2025_DDGS,treatment/stage mean,-4.612576039313832,-2.942845457704923,0.3581851925549009,0.2292279722724193
SOW80,SOWP2_XU2023_WB0,Xu2023_WheatBran,treatment/stage mean,-3.663133477656982,-1.772268455128302,0.3581851925549009,0.2292279722724193
SOW80,SOWP2_XU2023_WB10,Xu2023_WheatBran,treatment/stage mean,-3.972792300263191,-2.49552512670397,0.3581851925549009,0.2292279722724193
SOW80,SOWP2_XU2023_WB20,Xu2023_WheatBran,treatment/stage mean,-3.650158604808507,-2.666909464218095,0.3581851925549009,0.2292279722724193
SOW80,SOWP2_XU2023_WB30,Xu2023_WheatBran,treatment/stage mean,-4.003750352756831,-3.511123771096561,0.3581851925549009,0.2292279722724193
SOW80,SOWP2_XU2023_WB40,Xu2023_WheatBran,treatment/stage mean,-4.248949516452011,-3.266118886791122,0.3581851925549009,0.2292279722724193
SOW80,SOWP2_XU2023_WB50,Xu2023_WheatBran,treatment/stage mean,-4.393952972139776,-3.921134414014537,0.3581851925549009,0.2292279722724193
