source_specific_diet_id,ingredient_class,PC1,PC2,measured_source_specific_diets,budget_display_label,sampling_strategy,selected_or_selection_frequency,value_semantics,main_figure_role
Barley::RealV6_大麦_sample1,Barley,-1.978853503846387,1.28100516437496,3,3 measured sources,P2-PAM representative sampling (k-medoids),0.0,binary selected/not selected under the fixed structured selector,Main Figure 4A four-budget small-multiple source; no single budget is privileged
Barley::RealV6_大麦_sample1,Barley,-1.978853503846387,1.28100516437496,3,3 measured sources,Response-surface-guided sampling,0.0,binary selected/not selected under the fixed structured selector,Main Figure 4A four-budget small-multiple source; no single budget is privileged
Barley::RealV6_大麦_sample1,Barley,-1.978853503846387,1.28100516437496,3,3 measured sources,Random sampling,0.03373015873015873,selection frequency across 504 realizations,Main Figure 4A four-budget small-multiple source; no single budget is privileged
Barley::RealV6_大麦_sample10,Barley,-0.7940239436287604,-0.3471545673613018,3,3 measured sources,P2-PAM representative sampling (k-medoids),0.0,binary selected/not selected under the fixed structured selector,Main Figure 4A four-budget small-multiple source; no single budget is privileged
Barley::RealV6_大麦_sample10,Barley,-0.7940239436287604,-0.3471545673613018,3,3 measured sources,Response-surface-guided sampling,0.0,binary selected/not selected under the fixed structured selector,Main Figure 4A four-budget small-multiple source; no single budget is privileged
Barley::RealV6_大麦_sample10,Barley,-0.7940239436287604,-0.3471545673613018,3,3 measured sources,Random sampling,0.03174603174603174,selection frequency across 504 realizations,Main Figure 4A four-budget small-multiple source; no single budget is privileged
Barley::RealV6_大麦_sample2,Barley,-2.09688003728454,1.23234488746658,3,3 measured sources,P2-PAM representative sampling (k-medoids),0.0,binary selected/not selected under the fixed structured selector,Main Figure 4A four-budget small-multiple source; no single budget is privileged
Barley::RealV6_大麦_sample2,Barley,-2.09688003728454,1.23234488746658,3,3 measured sources,Response-surface-guided sampling,0.0,binary selected/not selected under the fixed structured selector,Main Figure 4A four-budget small-multiple source; no single budget is privileged
Barley::RealV6_大麦_sample2,Barley,-2.09688003728454,1.23234488746658,3,3 measured sources,Random sampling,0.03571428571428571,selection frequency across 504 realizations,Main Figure 4A four-budget small-multiple source; no single budget is privileged
Barley::RealV6_大麦_sample3,Barley,-2.013248069671713,0.8612331738391538,3,3 measured sources,P2-PAM representative sampling (k-medoids),0.0,binary selected/not selected under the fixed structured selector,Main Figure 4A four-budget small-multiple source; no single budget is privileged
Barley::RealV6_大麦_sample3,Barley,-2.013248069671713,0.8612331738391538,3,3 measured sources,Response-surface-guided sampling,0.0,binary selected/not selected under the fixed structured selector,Main Figure 4A four-budget small-multiple source; no single budget is privileged
Barley::RealV6_大麦_sample3,Barley,-2.013248069671713,0.8612331738391538,3,3 measured sources,Random sampling,0.01785714285714286,selection frequency across 504 realizations,Main Figure 4A four-budget small-multiple source; no single budget is privileged
Barley::RealV6_大麦_sample4,Barley,-2.047807971847043,0.5664866077627769,3,3 measured sources,P2-PAM representative sampling (k-medoids),0.0,binary selected/not selected under the fixed structured selector,Main Figure 4A four-budget small-multiple source; no single budget is privileged
Barley::RealV6_大麦_sample4,Barley,-2.047807971847043,0.5664866077627769,3,3 measured sources,Response-surface-guided sampling,0.0,binary selected/not selected under the fixed structured selector,Main Figure 4A four-budget small-multiple source; no single budget is privileged
Barley::RealV6_大麦_sample4,Barley,-2.047807971847043,0.5664866077627769,3,3 measured sources,Random sampling,0.04166666666666666,selection frequency across 504 realizations,Main Figure 4A four-budget small-multiple source; no single budget is privileged
Barley::RealV6_大麦_sample5,Barley,-2.048952261265228,0.7439586970501483,3,3 measured sources,P2-PAM representative sampling (k-medoids),0.0,binary selected/not selected under the fixed structured selector,Main Figure 4A four-budget small-multiple source; no single budget is privileged
Barley::RealV6_大麦_sample5,Barley,-2.048952261265228,0.7439586970501483,3,3 measured sources,Response-surface-guided sampling,0.0,binary selected/not selected under the fixed structured selector,Main Figure 4A four-budget small-multiple source; no single budget is privileged
Barley::RealV6_大麦_sample5,Barley,-2.048952261265228,0.7439586970501483,3,3 measured sources,Random sampling,0.03571428571428571,selection frequency across 504 realizations,Main Figure 4A four-budget small-multiple source; no single budget is privileged
Barley::RealV6_大麦_sample6,Barley,-1.788410382208668,1.048315580595123,3,3 measured sources,P2-PAM representative sampling (k-medoids),0.0,binary selected/not selected under the fixed structured selector,Main Figure 4A four-budget small-multiple source; no single budget is privileged
Barley::RealV6_大麦_sample6,Barley,-1.788410382208668,1.048315580595123,3,3 measured sources,Response-surface-guided sampling,0.0,binary selected/not selected under the fixed structured selector,Main Figure 4A four-budget small-multiple source; no single budget is privileged
Barley::RealV6_大麦_sample6,Barley,-1.788410382208668,1.048315580595123,3,3 measured sources,Random sampling,0.03373015873015873,selection frequency across 504 realizations,Main Figure 4A four-budget small-multiple source; no single budget is privileged
Barley::RealV6_大麦_sample7,Barley,-1.198317666381324,0.9901363228069637,3,3 measured sources,P2-PAM representative sampling (k-medoids),0.0,binary selected/not selected under the fixed structured selector,Main Figure 4A four-budget small-multiple source; no single budget is privileged
Barley::RealV6_大麦_sample7,Barley,-1.198317666381324,0.9901363228069637,3,3 measured sources,Response-surface-guided sampling,0.0,binary selected/not selected under the fixed structured selector,Main Figure 4A four-budget small-multiple source; no single budget is privileged
Barley::RealV6_大麦_sample7,Barley,-1.198317666381324,0.9901363228069637,3,3 measured sources,Random sampling,0.02976190476190476,selection frequency across 504 realizations,Main Figure 4A four-budget small-multiple source; no single budget is privileged
Barley::RealV6_大麦_sample8,Barley,-1.17343672248284,0.2886370288234412,3,3 measured sources,P2-PAM representative sampling (k-medoids),0.0,binary selected/not selected under the fixed structured selector,Main Figure 4A four-budget small-multiple source; no single budget is privileged
Barley::RealV6_大麦_sample8,Barley,-1.17343672248284,0.2886370288234412,3,3 measured sources,Response-surface-guided sampling,0.0,binary selected/not selected under the fixed structured selector,Main Figure 4A four-budget small-multiple source; no single budget is privileged
Barley::RealV6_大麦_sample8,Barley,-1.17343672248284,0.2886370288234412,3,3 measured sources,Random sampling,0.02182539682539682,selection frequency across 504 realizations,Main Figure 4A four-budget small-multiple source; no single budget is privileged
Barley::RealV6_大麦_sample9,Barley,-0.7246484066609943,-0.05431291206354182,3,3 measured sources,P2-PAM representative sampling (k-medoids),0.0,binary selected/not selected under the fixed structured selector,Main Figure 4A four-budget small-multiple source; no single budget is privileged
Barley::RealV6_大麦_sample9,Barley,-0.7246484066609943,-0.05431291206354182,3,3 measured sources,Response-surface-guided sampling,0.0,binary selected/not selected under the fixed structured selector,Main Figure 4A four-budget small-multiple source; no single budget is privileged
Barley::RealV6_大麦_sample9,Barley,-0.7246484066609943,-0.05431291206354182,3,3 measured sources,Random sampling,0.03968253968253968,selection frequency across 504 realizations,Main Figure 4A four-budget small-multiple source; no single budget is privileged
Brown rice::RealV6_糙米_sample1,Brown rice,-0.04182693366288238,-1.759633212384153,3,3 measured sources,P2-PAM representative sampling (k-medoids),0.0,binary selected/not selected under the fixed structured selector,Main Figure 4A four-budget small-multiple source; no single budget is privileged
Brown rice::RealV6_糙米_sample1,Brown rice,-0.04182693366288238,-1.759633212384153,3,3 measured sources,Response-surface-guided sampling,0.0,binary selected/not selected under the fixed structured selector,Main Figure 4A four-budget small-multiple source; no single budget is privileged
Brown rice::RealV6_糙米_sample1,Brown rice,-0.04182693366288238,-1.759633212384153,3,3 measured sources,Random sampling,0.03174603174603174,selection frequency across 504 realizations,Main Figure 4A four-budget small-multiple source; no single budget is privileged
Brown rice::RealV6_糙米_sample10,Brown rice,0.1887360288817009,-1.379389418420823,3,3 measured sources,P2-PAM representative sampling (k-medoids),0.0,binary selected/not selected under the fixed structured selector,Main Figure 4A four-budget small-multiple source; no single budget is privileged
Brown rice::RealV6_糙米_sample10,Brown rice,0.1887360288817009,-1.379389418420823,3,3 measured sources,Response-surface-guided sampling,0.0,binary selected/not selected under the fixed structured selector,Main Figure 4A four-budget small-multiple source; no single budget is privileged
Brown rice::RealV6_糙米_sample10,Brown rice,0.1887360288817009,-1.379389418420823,3,3 measured sources,Random sampling,0.03571428571428571,selection frequency across 504 realizations,Main Figure 4A four-budget small-multiple source; no single budget is privileged
Brown rice::RealV6_糙米_sample2,Brown rice,-0.747803194774878,-2.03770938615718,3,3 measured sources,P2-PAM representative sampling (k-medoids),0.0,binary selected/not selected under the fixed structured selector,Main Figure 4A four-budget small-multiple source; no single budget is privileged
Brown rice::RealV6_糙米_sample2,Brown rice,-0.747803194774878,-2.03770938615718,3,3 measured sources,Response-surface-guided sampling,0.0,binary selected/not selected under the fixed structured selector,Main Figure 4A four-budget small-multiple source; no single budget is privileged
Brown rice::RealV6_糙米_sample2,Brown rice,-0.747803194774878,-2.03770938615718,3,3 measured sources,Random sampling,0.02579365079365079,selection frequency across 504 realizations,Main Figure 4A four-budget small-multiple source; no single budget is privileged
Brown rice::RealV6_糙米_sample3,Brown rice,1.055609097952348,-1.051722420152651,3,3 measured sources,P2-PAM representative sampling (k-medoids),0.0,binary selected/not selected under the fixed structured selector,Main Figure 4A four-budget small-multiple source; no single budget is privileged
Brown rice::RealV6_糙米_sample3,Brown rice,1.055609097952348,-1.051722420152651,3,3 measured sources,Response-surface-guided sampling,0.0,binary selected/not selected under the fixed structured selector,Main Figure 4A four-budget small-multiple source; no single budget is privileged
Brown rice::RealV6_糙米_sample3,Brown rice,1.055609097952348,-1.051722420152651,3,3 measured sources,Random sampling,0.04166666666666666,selection frequency across 504 realizations,Main Figure 4A four-budget small-multiple source; no single budget is privileged
Brown rice::RealV6_糙米_sample4,Brown rice,0.0172091063093247,-1.486067749387112,3,3 measured sources,P2-PAM representative sampling (k-medoids),0.0,binary selected/not selected under the fixed structured selector,Main Figure 4A four-budget small-multiple source; no single budget is privileged
Brown rice::RealV6_糙米_sample4,Brown rice,0.0172091063093247,-1.486067749387112,3,3 measured sources,Response-surface-guided sampling,0.0,binary selected/not selected under the fixed structured selector,Main Figure 4A four-budget small-multiple source; no single budget is privileged
Brown rice::RealV6_糙米_sample4,Brown rice,0.0172091063093247,-1.486067749387112,3,3 measured sources,Random sampling,0.03968253968253968,selection frequency across 504 realizations,Main Figure 4A four-budget small-multiple source; no single budget is privileged
Brown rice::RealV6_糙米_sample5,Brown rice,-1.45274677410137,-2.315859257305906,3,3 measured sources,P2-PAM representative sampling (k-medoids),0.0,binary selected/not selected under the fixed structured selector,Main Figure 4A four-budget small-multiple source; no single budget is privileged
Brown rice::RealV6_糙米_sample5,Brown rice,-1.45274677410137,-2.315859257305906,3,3 measured sources,Response-surface-guided sampling,0.0,binary selected/not selected under the fixed structured selector,Main Figure 4A four-budget small-multiple source; no single budget is privileged
Brown rice::RealV6_糙米_sample5,Brown rice,-1.45274677410137,-2.315859257305906,3,3 measured sources,Random sampling,0.03373015873015873,selection frequency across 504 realizations,Main Figure 4A four-budget small-multiple source; no single budget is privileged
Brown rice::RealV6_糙米_sample6,Brown rice,-0.3418417394656088,-1.729517984758093,3,3 measured sources,P2-PAM representative sampling (k-medoids),1.0,binary selected/not selected under the fixed structured selector,Main Figure 4A four-budget small-multiple source; no single budget is privileged
Brown rice::RealV6_糙米_sample6,Brown rice,-0.3418417394656088,-1.729517984758093,3,3 measured sources,Response-surface-guided sampling,0.0,binary selected/not selected under the fixed structured selector,Main Figure 4A four-budget small-multiple source; no single budget is privileged
Brown rice::RealV6_糙米_sample6,Brown rice,-0.3418417394656088,-1.729517984758093,3,3 measured sources,Random sampling,0.03571428571428571,selection frequency across 504 realizations,Main Figure 4A four-budget small-multiple source; no single budget is privileged
Brown rice::RealV6_糙米_sample7,Brown rice,1.424089213857041,-0.9570798051674237,3,3 measured sources,P2-PAM representative sampling (k-medoids),0.0,binary selected/not selected under the fixed structured selector,Main Figure 4A four-budget small-multiple source; no single budget is privileged
Brown rice::RealV6_糙米_sample7,Brown rice,1.424089213857041,-0.9570798051674237,3,3 measured sources,Response-surface-guided sampling,0.0,binary selected/not selected under the fixed structured selector,Main Figure 4A four-budget small-multiple source; no single budget is privileged
Brown rice::RealV6_糙米_sample7,Brown rice,1.424089213857041,-0.9570798051674237,3,3 measured sources,Random sampling,0.03571428571428571,selection frequency across 504 realizations,Main Figure 4A four-budget small-multiple source; no single budget is privileged
Brown rice::RealV6_糙米_sample8,Brown rice,-0.5721213586535814,-1.852737144722216,3,3 measured sources,P2-PAM representative sampling (k-medoids),0.0,binary selected/not selected under the fixed structured selector,Main Figure 4A four-budget small-multiple source; no single budget is privileged
Brown rice::RealV6_糙米_sample8,Brown rice,-0.5721213586535814,-1.852737144722216,3,3 measured sources,Response-surface-guided sampling,0.0,binary selected/not selected under the fixed structured selector,Main Figure 4A four-budget small-multiple source; no single budget is privileged
Brown rice::RealV6_糙米_sample8,Brown rice,-0.5721213586535814,-1.852737144722216,3,3 measured sources,Random sampling,0.03174603174603174,selection frequency across 504 realizations,Main Figure 4A four-budget small-multiple source; no single budget is privileged
Brown rice::RealV6_糙米_sample9,Brown rice,-1.079589580506131,-2.037403474501972,3,3 measured sources,P2-PAM representative sampling (k-medoids),0.0,binary selected/not selected under the fixed structured selector,Main Figure 4A four-budget small-multiple source; no single budget is privileged
Brown rice::RealV6_糙米_sample9,Brown rice,-1.079589580506131,-2.037403474501972,3,3 measured sources,Response-surface-guided sampling,0.0,binary selected/not selected under the fixed structured selector,Main Figure 4A four-budget small-multiple source; no single budget is privileged
Brown rice::RealV6_糙米_sample9,Brown rice,-1.079589580506131,-2.037403474501972,3,3 measured sources,Random sampling,0.03571428571428571,selection frequency across 504 realizations,Main Figure 4A four-budget small-multiple source; no single budget is privileged
Cassava::RealV6_木薯_sample1,Cassava,0.8232101943681034,-3.313161646362198,3,3 measured sources,P2-PAM representative sampling (k-medoids),0.0,binary selected/not selected under the fixed structured selector,Main Figure 4A four-budget small-multiple source; no single budget is privileged
Cassava::RealV6_木薯_sample1,Cassava,0.8232101943681034,-3.313161646362198,3,3 measured sources,Response-surface-guided sampling,0.0,binary selected/not selected under the fixed structured selector,Main Figure 4A four-budget small-multiple source; no single budget is privileged
Cassava::RealV6_木薯_sample1,Cassava,0.8232101943681034,-3.313161646362198,3,3 measured sources,Random sampling,0.04563492063492063,selection frequency across 504 realizations,Main Figure 4A four-budget small-multiple source; no single budget is privileged
Cassava::RealV6_木薯_sample10,Cassava,0.5299866661970197,-2.893670086261805,3,3 measured sources,P2-PAM representative sampling (k-medoids),0.0,binary selected/not selected under the fixed structured selector,Main Figure 4A four-budget small-multiple source; no single budget is privileged
Cassava::RealV6_木薯_sample10,Cassava,0.5299866661970197,-2.893670086261805,3,3 measured sources,Response-surface-guided sampling,0.0,binary selected/not selected under the fixed structured selector,Main Figure 4A four-budget small-multiple source; no single budget is privileged
Cassava::RealV6_木薯_sample10,Cassava,0.5299866661970197,-2.893670086261805,3,3 measured sources,Random sampling,0.0376984126984127,selection frequency across 504 realizations,Main Figure 4A four-budget small-multiple source; no single budget is privileged
Cassava::RealV6_木薯_sample2,Cassava,0.6785566912389767,-3.535046875545175,3,3 measured sources,P2-PAM representative sampling (k-medoids),0.0,binary selected/not selected under the fixed structured selector,Main Figure 4A four-budget small-multiple source; no single budget is privileged
Cassava::RealV6_木薯_sample2,Cassava,0.6785566912389767,-3.535046875545175,3,3 measured sources,Response-surface-guided sampling,0.0,binary selected/not selected under the fixed structured selector,Main Figure 4A four-budget small-multiple source; no single budget is privileged
Cassava::RealV6_木薯_sample2,Cassava,0.6785566912389767,-3.535046875545175,3,3 measured sources,Random sampling,0.03174603174603174,selection frequency across 504 realizations,Main Figure 4A four-budget small-multiple source; no single budget is privileged
Cassava::RealV6_木薯_sample3,Cassava,0.5303034373596398,-3.106859567078819,3,3 measured sources,P2-PAM representative sampling (k-medoids),0.0,binary selected/not selected under the fixed structured selector,Main Figure 4A four-budget small-multiple source; no single budget is privileged
Cassava::RealV6_木薯_sample3,Cassava,0.5303034373596398,-3.106859567078819,3,3 measured sources,Response-surface-guided sampling,0.0,binary selected/not selected under the fixed structured selector,Main Figure 4A four-budget small-multiple source; no single budget is privileged
Cassava::RealV6_木薯_sample3,Cassava,0.5303034373596398,-3.106859567078819,3,3 measured sources,Random sampling,0.0376984126984127,selection frequency across 504 realizations,Main Figure 4A four-budget small-multiple source; no single budget is privileged
Cassava::RealV6_木薯_sample4,Cassava,0.1720896722508738,-2.554198339143862,3,3 measured sources,P2-PAM representative sampling (k-medoids),0.0,binary selected/not selected under the fixed structured selector,Main Figure 4A four-budget small-multiple source; no single budget is privileged
Cassava::RealV6_木薯_sample4,Cassava,0.1720896722508738,-2.554198339143862,3,3 measured sources,Response-surface-guided sampling,0.0,binary selected/not selected under the fixed structured selector,Main Figure 4A four-budget small-multiple source; no single budget is privileged
Cassava::RealV6_木薯_sample4,Cassava,0.1720896722508738,-2.554198339143862,3,3 measured sources,Random sampling,0.02182539682539682,selection frequency across 504 realizations,Main Figure 4A four-budget small-multiple source; no single budget is privileged
Cassava::RealV6_木薯_sample5,Cassava,0.5576893798126512,-2.930087856146992,3,3 measured sources,P2-PAM representative sampling (k-medoids),0.0,binary selected/not selected under the fixed structured selector,Main Figure 4A four-budget small-multiple source; no single budget is privileged
Cassava::RealV6_木薯_sample5,Cassava,0.5576893798126512,-2.930087856146992,3,3 measured sources,Response-surface-guided sampling,0.0,binary selected/not selected under the fixed structured selector,Main Figure 4A four-budget small-multiple source; no single budget is privileged
Cassava::RealV6_木薯_sample5,Cassava,0.5576893798126512,-2.930087856146992,3,3 measured sources,Random sampling,0.02579365079365079,selection frequency across 504 realizations,Main Figure 4A four-budget small-multiple source; no single budget is privileged
Cassava::RealV6_木薯_sample6,Cassava,-0.8360923070415075,-3.049464806118369,3,3 measured sources,P2-PAM representative sampling (k-medoids),0.0,binary selected/not selected under the fixed structured selector,Main Figure 4A four-budget small-multiple source; no single budget is privileged
Cassava::RealV6_木薯_sample6,Cassava,-0.8360923070415075,-3.049464806118369,3,3 measured sources,Response-surface-guided sampling,0.0,binary selected/not selected under the fixed structured selector,Main Figure 4A four-budget small-multiple source; no single budget is privileged
Cassava::RealV6_木薯_sample6,Cassava,-0.8360923070415075,-3.049464806118369,3,3 measured sources,Random sampling,0.03968253968253968,selection frequency across 504 realizations,Main Figure 4A four-budget small-multiple source; no single budget is privileged
Cassava::RealV6_木薯_sample7,Cassava,-0.1333303391821832,-3.207213181121578,3,3 measured sources,P2-PAM representative sampling (k-medoids),0.0,binary selected/not selected under the fixed structured selector,Main Figure 4A four-budget small-multiple source; no single budget is privileged
Cassava::RealV6_木薯_sample7,Cassava,-0.1333303391821832,-3.207213181121578,3,3 measured sources,Response-surface-guided sampling,0.0,binary selected/not selected under the fixed structured selector,Main Figure 4A four-budget small-multiple source; no single budget is privileged
Cassava::RealV6_木薯_sample7,Cassava,-0.1333303391821832,-3.207213181121578,3,3 measured sources,Random sampling,0.02777777777777778,selection frequency across 504 realizations,Main Figure 4A four-budget small-multiple source; no single budget is privileged
Cassava::RealV6_木薯_sample8,Cassava,0.124220585401976,-2.672811255094662,3,3 measured sources,P2-PAM representative sampling (k-medoids),0.0,binary selected/not selected under the fixed structured selector,Main Figure 4A four-budget small-multiple source; no single budget is privileged
Cassava::RealV6_木薯_sample8,Cassava,0.124220585401976,-2.672811255094662,3,3 measured sources,Response-surface-guided sampling,0.0,binary selected/not selected under the fixed structured selector,Main Figure 4A four-budget small-multiple source; no single budget is privileged
Cassava::RealV6_木薯_sample8,Cassava,0.124220585401976,-2.672811255094662,3,3 measured sources,Random sampling,0.02976190476190476,selection frequency across 504 realizations,Main Figure 4A four-budget small-multiple source; no single budget is privileged
Cassava::RealV6_木薯_sample9,Cassava,0.3940315858700931,-3.03265443597257,3,3 measured sources,P2-PAM representative sampling (k-medoids),0.0,binary selected/not selected under the fixed structured selector,Main Figure 4A four-budget small-multiple source; no single budget is privileged
Cassava::RealV6_木薯_sample9,Cassava,0.3940315858700931,-3.03265443597257,3,3 measured sources,Response-surface-guided sampling,0.0,binary selected/not selected under the fixed structured selector,Main Figure 4A four-budget small-multiple source; no single budget is privileged
Cassava::RealV6_木薯_sample9,Cassava,0.3940315858700931,-3.03265443597257,3,3 measured sources,Random sampling,0.02777777777777778,selection frequency across 504 realizations,Main Figure 4A four-budget small-multiple source; no single budget is privileged
Paddy rice::RealV6_稻谷_sample1,Paddy rice,-1.049226983394747,-0.02751743003969962,3,3 measured sources,P2-PAM representative sampling (k-medoids),0.0,binary selected/not selected under the fixed structured selector,Main Figure 4A four-budget small-multiple source; no single budget is privileged
Paddy rice::RealV6_稻谷_sample1,Paddy rice,-1.049226983394747,-0.02751743003969962,3,3 measured sources,Response-surface-guided sampling,0.0,binary selected/not selected under the fixed structured selector,Main Figure 4A four-budget small-multiple source; no single budget is privileged
Paddy rice::RealV6_稻谷_sample1,Paddy rice,-1.049226983394747,-0.02751743003969962,3,3 measured sources,Random sampling,0.02380952380952381,selection frequency across 504 realizations,Main Figure 4A four-budget small-multiple source; no single budget is privileged
Paddy rice::RealV6_稻谷_sample10,Paddy rice,-1.151277711811641,-0.6542412091819854,3,3 measured sources,P2-PAM representative sampling (k-medoids),0.0,binary selected/not selected under the fixed structured selector,Main Figure 4A four-budget small-multiple source; no single budget is privileged
Paddy rice::RealV6_稻谷_sample10,Paddy rice,-1.151277711811641,-0.6542412091819854,3,3 measured sources,Response-surface-guided sampling,0.0,binary selected/not selected under the fixed structured selector,Main Figure 4A four-budget small-multiple source; no single budget is privileged
Paddy rice::RealV6_稻谷_sample10,Paddy rice,-1.151277711811641,-0.6542412091819854,3,3 measured sources,Random sampling,0.03968253968253968,selection frequency across 504 realizations,Main Figure 4A four-budget small-multiple source; no single budget is privileged
Paddy rice::RealV6_稻谷_sample11,Paddy rice,-0.8610746980945883,-0.1596332987387645,3,3 measured sources,P2-PAM representative sampling (k-medoids),0.0,binary selected/not selected under the fixed structured selector,Main Figure 4A four-budget small-multiple source; no single budget is privileged
Paddy rice::RealV6_稻谷_sample11,Paddy rice,-0.8610746980945883,-0.1596332987387645,3,3 measured sources,Response-surface-guided sampling,0.0,binary selected/not selected under the fixed structured selector,Main Figure 4A four-budget small-multiple source; no single budget is privileged
Paddy rice::RealV6_稻谷_sample11,Paddy rice,-0.8610746980945883,-0.1596332987387645,3,3 measured sources,Random sampling,0.04166666666666666,selection frequency across 504 realizations,Main Figure 4A four-budget small-multiple source; no single budget is privileged
Paddy rice::RealV6_稻谷_sample2,Paddy rice,-1.360809962074584,0.01761720251415357,3,3 measured sources,P2-PAM representative sampling (k-medoids),0.0,binary selected/not selected under the fixed structured selector,Main Figure 4A four-budget small-multiple source; no single budget is privileged
Paddy rice::RealV6_稻谷_sample2,Paddy rice,-1.360809962074584,0.01761720251415357,3,3 measured sources,Response-surface-guided sampling,0.0,binary selected/not selected under the fixed structured selector,Main Figure 4A four-budget small-multiple source; no single budget is privileged
Paddy rice::RealV6_稻谷_sample2,Paddy rice,-1.360809962074584,0.01761720251415357,3,3 measured sources,Random sampling,0.01984126984126984,selection frequency across 504 realizations,Main Figure 4A four-budget small-multiple source; no single budget is privileged
Paddy rice::RealV6_稻谷_sample3,Paddy rice,-1.494938022830528,-0.1269813493654587,3,3 measured sources,P2-PAM representative sampling (k-medoids),0.0,binary selected/not selected under the fixed structured selector,Main Figure 4A four-budget small-multiple source; no single budget is privileged
Paddy rice::RealV6_稻谷_sample3,Paddy rice,-1.494938022830528,-0.1269813493654587,3,3 measured sources,Response-surface-guided sampling,0.0,binary selected/not selected under the fixed structured selector,Main Figure 4A four-budget small-multiple source; no single budget is privileged
Paddy rice::RealV6_稻谷_sample3,Paddy rice,-1.494938022830528,-0.1269813493654587,3,3 measured sources,Random sampling,0.01785714285714286,selection frequency across 504 realizations,Main Figure 4A four-budget small-multiple source; no single budget is privileged
Paddy rice::RealV6_稻谷_sample4,Paddy rice,-0.6467541096601823,0.09434723698567446,3,3 measured sources,P2-PAM representative sampling (k-medoids),0.0,binary selected/not selected under the fixed structured selector,Main Figure 4A four-budget small-multiple source; no single budget is privileged
Paddy rice::RealV6_稻谷_sample4,Paddy rice,-0.6467541096601823,0.09434723698567446,3,3 measured sources,Response-surface-guided sampling,0.0,binary selected/not selected under the fixed structured selector,Main Figure 4A four-budget small-multiple source; no single budget is privileged
Paddy rice::RealV6_稻谷_sample4,Paddy rice,-0.6467541096601823,0.09434723698567446,3,3 measured sources,Random sampling,0.01984126984126984,selection frequency across 504 realizations,Main Figure 4A four-budget small-multiple source; no single budget is privileged
Paddy rice::RealV6_稻谷_sample5,Paddy rice,-1.118435867235355,-0.1538776348551149,3,3 measured sources,P2-PAM representative sampling (k-medoids),0.0,binary selected/not selected under the fixed structured selector,Main Figure 4A four-budget small-multiple source; no single budget is privileged
Paddy rice::RealV6_稻谷_sample5,Paddy rice,-1.118435867235355,-0.1538776348551149,3,3 measured sources,Response-surface-guided sampling,0.0,binary selected/not selected under the fixed structured selector,Main Figure 4A four-budget small-multiple source; no single budget is privileged
Paddy rice::RealV6_稻谷_sample5,Paddy rice,-1.118435867235355,-0.1538776348551149,3,3 measured sources,Random sampling,0.02380952380952381,selection frequency across 504 realizations,Main Figure 4A four-budget small-multiple source; no single budget is privileged
Paddy rice::RealV6_稻谷_sample6,Paddy rice,-0.7548630089144087,-0.1740931016173472,3,3 measured sources,P2-PAM representative sampling (k-medoids),0.0,binary selected/not selected under the fixed structured selector,Main Figure 4A four-budget small-multiple source; no single budget is privileged
Paddy rice::RealV6_稻谷_sample6,Paddy rice,-0.7548630089144087,-0.1740931016173472,3,3 measured sources,Response-surface-guided sampling,0.0,binary selected/not selected under the fixed structured selector,Main Figure 4A four-budget small-multiple source; no single budget is privileged
Paddy rice::RealV6_稻谷_sample6,Paddy rice,-0.7548630089144087,-0.1740931016173472,3,3 measured sources,Random sampling,0.02579365079365079,selection frequency across 504 realizations,Main Figure 4A four-budget small-multiple source; no single budget is privileged
Paddy rice::RealV6_稻谷_sample7,Paddy rice,-0.6138062526032789,0.2345396624011448,3,3 measured sources,P2-PAM representative sampling (k-medoids),0.0,binary selected/not selected under the fixed structured selector,Main Figure 4A four-budget small-multiple source; no single budget is privileged
Paddy rice::RealV6_稻谷_sample7,Paddy rice,-0.6138062526032789,0.2345396624011448,3,3 measured sources,Response-surface-guided sampling,0.0,binary selected/not selected under the fixed structured selector,Main Figure 4A four-budget small-multiple source; no single budget is privileged
Paddy rice::RealV6_稻谷_sample7,Paddy rice,-0.6138062526032789,0.2345396624011448,3,3 measured sources,Random sampling,0.02182539682539682,selection frequency across 504 realizations,Main Figure 4A four-budget small-multiple source; no single budget is privileged
Paddy rice::RealV6_稻谷_sample8,Paddy rice,-0.783854449792459,-0.2022156406202125,3,3 measured sources,P2-PAM representative sampling (k-medoids),0.0,binary selected/not selected under the fixed structured selector,Main Figure 4A four-budget small-multiple source; no single budget is privileged
Paddy rice::RealV6_稻谷_sample8,Paddy rice,-0.783854449792459,-0.2022156406202125,3,3 measured sources,Response-surface-guided sampling,0.0,binary selected/not selected under the fixed structured selector,Main Figure 4A four-budget small-multiple source; no single budget is privileged
Paddy rice::RealV6_稻谷_sample8,Paddy rice,-0.783854449792459,-0.2022156406202125,3,3 measured sources,Random sampling,0.03174603174603174,selection frequency across 504 realizations,Main Figure 4A four-budget small-multiple source; no single budget is privileged
Paddy rice::RealV6_稻谷_sample9,Paddy rice,-1.368749690108878,-0.4171046167821867,3,3 measured sources,P2-PAM representative sampling (k-medoids),0.0,binary selected/not selected under the fixed structured selector,Main Figure 4A four-budget small-multiple source; no single budget is privileged
Paddy rice::RealV6_稻谷_sample9,Paddy rice,-1.368749690108878,-0.4171046167821867,3,3 measured sources,Response-surface-guided sampling,0.0,binary selected/not selected under the fixed structured selector,Main Figure 4A four-budget small-multiple source; no single budget is privileged
Paddy rice::RealV6_稻谷_sample9,Paddy rice,-1.368749690108878,-0.4171046167821867,3,3 measured sources,Random sampling,0.02976190476190476,selection frequency across 504 realizations,Main Figure 4A four-budget small-multiple source; no single budget is privileged
Rapeseed cake::RealV6_菜籽饼_sample1,Rapeseed cake,5.04524696099477,2.05048270675393,3,3 measured sources,P2-PAM representative sampling (k-medoids),0.0,binary selected/not selected under the fixed structured selector,Main Figure 4A four-budget small-multiple source; no single budget is privileged
Rapeseed cake::RealV6_菜籽饼_sample1,Rapeseed cake,5.04524696099477,2.05048270675393,3,3 measured sources,Response-surface-guided sampling,0.0,binary selected/not selected under the fixed structured selector,Main Figure 4A four-budget small-multiple source; no single budget is privileged
Rapeseed cake::RealV6_菜籽饼_sample1,Rapeseed cake,5.04524696099477,2.05048270675393,3,3 measured sources,Random sampling,0.04365079365079365,selection frequency across 504 realizations,Main Figure 4A four-budget small-multiple source; no single budget is privileged
Rapeseed cake::RealV6_菜籽饼_sample10,Rapeseed cake,6.089515143534276,0.08607258387633064,3,3 measured sources,P2-PAM representative sampling (k-medoids),0.0,binary selected/not selected under the fixed structured selector,Main Figure 4A four-budget small-multiple source; no single budget is privileged
Rapeseed cake::RealV6_菜籽饼_sample10,Rapeseed cake,6.089515143534276,0.08607258387633064,3,3 measured sources,Response-surface-guided sampling,0.0,binary selected/not selected under the fixed structured selector,Main Figure 4A four-budget small-multiple source; no single budget is privileged
Rapeseed cake::RealV6_菜籽饼_sample10,Rapeseed cake,6.089515143534276,0.08607258387633064,3,3 measured sources,Random sampling,0.02579365079365079,selection frequency across 504 realizations,Main Figure 4A four-budget small-multiple source; no single budget is privileged
Rapeseed cake::RealV6_菜籽饼_sample2,Rapeseed cake,4.141600373792804,1.575114431807148,3,3 measured sources,P2-PAM representative sampling (k-medoids),0.0,binary selected/not selected under the fixed structured selector,Main Figure 4A four-budget small-multiple source; no single budget is privileged
Rapeseed cake::RealV6_菜籽饼_sample2,Rapeseed cake,4.141600373792804,1.575114431807148,3,3 measured sources,Response-surface-guided sampling,0.0,binary selected/not selected under the fixed structured selector,Main Figure 4A four-budget small-multiple source; no single budget is privileged
Rapeseed cake::RealV6_菜籽饼_sample2,Rapeseed cake,4.141600373792804,1.575114431807148,3,3 measured sources,Random sampling,0.04365079365079365,selection frequency across 504 realizations,Main Figure 4A four-budget small-multiple source; no single budget is privileged
Rapeseed cake::RealV6_菜籽饼_sample3,Rapeseed cake,3.459338471843688,1.50315073227092,3,3 measured sources,P2-PAM representative sampling (k-medoids),0.0,binary selected/not selected under the fixed structured selector,Main Figure 4A four-budget small-multiple source; no single budget is privileged
Rapeseed cake::RealV6_菜籽饼_sample3,Rapeseed cake,3.459338471843688,1.50315073227092,3,3 measured sources,Response-surface-guided sampling,0.0,binary selected/not selected under the fixed structured selector,Main Figure 4A four-budget small-multiple source; no single budget is privileged
Rapeseed cake::RealV6_菜籽饼_sample3,Rapeseed cake,3.459338471843688,1.50315073227092,3,3 measured sources,Random sampling,0.02579365079365079,selection frequency across 504 realizations,Main Figure 4A four-budget small-multiple source; no single budget is privileged
Rapeseed cake::RealV6_菜籽饼_sample4,Rapeseed cake,5.154077646956977,1.024049328028982,3,3 measured sources,P2-PAM representative sampling (k-medoids),0.0,binary selected/not selected under the fixed structured selector,Main Figure 4A four-budget small-multiple source; no single budget is privileged
Rapeseed cake::RealV6_菜籽饼_sample4,Rapeseed cake,5.154077646956977,1.024049328028982,3,3 measured sources,Response-surface-guided sampling,0.0,binary selected/not selected under the fixed structured selector,Main Figure 4A four-budget small-multiple source; no single budget is privileged
Rapeseed cake::RealV6_菜籽饼_sample4,Rapeseed cake,5.154077646956977,1.024049328028982,3,3 measured sources,Random sampling,0.04166666666666666,selection frequency across 504 realizations,Main Figure 4A four-budget small-multiple source; no single budget is privileged
Rapeseed cake::RealV6_菜籽饼_sample5,Rapeseed cake,3.553330147539505,1.014006019594428,3,3 measured sources,P2-PAM representative sampling (k-medoids),0.0,binary selected/not selected under the fixed structured selector,Main Figure 4A four-budget small-multiple source; no single budget is privileged
Rapeseed cake::RealV6_菜籽饼_sample5,Rapeseed cake,3.553330147539505,1.014006019594428,3,3 measured sources,Response-surface-guided sampling,0.0,binary selected/not selected under the fixed structured selector,Main Figure 4A four-budget small-multiple source; no single budget is privileged
Rapeseed cake::RealV6_菜籽饼_sample5,Rapeseed cake,3.553330147539505,1.014006019594428,3,3 measured sources,Random sampling,0.03571428571428571,selection frequency across 504 realizations,Main Figure 4A four-budget small-multiple source; no single budget is privileged
Rapeseed cake::RealV6_菜籽饼_sample6,Rapeseed cake,5.015208024944501,1.06398390681531,3,3 measured sources,P2-PAM representative sampling (k-medoids),1.0,binary selected/not selected under the fixed structured selector,Main Figure 4A four-budget small-multiple source; no single budget is privileged
Rapeseed cake::RealV6_菜籽饼_sample6,Rapeseed cake,5.015208024944501,1.06398390681531,3,3 measured sources,Response-surface-guided sampling,0.0,binary selected/not selected under the fixed structured selector,Main Figure 4A four-budget small-multiple source; no single budget is privileged
Rapeseed cake::RealV6_菜籽饼_sample6,Rapeseed cake,5.015208024944501,1.06398390681531,3,3 measured sources,Random sampling,0.02579365079365079,selection frequency across 504 realizations,Main Figure 4A four-budget small-multiple source; no single budget is privileged
Rapeseed cake::RealV6_菜籽饼_sample7,Rapeseed cake,4.773071008465663,0.9856796068708059,3,3 measured sources,P2-PAM representative sampling (k-medoids),0.0,binary selected/not selected under the fixed structured selector,Main Figure 4A four-budget small-multiple source; no single budget is privileged
Rapeseed cake::RealV6_菜籽饼_sample7,Rapeseed cake,4.773071008465663,0.9856796068708059,3,3 measured sources,Response-surface-guided sampling,0.0,binary selected/not selected under the fixed structured selector,Main Figure 4A four-budget small-multiple source; no single budget is privileged
Rapeseed cake::RealV6_菜籽饼_sample7,Rapeseed cake,4.773071008465663,0.9856796068708059,3,3 measured sources,Random sampling,0.04563492063492063,selection frequency across 504 realizations,Main Figure 4A four-budget small-multiple source; no single budget is privileged
Rapeseed cake::RealV6_菜籽饼_sample8,Rapeseed cake,7.048564546155442,1.033112456602973,3,3 measured sources,P2-PAM representative sampling (k-medoids),0.0,binary selected/not selected under the fixed structured selector,Main Figure 4A four-budget small-multiple source; no single budget is privileged
Rapeseed cake::RealV6_菜籽饼_sample8,Rapeseed cake,7.048564546155442,1.033112456602973,3,3 measured sources,Response-surface-guided sampling,1.0,binary selected/not selected under the fixed structured selector,Main Figure 4A four-budget small-multiple source; no single budget is privileged
Rapeseed cake::RealV6_菜籽饼_sample8,Rapeseed cake,7.048564546155442,1.033112456602973,3,3 measured sources,Random sampling,0.03174603174603174,selection frequency across 504 realizations,Main Figure 4A four-budget small-multiple source; no single budget is privileged
Rapeseed cake::RealV6_菜籽饼_sample9,Rapeseed cake,6.120158666901094,0.2788745677465212,3,3 measured sources,P2-PAM representative sampling (k-medoids),0.0,binary selected/not selected under the fixed structured selector,Main Figure 4A four-budget small-multiple source; no single budget is privileged
Rapeseed cake::RealV6_菜籽饼_sample9,Rapeseed cake,6.120158666901094,0.2788745677465212,3,3 measured sources,Response-surface-guided sampling,0.0,binary selected/not selected under the fixed structured selector,Main Figure 4A four-budget small-multiple source; no single budget is privileged
Rapeseed cake::RealV6_菜籽饼_sample9,Rapeseed cake,6.120158666901094,0.2788745677465212,3,3 measured sources,Random sampling,0.03373015873015873,selection frequency across 504 realizations,Main Figure 4A four-budget small-multiple source; no single budget is privileged
Rice bran::RealV6_米糠_sample1,Rice bran,-1.605229407403069,1.78482910837359,3,3 measured sources,P2-PAM representative sampling (k-medoids),0.0,binary selected/not selected under the fixed structured selector,Main Figure 4A four-budget small-multiple source; no single budget is privileged
Rice bran::RealV6_米糠_sample1,Rice bran,-1.605229407403069,1.78482910837359,3,3 measured sources,Response-surface-guided sampling,0.0,binary selected/not selected under the fixed structured selector,Main Figure 4A four-budget small-multiple source; no single budget is privileged
Rice bran::RealV6_米糠_sample1,Rice bran,-1.605229407403069,1.78482910837359,3,3 measured sources,Random sampling,0.03174603174603174,selection frequency across 504 realizations,Main Figure 4A four-budget small-multiple source; no single budget is privileged
Rice bran::RealV6_米糠_sample10,Rice bran,-0.3068638160115571,0.7096099908375827,3,3 measured sources,P2-PAM representative sampling (k-medoids),0.0,binary selected/not selected under the fixed structured selector,Main Figure 4A four-budget small-multiple source; no single budget is privileged
Rice bran::RealV6_米糠_sample10,Rice bran,-0.3068638160115571,0.7096099908375827,3,3 measured sources,Response-surface-guided sampling,0.0,binary selected/not selected under the fixed structured selector,Main Figure 4A four-budget small-multiple source; no single budget is privileged
Rice bran::RealV6_米糠_sample10,Rice bran,-0.3068638160115571,0.7096099908375827,3,3 measured sources,Random sampling,0.01785714285714286,selection frequency across 504 realizations,Main Figure 4A four-budget small-multiple source; no single budget is privileged
Rice bran::RealV6_米糠_sample2,Rice bran,-1.895633165605643,1.418158795012503,3,3 measured sources,P2-PAM representative sampling (k-medoids),0.0,binary selected/not selected under the fixed structured selector,Main Figure 4A four-budget small-multiple source; no single budget is privileged
Rice bran::RealV6_米糠_sample2,Rice bran,-1.895633165605643,1.418158795012503,3,3 measured sources,Response-surface-guided sampling,0.0,binary selected/not selected under the fixed structured selector,Main Figure 4A four-budget small-multiple source; no single budget is privileged
Rice bran::RealV6_米糠_sample2,Rice bran,-1.895633165605643,1.418158795012503,3,3 measured sources,Random sampling,0.03968253968253968,selection frequency across 504 realizations,Main Figure 4A four-budget small-multiple source; no single budget is privileged
Rice bran::RealV6_米糠_sample3,Rice bran,-1.095334738747566,1.315103727786284,3,3 measured sources,P2-PAM representative sampling (k-medoids),0.0,binary selected/not selected under the fixed structured selector,Main Figure 4A four-budget small-multiple source; no single budget is privileged
Rice bran::RealV6_米糠_sample3,Rice bran,-1.095334738747566,1.315103727786284,3,3 measured sources,Response-surface-guided sampling,0.0,binary selected/not selected under the fixed structured selector,Main Figure 4A four-budget small-multiple source; no single budget is privileged
Rice bran::RealV6_米糠_sample3,Rice bran,-1.095334738747566,1.315103727786284,3,3 measured sources,Random sampling,0.03373015873015873,selection frequency across 504 realizations,Main Figure 4A four-budget small-multiple source; no single budget is privileged
Rice bran::RealV6_米糠_sample4,Rice bran,-0.9806167717100414,2.028272289631623,3,3 measured sources,P2-PAM representative sampling (k-medoids),0.0,binary selected/not selected under the fixed structured selector,Main Figure 4A four-budget small-multiple source; no single budget is privileged
Rice bran::RealV6_米糠_sample4,Rice bran,-0.9806167717100414,2.028272289631623,3,3 measured sources,Response-surface-guided sampling,0.0,binary selected/not selected under the fixed structured selector,Main Figure 4A four-budget small-multiple source; no single budget is privileged
Rice bran::RealV6_米糠_sample4,Rice bran,-0.9806167717100414,2.028272289631623,3,3 measured sources,Random sampling,0.0376984126984127,selection frequency across 504 realizations,Main Figure 4A four-budget small-multiple source; no single budget is privileged
Rice bran::RealV6_米糠_sample5,Rice bran,-1.15471147977772,2.46348262846583,3,3 measured sources,P2-PAM representative sampling (k-medoids),0.0,binary selected/not selected under the fixed structured selector,Main Figure 4A four-budget small-multiple source; no single budget is privileged
Rice bran::RealV6_米糠_sample5,Rice bran,-1.15471147977772,2.46348262846583,3,3 measured sources,Response-surface-guided sampling,0.0,binary selected/not selected under the fixed structured selector,Main Figure 4A four-budget small-multiple source; no single budget is privileged
Rice bran::RealV6_米糠_sample5,Rice bran,-1.15471147977772,2.46348262846583,3,3 measured sources,Random sampling,0.01984126984126984,selection frequency across 504 realizations,Main Figure 4A four-budget small-multiple source; no single budget is privileged
Rice bran::RealV6_米糠_sample6,Rice bran,-0.2959583312276888,1.428925826162968,3,3 measured sources,P2-PAM representative sampling (k-medoids),1.0,binary selected/not selected under the fixed structured selector,Main Figure 4A four-budget small-multiple source; no single budget is privileged
Rice bran::RealV6_米糠_sample6,Rice bran,-0.2959583312276888,1.428925826162968,3,3 measured sources,Response-surface-guided sampling,1.0,binary selected/not selected under the fixed structured selector,Main Figure 4A four-budget small-multiple source; no single budget is privileged
Rice bran::RealV6_米糠_sample6,Rice bran,-0.2959583312276888,1.428925826162968,3,3 measured sources,Random sampling,0.03571428571428571,selection frequency across 504 realizations,Main Figure 4A four-budget small-multiple source; no single budget is privileged
Rice bran::RealV6_米糠_sample7,Rice bran,-1.299198984236073,0.8053010954162465,3,3 measured sources,P2-PAM representative sampling (k-medoids),0.0,binary selected/not selected under the fixed structured selector,Main Figure 4A four-budget small-multiple source; no single budget is privileged
Rice bran::RealV6_米糠_sample7,Rice bran,-1.299198984236073,0.8053010954162465,3,3 measured sources,Response-surface-guided sampling,0.0,binary selected/not selected under the fixed structured selector,Main Figure 4A four-budget small-multiple source; no single budget is privileged
Rice bran::RealV6_米糠_sample7,Rice bran,-1.299198984236073,0.8053010954162465,3,3 measured sources,Random sampling,0.01785714285714286,selection frequency across 504 realizations,Main Figure 4A four-budget small-multiple source; no single budget is privileged
Rice bran::RealV6_米糠_sample8,Rice bran,-0.0102832017726542,0.7034066953040489,3,3 measured sources,P2-PAM representative sampling (k-medoids),0.0,binary selected/not selected under the fixed structured selector,Main Figure 4A four-budget small-multiple source; no single budget is privileged
Rice bran::RealV6_米糠_sample8,Rice bran,-0.0102832017726542,0.7034066953040489,3,3 measured sources,Response-surface-guided sampling,0.0,binary selected/not selected under the fixed structured selector,Main Figure 4A four-budget small-multiple source; no single budget is privileged
Rice bran::RealV6_米糠_sample8,Rice bran,-0.0102832017726542,0.7034066953040489,3,3 measured sources,Random sampling,0.03968253968253968,selection frequency across 504 realizations,Main Figure 4A four-budget small-multiple source; no single budget is privileged
Rice bran::RealV6_米糠_sample9,Rice bran,0.04231537166731106,1.096244066733406,3,3 measured sources,P2-PAM representative sampling (k-medoids),0.0,binary selected/not selected under the fixed structured selector,Main Figure 4A four-budget small-multiple source; no single budget is privileged
Rice bran::RealV6_米糠_sample9,Rice bran,0.04231537166731106,1.096244066733406,3,3 measured sources,Response-surface-guided sampling,0.0,binary selected/not selected under the fixed structured selector,Main Figure 4A four-budget small-multiple source; no single budget is privileged
Rice bran::RealV6_米糠_sample9,Rice bran,0.04231537166731106,1.096244066733406,3,3 measured sources,Random sampling,0.04166666666666666,selection frequency across 504 realizations,Main Figure 4A four-budget small-multiple source; no single budget is privileged
Sorghum::RealV6_高粱_sample1,Sorghum,-0.02707781365839051,-1.176153514181306,3,3 measured sources,P2-PAM representative sampling (k-medoids),0.0,binary selected/not selected under the fixed structured selector,Main Figure 4A four-budget small-multiple source; no single budget is privileged
Sorghum::RealV6_高粱_sample1,Sorghum,-0.02707781365839051,-1.176153514181306,3,3 measured sources,Response-surface-guided sampling,0.0,binary selected/not selected under the fixed structured selector,Main Figure 4A four-budget small-multiple source; no single budget is privileged
Sorghum::RealV6_高粱_sample1,Sorghum,-0.02707781365839051,-1.176153514181306,3,3 measured sources,Random sampling,0.04563492063492063,selection frequency across 504 realizations,Main Figure 4A four-budget small-multiple source; no single budget is privileged
Sorghum::RealV6_高粱_sample10,Sorghum,0.1683802107682345,-1.312498865973889,3,3 measured sources,P2-PAM representative sampling (k-medoids),0.0,binary selected/not selected under the fixed structured selector,Main Figure 4A four-budget small-multiple source; no single budget is privileged
Sorghum::RealV6_高粱_sample10,Sorghum,0.1683802107682345,-1.312498865973889,3,3 measured sources,Response-surface-guided sampling,0.0,binary selected/not selected under the fixed structured selector,Main Figure 4A four-budget small-multiple source; no single budget is privileged
Sorghum::RealV6_高粱_sample10,Sorghum,0.1683802107682345,-1.312498865973889,3,3 measured sources,Random sampling,0.0376984126984127,selection frequency across 504 realizations,Main Figure 4A four-budget small-multiple source; no single budget is privileged
Sorghum::RealV6_高粱_sample2,Sorghum,0.7908772587630051,-1.063149606186058,3,3 measured sources,P2-PAM representative sampling (k-medoids),0.0,binary selected/not selected under the fixed structured selector,Main Figure 4A four-budget small-multiple source; no single budget is privileged
Sorghum::RealV6_高粱_sample2,Sorghum,0.7908772587630051,-1.063149606186058,3,3 measured sources,Response-surface-guided sampling,0.0,binary selected/not selected under the fixed structured selector,Main Figure 4A four-budget small-multiple source; no single budget is privileged
Sorghum::RealV6_高粱_sample2,Sorghum,0.7908772587630051,-1.063149606186058,3,3 measured sources,Random sampling,0.03373015873015873,selection frequency across 504 realizations,Main Figure 4A four-budget small-multiple source; no single budget is privileged
Sorghum::RealV6_高粱_sample3,Sorghum,0.1504304046083467,-1.600734853390495,3,3 measured sources,P2-PAM representative sampling (k-medoids),0.0,binary selected/not selected under the fixed structured selector,Main Figure 4A four-budget small-multiple source; no single budget is privileged
Sorghum::RealV6_高粱_sample3,Sorghum,0.1504304046083467,-1.600734853390495,3,3 measured sources,Response-surface-guided sampling,0.0,binary selected/not selected under the fixed structured selector,Main Figure 4A four-budget small-multiple source; no single budget is privileged
Sorghum::RealV6_高粱_sample3,Sorghum,0.1504304046083467,-1.600734853390495,3,3 measured sources,Random sampling,0.0496031746031746,selection frequency across 504 realizations,Main Figure 4A four-budget small-multiple source; no single budget is privileged
Sorghum::RealV6_高粱_sample4,Sorghum,0.2926401651095512,-1.212608805142148,3,3 measured sources,P2-PAM representative sampling (k-medoids),0.0,binary selected/not selected under the fixed structured selector,Main Figure 4A four-budget small-multiple source; no single budget is privileged
Sorghum::RealV6_高粱_sample4,Sorghum,0.2926401651095512,-1.212608805142148,3,3 measured sources,Response-surface-guided sampling,0.0,binary selected/not selected under the fixed structured selector,Main Figure 4A four-budget small-multiple source; no single budget is privileged
Sorghum::RealV6_高粱_sample4,Sorghum,0.2926401651095512,-1.212608805142148,3,3 measured sources,Random sampling,0.03968253968253968,selection frequency across 504 realizations,Main Figure 4A four-budget small-multiple source; no single budget is privileged
Sorghum::RealV6_高粱_sample5,Sorghum,0.2607113983174575,-1.115184670895072,3,3 measured sources,P2-PAM representative sampling (k-medoids),0.0,binary selected/not selected under the fixed structured selector,Main Figure 4A four-budget small-multiple source; no single budget is privileged
Sorghum::RealV6_高粱_sample5,Sorghum,0.2607113983174575,-1.115184670895072,3,3 measured sources,Response-surface-guided sampling,0.0,binary selected/not selected under the fixed structured selector,Main Figure 4A four-budget small-multiple source; no single budget is privileged
Sorghum::RealV6_高粱_sample5,Sorghum,0.2607113983174575,-1.115184670895072,3,3 measured sources,Random sampling,0.03174603174603174,selection frequency across 504 realizations,Main Figure 4A four-budget small-multiple source; no single budget is privileged
Sorghum::RealV6_高粱_sample6,Sorghum,-0.3187318932346196,-1.582262720713724,3,3 measured sources,P2-PAM representative sampling (k-medoids),0.0,binary selected/not selected under the fixed structured selector,Main Figure 4A four-budget small-multiple source; no single budget is privileged
Sorghum::RealV6_高粱_sample6,Sorghum,-0.3187318932346196,-1.582262720713724,3,3 measured sources,Response-surface-guided sampling,0.0,binary selected/not selected under the fixed structured selector,Main Figure 4A four-budget small-multiple source; no single budget is privileged
Sorghum::RealV6_高粱_sample6,Sorghum,-0.3187318932346196,-1.582262720713724,3,3 measured sources,Random sampling,0.02777777777777778,selection frequency across 504 realizations,Main Figure 4A four-budget small-multiple source; no single budget is privileged
Sorghum::RealV6_高粱_sample7,Sorghum,-0.3619676677523722,-1.46385173121222,3,3 measured sources,P2-PAM representative sampling (k-medoids),0.0,binary selected/not selected under the fixed structured selector,Main Figure 4A four-budget small-multiple source; no single budget is privileged
Sorghum::RealV6_高粱_sample7,Sorghum,-0.3619676677523722,-1.46385173121222,3,3 measured sources,Response-surface-guided sampling,0.0,binary selected/not selected under the fixed structured selector,Main Figure 4A four-budget small-multiple source; no single budget is privileged
Sorghum::RealV6_高粱_sample7,Sorghum,-0.3619676677523722,-1.46385173121222,3,3 measured sources,Random sampling,0.02976190476190476,selection frequency across 504 realizations,Main Figure 4A four-budget small-multiple source; no single budget is privileged
Sorghum::RealV6_高粱_sample8,Sorghum,-0.3553694484675719,-1.431207655912943,3,3 measured sources,P2-PAM representative sampling (k-medoids),0.0,binary selected/not selected under the fixed structured selector,Main Figure 4A four-budget small-multiple source; no single budget is privileged
Sorghum::RealV6_高粱_sample8,Sorghum,-0.3553694484675719,-1.431207655912943,3,3 measured sources,Response-surface-guided sampling,0.0,binary selected/not selected under the fixed structured selector,Main Figure 4A four-budget small-multiple source; no single budget is privileged
Sorghum::RealV6_高粱_sample8,Sorghum,-0.3553694484675719,-1.431207655912943,3,3 measured sources,Random sampling,0.03968253968253968,selection frequency across 504 realizations,Main Figure 4A four-budget small-multiple source; no single budget is privileged
Sorghum::RealV6_高粱_sample9,Sorghum,0.147131717889103,-1.246550813873493,3,3 measured sources,P2-PAM representative sampling (k-medoids),0.0,binary selected/not selected under the fixed structured selector,Main Figure 4A four-budget small-multiple source; no single budget is privileged
Sorghum::RealV6_高粱_sample9,Sorghum,0.147131717889103,-1.246550813873493,3,3 measured sources,Response-surface-guided sampling,1.0,binary selected/not selected under the fixed structured selector,Main Figure 4A four-budget small-multiple source; no single budget is privileged
Sorghum::RealV6_高粱_sample9,Sorghum,0.147131717889103,-1.246550813873493,3,3 measured sources,Random sampling,0.03968253968253968,selection frequency across 504 realizations,Main Figure 4A four-budget small-multiple source; no single budget is privileged
Wheat bran::RealV6_小麦麸_sample1,Wheat bran,-1.094748339700325,2.166428117204859,3,3 measured sources,P2-PAM representative sampling (k-medoids),0.0,binary selected/not selected under the fixed structured selector,Main Figure 4A four-budget small-multiple source; no single budget is privileged
Wheat bran::RealV6_小麦麸_sample1,Wheat bran,-1.094748339700325,2.166428117204859,3,3 measured sources,Response-surface-guided sampling,0.0,binary selected/not selected under the fixed structured selector,Main Figure 4A four-budget small-multiple source; no single budget is privileged
Wheat bran::RealV6_小麦麸_sample1,Wheat bran,-1.094748339700325,2.166428117204859,3,3 measured sources,Random sampling,0.0376984126984127,selection frequency across 504 realizations,Main Figure 4A four-budget small-multiple source; no single budget is privileged
Wheat bran::RealV6_小麦麸_sample10,Wheat bran,0.07226811398454323,1.343134557187847,3,3 measured sources,P2-PAM representative sampling (k-medoids),0.0,binary selected/not selected under the fixed structured selector,Main Figure 4A four-budget small-multiple source; no single budget is privileged
Wheat bran::RealV6_小麦麸_sample10,Wheat bran,0.07226811398454323,1.343134557187847,3,3 measured sources,Response-surface-guided sampling,0.0,binary selected/not selected under the fixed structured selector,Main Figure 4A four-budget small-multiple source; no single budget is privileged
Wheat bran::RealV6_小麦麸_sample10,Wheat bran,0.07226811398454323,1.343134557187847,3,3 measured sources,Random sampling,0.03571428571428571,selection frequency across 504 realizations,Main Figure 4A four-budget small-multiple source; no single budget is privileged
Wheat bran::RealV6_小麦麸_sample2,Wheat bran,-0.6781422151350917,2.479079357419419,3,3 measured sources,P2-PAM representative sampling (k-medoids),0.0,binary selected/not selected under the fixed structured selector,Main Figure 4A four-budget small-multiple source; no single budget is privileged
Wheat bran::RealV6_小麦麸_sample2,Wheat bran,-0.6781422151350917,2.479079357419419,3,3 measured sources,Response-surface-guided sampling,0.0,binary selected/not selected under the fixed structured selector,Main Figure 4A four-budget small-multiple source; no single budget is privileged
Wheat bran::RealV6_小麦麸_sample2,Wheat bran,-0.6781422151350917,2.479079357419419,3,3 measured sources,Random sampling,0.02579365079365079,selection frequency across 504 realizations,Main Figure 4A four-budget small-multiple source; no single budget is privileged
Wheat bran::RealV6_小麦麸_sample3,Wheat bran,-0.7675984447878866,1.676169519946852,3,3 measured sources,P2-PAM representative sampling (k-medoids),0.0,binary selected/not selected under the fixed structured selector,Main Figure 4A four-budget small-multiple source; no single budget is privileged
Wheat bran::RealV6_小麦麸_sample3,Wheat bran,-0.7675984447878866,1.676169519946852,3,3 measured sources,Response-surface-guided sampling,0.0,binary selected/not selected under the fixed structured selector,Main Figure 4A four-budget small-multiple source; no single budget is privileged
Wheat bran::RealV6_小麦麸_sample3,Wheat bran,-0.7675984447878866,1.676169519946852,3,3 measured sources,Random sampling,0.02777777777777778,selection frequency across 504 realizations,Main Figure 4A four-budget small-multiple source; no single budget is privileged
Wheat bran::RealV6_小麦麸_sample4,Wheat bran,-0.69734928938245,2.298028794179519,3,3 measured sources,P2-PAM representative sampling (k-medoids),0.0,binary selected/not selected under the fixed structured selector,Main Figure 4A four-budget small-multiple source; no single budget is privileged
Wheat bran::RealV6_小麦麸_sample4,Wheat bran,-0.69734928938245,2.298028794179519,3,3 measured sources,Response-surface-guided sampling,0.0,binary selected/not selected under the fixed structured selector,Main Figure 4A four-budget small-multiple source; no single budget is privileged
Wheat bran::RealV6_小麦麸_sample4,Wheat bran,-0.69734928938245,2.298028794179519,3,3 measured sources,Random sampling,0.02380952380952381,selection frequency across 504 realizations,Main Figure 4A four-budget small-multiple source; no single budget is privileged
Wheat bran::RealV6_小麦麸_sample5,Wheat bran,-0.8744866573499892,2.008320910149982,3,3 measured sources,P2-PAM representative sampling (k-medoids),0.0,binary selected/not selected under the fixed structured selector,Main Figure 4A four-budget small-multiple source; no single budget is privileged
Wheat bran::RealV6_小麦麸_sample5,Wheat bran,-0.8744866573499892,2.008320910149982,3,3 measured sources,Response-surface-guided sampling,0.0,binary selected/not selected under the fixed structured selector,Main Figure 4A four-budget small-multiple source; no single budget is privileged
Wheat bran::RealV6_小麦麸_sample5,Wheat bran,-0.8744866573499892,2.008320910149982,3,3 measured sources,Random sampling,0.03571428571428571,selection frequency across 504 realizations,Main Figure 4A four-budget small-multiple source; no single budget is privileged
Wheat bran::RealV6_小麦麸_sample6,Wheat bran,-0.6740286734764164,2.464974855290924,3,3 measured sources,P2-PAM representative sampling (k-medoids),0.0,binary selected/not selected under the fixed structured selector,Main Figure 4A four-budget small-multiple source; no single budget is privileged
Wheat bran::RealV6_小麦麸_sample6,Wheat bran,-0.6740286734764164,2.464974855290924,3,3 measured sources,Response-surface-guided sampling,0.0,binary selected/not selected under the fixed structured selector,Main Figure 4A four-budget small-multiple source; no single budget is privileged
Wheat bran::RealV6_小麦麸_sample6,Wheat bran,-0.6740286734764164,2.464974855290924,3,3 measured sources,Random sampling,0.02182539682539682,selection frequency across 504 realizations,Main Figure 4A four-budget small-multiple source; no single budget is privileged
Wheat bran::RealV6_小麦麸_sample7,Wheat bran,-0.9240156969430783,2.199386250020121,3,3 measured sources,P2-PAM representative sampling (k-medoids),0.0,binary selected/not selected under the fixed structured selector,Main Figure 4A four-budget small-multiple source; no single budget is privileged
Wheat bran::RealV6_小麦麸_sample7,Wheat bran,-0.9240156969430783,2.199386250020121,3,3 measured sources,Response-surface-guided sampling,0.0,binary selected/not selected under the fixed structured selector,Main Figure 4A four-budget small-multiple source; no single budget is privileged
Wheat bran::RealV6_小麦麸_sample7,Wheat bran,-0.9240156969430783,2.199386250020121,3,3 measured sources,Random sampling,0.02976190476190476,selection frequency across 504 realizations,Main Figure 4A four-budget small-multiple source; no single budget is privileged
Wheat bran::RealV6_小麦麸_sample8,Wheat bran,-0.4201084072438966,2.068428282470174,3,3 measured sources,P2-PAM representative sampling (k-medoids),0.0,binary selected/not selected under the fixed structured selector,Main Figure 4A four-budget small-multiple source; no single budget is privileged
Wheat bran::RealV6_小麦麸_sample8,Wheat bran,-0.4201084072438966,2.068428282470174,3,3 measured sources,Response-surface-guided sampling,0.0,binary selected/not selected under the fixed structured selector,Main Figure 4A four-budget small-multiple source; no single budget is privileged
Wheat bran::RealV6_小麦麸_sample8,Wheat bran,-0.4201084072438966,2.068428282470174,3,3 measured sources,Random sampling,0.03571428571428571,selection frequency across 504 realizations,Main Figure 4A four-budget small-multiple source; no single budget is privileged
Wheat bran::RealV6_小麦麸_sample9,Wheat bran,-0.2833869331224793,1.86722837806579,3,3 measured sources,P2-PAM representative sampling (k-medoids),0.0,binary selected/not selected under the fixed structured selector,Main Figure 4A four-budget small-multiple source; no single budget is privileged
Wheat bran::RealV6_小麦麸_sample9,Wheat bran,-0.2833869331224793,1.86722837806579,3,3 measured sources,Response-surface-guided sampling,0.0,binary selected/not selected under the fixed structured selector,Main Figure 4A four-budget small-multiple source; no single budget is privileged
Wheat bran::RealV6_小麦麸_sample9,Wheat bran,-0.2833869331224793,1.86722837806579,3,3 measured sources,Random sampling,0.0496031746031746,selection frequency across 504 realizations,Main Figure 4A four-budget small-multiple source; no single budget is privileged
Wheat::RealV6_小麦_sample1,Wheat,-1.4791712655854,1.203318015932585,3,3 measured sources,P2-PAM representative sampling (k-medoids),0.0,binary selected/not selected under the fixed structured selector,Main Figure 4A four-budget small-multiple source; no single budget is privileged
Wheat::RealV6_小麦_sample1,Wheat,-1.4791712655854,1.203318015932585,3,3 measured sources,Response-surface-guided sampling,0.0,binary selected/not selected under the fixed structured selector,Main Figure 4A four-budget small-multiple source; no single budget is privileged
Wheat::RealV6_小麦_sample1,Wheat,-1.4791712655854,1.203318015932585,3,3 measured sources,Random sampling,0.03373015873015873,selection frequency across 504 realizations,Main Figure 4A four-budget small-multiple source; no single budget is privileged
Wheat::RealV6_小麦_sample10,Wheat,-0.03960045402839328,1.3113808599593,3,3 measured sources,P2-PAM representative sampling (k-medoids),0.0,binary selected/not selected under the fixed structured selector,Main Figure 4A four-budget small-multiple source; no single budget is privileged
Wheat::RealV6_小麦_sample10,Wheat,-0.03960045402839328,1.3113808599593,3,3 measured sources,Response-surface-guided sampling,0.0,binary selected/not selected under the fixed structured selector,Main Figure 4A four-budget small-multiple source; no single budget is privileged
Wheat::RealV6_小麦_sample10,Wheat,-0.03960045402839328,1.3113808599593,3,3 measured sources,Random sampling,0.03571428571428571,selection frequency across 504 realizations,Main Figure 4A four-budget small-multiple source; no single budget is privileged
Wheat::RealV6_小麦_sample2,Wheat,-2.303751145604298,0.4983580483291938,3,3 measured sources,P2-PAM representative sampling (k-medoids),0.0,binary selected/not selected under the fixed structured selector,Main Figure 4A four-budget small-multiple source; no single budget is privileged
Wheat::RealV6_小麦_sample2,Wheat,-2.303751145604298,0.4983580483291938,3,3 measured sources,Response-surface-guided sampling,0.0,binary selected/not selected under the fixed structured selector,Main Figure 4A four-budget small-multiple source; no single budget is privileged
Wheat::RealV6_小麦_sample2,Wheat,-2.303751145604298,0.4983580483291938,3,3 measured sources,Random sampling,0.04166666666666666,selection frequency across 504 realizations,Main Figure 4A four-budget small-multiple source; no single budget is privileged
Wheat::RealV6_小麦_sample3,Wheat,-1.14406631972923,1.137860852469261,3,3 measured sources,P2-PAM representative sampling (k-medoids),0.0,binary selected/not selected under the fixed structured selector,Main Figure 4A four-budget small-multiple source; no single budget is privileged
Wheat::RealV6_小麦_sample3,Wheat,-1.14406631972923,1.137860852469261,3,3 measured sources,Response-surface-guided sampling,0.0,binary selected/not selected under the fixed structured selector,Main Figure 4A four-budget small-multiple source; no single budget is privileged
Wheat::RealV6_小麦_sample3,Wheat,-1.14406631972923,1.137860852469261,3,3 measured sources,Random sampling,0.0376984126984127,selection frequency across 504 realizations,Main Figure 4A four-budget small-multiple source; no single budget is privileged
Wheat::RealV6_小麦_sample4,Wheat,-0.9845561255765358,1.189681852828003,3,3 measured sources,P2-PAM representative sampling (k-medoids),0.0,binary selected/not selected under the fixed structured selector,Main Figure 4A four-budget small-multiple source; no single budget is privileged
Wheat::RealV6_小麦_sample4,Wheat,-0.9845561255765358,1.189681852828003,3,3 measured sources,Response-surface-guided sampling,0.0,binary selected/not selected under the fixed structured selector,Main Figure 4A four-budget small-multiple source; no single budget is privileged
Wheat::RealV6_小麦_sample4,Wheat,-0.9845561255765358,1.189681852828003,3,3 measured sources,Random sampling,0.03373015873015873,selection frequency across 504 realizations,Main Figure 4A four-budget small-multiple source; no single budget is privileged
Wheat::RealV6_小麦_sample5,Wheat,-0.8041855360547712,1.33843635841605,3,3 measured sources,P2-PAM representative sampling (k-medoids),0.0,binary selected/not selected under the fixed structured selector,Main Figure 4A four-budget small-multiple source; no single budget is privileged
Wheat::RealV6_小麦_sample5,Wheat,-0.8041855360547712,1.33843635841605,3,3 measured sources,Response-surface-guided sampling,0.0,binary selected/not selected under the fixed structured selector,Main Figure 4A four-budget small-multiple source; no single budget is privileged
Wheat::RealV6_小麦_sample5,Wheat,-0.8041855360547712,1.33843635841605,3,3 measured sources,Random sampling,0.03968253968253968,selection frequency across 504 realizations,Main Figure 4A four-budget small-multiple source; no single budget is privileged
Wheat::RealV6_小麦_sample6,Wheat,-1.096971905673422,1.192372571942845,3,3 measured sources,P2-PAM representative sampling (k-medoids),0.0,binary selected/not selected under the fixed structured selector,Main Figure 4A four-budget small-multiple source; no single budget is privileged
Wheat::RealV6_小麦_sample6,Wheat,-1.096971905673422,1.192372571942845,3,3 measured sources,Response-surface-guided sampling,0.0,binary selected/not selected under the fixed structured selector,Main Figure 4A four-budget small-multiple source; no single budget is privileged
Wheat::RealV6_小麦_sample6,Wheat,-1.096971905673422,1.192372571942845,3,3 measured sources,Random sampling,0.03174603174603174,selection frequency across 504 realizations,Main Figure 4A four-budget small-multiple source; no single budget is privileged
Wheat::RealV6_小麦_sample7,Wheat,-0.1782025062979659,1.097904335255373,3,3 measured sources,P2-PAM representative sampling (k-medoids),0.0,binary selected/not selected under the fixed structured selector,Main Figure 4A four-budget small-multiple source; no single budget is privileged
Wheat::RealV6_小麦_sample7,Wheat,-0.1782025062979659,1.097904335255373,3,3 measured sources,Response-surface-guided sampling,0.0,binary selected/not selected under the fixed structured selector,Main Figure 4A four-budget small-multiple source; no single budget is privileged
Wheat::RealV6_小麦_sample7,Wheat,-0.1782025062979659,1.097904335255373,3,3 measured sources,Random sampling,0.02976190476190476,selection frequency across 504 realizations,Main Figure 4A four-budget small-multiple source; no single budget is privileged
Wheat::RealV6_小麦_sample8,Wheat,-1.634835954879242,0.3193278892474737,3,3 measured sources,P2-PAM representative sampling (k-medoids),0.0,binary selected/not selected under the fixed structured selector,Main Figure 4A four-budget small-multiple source; no single budget is privileged
Wheat::RealV6_小麦_sample8,Wheat,-1.634835954879242,0.3193278892474737,3,3 measured sources,Response-surface-guided sampling,0.0,binary selected/not selected under the fixed structured selector,Main Figure 4A four-budget small-multiple source; no single budget is privileged
Wheat::RealV6_小麦_sample8,Wheat,-1.634835954879242,0.3193278892474737,3,3 measured sources,Random sampling,0.02579365079365079,selection frequency across 504 realizations,Main Figure 4A four-budget small-multiple source; no single budget is privileged
Wheat::RealV6_小麦_sample9,Wheat,-0.7606927523738574,0.8373209648834977,3,3 measured sources,P2-PAM representative sampling (k-medoids),0.0,binary selected/not selected under the fixed structured selector,Main Figure 4A four-budget small-multiple source; no single budget is privileged
Wheat::RealV6_小麦_sample9,Wheat,-0.7606927523738574,0.8373209648834977,3,3 measured sources,Response-surface-guided sampling,0.0,binary selected/not selected under the fixed structured selector,Main Figure 4A four-budget small-multiple source; no single budget is privileged
Wheat::RealV6_小麦_sample9,Wheat,-0.7606927523738574,0.8373209648834977,3,3 measured sources,Random sampling,0.03373015873015873,selection frequency across 504 realizations,Main Figure 4A four-budget small-multiple source; no single budget is privileged
Barley::RealV6_大麦_sample1,Barley,-1.978853503846387,1.28100516437496,6,6 measured sources,P2-PAM representative sampling (k-medoids),0.0,binary selected/not selected under the fixed structured selector,Main Figure 4A four-budget small-multiple source; no single budget is privileged
Barley::RealV6_大麦_sample1,Barley,-1.978853503846387,1.28100516437496,6,6 measured sources,Response-surface-guided sampling,0.0,binary selected/not selected under the fixed structured selector,Main Figure 4A four-budget small-multiple source; no single budget is privileged
Barley::RealV6_大麦_sample1,Barley,-1.978853503846387,1.28100516437496,6,6 measured sources,Random sampling,0.06547619047619048,selection frequency across 504 realizations,Main Figure 4A four-budget small-multiple source; no single budget is privileged
Barley::RealV6_大麦_sample10,Barley,-0.7940239436287604,-0.3471545673613018,6,6 measured sources,P2-PAM representative sampling (k-medoids),0.0,binary selected/not selected under the fixed structured selector,Main Figure 4A four-budget small-multiple source; no single budget is privileged
Barley::RealV6_大麦_sample10,Barley,-0.7940239436287604,-0.3471545673613018,6,6 measured sources,Response-surface-guided sampling,0.0,binary selected/not selected under the fixed structured selector,Main Figure 4A four-budget small-multiple source; no single budget is privileged
Barley::RealV6_大麦_sample10,Barley,-0.7940239436287604,-0.3471545673613018,6,6 measured sources,Random sampling,0.06547619047619048,selection frequency across 504 realizations,Main Figure 4A four-budget small-multiple source; no single budget is privileged
Barley::RealV6_大麦_sample2,Barley,-2.09688003728454,1.23234488746658,6,6 measured sources,P2-PAM representative sampling (k-medoids),0.0,binary selected/not selected under the fixed structured selector,Main Figure 4A four-budget small-multiple source; no single budget is privileged
Barley::RealV6_大麦_sample2,Barley,-2.09688003728454,1.23234488746658,6,6 measured sources,Response-surface-guided sampling,0.0,binary selected/not selected under the fixed structured selector,Main Figure 4A four-budget small-multiple source; no single budget is privileged
Barley::RealV6_大麦_sample2,Barley,-2.09688003728454,1.23234488746658,6,6 measured sources,Random sampling,0.08134920634920635,selection frequency across 504 realizations,Main Figure 4A four-budget small-multiple source; no single budget is privileged
Barley::RealV6_大麦_sample3,Barley,-2.013248069671713,0.8612331738391538,6,6 measured sources,P2-PAM representative sampling (k-medoids),0.0,binary selected/not selected under the fixed structured selector,Main Figure 4A four-budget small-multiple source; no single budget is privileged
Barley::RealV6_大麦_sample3,Barley,-2.013248069671713,0.8612331738391538,6,6 measured sources,Response-surface-guided sampling,0.0,binary selected/not selected under the fixed structured selector,Main Figure 4A four-budget small-multiple source; no single budget is privileged
Barley::RealV6_大麦_sample3,Barley,-2.013248069671713,0.8612331738391538,6,6 measured sources,Random sampling,0.05357142857142857,selection frequency across 504 realizations,Main Figure 4A four-budget small-multiple source; no single budget is privileged
Barley::RealV6_大麦_sample4,Barley,-2.047807971847043,0.5664866077627769,6,6 measured sources,P2-PAM representative sampling (k-medoids),0.0,binary selected/not selected under the fixed structured selector,Main Figure 4A four-budget small-multiple source; no single budget is privileged
Barley::RealV6_大麦_sample4,Barley,-2.047807971847043,0.5664866077627769,6,6 measured sources,Response-surface-guided sampling,0.0,binary selected/not selected under the fixed structured selector,Main Figure 4A four-budget small-multiple source; no single budget is privileged
Barley::RealV6_大麦_sample4,Barley,-2.047807971847043,0.5664866077627769,6,6 measured sources,Random sampling,0.06944444444444445,selection frequency across 504 realizations,Main Figure 4A four-budget small-multiple source; no single budget is privileged
Barley::RealV6_大麦_sample5,Barley,-2.048952261265228,0.7439586970501483,6,6 measured sources,P2-PAM representative sampling (k-medoids),0.0,binary selected/not selected under the fixed structured selector,Main Figure 4A four-budget small-multiple source; no single budget is privileged
Barley::RealV6_大麦_sample5,Barley,-2.048952261265228,0.7439586970501483,6,6 measured sources,Response-surface-guided sampling,0.0,binary selected/not selected under the fixed structured selector,Main Figure 4A four-budget small-multiple source; no single budget is privileged
Barley::RealV6_大麦_sample5,Barley,-2.048952261265228,0.7439586970501483,6,6 measured sources,Random sampling,0.07142857142857142,selection frequency across 504 realizations,Main Figure 4A four-budget small-multiple source; no single budget is privileged
Barley::RealV6_大麦_sample6,Barley,-1.788410382208668,1.048315580595123,6,6 measured sources,P2-PAM representative sampling (k-medoids),0.0,binary selected/not selected under the fixed structured selector,Main Figure 4A four-budget small-multiple source; no single budget is privileged
Barley::RealV6_大麦_sample6,Barley,-1.788410382208668,1.048315580595123,6,6 measured sources,Response-surface-guided sampling,0.0,binary selected/not selected under the fixed structured selector,Main Figure 4A four-budget small-multiple source; no single budget is privileged
Barley::RealV6_大麦_sample6,Barley,-1.788410382208668,1.048315580595123,6,6 measured sources,Random sampling,0.08531746031746032,selection frequency across 504 realizations,Main Figure 4A four-budget small-multiple source; no single budget is privileged
Barley::RealV6_大麦_sample7,Barley,-1.198317666381324,0.9901363228069637,6,6 measured sources,P2-PAM representative sampling (k-medoids),0.0,binary selected/not selected under the fixed structured selector,Main Figure 4A four-budget small-multiple source; no single budget is privileged
Barley::RealV6_大麦_sample7,Barley,-1.198317666381324,0.9901363228069637,6,6 measured sources,Response-surface-guided sampling,0.0,binary selected/not selected under the fixed structured selector,Main Figure 4A four-budget small-multiple source; no single budget is privileged
Barley::RealV6_大麦_sample7,Barley,-1.198317666381324,0.9901363228069637,6,6 measured sources,Random sampling,0.06944444444444445,selection frequency across 504 realizations,Main Figure 4A four-budget small-multiple source; no single budget is privileged
Barley::RealV6_大麦_sample8,Barley,-1.17343672248284,0.2886370288234412,6,6 measured sources,P2-PAM representative sampling (k-medoids),0.0,binary selected/not selected under the fixed structured selector,Main Figure 4A four-budget small-multiple source; no single budget is privileged
Barley::RealV6_大麦_sample8,Barley,-1.17343672248284,0.2886370288234412,6,6 measured sources,Response-surface-guided sampling,0.0,binary selected/not selected under the fixed structured selector,Main Figure 4A four-budget small-multiple source; no single budget is privileged
Barley::RealV6_大麦_sample8,Barley,-1.17343672248284,0.2886370288234412,6,6 measured sources,Random sampling,0.05357142857142857,selection frequency across 504 realizations,Main Figure 4A four-budget small-multiple source; no single budget is privileged
Barley::RealV6_大麦_sample9,Barley,-0.7246484066609943,-0.05431291206354182,6,6 measured sources,P2-PAM representative sampling (k-medoids),0.0,binary selected/not selected under the fixed structured selector,Main Figure 4A four-budget small-multiple source; no single budget is privileged
Barley::RealV6_大麦_sample9,Barley,-0.7246484066609943,-0.05431291206354182,6,6 measured sources,Response-surface-guided sampling,0.0,binary selected/not selected under the fixed structured selector,Main Figure 4A four-budget small-multiple source; no single budget is privileged
Barley::RealV6_大麦_sample9,Barley,-0.7246484066609943,-0.05431291206354182,6,6 measured sources,Random sampling,0.07936507936507936,selection frequency across 504 realizations,Main Figure 4A four-budget small-multiple source; no single budget is privileged
Brown rice::RealV6_糙米_sample1,Brown rice,-0.04182693366288238,-1.759633212384153,6,6 measured sources,P2-PAM representative sampling (k-medoids),0.0,binary selected/not selected under the fixed structured selector,Main Figure 4A four-budget small-multiple source; no single budget is privileged
Brown rice::RealV6_糙米_sample1,Brown rice,-0.04182693366288238,-1.759633212384153,6,6 measured sources,Response-surface-guided sampling,0.0,binary selected/not selected under the fixed structured selector,Main Figure 4A four-budget small-multiple source; no single budget is privileged
Brown rice::RealV6_糙米_sample1,Brown rice,-0.04182693366288238,-1.759633212384153,6,6 measured sources,Random sampling,0.06547619047619048,selection frequency across 504 realizations,Main Figure 4A four-budget small-multiple source; no single budget is privileged
Brown rice::RealV6_糙米_sample10,Brown rice,0.1887360288817009,-1.379389418420823,6,6 measured sources,P2-PAM representative sampling (k-medoids),0.0,binary selected/not selected under the fixed structured selector,Main Figure 4A four-budget small-multiple source; no single budget is privileged
Brown rice::RealV6_糙米_sample10,Brown rice,0.1887360288817009,-1.379389418420823,6,6 measured sources,Response-surface-guided sampling,0.0,binary selected/not selected under the fixed structured selector,Main Figure 4A four-budget small-multiple source; no single budget is privileged
Brown rice::RealV6_糙米_sample10,Brown rice,0.1887360288817009,-1.379389418420823,6,6 measured sources,Random sampling,0.07341269841269842,selection frequency across 504 realizations,Main Figure 4A four-budget small-multiple source; no single budget is privileged
Brown rice::RealV6_糙米_sample2,Brown rice,-0.747803194774878,-2.03770938615718,6,6 measured sources,P2-PAM representative sampling (k-medoids),0.0,binary selected/not selected under the fixed structured selector,Main Figure 4A four-budget small-multiple source; no single budget is privileged
Brown rice::RealV6_糙米_sample2,Brown rice,-0.747803194774878,-2.03770938615718,6,6 measured sources,Response-surface-guided sampling,0.0,binary selected/not selected under the fixed structured selector,Main Figure 4A four-budget small-multiple source; no single budget is privileged
Brown rice::RealV6_糙米_sample2,Brown rice,-0.747803194774878,-2.03770938615718,6,6 measured sources,Random sampling,0.05357142857142857,selection frequency across 504 realizations,Main Figure 4A four-budget small-multiple source; no single budget is privileged
Brown rice::RealV6_糙米_sample3,Brown rice,1.055609097952348,-1.051722420152651,6,6 measured sources,P2-PAM representative sampling (k-medoids),0.0,binary selected/not selected under the fixed structured selector,Main Figure 4A four-budget small-multiple source; no single budget is privileged
Brown rice::RealV6_糙米_sample3,Brown rice,1.055609097952348,-1.051722420152651,6,6 measured sources,Response-surface-guided sampling,0.0,binary selected/not selected under the fixed structured selector,Main Figure 4A four-budget small-multiple source; no single budget is privileged
Brown rice::RealV6_糙米_sample3,Brown rice,1.055609097952348,-1.051722420152651,6,6 measured sources,Random sampling,0.06349206349206349,selection frequency across 504 realizations,Main Figure 4A four-budget small-multiple source; no single budget is privileged
Brown rice::RealV6_糙米_sample4,Brown rice,0.0172091063093247,-1.486067749387112,6,6 measured sources,P2-PAM representative sampling (k-medoids),0.0,binary selected/not selected under the fixed structured selector,Main Figure 4A four-budget small-multiple source; no single budget is privileged
Brown rice::RealV6_糙米_sample4,Brown rice,0.0172091063093247,-1.486067749387112,6,6 measured sources,Response-surface-guided sampling,0.0,binary selected/not selected under the fixed structured selector,Main Figure 4A four-budget small-multiple source; no single budget is privileged
Brown rice::RealV6_糙米_sample4,Brown rice,0.0172091063093247,-1.486067749387112,6,6 measured sources,Random sampling,0.07539682539682539,selection frequency across 504 realizations,Main Figure 4A four-budget small-multiple source; no single budget is privileged
Brown rice::RealV6_糙米_sample5,Brown rice,-1.45274677410137,-2.315859257305906,6,6 measured sources,P2-PAM representative sampling (k-medoids),0.0,binary selected/not selected under the fixed structured selector,Main Figure 4A four-budget small-multiple source; no single budget is privileged
Brown rice::RealV6_糙米_sample5,Brown rice,-1.45274677410137,-2.315859257305906,6,6 measured sources,Response-surface-guided sampling,0.0,binary selected/not selected under the fixed structured selector,Main Figure 4A four-budget small-multiple source; no single budget is privileged
Brown rice::RealV6_糙米_sample5,Brown rice,-1.45274677410137,-2.315859257305906,6,6 measured sources,Random sampling,0.06944444444444445,selection frequency across 504 realizations,Main Figure 4A four-budget small-multiple source; no single budget is privileged
Brown rice::RealV6_糙米_sample6,Brown rice,-0.3418417394656088,-1.729517984758093,6,6 measured sources,P2-PAM representative sampling (k-medoids),1.0,binary selected/not selected under the fixed structured selector,Main Figure 4A four-budget small-multiple source; no single budget is privileged
Brown rice::RealV6_糙米_sample6,Brown rice,-0.3418417394656088,-1.729517984758093,6,6 measured sources,Response-surface-guided sampling,0.0,binary selected/not selected under the fixed structured selector,Main Figure 4A four-budget small-multiple source; no single budget is privileged
Brown rice::RealV6_糙米_sample6,Brown rice,-0.3418417394656088,-1.729517984758093,6,6 measured sources,Random sampling,0.0615079365079365,selection frequency across 504 realizations,Main Figure 4A four-budget small-multiple source; no single budget is privileged
Brown rice::RealV6_糙米_sample7,Brown rice,1.424089213857041,-0.9570798051674237,6,6 measured sources,P2-PAM representative sampling (k-medoids),0.0,binary selected/not selected under the fixed structured selector,Main Figure 4A four-budget small-multiple source; no single budget is privileged
Brown rice::RealV6_糙米_sample7,Brown rice,1.424089213857041,-0.9570798051674237,6,6 measured sources,Response-surface-guided sampling,0.0,binary selected/not selected under the fixed structured selector,Main Figure 4A four-budget small-multiple source; no single budget is privileged
Brown rice::RealV6_糙米_sample7,Brown rice,1.424089213857041,-0.9570798051674237,6,6 measured sources,Random sampling,0.07341269841269842,selection frequency across 504 realizations,Main Figure 4A four-budget small-multiple source; no single budget is privileged
Brown rice::RealV6_糙米_sample8,Brown rice,-0.5721213586535814,-1.852737144722216,6,6 measured sources,P2-PAM representative sampling (k-medoids),0.0,binary selected/not selected under the fixed structured selector,Main Figure 4A four-budget small-multiple source; no single budget is privileged
Brown rice::RealV6_糙米_sample8,Brown rice,-0.5721213586535814,-1.852737144722216,6,6 measured sources,Response-surface-guided sampling,0.0,binary selected/not selected under the fixed structured selector,Main Figure 4A four-budget small-multiple source; no single budget is privileged
Brown rice::RealV6_糙米_sample8,Brown rice,-0.5721213586535814,-1.852737144722216,6,6 measured sources,Random sampling,0.07539682539682539,selection frequency across 504 realizations,Main Figure 4A four-budget small-multiple source; no single budget is privileged
Brown rice::RealV6_糙米_sample9,Brown rice,-1.079589580506131,-2.037403474501972,6,6 measured sources,P2-PAM representative sampling (k-medoids),0.0,binary selected/not selected under the fixed structured selector,Main Figure 4A four-budget small-multiple source; no single budget is privileged
Brown rice::RealV6_糙米_sample9,Brown rice,-1.079589580506131,-2.037403474501972,6,6 measured sources,Response-surface-guided sampling,0.0,binary selected/not selected under the fixed structured selector,Main Figure 4A four-budget small-multiple source; no single budget is privileged
Brown rice::RealV6_糙米_sample9,Brown rice,-1.079589580506131,-2.037403474501972,6,6 measured sources,Random sampling,0.05753968253968254,selection frequency across 504 realizations,Main Figure 4A four-budget small-multiple source; no single budget is privileged
Cassava::RealV6_木薯_sample1,Cassava,0.8232101943681034,-3.313161646362198,6,6 measured sources,P2-PAM representative sampling (k-medoids),0.0,binary selected/not selected under the fixed structured selector,Main Figure 4A four-budget small-multiple source; no single budget is privileged
Cassava::RealV6_木薯_sample1,Cassava,0.8232101943681034,-3.313161646362198,6,6 measured sources,Response-surface-guided sampling,0.0,binary selected/not selected under the fixed structured selector,Main Figure 4A four-budget small-multiple source; no single budget is privileged
Cassava::RealV6_木薯_sample1,Cassava,0.8232101943681034,-3.313161646362198,6,6 measured sources,Random sampling,0.07341269841269842,selection frequency across 504 realizations,Main Figure 4A four-budget small-multiple source; no single budget is privileged
Cassava::RealV6_木薯_sample10,Cassava,0.5299866661970197,-2.893670086261805,6,6 measured sources,P2-PAM representative sampling (k-medoids),0.0,binary selected/not selected under the fixed structured selector,Main Figure 4A four-budget small-multiple source; no single budget is privileged
Cassava::RealV6_木薯_sample10,Cassava,0.5299866661970197,-2.893670086261805,6,6 measured sources,Response-surface-guided sampling,0.0,binary selected/not selected under the fixed structured selector,Main Figure 4A four-budget small-multiple source; no single budget is privileged
Cassava::RealV6_木薯_sample10,Cassava,0.5299866661970197,-2.893670086261805,6,6 measured sources,Random sampling,0.07341269841269842,selection frequency across 504 realizations,Main Figure 4A four-budget small-multiple source; no single budget is privileged
Cassava::RealV6_木薯_sample2,Cassava,0.6785566912389767,-3.535046875545175,6,6 measured sources,P2-PAM representative sampling (k-medoids),0.0,binary selected/not selected under the fixed structured selector,Main Figure 4A four-budget small-multiple source; no single budget is privileged
Cassava::RealV6_木薯_sample2,Cassava,0.6785566912389767,-3.535046875545175,6,6 measured sources,Response-surface-guided sampling,0.0,binary selected/not selected under the fixed structured selector,Main Figure 4A four-budget small-multiple source; no single budget is privileged
Cassava::RealV6_木薯_sample2,Cassava,0.6785566912389767,-3.535046875545175,6,6 measured sources,Random sampling,0.05952380952380952,selection frequency across 504 realizations,Main Figure 4A four-budget small-multiple source; no single budget is privileged
Cassava::RealV6_木薯_sample3,Cassava,0.5303034373596398,-3.106859567078819,6,6 measured sources,P2-PAM representative sampling (k-medoids),0.0,binary selected/not selected under the fixed structured selector,Main Figure 4A four-budget small-multiple source; no single budget is privileged
Cassava::RealV6_木薯_sample3,Cassava,0.5303034373596398,-3.106859567078819,6,6 measured sources,Response-surface-guided sampling,0.0,binary selected/not selected under the fixed structured selector,Main Figure 4A four-budget small-multiple source; no single budget is privileged
Cassava::RealV6_木薯_sample3,Cassava,0.5303034373596398,-3.106859567078819,6,6 measured sources,Random sampling,0.0615079365079365,selection frequency across 504 realizations,Main Figure 4A four-budget small-multiple source; no single budget is privileged
Cassava::RealV6_木薯_sample4,Cassava,0.1720896722508738,-2.554198339143862,6,6 measured sources,P2-PAM representative sampling (k-medoids),0.0,binary selected/not selected under the fixed structured selector,Main Figure 4A four-budget small-multiple source; no single budget is privileged
Cassava::RealV6_木薯_sample4,Cassava,0.1720896722508738,-2.554198339143862,6,6 measured sources,Response-surface-guided sampling,1.0,binary selected/not selected under the fixed structured selector,Main Figure 4A four-budget small-multiple source; no single budget is privileged
Cassava::RealV6_木薯_sample4,Cassava,0.1720896722508738,-2.554198339143862,6,6 measured sources,Random sampling,0.05952380952380952,selection frequency across 504 realizations,Main Figure 4A four-budget small-multiple source; no single budget is privileged
Cassava::RealV6_木薯_sample5,Cassava,0.5576893798126512,-2.930087856146992,6,6 measured sources,P2-PAM representative sampling (k-medoids),0.0,binary selected/not selected under the fixed structured selector,Main Figure 4A four-budget small-multiple source; no single budget is privileged
Cassava::RealV6_木薯_sample5,Cassava,0.5576893798126512,-2.930087856146992,6,6 measured sources,Response-surface-guided sampling,0.0,binary selected/not selected under the fixed structured selector,Main Figure 4A four-budget small-multiple source; no single budget is privileged
Cassava::RealV6_木薯_sample5,Cassava,0.5576893798126512,-2.930087856146992,6,6 measured sources,Random sampling,0.05952380952380952,selection frequency across 504 realizations,Main Figure 4A four-budget small-multiple source; no single budget is privileged
Cassava::RealV6_木薯_sample6,Cassava,-0.8360923070415075,-3.049464806118369,6,6 measured sources,P2-PAM representative sampling (k-medoids),0.0,binary selected/not selected under the fixed structured selector,Main Figure 4A four-budget small-multiple source; no single budget is privileged
Cassava::RealV6_木薯_sample6,Cassava,-0.8360923070415075,-3.049464806118369,6,6 measured sources,Response-surface-guided sampling,0.0,binary selected/not selected under the fixed structured selector,Main Figure 4A four-budget small-multiple source; no single budget is privileged
Cassava::RealV6_木薯_sample6,Cassava,-0.8360923070415075,-3.049464806118369,6,6 measured sources,Random sampling,0.06944444444444445,selection frequency across 504 realizations,Main Figure 4A four-budget small-multiple source; no single budget is privileged
Cassava::RealV6_木薯_sample7,Cassava,-0.1333303391821832,-3.207213181121578,6,6 measured sources,P2-PAM representative sampling (k-medoids),0.0,binary selected/not selected under the fixed structured selector,Main Figure 4A four-budget small-multiple source; no single budget is privileged
Cassava::RealV6_木薯_sample7,Cassava,-0.1333303391821832,-3.207213181121578,6,6 measured sources,Response-surface-guided sampling,0.0,binary selected/not selected under the fixed structured selector,Main Figure 4A four-budget small-multiple source; no single budget is privileged
Cassava::RealV6_木薯_sample7,Cassava,-0.1333303391821832,-3.207213181121578,6,6 measured sources,Random sampling,0.05555555555555555,selection frequency across 504 realizations,Main Figure 4A four-budget small-multiple source; no single budget is privileged
Cassava::RealV6_木薯_sample8,Cassava,0.124220585401976,-2.672811255094662,6,6 measured sources,P2-PAM representative sampling (k-medoids),0.0,binary selected/not selected under the fixed structured selector,Main Figure 4A four-budget small-multiple source; no single budget is privileged
Cassava::RealV6_木薯_sample8,Cassava,0.124220585401976,-2.672811255094662,6,6 measured sources,Response-surface-guided sampling,0.0,binary selected/not selected under the fixed structured selector,Main Figure 4A four-budget small-multiple source; no single budget is privileged
Cassava::RealV6_木薯_sample8,Cassava,0.124220585401976,-2.672811255094662,6,6 measured sources,Random sampling,0.0615079365079365,selection frequency across 504 realizations,Main Figure 4A four-budget small-multiple source; no single budget is privileged
Cassava::RealV6_木薯_sample9,Cassava,0.3940315858700931,-3.03265443597257,6,6 measured sources,P2-PAM representative sampling (k-medoids),0.0,binary selected/not selected under the fixed structured selector,Main Figure 4A four-budget small-multiple source; no single budget is privileged
Cassava::RealV6_木薯_sample9,Cassava,0.3940315858700931,-3.03265443597257,6,6 measured sources,Response-surface-guided sampling,0.0,binary selected/not selected under the fixed structured selector,Main Figure 4A four-budget small-multiple source; no single budget is privileged
Cassava::RealV6_木薯_sample9,Cassava,0.3940315858700931,-3.03265443597257,6,6 measured sources,Random sampling,0.06349206349206349,selection frequency across 504 realizations,Main Figure 4A four-budget small-multiple source; no single budget is privileged
Paddy rice::RealV6_稻谷_sample1,Paddy rice,-1.049226983394747,-0.02751743003969962,6,6 measured sources,P2-PAM representative sampling (k-medoids),0.0,binary selected/not selected under the fixed structured selector,Main Figure 4A four-budget small-multiple source; no single budget is privileged
Paddy rice::RealV6_稻谷_sample1,Paddy rice,-1.049226983394747,-0.02751743003969962,6,6 measured sources,Response-surface-guided sampling,0.0,binary selected/not selected under the fixed structured selector,Main Figure 4A four-budget small-multiple source; no single budget is privileged
Paddy rice::RealV6_稻谷_sample1,Paddy rice,-1.049226983394747,-0.02751743003969962,6,6 measured sources,Random sampling,0.05357142857142857,selection frequency across 504 realizations,Main Figure 4A four-budget small-multiple source; no single budget is privileged
Paddy rice::RealV6_稻谷_sample10,Paddy rice,-1.151277711811641,-0.6542412091819854,6,6 measured sources,P2-PAM representative sampling (k-medoids),0.0,binary selected/not selected under the fixed structured selector,Main Figure 4A four-budget small-multiple source; no single budget is privileged
Paddy rice::RealV6_稻谷_sample10,Paddy rice,-1.151277711811641,-0.6542412091819854,6,6 measured sources,Response-surface-guided sampling,1.0,binary selected/not selected under the fixed structured selector,Main Figure 4A four-budget small-multiple source; no single budget is privileged
Paddy rice::RealV6_稻谷_sample10,Paddy rice,-1.151277711811641,-0.6542412091819854,6,6 measured sources,Random sampling,0.07142857142857142,selection frequency across 504 realizations,Main Figure 4A four-budget small-multiple source; no single budget is privileged
Paddy rice::RealV6_稻谷_sample11,Paddy rice,-0.8610746980945883,-0.1596332987387645,6,6 measured sources,P2-PAM representative sampling (k-medoids),0.0,binary selected/not selected under the fixed structured selector,Main Figure 4A four-budget small-multiple source; no single budget is privileged
Paddy rice::RealV6_稻谷_sample11,Paddy rice,-0.8610746980945883,-0.1596332987387645,6,6 measured sources,Response-surface-guided sampling,0.0,binary selected/not selected under the fixed structured selector,Main Figure 4A four-budget small-multiple source; no single budget is privileged
Paddy rice::RealV6_稻谷_sample11,Paddy rice,-0.8610746980945883,-0.1596332987387645,6,6 measured sources,Random sampling,0.07341269841269842,selection frequency across 504 realizations,Main Figure 4A four-budget small-multiple source; no single budget is privileged
Paddy rice::RealV6_稻谷_sample2,Paddy rice,-1.360809962074584,0.01761720251415357,6,6 measured sources,P2-PAM representative sampling (k-medoids),0.0,binary selected/not selected under the fixed structured selector,Main Figure 4A four-budget small-multiple source; no single budget is privileged
Paddy rice::RealV6_稻谷_sample2,Paddy rice,-1.360809962074584,0.01761720251415357,6,6 measured sources,Response-surface-guided sampling,0.0,binary selected/not selected under the fixed structured selector,Main Figure 4A four-budget small-multiple source; no single budget is privileged
Paddy rice::RealV6_稻谷_sample2,Paddy rice,-1.360809962074584,0.01761720251415357,6,6 measured sources,Random sampling,0.05753968253968254,selection frequency across 504 realizations,Main Figure 4A four-budget small-multiple source; no single budget is privileged
Paddy rice::RealV6_稻谷_sample3,Paddy rice,-1.494938022830528,-0.1269813493654587,6,6 measured sources,P2-PAM representative sampling (k-medoids),0.0,binary selected/not selected under the fixed structured selector,Main Figure 4A four-budget small-multiple source; no single budget is privileged
Paddy rice::RealV6_稻谷_sample3,Paddy rice,-1.494938022830528,-0.1269813493654587,6,6 measured sources,Response-surface-guided sampling,0.0,binary selected/not selected under the fixed structured selector,Main Figure 4A four-budget small-multiple source; no single budget is privileged
Paddy rice::RealV6_稻谷_sample3,Paddy rice,-1.494938022830528,-0.1269813493654587,6,6 measured sources,Random sampling,0.04761904761904762,selection frequency across 504 realizations,Main Figure 4A four-budget small-multiple source; no single budget is privileged
Paddy rice::RealV6_稻谷_sample4,Paddy rice,-0.6467541096601823,0.09434723698567446,6,6 measured sources,P2-PAM representative sampling (k-medoids),0.0,binary selected/not selected under the fixed structured selector,Main Figure 4A four-budget small-multiple source; no single budget is privileged
Paddy rice::RealV6_稻谷_sample4,Paddy rice,-0.6467541096601823,0.09434723698567446,6,6 measured sources,Response-surface-guided sampling,0.0,binary selected/not selected under the fixed structured selector,Main Figure 4A four-budget small-multiple source; no single budget is privileged
Paddy rice::RealV6_稻谷_sample4,Paddy rice,-0.6467541096601823,0.09434723698567446,6,6 measured sources,Random sampling,0.05555555555555555,selection frequency across 504 realizations,Main Figure 4A four-budget small-multiple source; no single budget is privileged
Paddy rice::RealV6_稻谷_sample5,Paddy rice,-1.118435867235355,-0.1538776348551149,6,6 measured sources,P2-PAM representative sampling (k-medoids),0.0,binary selected/not selected under the fixed structured selector,Main Figure 4A four-budget small-multiple source; no single budget is privileged
Paddy rice::RealV6_稻谷_sample5,Paddy rice,-1.118435867235355,-0.1538776348551149,6,6 measured sources,Response-surface-guided sampling,0.0,binary selected/not selected under the fixed structured selector,Main Figure 4A four-budget small-multiple source; no single budget is privileged
Paddy rice::RealV6_稻谷_sample5,Paddy rice,-1.118435867235355,-0.1538776348551149,6,6 measured sources,Random sampling,0.06944444444444445,selection frequency across 504 realizations,Main Figure 4A four-budget small-multiple source; no single budget is privileged
Paddy rice::RealV6_稻谷_sample6,Paddy rice,-0.7548630089144087,-0.1740931016173472,6,6 measured sources,P2-PAM representative sampling (k-medoids),1.0,binary selected/not selected under the fixed structured selector,Main Figure 4A four-budget small-multiple source; no single budget is privileged
Paddy rice::RealV6_稻谷_sample6,Paddy rice,-0.7548630089144087,-0.1740931016173472,6,6 measured sources,Response-surface-guided sampling,0.0,binary selected/not selected under the fixed structured selector,Main Figure 4A four-budget small-multiple source; no single budget is privileged
Paddy rice::RealV6_稻谷_sample6,Paddy rice,-0.7548630089144087,-0.1740931016173472,6,6 measured sources,Random sampling,0.0615079365079365,selection frequency across 504 realizations,Main Figure 4A four-budget small-multiple source; no single budget is privileged
Paddy rice::RealV6_稻谷_sample7,Paddy rice,-0.6138062526032789,0.2345396624011448,6,6 measured sources,P2-PAM representative sampling (k-medoids),0.0,binary selected/not selected under the fixed structured selector,Main Figure 4A four-budget small-multiple source; no single budget is privileged
Paddy rice::RealV6_稻谷_sample7,Paddy rice,-0.6138062526032789,0.2345396624011448,6,6 measured sources,Response-surface-guided sampling,0.0,binary selected/not selected under the fixed structured selector,Main Figure 4A four-budget small-multiple source; no single budget is privileged
Paddy rice::RealV6_稻谷_sample7,Paddy rice,-0.6138062526032789,0.2345396624011448,6,6 measured sources,Random sampling,0.07142857142857142,selection frequency across 504 realizations,Main Figure 4A four-budget small-multiple source; no single budget is privileged
Paddy rice::RealV6_稻谷_sample8,Paddy rice,-0.783854449792459,-0.2022156406202125,6,6 measured sources,P2-PAM representative sampling (k-medoids),0.0,binary selected/not selected under the fixed structured selector,Main Figure 4A four-budget small-multiple source; no single budget is privileged
Paddy rice::RealV6_稻谷_sample8,Paddy rice,-0.783854449792459,-0.2022156406202125,6,6 measured sources,Response-surface-guided sampling,0.0,binary selected/not selected under the fixed structured selector,Main Figure 4A four-budget small-multiple source; no single budget is privileged
Paddy rice::RealV6_稻谷_sample8,Paddy rice,-0.783854449792459,-0.2022156406202125,6,6 measured sources,Random sampling,0.08134920634920635,selection frequency across 504 realizations,Main Figure 4A four-budget small-multiple source; no single budget is privileged
Paddy rice::RealV6_稻谷_sample9,Paddy rice,-1.368749690108878,-0.4171046167821867,6,6 measured sources,P2-PAM representative sampling (k-medoids),0.0,binary selected/not selected under the fixed structured selector,Main Figure 4A four-budget small-multiple source; no single budget is privileged
Paddy rice::RealV6_稻谷_sample9,Paddy rice,-1.368749690108878,-0.4171046167821867,6,6 measured sources,Response-surface-guided sampling,0.0,binary selected/not selected under the fixed structured selector,Main Figure 4A four-budget small-multiple source; no single budget is privileged
Paddy rice::RealV6_稻谷_sample9,Paddy rice,-1.368749690108878,-0.4171046167821867,6,6 measured sources,Random sampling,0.05357142857142857,selection frequency across 504 realizations,Main Figure 4A four-budget small-multiple source; no single budget is privileged
Rapeseed cake::RealV6_菜籽饼_sample1,Rapeseed cake,5.04524696099477,2.05048270675393,6,6 measured sources,P2-PAM representative sampling (k-medoids),0.0,binary selected/not selected under the fixed structured selector,Main Figure 4A four-budget small-multiple source; no single budget is privileged
Rapeseed cake::RealV6_菜籽饼_sample1,Rapeseed cake,5.04524696099477,2.05048270675393,6,6 measured sources,Response-surface-guided sampling,0.0,binary selected/not selected under the fixed structured selector,Main Figure 4A four-budget small-multiple source; no single budget is privileged
Rapeseed cake::RealV6_菜籽饼_sample1,Rapeseed cake,5.04524696099477,2.05048270675393,6,6 measured sources,Random sampling,0.0873015873015873,selection frequency across 504 realizations,Main Figure 4A four-budget small-multiple source; no single budget is privileged
Rapeseed cake::RealV6_菜籽饼_sample10,Rapeseed cake,6.089515143534276,0.08607258387633064,6,6 measured sources,P2-PAM representative sampling (k-medoids),0.0,binary selected/not selected under the fixed structured selector,Main Figure 4A four-budget small-multiple source; no single budget is privileged
Rapeseed cake::RealV6_菜籽饼_sample10,Rapeseed cake,6.089515143534276,0.08607258387633064,6,6 measured sources,Response-surface-guided sampling,0.0,binary selected/not selected under the fixed structured selector,Main Figure 4A four-budget small-multiple source; no single budget is privileged
Rapeseed cake::RealV6_菜籽饼_sample10,Rapeseed cake,6.089515143534276,0.08607258387633064,6,6 measured sources,Random sampling,0.06349206349206349,selection frequency across 504 realizations,Main Figure 4A four-budget small-multiple source; no single budget is privileged
Rapeseed cake::RealV6_菜籽饼_sample2,Rapeseed cake,4.141600373792804,1.575114431807148,6,6 measured sources,P2-PAM representative sampling (k-medoids),0.0,binary selected/not selected under the fixed structured selector,Main Figure 4A four-budget small-multiple source; no single budget is privileged
Rapeseed cake::RealV6_菜籽饼_sample2,Rapeseed cake,4.141600373792804,1.575114431807148,6,6 measured sources,Response-surface-guided sampling,0.0,binary selected/not selected under the fixed structured selector,Main Figure 4A four-budget small-multiple source; no single budget is privileged
Rapeseed cake::RealV6_菜籽饼_sample2,Rapeseed cake,4.141600373792804,1.575114431807148,6,6 measured sources,Random sampling,0.06547619047619048,selection frequency across 504 realizations,Main Figure 4A four-budget small-multiple source; no single budget is privileged
Rapeseed cake::RealV6_菜籽饼_sample3,Rapeseed cake,3.459338471843688,1.50315073227092,6,6 measured sources,P2-PAM representative sampling (k-medoids),0.0,binary selected/not selected under the fixed structured selector,Main Figure 4A four-budget small-multiple source; no single budget is privileged
Rapeseed cake::RealV6_菜籽饼_sample3,Rapeseed cake,3.459338471843688,1.50315073227092,6,6 measured sources,Response-surface-guided sampling,0.0,binary selected/not selected under the fixed structured selector,Main Figure 4A four-budget small-multiple source; no single budget is privileged
Rapeseed cake::RealV6_菜籽饼_sample3,Rapeseed cake,3.459338471843688,1.50315073227092,6,6 measured sources,Random sampling,0.07142857142857142,selection frequency across 504 realizations,Main Figure 4A four-budget small-multiple source; no single budget is privileged
Rapeseed cake::RealV6_菜籽饼_sample4,Rapeseed cake,5.154077646956977,1.024049328028982,6,6 measured sources,P2-PAM representative sampling (k-medoids),0.0,binary selected/not selected under the fixed structured selector,Main Figure 4A four-budget small-multiple source; no single budget is privileged
Rapeseed cake::RealV6_菜籽饼_sample4,Rapeseed cake,5.154077646956977,1.024049328028982,6,6 measured sources,Response-surface-guided sampling,0.0,binary selected/not selected under the fixed structured selector,Main Figure 4A four-budget small-multiple source; no single budget is privileged
Rapeseed cake::RealV6_菜籽饼_sample4,Rapeseed cake,5.154077646956977,1.024049328028982,6,6 measured sources,Random sampling,0.08928571428571429,selection frequency across 504 realizations,Main Figure 4A four-budget small-multiple source; no single budget is privileged
Rapeseed cake::RealV6_菜籽饼_sample5,Rapeseed cake,3.553330147539505,1.014006019594428,6,6 measured sources,P2-PAM representative sampling (k-medoids),0.0,binary selected/not selected under the fixed structured selector,Main Figure 4A four-budget small-multiple source; no single budget is privileged
Rapeseed cake::RealV6_菜籽饼_sample5,Rapeseed cake,3.553330147539505,1.014006019594428,6,6 measured sources,Response-surface-guided sampling,0.0,binary selected/not selected under the fixed structured selector,Main Figure 4A four-budget small-multiple source; no single budget is privileged
Rapeseed cake::RealV6_菜籽饼_sample5,Rapeseed cake,3.553330147539505,1.014006019594428,6,6 measured sources,Random sampling,0.06547619047619048,selection frequency across 504 realizations,Main Figure 4A four-budget small-multiple source; no single budget is privileged
Rapeseed cake::RealV6_菜籽饼_sample6,Rapeseed cake,5.015208024944501,1.06398390681531,6,6 measured sources,P2-PAM representative sampling (k-medoids),1.0,binary selected/not selected under the fixed structured selector,Main Figure 4A four-budget small-multiple source; no single budget is privileged
Rapeseed cake::RealV6_菜籽饼_sample6,Rapeseed cake,5.015208024944501,1.06398390681531,6,6 measured sources,Response-surface-guided sampling,0.0,binary selected/not selected under the fixed structured selector,Main Figure 4A four-budget small-multiple source; no single budget is privileged
Rapeseed cake::RealV6_菜籽饼_sample6,Rapeseed cake,5.015208024944501,1.06398390681531,6,6 measured sources,Random sampling,0.05357142857142857,selection frequency across 504 realizations,Main Figure 4A four-budget small-multiple source; no single budget is privileged
Rapeseed cake::RealV6_菜籽饼_sample7,Rapeseed cake,4.773071008465663,0.9856796068708059,6,6 measured sources,P2-PAM representative sampling (k-medoids),0.0,binary selected/not selected under the fixed structured selector,Main Figure 4A four-budget small-multiple source; no single budget is privileged
Rapeseed cake::RealV6_菜籽饼_sample7,Rapeseed cake,4.773071008465663,0.9856796068708059,6,6 measured sources,Response-surface-guided sampling,0.0,binary selected/not selected under the fixed structured selector,Main Figure 4A four-budget small-multiple source; no single budget is privileged
Rapeseed cake::RealV6_菜籽饼_sample7,Rapeseed cake,4.773071008465663,0.9856796068708059,6,6 measured sources,Random sampling,0.07142857142857142,selection frequency across 504 realizations,Main Figure 4A four-budget small-multiple source; no single budget is privileged
Rapeseed cake::RealV6_菜籽饼_sample8,Rapeseed cake,7.048564546155442,1.033112456602973,6,6 measured sources,P2-PAM representative sampling (k-medoids),0.0,binary selected/not selected under the fixed structured selector,Main Figure 4A four-budget small-multiple source; no single budget is privileged
Rapeseed cake::RealV6_菜籽饼_sample8,Rapeseed cake,7.048564546155442,1.033112456602973,6,6 measured sources,Response-surface-guided sampling,1.0,binary selected/not selected under the fixed structured selector,Main Figure 4A four-budget small-multiple source; no single budget is privileged
Rapeseed cake::RealV6_菜籽饼_sample8,Rapeseed cake,7.048564546155442,1.033112456602973,6,6 measured sources,Random sampling,0.05753968253968254,selection frequency across 504 realizations,Main Figure 4A four-budget small-multiple source; no single budget is privileged
Rapeseed cake::RealV6_菜籽饼_sample9,Rapeseed cake,6.120158666901094,0.2788745677465212,6,6 measured sources,P2-PAM representative sampling (k-medoids),0.0,binary selected/not selected under the fixed structured selector,Main Figure 4A four-budget small-multiple source; no single budget is privileged
Rapeseed cake::RealV6_菜籽饼_sample9,Rapeseed cake,6.120158666901094,0.2788745677465212,6,6 measured sources,Response-surface-guided sampling,0.0,binary selected/not selected under the fixed structured selector,Main Figure 4A four-budget small-multiple source; no single budget is privileged
Rapeseed cake::RealV6_菜籽饼_sample9,Rapeseed cake,6.120158666901094,0.2788745677465212,6,6 measured sources,Random sampling,0.06349206349206349,selection frequency across 504 realizations,Main Figure 4A four-budget small-multiple source; no single budget is privileged
Rice bran::RealV6_米糠_sample1,Rice bran,-1.605229407403069,1.78482910837359,6,6 measured sources,P2-PAM representative sampling (k-medoids),0.0,binary selected/not selected under the fixed structured selector,Main Figure 4A four-budget small-multiple source; no single budget is privileged
Rice bran::RealV6_米糠_sample1,Rice bran,-1.605229407403069,1.78482910837359,6,6 measured sources,Response-surface-guided sampling,0.0,binary selected/not selected under the fixed structured selector,Main Figure 4A four-budget small-multiple source; no single budget is privileged
Rice bran::RealV6_米糠_sample1,Rice bran,-1.605229407403069,1.78482910837359,6,6 measured sources,Random sampling,0.06547619047619048,selection frequency across 504 realizations,Main Figure 4A four-budget small-multiple source; no single budget is privileged
Rice bran::RealV6_米糠_sample10,Rice bran,-0.3068638160115571,0.7096099908375827,6,6 measured sources,P2-PAM representative sampling (k-medoids),0.0,binary selected/not selected under the fixed structured selector,Main Figure 4A four-budget small-multiple source; no single budget is privileged
Rice bran::RealV6_米糠_sample10,Rice bran,-0.3068638160115571,0.7096099908375827,6,6 measured sources,Response-surface-guided sampling,0.0,binary selected/not selected under the fixed structured selector,Main Figure 4A four-budget small-multiple source; no single budget is privileged
Rice bran::RealV6_米糠_sample10,Rice bran,-0.3068638160115571,0.7096099908375827,6,6 measured sources,Random sampling,0.05555555555555555,selection frequency across 504 realizations,Main Figure 4A four-budget small-multiple source; no single budget is privileged
Rice bran::RealV6_米糠_sample2,Rice bran,-1.895633165605643,1.418158795012503,6,6 measured sources,P2-PAM representative sampling (k-medoids),0.0,binary selected/not selected under the fixed structured selector,Main Figure 4A four-budget small-multiple source; no single budget is privileged
Rice bran::RealV6_米糠_sample2,Rice bran,-1.895633165605643,1.418158795012503,6,6 measured sources,Response-surface-guided sampling,0.0,binary selected/not selected under the fixed structured selector,Main Figure 4A four-budget small-multiple source; no single budget is privileged
Rice bran::RealV6_米糠_sample2,Rice bran,-1.895633165605643,1.418158795012503,6,6 measured sources,Random sampling,0.0615079365079365,selection frequency across 504 realizations,Main Figure 4A four-budget small-multiple source; no single budget is privileged
Rice bran::RealV6_米糠_sample3,Rice bran,-1.095334738747566,1.315103727786284,6,6 measured sources,P2-PAM representative sampling (k-medoids),0.0,binary selected/not selected under the fixed structured selector,Main Figure 4A four-budget small-multiple source; no single budget is privileged
Rice bran::RealV6_米糠_sample3,Rice bran,-1.095334738747566,1.315103727786284,6,6 measured sources,Response-surface-guided sampling,0.0,binary selected/not selected under the fixed structured selector,Main Figure 4A four-budget small-multiple source; no single budget is privileged
Rice bran::RealV6_米糠_sample3,Rice bran,-1.095334738747566,1.315103727786284,6,6 measured sources,Random sampling,0.07539682539682539,selection frequency across 504 realizations,Main Figure 4A four-budget small-multiple source; no single budget is privileged
Rice bran::RealV6_米糠_sample4,Rice bran,-0.9806167717100414,2.028272289631623,6,6 measured sources,P2-PAM representative sampling (k-medoids),0.0,binary selected/not selected under the fixed structured selector,Main Figure 4A four-budget small-multiple source; no single budget is privileged
Rice bran::RealV6_米糠_sample4,Rice bran,-0.9806167717100414,2.028272289631623,6,6 measured sources,Response-surface-guided sampling,0.0,binary selected/not selected under the fixed structured selector,Main Figure 4A four-budget small-multiple source; no single budget is privileged
Rice bran::RealV6_米糠_sample4,Rice bran,-0.9806167717100414,2.028272289631623,6,6 measured sources,Random sampling,0.07738095238095238,selection frequency across 504 realizations,Main Figure 4A four-budget small-multiple source; no single budget is privileged
Rice bran::RealV6_米糠_sample5,Rice bran,-1.15471147977772,2.46348262846583,6,6 measured sources,P2-PAM representative sampling (k-medoids),0.0,binary selected/not selected under the fixed structured selector,Main Figure 4A four-budget small-multiple source; no single budget is privileged
Rice bran::RealV6_米糠_sample5,Rice bran,-1.15471147977772,2.46348262846583,6,6 measured sources,Response-surface-guided sampling,0.0,binary selected/not selected under the fixed structured selector,Main Figure 4A four-budget small-multiple source; no single budget is privileged
Rice bran::RealV6_米糠_sample5,Rice bran,-1.15471147977772,2.46348262846583,6,6 measured sources,Random sampling,0.03968253968253968,selection frequency across 504 realizations,Main Figure 4A four-budget small-multiple source; no single budget is privileged
Rice bran::RealV6_米糠_sample6,Rice bran,-0.2959583312276888,1.428925826162968,6,6 measured sources,P2-PAM representative sampling (k-medoids),0.0,binary selected/not selected under the fixed structured selector,Main Figure 4A four-budget small-multiple source; no single budget is privileged
Rice bran::RealV6_米糠_sample6,Rice bran,-0.2959583312276888,1.428925826162968,6,6 measured sources,Response-surface-guided sampling,0.0,binary selected/not selected under the fixed structured selector,Main Figure 4A four-budget small-multiple source; no single budget is privileged
Rice bran::RealV6_米糠_sample6,Rice bran,-0.2959583312276888,1.428925826162968,6,6 measured sources,Random sampling,0.07142857142857142,selection frequency across 504 realizations,Main Figure 4A four-budget small-multiple source; no single budget is privileged
Rice bran::RealV6_米糠_sample7,Rice bran,-1.299198984236073,0.8053010954162465,6,6 measured sources,P2-PAM representative sampling (k-medoids),0.0,binary selected/not selected under the fixed structured selector,Main Figure 4A four-budget small-multiple source; no single budget is privileged
Rice bran::RealV6_米糠_sample7,Rice bran,-1.299198984236073,0.8053010954162465,6,6 measured sources,Response-surface-guided sampling,0.0,binary selected/not selected under the fixed structured selector,Main Figure 4A four-budget small-multiple source; no single budget is privileged
Rice bran::RealV6_米糠_sample7,Rice bran,-1.299198984236073,0.8053010954162465,6,6 measured sources,Random sampling,0.04563492063492063,selection frequency across 504 realizations,Main Figure 4A four-budget small-multiple source; no single budget is privileged
Rice bran::RealV6_米糠_sample8,Rice bran,-0.0102832017726542,0.7034066953040489,6,6 measured sources,P2-PAM representative sampling (k-medoids),0.0,binary selected/not selected under the fixed structured selector,Main Figure 4A four-budget small-multiple source; no single budget is privileged
Rice bran::RealV6_米糠_sample8,Rice bran,-0.0102832017726542,0.7034066953040489,6,6 measured sources,Response-surface-guided sampling,0.0,binary selected/not selected under the fixed structured selector,Main Figure 4A four-budget small-multiple source; no single budget is privileged
Rice bran::RealV6_米糠_sample8,Rice bran,-0.0102832017726542,0.7034066953040489,6,6 measured sources,Random sampling,0.06349206349206349,selection frequency across 504 realizations,Main Figure 4A four-budget small-multiple source; no single budget is privileged
Rice bran::RealV6_米糠_sample9,Rice bran,0.04231537166731106,1.096244066733406,6,6 measured sources,P2-PAM representative sampling (k-medoids),0.0,binary selected/not selected under the fixed structured selector,Main Figure 4A four-budget small-multiple source; no single budget is privileged
Rice bran::RealV6_米糠_sample9,Rice bran,0.04231537166731106,1.096244066733406,6,6 measured sources,Response-surface-guided sampling,0.0,binary selected/not selected under the fixed structured selector,Main Figure 4A four-budget small-multiple source; no single budget is privileged
Rice bran::RealV6_米糠_sample9,Rice bran,0.04231537166731106,1.096244066733406,6,6 measured sources,Random sampling,0.07341269841269842,selection frequency across 504 realizations,Main Figure 4A four-budget small-multiple source; no single budget is privileged
Sorghum::RealV6_高粱_sample1,Sorghum,-0.02707781365839051,-1.176153514181306,6,6 measured sources,P2-PAM representative sampling (k-medoids),0.0,binary selected/not selected under the fixed structured selector,Main Figure 4A four-budget small-multiple source; no single budget is privileged
Sorghum::RealV6_高粱_sample1,Sorghum,-0.02707781365839051,-1.176153514181306,6,6 measured sources,Response-surface-guided sampling,0.0,binary selected/not selected under the fixed structured selector,Main Figure 4A four-budget small-multiple source; no single budget is privileged
Sorghum::RealV6_高粱_sample1,Sorghum,-0.02707781365839051,-1.176153514181306,6,6 measured sources,Random sampling,0.07341269841269842,selection frequency across 504 realizations,Main Figure 4A four-budget small-multiple source; no single budget is privileged
Sorghum::RealV6_高粱_sample10,Sorghum,0.1683802107682345,-1.312498865973889,6,6 measured sources,P2-PAM representative sampling (k-medoids),1.0,binary selected/not selected under the fixed structured selector,Main Figure 4A four-budget small-multiple source; no single budget is privileged
Sorghum::RealV6_高粱_sample10,Sorghum,0.1683802107682345,-1.312498865973889,6,6 measured sources,Response-surface-guided sampling,0.0,binary selected/not selected under the fixed structured selector,Main Figure 4A four-budget small-multiple source; no single budget is privileged
Sorghum::RealV6_高粱_sample10,Sorghum,0.1683802107682345,-1.312498865973889,6,6 measured sources,Random sampling,0.06547619047619048,selection frequency across 504 realizations,Main Figure 4A four-budget small-multiple source; no single budget is privileged
Sorghum::RealV6_高粱_sample2,Sorghum,0.7908772587630051,-1.063149606186058,6,6 measured sources,P2-PAM representative sampling (k-medoids),0.0,binary selected/not selected under the fixed structured selector,Main Figure 4A four-budget small-multiple source; no single budget is privileged
Sorghum::RealV6_高粱_sample2,Sorghum,0.7908772587630051,-1.063149606186058,6,6 measured sources,Response-surface-guided sampling,0.0,binary selected/not selected under the fixed structured selector,Main Figure 4A four-budget small-multiple source; no single budget is privileged
Sorghum::RealV6_高粱_sample2,Sorghum,0.7908772587630051,-1.063149606186058,6,6 measured sources,Random sampling,0.06746031746031746,selection frequency across 504 realizations,Main Figure 4A four-budget small-multiple source; no single budget is privileged
Sorghum::RealV6_高粱_sample3,Sorghum,0.1504304046083467,-1.600734853390495,6,6 measured sources,P2-PAM representative sampling (k-medoids),0.0,binary selected/not selected under the fixed structured selector,Main Figure 4A four-budget small-multiple source; no single budget is privileged
Sorghum::RealV6_高粱_sample3,Sorghum,0.1504304046083467,-1.600734853390495,6,6 measured sources,Response-surface-guided sampling,0.0,binary selected/not selected under the fixed structured selector,Main Figure 4A four-budget small-multiple source; no single budget is privileged
Sorghum::RealV6_高粱_sample3,Sorghum,0.1504304046083467,-1.600734853390495,6,6 measured sources,Random sampling,0.09523809523809523,selection frequency across 504 realizations,Main Figure 4A four-budget small-multiple source; no single budget is privileged
Sorghum::RealV6_高粱_sample4,Sorghum,0.2926401651095512,-1.212608805142148,6,6 measured sources,P2-PAM representative sampling (k-medoids),0.0,binary selected/not selected under the fixed structured selector,Main Figure 4A four-budget small-multiple source; no single budget is privileged
Sorghum::RealV6_高粱_sample4,Sorghum,0.2926401651095512,-1.212608805142148,6,6 measured sources,Response-surface-guided sampling,0.0,binary selected/not selected under the fixed structured selector,Main Figure 4A four-budget small-multiple source; no single budget is privileged
Sorghum::RealV6_高粱_sample4,Sorghum,0.2926401651095512,-1.212608805142148,6,6 measured sources,Random sampling,0.07539682539682539,selection frequency across 504 realizations,Main Figure 4A four-budget small-multiple source; no single budget is privileged
Sorghum::RealV6_高粱_sample5,Sorghum,0.2607113983174575,-1.115184670895072,6,6 measured sources,P2-PAM representative sampling (k-medoids),0.0,binary selected/not selected under the fixed structured selector,Main Figure 4A four-budget small-multiple source; no single budget is privileged
Sorghum::RealV6_高粱_sample5,Sorghum,0.2607113983174575,-1.115184670895072,6,6 measured sources,Response-surface-guided sampling,0.0,binary selected/not selected under the fixed structured selector,Main Figure 4A four-budget small-multiple source; no single budget is privileged
Sorghum::RealV6_高粱_sample5,Sorghum,0.2607113983174575,-1.115184670895072,6,6 measured sources,Random sampling,0.05952380952380952,selection frequency across 504 realizations,Main Figure 4A four-budget small-multiple source; no single budget is privileged
Sorghum::RealV6_高粱_sample6,Sorghum,-0.3187318932346196,-1.582262720713724,6,6 measured sources,P2-PAM representative sampling (k-medoids),0.0,binary selected/not selected under the fixed structured selector,Main Figure 4A four-budget small-multiple source; no single budget is privileged
Sorghum::RealV6_高粱_sample6,Sorghum,-0.3187318932346196,-1.582262720713724,6,6 measured sources,Response-surface-guided sampling,1.0,binary selected/not selected under the fixed structured selector,Main Figure 4A four-budget small-multiple source; no single budget is privileged
Sorghum::RealV6_高粱_sample6,Sorghum,-0.3187318932346196,-1.582262720713724,6,6 measured sources,Random sampling,0.06349206349206349,selection frequency across 504 realizations,Main Figure 4A four-budget small-multiple source; no single budget is privileged
Sorghum::RealV6_高粱_sample7,Sorghum,-0.3619676677523722,-1.46385173121222,6,6 measured sources,P2-PAM representative sampling (k-medoids),0.0,binary selected/not selected under the fixed structured selector,Main Figure 4A four-budget small-multiple source; no single budget is privileged
Sorghum::RealV6_高粱_sample7,Sorghum,-0.3619676677523722,-1.46385173121222,6,6 measured sources,Response-surface-guided sampling,0.0,binary selected/not selected under the fixed structured selector,Main Figure 4A four-budget small-multiple source; no single budget is privileged
Sorghum::RealV6_高粱_sample7,Sorghum,-0.3619676677523722,-1.46385173121222,6,6 measured sources,Random sampling,0.05357142857142857,selection frequency across 504 realizations,Main Figure 4A four-budget small-multiple source; no single budget is privileged
Sorghum::RealV6_高粱_sample8,Sorghum,-0.3553694484675719,-1.431207655912943,6,6 measured sources,P2-PAM representative sampling (k-medoids),0.0,binary selected/not selected under the fixed structured selector,Main Figure 4A four-budget small-multiple source; no single budget is privileged
Sorghum::RealV6_高粱_sample8,Sorghum,-0.3553694484675719,-1.431207655912943,6,6 measured sources,Response-surface-guided sampling,0.0,binary selected/not selected under the fixed structured selector,Main Figure 4A four-budget small-multiple source; no single budget is privileged
Sorghum::RealV6_高粱_sample8,Sorghum,-0.3553694484675719,-1.431207655912943,6,6 measured sources,Random sampling,0.06349206349206349,selection frequency across 504 realizations,Main Figure 4A four-budget small-multiple source; no single budget is privileged
Sorghum::RealV6_高粱_sample9,Sorghum,0.147131717889103,-1.246550813873493,6,6 measured sources,P2-PAM representative sampling (k-medoids),0.0,binary selected/not selected under the fixed structured selector,Main Figure 4A four-budget small-multiple source; no single budget is privileged
Sorghum::RealV6_高粱_sample9,Sorghum,0.147131717889103,-1.246550813873493,6,6 measured sources,Response-surface-guided sampling,0.0,binary selected/not selected under the fixed structured selector,Main Figure 4A four-budget small-multiple source; no single budget is privileged
Sorghum::RealV6_高粱_sample9,Sorghum,0.147131717889103,-1.246550813873493,6,6 measured sources,Random sampling,0.07539682539682539,selection frequency across 504 realizations,Main Figure 4A four-budget small-multiple source; no single budget is privileged
Wheat bran::RealV6_小麦麸_sample1,Wheat bran,-1.094748339700325,2.166428117204859,6,6 measured sources,P2-PAM representative sampling (k-medoids),0.0,binary selected/not selected under the fixed structured selector,Main Figure 4A four-budget small-multiple source; no single budget is privileged
Wheat bran::RealV6_小麦麸_sample1,Wheat bran,-1.094748339700325,2.166428117204859,6,6 measured sources,Response-surface-guided sampling,0.0,binary selected/not selected under the fixed structured selector,Main Figure 4A four-budget small-multiple source; no single budget is privileged
Wheat bran::RealV6_小麦麸_sample1,Wheat bran,-1.094748339700325,2.166428117204859,6,6 measured sources,Random sampling,0.06547619047619048,selection frequency across 504 realizations,Main Figure 4A four-budget small-multiple source; no single budget is privileged
Wheat bran::RealV6_小麦麸_sample10,Wheat bran,0.07226811398454323,1.343134557187847,6,6 measured sources,P2-PAM representative sampling (k-medoids),0.0,binary selected/not selected under the fixed structured selector,Main Figure 4A four-budget small-multiple source; no single budget is privileged
Wheat bran::RealV6_小麦麸_sample10,Wheat bran,0.07226811398454323,1.343134557187847,6,6 measured sources,Response-surface-guided sampling,0.0,binary selected/not selected under the fixed structured selector,Main Figure 4A four-budget small-multiple source; no single budget is privileged
Wheat bran::RealV6_小麦麸_sample10,Wheat bran,0.07226811398454323,1.343134557187847,6,6 measured sources,Random sampling,0.0873015873015873,selection frequency across 504 realizations,Main Figure 4A four-budget small-multiple source; no single budget is privileged
Wheat bran::RealV6_小麦麸_sample2,Wheat bran,-0.6781422151350917,2.479079357419419,6,6 measured sources,P2-PAM representative sampling (k-medoids),0.0,binary selected/not selected under the fixed structured selector,Main Figure 4A four-budget small-multiple source; no single budget is privileged
Wheat bran::RealV6_小麦麸_sample2,Wheat bran,-0.6781422151350917,2.479079357419419,6,6 measured sources,Response-surface-guided sampling,0.0,binary selected/not selected under the fixed structured selector,Main Figure 4A four-budget small-multiple source; no single budget is privileged
Wheat bran::RealV6_小麦麸_sample2,Wheat bran,-0.6781422151350917,2.479079357419419,6,6 measured sources,Random sampling,0.06349206349206349,selection frequency across 504 realizations,Main Figure 4A four-budget small-multiple source; no single budget is privileged
Wheat bran::RealV6_小麦麸_sample3,Wheat bran,-0.7675984447878866,1.676169519946852,6,6 measured sources,P2-PAM representative sampling (k-medoids),0.0,binary selected/not selected under the fixed structured selector,Main Figure 4A four-budget small-multiple source; no single budget is privileged
Wheat bran::RealV6_小麦麸_sample3,Wheat bran,-0.7675984447878866,1.676169519946852,6,6 measured sources,Response-surface-guided sampling,0.0,binary selected/not selected under the fixed structured selector,Main Figure 4A four-budget small-multiple source; no single budget is privileged
Wheat bran::RealV6_小麦麸_sample3,Wheat bran,-0.7675984447878866,1.676169519946852,6,6 measured sources,Random sampling,0.05357142857142857,selection frequency across 504 realizations,Main Figure 4A four-budget small-multiple source; no single budget is privileged
Wheat bran::RealV6_小麦麸_sample4,Wheat bran,-0.69734928938245,2.298028794179519,6,6 measured sources,P2-PAM representative sampling (k-medoids),0.0,binary selected/not selected under the fixed structured selector,Main Figure 4A four-budget small-multiple source; no single budget is privileged
Wheat bran::RealV6_小麦麸_sample4,Wheat bran,-0.69734928938245,2.298028794179519,6,6 measured sources,Response-surface-guided sampling,1.0,binary selected/not selected under the fixed structured selector,Main Figure 4A four-budget small-multiple source; no single budget is privileged
Wheat bran::RealV6_小麦麸_sample4,Wheat bran,-0.69734928938245,2.298028794179519,6,6 measured sources,Random sampling,0.04563492063492063,selection frequency across 504 realizations,Main Figure 4A four-budget small-multiple source; no single budget is privileged
Wheat bran::RealV6_小麦麸_sample5,Wheat bran,-0.8744866573499892,2.008320910149982,6,6 measured sources,P2-PAM representative sampling (k-medoids),0.0,binary selected/not selected under the fixed structured selector,Main Figure 4A four-budget small-multiple source; no single budget is privileged
Wheat bran::RealV6_小麦麸_sample5,Wheat bran,-0.8744866573499892,2.008320910149982,6,6 measured sources,Response-surface-guided sampling,0.0,binary selected/not selected under the fixed structured selector,Main Figure 4A four-budget small-multiple source; no single budget is privileged
Wheat bran::RealV6_小麦麸_sample5,Wheat bran,-0.8744866573499892,2.008320910149982,6,6 measured sources,Random sampling,0.08531746031746032,selection frequency across 504 realizations,Main Figure 4A four-budget small-multiple source; no single budget is privileged
Wheat bran::RealV6_小麦麸_sample6,Wheat bran,-0.6740286734764164,2.464974855290924,6,6 measured sources,P2-PAM representative sampling (k-medoids),0.0,binary selected/not selected under the fixed structured selector,Main Figure 4A four-budget small-multiple source; no single budget is privileged
Wheat bran::RealV6_小麦麸_sample6,Wheat bran,-0.6740286734764164,2.464974855290924,6,6 measured sources,Response-surface-guided sampling,0.0,binary selected/not selected under the fixed structured selector,Main Figure 4A four-budget small-multiple source; no single budget is privileged
Wheat bran::RealV6_小麦麸_sample6,Wheat bran,-0.6740286734764164,2.464974855290924,6,6 measured sources,Random sampling,0.04365079365079365,selection frequency across 504 realizations,Main Figure 4A four-budget small-multiple source; no single budget is privileged
Wheat bran::RealV6_小麦麸_sample7,Wheat bran,-0.9240156969430783,2.199386250020121,6,6 measured sources,P2-PAM representative sampling (k-medoids),0.0,binary selected/not selected under the fixed structured selector,Main Figure 4A four-budget small-multiple source; no single budget is privileged
Wheat bran::RealV6_小麦麸_sample7,Wheat bran,-0.9240156969430783,2.199386250020121,6,6 measured sources,Response-surface-guided sampling,0.0,binary selected/not selected under the fixed structured selector,Main Figure 4A four-budget small-multiple source; no single budget is privileged
Wheat bran::RealV6_小麦麸_sample7,Wheat bran,-0.9240156969430783,2.199386250020121,6,6 measured sources,Random sampling,0.05753968253968254,selection frequency across 504 realizations,Main Figure 4A four-budget small-multiple source; no single budget is privileged
Wheat bran::RealV6_小麦麸_sample8,Wheat bran,-0.4201084072438966,2.068428282470174,6,6 measured sources,P2-PAM representative sampling (k-medoids),1.0,binary selected/not selected under the fixed structured selector,Main Figure 4A four-budget small-multiple source; no single budget is privileged
Wheat bran::RealV6_小麦麸_sample8,Wheat bran,-0.4201084072438966,2.068428282470174,6,6 measured sources,Response-surface-guided sampling,0.0,binary selected/not selected under the fixed structured selector,Main Figure 4A four-budget small-multiple source; no single budget is privileged
Wheat bran::RealV6_小麦麸_sample8,Wheat bran,-0.4201084072438966,2.068428282470174,6,6 measured sources,Random sampling,0.07539682539682539,selection frequency across 504 realizations,Main Figure 4A four-budget small-multiple source; no single budget is privileged
Wheat bran::RealV6_小麦麸_sample9,Wheat bran,-0.2833869331224793,1.86722837806579,6,6 measured sources,P2-PAM representative sampling (k-medoids),0.0,binary selected/not selected under the fixed structured selector,Main Figure 4A four-budget small-multiple source; no single budget is privileged
Wheat bran::RealV6_小麦麸_sample9,Wheat bran,-0.2833869331224793,1.86722837806579,6,6 measured sources,Response-surface-guided sampling,0.0,binary selected/not selected under the fixed structured selector,Main Figure 4A four-budget small-multiple source; no single budget is privileged
Wheat bran::RealV6_小麦麸_sample9,Wheat bran,-0.2833869331224793,1.86722837806579,6,6 measured sources,Random sampling,0.0873015873015873,selection frequency across 504 realizations,Main Figure 4A four-budget small-multiple source; no single budget is privileged
Wheat::RealV6_小麦_sample1,Wheat,-1.4791712655854,1.203318015932585,6,6 measured sources,P2-PAM representative sampling (k-medoids),0.0,binary selected/not selected under the fixed structured selector,Main Figure 4A four-budget small-multiple source; no single budget is privileged
Wheat::RealV6_小麦_sample1,Wheat,-1.4791712655854,1.203318015932585,6,6 measured sources,Response-surface-guided sampling,1.0,binary selected/not selected under the fixed structured selector,Main Figure 4A four-budget small-multiple source; no single budget is privileged
Wheat::RealV6_小麦_sample1,Wheat,-1.4791712655854,1.203318015932585,6,6 measured sources,Random sampling,0.07738095238095238,selection frequency across 504 realizations,Main Figure 4A four-budget small-multiple source; no single budget is privileged
Wheat::RealV6_小麦_sample10,Wheat,-0.03960045402839328,1.3113808599593,6,6 measured sources,P2-PAM representative sampling (k-medoids),0.0,binary selected/not selected under the fixed structured selector,Main Figure 4A four-budget small-multiple source; no single budget is privileged
Wheat::RealV6_小麦_sample10,Wheat,-0.03960045402839328,1.3113808599593,6,6 measured sources,Response-surface-guided sampling,0.0,binary selected/not selected under the fixed structured selector,Main Figure 4A four-budget small-multiple source; no single budget is privileged
Wheat::RealV6_小麦_sample10,Wheat,-0.03960045402839328,1.3113808599593,6,6 measured sources,Random sampling,0.06349206349206349,selection frequency across 504 realizations,Main Figure 4A four-budget small-multiple source; no single budget is privileged
Wheat::RealV6_小麦_sample2,Wheat,-2.303751145604298,0.4983580483291938,6,6 measured sources,P2-PAM representative sampling (k-medoids),0.0,binary selected/not selected under the fixed structured selector,Main Figure 4A four-budget small-multiple source; no single budget is privileged
Wheat::RealV6_小麦_sample2,Wheat,-2.303751145604298,0.4983580483291938,6,6 measured sources,Response-surface-guided sampling,0.0,binary selected/not selected under the fixed structured selector,Main Figure 4A four-budget small-multiple source; no single budget is privileged
Wheat::RealV6_小麦_sample2,Wheat,-2.303751145604298,0.4983580483291938,6,6 measured sources,Random sampling,0.05952380952380952,selection frequency across 504 realizations,Main Figure 4A four-budget small-multiple source; no single budget is privileged
Wheat::RealV6_小麦_sample3,Wheat,-1.14406631972923,1.137860852469261,6,6 measured sources,P2-PAM representative sampling (k-medoids),0.0,binary selected/not selected under the fixed structured selector,Main Figure 4A four-budget small-multiple source; no single budget is privileged
Wheat::RealV6_小麦_sample3,Wheat,-1.14406631972923,1.137860852469261,6,6 measured sources,Response-surface-guided sampling,0.0,binary selected/not selected under the fixed structured selector,Main Figure 4A four-budget small-multiple source; no single budget is privileged
Wheat::RealV6_小麦_sample3,Wheat,-1.14406631972923,1.137860852469261,6,6 measured sources,Random sampling,0.06547619047619048,selection frequency across 504 realizations,Main Figure 4A four-budget small-multiple source; no single budget is privileged
Wheat::RealV6_小麦_sample4,Wheat,-0.9845561255765358,1.189681852828003,6,6 measured sources,P2-PAM representative sampling (k-medoids),0.0,binary selected/not selected under the fixed structured selector,Main Figure 4A four-budget small-multiple source; no single budget is privileged
Wheat::RealV6_小麦_sample4,Wheat,-0.9845561255765358,1.189681852828003,6,6 measured sources,Response-surface-guided sampling,0.0,binary selected/not selected under the fixed structured selector,Main Figure 4A four-budget small-multiple source; no single budget is privileged
Wheat::RealV6_小麦_sample4,Wheat,-0.9845561255765358,1.189681852828003,6,6 measured sources,Random sampling,0.05158730158730158,selection frequency across 504 realizations,Main Figure 4A four-budget small-multiple source; no single budget is privileged
Wheat::RealV6_小麦_sample5,Wheat,-0.8041855360547712,1.33843635841605,6,6 measured sources,P2-PAM representative sampling (k-medoids),0.0,binary selected/not selected under the fixed structured selector,Main Figure 4A four-budget small-multiple source; no single budget is privileged
Wheat::RealV6_小麦_sample5,Wheat,-0.8041855360547712,1.33843635841605,6,6 measured sources,Response-surface-guided sampling,0.0,binary selected/not selected under the fixed structured selector,Main Figure 4A four-budget small-multiple source; no single budget is privileged
Wheat::RealV6_小麦_sample5,Wheat,-0.8041855360547712,1.33843635841605,6,6 measured sources,Random sampling,0.06944444444444445,selection frequency across 504 realizations,Main Figure 4A four-budget small-multiple source; no single budget is privileged
Wheat::RealV6_小麦_sample6,Wheat,-1.096971905673422,1.192372571942845,6,6 measured sources,P2-PAM representative sampling (k-medoids),1.0,binary selected/not selected under the fixed structured selector,Main Figure 4A four-budget small-multiple source; no single budget is privileged
Wheat::RealV6_小麦_sample6,Wheat,-1.096971905673422,1.192372571942845,6,6 measured sources,Response-surface-guided sampling,0.0,binary selected/not selected under the fixed structured selector,Main Figure 4A four-budget small-multiple source; no single budget is privileged
Wheat::RealV6_小麦_sample6,Wheat,-1.096971905673422,1.192372571942845,6,6 measured sources,Random sampling,0.05555555555555555,selection frequency across 504 realizations,Main Figure 4A four-budget small-multiple source; no single budget is privileged
Wheat::RealV6_小麦_sample7,Wheat,-0.1782025062979659,1.097904335255373,6,6 measured sources,P2-PAM representative sampling (k-medoids),0.0,binary selected/not selected under the fixed structured selector,Main Figure 4A four-budget small-multiple source; no single budget is privileged
Wheat::RealV6_小麦_sample7,Wheat,-0.1782025062979659,1.097904335255373,6,6 measured sources,Response-surface-guided sampling,0.0,binary selected/not selected under the fixed structured selector,Main Figure 4A four-budget small-multiple source; no single budget is privileged
Wheat::RealV6_小麦_sample7,Wheat,-0.1782025062979659,1.097904335255373,6,6 measured sources,Random sampling,0.0615079365079365,selection frequency across 504 realizations,Main Figure 4A four-budget small-multiple source; no single budget is privileged
Wheat::RealV6_小麦_sample8,Wheat,-1.634835954879242,0.3193278892474737,6,6 measured sources,P2-PAM representative sampling (k-medoids),0.0,binary selected/not selected under the fixed structured selector,Main Figure 4A four-budget small-multiple source; no single budget is privileged
Wheat::RealV6_小麦_sample8,Wheat,-1.634835954879242,0.3193278892474737,6,6 measured sources,Response-surface-guided sampling,0.0,binary selected/not selected under the fixed structured selector,Main Figure 4A four-budget small-multiple source; no single budget is privileged
Wheat::RealV6_小麦_sample8,Wheat,-1.634835954879242,0.3193278892474737,6,6 measured sources,Random sampling,0.06349206349206349,selection frequency across 504 realizations,Main Figure 4A four-budget small-multiple source; no single budget is privileged
Wheat::RealV6_小麦_sample9,Wheat,-0.7606927523738574,0.8373209648834977,6,6 measured sources,P2-PAM representative sampling (k-medoids),0.0,binary selected/not selected under the fixed structured selector,Main Figure 4A four-budget small-multiple source; no single budget is privileged
Wheat::RealV6_小麦_sample9,Wheat,-0.7606927523738574,0.8373209648834977,6,6 measured sources,Response-surface-guided sampling,0.0,binary selected/not selected under the fixed structured selector,Main Figure 4A four-budget small-multiple source; no single budget is privileged
Wheat::RealV6_小麦_sample9,Wheat,-0.7606927523738574,0.8373209648834977,6,6 measured sources,Random sampling,0.0615079365079365,selection frequency across 504 realizations,Main Figure 4A four-budget small-multiple source; no single budget is privileged
Barley::RealV6_大麦_sample1,Barley,-1.978853503846387,1.28100516437496,9,9 measured sources,P2-PAM representative sampling (k-medoids),1.0,binary selected/not selected under the fixed structured selector,Main Figure 4A four-budget small-multiple source; no single budget is privileged
Barley::RealV6_大麦_sample1,Barley,-1.978853503846387,1.28100516437496,9,9 measured sources,Response-surface-guided sampling,1.0,binary selected/not selected under the fixed structured selector,Main Figure 4A four-budget small-multiple source; no single budget is privileged
Barley::RealV6_大麦_sample1,Barley,-1.978853503846387,1.28100516437496,9,9 measured sources,Random sampling,0.0992063492063492,selection frequency across 504 realizations,Main Figure 4A four-budget small-multiple source; no single budget is privileged
Barley::RealV6_大麦_sample10,Barley,-0.7940239436287604,-0.3471545673613018,9,9 measured sources,P2-PAM representative sampling (k-medoids),0.0,binary selected/not selected under the fixed structured selector,Main Figure 4A four-budget small-multiple source; no single budget is privileged
Barley::RealV6_大麦_sample10,Barley,-0.7940239436287604,-0.3471545673613018,9,9 measured sources,Response-surface-guided sampling,1.0,binary selected/not selected under the fixed structured selector,Main Figure 4A four-budget small-multiple source; no single budget is privileged
Barley::RealV6_大麦_sample10,Barley,-0.7940239436287604,-0.3471545673613018,9,9 measured sources,Random sampling,0.09722222222222222,selection frequency across 504 realizations,Main Figure 4A four-budget small-multiple source; no single budget is privileged
Barley::RealV6_大麦_sample2,Barley,-2.09688003728454,1.23234488746658,9,9 measured sources,P2-PAM representative sampling (k-medoids),0.0,binary selected/not selected under the fixed structured selector,Main Figure 4A four-budget small-multiple source; no single budget is privileged
Barley::RealV6_大麦_sample2,Barley,-2.09688003728454,1.23234488746658,9,9 measured sources,Response-surface-guided sampling,0.0,binary selected/not selected under the fixed structured selector,Main Figure 4A four-budget small-multiple source; no single budget is privileged
Barley::RealV6_大麦_sample2,Barley,-2.09688003728454,1.23234488746658,9,9 measured sources,Random sampling,0.119047619047619,selection frequency across 504 realizations,Main Figure 4A four-budget small-multiple source; no single budget is privileged
Barley::RealV6_大麦_sample3,Barley,-2.013248069671713,0.8612331738391538,9,9 measured sources,P2-PAM representative sampling (k-medoids),0.0,binary selected/not selected under the fixed structured selector,Main Figure 4A four-budget small-multiple source; no single budget is privileged
Barley::RealV6_大麦_sample3,Barley,-2.013248069671713,0.8612331738391538,9,9 measured sources,Response-surface-guided sampling,0.0,binary selected/not selected under the fixed structured selector,Main Figure 4A four-budget small-multiple source; no single budget is privileged
Barley::RealV6_大麦_sample3,Barley,-2.013248069671713,0.8612331738391538,9,9 measured sources,Random sampling,0.07738095238095238,selection frequency across 504 realizations,Main Figure 4A four-budget small-multiple source; no single budget is privileged
Barley::RealV6_大麦_sample4,Barley,-2.047807971847043,0.5664866077627769,9,9 measured sources,P2-PAM representative sampling (k-medoids),0.0,binary selected/not selected under the fixed structured selector,Main Figure 4A four-budget small-multiple source; no single budget is privileged
Barley::RealV6_大麦_sample4,Barley,-2.047807971847043,0.5664866077627769,9,9 measured sources,Response-surface-guided sampling,0.0,binary selected/not selected under the fixed structured selector,Main Figure 4A four-budget small-multiple source; no single budget is privileged
Barley::RealV6_大麦_sample4,Barley,-2.047807971847043,0.5664866077627769,9,9 measured sources,Random sampling,0.1130952380952381,selection frequency across 504 realizations,Main Figure 4A four-budget small-multiple source; no single budget is privileged
Barley::RealV6_大麦_sample5,Barley,-2.048952261265228,0.7439586970501483,9,9 measured sources,P2-PAM representative sampling (k-medoids),0.0,binary selected/not selected under the fixed structured selector,Main Figure 4A four-budget small-multiple source; no single budget is privileged
Barley::RealV6_大麦_sample5,Barley,-2.048952261265228,0.7439586970501483,9,9 measured sources,Response-surface-guided sampling,0.0,binary selected/not selected under the fixed structured selector,Main Figure 4A four-budget small-multiple source; no single budget is privileged
Barley::RealV6_大麦_sample5,Barley,-2.048952261265228,0.7439586970501483,9,9 measured sources,Random sampling,0.1031746031746032,selection frequency across 504 realizations,Main Figure 4A four-budget small-multiple source; no single budget is privileged
Barley::RealV6_大麦_sample6,Barley,-1.788410382208668,1.048315580595123,9,9 measured sources,P2-PAM representative sampling (k-medoids),0.0,binary selected/not selected under the fixed structured selector,Main Figure 4A four-budget small-multiple source; no single budget is privileged
Barley::RealV6_大麦_sample6,Barley,-1.788410382208668,1.048315580595123,9,9 measured sources,Response-surface-guided sampling,0.0,binary selected/not selected under the fixed structured selector,Main Figure 4A four-budget small-multiple source; no single budget is privileged
Barley::RealV6_大麦_sample6,Barley,-1.788410382208668,1.048315580595123,9,9 measured sources,Random sampling,0.1130952380952381,selection frequency across 504 realizations,Main Figure 4A four-budget small-multiple source; no single budget is privileged
Barley::RealV6_大麦_sample7,Barley,-1.198317666381324,0.9901363228069637,9,9 measured sources,P2-PAM representative sampling (k-medoids),0.0,binary selected/not selected under the fixed structured selector,Main Figure 4A four-budget small-multiple source; no single budget is privileged
Barley::RealV6_大麦_sample7,Barley,-1.198317666381324,0.9901363228069637,9,9 measured sources,Response-surface-guided sampling,0.0,binary selected/not selected under the fixed structured selector,Main Figure 4A four-budget small-multiple source; no single budget is privileged
Barley::RealV6_大麦_sample7,Barley,-1.198317666381324,0.9901363228069637,9,9 measured sources,Random sampling,0.1130952380952381,selection frequency across 504 realizations,Main Figure 4A four-budget small-multiple source; no single budget is privileged
Barley::RealV6_大麦_sample8,Barley,-1.17343672248284,0.2886370288234412,9,9 measured sources,P2-PAM representative sampling (k-medoids),0.0,binary selected/not selected under the fixed structured selector,Main Figure 4A four-budget small-multiple source; no single budget is privileged
Barley::RealV6_大麦_sample8,Barley,-1.17343672248284,0.2886370288234412,9,9 measured sources,Response-surface-guided sampling,0.0,binary selected/not selected under the fixed structured selector,Main Figure 4A four-budget small-multiple source; no single budget is privileged
Barley::RealV6_大麦_sample8,Barley,-1.17343672248284,0.2886370288234412,9,9 measured sources,Random sampling,0.08134920634920635,selection frequency across 504 realizations,Main Figure 4A four-budget small-multiple source; no single budget is privileged
Barley::RealV6_大麦_sample9,Barley,-0.7246484066609943,-0.05431291206354182,9,9 measured sources,P2-PAM representative sampling (k-medoids),0.0,binary selected/not selected under the fixed structured selector,Main Figure 4A four-budget small-multiple source; no single budget is privileged
Barley::RealV6_大麦_sample9,Barley,-0.7246484066609943,-0.05431291206354182,9,9 measured sources,Response-surface-guided sampling,0.0,binary selected/not selected under the fixed structured selector,Main Figure 4A four-budget small-multiple source; no single budget is privileged
Barley::RealV6_大麦_sample9,Barley,-0.7246484066609943,-0.05431291206354182,9,9 measured sources,Random sampling,0.1150793650793651,selection frequency across 504 realizations,Main Figure 4A four-budget small-multiple source; no single budget is privileged
Brown rice::RealV6_糙米_sample1,Brown rice,-0.04182693366288238,-1.759633212384153,9,9 measured sources,P2-PAM representative sampling (k-medoids),0.0,binary selected/not selected under the fixed structured selector,Main Figure 4A four-budget small-multiple source; no single budget is privileged
Brown rice::RealV6_糙米_sample1,Brown rice,-0.04182693366288238,-1.759633212384153,9,9 measured sources,Response-surface-guided sampling,0.0,binary selected/not selected under the fixed structured selector,Main Figure 4A four-budget small-multiple source; no single budget is privileged
Brown rice::RealV6_糙米_sample1,Brown rice,-0.04182693366288238,-1.759633212384153,9,9 measured sources,Random sampling,0.0992063492063492,selection frequency across 504 realizations,Main Figure 4A four-budget small-multiple source; no single budget is privileged
Brown rice::RealV6_糙米_sample10,Brown rice,0.1887360288817009,-1.379389418420823,9,9 measured sources,P2-PAM representative sampling (k-medoids),0.0,binary selected/not selected under the fixed structured selector,Main Figure 4A four-budget small-multiple source; no single budget is privileged
Brown rice::RealV6_糙米_sample10,Brown rice,0.1887360288817009,-1.379389418420823,9,9 measured sources,Response-surface-guided sampling,0.0,binary selected/not selected under the fixed structured selector,Main Figure 4A four-budget small-multiple source; no single budget is privileged
Brown rice::RealV6_糙米_sample10,Brown rice,0.1887360288817009,-1.379389418420823,9,9 measured sources,Random sampling,0.1111111111111111,selection frequency across 504 realizations,Main Figure 4A four-budget small-multiple source; no single budget is privileged
Brown rice::RealV6_糙米_sample2,Brown rice,-0.747803194774878,-2.03770938615718,9,9 measured sources,P2-PAM representative sampling (k-medoids),0.0,binary selected/not selected under the fixed structured selector,Main Figure 4A four-budget small-multiple source; no single budget is privileged
Brown rice::RealV6_糙米_sample2,Brown rice,-0.747803194774878,-2.03770938615718,9,9 measured sources,Response-surface-guided sampling,0.0,binary selected/not selected under the fixed structured selector,Main Figure 4A four-budget small-multiple source; no single budget is privileged
Brown rice::RealV6_糙米_sample2,Brown rice,-0.747803194774878,-2.03770938615718,9,9 measured sources,Random sampling,0.07738095238095238,selection frequency across 504 realizations,Main Figure 4A four-budget small-multiple source; no single budget is privileged
Brown rice::RealV6_糙米_sample3,Brown rice,1.055609097952348,-1.051722420152651,9,9 measured sources,P2-PAM representative sampling (k-medoids),0.0,binary selected/not selected under the fixed structured selector,Main Figure 4A four-budget small-multiple source; no single budget is privileged
Brown rice::RealV6_糙米_sample3,Brown rice,1.055609097952348,-1.051722420152651,9,9 measured sources,Response-surface-guided sampling,0.0,binary selected/not selected under the fixed structured selector,Main Figure 4A four-budget small-multiple source; no single budget is privileged
Brown rice::RealV6_糙米_sample3,Brown rice,1.055609097952348,-1.051722420152651,9,9 measured sources,Random sampling,0.09722222222222222,selection frequency across 504 realizations,Main Figure 4A four-budget small-multiple source; no single budget is privileged
Brown rice::RealV6_糙米_sample4,Brown rice,0.0172091063093247,-1.486067749387112,9,9 measured sources,P2-PAM representative sampling (k-medoids),0.0,binary selected/not selected under the fixed structured selector,Main Figure 4A four-budget small-multiple source; no single budget is privileged
Brown rice::RealV6_糙米_sample4,Brown rice,0.0172091063093247,-1.486067749387112,9,9 measured sources,Response-surface-guided sampling,1.0,binary selected/not selected under the fixed structured selector,Main Figure 4A four-budget small-multiple source; no single budget is privileged
Brown rice::RealV6_糙米_sample4,Brown rice,0.0172091063093247,-1.486067749387112,9,9 measured sources,Random sampling,0.1150793650793651,selection frequency across 504 realizations,Main Figure 4A four-budget small-multiple source; no single budget is privileged
Brown rice::RealV6_糙米_sample5,Brown rice,-1.45274677410137,-2.315859257305906,9,9 measured sources,P2-PAM representative sampling (k-medoids),0.0,binary selected/not selected under the fixed structured selector,Main Figure 4A four-budget small-multiple source; no single budget is privileged
Brown rice::RealV6_糙米_sample5,Brown rice,-1.45274677410137,-2.315859257305906,9,9 measured sources,Response-surface-guided sampling,0.0,binary selected/not selected under the fixed structured selector,Main Figure 4A four-budget small-multiple source; no single budget is privileged
Brown rice::RealV6_糙米_sample5,Brown rice,-1.45274677410137,-2.315859257305906,9,9 measured sources,Random sampling,0.0992063492063492,selection frequency across 504 realizations,Main Figure 4A four-budget small-multiple source; no single budget is privileged
Brown rice::RealV6_糙米_sample6,Brown rice,-0.3418417394656088,-1.729517984758093,9,9 measured sources,P2-PAM representative sampling (k-medoids),1.0,binary selected/not selected under the fixed structured selector,Main Figure 4A four-budget small-multiple source; no single budget is privileged
Brown rice::RealV6_糙米_sample6,Brown rice,-0.3418417394656088,-1.729517984758093,9,9 measured sources,Response-surface-guided sampling,0.0,binary selected/not selected under the fixed structured selector,Main Figure 4A four-budget small-multiple source; no single budget is privileged
Brown rice::RealV6_糙米_sample6,Brown rice,-0.3418417394656088,-1.729517984758093,9,9 measured sources,Random sampling,0.1111111111111111,selection frequency across 504 realizations,Main Figure 4A four-budget small-multiple source; no single budget is privileged
Brown rice::RealV6_糙米_sample7,Brown rice,1.424089213857041,-0.9570798051674237,9,9 measured sources,P2-PAM representative sampling (k-medoids),0.0,binary selected/not selected under the fixed structured selector,Main Figure 4A four-budget small-multiple source; no single budget is privileged
Brown rice::RealV6_糙米_sample7,Brown rice,1.424089213857041,-0.9570798051674237,9,9 measured sources,Response-surface-guided sampling,0.0,binary selected/not selected under the fixed structured selector,Main Figure 4A four-budget small-multiple source; no single budget is privileged
Brown rice::RealV6_糙米_sample7,Brown rice,1.424089213857041,-0.9570798051674237,9,9 measured sources,Random sampling,0.08531746031746032,selection frequency across 504 realizations,Main Figure 4A four-budget small-multiple source; no single budget is privileged
Brown rice::RealV6_糙米_sample8,Brown rice,-0.5721213586535814,-1.852737144722216,9,9 measured sources,P2-PAM representative sampling (k-medoids),0.0,binary selected/not selected under the fixed structured selector,Main Figure 4A four-budget small-multiple source; no single budget is privileged
Brown rice::RealV6_糙米_sample8,Brown rice,-0.5721213586535814,-1.852737144722216,9,9 measured sources,Response-surface-guided sampling,0.0,binary selected/not selected under the fixed structured selector,Main Figure 4A four-budget small-multiple source; no single budget is privileged
Brown rice::RealV6_糙米_sample8,Brown rice,-0.5721213586535814,-1.852737144722216,9,9 measured sources,Random sampling,0.1051587301587302,selection frequency across 504 realizations,Main Figure 4A four-budget small-multiple source; no single budget is privileged
Brown rice::RealV6_糙米_sample9,Brown rice,-1.079589580506131,-2.037403474501972,9,9 measured sources,P2-PAM representative sampling (k-medoids),0.0,binary selected/not selected under the fixed structured selector,Main Figure 4A four-budget small-multiple source; no single budget is privileged
Brown rice::RealV6_糙米_sample9,Brown rice,-1.079589580506131,-2.037403474501972,9,9 measured sources,Response-surface-guided sampling,0.0,binary selected/not selected under the fixed structured selector,Main Figure 4A four-budget small-multiple source; no single budget is privileged
Brown rice::RealV6_糙米_sample9,Brown rice,-1.079589580506131,-2.037403474501972,9,9 measured sources,Random sampling,0.0873015873015873,selection frequency across 504 realizations,Main Figure 4A four-budget small-multiple source; no single budget is privileged
Cassava::RealV6_木薯_sample1,Cassava,0.8232101943681034,-3.313161646362198,9,9 measured sources,P2-PAM representative sampling (k-medoids),0.0,binary selected/not selected under the fixed structured selector,Main Figure 4A four-budget small-multiple source; no single budget is privileged
Cassava::RealV6_木薯_sample1,Cassava,0.8232101943681034,-3.313161646362198,9,9 measured sources,Response-surface-guided sampling,0.0,binary selected/not selected under the fixed structured selector,Main Figure 4A four-budget small-multiple source; no single budget is privileged
Cassava::RealV6_木薯_sample1,Cassava,0.8232101943681034,-3.313161646362198,9,9 measured sources,Random sampling,0.1071428571428571,selection frequency across 504 realizations,Main Figure 4A four-budget small-multiple source; no single budget is privileged
Cassava::RealV6_木薯_sample10,Cassava,0.5299866661970197,-2.893670086261805,9,9 measured sources,P2-PAM representative sampling (k-medoids),0.0,binary selected/not selected under the fixed structured selector,Main Figure 4A four-budget small-multiple source; no single budget is privileged
Cassava::RealV6_木薯_sample10,Cassava,0.5299866661970197,-2.893670086261805,9,9 measured sources,Response-surface-guided sampling,0.0,binary selected/not selected under the fixed structured selector,Main Figure 4A four-budget small-multiple source; no single budget is privileged
Cassava::RealV6_木薯_sample10,Cassava,0.5299866661970197,-2.893670086261805,9,9 measured sources,Random sampling,0.1111111111111111,selection frequency across 504 realizations,Main Figure 4A four-budget small-multiple source; no single budget is privileged
Cassava::RealV6_木薯_sample2,Cassava,0.6785566912389767,-3.535046875545175,9,9 measured sources,P2-PAM representative sampling (k-medoids),0.0,binary selected/not selected under the fixed structured selector,Main Figure 4A four-budget small-multiple source; no single budget is privileged
Cassava::RealV6_木薯_sample2,Cassava,0.6785566912389767,-3.535046875545175,9,9 measured sources,Response-surface-guided sampling,0.0,binary selected/not selected under the fixed structured selector,Main Figure 4A four-budget small-multiple source; no single budget is privileged
Cassava::RealV6_木薯_sample2,Cassava,0.6785566912389767,-3.535046875545175,9,9 measured sources,Random sampling,0.07539682539682539,selection frequency across 504 realizations,Main Figure 4A four-budget small-multiple source; no single budget is privileged
Cassava::RealV6_木薯_sample3,Cassava,0.5303034373596398,-3.106859567078819,9,9 measured sources,P2-PAM representative sampling (k-medoids),0.0,binary selected/not selected under the fixed structured selector,Main Figure 4A four-budget small-multiple source; no single budget is privileged
Cassava::RealV6_木薯_sample3,Cassava,0.5303034373596398,-3.106859567078819,9,9 measured sources,Response-surface-guided sampling,0.0,binary selected/not selected under the fixed structured selector,Main Figure 4A four-budget small-multiple source; no single budget is privileged
Cassava::RealV6_木薯_sample3,Cassava,0.5303034373596398,-3.106859567078819,9,9 measured sources,Random sampling,0.08531746031746032,selection frequency across 504 realizations,Main Figure 4A four-budget small-multiple source; no single budget is privileged
Cassava::RealV6_木薯_sample4,Cassava,0.1720896722508738,-2.554198339143862,9,9 measured sources,P2-PAM representative sampling (k-medoids),0.0,binary selected/not selected under the fixed structured selector,Main Figure 4A four-budget small-multiple source; no single budget is privileged
Cassava::RealV6_木薯_sample4,Cassava,0.1720896722508738,-2.554198339143862,9,9 measured sources,Response-surface-guided sampling,0.0,binary selected/not selected under the fixed structured selector,Main Figure 4A four-budget small-multiple source; no single budget is privileged
Cassava::RealV6_木薯_sample4,Cassava,0.1720896722508738,-2.554198339143862,9,9 measured sources,Random sampling,0.1051587301587302,selection frequency across 504 realizations,Main Figure 4A four-budget small-multiple source; no single budget is privileged
Cassava::RealV6_木薯_sample5,Cassava,0.5576893798126512,-2.930087856146992,9,9 measured sources,P2-PAM representative sampling (k-medoids),0.0,binary selected/not selected under the fixed structured selector,Main Figure 4A four-budget small-multiple source; no single budget is privileged
Cassava::RealV6_木薯_sample5,Cassava,0.5576893798126512,-2.930087856146992,9,9 measured sources,Response-surface-guided sampling,0.0,binary selected/not selected under the fixed structured selector,Main Figure 4A four-budget small-multiple source; no single budget is privileged
Cassava::RealV6_木薯_sample5,Cassava,0.5576893798126512,-2.930087856146992,9,9 measured sources,Random sampling,0.09126984126984126,selection frequency across 504 realizations,Main Figure 4A four-budget small-multiple source; no single budget is privileged
Cassava::RealV6_木薯_sample6,Cassava,-0.8360923070415075,-3.049464806118369,9,9 measured sources,P2-PAM representative sampling (k-medoids),0.0,binary selected/not selected under the fixed structured selector,Main Figure 4A four-budget small-multiple source; no single budget is privileged
Cassava::RealV6_木薯_sample6,Cassava,-0.8360923070415075,-3.049464806118369,9,9 measured sources,Response-surface-guided sampling,0.0,binary selected/not selected under the fixed structured selector,Main Figure 4A four-budget small-multiple source; no single budget is privileged
Cassava::RealV6_木薯_sample6,Cassava,-0.8360923070415075,-3.049464806118369,9,9 measured sources,Random sampling,0.08928571428571429,selection frequency across 504 realizations,Main Figure 4A four-budget small-multiple source; no single budget is privileged
Cassava::RealV6_木薯_sample7,Cassava,-0.1333303391821832,-3.207213181121578,9,9 measured sources,P2-PAM representative sampling (k-medoids),0.0,binary selected/not selected under the fixed structured selector,Main Figure 4A four-budget small-multiple source; no single budget is privileged
Cassava::RealV6_木薯_sample7,Cassava,-0.1333303391821832,-3.207213181121578,9,9 measured sources,Response-surface-guided sampling,1.0,binary selected/not selected under the fixed structured selector,Main Figure 4A four-budget small-multiple source; no single budget is privileged
Cassava::RealV6_木薯_sample7,Cassava,-0.1333303391821832,-3.207213181121578,9,9 measured sources,Random sampling,0.09523809523809523,selection frequency across 504 realizations,Main Figure 4A four-budget small-multiple source; no single budget is privileged
Cassava::RealV6_木薯_sample8,Cassava,0.124220585401976,-2.672811255094662,9,9 measured sources,P2-PAM representative sampling (k-medoids),0.0,binary selected/not selected under the fixed structured selector,Main Figure 4A four-budget small-multiple source; no single budget is privileged
Cassava::RealV6_木薯_sample8,Cassava,0.124220585401976,-2.672811255094662,9,9 measured sources,Response-surface-guided sampling,0.0,binary selected/not selected under the fixed structured selector,Main Figure 4A four-budget small-multiple source; no single budget is privileged
Cassava::RealV6_木薯_sample8,Cassava,0.124220585401976,-2.672811255094662,9,9 measured sources,Random sampling,0.0873015873015873,selection frequency across 504 realizations,Main Figure 4A four-budget small-multiple source; no single budget is privileged
Cassava::RealV6_木薯_sample9,Cassava,0.3940315858700931,-3.03265443597257,9,9 measured sources,P2-PAM representative sampling (k-medoids),1.0,binary selected/not selected under the fixed structured selector,Main Figure 4A four-budget small-multiple source; no single budget is privileged
Cassava::RealV6_木薯_sample9,Cassava,0.3940315858700931,-3.03265443597257,9,9 measured sources,Response-surface-guided sampling,0.0,binary selected/not selected under the fixed structured selector,Main Figure 4A four-budget small-multiple source; no single budget is privileged
Cassava::RealV6_木薯_sample9,Cassava,0.3940315858700931,-3.03265443597257,9,9 measured sources,Random sampling,0.0873015873015873,selection frequency across 504 realizations,Main Figure 4A four-budget small-multiple source; no single budget is privileged
Paddy rice::RealV6_稻谷_sample1,Paddy rice,-1.049226983394747,-0.02751743003969962,9,9 measured sources,P2-PAM representative sampling (k-medoids),0.0,binary selected/not selected under the fixed structured selector,Main Figure 4A four-budget small-multiple source; no single budget is privileged
Paddy rice::RealV6_稻谷_sample1,Paddy rice,-1.049226983394747,-0.02751743003969962,9,9 measured sources,Response-surface-guided sampling,1.0,binary selected/not selected under the fixed structured selector,Main Figure 4A four-budget small-multiple source; no single budget is privileged
Paddy rice::RealV6_稻谷_sample1,Paddy rice,-1.049226983394747,-0.02751743003969962,9,9 measured sources,Random sampling,0.0873015873015873,selection frequency across 504 realizations,Main Figure 4A four-budget small-multiple source; no single budget is privileged
Paddy rice::RealV6_稻谷_sample10,Paddy rice,-1.151277711811641,-0.6542412091819854,9,9 measured sources,P2-PAM representative sampling (k-medoids),0.0,binary selected/not selected under the fixed structured selector,Main Figure 4A four-budget small-multiple source; no single budget is privileged
Paddy rice::RealV6_稻谷_sample10,Paddy rice,-1.151277711811641,-0.6542412091819854,9,9 measured sources,Response-surface-guided sampling,0.0,binary selected/not selected under the fixed structured selector,Main Figure 4A four-budget small-multiple source; no single budget is privileged
Paddy rice::RealV6_稻谷_sample10,Paddy rice,-1.151277711811641,-0.6542412091819854,9,9 measured sources,Random sampling,0.1091269841269841,selection frequency across 504 realizations,Main Figure 4A four-budget small-multiple source; no single budget is privileged
Paddy rice::RealV6_稻谷_sample11,Paddy rice,-0.8610746980945883,-0.1596332987387645,9,9 measured sources,P2-PAM representative sampling (k-medoids),0.0,binary selected/not selected under the fixed structured selector,Main Figure 4A four-budget small-multiple source; no single budget is privileged
Paddy rice::RealV6_稻谷_sample11,Paddy rice,-0.8610746980945883,-0.1596332987387645,9,9 measured sources,Response-surface-guided sampling,0.0,binary selected/not selected under the fixed structured selector,Main Figure 4A four-budget small-multiple source; no single budget is privileged
Paddy rice::RealV6_稻谷_sample11,Paddy rice,-0.8610746980945883,-0.1596332987387645,9,9 measured sources,Random sampling,0.1031746031746032,selection frequency across 504 realizations,Main Figure 4A four-budget small-multiple source; no single budget is privileged
Paddy rice::RealV6_稻谷_sample2,Paddy rice,-1.360809962074584,0.01761720251415357,9,9 measured sources,P2-PAM representative sampling (k-medoids),0.0,binary selected/not selected under the fixed structured selector,Main Figure 4A four-budget small-multiple source; no single budget is privileged
Paddy rice::RealV6_稻谷_sample2,Paddy rice,-1.360809962074584,0.01761720251415357,9,9 measured sources,Response-surface-guided sampling,0.0,binary selected/not selected under the fixed structured selector,Main Figure 4A four-budget small-multiple source; no single budget is privileged
Paddy rice::RealV6_稻谷_sample2,Paddy rice,-1.360809962074584,0.01761720251415357,9,9 measured sources,Random sampling,0.09126984126984126,selection frequency across 504 realizations,Main Figure 4A four-budget small-multiple source; no single budget is privileged
Paddy rice::RealV6_稻谷_sample3,Paddy rice,-1.494938022830528,-0.1269813493654587,9,9 measured sources,P2-PAM representative sampling (k-medoids),0.0,binary selected/not selected under the fixed structured selector,Main Figure 4A four-budget small-multiple source; no single budget is privileged
Paddy rice::RealV6_稻谷_sample3,Paddy rice,-1.494938022830528,-0.1269813493654587,9,9 measured sources,Response-surface-guided sampling,0.0,binary selected/not selected under the fixed structured selector,Main Figure 4A four-budget small-multiple source; no single budget is privileged
Paddy rice::RealV6_稻谷_sample3,Paddy rice,-1.494938022830528,-0.1269813493654587,9,9 measured sources,Random sampling,0.07539682539682539,selection frequency across 504 realizations,Main Figure 4A four-budget small-multiple source; no single budget is privileged
Paddy rice::RealV6_稻谷_sample4,Paddy rice,-0.6467541096601823,0.09434723698567446,9,9 measured sources,P2-PAM representative sampling (k-medoids),0.0,binary selected/not selected under the fixed structured selector,Main Figure 4A four-budget small-multiple source; no single budget is privileged
Paddy rice::RealV6_稻谷_sample4,Paddy rice,-0.6467541096601823,0.09434723698567446,9,9 measured sources,Response-surface-guided sampling,0.0,binary selected/not selected under the fixed structured selector,Main Figure 4A four-budget small-multiple source; no single budget is privileged
Paddy rice::RealV6_稻谷_sample4,Paddy rice,-0.6467541096601823,0.09434723698567446,9,9 measured sources,Random sampling,0.0873015873015873,selection frequency across 504 realizations,Main Figure 4A four-budget small-multiple source; no single budget is privileged
Paddy rice::RealV6_稻谷_sample5,Paddy rice,-1.118435867235355,-0.1538776348551149,9,9 measured sources,P2-PAM representative sampling (k-medoids),0.0,binary selected/not selected under the fixed structured selector,Main Figure 4A four-budget small-multiple source; no single budget is privileged
Paddy rice::RealV6_稻谷_sample5,Paddy rice,-1.118435867235355,-0.1538776348551149,9,9 measured sources,Response-surface-guided sampling,0.0,binary selected/not selected under the fixed structured selector,Main Figure 4A four-budget small-multiple source; no single budget is privileged
Paddy rice::RealV6_稻谷_sample5,Paddy rice,-1.118435867235355,-0.1538776348551149,9,9 measured sources,Random sampling,0.1031746031746032,selection frequency across 504 realizations,Main Figure 4A four-budget small-multiple source; no single budget is privileged
Paddy rice::RealV6_稻谷_sample6,Paddy rice,-0.7548630089144087,-0.1740931016173472,9,9 measured sources,P2-PAM representative sampling (k-medoids),1.0,binary selected/not selected under the fixed structured selector,Main Figure 4A four-budget small-multiple source; no single budget is privileged
Paddy rice::RealV6_稻谷_sample6,Paddy rice,-0.7548630089144087,-0.1740931016173472,9,9 measured sources,Response-surface-guided sampling,0.0,binary selected/not selected under the fixed structured selector,Main Figure 4A four-budget small-multiple source; no single budget is privileged
Paddy rice::RealV6_稻谷_sample6,Paddy rice,-0.7548630089144087,-0.1740931016173472,9,9 measured sources,Random sampling,0.09126984126984126,selection frequency across 504 realizations,Main Figure 4A four-budget small-multiple source; no single budget is privileged
Paddy rice::RealV6_稻谷_sample7,Paddy rice,-0.6138062526032789,0.2345396624011448,9,9 measured sources,P2-PAM representative sampling (k-medoids),0.0,binary selected/not selected under the fixed structured selector,Main Figure 4A four-budget small-multiple source; no single budget is privileged
Paddy rice::RealV6_稻谷_sample7,Paddy rice,-0.6138062526032789,0.2345396624011448,9,9 measured sources,Response-surface-guided sampling,0.0,binary selected/not selected under the fixed structured selector,Main Figure 4A four-budget small-multiple source; no single budget is privileged
Paddy rice::RealV6_稻谷_sample7,Paddy rice,-0.6138062526032789,0.2345396624011448,9,9 measured sources,Random sampling,0.0992063492063492,selection frequency across 504 realizations,Main Figure 4A four-budget small-multiple source; no single budget is privileged
Paddy rice::RealV6_稻谷_sample8,Paddy rice,-0.783854449792459,-0.2022156406202125,9,9 measured sources,P2-PAM representative sampling (k-medoids),0.0,binary selected/not selected under the fixed structured selector,Main Figure 4A four-budget small-multiple source; no single budget is privileged
Paddy rice::RealV6_稻谷_sample8,Paddy rice,-0.783854449792459,-0.2022156406202125,9,9 measured sources,Response-surface-guided sampling,0.0,binary selected/not selected under the fixed structured selector,Main Figure 4A four-budget small-multiple source; no single budget is privileged
Paddy rice::RealV6_稻谷_sample8,Paddy rice,-0.783854449792459,-0.2022156406202125,9,9 measured sources,Random sampling,0.1071428571428571,selection frequency across 504 realizations,Main Figure 4A four-budget small-multiple source; no single budget is privileged
Paddy rice::RealV6_稻谷_sample9,Paddy rice,-1.368749690108878,-0.4171046167821867,9,9 measured sources,P2-PAM representative sampling (k-medoids),0.0,binary selected/not selected under the fixed structured selector,Main Figure 4A four-budget small-multiple source; no single budget is privileged
Paddy rice::RealV6_稻谷_sample9,Paddy rice,-1.368749690108878,-0.4171046167821867,9,9 measured sources,Response-surface-guided sampling,0.0,binary selected/not selected under the fixed structured selector,Main Figure 4A four-budget small-multiple source; no single budget is privileged
Paddy rice::RealV6_稻谷_sample9,Paddy rice,-1.368749690108878,-0.4171046167821867,9,9 measured sources,Random sampling,0.09523809523809523,selection frequency across 504 realizations,Main Figure 4A four-budget small-multiple source; no single budget is privileged
Rapeseed cake::RealV6_菜籽饼_sample1,Rapeseed cake,5.04524696099477,2.05048270675393,9,9 measured sources,P2-PAM representative sampling (k-medoids),0.0,binary selected/not selected under the fixed structured selector,Main Figure 4A four-budget small-multiple source; no single budget is privileged
Rapeseed cake::RealV6_菜籽饼_sample1,Rapeseed cake,5.04524696099477,2.05048270675393,9,9 measured sources,Response-surface-guided sampling,0.0,binary selected/not selected under the fixed structured selector,Main Figure 4A four-budget small-multiple source; no single budget is privileged
Rapeseed cake::RealV6_菜籽饼_sample1,Rapeseed cake,5.04524696099477,2.05048270675393,9,9 measured sources,Random sampling,0.1091269841269841,selection frequency across 504 realizations,Main Figure 4A four-budget small-multiple source; no single budget is privileged
Rapeseed cake::RealV6_菜籽饼_sample10,Rapeseed cake,6.089515143534276,0.08607258387633064,9,9 measured sources,P2-PAM representative sampling (k-medoids),0.0,binary selected/not selected under the fixed structured selector,Main Figure 4A four-budget small-multiple source; no single budget is privileged
Rapeseed cake::RealV6_菜籽饼_sample10,Rapeseed cake,6.089515143534276,0.08607258387633064,9,9 measured sources,Response-surface-guided sampling,0.0,binary selected/not selected under the fixed structured selector,Main Figure 4A four-budget small-multiple source; no single budget is privileged
Rapeseed cake::RealV6_菜籽饼_sample10,Rapeseed cake,6.089515143534276,0.08607258387633064,9,9 measured sources,Random sampling,0.1051587301587302,selection frequency across 504 realizations,Main Figure 4A four-budget small-multiple source; no single budget is privileged
Rapeseed cake::RealV6_菜籽饼_sample2,Rapeseed cake,4.141600373792804,1.575114431807148,9,9 measured sources,P2-PAM representative sampling (k-medoids),0.0,binary selected/not selected under the fixed structured selector,Main Figure 4A four-budget small-multiple source; no single budget is privileged
Rapeseed cake::RealV6_菜籽饼_sample2,Rapeseed cake,4.141600373792804,1.575114431807148,9,9 measured sources,Response-surface-guided sampling,0.0,binary selected/not selected under the fixed structured selector,Main Figure 4A four-budget small-multiple source; no single budget is privileged
Rapeseed cake::RealV6_菜籽饼_sample2,Rapeseed cake,4.141600373792804,1.575114431807148,9,9 measured sources,Random sampling,0.1031746031746032,selection frequency across 504 realizations,Main Figure 4A four-budget small-multiple source; no single budget is privileged
Rapeseed cake::RealV6_菜籽饼_sample3,Rapeseed cake,3.459338471843688,1.50315073227092,9,9 measured sources,P2-PAM representative sampling (k-medoids),0.0,binary selected/not selected under the fixed structured selector,Main Figure 4A four-budget small-multiple source; no single budget is privileged
Rapeseed cake::RealV6_菜籽饼_sample3,Rapeseed cake,3.459338471843688,1.50315073227092,9,9 measured sources,Response-surface-guided sampling,0.0,binary selected/not selected under the fixed structured selector,Main Figure 4A four-budget small-multiple source; no single budget is privileged
Rapeseed cake::RealV6_菜籽饼_sample3,Rapeseed cake,3.459338471843688,1.50315073227092,9,9 measured sources,Random sampling,0.1170634920634921,selection frequency across 504 realizations,Main Figure 4A four-budget small-multiple source; no single budget is privileged
Rapeseed cake::RealV6_菜籽饼_sample4,Rapeseed cake,5.154077646956977,1.024049328028982,9,9 measured sources,P2-PAM representative sampling (k-medoids),0.0,binary selected/not selected under the fixed structured selector,Main Figure 4A four-budget small-multiple source; no single budget is privileged
Rapeseed cake::RealV6_菜籽饼_sample4,Rapeseed cake,5.154077646956977,1.024049328028982,9,9 measured sources,Response-surface-guided sampling,0.0,binary selected/not selected under the fixed structured selector,Main Figure 4A four-budget small-multiple source; no single budget is privileged
Rapeseed cake::RealV6_菜籽饼_sample4,Rapeseed cake,5.154077646956977,1.024049328028982,9,9 measured sources,Random sampling,0.121031746031746,selection frequency across 504 realizations,Main Figure 4A four-budget small-multiple source; no single budget is privileged
Rapeseed cake::RealV6_菜籽饼_sample5,Rapeseed cake,3.553330147539505,1.014006019594428,9,9 measured sources,P2-PAM representative sampling (k-medoids),0.0,binary selected/not selected under the fixed structured selector,Main Figure 4A four-budget small-multiple source; no single budget is privileged
Rapeseed cake::RealV6_菜籽饼_sample5,Rapeseed cake,3.553330147539505,1.014006019594428,9,9 measured sources,Response-surface-guided sampling,0.0,binary selected/not selected under the fixed structured selector,Main Figure 4A four-budget small-multiple source; no single budget is privileged
Rapeseed cake::RealV6_菜籽饼_sample5,Rapeseed cake,3.553330147539505,1.014006019594428,9,9 measured sources,Random sampling,0.1051587301587302,selection frequency across 504 realizations,Main Figure 4A four-budget small-multiple source; no single budget is privileged
Rapeseed cake::RealV6_菜籽饼_sample6,Rapeseed cake,5.015208024944501,1.06398390681531,9,9 measured sources,P2-PAM representative sampling (k-medoids),1.0,binary selected/not selected under the fixed structured selector,Main Figure 4A four-budget small-multiple source; no single budget is privileged
Rapeseed cake::RealV6_菜籽饼_sample6,Rapeseed cake,5.015208024944501,1.06398390681531,9,9 measured sources,Response-surface-guided sampling,0.0,binary selected/not selected under the fixed structured selector,Main Figure 4A four-budget small-multiple source; no single budget is privileged
Rapeseed cake::RealV6_菜籽饼_sample6,Rapeseed cake,5.015208024944501,1.06398390681531,9,9 measured sources,Random sampling,0.09126984126984126,selection frequency across 504 realizations,Main Figure 4A four-budget small-multiple source; no single budget is privileged
Rapeseed cake::RealV6_菜籽饼_sample7,Rapeseed cake,4.773071008465663,0.9856796068708059,9,9 measured sources,P2-PAM representative sampling (k-medoids),0.0,binary selected/not selected under the fixed structured selector,Main Figure 4A four-budget small-multiple source; no single budget is privileged
Rapeseed cake::RealV6_菜籽饼_sample7,Rapeseed cake,4.773071008465663,0.9856796068708059,9,9 measured sources,Response-surface-guided sampling,0.0,binary selected/not selected under the fixed structured selector,Main Figure 4A four-budget small-multiple source; no single budget is privileged
Rapeseed cake::RealV6_菜籽饼_sample7,Rapeseed cake,4.773071008465663,0.9856796068708059,9,9 measured sources,Random sampling,0.1111111111111111,selection frequency across 504 realizations,Main Figure 4A four-budget small-multiple source; no single budget is privileged
Rapeseed cake::RealV6_菜籽饼_sample8,Rapeseed cake,7.048564546155442,1.033112456602973,9,9 measured sources,P2-PAM representative sampling (k-medoids),0.0,binary selected/not selected under the fixed structured selector,Main Figure 4A four-budget small-multiple source; no single budget is privileged
Rapeseed cake::RealV6_菜籽饼_sample8,Rapeseed cake,7.048564546155442,1.033112456602973,9,9 measured sources,Response-surface-guided sampling,1.0,binary selected/not selected under the fixed structured selector,Main Figure 4A four-budget small-multiple source; no single budget is privileged
Rapeseed cake::RealV6_菜籽饼_sample8,Rapeseed cake,7.048564546155442,1.033112456602973,9,9 measured sources,Random sampling,0.09325396825396826,selection frequency across 504 realizations,Main Figure 4A four-budget small-multiple source; no single budget is privileged
Rapeseed cake::RealV6_菜籽饼_sample9,Rapeseed cake,6.120158666901094,0.2788745677465212,9,9 measured sources,P2-PAM representative sampling (k-medoids),0.0,binary selected/not selected under the fixed structured selector,Main Figure 4A four-budget small-multiple source; no single budget is privileged
Rapeseed cake::RealV6_菜籽饼_sample9,Rapeseed cake,6.120158666901094,0.2788745677465212,9,9 measured sources,Response-surface-guided sampling,0.0,binary selected/not selected under the fixed structured selector,Main Figure 4A four-budget small-multiple source; no single budget is privileged
Rapeseed cake::RealV6_菜籽饼_sample9,Rapeseed cake,6.120158666901094,0.2788745677465212,9,9 measured sources,Random sampling,0.0873015873015873,selection frequency across 504 realizations,Main Figure 4A four-budget small-multiple source; no single budget is privileged
Rice bran::RealV6_米糠_sample1,Rice bran,-1.605229407403069,1.78482910837359,9,9 measured sources,P2-PAM representative sampling (k-medoids),0.0,binary selected/not selected under the fixed structured selector,Main Figure 4A four-budget small-multiple source; no single budget is privileged
Rice bran::RealV6_米糠_sample1,Rice bran,-1.605229407403069,1.78482910837359,9,9 measured sources,Response-surface-guided sampling,0.0,binary selected/not selected under the fixed structured selector,Main Figure 4A four-budget small-multiple source; no single budget is privileged
Rice bran::RealV6_米糠_sample1,Rice bran,-1.605229407403069,1.78482910837359,9,9 measured sources,Random sampling,0.09325396825396826,selection frequency across 504 realizations,Main Figure 4A four-budget small-multiple source; no single budget is privileged
Rice bran::RealV6_米糠_sample10,Rice bran,-0.3068638160115571,0.7096099908375827,9,9 measured sources,P2-PAM representative sampling (k-medoids),1.0,binary selected/not selected under the fixed structured selector,Main Figure 4A four-budget small-multiple source; no single budget is privileged
Rice bran::RealV6_米糠_sample10,Rice bran,-0.3068638160115571,0.7096099908375827,9,9 measured sources,Response-surface-guided sampling,0.0,binary selected/not selected under the fixed structured selector,Main Figure 4A four-budget small-multiple source; no single budget is privileged
Rice bran::RealV6_米糠_sample10,Rice bran,-0.3068638160115571,0.7096099908375827,9,9 measured sources,Random sampling,0.08531746031746032,selection frequency across 504 realizations,Main Figure 4A four-budget small-multiple source; no single budget is privileged
Rice bran::RealV6_米糠_sample2,Rice bran,-1.895633165605643,1.418158795012503,9,9 measured sources,P2-PAM representative sampling (k-medoids),0.0,binary selected/not selected under the fixed structured selector,Main Figure 4A four-budget small-multiple source; no single budget is privileged
Rice bran::RealV6_米糠_sample2,Rice bran,-1.895633165605643,1.418158795012503,9,9 measured sources,Response-surface-guided sampling,0.0,binary selected/not selected under the fixed structured selector,Main Figure 4A four-budget small-multiple source; no single budget is privileged
Rice bran::RealV6_米糠_sample2,Rice bran,-1.895633165605643,1.418158795012503,9,9 measured sources,Random sampling,0.0873015873015873,selection frequency across 504 realizations,Main Figure 4A four-budget small-multiple source; no single budget is privileged
Rice bran::RealV6_米糠_sample3,Rice bran,-1.095334738747566,1.315103727786284,9,9 measured sources,P2-PAM representative sampling (k-medoids),0.0,binary selected/not selected under the fixed structured selector,Main Figure 4A four-budget small-multiple source; no single budget is privileged
Rice bran::RealV6_米糠_sample3,Rice bran,-1.095334738747566,1.315103727786284,9,9 measured sources,Response-surface-guided sampling,0.0,binary selected/not selected under the fixed structured selector,Main Figure 4A four-budget small-multiple source; no single budget is privileged
Rice bran::RealV6_米糠_sample3,Rice bran,-1.095334738747566,1.315103727786284,9,9 measured sources,Random sampling,0.1031746031746032,selection frequency across 504 realizations,Main Figure 4A four-budget small-multiple source; no single budget is privileged
Rice bran::RealV6_米糠_sample4,Rice bran,-0.9806167717100414,2.028272289631623,9,9 measured sources,P2-PAM representative sampling (k-medoids),0.0,binary selected/not selected under the fixed structured selector,Main Figure 4A four-budget small-multiple source; no single budget is privileged
Rice bran::RealV6_米糠_sample4,Rice bran,-0.9806167717100414,2.028272289631623,9,9 measured sources,Response-surface-guided sampling,0.0,binary selected/not selected under the fixed structured selector,Main Figure 4A four-budget small-multiple source; no single budget is privileged
Rice bran::RealV6_米糠_sample4,Rice bran,-0.9806167717100414,2.028272289631623,9,9 measured sources,Random sampling,0.1130952380952381,selection frequency across 504 realizations,Main Figure 4A four-budget small-multiple source; no single budget is privileged
Rice bran::RealV6_米糠_sample5,Rice bran,-1.15471147977772,2.46348262846583,9,9 measured sources,P2-PAM representative sampling (k-medoids),0.0,binary selected/not selected under the fixed structured selector,Main Figure 4A four-budget small-multiple source; no single budget is privileged
Rice bran::RealV6_米糠_sample5,Rice bran,-1.15471147977772,2.46348262846583,9,9 measured sources,Response-surface-guided sampling,0.0,binary selected/not selected under the fixed structured selector,Main Figure 4A four-budget small-multiple source; no single budget is privileged
Rice bran::RealV6_米糠_sample5,Rice bran,-1.15471147977772,2.46348262846583,9,9 measured sources,Random sampling,0.07341269841269842,selection frequency across 504 realizations,Main Figure 4A four-budget small-multiple source; no single budget is privileged
Rice bran::RealV6_米糠_sample6,Rice bran,-0.2959583312276888,1.428925826162968,9,9 measured sources,P2-PAM representative sampling (k-medoids),0.0,binary selected/not selected under the fixed structured selector,Main Figure 4A four-budget small-multiple source; no single budget is privileged
Rice bran::RealV6_米糠_sample6,Rice bran,-0.2959583312276888,1.428925826162968,9,9 measured sources,Response-surface-guided sampling,0.0,binary selected/not selected under the fixed structured selector,Main Figure 4A four-budget small-multiple source; no single budget is privileged
Rice bran::RealV6_米糠_sample6,Rice bran,-0.2959583312276888,1.428925826162968,9,9 measured sources,Random sampling,0.1011904761904762,selection frequency across 504 realizations,Main Figure 4A four-budget small-multiple source; no single budget is privileged
Rice bran::RealV6_米糠_sample7,Rice bran,-1.299198984236073,0.8053010954162465,9,9 measured sources,P2-PAM representative sampling (k-medoids),0.0,binary selected/not selected under the fixed structured selector,Main Figure 4A four-budget small-multiple source; no single budget is privileged
Rice bran::RealV6_米糠_sample7,Rice bran,-1.299198984236073,0.8053010954162465,9,9 measured sources,Response-surface-guided sampling,0.0,binary selected/not selected under the fixed structured selector,Main Figure 4A four-budget small-multiple source; no single budget is privileged
Rice bran::RealV6_米糠_sample7,Rice bran,-1.299198984236073,0.8053010954162465,9,9 measured sources,Random sampling,0.07142857142857142,selection frequency across 504 realizations,Main Figure 4A four-budget small-multiple source; no single budget is privileged
Rice bran::RealV6_米糠_sample8,Rice bran,-0.0102832017726542,0.7034066953040489,9,9 measured sources,P2-PAM representative sampling (k-medoids),0.0,binary selected/not selected under the fixed structured selector,Main Figure 4A four-budget small-multiple source; no single budget is privileged
Rice bran::RealV6_米糠_sample8,Rice bran,-0.0102832017726542,0.7034066953040489,9,9 measured sources,Response-surface-guided sampling,0.0,binary selected/not selected under the fixed structured selector,Main Figure 4A four-budget small-multiple source; no single budget is privileged
Rice bran::RealV6_米糠_sample8,Rice bran,-0.0102832017726542,0.7034066953040489,9,9 measured sources,Random sampling,0.09523809523809523,selection frequency across 504 realizations,Main Figure 4A four-budget small-multiple source; no single budget is privileged
Rice bran::RealV6_米糠_sample9,Rice bran,0.04231537166731106,1.096244066733406,9,9 measured sources,P2-PAM representative sampling (k-medoids),0.0,binary selected/not selected under the fixed structured selector,Main Figure 4A four-budget small-multiple source; no single budget is privileged
Rice bran::RealV6_米糠_sample9,Rice bran,0.04231537166731106,1.096244066733406,9,9 measured sources,Response-surface-guided sampling,0.0,binary selected/not selected under the fixed structured selector,Main Figure 4A four-budget small-multiple source; no single budget is privileged
Rice bran::RealV6_米糠_sample9,Rice bran,0.04231537166731106,1.096244066733406,9,9 measured sources,Random sampling,0.1011904761904762,selection frequency across 504 realizations,Main Figure 4A four-budget small-multiple source; no single budget is privileged
Sorghum::RealV6_高粱_sample1,Sorghum,-0.02707781365839051,-1.176153514181306,9,9 measured sources,P2-PAM representative sampling (k-medoids),0.0,binary selected/not selected under the fixed structured selector,Main Figure 4A four-budget small-multiple source; no single budget is privileged
Sorghum::RealV6_高粱_sample1,Sorghum,-0.02707781365839051,-1.176153514181306,9,9 measured sources,Response-surface-guided sampling,0.0,binary selected/not selected under the fixed structured selector,Main Figure 4A four-budget small-multiple source; no single budget is privileged
Sorghum::RealV6_高粱_sample1,Sorghum,-0.02707781365839051,-1.176153514181306,9,9 measured sources,Random sampling,0.1031746031746032,selection frequency across 504 realizations,Main Figure 4A four-budget small-multiple source; no single budget is privileged
Sorghum::RealV6_高粱_sample10,Sorghum,0.1683802107682345,-1.312498865973889,9,9 measured sources,P2-PAM representative sampling (k-medoids),1.0,binary selected/not selected under the fixed structured selector,Main Figure 4A four-budget small-multiple source; no single budget is privileged
Sorghum::RealV6_高粱_sample10,Sorghum,0.1683802107682345,-1.312498865973889,9,9 measured sources,Response-surface-guided sampling,0.0,binary selected/not selected under the fixed structured selector,Main Figure 4A four-budget small-multiple source; no single budget is privileged
Sorghum::RealV6_高粱_sample10,Sorghum,0.1683802107682345,-1.312498865973889,9,9 measured sources,Random sampling,0.1150793650793651,selection frequency across 504 realizations,Main Figure 4A four-budget small-multiple source; no single budget is privileged
Sorghum::RealV6_高粱_sample2,Sorghum,0.7908772587630051,-1.063149606186058,9,9 measured sources,P2-PAM representative sampling (k-medoids),0.0,binary selected/not selected under the fixed structured selector,Main Figure 4A four-budget small-multiple source; no single budget is privileged
Sorghum::RealV6_高粱_sample2,Sorghum,0.7908772587630051,-1.063149606186058,9,9 measured sources,Response-surface-guided sampling,1.0,binary selected/not selected under the fixed structured selector,Main Figure 4A four-budget small-multiple source; no single budget is privileged
Sorghum::RealV6_高粱_sample2,Sorghum,0.7908772587630051,-1.063149606186058,9,9 measured sources,Random sampling,0.0873015873015873,selection frequency across 504 realizations,Main Figure 4A four-budget small-multiple source; no single budget is privileged
Sorghum::RealV6_高粱_sample3,Sorghum,0.1504304046083467,-1.600734853390495,9,9 measured sources,P2-PAM representative sampling (k-medoids),0.0,binary selected/not selected under the fixed structured selector,Main Figure 4A four-budget small-multiple source; no single budget is privileged
Sorghum::RealV6_高粱_sample3,Sorghum,0.1504304046083467,-1.600734853390495,9,9 measured sources,Response-surface-guided sampling,0.0,binary selected/not selected under the fixed structured selector,Main Figure 4A four-budget small-multiple source; no single budget is privileged
Sorghum::RealV6_高粱_sample3,Sorghum,0.1504304046083467,-1.600734853390495,9,9 measured sources,Random sampling,0.128968253968254,selection frequency across 504 realizations,Main Figure 4A four-budget small-multiple source; no single budget is privileged
Sorghum::RealV6_高粱_sample4,Sorghum,0.2926401651095512,-1.212608805142148,9,9 measured sources,P2-PAM representative sampling (k-medoids),0.0,binary selected/not selected under the fixed structured selector,Main Figure 4A four-budget small-multiple source; no single budget is privileged
Sorghum::RealV6_高粱_sample4,Sorghum,0.2926401651095512,-1.212608805142148,9,9 measured sources,Response-surface-guided sampling,0.0,binary selected/not selected under the fixed structured selector,Main Figure 4A four-budget small-multiple source; no single budget is privileged
Sorghum::RealV6_高粱_sample4,Sorghum,0.2926401651095512,-1.212608805142148,9,9 measured sources,Random sampling,0.1051587301587302,selection frequency across 504 realizations,Main Figure 4A four-budget small-multiple source; no single budget is privileged
Sorghum::RealV6_高粱_sample5,Sorghum,0.2607113983174575,-1.115184670895072,9,9 measured sources,P2-PAM representative sampling (k-medoids),0.0,binary selected/not selected under the fixed structured selector,Main Figure 4A four-budget small-multiple source; no single budget is privileged
Sorghum::RealV6_高粱_sample5,Sorghum,0.2607113983174575,-1.115184670895072,9,9 measured sources,Response-surface-guided sampling,0.0,binary selected/not selected under the fixed structured selector,Main Figure 4A four-budget small-multiple source; no single budget is privileged
Sorghum::RealV6_高粱_sample5,Sorghum,0.2607113983174575,-1.115184670895072,9,9 measured sources,Random sampling,0.0873015873015873,selection frequency across 504 realizations,Main Figure 4A four-budget small-multiple source; no single budget is privileged
Sorghum::RealV6_高粱_sample6,Sorghum,-0.3187318932346196,-1.582262720713724,9,9 measured sources,P2-PAM representative sampling (k-medoids),0.0,binary selected/not selected under the fixed structured selector,Main Figure 4A four-budget small-multiple source; no single budget is privileged
Sorghum::RealV6_高粱_sample6,Sorghum,-0.3187318932346196,-1.582262720713724,9,9 measured sources,Response-surface-guided sampling,0.0,binary selected/not selected under the fixed structured selector,Main Figure 4A four-budget small-multiple source; no single budget is privileged
Sorghum::RealV6_高粱_sample6,Sorghum,-0.3187318932346196,-1.582262720713724,9,9 measured sources,Random sampling,0.1051587301587302,selection frequency across 504 realizations,Main Figure 4A four-budget small-multiple source; no single budget is privileged
Sorghum::RealV6_高粱_sample7,Sorghum,-0.3619676677523722,-1.46385173121222,9,9 measured sources,P2-PAM representative sampling (k-medoids),0.0,binary selected/not selected under the fixed structured selector,Main Figure 4A four-budget small-multiple source; no single budget is privileged
Sorghum::RealV6_高粱_sample7,Sorghum,-0.3619676677523722,-1.46385173121222,9,9 measured sources,Response-surface-guided sampling,0.0,binary selected/not selected under the fixed structured selector,Main Figure 4A four-budget small-multiple source; no single budget is privileged
Sorghum::RealV6_高粱_sample7,Sorghum,-0.3619676677523722,-1.46385173121222,9,9 measured sources,Random sampling,0.08531746031746032,selection frequency across 504 realizations,Main Figure 4A four-budget small-multiple source; no single budget is privileged
Sorghum::RealV6_高粱_sample8,Sorghum,-0.3553694484675719,-1.431207655912943,9,9 measured sources,P2-PAM representative sampling (k-medoids),0.0,binary selected/not selected under the fixed structured selector,Main Figure 4A four-budget small-multiple source; no single budget is privileged
Sorghum::RealV6_高粱_sample8,Sorghum,-0.3553694484675719,-1.431207655912943,9,9 measured sources,Response-surface-guided sampling,0.0,binary selected/not selected under the fixed structured selector,Main Figure 4A four-budget small-multiple source; no single budget is privileged
Sorghum::RealV6_高粱_sample8,Sorghum,-0.3553694484675719,-1.431207655912943,9,9 measured sources,Random sampling,0.1111111111111111,selection frequency across 504 realizations,Main Figure 4A four-budget small-multiple source; no single budget is privileged
Sorghum::RealV6_高粱_sample9,Sorghum,0.147131717889103,-1.246550813873493,9,9 measured sources,P2-PAM representative sampling (k-medoids),0.0,binary selected/not selected under the fixed structured selector,Main Figure 4A four-budget small-multiple source; no single budget is privileged
Sorghum::RealV6_高粱_sample9,Sorghum,0.147131717889103,-1.246550813873493,9,9 measured sources,Response-surface-guided sampling,0.0,binary selected/not selected under the fixed structured selector,Main Figure 4A four-budget small-multiple source; no single budget is privileged
Sorghum::RealV6_高粱_sample9,Sorghum,0.147131717889103,-1.246550813873493,9,9 measured sources,Random sampling,0.1111111111111111,selection frequency across 504 realizations,Main Figure 4A four-budget small-multiple source; no single budget is privileged
Wheat bran::RealV6_小麦麸_sample1,Wheat bran,-1.094748339700325,2.166428117204859,9,9 measured sources,P2-PAM representative sampling (k-medoids),0.0,binary selected/not selected under the fixed structured selector,Main Figure 4A four-budget small-multiple source; no single budget is privileged
Wheat bran::RealV6_小麦麸_sample1,Wheat bran,-1.094748339700325,2.166428117204859,9,9 measured sources,Response-surface-guided sampling,0.0,binary selected/not selected under the fixed structured selector,Main Figure 4A four-budget small-multiple source; no single budget is privileged
Wheat bran::RealV6_小麦麸_sample1,Wheat bran,-1.094748339700325,2.166428117204859,9,9 measured sources,Random sampling,0.1031746031746032,selection frequency across 504 realizations,Main Figure 4A four-budget small-multiple source; no single budget is privileged
Wheat bran::RealV6_小麦麸_sample10,Wheat bran,0.07226811398454323,1.343134557187847,9,9 measured sources,P2-PAM representative sampling (k-medoids),0.0,binary selected/not selected under the fixed structured selector,Main Figure 4A four-budget small-multiple source; no single budget is privileged
Wheat bran::RealV6_小麦麸_sample10,Wheat bran,0.07226811398454323,1.343134557187847,9,9 measured sources,Response-surface-guided sampling,0.0,binary selected/not selected under the fixed structured selector,Main Figure 4A four-budget small-multiple source; no single budget is privileged
Wheat bran::RealV6_小麦麸_sample10,Wheat bran,0.07226811398454323,1.343134557187847,9,9 measured sources,Random sampling,0.1150793650793651,selection frequency across 504 realizations,Main Figure 4A four-budget small-multiple source; no single budget is privileged
Wheat bran::RealV6_小麦麸_sample2,Wheat bran,-0.6781422151350917,2.479079357419419,9,9 measured sources,P2-PAM representative sampling (k-medoids),0.0,binary selected/not selected under the fixed structured selector,Main Figure 4A four-budget small-multiple source; no single budget is privileged
Wheat bran::RealV6_小麦麸_sample2,Wheat bran,-0.6781422151350917,2.479079357419419,9,9 measured sources,Response-surface-guided sampling,0.0,binary selected/not selected under the fixed structured selector,Main Figure 4A four-budget small-multiple source; no single budget is privileged
Wheat bran::RealV6_小麦麸_sample2,Wheat bran,-0.6781422151350917,2.479079357419419,9,9 measured sources,Random sampling,0.0992063492063492,selection frequency across 504 realizations,Main Figure 4A four-budget small-multiple source; no single budget is privileged
Wheat bran::RealV6_小麦麸_sample3,Wheat bran,-0.7675984447878866,1.676169519946852,9,9 measured sources,P2-PAM representative sampling (k-medoids),0.0,binary selected/not selected under the fixed structured selector,Main Figure 4A four-budget small-multiple source; no single budget is privileged
Wheat bran::RealV6_小麦麸_sample3,Wheat bran,-0.7675984447878866,1.676169519946852,9,9 measured sources,Response-surface-guided sampling,0.0,binary selected/not selected under the fixed structured selector,Main Figure 4A four-budget small-multiple source; no single budget is privileged
Wheat bran::RealV6_小麦麸_sample3,Wheat bran,-0.7675984447878866,1.676169519946852,9,9 measured sources,Random sampling,0.0992063492063492,selection frequency across 504 realizations,Main Figure 4A four-budget small-multiple source; no single budget is privileged
Wheat bran::RealV6_小麦麸_sample4,Wheat bran,-0.69734928938245,2.298028794179519,9,9 measured sources,P2-PAM representative sampling (k-medoids),1.0,binary selected/not selected under the fixed structured selector,Main Figure 4A four-budget small-multiple source; no single budget is privileged
Wheat bran::RealV6_小麦麸_sample4,Wheat bran,-0.69734928938245,2.298028794179519,9,9 measured sources,Response-surface-guided sampling,0.0,binary selected/not selected under the fixed structured selector,Main Figure 4A four-budget small-multiple source; no single budget is privileged
Wheat bran::RealV6_小麦麸_sample4,Wheat bran,-0.69734928938245,2.298028794179519,9,9 measured sources,Random sampling,0.09325396825396826,selection frequency across 504 realizations,Main Figure 4A four-budget small-multiple source; no single budget is privileged
Wheat bran::RealV6_小麦麸_sample5,Wheat bran,-0.8744866573499892,2.008320910149982,9,9 measured sources,P2-PAM representative sampling (k-medoids),0.0,binary selected/not selected under the fixed structured selector,Main Figure 4A four-budget small-multiple source; no single budget is privileged
Wheat bran::RealV6_小麦麸_sample5,Wheat bran,-0.8744866573499892,2.008320910149982,9,9 measured sources,Response-surface-guided sampling,0.0,binary selected/not selected under the fixed structured selector,Main Figure 4A four-budget small-multiple source; no single budget is privileged
Wheat bran::RealV6_小麦麸_sample5,Wheat bran,-0.8744866573499892,2.008320910149982,9,9 measured sources,Random sampling,0.1329365079365079,selection frequency across 504 realizations,Main Figure 4A four-budget small-multiple source; no single budget is privileged
Wheat bran::RealV6_小麦麸_sample6,Wheat bran,-0.6740286734764164,2.464974855290924,9,9 measured sources,P2-PAM representative sampling (k-medoids),0.0,binary selected/not selected under the fixed structured selector,Main Figure 4A four-budget small-multiple source; no single budget is privileged
Wheat bran::RealV6_小麦麸_sample6,Wheat bran,-0.6740286734764164,2.464974855290924,9,9 measured sources,Response-surface-guided sampling,0.0,binary selected/not selected under the fixed structured selector,Main Figure 4A four-budget small-multiple source; no single budget is privileged
Wheat bran::RealV6_小麦麸_sample6,Wheat bran,-0.6740286734764164,2.464974855290924,9,9 measured sources,Random sampling,0.07142857142857142,selection frequency across 504 realizations,Main Figure 4A four-budget small-multiple source; no single budget is privileged
Wheat bran::RealV6_小麦麸_sample7,Wheat bran,-0.9240156969430783,2.199386250020121,9,9 measured sources,P2-PAM representative sampling (k-medoids),0.0,binary selected/not selected under the fixed structured selector,Main Figure 4A four-budget small-multiple source; no single budget is privileged
Wheat bran::RealV6_小麦麸_sample7,Wheat bran,-0.9240156969430783,2.199386250020121,9,9 measured sources,Response-surface-guided sampling,1.0,binary selected/not selected under the fixed structured selector,Main Figure 4A four-budget small-multiple source; no single budget is privileged
Wheat bran::RealV6_小麦麸_sample7,Wheat bran,-0.9240156969430783,2.199386250020121,9,9 measured sources,Random sampling,0.07936507936507936,selection frequency across 504 realizations,Main Figure 4A four-budget small-multiple source; no single budget is privileged
Wheat bran::RealV6_小麦麸_sample8,Wheat bran,-0.4201084072438966,2.068428282470174,9,9 measured sources,P2-PAM representative sampling (k-medoids),0.0,binary selected/not selected under the fixed structured selector,Main Figure 4A four-budget small-multiple source; no single budget is privileged
Wheat bran::RealV6_小麦麸_sample8,Wheat bran,-0.4201084072438966,2.068428282470174,9,9 measured sources,Response-surface-guided sampling,0.0,binary selected/not selected under the fixed structured selector,Main Figure 4A four-budget small-multiple source; no single budget is privileged
Wheat bran::RealV6_小麦麸_sample8,Wheat bran,-0.4201084072438966,2.068428282470174,9,9 measured sources,Random sampling,0.130952380952381,selection frequency across 504 realizations,Main Figure 4A four-budget small-multiple source; no single budget is privileged
Wheat bran::RealV6_小麦麸_sample9,Wheat bran,-0.2833869331224793,1.86722837806579,9,9 measured sources,P2-PAM representative sampling (k-medoids),0.0,binary selected/not selected under the fixed structured selector,Main Figure 4A four-budget small-multiple source; no single budget is privileged
Wheat bran::RealV6_小麦麸_sample9,Wheat bran,-0.2833869331224793,1.86722837806579,9,9 measured sources,Response-surface-guided sampling,0.0,binary selected/not selected under the fixed structured selector,Main Figure 4A four-budget small-multiple source; no single budget is privileged
Wheat bran::RealV6_小麦麸_sample9,Wheat bran,-0.2833869331224793,1.86722837806579,9,9 measured sources,Random sampling,0.1111111111111111,selection frequency across 504 realizations,Main Figure 4A four-budget small-multiple source; no single budget is privileged
Wheat::RealV6_小麦_sample1,Wheat,-1.4791712655854,1.203318015932585,9,9 measured sources,P2-PAM representative sampling (k-medoids),0.0,binary selected/not selected under the fixed structured selector,Main Figure 4A four-budget small-multiple source; no single budget is privileged
Wheat::RealV6_小麦_sample1,Wheat,-1.4791712655854,1.203318015932585,9,9 measured sources,Response-surface-guided sampling,0.0,binary selected/not selected under the fixed structured selector,Main Figure 4A four-budget small-multiple source; no single budget is privileged
Wheat::RealV6_小麦_sample1,Wheat,-1.4791712655854,1.203318015932585,9,9 measured sources,Random sampling,0.1111111111111111,selection frequency across 504 realizations,Main Figure 4A four-budget small-multiple source; no single budget is privileged
Wheat::RealV6_小麦_sample10,Wheat,-0.03960045402839328,1.3113808599593,9,9 measured sources,P2-PAM representative sampling (k-medoids),0.0,binary selected/not selected under the fixed structured selector,Main Figure 4A four-budget small-multiple source; no single budget is privileged
Wheat::RealV6_小麦_sample10,Wheat,-0.03960045402839328,1.3113808599593,9,9 measured sources,Response-surface-guided sampling,0.0,binary selected/not selected under the fixed structured selector,Main Figure 4A four-budget small-multiple source; no single budget is privileged
Wheat::RealV6_小麦_sample10,Wheat,-0.03960045402839328,1.3113808599593,9,9 measured sources,Random sampling,0.09722222222222222,selection frequency across 504 realizations,Main Figure 4A four-budget small-multiple source; no single budget is privileged
Wheat::RealV6_小麦_sample2,Wheat,-2.303751145604298,0.4983580483291938,9,9 measured sources,P2-PAM representative sampling (k-medoids),0.0,binary selected/not selected under the fixed structured selector,Main Figure 4A four-budget small-multiple source; no single budget is privileged
Wheat::RealV6_小麦_sample2,Wheat,-2.303751145604298,0.4983580483291938,9,9 measured sources,Response-surface-guided sampling,0.0,binary selected/not selected under the fixed structured selector,Main Figure 4A four-budget small-multiple source; no single budget is privileged
Wheat::RealV6_小麦_sample2,Wheat,-2.303751145604298,0.4983580483291938,9,9 measured sources,Random sampling,0.08134920634920635,selection frequency across 504 realizations,Main Figure 4A four-budget small-multiple source; no single budget is privileged
Wheat::RealV6_小麦_sample3,Wheat,-1.14406631972923,1.137860852469261,9,9 measured sources,P2-PAM representative sampling (k-medoids),0.0,binary selected/not selected under the fixed structured selector,Main Figure 4A four-budget small-multiple source; no single budget is privileged
Wheat::RealV6_小麦_sample3,Wheat,-1.14406631972923,1.137860852469261,9,9 measured sources,Response-surface-guided sampling,0.0,binary selected/not selected under the fixed structured selector,Main Figure 4A four-budget small-multiple source; no single budget is privileged
Wheat::RealV6_小麦_sample3,Wheat,-1.14406631972923,1.137860852469261,9,9 measured sources,Random sampling,0.123015873015873,selection frequency across 504 realizations,Main Figure 4A four-budget small-multiple source; no single budget is privileged
Wheat::RealV6_小麦_sample4,Wheat,-0.9845561255765358,1.189681852828003,9,9 measured sources,P2-PAM representative sampling (k-medoids),0.0,binary selected/not selected under the fixed structured selector,Main Figure 4A four-budget small-multiple source; no single budget is privileged
Wheat::RealV6_小麦_sample4,Wheat,-0.9845561255765358,1.189681852828003,9,9 measured sources,Response-surface-guided sampling,0.0,binary selected/not selected under the fixed structured selector,Main Figure 4A four-budget small-multiple source; no single budget is privileged
Wheat::RealV6_小麦_sample4,Wheat,-0.9845561255765358,1.189681852828003,9,9 measured sources,Random sampling,0.07738095238095238,selection frequency across 504 realizations,Main Figure 4A four-budget small-multiple source; no single budget is privileged
Wheat::RealV6_小麦_sample5,Wheat,-0.8041855360547712,1.33843635841605,9,9 measured sources,P2-PAM representative sampling (k-medoids),0.0,binary selected/not selected under the fixed structured selector,Main Figure 4A four-budget small-multiple source; no single budget is privileged
Wheat::RealV6_小麦_sample5,Wheat,-0.8041855360547712,1.33843635841605,9,9 measured sources,Response-surface-guided sampling,1.0,binary selected/not selected under the fixed structured selector,Main Figure 4A four-budget small-multiple source; no single budget is privileged
Wheat::RealV6_小麦_sample5,Wheat,-0.8041855360547712,1.33843635841605,9,9 measured sources,Random sampling,0.08928571428571429,selection frequency across 504 realizations,Main Figure 4A four-budget small-multiple source; no single budget is privileged
Wheat::RealV6_小麦_sample6,Wheat,-1.096971905673422,1.192372571942845,9,9 measured sources,P2-PAM representative sampling (k-medoids),1.0,binary selected/not selected under the fixed structured selector,Main Figure 4A four-budget small-multiple source; no single budget is privileged
Wheat::RealV6_小麦_sample6,Wheat,-1.096971905673422,1.192372571942845,9,9 measured sources,Response-surface-guided sampling,0.0,binary selected/not selected under the fixed structured selector,Main Figure 4A four-budget small-multiple source; no single budget is privileged
Wheat::RealV6_小麦_sample6,Wheat,-1.096971905673422,1.192372571942845,9,9 measured sources,Random sampling,0.09523809523809523,selection frequency across 504 realizations,Main Figure 4A four-budget small-multiple source; no single budget is privileged
Wheat::RealV6_小麦_sample7,Wheat,-0.1782025062979659,1.097904335255373,9,9 measured sources,P2-PAM representative sampling (k-medoids),0.0,binary selected/not selected under the fixed structured selector,Main Figure 4A four-budget small-multiple source; no single budget is privileged
Wheat::RealV6_小麦_sample7,Wheat,-0.1782025062979659,1.097904335255373,9,9 measured sources,Response-surface-guided sampling,0.0,binary selected/not selected under the fixed structured selector,Main Figure 4A four-budget small-multiple source; no single budget is privileged
Wheat::RealV6_小麦_sample7,Wheat,-0.1782025062979659,1.097904335255373,9,9 measured sources,Random sampling,0.08928571428571429,selection frequency across 504 realizations,Main Figure 4A four-budget small-multiple source; no single budget is privileged
Wheat::RealV6_小麦_sample8,Wheat,-1.634835954879242,0.3193278892474737,9,9 measured sources,P2-PAM representative sampling (k-medoids),0.0,binary selected/not selected under the fixed structured selector,Main Figure 4A four-budget small-multiple source; no single budget is privileged
Wheat::RealV6_小麦_sample8,Wheat,-1.634835954879242,0.3193278892474737,9,9 measured sources,Response-surface-guided sampling,0.0,binary selected/not selected under the fixed structured selector,Main Figure 4A four-budget small-multiple source; no single budget is privileged
Wheat::RealV6_小麦_sample8,Wheat,-1.634835954879242,0.3193278892474737,9,9 measured sources,Random sampling,0.08928571428571429,selection frequency across 504 realizations,Main Figure 4A four-budget small-multiple source; no single budget is privileged
Wheat::RealV6_小麦_sample9,Wheat,-0.7606927523738574,0.8373209648834977,9,9 measured sources,P2-PAM representative sampling (k-medoids),0.0,binary selected/not selected under the fixed structured selector,Main Figure 4A four-budget small-multiple source; no single budget is privileged
Wheat::RealV6_小麦_sample9,Wheat,-0.7606927523738574,0.8373209648834977,9,9 measured sources,Response-surface-guided sampling,0.0,binary selected/not selected under the fixed structured selector,Main Figure 4A four-budget small-multiple source; no single budget is privileged
Wheat::RealV6_小麦_sample9,Wheat,-0.7606927523738574,0.8373209648834977,9,9 measured sources,Random sampling,0.0992063492063492,selection frequency across 504 realizations,Main Figure 4A four-budget small-multiple source; no single budget is privileged
Barley::RealV6_大麦_sample1,Barley,-1.978853503846387,1.28100516437496,12,12 measured sources,P2-PAM representative sampling (k-medoids),0.0,binary selected/not selected under the fixed structured selector,Main Figure 4A four-budget small-multiple source; no single budget is privileged
Barley::RealV6_大麦_sample1,Barley,-1.978853503846387,1.28100516437496,12,12 measured sources,Response-surface-guided sampling,0.0,binary selected/not selected under the fixed structured selector,Main Figure 4A four-budget small-multiple source; no single budget is privileged
Barley::RealV6_大麦_sample1,Barley,-1.978853503846387,1.28100516437496,12,12 measured sources,Random sampling,0.1349206349206349,selection frequency across 504 realizations,Main Figure 4A four-budget small-multiple source; no single budget is privileged
Barley::RealV6_大麦_sample10,Barley,-0.7940239436287604,-0.3471545673613018,12,12 measured sources,P2-PAM representative sampling (k-medoids),0.0,binary selected/not selected under the fixed structured selector,Main Figure 4A four-budget small-multiple source; no single budget is privileged
Barley::RealV6_大麦_sample10,Barley,-0.7940239436287604,-0.3471545673613018,12,12 measured sources,Response-surface-guided sampling,0.0,binary selected/not selected under the fixed structured selector,Main Figure 4A four-budget small-multiple source; no single budget is privileged
Barley::RealV6_大麦_sample10,Barley,-0.7940239436287604,-0.3471545673613018,12,12 measured sources,Random sampling,0.1349206349206349,selection frequency across 504 realizations,Main Figure 4A four-budget small-multiple source; no single budget is privileged
Barley::RealV6_大麦_sample2,Barley,-2.09688003728454,1.23234488746658,12,12 measured sources,P2-PAM representative sampling (k-medoids),1.0,binary selected/not selected under the fixed structured selector,Main Figure 4A four-budget small-multiple source; no single budget is privileged
Barley::RealV6_大麦_sample2,Barley,-2.09688003728454,1.23234488746658,12,12 measured sources,Response-surface-guided sampling,0.0,binary selected/not selected under the fixed structured selector,Main Figure 4A four-budget small-multiple source; no single budget is privileged
Barley::RealV6_大麦_sample2,Barley,-2.09688003728454,1.23234488746658,12,12 measured sources,Random sampling,0.1587301587301587,selection frequency across 504 realizations,Main Figure 4A four-budget small-multiple source; no single budget is privileged
Barley::RealV6_大麦_sample3,Barley,-2.013248069671713,0.8612331738391538,12,12 measured sources,P2-PAM representative sampling (k-medoids),0.0,binary selected/not selected under the fixed structured selector,Main Figure 4A four-budget small-multiple source; no single budget is privileged
Barley::RealV6_大麦_sample3,Barley,-2.013248069671713,0.8612331738391538,12,12 measured sources,Response-surface-guided sampling,0.0,binary selected/not selected under the fixed structured selector,Main Figure 4A four-budget small-multiple source; no single budget is privileged
Barley::RealV6_大麦_sample3,Barley,-2.013248069671713,0.8612331738391538,12,12 measured sources,Random sampling,0.1091269841269841,selection frequency across 504 realizations,Main Figure 4A four-budget small-multiple source; no single budget is privileged
Barley::RealV6_大麦_sample4,Barley,-2.047807971847043,0.5664866077627769,12,12 measured sources,P2-PAM representative sampling (k-medoids),0.0,binary selected/not selected under the fixed structured selector,Main Figure 4A four-budget small-multiple source; no single budget is privileged
Barley::RealV6_大麦_sample4,Barley,-2.047807971847043,0.5664866077627769,12,12 measured sources,Response-surface-guided sampling,0.0,binary selected/not selected under the fixed structured selector,Main Figure 4A four-budget small-multiple source; no single budget is privileged
Barley::RealV6_大麦_sample4,Barley,-2.047807971847043,0.5664866077627769,12,12 measured sources,Random sampling,0.1428571428571428,selection frequency across 504 realizations,Main Figure 4A four-budget small-multiple source; no single budget is privileged
Barley::RealV6_大麦_sample5,Barley,-2.048952261265228,0.7439586970501483,12,12 measured sources,P2-PAM representative sampling (k-medoids),0.0,binary selected/not selected under the fixed structured selector,Main Figure 4A four-budget small-multiple source; no single budget is privileged
Barley::RealV6_大麦_sample5,Barley,-2.048952261265228,0.7439586970501483,12,12 measured sources,Response-surface-guided sampling,0.0,binary selected/not selected under the fixed structured selector,Main Figure 4A four-budget small-multiple source; no single budget is privileged
Barley::RealV6_大麦_sample5,Barley,-2.048952261265228,0.7439586970501483,12,12 measured sources,Random sampling,0.1329365079365079,selection frequency across 504 realizations,Main Figure 4A four-budget small-multiple source; no single budget is privileged
Barley::RealV6_大麦_sample6,Barley,-1.788410382208668,1.048315580595123,12,12 measured sources,P2-PAM representative sampling (k-medoids),0.0,binary selected/not selected under the fixed structured selector,Main Figure 4A four-budget small-multiple source; no single budget is privileged
Barley::RealV6_大麦_sample6,Barley,-1.788410382208668,1.048315580595123,12,12 measured sources,Response-surface-guided sampling,1.0,binary selected/not selected under the fixed structured selector,Main Figure 4A four-budget small-multiple source; no single budget is privileged
Barley::RealV6_大麦_sample6,Barley,-1.788410382208668,1.048315580595123,12,12 measured sources,Random sampling,0.1388888888888889,selection frequency across 504 realizations,Main Figure 4A four-budget small-multiple source; no single budget is privileged
Barley::RealV6_大麦_sample7,Barley,-1.198317666381324,0.9901363228069637,12,12 measured sources,P2-PAM representative sampling (k-medoids),0.0,binary selected/not selected under the fixed structured selector,Main Figure 4A four-budget small-multiple source; no single budget is privileged
Barley::RealV6_大麦_sample7,Barley,-1.198317666381324,0.9901363228069637,12,12 measured sources,Response-surface-guided sampling,0.0,binary selected/not selected under the fixed structured selector,Main Figure 4A four-budget small-multiple source; no single budget is privileged
Barley::RealV6_大麦_sample7,Barley,-1.198317666381324,0.9901363228069637,12,12 measured sources,Random sampling,0.1448412698412699,selection frequency across 504 realizations,Main Figure 4A four-budget small-multiple source; no single budget is privileged
Barley::RealV6_大麦_sample8,Barley,-1.17343672248284,0.2886370288234412,12,12 measured sources,P2-PAM representative sampling (k-medoids),0.0,binary selected/not selected under the fixed structured selector,Main Figure 4A four-budget small-multiple source; no single budget is privileged
Barley::RealV6_大麦_sample8,Barley,-1.17343672248284,0.2886370288234412,12,12 measured sources,Response-surface-guided sampling,0.0,binary selected/not selected under the fixed structured selector,Main Figure 4A four-budget small-multiple source; no single budget is privileged
Barley::RealV6_大麦_sample8,Barley,-1.17343672248284,0.2886370288234412,12,12 measured sources,Random sampling,0.123015873015873,selection frequency across 504 realizations,Main Figure 4A four-budget small-multiple source; no single budget is privileged
Barley::RealV6_大麦_sample9,Barley,-0.7246484066609943,-0.05431291206354182,12,12 measured sources,P2-PAM representative sampling (k-medoids),0.0,binary selected/not selected under the fixed structured selector,Main Figure 4A four-budget small-multiple source; no single budget is privileged
Barley::RealV6_大麦_sample9,Barley,-0.7246484066609943,-0.05431291206354182,12,12 measured sources,Response-surface-guided sampling,0.0,binary selected/not selected under the fixed structured selector,Main Figure 4A four-budget small-multiple source; no single budget is privileged
Barley::RealV6_大麦_sample9,Barley,-0.7246484066609943,-0.05431291206354182,12,12 measured sources,Random sampling,0.1507936507936508,selection frequency across 504 realizations,Main Figure 4A four-budget small-multiple source; no single budget is privileged
Brown rice::RealV6_糙米_sample1,Brown rice,-0.04182693366288238,-1.759633212384153,12,12 measured sources,P2-PAM representative sampling (k-medoids),0.0,binary selected/not selected under the fixed structured selector,Main Figure 4A four-budget small-multiple source; no single budget is privileged
Brown rice::RealV6_糙米_sample1,Brown rice,-0.04182693366288238,-1.759633212384153,12,12 measured sources,Response-surface-guided sampling,0.0,binary selected/not selected under the fixed structured selector,Main Figure 4A four-budget small-multiple source; no single budget is privileged
Brown rice::RealV6_糙米_sample1,Brown rice,-0.04182693366288238,-1.759633212384153,12,12 measured sources,Random sampling,0.1428571428571428,selection frequency across 504 realizations,Main Figure 4A four-budget small-multiple source; no single budget is privileged
Brown rice::RealV6_糙米_sample10,Brown rice,0.1887360288817009,-1.379389418420823,12,12 measured sources,P2-PAM representative sampling (k-medoids),0.0,binary selected/not selected under the fixed structured selector,Main Figure 4A four-budget small-multiple source; no single budget is privileged
Brown rice::RealV6_糙米_sample10,Brown rice,0.1887360288817009,-1.379389418420823,12,12 measured sources,Response-surface-guided sampling,0.0,binary selected/not selected under the fixed structured selector,Main Figure 4A four-budget small-multiple source; no single budget is privileged
Brown rice::RealV6_糙米_sample10,Brown rice,0.1887360288817009,-1.379389418420823,12,12 measured sources,Random sampling,0.1349206349206349,selection frequency across 504 realizations,Main Figure 4A four-budget small-multiple source; no single budget is privileged
Brown rice::RealV6_糙米_sample2,Brown rice,-0.747803194774878,-2.03770938615718,12,12 measured sources,P2-PAM representative sampling (k-medoids),0.0,binary selected/not selected under the fixed structured selector,Main Figure 4A four-budget small-multiple source; no single budget is privileged
Brown rice::RealV6_糙米_sample2,Brown rice,-0.747803194774878,-2.03770938615718,12,12 measured sources,Response-surface-guided sampling,0.0,binary selected/not selected under the fixed structured selector,Main Figure 4A four-budget small-multiple source; no single budget is privileged
Brown rice::RealV6_糙米_sample2,Brown rice,-0.747803194774878,-2.03770938615718,12,12 measured sources,Random sampling,0.09126984126984126,selection frequency across 504 realizations,Main Figure 4A four-budget small-multiple source; no single budget is privileged
Brown rice::RealV6_糙米_sample3,Brown rice,1.055609097952348,-1.051722420152651,12,12 measured sources,P2-PAM representative sampling (k-medoids),1.0,binary selected/not selected under the fixed structured selector,Main Figure 4A four-budget small-multiple source; no single budget is privileged
Brown rice::RealV6_糙米_sample3,Brown rice,1.055609097952348,-1.051722420152651,12,12 measured sources,Response-surface-guided sampling,0.0,binary selected/not selected under the fixed structured selector,Main Figure 4A four-budget small-multiple source; no single budget is privileged
Brown rice::RealV6_糙米_sample3,Brown rice,1.055609097952348,-1.051722420152651,12,12 measured sources,Random sampling,0.1408730158730159,selection frequency across 504 realizations,Main Figure 4A four-budget small-multiple source; no single budget is privileged
Brown rice::RealV6_糙米_sample4,Brown rice,0.0172091063093247,-1.486067749387112,12,12 measured sources,P2-PAM representative sampling (k-medoids),0.0,binary selected/not selected under the fixed structured selector,Main Figure 4A four-budget small-multiple source; no single budget is privileged
Brown rice::RealV6_糙米_sample4,Brown rice,0.0172091063093247,-1.486067749387112,12,12 measured sources,Response-surface-guided sampling,0.0,binary selected/not selected under the fixed structured selector,Main Figure 4A four-budget small-multiple source; no single budget is privileged
Brown rice::RealV6_糙米_sample4,Brown rice,0.0172091063093247,-1.486067749387112,12,12 measured sources,Random sampling,0.1468253968253968,selection frequency across 504 realizations,Main Figure 4A four-budget small-multiple source; no single budget is privileged
Brown rice::RealV6_糙米_sample5,Brown rice,-1.45274677410137,-2.315859257305906,12,12 measured sources,P2-PAM representative sampling (k-medoids),0.0,binary selected/not selected under the fixed structured selector,Main Figure 4A four-budget small-multiple source; no single budget is privileged
Brown rice::RealV6_糙米_sample5,Brown rice,-1.45274677410137,-2.315859257305906,12,12 measured sources,Response-surface-guided sampling,0.0,binary selected/not selected under the fixed structured selector,Main Figure 4A four-budget small-multiple source; no single budget is privileged
Brown rice::RealV6_糙米_sample5,Brown rice,-1.45274677410137,-2.315859257305906,12,12 measured sources,Random sampling,0.128968253968254,selection frequency across 504 realizations,Main Figure 4A four-budget small-multiple source; no single budget is privileged
Brown rice::RealV6_糙米_sample6,Brown rice,-0.3418417394656088,-1.729517984758093,12,12 measured sources,P2-PAM representative sampling (k-medoids),0.0,binary selected/not selected under the fixed structured selector,Main Figure 4A four-budget small-multiple source; no single budget is privileged
Brown rice::RealV6_糙米_sample6,Brown rice,-0.3418417394656088,-1.729517984758093,12,12 measured sources,Response-surface-guided sampling,0.0,binary selected/not selected under the fixed structured selector,Main Figure 4A four-budget small-multiple source; no single budget is privileged
Brown rice::RealV6_糙米_sample6,Brown rice,-0.3418417394656088,-1.729517984758093,12,12 measured sources,Random sampling,0.1567460317460317,selection frequency across 504 realizations,Main Figure 4A four-budget small-multiple source; no single budget is privileged
Brown rice::RealV6_糙米_sample7,Brown rice,1.424089213857041,-0.9570798051674237,12,12 measured sources,P2-PAM representative sampling (k-medoids),0.0,binary selected/not selected under the fixed structured selector,Main Figure 4A four-budget small-multiple source; no single budget is privileged
Brown rice::RealV6_糙米_sample7,Brown rice,1.424089213857041,-0.9570798051674237,12,12 measured sources,Response-surface-guided sampling,1.0,binary selected/not selected under the fixed structured selector,Main Figure 4A four-budget small-multiple source; no single budget is privileged
Brown rice::RealV6_糙米_sample7,Brown rice,1.424089213857041,-0.9570798051674237,12,12 measured sources,Random sampling,0.123015873015873,selection frequency across 504 realizations,Main Figure 4A four-budget small-multiple source; no single budget is privileged
Brown rice::RealV6_糙米_sample8,Brown rice,-0.5721213586535814,-1.852737144722216,12,12 measured sources,P2-PAM representative sampling (k-medoids),1.0,binary selected/not selected under the fixed structured selector,Main Figure 4A four-budget small-multiple source; no single budget is privileged
Brown rice::RealV6_糙米_sample8,Brown rice,-0.5721213586535814,-1.852737144722216,12,12 measured sources,Response-surface-guided sampling,1.0,binary selected/not selected under the fixed structured selector,Main Figure 4A four-budget small-multiple source; no single budget is privileged
Brown rice::RealV6_糙米_sample8,Brown rice,-0.5721213586535814,-1.852737144722216,12,12 measured sources,Random sampling,0.1369047619047619,selection frequency across 504 realizations,Main Figure 4A four-budget small-multiple source; no single budget is privileged
Brown rice::RealV6_糙米_sample9,Brown rice,-1.079589580506131,-2.037403474501972,12,12 measured sources,P2-PAM representative sampling (k-medoids),0.0,binary selected/not selected under the fixed structured selector,Main Figure 4A four-budget small-multiple source; no single budget is privileged
Brown rice::RealV6_糙米_sample9,Brown rice,-1.079589580506131,-2.037403474501972,12,12 measured sources,Response-surface-guided sampling,0.0,binary selected/not selected under the fixed structured selector,Main Figure 4A four-budget small-multiple source; no single budget is privileged
Brown rice::RealV6_糙米_sample9,Brown rice,-1.079589580506131,-2.037403474501972,12,12 measured sources,Random sampling,0.1031746031746032,selection frequency across 504 realizations,Main Figure 4A four-budget small-multiple source; no single budget is privileged
Cassava::RealV6_木薯_sample1,Cassava,0.8232101943681034,-3.313161646362198,12,12 measured sources,P2-PAM representative sampling (k-medoids),0.0,binary selected/not selected under the fixed structured selector,Main Figure 4A four-budget small-multiple source; no single budget is privileged
Cassava::RealV6_木薯_sample1,Cassava,0.8232101943681034,-3.313161646362198,12,12 measured sources,Response-surface-guided sampling,0.0,binary selected/not selected under the fixed structured selector,Main Figure 4A four-budget small-multiple source; no single budget is privileged
Cassava::RealV6_木薯_sample1,Cassava,0.8232101943681034,-3.313161646362198,12,12 measured sources,Random sampling,0.1408730158730159,selection frequency across 504 realizations,Main Figure 4A four-budget small-multiple source; no single budget is privileged
Cassava::RealV6_木薯_sample10,Cassava,0.5299866661970197,-2.893670086261805,12,12 measured sources,P2-PAM representative sampling (k-medoids),0.0,binary selected/not selected under the fixed structured selector,Main Figure 4A four-budget small-multiple source; no single budget is privileged
Cassava::RealV6_木薯_sample10,Cassava,0.5299866661970197,-2.893670086261805,12,12 measured sources,Response-surface-guided sampling,0.0,binary selected/not selected under the fixed structured selector,Main Figure 4A four-budget small-multiple source; no single budget is privileged
Cassava::RealV6_木薯_sample10,Cassava,0.5299866661970197,-2.893670086261805,12,12 measured sources,Random sampling,0.1369047619047619,selection frequency across 504 realizations,Main Figure 4A four-budget small-multiple source; no single budget is privileged
Cassava::RealV6_木薯_sample2,Cassava,0.6785566912389767,-3.535046875545175,12,12 measured sources,P2-PAM representative sampling (k-medoids),0.0,binary selected/not selected under the fixed structured selector,Main Figure 4A four-budget small-multiple source; no single budget is privileged
Cassava::RealV6_木薯_sample2,Cassava,0.6785566912389767,-3.535046875545175,12,12 measured sources,Response-surface-guided sampling,0.0,binary selected/not selected under the fixed structured selector,Main Figure 4A four-budget small-multiple source; no single budget is privileged
Cassava::RealV6_木薯_sample2,Cassava,0.6785566912389767,-3.535046875545175,12,12 measured sources,Random sampling,0.1051587301587302,selection frequency across 504 realizations,Main Figure 4A four-budget small-multiple source; no single budget is privileged
Cassava::RealV6_木薯_sample3,Cassava,0.5303034373596398,-3.106859567078819,12,12 measured sources,P2-PAM representative sampling (k-medoids),0.0,binary selected/not selected under the fixed structured selector,Main Figure 4A four-budget small-multiple source; no single budget is privileged
Cassava::RealV6_木薯_sample3,Cassava,0.5303034373596398,-3.106859567078819,12,12 measured sources,Response-surface-guided sampling,1.0,binary selected/not selected under the fixed structured selector,Main Figure 4A four-budget small-multiple source; no single budget is privileged
Cassava::RealV6_木薯_sample3,Cassava,0.5303034373596398,-3.106859567078819,12,12 measured sources,Random sampling,0.1091269841269841,selection frequency across 504 realizations,Main Figure 4A four-budget small-multiple source; no single budget is privileged
Cassava::RealV6_木薯_sample4,Cassava,0.1720896722508738,-2.554198339143862,12,12 measured sources,P2-PAM representative sampling (k-medoids),0.0,binary selected/not selected under the fixed structured selector,Main Figure 4A four-budget small-multiple source; no single budget is privileged
Cassava::RealV6_木薯_sample4,Cassava,0.1720896722508738,-2.554198339143862,12,12 measured sources,Response-surface-guided sampling,0.0,binary selected/not selected under the fixed structured selector,Main Figure 4A four-budget small-multiple source; no single budget is privileged
Cassava::RealV6_木薯_sample4,Cassava,0.1720896722508738,-2.554198339143862,12,12 measured sources,Random sampling,0.1468253968253968,selection frequency across 504 realizations,Main Figure 4A four-budget small-multiple source; no single budget is privileged
Cassava::RealV6_木薯_sample5,Cassava,0.5576893798126512,-2.930087856146992,12,12 measured sources,P2-PAM representative sampling (k-medoids),0.0,binary selected/not selected under the fixed structured selector,Main Figure 4A four-budget small-multiple source; no single budget is privileged
Cassava::RealV6_木薯_sample5,Cassava,0.5576893798126512,-2.930087856146992,12,12 measured sources,Response-surface-guided sampling,0.0,binary selected/not selected under the fixed structured selector,Main Figure 4A four-budget small-multiple source; no single budget is privileged
Cassava::RealV6_木薯_sample5,Cassava,0.5576893798126512,-2.930087856146992,12,12 measured sources,Random sampling,0.1130952380952381,selection frequency across 504 realizations,Main Figure 4A four-budget small-multiple source; no single budget is privileged
Cassava::RealV6_木薯_sample6,Cassava,-0.8360923070415075,-3.049464806118369,12,12 measured sources,P2-PAM representative sampling (k-medoids),0.0,binary selected/not selected under the fixed structured selector,Main Figure 4A four-budget small-multiple source; no single budget is privileged
Cassava::RealV6_木薯_sample6,Cassava,-0.8360923070415075,-3.049464806118369,12,12 measured sources,Response-surface-guided sampling,0.0,binary selected/not selected under the fixed structured selector,Main Figure 4A four-budget small-multiple source; no single budget is privileged
Cassava::RealV6_木薯_sample6,Cassava,-0.8360923070415075,-3.049464806118369,12,12 measured sources,Random sampling,0.1170634920634921,selection frequency across 504 realizations,Main Figure 4A four-budget small-multiple source; no single budget is privileged
Cassava::RealV6_木薯_sample7,Cassava,-0.1333303391821832,-3.207213181121578,12,12 measured sources,P2-PAM representative sampling (k-medoids),0.0,binary selected/not selected under the fixed structured selector,Main Figure 4A four-budget small-multiple source; no single budget is privileged
Cassava::RealV6_木薯_sample7,Cassava,-0.1333303391821832,-3.207213181121578,12,12 measured sources,Response-surface-guided sampling,0.0,binary selected/not selected under the fixed structured selector,Main Figure 4A four-budget small-multiple source; no single budget is privileged
Cassava::RealV6_木薯_sample7,Cassava,-0.1333303391821832,-3.207213181121578,12,12 measured sources,Random sampling,0.1468253968253968,selection frequency across 504 realizations,Main Figure 4A four-budget small-multiple source; no single budget is privileged
Cassava::RealV6_木薯_sample8,Cassava,0.124220585401976,-2.672811255094662,12,12 measured sources,P2-PAM representative sampling (k-medoids),1.0,binary selected/not selected under the fixed structured selector,Main Figure 4A four-budget small-multiple source; no single budget is privileged
Cassava::RealV6_木薯_sample8,Cassava,0.124220585401976,-2.672811255094662,12,12 measured sources,Response-surface-guided sampling,1.0,binary selected/not selected under the fixed structured selector,Main Figure 4A four-budget small-multiple source; no single budget is privileged
Cassava::RealV6_木薯_sample8,Cassava,0.124220585401976,-2.672811255094662,12,12 measured sources,Random sampling,0.1349206349206349,selection frequency across 504 realizations,Main Figure 4A four-budget small-multiple source; no single budget is privileged
Cassava::RealV6_木薯_sample9,Cassava,0.3940315858700931,-3.03265443597257,12,12 measured sources,P2-PAM representative sampling (k-medoids),1.0,binary selected/not selected under the fixed structured selector,Main Figure 4A four-budget small-multiple source; no single budget is privileged
Cassava::RealV6_木薯_sample9,Cassava,0.3940315858700931,-3.03265443597257,12,12 measured sources,Response-surface-guided sampling,0.0,binary selected/not selected under the fixed structured selector,Main Figure 4A four-budget small-multiple source; no single budget is privileged
Cassava::RealV6_木薯_sample9,Cassava,0.3940315858700931,-3.03265443597257,12,12 measured sources,Random sampling,0.1329365079365079,selection frequency across 504 realizations,Main Figure 4A four-budget small-multiple source; no single budget is privileged
Paddy rice::RealV6_稻谷_sample1,Paddy rice,-1.049226983394747,-0.02751743003969962,12,12 measured sources,P2-PAM representative sampling (k-medoids),0.0,binary selected/not selected under the fixed structured selector,Main Figure 4A four-budget small-multiple source; no single budget is privileged
Paddy rice::RealV6_稻谷_sample1,Paddy rice,-1.049226983394747,-0.02751743003969962,12,12 measured sources,Response-surface-guided sampling,0.0,binary selected/not selected under the fixed structured selector,Main Figure 4A four-budget small-multiple source; no single budget is privileged
Paddy rice::RealV6_稻谷_sample1,Paddy rice,-1.049226983394747,-0.02751743003969962,12,12 measured sources,Random sampling,0.1031746031746032,selection frequency across 504 realizations,Main Figure 4A four-budget small-multiple source; no single budget is privileged
Paddy rice::RealV6_稻谷_sample10,Paddy rice,-1.151277711811641,-0.6542412091819854,12,12 measured sources,P2-PAM representative sampling (k-medoids),0.0,binary selected/not selected under the fixed structured selector,Main Figure 4A four-budget small-multiple source; no single budget is privileged
Paddy rice::RealV6_稻谷_sample10,Paddy rice,-1.151277711811641,-0.6542412091819854,12,12 measured sources,Response-surface-guided sampling,0.0,binary selected/not selected under the fixed structured selector,Main Figure 4A four-budget small-multiple source; no single budget is privileged
Paddy rice::RealV6_稻谷_sample10,Paddy rice,-1.151277711811641,-0.6542412091819854,12,12 measured sources,Random sampling,0.1349206349206349,selection frequency across 504 realizations,Main Figure 4A four-budget small-multiple source; no single budget is privileged
Paddy rice::RealV6_稻谷_sample11,Paddy rice,-0.8610746980945883,-0.1596332987387645,12,12 measured sources,P2-PAM representative sampling (k-medoids),0.0,binary selected/not selected under the fixed structured selector,Main Figure 4A four-budget small-multiple source; no single budget is privileged
Paddy rice::RealV6_稻谷_sample11,Paddy rice,-0.8610746980945883,-0.1596332987387645,12,12 measured sources,Response-surface-guided sampling,0.0,binary selected/not selected under the fixed structured selector,Main Figure 4A four-budget small-multiple source; no single budget is privileged
Paddy rice::RealV6_稻谷_sample11,Paddy rice,-0.8610746980945883,-0.1596332987387645,12,12 measured sources,Random sampling,0.1388888888888889,selection frequency across 504 realizations,Main Figure 4A four-budget small-multiple source; no single budget is privileged
Paddy rice::RealV6_稻谷_sample2,Paddy rice,-1.360809962074584,0.01761720251415357,12,12 measured sources,P2-PAM representative sampling (k-medoids),0.0,binary selected/not selected under the fixed structured selector,Main Figure 4A four-budget small-multiple source; no single budget is privileged
Paddy rice::RealV6_稻谷_sample2,Paddy rice,-1.360809962074584,0.01761720251415357,12,12 measured sources,Response-surface-guided sampling,0.0,binary selected/not selected under the fixed structured selector,Main Figure 4A four-budget small-multiple source; no single budget is privileged
Paddy rice::RealV6_稻谷_sample2,Paddy rice,-1.360809962074584,0.01761720251415357,12,12 measured sources,Random sampling,0.119047619047619,selection frequency across 504 realizations,Main Figure 4A four-budget small-multiple source; no single budget is privileged
Paddy rice::RealV6_稻谷_sample3,Paddy rice,-1.494938022830528,-0.1269813493654587,12,12 measured sources,P2-PAM representative sampling (k-medoids),0.0,binary selected/not selected under the fixed structured selector,Main Figure 4A four-budget small-multiple source; no single budget is privileged
Paddy rice::RealV6_稻谷_sample3,Paddy rice,-1.494938022830528,-0.1269813493654587,12,12 measured sources,Response-surface-guided sampling,0.0,binary selected/not selected under the fixed structured selector,Main Figure 4A four-budget small-multiple source; no single budget is privileged
Paddy rice::RealV6_稻谷_sample3,Paddy rice,-1.494938022830528,-0.1269813493654587,12,12 measured sources,Random sampling,0.119047619047619,selection frequency across 504 realizations,Main Figure 4A four-budget small-multiple source; no single budget is privileged
Paddy rice::RealV6_稻谷_sample4,Paddy rice,-0.6467541096601823,0.09434723698567446,12,12 measured sources,P2-PAM representative sampling (k-medoids),0.0,binary selected/not selected under the fixed structured selector,Main Figure 4A four-budget small-multiple source; no single budget is privileged
Paddy rice::RealV6_稻谷_sample4,Paddy rice,-0.6467541096601823,0.09434723698567446,12,12 measured sources,Response-surface-guided sampling,0.0,binary selected/not selected under the fixed structured selector,Main Figure 4A four-budget small-multiple source; no single budget is privileged
Paddy rice::RealV6_稻谷_sample4,Paddy rice,-0.6467541096601823,0.09434723698567446,12,12 measured sources,Random sampling,0.1091269841269841,selection frequency across 504 realizations,Main Figure 4A four-budget small-multiple source; no single budget is privileged
Paddy rice::RealV6_稻谷_sample5,Paddy rice,-1.118435867235355,-0.1538776348551149,12,12 measured sources,P2-PAM representative sampling (k-medoids),0.0,binary selected/not selected under the fixed structured selector,Main Figure 4A four-budget small-multiple source; no single budget is privileged
Paddy rice::RealV6_稻谷_sample5,Paddy rice,-1.118435867235355,-0.1538776348551149,12,12 measured sources,Response-surface-guided sampling,0.0,binary selected/not selected under the fixed structured selector,Main Figure 4A four-budget small-multiple source; no single budget is privileged
Paddy rice::RealV6_稻谷_sample5,Paddy rice,-1.118435867235355,-0.1538776348551149,12,12 measured sources,Random sampling,0.1428571428571428,selection frequency across 504 realizations,Main Figure 4A four-budget small-multiple source; no single budget is privileged
Paddy rice::RealV6_稻谷_sample6,Paddy rice,-0.7548630089144087,-0.1740931016173472,12,12 measured sources,P2-PAM representative sampling (k-medoids),1.0,binary selected/not selected under the fixed structured selector,Main Figure 4A four-budget small-multiple source; no single budget is privileged
Paddy rice::RealV6_稻谷_sample6,Paddy rice,-0.7548630089144087,-0.1740931016173472,12,12 measured sources,Response-surface-guided sampling,1.0,binary selected/not selected under the fixed structured selector,Main Figure 4A four-budget small-multiple source; no single budget is privileged
Paddy rice::RealV6_稻谷_sample6,Paddy rice,-0.7548630089144087,-0.1740931016173472,12,12 measured sources,Random sampling,0.125,selection frequency across 504 realizations,Main Figure 4A four-budget small-multiple source; no single budget is privileged
Paddy rice::RealV6_稻谷_sample7,Paddy rice,-0.6138062526032789,0.2345396624011448,12,12 measured sources,P2-PAM representative sampling (k-medoids),0.0,binary selected/not selected under the fixed structured selector,Main Figure 4A four-budget small-multiple source; no single budget is privileged
Paddy rice::RealV6_稻谷_sample7,Paddy rice,-0.6138062526032789,0.2345396624011448,12,12 measured sources,Response-surface-guided sampling,0.0,binary selected/not selected under the fixed structured selector,Main Figure 4A four-budget small-multiple source; no single budget is privileged
Paddy rice::RealV6_稻谷_sample7,Paddy rice,-0.6138062526032789,0.2345396624011448,12,12 measured sources,Random sampling,0.1369047619047619,selection frequency across 504 realizations,Main Figure 4A four-budget small-multiple source; no single budget is privileged
Paddy rice::RealV6_稻谷_sample8,Paddy rice,-0.783854449792459,-0.2022156406202125,12,12 measured sources,P2-PAM representative sampling (k-medoids),0.0,binary selected/not selected under the fixed structured selector,Main Figure 4A four-budget small-multiple source; no single budget is privileged
Paddy rice::RealV6_稻谷_sample8,Paddy rice,-0.783854449792459,-0.2022156406202125,12,12 measured sources,Response-surface-guided sampling,0.0,binary selected/not selected under the fixed structured selector,Main Figure 4A four-budget small-multiple source; no single budget is privileged
Paddy rice::RealV6_稻谷_sample8,Paddy rice,-0.783854449792459,-0.2022156406202125,12,12 measured sources,Random sampling,0.1408730158730159,selection frequency across 504 realizations,Main Figure 4A four-budget small-multiple source; no single budget is privileged
Paddy rice::RealV6_稻谷_sample9,Paddy rice,-1.368749690108878,-0.4171046167821867,12,12 measured sources,P2-PAM representative sampling (k-medoids),0.0,binary selected/not selected under the fixed structured selector,Main Figure 4A four-budget small-multiple source; no single budget is privileged
Paddy rice::RealV6_稻谷_sample9,Paddy rice,-1.368749690108878,-0.4171046167821867,12,12 measured sources,Response-surface-guided sampling,0.0,binary selected/not selected under the fixed structured selector,Main Figure 4A four-budget small-multiple source; no single budget is privileged
Paddy rice::RealV6_稻谷_sample9,Paddy rice,-1.368749690108878,-0.4171046167821867,12,12 measured sources,Random sampling,0.125,selection frequency across 504 realizations,Main Figure 4A four-budget small-multiple source; no single budget is privileged
Rapeseed cake::RealV6_菜籽饼_sample1,Rapeseed cake,5.04524696099477,2.05048270675393,12,12 measured sources,P2-PAM representative sampling (k-medoids),0.0,binary selected/not selected under the fixed structured selector,Main Figure 4A four-budget small-multiple source; no single budget is privileged
Rapeseed cake::RealV6_菜籽饼_sample1,Rapeseed cake,5.04524696099477,2.05048270675393,12,12 measured sources,Response-surface-guided sampling,0.0,binary selected/not selected under the fixed structured selector,Main Figure 4A four-budget small-multiple source; no single budget is privileged
Rapeseed cake::RealV6_菜籽饼_sample1,Rapeseed cake,5.04524696099477,2.05048270675393,12,12 measured sources,Random sampling,0.1527777777777778,selection frequency across 504 realizations,Main Figure 4A four-budget small-multiple source; no single budget is privileged
Rapeseed cake::RealV6_菜籽饼_sample10,Rapeseed cake,6.089515143534276,0.08607258387633064,12,12 measured sources,P2-PAM representative sampling (k-medoids),0.0,binary selected/not selected under the fixed structured selector,Main Figure 4A four-budget small-multiple source; no single budget is privileged
Rapeseed cake::RealV6_菜籽饼_sample10,Rapeseed cake,6.089515143534276,0.08607258387633064,12,12 measured sources,Response-surface-guided sampling,0.0,binary selected/not selected under the fixed structured selector,Main Figure 4A four-budget small-multiple source; no single budget is privileged
Rapeseed cake::RealV6_菜籽饼_sample10,Rapeseed cake,6.089515143534276,0.08607258387633064,12,12 measured sources,Random sampling,0.1349206349206349,selection frequency across 504 realizations,Main Figure 4A four-budget small-multiple source; no single budget is privileged
Rapeseed cake::RealV6_菜籽饼_sample2,Rapeseed cake,4.141600373792804,1.575114431807148,12,12 measured sources,P2-PAM representative sampling (k-medoids),0.0,binary selected/not selected under the fixed structured selector,Main Figure 4A four-budget small-multiple source; no single budget is privileged
Rapeseed cake::RealV6_菜籽饼_sample2,Rapeseed cake,4.141600373792804,1.575114431807148,12,12 measured sources,Response-surface-guided sampling,0.0,binary selected/not selected under the fixed structured selector,Main Figure 4A four-budget small-multiple source; no single budget is privileged
Rapeseed cake::RealV6_菜籽饼_sample2,Rapeseed cake,4.141600373792804,1.575114431807148,12,12 measured sources,Random sampling,0.1388888888888889,selection frequency across 504 realizations,Main Figure 4A four-budget small-multiple source; no single budget is privileged
Rapeseed cake::RealV6_菜籽饼_sample3,Rapeseed cake,3.459338471843688,1.50315073227092,12,12 measured sources,P2-PAM representative sampling (k-medoids),0.0,binary selected/not selected under the fixed structured selector,Main Figure 4A four-budget small-multiple source; no single budget is privileged
Rapeseed cake::RealV6_菜籽饼_sample3,Rapeseed cake,3.459338471843688,1.50315073227092,12,12 measured sources,Response-surface-guided sampling,0.0,binary selected/not selected under the fixed structured selector,Main Figure 4A four-budget small-multiple source; no single budget is privileged
Rapeseed cake::RealV6_菜籽饼_sample3,Rapeseed cake,3.459338471843688,1.50315073227092,12,12 measured sources,Random sampling,0.1666666666666667,selection frequency across 504 realizations,Main Figure 4A four-budget small-multiple source; no single budget is privileged
Rapeseed cake::RealV6_菜籽饼_sample4,Rapeseed cake,5.154077646956977,1.024049328028982,12,12 measured sources,P2-PAM representative sampling (k-medoids),0.0,binary selected/not selected under the fixed structured selector,Main Figure 4A four-budget small-multiple source; no single budget is privileged
Rapeseed cake::RealV6_菜籽饼_sample4,Rapeseed cake,5.154077646956977,1.024049328028982,12,12 measured sources,Response-surface-guided sampling,0.0,binary selected/not selected under the fixed structured selector,Main Figure 4A four-budget small-multiple source; no single budget is privileged
Rapeseed cake::RealV6_菜籽饼_sample4,Rapeseed cake,5.154077646956977,1.024049328028982,12,12 measured sources,Random sampling,0.1448412698412699,selection frequency across 504 realizations,Main Figure 4A four-budget small-multiple source; no single budget is privileged
Rapeseed cake::RealV6_菜籽饼_sample5,Rapeseed cake,3.553330147539505,1.014006019594428,12,12 measured sources,P2-PAM representative sampling (k-medoids),0.0,binary selected/not selected under the fixed structured selector,Main Figure 4A four-budget small-multiple source; no single budget is privileged
Rapeseed cake::RealV6_菜籽饼_sample5,Rapeseed cake,3.553330147539505,1.014006019594428,12,12 measured sources,Response-surface-guided sampling,0.0,binary selected/not selected under the fixed structured selector,Main Figure 4A four-budget small-multiple source; no single budget is privileged
Rapeseed cake::RealV6_菜籽饼_sample5,Rapeseed cake,3.553330147539505,1.014006019594428,12,12 measured sources,Random sampling,0.128968253968254,selection frequency across 504 realizations,Main Figure 4A four-budget small-multiple source; no single budget is privileged
Rapeseed cake::RealV6_菜籽饼_sample6,Rapeseed cake,5.015208024944501,1.06398390681531,12,12 measured sources,P2-PAM representative sampling (k-medoids),1.0,binary selected/not selected under the fixed structured selector,Main Figure 4A four-budget small-multiple source; no single budget is privileged
Rapeseed cake::RealV6_菜籽饼_sample6,Rapeseed cake,5.015208024944501,1.06398390681531,12,12 measured sources,Response-surface-guided sampling,0.0,binary selected/not selected under the fixed structured selector,Main Figure 4A four-budget small-multiple source; no single budget is privileged
Rapeseed cake::RealV6_菜籽饼_sample6,Rapeseed cake,5.015208024944501,1.06398390681531,12,12 measured sources,Random sampling,0.119047619047619,selection frequency across 504 realizations,Main Figure 4A four-budget small-multiple source; no single budget is privileged
Rapeseed cake::RealV6_菜籽饼_sample7,Rapeseed cake,4.773071008465663,0.9856796068708059,12,12 measured sources,P2-PAM representative sampling (k-medoids),0.0,binary selected/not selected under the fixed structured selector,Main Figure 4A four-budget small-multiple source; no single budget is privileged
Rapeseed cake::RealV6_菜籽饼_sample7,Rapeseed cake,4.773071008465663,0.9856796068708059,12,12 measured sources,Response-surface-guided sampling,0.0,binary selected/not selected under the fixed structured selector,Main Figure 4A four-budget small-multiple source; no single budget is privileged
Rapeseed cake::RealV6_菜籽饼_sample7,Rapeseed cake,4.773071008465663,0.9856796068708059,12,12 measured sources,Random sampling,0.1448412698412699,selection frequency across 504 realizations,Main Figure 4A four-budget small-multiple source; no single budget is privileged
Rapeseed cake::RealV6_菜籽饼_sample8,Rapeseed cake,7.048564546155442,1.033112456602973,12,12 measured sources,P2-PAM representative sampling (k-medoids),0.0,binary selected/not selected under the fixed structured selector,Main Figure 4A four-budget small-multiple source; no single budget is privileged
Rapeseed cake::RealV6_菜籽饼_sample8,Rapeseed cake,7.048564546155442,1.033112456602973,12,12 measured sources,Response-surface-guided sampling,0.0,binary selected/not selected under the fixed structured selector,Main Figure 4A four-budget small-multiple source; no single budget is privileged
Rapeseed cake::RealV6_菜籽饼_sample8,Rapeseed cake,7.048564546155442,1.033112456602973,12,12 measured sources,Random sampling,0.128968253968254,selection frequency across 504 realizations,Main Figure 4A four-budget small-multiple source; no single budget is privileged
Rapeseed cake::RealV6_菜籽饼_sample9,Rapeseed cake,6.120158666901094,0.2788745677465212,12,12 measured sources,P2-PAM representative sampling (k-medoids),0.0,binary selected/not selected under the fixed structured selector,Main Figure 4A four-budget small-multiple source; no single budget is privileged
Rapeseed cake::RealV6_菜籽饼_sample9,Rapeseed cake,6.120158666901094,0.2788745677465212,12,12 measured sources,Response-surface-guided sampling,1.0,binary selected/not selected under the fixed structured selector,Main Figure 4A four-budget small-multiple source; no single budget is privileged
Rapeseed cake::RealV6_菜籽饼_sample9,Rapeseed cake,6.120158666901094,0.2788745677465212,12,12 measured sources,Random sampling,0.1388888888888889,selection frequency across 504 realizations,Main Figure 4A four-budget small-multiple source; no single budget is privileged
Rice bran::RealV6_米糠_sample1,Rice bran,-1.605229407403069,1.78482910837359,12,12 measured sources,P2-PAM representative sampling (k-medoids),1.0,binary selected/not selected under the fixed structured selector,Main Figure 4A four-budget small-multiple source; no single budget is privileged
Rice bran::RealV6_米糠_sample1,Rice bran,-1.605229407403069,1.78482910837359,12,12 measured sources,Response-surface-guided sampling,1.0,binary selected/not selected under the fixed structured selector,Main Figure 4A four-budget small-multiple source; no single budget is privileged
Rice bran::RealV6_米糠_sample1,Rice bran,-1.605229407403069,1.78482910837359,12,12 measured sources,Random sampling,0.123015873015873,selection frequency across 504 realizations,Main Figure 4A four-budget small-multiple source; no single budget is privileged
Rice bran::RealV6_米糠_sample10,Rice bran,-0.3068638160115571,0.7096099908375827,12,12 measured sources,P2-PAM representative sampling (k-medoids),1.0,binary selected/not selected under the fixed structured selector,Main Figure 4A four-budget small-multiple source; no single budget is privileged
Rice bran::RealV6_米糠_sample10,Rice bran,-0.3068638160115571,0.7096099908375827,12,12 measured sources,Response-surface-guided sampling,1.0,binary selected/not selected under the fixed structured selector,Main Figure 4A four-budget small-multiple source; no single budget is privileged
Rice bran::RealV6_米糠_sample10,Rice bran,-0.3068638160115571,0.7096099908375827,12,12 measured sources,Random sampling,0.123015873015873,selection frequency across 504 realizations,Main Figure 4A four-budget small-multiple source; no single budget is privileged
Rice bran::RealV6_米糠_sample2,Rice bran,-1.895633165605643,1.418158795012503,12,12 measured sources,P2-PAM representative sampling (k-medoids),0.0,binary selected/not selected under the fixed structured selector,Main Figure 4A four-budget small-multiple source; no single budget is privileged
Rice bran::RealV6_米糠_sample2,Rice bran,-1.895633165605643,1.418158795012503,12,12 measured sources,Response-surface-guided sampling,0.0,binary selected/not selected under the fixed structured selector,Main Figure 4A four-budget small-multiple source; no single budget is privileged
Rice bran::RealV6_米糠_sample2,Rice bran,-1.895633165605643,1.418158795012503,12,12 measured sources,Random sampling,0.128968253968254,selection frequency across 504 realizations,Main Figure 4A four-budget small-multiple source; no single budget is privileged
Rice bran::RealV6_米糠_sample3,Rice bran,-1.095334738747566,1.315103727786284,12,12 measured sources,P2-PAM representative sampling (k-medoids),0.0,binary selected/not selected under the fixed structured selector,Main Figure 4A four-budget small-multiple source; no single budget is privileged
Rice bran::RealV6_米糠_sample3,Rice bran,-1.095334738747566,1.315103727786284,12,12 measured sources,Response-surface-guided sampling,0.0,binary selected/not selected under the fixed structured selector,Main Figure 4A four-budget small-multiple source; no single budget is privileged
Rice bran::RealV6_米糠_sample3,Rice bran,-1.095334738747566,1.315103727786284,12,12 measured sources,Random sampling,0.130952380952381,selection frequency across 504 realizations,Main Figure 4A four-budget small-multiple source; no single budget is privileged
Rice bran::RealV6_米糠_sample4,Rice bran,-0.9806167717100414,2.028272289631623,12,12 measured sources,P2-PAM representative sampling (k-medoids),0.0,binary selected/not selected under the fixed structured selector,Main Figure 4A four-budget small-multiple source; no single budget is privileged
Rice bran::RealV6_米糠_sample4,Rice bran,-0.9806167717100414,2.028272289631623,12,12 measured sources,Response-surface-guided sampling,0.0,binary selected/not selected under the fixed structured selector,Main Figure 4A four-budget small-multiple source; no single budget is privileged
Rice bran::RealV6_米糠_sample4,Rice bran,-0.9806167717100414,2.028272289631623,12,12 measured sources,Random sampling,0.1527777777777778,selection frequency across 504 realizations,Main Figure 4A four-budget small-multiple source; no single budget is privileged
Rice bran::RealV6_米糠_sample5,Rice bran,-1.15471147977772,2.46348262846583,12,12 measured sources,P2-PAM representative sampling (k-medoids),0.0,binary selected/not selected under the fixed structured selector,Main Figure 4A four-budget small-multiple source; no single budget is privileged
Rice bran::RealV6_米糠_sample5,Rice bran,-1.15471147977772,2.46348262846583,12,12 measured sources,Response-surface-guided sampling,0.0,binary selected/not selected under the fixed structured selector,Main Figure 4A four-budget small-multiple source; no single budget is privileged
Rice bran::RealV6_米糠_sample5,Rice bran,-1.15471147977772,2.46348262846583,12,12 measured sources,Random sampling,0.0992063492063492,selection frequency across 504 realizations,Main Figure 4A four-budget small-multiple source; no single budget is privileged
Rice bran::RealV6_米糠_sample6,Rice bran,-0.2959583312276888,1.428925826162968,12,12 measured sources,P2-PAM representative sampling (k-medoids),0.0,binary selected/not selected under the fixed structured selector,Main Figure 4A four-budget small-multiple source; no single budget is privileged
Rice bran::RealV6_米糠_sample6,Rice bran,-0.2959583312276888,1.428925826162968,12,12 measured sources,Response-surface-guided sampling,0.0,binary selected/not selected under the fixed structured selector,Main Figure 4A four-budget small-multiple source; no single budget is privileged
Rice bran::RealV6_米糠_sample6,Rice bran,-0.2959583312276888,1.428925826162968,12,12 measured sources,Random sampling,0.126984126984127,selection frequency across 504 realizations,Main Figure 4A four-budget small-multiple source; no single budget is privileged
Rice bran::RealV6_米糠_sample7,Rice bran,-1.299198984236073,0.8053010954162465,12,12 measured sources,P2-PAM representative sampling (k-medoids),0.0,binary selected/not selected under the fixed structured selector,Main Figure 4A four-budget small-multiple source; no single budget is privileged
Rice bran::RealV6_米糠_sample7,Rice bran,-1.299198984236073,0.8053010954162465,12,12 measured sources,Response-surface-guided sampling,0.0,binary selected/not selected under the fixed structured selector,Main Figure 4A four-budget small-multiple source; no single budget is privileged
Rice bran::RealV6_米糠_sample7,Rice bran,-1.299198984236073,0.8053010954162465,12,12 measured sources,Random sampling,0.1150793650793651,selection frequency across 504 realizations,Main Figure 4A four-budget small-multiple source; no single budget is privileged
Rice bran::RealV6_米糠_sample8,Rice bran,-0.0102832017726542,0.7034066953040489,12,12 measured sources,P2-PAM representative sampling (k-medoids),0.0,binary selected/not selected under the fixed structured selector,Main Figure 4A four-budget small-multiple source; no single budget is privileged
Rice bran::RealV6_米糠_sample8,Rice bran,-0.0102832017726542,0.7034066953040489,12,12 measured sources,Response-surface-guided sampling,0.0,binary selected/not selected under the fixed structured selector,Main Figure 4A four-budget small-multiple source; no single budget is privileged
Rice bran::RealV6_米糠_sample8,Rice bran,-0.0102832017726542,0.7034066953040489,12,12 measured sources,Random sampling,0.1408730158730159,selection frequency across 504 realizations,Main Figure 4A four-budget small-multiple source; no single budget is privileged
Rice bran::RealV6_米糠_sample9,Rice bran,0.04231537166731106,1.096244066733406,12,12 measured sources,P2-PAM representative sampling (k-medoids),0.0,binary selected/not selected under the fixed structured selector,Main Figure 4A four-budget small-multiple source; no single budget is privileged
Rice bran::RealV6_米糠_sample9,Rice bran,0.04231537166731106,1.096244066733406,12,12 measured sources,Response-surface-guided sampling,0.0,binary selected/not selected under the fixed structured selector,Main Figure 4A four-budget small-multiple source; no single budget is privileged
Rice bran::RealV6_米糠_sample9,Rice bran,0.04231537166731106,1.096244066733406,12,12 measured sources,Random sampling,0.1329365079365079,selection frequency across 504 realizations,Main Figure 4A four-budget small-multiple source; no single budget is privileged
Sorghum::RealV6_高粱_sample1,Sorghum,-0.02707781365839051,-1.176153514181306,12,12 measured sources,P2-PAM representative sampling (k-medoids),0.0,binary selected/not selected under the fixed structured selector,Main Figure 4A four-budget small-multiple source; no single budget is privileged
Sorghum::RealV6_高粱_sample1,Sorghum,-0.02707781365839051,-1.176153514181306,12,12 measured sources,Response-surface-guided sampling,0.0,binary selected/not selected under the fixed structured selector,Main Figure 4A four-budget small-multiple source; no single budget is privileged
Sorghum::RealV6_高粱_sample1,Sorghum,-0.02707781365839051,-1.176153514181306,12,12 measured sources,Random sampling,0.1329365079365079,selection frequency across 504 realizations,Main Figure 4A four-budget small-multiple source; no single budget is privileged
Sorghum::RealV6_高粱_sample10,Sorghum,0.1683802107682345,-1.312498865973889,12,12 measured sources,P2-PAM representative sampling (k-medoids),1.0,binary selected/not selected under the fixed structured selector,Main Figure 4A four-budget small-multiple source; no single budget is privileged
Sorghum::RealV6_高粱_sample10,Sorghum,0.1683802107682345,-1.312498865973889,12,12 measured sources,Response-surface-guided sampling,0.0,binary selected/not selected under the fixed structured selector,Main Figure 4A four-budget small-multiple source; no single budget is privileged
Sorghum::RealV6_高粱_sample10,Sorghum,0.1683802107682345,-1.312498865973889,12,12 measured sources,Random sampling,0.1587301587301587,selection frequency across 504 realizations,Main Figure 4A four-budget small-multiple source; no single budget is privileged
Sorghum::RealV6_高粱_sample2,Sorghum,0.7908772587630051,-1.063149606186058,12,12 measured sources,P2-PAM representative sampling (k-medoids),0.0,binary selected/not selected under the fixed structured selector,Main Figure 4A four-budget small-multiple source; no single budget is privileged
Sorghum::RealV6_高粱_sample2,Sorghum,0.7908772587630051,-1.063149606186058,12,12 measured sources,Response-surface-guided sampling,0.0,binary selected/not selected under the fixed structured selector,Main Figure 4A four-budget small-multiple source; no single budget is privileged
Sorghum::RealV6_高粱_sample2,Sorghum,0.7908772587630051,-1.063149606186058,12,12 measured sources,Random sampling,0.119047619047619,selection frequency across 504 realizations,Main Figure 4A four-budget small-multiple source; no single budget is privileged
Sorghum::RealV6_高粱_sample3,Sorghum,0.1504304046083467,-1.600734853390495,12,12 measured sources,P2-PAM representative sampling (k-medoids),0.0,binary selected/not selected under the fixed structured selector,Main Figure 4A four-budget small-multiple source; no single budget is privileged
Sorghum::RealV6_高粱_sample3,Sorghum,0.1504304046083467,-1.600734853390495,12,12 measured sources,Response-surface-guided sampling,0.0,binary selected/not selected under the fixed structured selector,Main Figure 4A four-budget small-multiple source; no single budget is privileged
Sorghum::RealV6_高粱_sample3,Sorghum,0.1504304046083467,-1.600734853390495,12,12 measured sources,Random sampling,0.1547619047619048,selection frequency across 504 realizations,Main Figure 4A four-budget small-multiple source; no single budget is privileged
Sorghum::RealV6_高粱_sample4,Sorghum,0.2926401651095512,-1.212608805142148,12,12 measured sources,P2-PAM representative sampling (k-medoids),0.0,binary selected/not selected under the fixed structured selector,Main Figure 4A four-budget small-multiple source; no single budget is privileged
Sorghum::RealV6_高粱_sample4,Sorghum,0.2926401651095512,-1.212608805142148,12,12 measured sources,Response-surface-guided sampling,0.0,binary selected/not selected under the fixed structured selector,Main Figure 4A four-budget small-multiple source; no single budget is privileged
Sorghum::RealV6_高粱_sample4,Sorghum,0.2926401651095512,-1.212608805142148,12,12 measured sources,Random sampling,0.1408730158730159,selection frequency across 504 realizations,Main Figure 4A four-budget small-multiple source; no single budget is privileged
Sorghum::RealV6_高粱_sample5,Sorghum,0.2607113983174575,-1.115184670895072,12,12 measured sources,P2-PAM representative sampling (k-medoids),0.0,binary selected/not selected under the fixed structured selector,Main Figure 4A four-budget small-multiple source; no single budget is privileged
Sorghum::RealV6_高粱_sample5,Sorghum,0.2607113983174575,-1.115184670895072,12,12 measured sources,Response-surface-guided sampling,0.0,binary selected/not selected under the fixed structured selector,Main Figure 4A four-budget small-multiple source; no single budget is privileged
Sorghum::RealV6_高粱_sample5,Sorghum,0.2607113983174575,-1.115184670895072,12,12 measured sources,Random sampling,0.1130952380952381,selection frequency across 504 realizations,Main Figure 4A four-budget small-multiple source; no single budget is privileged
Sorghum::RealV6_高粱_sample6,Sorghum,-0.3187318932346196,-1.582262720713724,12,12 measured sources,P2-PAM representative sampling (k-medoids),0.0,binary selected/not selected under the fixed structured selector,Main Figure 4A four-budget small-multiple source; no single budget is privileged
Sorghum::RealV6_高粱_sample6,Sorghum,-0.3187318932346196,-1.582262720713724,12,12 measured sources,Response-surface-guided sampling,1.0,binary selected/not selected under the fixed structured selector,Main Figure 4A four-budget small-multiple source; no single budget is privileged
Sorghum::RealV6_高粱_sample6,Sorghum,-0.3187318932346196,-1.582262720713724,12,12 measured sources,Random sampling,0.130952380952381,selection frequency across 504 realizations,Main Figure 4A four-budget small-multiple source; no single budget is privileged
Sorghum::RealV6_高粱_sample7,Sorghum,-0.3619676677523722,-1.46385173121222,12,12 measured sources,P2-PAM representative sampling (k-medoids),0.0,binary selected/not selected under the fixed structured selector,Main Figure 4A four-budget small-multiple source; no single budget is privileged
Sorghum::RealV6_高粱_sample7,Sorghum,-0.3619676677523722,-1.46385173121222,12,12 measured sources,Response-surface-guided sampling,0.0,binary selected/not selected under the fixed structured selector,Main Figure 4A four-budget small-multiple source; no single budget is privileged
Sorghum::RealV6_高粱_sample7,Sorghum,-0.3619676677523722,-1.46385173121222,12,12 measured sources,Random sampling,0.1349206349206349,selection frequency across 504 realizations,Main Figure 4A four-budget small-multiple source; no single budget is privileged
Sorghum::RealV6_高粱_sample8,Sorghum,-0.3553694484675719,-1.431207655912943,12,12 measured sources,P2-PAM representative sampling (k-medoids),0.0,binary selected/not selected under the fixed structured selector,Main Figure 4A four-budget small-multiple source; no single budget is privileged
Sorghum::RealV6_高粱_sample8,Sorghum,-0.3553694484675719,-1.431207655912943,12,12 measured sources,Response-surface-guided sampling,0.0,binary selected/not selected under the fixed structured selector,Main Figure 4A four-budget small-multiple source; no single budget is privileged
Sorghum::RealV6_高粱_sample8,Sorghum,-0.3553694484675719,-1.431207655912943,12,12 measured sources,Random sampling,0.1468253968253968,selection frequency across 504 realizations,Main Figure 4A four-budget small-multiple source; no single budget is privileged
Sorghum::RealV6_高粱_sample9,Sorghum,0.147131717889103,-1.246550813873493,12,12 measured sources,P2-PAM representative sampling (k-medoids),0.0,binary selected/not selected under the fixed structured selector,Main Figure 4A four-budget small-multiple source; no single budget is privileged
Sorghum::RealV6_高粱_sample9,Sorghum,0.147131717889103,-1.246550813873493,12,12 measured sources,Response-surface-guided sampling,0.0,binary selected/not selected under the fixed structured selector,Main Figure 4A four-budget small-multiple source; no single budget is privileged
Sorghum::RealV6_高粱_sample9,Sorghum,0.147131717889103,-1.246550813873493,12,12 measured sources,Random sampling,0.1408730158730159,selection frequency across 504 realizations,Main Figure 4A four-budget small-multiple source; no single budget is privileged
Wheat bran::RealV6_小麦麸_sample1,Wheat bran,-1.094748339700325,2.166428117204859,12,12 measured sources,P2-PAM representative sampling (k-medoids),0.0,binary selected/not selected under the fixed structured selector,Main Figure 4A four-budget small-multiple source; no single budget is privileged
Wheat bran::RealV6_小麦麸_sample1,Wheat bran,-1.094748339700325,2.166428117204859,12,12 measured sources,Response-surface-guided sampling,0.0,binary selected/not selected under the fixed structured selector,Main Figure 4A four-budget small-multiple source; no single budget is privileged
Wheat bran::RealV6_小麦麸_sample1,Wheat bran,-1.094748339700325,2.166428117204859,12,12 measured sources,Random sampling,0.1428571428571428,selection frequency across 504 realizations,Main Figure 4A four-budget small-multiple source; no single budget is privileged
Wheat bran::RealV6_小麦麸_sample10,Wheat bran,0.07226811398454323,1.343134557187847,12,12 measured sources,P2-PAM representative sampling (k-medoids),0.0,binary selected/not selected under the fixed structured selector,Main Figure 4A four-budget small-multiple source; no single budget is privileged
Wheat bran::RealV6_小麦麸_sample10,Wheat bran,0.07226811398454323,1.343134557187847,12,12 measured sources,Response-surface-guided sampling,0.0,binary selected/not selected under the fixed structured selector,Main Figure 4A four-budget small-multiple source; no single budget is privileged
Wheat bran::RealV6_小麦麸_sample10,Wheat bran,0.07226811398454323,1.343134557187847,12,12 measured sources,Random sampling,0.1507936507936508,selection frequency across 504 realizations,Main Figure 4A four-budget small-multiple source; no single budget is privileged
Wheat bran::RealV6_小麦麸_sample2,Wheat bran,-0.6781422151350917,2.479079357419419,12,12 measured sources,P2-PAM representative sampling (k-medoids),0.0,binary selected/not selected under the fixed structured selector,Main Figure 4A four-budget small-multiple source; no single budget is privileged
Wheat bran::RealV6_小麦麸_sample2,Wheat bran,-0.6781422151350917,2.479079357419419,12,12 measured sources,Response-surface-guided sampling,0.0,binary selected/not selected under the fixed structured selector,Main Figure 4A four-budget small-multiple source; no single budget is privileged
Wheat bran::RealV6_小麦麸_sample2,Wheat bran,-0.6781422151350917,2.479079357419419,12,12 measured sources,Random sampling,0.125,selection frequency across 504 realizations,Main Figure 4A four-budget small-multiple source; no single budget is privileged
Wheat bran::RealV6_小麦麸_sample3,Wheat bran,-0.7675984447878866,1.676169519946852,12,12 measured sources,P2-PAM representative sampling (k-medoids),0.0,binary selected/not selected under the fixed structured selector,Main Figure 4A four-budget small-multiple source; no single budget is privileged
Wheat bran::RealV6_小麦麸_sample3,Wheat bran,-0.7675984447878866,1.676169519946852,12,12 measured sources,Response-surface-guided sampling,0.0,binary selected/not selected under the fixed structured selector,Main Figure 4A four-budget small-multiple source; no single budget is privileged
Wheat bran::RealV6_小麦麸_sample3,Wheat bran,-0.7675984447878866,1.676169519946852,12,12 measured sources,Random sampling,0.126984126984127,selection frequency across 504 realizations,Main Figure 4A four-budget small-multiple source; no single budget is privileged
Wheat bran::RealV6_小麦麸_sample4,Wheat bran,-0.69734928938245,2.298028794179519,12,12 measured sources,P2-PAM representative sampling (k-medoids),1.0,binary selected/not selected under the fixed structured selector,Main Figure 4A four-budget small-multiple source; no single budget is privileged
Wheat bran::RealV6_小麦麸_sample4,Wheat bran,-0.69734928938245,2.298028794179519,12,12 measured sources,Response-surface-guided sampling,1.0,binary selected/not selected under the fixed structured selector,Main Figure 4A four-budget small-multiple source; no single budget is privileged
Wheat bran::RealV6_小麦麸_sample4,Wheat bran,-0.69734928938245,2.298028794179519,12,12 measured sources,Random sampling,0.123015873015873,selection frequency across 504 realizations,Main Figure 4A four-budget small-multiple source; no single budget is privileged
Wheat bran::RealV6_小麦麸_sample5,Wheat bran,-0.8744866573499892,2.008320910149982,12,12 measured sources,P2-PAM representative sampling (k-medoids),0.0,binary selected/not selected under the fixed structured selector,Main Figure 4A four-budget small-multiple source; no single budget is privileged
Wheat bran::RealV6_小麦麸_sample5,Wheat bran,-0.8744866573499892,2.008320910149982,12,12 measured sources,Response-surface-guided sampling,0.0,binary selected/not selected under the fixed structured selector,Main Figure 4A four-budget small-multiple source; no single budget is privileged
Wheat bran::RealV6_小麦麸_sample5,Wheat bran,-0.8744866573499892,2.008320910149982,12,12 measured sources,Random sampling,0.1686507936507937,selection frequency across 504 realizations,Main Figure 4A four-budget small-multiple source; no single budget is privileged
Wheat bran::RealV6_小麦麸_sample6,Wheat bran,-0.6740286734764164,2.464974855290924,12,12 measured sources,P2-PAM representative sampling (k-medoids),0.0,binary selected/not selected under the fixed structured selector,Main Figure 4A four-budget small-multiple source; no single budget is privileged
Wheat bran::RealV6_小麦麸_sample6,Wheat bran,-0.6740286734764164,2.464974855290924,12,12 measured sources,Response-surface-guided sampling,0.0,binary selected/not selected under the fixed structured selector,Main Figure 4A four-budget small-multiple source; no single budget is privileged
Wheat bran::RealV6_小麦麸_sample6,Wheat bran,-0.6740286734764164,2.464974855290924,12,12 measured sources,Random sampling,0.08928571428571429,selection frequency across 504 realizations,Main Figure 4A four-budget small-multiple source; no single budget is privileged
Wheat bran::RealV6_小麦麸_sample7,Wheat bran,-0.9240156969430783,2.199386250020121,12,12 measured sources,P2-PAM representative sampling (k-medoids),0.0,binary selected/not selected under the fixed structured selector,Main Figure 4A four-budget small-multiple source; no single budget is privileged
Wheat bran::RealV6_小麦麸_sample7,Wheat bran,-0.9240156969430783,2.199386250020121,12,12 measured sources,Response-surface-guided sampling,0.0,binary selected/not selected under the fixed structured selector,Main Figure 4A four-budget small-multiple source; no single budget is privileged
Wheat bran::RealV6_小麦麸_sample7,Wheat bran,-0.9240156969430783,2.199386250020121,12,12 measured sources,Random sampling,0.1031746031746032,selection frequency across 504 realizations,Main Figure 4A four-budget small-multiple source; no single budget is privileged
Wheat bran::RealV6_小麦麸_sample8,Wheat bran,-0.4201084072438966,2.068428282470174,12,12 measured sources,P2-PAM representative sampling (k-medoids),0.0,binary selected/not selected under the fixed structured selector,Main Figure 4A four-budget small-multiple source; no single budget is privileged
Wheat bran::RealV6_小麦麸_sample8,Wheat bran,-0.4201084072438966,2.068428282470174,12,12 measured sources,Response-surface-guided sampling,0.0,binary selected/not selected under the fixed structured selector,Main Figure 4A four-budget small-multiple source; no single budget is privileged
Wheat bran::RealV6_小麦麸_sample8,Wheat bran,-0.4201084072438966,2.068428282470174,12,12 measured sources,Random sampling,0.1527777777777778,selection frequency across 504 realizations,Main Figure 4A four-budget small-multiple source; no single budget is privileged
Wheat bran::RealV6_小麦麸_sample9,Wheat bran,-0.2833869331224793,1.86722837806579,12,12 measured sources,P2-PAM representative sampling (k-medoids),0.0,binary selected/not selected under the fixed structured selector,Main Figure 4A four-budget small-multiple source; no single budget is privileged
Wheat bran::RealV6_小麦麸_sample9,Wheat bran,-0.2833869331224793,1.86722837806579,12,12 measured sources,Response-surface-guided sampling,0.0,binary selected/not selected under the fixed structured selector,Main Figure 4A four-budget small-multiple source; no single budget is privileged
Wheat bran::RealV6_小麦麸_sample9,Wheat bran,-0.2833869331224793,1.86722837806579,12,12 measured sources,Random sampling,0.1428571428571428,selection frequency across 504 realizations,Main Figure 4A four-budget small-multiple source; no single budget is privileged
Wheat::RealV6_小麦_sample1,Wheat,-1.4791712655854,1.203318015932585,12,12 measured sources,P2-PAM representative sampling (k-medoids),0.0,binary selected/not selected under the fixed structured selector,Main Figure 4A four-budget small-multiple source; no single budget is privileged
Wheat::RealV6_小麦_sample1,Wheat,-1.4791712655854,1.203318015932585,12,12 measured sources,Response-surface-guided sampling,0.0,binary selected/not selected under the fixed structured selector,Main Figure 4A four-budget small-multiple source; no single budget is privileged
Wheat::RealV6_小麦_sample1,Wheat,-1.4791712655854,1.203318015932585,12,12 measured sources,Random sampling,0.1388888888888889,selection frequency across 504 realizations,Main Figure 4A four-budget small-multiple source; no single budget is privileged
Wheat::RealV6_小麦_sample10,Wheat,-0.03960045402839328,1.3113808599593,12,12 measured sources,P2-PAM representative sampling (k-medoids),0.0,binary selected/not selected under the fixed structured selector,Main Figure 4A four-budget small-multiple source; no single budget is privileged
Wheat::RealV6_小麦_sample10,Wheat,-0.03960045402839328,1.3113808599593,12,12 measured sources,Response-surface-guided sampling,0.0,binary selected/not selected under the fixed structured selector,Main Figure 4A four-budget small-multiple source; no single budget is privileged
Wheat::RealV6_小麦_sample10,Wheat,-0.03960045402839328,1.3113808599593,12,12 measured sources,Random sampling,0.130952380952381,selection frequency across 504 realizations,Main Figure 4A four-budget small-multiple source; no single budget is privileged
Wheat::RealV6_小麦_sample2,Wheat,-2.303751145604298,0.4983580483291938,12,12 measured sources,P2-PAM representative sampling (k-medoids),0.0,binary selected/not selected under the fixed structured selector,Main Figure 4A four-budget small-multiple source; no single budget is privileged
Wheat::RealV6_小麦_sample2,Wheat,-2.303751145604298,0.4983580483291938,12,12 measured sources,Response-surface-guided sampling,0.0,binary selected/not selected under the fixed structured selector,Main Figure 4A four-budget small-multiple source; no single budget is privileged
Wheat::RealV6_小麦_sample2,Wheat,-2.303751145604298,0.4983580483291938,12,12 measured sources,Random sampling,0.125,selection frequency across 504 realizations,Main Figure 4A four-budget small-multiple source; no single budget is privileged
Wheat::RealV6_小麦_sample3,Wheat,-1.14406631972923,1.137860852469261,12,12 measured sources,P2-PAM representative sampling (k-medoids),0.0,binary selected/not selected under the fixed structured selector,Main Figure 4A four-budget small-multiple source; no single budget is privileged
Wheat::RealV6_小麦_sample3,Wheat,-1.14406631972923,1.137860852469261,12,12 measured sources,Response-surface-guided sampling,0.0,binary selected/not selected under the fixed structured selector,Main Figure 4A four-budget small-multiple source; no single budget is privileged
Wheat::RealV6_小麦_sample3,Wheat,-1.14406631972923,1.137860852469261,12,12 measured sources,Random sampling,0.1567460317460317,selection frequency across 504 realizations,Main Figure 4A four-budget small-multiple source; no single budget is privileged
Wheat::RealV6_小麦_sample4,Wheat,-0.9845561255765358,1.189681852828003,12,12 measured sources,P2-PAM representative sampling (k-medoids),0.0,binary selected/not selected under the fixed structured selector,Main Figure 4A four-budget small-multiple source; no single budget is privileged
Wheat::RealV6_小麦_sample4,Wheat,-0.9845561255765358,1.189681852828003,12,12 measured sources,Response-surface-guided sampling,0.0,binary selected/not selected under the fixed structured selector,Main Figure 4A four-budget small-multiple source; no single budget is privileged
Wheat::RealV6_小麦_sample4,Wheat,-0.9845561255765358,1.189681852828003,12,12 measured sources,Random sampling,0.09722222222222222,selection frequency across 504 realizations,Main Figure 4A four-budget small-multiple source; no single budget is privileged
Wheat::RealV6_小麦_sample5,Wheat,-0.8041855360547712,1.33843635841605,12,12 measured sources,P2-PAM representative sampling (k-medoids),0.0,binary selected/not selected under the fixed structured selector,Main Figure 4A four-budget small-multiple source; no single budget is privileged
Wheat::RealV6_小麦_sample5,Wheat,-0.8041855360547712,1.33843635841605,12,12 measured sources,Response-surface-guided sampling,0.0,binary selected/not selected under the fixed structured selector,Main Figure 4A four-budget small-multiple source; no single budget is privileged
Wheat::RealV6_小麦_sample5,Wheat,-0.8041855360547712,1.33843635841605,12,12 measured sources,Random sampling,0.1329365079365079,selection frequency across 504 realizations,Main Figure 4A four-budget small-multiple source; no single budget is privileged
Wheat::RealV6_小麦_sample6,Wheat,-1.096971905673422,1.192372571942845,12,12 measured sources,P2-PAM representative sampling (k-medoids),1.0,binary selected/not selected under the fixed structured selector,Main Figure 4A four-budget small-multiple source; no single budget is privileged
Wheat::RealV6_小麦_sample6,Wheat,-1.096971905673422,1.192372571942845,12,12 measured sources,Response-surface-guided sampling,1.0,binary selected/not selected under the fixed structured selector,Main Figure 4A four-budget small-multiple source; no single budget is privileged
Wheat::RealV6_小麦_sample6,Wheat,-1.096971905673422,1.192372571942845,12,12 measured sources,Random sampling,0.1388888888888889,selection frequency across 504 realizations,Main Figure 4A four-budget small-multiple source; no single budget is privileged
Wheat::RealV6_小麦_sample7,Wheat,-0.1782025062979659,1.097904335255373,12,12 measured sources,P2-PAM representative sampling (k-medoids),0.0,binary selected/not selected under the fixed structured selector,Main Figure 4A four-budget small-multiple source; no single budget is privileged
Wheat::RealV6_小麦_sample7,Wheat,-0.1782025062979659,1.097904335255373,12,12 measured sources,Response-surface-guided sampling,0.0,binary selected/not selected under the fixed structured selector,Main Figure 4A four-budget small-multiple source; no single budget is privileged
Wheat::RealV6_小麦_sample7,Wheat,-0.1782025062979659,1.097904335255373,12,12 measured sources,Random sampling,0.119047619047619,selection frequency across 504 realizations,Main Figure 4A four-budget small-multiple source; no single budget is privileged
Wheat::RealV6_小麦_sample8,Wheat,-1.634835954879242,0.3193278892474737,12,12 measured sources,P2-PAM representative sampling (k-medoids),0.0,binary selected/not selected under the fixed structured selector,Main Figure 4A four-budget small-multiple source; no single budget is privileged
Wheat::RealV6_小麦_sample8,Wheat,-1.634835954879242,0.3193278892474737,12,12 measured sources,Response-surface-guided sampling,0.0,binary selected/not selected under the fixed structured selector,Main Figure 4A four-budget small-multiple source; no single budget is privileged
Wheat::RealV6_小麦_sample8,Wheat,-1.634835954879242,0.3193278892474737,12,12 measured sources,Random sampling,0.1150793650793651,selection frequency across 504 realizations,Main Figure 4A four-budget small-multiple source; no single budget is privileged
Wheat::RealV6_小麦_sample9,Wheat,-0.7606927523738574,0.8373209648834977,12,12 measured sources,P2-PAM representative sampling (k-medoids),0.0,binary selected/not selected under the fixed structured selector,Main Figure 4A four-budget small-multiple source; no single budget is privileged
Wheat::RealV6_小麦_sample9,Wheat,-0.7606927523738574,0.8373209648834977,12,12 measured sources,Response-surface-guided sampling,0.0,binary selected/not selected under the fixed structured selector,Main Figure 4A four-budget small-multiple source; no single budget is privileged
Wheat::RealV6_小麦_sample9,Wheat,-0.7606927523738574,0.8373209648834977,12,12 measured sources,Random sampling,0.119047619047619,selection frequency across 504 realizations,Main Figure 4A four-budget small-multiple source; no single budget is privileged
