Record_ID,Source_Record_ID,Study_ID,Experiment_ID,Treatment_ID,Stage_Group_std,Initial_BW_kg,DMI_kg_d,N_Intake_g_d,Fecal_N_g_d,Urinary_N_g_d,Retained_N_g_d,Diet_CP_pct_DM,Diet_EE_pct_DM,Diet_NDF_pct_DM,Diet_ADF_pct_DM,Diet_Starch_pct_DM,Diet_GE_MJ_kg_DM,Diet_Ash_pct_DM,Diet_CF_pct_DM,Diet_DE_MJ_kg_DM,Diet_ME_MJ_kg_DM,Analysis_Split,Split_Resolution_Source,Original_P3_Eligible,Total_N_Excretion_g_d,N_to_DMI_g_kg,DMI_per_BW,N_Intake_per_BW,CP_to_GE_ratio,CP_to_NDF_ratio,SID_Lys_pct_DM,SID_Met_pct_DM,SID_Thr_pct_DM,SID_Trp_pct_DM,Lys_to_N_ratio,Met_to_Lys_ratio,Thr_to_Lys_ratio,Trp_to_Lys_ratio,Analysis_N_Intake_g_d,Analysis_Fecal_N_g_d,Analysis_Urinary_N_g_d,Analysis_Retained_N_g_d,Analysis_Total_N_Excretion_g_d,Analysis_Diet_CP_pct_DM,Analysis_Diet_EE_pct_DM,Analysis_Diet_NDF_pct_DM,Analysis_Diet_ADF_pct_DM,Analysis_Diet_Starch_pct_DM,Analysis_Diet_GE_MJ_kg_DM,Analysis_Daily_NFlow_Eligible,Analysis_P2_Eligible,Analysis_RAW_P2_Eligible,Analysis_P3_Eligible,Formula_Available,Formula_Total_pct,Formula_Complete_95_105,QC_Status,Issue_Code,Correction_Count,Enhanced_Formula_Quality,Enhanced_Formula_Direct,RN_Source,BW_Source_Class,Model_906_Eligible,Model_906_Disposition,Model_906_Exclusion_Code,Model_906_Exclusion_Reason,Analysis_Scope_Version,MLR_FN_pred,MLR_UN_pred,RF_FN_pred,RF_UN_pred,MLR+RF_FN_pred,MLR+RF_UN_pred,TabM_FN_pred,TabM_UN_pred,MLR_TNE_pred,MLR_RN_pred,RF_TNE_pred,RF_RN_pred,TabM_TNE_pred,TabM_RN_pred,MLR+RF_TNE_pred,MLR+RF_RN_pred
V44_422b74be5886,63,Lynch2007_LivSci,NBalance,HP_Inulin,finishing,81.0,2.05,66.12,9.64,34.75,21.730000000000004,23.195,1.63346209390153,14.552,4.655,43.29789982502265,18.506,,,,,confirmation,Historical Study_ID,1,44.39,32.25365853658537,0.0253086419753086,0.8162962962962963,1.2533772830433374,1.593938977460143,0.9131789375711572,0.2832354052986501,0.6372396787494574,0.2367792818958322,0.2460602871230753,0.3101641897829906,0.6978256424139241,0.2592912211987825,66.12,9.64,34.75,21.730000000000004,44.39,23.195,1.63346209390153,14.552,4.655,43.29789982502265,18.506,1,1,1,1,1,96.93,1,INCLUDED,,0,EXISTING_REVIEWER_FORMULA,1,MASS_BALANCE_NI_MINUS_FN_MINUS_UN,REPORTED_MEAN_BW_USED,1,INCLUDED_IN_906_MAIN,,,AIA_906_V1_20260806,10.34185004102127,26.42758183704518,8.735663240761388,30.769564465092675,9.291242754324076,28.74130987487743,8.798332850138346,27.86747169494629,36.769431878066456,29.35056812193355,39.50522770585406,26.614772294145943,36.66580454508463,29.45419545491537,38.032552629201504,28.0874473707985
V44_b8545c2e3d2c,64,Lynch2007_LivSci,NBalance,HP_NoInulin,finishing,81.0,2.07,67.16,7.26,36.39,23.51,23.268,1.658140731866742,14.782,5.183,44.12926723048668,18.463,,,,,confirmation,Historical Study_ID,1,43.65,32.44444444444444,0.0255555555555555,0.8291358024691358,1.26025023019011,1.574076579623867,0.918339212906475,0.2858759449034309,0.6418784869821386,0.2386087119556566,0.2466744060798293,0.311296676528333,0.6989557648863115,0.2598263349775491,67.16,7.26,36.39,23.51,43.65,23.268,1.658140731866742,14.782,5.183,44.12926723048668,18.463,1,1,1,1,1,96.93,1,INCLUDED,,0,EXISTING_REVIEWER_FORMULA,1,MASS_BALANCE_NI_MINUS_FN_MINUS_UN,REPORTED_MEAN_BW_USED,1,INCLUDED_IN_906_MAIN,,,AIA_906_V1_20260806,10.486612830928484,26.68268108246337,8.448018677936487,31.40175638666669,9.15316776002817,29.197351862914395,8.940760294596354,28.518600463867188,37.169293913391854,29.990706086608142,39.84977506460318,27.310224935396818,37.45936075846354,29.700639241536457,38.35051962294256,28.809480377057437
V44_13fc76878b34,65,Lynch2007_LivSci,NBalance,LP_Inulin,finishing,81.0,2.09,48.31,6.32,20.47,21.520000000000003,16.575,1.675797103477227,11.271,5.899,52.20591338417407,17.869,,,,,confirmation,Historical Study_ID,1,26.79,23.11483253588517,0.0258024691358024,0.5964197530864198,0.9275840841681124,1.4705882352941175,0.9831698593717204,0.2734413209263276,0.6626589239487861,0.1661240607290282,0.3707276996122626,0.2781221559223409,0.674002480479058,0.1689678127797644,48.31,6.32,20.47,21.520000000000003,26.79,16.575,1.675797103477227,11.271,5.899,52.20591338417407,17.869,1,1,1,1,1,97.5,1,INCLUDED,,0,EXISTING_REVIEWER_FORMULA,1,MASS_BALANCE_NI_MINUS_FN_MINUS_UN,REPORTED_MEAN_BW_USED,1,INCLUDED_IN_906_MAIN,,,AIA_906_V1_20260806,7.515298845909854,18.20707855123163,5.860457906499879,20.166790912872305,6.432866871629127,19.251357588168595,6.567403475443522,18.551829020182293,25.72237739714148,22.58762260285852,26.027248819372183,22.28275118062782,25.119232495625816,23.190767504374183,25.68422445979772,22.62577554020228
V44_a7c4d3424281,66,Lynch2007_LivSci,NBalance,LP_NoInulin,finishing,81.0,2.07,52.3,5.19,22.5,24.61,17.517,1.700589109049634,12.436,6.443,53.05189876965331,18.245,,,,,confirmation,Historical Study_ID,1,27.69,25.265700483091788,0.0255555555555555,0.6456790123456789,0.9600986571663468,1.4085718880669025,0.9884420840223088,0.2760733163308203,0.6673442448361874,0.1678553852190242,0.3526724339292932,0.2793014591278667,0.6751475434155286,0.169818128884156,52.3,5.19,22.5,24.61,27.69,17.517,1.700589109049634,12.436,6.443,53.05189876965331,18.245,1,1,1,1,1,97.5,1,INCLUDED,,0,EXISTING_REVIEWER_FORMULA,1,MASS_BALANCE_NI_MINUS_FN_MINUS_UN,REPORTED_MEAN_BW_USED,1,INCLUDED_IN_906_MAIN,,,AIA_906_V1_20260806,8.049308476815218,19.721315849556547,6.001941841923764,22.981291297879263,6.710125322770095,21.4584707954806,7.297938982645671,21.29956881205241,27.770624326371767,24.52937567362823,28.983233139803023,23.31676686019697,28.59750779469808,23.702492205301915,28.168596118250697,24.1314038817493
V44_b8d232ec7d05,67,Lynch2007_Animal_BetaGlucan,BarleyBetaGlucan_NBalance,Barley_0,finishing,66.0,1.7574,63.1,7.6,22.2,33.3,22.37,2.328722028574369,11.85,4.3,44.10913833914277,18.28,,,,,confirmation,Historical Study_ID,1,29.8,35.905314669397974,0.0266272727272727,0.956060606060606,1.223741794310722,1.887763713080169,0.9182121107715436,0.2858115237127886,0.6417648453825056,0.2385639433166135,0.2565411574574049,0.3112696079260276,0.6989287527946583,0.2598135447333144,63.1,7.6,22.2,33.3,29.8,22.37,2.328722028574369,11.85,4.3,44.10913833914277,18.28,1,1,1,1,1,97.5,1,INCLUDED,,0,EXISTING_REVIEWER_FORMULA,1,MASS_BALANCE_NI_MINUS_FN_MINUS_UN,DIRECT_INITIAL_BW_EXISTING,1,INCLUDED_IN_906_MAIN,,,AIA_906_V1_20260806,8.804813088203417,24.43001652879427,6.868114384847169,28.00898908537071,7.538017862670582,26.33715662127013,7.032854715983073,25.034627278645832,33.234829616997686,29.865170383002315,34.87710347021788,28.22289652978212,32.067481994628906,31.03251800537109,33.87517448394071,29.22482551605929
V44_2ae9e553109b,68,Lynch2007_Animal_BetaGlucan,BarleyBetaGlucan_NBalance,Barley_222,finishing,66.0,1.81015,63.1,9.9,25.6,27.6,21.59,3.486386015095214,13.17,4.95,41.59793175965283,18.35,,,,,confirmation,Historical Study_ID,1,35.5,34.85898958649836,0.0274265151515151,0.956060606060606,1.176566757493188,1.639331814730448,0.919045744557614,0.2775292725960382,0.6396155799716631,0.2354220466757559,0.2660507597723524,0.3019754721019114,0.6959561956075911,0.2561592260993245,63.1,9.9,25.6,27.6,35.5,21.59,3.486386015095214,13.17,4.95,41.59793175965283,18.35,1,1,1,1,1,97.5,1,INCLUDED,,0,EXISTING_REVIEWER_FORMULA,1,MASS_BALANCE_NI_MINUS_FN_MINUS_UN,DIRECT_INITIAL_BW_EXISTING,1,INCLUDED_IN_906_MAIN,,,AIA_906_V1_20260806,9.27348159268686,24.46954798382837,8.027824745111689,27.39864036092999,8.458697060417649,26.030384066986137,8.016190687815348,25.079994837443035,33.74302957651523,29.35697042348477,35.426465106041675,27.67353489395833,33.096185525258385,30.003814474741617,34.489081127403786,28.610918872596216
V44_9d51a9ce9193,69,Lynch2007_Animal_BetaGlucan,BarleyBetaGlucan_NBalance,Barley_444,finishing,66.0,1.83402,66.2,9.0,24.3,32.900000000000006,23.15,4.633559372414361,14.54,5.63,38.99087636172464,18.62,,,,,confirmation,Historical Study_ID,1,33.3,36.09557147686503,0.0277881818181818,1.0030303030303032,1.2432867883995702,1.592159559834938,0.9244864210183076,0.2701531253951248,0.6401100692757655,0.2332218887461819,0.2495913663656338,0.292219679222065,0.6923953177924389,0.2522718381188245,66.2,9.0,24.3,32.900000000000006,33.3,23.15,4.633559372414361,14.54,5.63,38.99087636172464,18.62,1,1,1,1,1,97.5,1,INCLUDED,,0,EXISTING_REVIEWER_FORMULA,1,MASS_BALANCE_NI_MINUS_FN_MINUS_UN,DIRECT_INITIAL_BW_EXISTING,1,INCLUDED_IN_906_MAIN,,,AIA_906_V1_20260806,10.040186479792377,25.85461593358046,9.69577493228364,28.327419197698664,9.814906779214091,27.17230758146395,8.842547416687012,25.912620544433597,35.89480241337284,30.30519758662717,38.0231941299823,28.176805870017706,34.755167961120605,31.4448320388794,36.98721436067804,29.212785639321964
V44_d67945a6026a,70,Lynch2007_Animal_BetaGlucan,BarleyBetaGlucan_NBalance,Barley_666,finishing,66.0,1.81968,64.4,10.2,23.4,30.800000000000004,22.09,5.771697771455457,15.94,5.66,36.52252510950549,18.95,,,,,confirmation,Historical Study_ID,1,33.599999999999994,35.39083794952959,0.027570909090909,0.9757575757575758,1.1656992084432718,1.3858218318695108,0.9252865255777896,0.2620070595979387,0.6379859824128541,0.2301291314441472,0.2617945126691346,0.2831631633610248,0.6895009975579917,0.2487112100767321,64.4,10.2,23.4,30.800000000000004,33.599999999999994,22.09,5.771697771455457,15.94,5.66,36.52252510950549,18.95,1,1,1,1,1,97.5,1,INCLUDED,,0,EXISTING_REVIEWER_FORMULA,1,MASS_BALANCE_NI_MINUS_FN_MINUS_UN,DIRECT_INITIAL_BW_EXISTING,1,INCLUDED_IN_906_MAIN,,,AIA_906_V1_20260806,10.117064590526308,25.243738818135512,9.637214573899634,27.185073886491605,9.803194545081915,26.278225080118165,9.47968864440918,24.83040809631348,35.36080340866182,29.039196591338182,36.82228846039124,27.57771153960877,34.310096740722656,30.08990325927735,36.08141962520008,28.31858037479992
V44_5ac2355c7439,75,Rizzi2007_ItalJAnimSci,DietMain,FieldBean,growing,107.9,2.888,61.6,11.38,33.81,16.409999999999997,13.33,2.92,11.72667027958111,4.275881097636389,55.63639838902993,17.75,,,,,confirmation,Historical Study_ID,1,45.190000000000005,21.32963988919668,0.0267655236329935,0.5708989805375347,0.7509859154929578,1.136725061947948,0.6335106284897043,0.2037294271881556,0.4333412787468434,0.1404553171681646,0.2970323651958478,0.3215880176688568,0.6840315840950189,0.2217094881312591,61.6,11.38,33.81,16.409999999999997,45.190000000000005,13.33,2.92,11.72667027958111,4.275881097636389,55.63639838902993,17.75,1,1,1,1,1,100.0,1,INCLUDED,,0,EXISTING_REVIEWER_FORMULA,1,MASS_BALANCE_NI_MINUS_FN_MINUS_UN,REPORTED_MEAN_BW_USED,1,INCLUDED_IN_906_MAIN,,,AIA_906_V1_20260806,8.82219489738731,23.06468352613685,8.524180209370543,23.81399065780529,8.627263397064592,23.46396953623969,8.772420565287272,21.13915761311849,31.88687842352416,29.71312157647584,32.33817086717583,29.261829132824168,29.91157817840576,31.68842182159424,32.09123293330428,29.50876706669572
V44_5698ce3cd57c,76,Rizzi2007_ItalJAnimSci,DietMain,FieldPea,growing,107.9,3.009,64.28,11.72,36.49,16.07,13.35,2.93,11.78606017394981,4.406797402673347,55.21899368211762,17.58,,,,,confirmation,Historical Study_ID,1,48.21,21.362578929877035,0.0278869323447636,0.5957367933271548,0.7593856655290103,1.1326940303178576,0.6656765352184268,0.2037342305970837,0.4443656364777299,0.1416483622762369,0.3116463179861549,0.3060558992517783,0.6675398830633579,0.2127885764063445,64.28,11.72,36.49,16.07,48.21,13.35,2.93,11.78606017394981,4.406797402673347,55.21899368211762,17.58,1,1,1,1,1,100.0,1,INCLUDED,,0,EXISTING_REVIEWER_FORMULA,1,MASS_BALANCE_NI_MINUS_FN_MINUS_UN,REPORTED_MEAN_BW_USED,1,INCLUDED_IN_906_MAIN,,,AIA_906_V1_20260806,9.17174379549252,23.734685944513924,9.214838624973426,24.15655100631032,9.199932136888606,23.959486710724978,9.415053367614746,22.18177604675293,32.906429740006445,31.37357025999356,33.37138963128375,30.908610368716253,31.59682941436768,32.683170585632325,33.15941884761358,31.12058115238642
V44_3c03d438061a,77,Rizzi2007_ItalJAnimSci,DietMain,Soy,growing,107.9,2.728,57.92,10.38,32.47,15.07,13.27,2.94,10.92869395965028,3.596468221845001,52.46644138033102,17.77,,,,,confirmation,Historical Study_ID,1,42.85,21.2316715542522,0.0252826691380908,0.5367933271547729,0.7467642093415869,1.2142347520201435,0.6533505026336974,0.246044251498483,0.4930705391399504,0.1789134232236277,0.3077197167641755,0.3765884475586427,0.7546799721624943,0.2738398799762399,57.92,10.38,32.47,15.07,42.85,13.27,2.94,10.92869395965028,3.596468221845001,52.46644138033102,17.77,1,1,1,1,1,100.0,1,INCLUDED,,0,EXISTING_REVIEWER_FORMULA,1,MASS_BALANCE_NI_MINUS_FN_MINUS_UN,REPORTED_MEAN_BW_USED,1,INCLUDED_IN_906_MAIN,,,AIA_906_V1_20260806,8.367976449662226,22.53500438551484,8.023723263791977,23.921748500795665,8.14280033348104,23.273963754006587,7.912209510803223,19.746830622355144,30.902980835177065,27.017019164822937,31.945471764587644,25.97452823541236,27.659040133158367,30.260959866841635,31.41676408748763,26.503235912512373
V44_b6a80b743b94,78,Rizzi2007_ItalJAnimSci,DietMain,Sunflower,growing,107.9,3.063,65.62,11.38,36.83,17.410000000000004,13.39,4.9,16.80204155061899,8.014819898455512,44.20195182189291,18.53,,,,,confirmation,Historical Study_ID,1,48.21,21.423441070845577,0.0283873957367933,0.6081556997219648,0.7226119805720453,0.7969269662654006,0.5583486804991049,0.2913258085579883,0.5612072067269891,0.1775085619861143,0.2606183161403588,0.5217632256201872,1.0051196077428337,0.3179170439293245,65.62,11.38,36.83,17.410000000000004,48.21,13.39,4.9,16.80204155061899,8.014819898455512,44.20195182189291,18.53,1,1,1,1,1,100.0,1,INCLUDED,,0,EXISTING_REVIEWER_FORMULA,1,MASS_BALANCE_NI_MINUS_FN_MINUS_UN,REPORTED_MEAN_BW_USED,1,INCLUDED_IN_906_MAIN,,,AIA_906_V1_20260806,10.568356926194651,24.298417103793355,11.784234042135369,24.747345605025583,11.363662526719448,24.5376392631759,12.313416798909506,25.365664800008137,34.86677402998801,30.753225970012,36.53157964716095,29.08842035283905,37.67908159891764,27.940918401082364,35.90130178989535,29.71869821010465
V44_71d17daf41f1,79,Zangeronimo2007_RBZ,Metabolism_25kg,CP16_Lys0.7,nursery,25.0,0.907421875,23.23,3.28,6.4,13.55,16.0,5.889116217593039,6.672762869848964,2.412368272500724,51.31289945064781,18.20384023350911,,,,,confirmation,Historical Study_ID,1,9.68,25.6,0.036296875,0.9292,0.8789354221285495,2.3978073718603694,0.7767077969462076,0.2711516570059617,0.5072223155401964,0.1406358166623067,0.3034014831821123,0.3491038175129081,0.6530413593560527,0.1810665699703883,23.23,3.28,6.4,13.55,9.68,16.0,5.889116217593039,6.672762869848964,2.412368272500724,51.31289945064781,18.20384023350911,1,1,1,1,1,100.01,1,INCLUDED,,0,EXISTING_REVIEWER_FORMULA,1,MASS_BALANCE_NI_MINUS_FN_MINUS_UN,DIRECT_INITIAL_BW_EXISTING,1,INCLUDED_IN_906_MAIN,,,AIA_906_V1_20260806,3.484343289814781,6.275232348573384,4.184458247857943,4.158599333377313,3.9422887020961137,5.147334433591908,3.789173444112142,5.124257405598958,9.759575638388164,13.470424361611837,8.343057581235257,14.886942418764743,8.9134308497111,14.3165691502889,9.089623135688022,14.140376864311978
V44_1a453558687d,80,Zangeronimo2007_RBZ,Metabolism_25kg,CP16_Lys0.9,nursery,25.0,0.94453125,24.18,3.49,3.96,16.729999999999997,16.0,5.890115325698567,6.67389492620907,2.412777538782032,51.32160485428818,18.27637627122939,,,,,confirmation,Historical Study_ID,1,7.45,25.6,0.03778125,0.9672,0.8754470668885904,2.397400644886745,1.016260499364626,0.2711976587842136,0.5928158429759396,0.1406596759952122,0.396976757564307,0.2668584078135168,0.5833305961872696,0.1384090753140102,24.18,3.49,3.96,16.729999999999997,7.45,16.0,5.890115325698567,6.67389492620907,2.412777538782032,51.32160485428818,18.27637627122939,1,1,1,1,1,100.0,1,INCLUDED,,0,EXISTING_REVIEWER_FORMULA,1,MASS_BALANCE_NI_MINUS_FN_MINUS_UN,DIRECT_INITIAL_BW_EXISTING,1,INCLUDED_IN_906_MAIN,,,AIA_906_V1_20260806,3.6262711624517694,6.412611837939738,4.1678109661984335,4.160144401803911,3.980492516880008,5.212331342198755,3.9442718823750815,5.187209129333496,10.038883000391507,14.141116999608492,8.327955368002344,15.852044631997655,9.131481011708578,15.048518988291422,9.192823859078764,14.987176140921235
V44_234b5455b348,81,Zangeronimo2007_RBZ,Metabolism_25kg,CP16_Lys1.1,nursery,25.0,0.97265625,24.9,3.38,4.42,17.1,16.0,5.889927156056789,6.673681717409566,2.41270045854505,51.3199652992936,18.37124633370513,,,,,confirmation,Historical Study_ID,1,7.8,25.6,0.03890625,0.996,0.8709262131358676,2.3974772363298302,1.264191790253508,0.357564010410212,0.7317421131628593,0.1406551823852605,0.4938249180677765,0.2828400035239192,0.5788220733628742,0.1112609522302426,24.9,3.38,4.42,17.1,7.8,16.0,5.889927156056789,6.673681717409566,2.41270045854505,51.3199652992936,18.37124633370513,1,1,1,1,1,100.01,1,INCLUDED,,0,EXISTING_REVIEWER_FORMULA,1,MASS_BALANCE_NI_MINUS_FN_MINUS_UN,DIRECT_INITIAL_BW_EXISTING,1,INCLUDED_IN_906_MAIN,,,AIA_906_V1_20260806,3.733950826963466,6.517462793810113,4.210611729055711,5.421982271049518,4.045734871596844,5.933710112710581,4.062788168589274,5.234975973765056,10.25141362077358,14.64858637922642,9.632594000105229,15.26740599989477,9.29776414235433,15.602235857645669,9.979444984307424,14.920555015692576
V44_d907c462640a,82,Zangeronimo2007_RBZ,Metabolism_25kg,CP16_Lys1.3,nursery,25.0,1.02109375,26.14,3.82,5.12,17.2,16.0,5.891014163806544,6.674913369950253,2.413145731300856,51.32943658790538,18.46444614613346,,,,,confirmation,Historical Study_ID,1,8.94,25.6,0.04084375,1.0456,0.8665301885239852,2.397034854718908,1.503882568766906,0.4224232174042386,0.8708480104011151,0.1406811408172147,0.5874541284245727,0.2808884324994873,0.5790664966049567,0.0935452965137862,26.14,3.82,5.12,17.2,8.94,16.0,5.891014163806544,6.674913369950253,2.413145731300856,51.32943658790538,18.46444614613346,1,1,1,1,1,99.91,1,INCLUDED,,0,EXISTING_REVIEWER_FORMULA,1,MASS_BALANCE_NI_MINUS_FN_MINUS_UN,DIRECT_INITIAL_BW_EXISTING,1,INCLUDED_IN_906_MAIN,,,AIA_906_V1_20260806,3.919230062157912,6.696947216204435,4.200446749546249,6.968861446786858,4.103173985033651,6.841843138891957,4.270505587259929,5.307228724161784,10.616177278362349,15.523822721637654,11.169308196333107,14.970691803666892,9.577734311421713,16.562265688578286,10.94501712392561,15.194982876074391
V44_1843a5550d6e,83,Zangeronimo2007_RBZ,Metabolism_25kg,CP18_Lys0.7,nursery,25.0,0.8388888888888889,24.16,3.43,6.61,14.12,18.0,5.981406490302166,7.053382901273498,2.664231420320643,47.51345968732365,18.33540677797325,,,,,confirmation,Historical Study_ID,1,10.04,28.8,0.0335555555555555,0.9664,0.981707153703501,2.551966942947345,0.7666260607871123,0.2986636571845852,0.5804901472654651,0.166682709861586,0.2661896044399695,0.3895819258713179,0.7572011661975889,0.2174237459269896,24.16,3.43,6.61,14.12,10.04,18.0,5.981406490302166,7.053382901273498,2.664231420320643,47.51345968732365,18.33540677797325,1,1,1,1,1,99.96,1,INCLUDED,,0,EXISTING_REVIEWER_FORMULA,1,MASS_BALANCE_NI_MINUS_FN_MINUS_UN,DIRECT_INITIAL_BW_EXISTING,1,INCLUDED_IN_906_MAIN,,,AIA_906_V1_20260806,3.313204417767526,7.063405904328358,4.182407606295096,4.100543255395162,3.881750494313383,5.484574533884729,3.623764912287394,5.8335723876953125,10.376610322095884,13.783389677904117,8.282950861690258,15.877049138309742,9.457337299982706,14.702662700017294,9.366325028198112,14.793674971801888
V44_0a374ea09c82,84,Zangeronimo2007_RBZ,Metabolism_25kg,CP18_Lys0.9,nursery,25.0,0.8631944444444444,24.86,3.47,5.78,15.61,18.0,5.981695379563535,7.053723564724444,2.664360097053846,47.51575448676529,18.39326054792813,,,,,confirmation,Historical Study_ID,1,9.25,28.8,0.0345277777777777,0.9944,0.9786193129323976,2.551843694303205,1.00713497465357,0.2986780820064832,0.5923270710399873,0.1666907602833409,0.349699643976934,0.2965621188055962,0.5881307728824862,0.1655098516866406,24.86,3.47,5.78,15.61,9.25,18.0,5.981695379563535,7.053723564724444,2.664360097053846,47.51575448676529,18.39326054792813,1,1,1,1,1,99.981,1,INCLUDED,,0,EXISTING_REVIEWER_FORMULA,1,MASS_BALANCE_NI_MINUS_FN_MINUS_UN,DIRECT_INITIAL_BW_EXISTING,1,INCLUDED_IN_906_MAIN,,,AIA_906_V1_20260806,3.430106338412092,7.219321737093908,4.189026058863497,4.984662036206163,3.926515964114056,6.028530513849695,3.724854310353597,5.895588874816895,10.649428075506,14.210571924494,9.17368809506966,15.68631190493034,9.620443185170492,15.239556814829507,9.955046477963752,14.904953522036248
V44_f3dd28e34a77,85,Zangeronimo2007_RBZ,Metabolism_25kg,CP18_Lys1.1,nursery,25.0,0.8979166666666667,25.86,3.66,5.99,16.21,18.0,5.982134557928517,7.054241451809229,2.664555715392277,47.5192431116521,18.48275976540888,,,,,confirmation,Historical Study_ID,1,9.65,28.8,0.0359166666666666,1.0344,0.973880536698184,2.5516563507169816,1.247698461878942,0.3529270775699901,0.7308667699457786,0.1667029987827819,0.4332286325968548,0.2828624770751964,0.5857719571483218,0.1336084028922657,25.86,3.66,5.99,16.21,9.65,18.0,5.982134557928517,7.054241451809229,2.664555715392277,47.5192431116521,18.48275976540888,1,1,1,1,1,99.94,1,INCLUDED,,0,EXISTING_REVIEWER_FORMULA,1,MASS_BALANCE_NI_MINUS_FN_MINUS_UN,DIRECT_INITIAL_BW_EXISTING,1,INCLUDED_IN_906_MAIN,,,AIA_906_V1_20260806,3.5971068518082507,7.442039575356857,4.215560428138388,6.494510913687075,4.001637528857303,6.937126539318091,3.871678511301676,5.9895195960998535,11.039146427165107,14.820853572834892,10.710071341825463,15.149928658174536,9.86119810740153,15.99880189259847,10.938764068175397,14.921235931824604
V44_a918b75c4c14,86,Zangeronimo2007_RBZ,Metabolism_25kg,CP18_Lys1.3,nursery,25.0,0.9270833333333334,26.7,4.01,6.61,16.08,18.0,5.982607896939949,7.054799621747213,2.664766549527821,47.52300309253194,18.5801034385259,,,,,confirmation,Historical Study_ID,1,10.62,28.8,0.0370833333333333,1.068,0.968778244941142,2.5514544657672453,1.496895350246257,0.4288789032218439,0.8812424574922108,0.1667161892304194,0.519755329946617,0.2865122823391016,0.5887134710834903,0.1113746456644364,26.7,4.01,6.61,16.08,10.62,18.0,5.982607896939949,7.054799621747213,2.664766549527821,47.52300309253194,18.5801034385259,1,1,1,1,1,99.97,1,INCLUDED,,0,EXISTING_REVIEWER_FORMULA,1,MASS_BALANCE_NI_MINUS_FN_MINUS_UN,DIRECT_INITIAL_BW_EXISTING,1,INCLUDED_IN_906_MAIN,,,AIA_906_V1_20260806,3.73737848691101,7.629047368491831,4.227600391343593,7.846302348762247,4.058032787402158,7.744816818135252,4.000984112421672,6.072437604268392,11.36642585540284,15.333574144597158,12.07390274010584,14.62609725989416,10.073421716690063,16.626578283309936,11.80284960553741,14.897150394462589
V44_09a3cbf1f8bc,108,Hauschild2008_ABMVZ,MainEffect_Triticale,Triticale_0,finishing,59.0,1.80095258042895,49.8,6.16,10.12,33.52,17.283,8.583,8.516733167783116,3.255877732443487,50.50069680898768,18.699756242814,,,,,confirmation,Historical Study_ID,1,16.28,27.65203289702312,0.0305246200072703,0.8440677966101694,0.9242366464879224,2.0292992230140188,0.8502368165273441,0.2622340322024617,0.5753859723903084,0.1811824513188203,0.3074686167503269,0.308424696631598,0.6767361295178679,0.2130964547722491,49.8,6.16,10.12,33.52,16.28,17.283,8.583,8.516733167783116,3.255877732443487,50.50069680898768,18.699756242814,1,1,1,1,1,97.04,1,INCLUDED,,0,EXISTING_REVIEWER_FORMULA,1,MASS_BALANCE_NI_MINUS_FN_MINUS_UN,DIRECT_INITIAL_BW_EXISTING,1,INCLUDED_IN_906_MAIN,,,AIA_906_V1_20260806,7.139744546485282,18.488007896943245,6.423399106189964,19.20394947152644,6.671182770703786,18.869514281575604,6.5550181070963545,21.252795537312824,25.627752443428527,24.17224755657147,25.627348577716404,24.172651422283597,27.80781364440918,21.992186355590817,25.54069705227939,24.25930294772061
V44_25fd5e1f99cc,109,Hauschild2008_ABMVZ,MainEffect_Triticale,Triticale_30,finishing,59.0,1.79561294002608,51.24,6.13,12.58,32.53,17.835,9.266,9.82276691196004,3.533996899321187,49.02411087487175,18.8825836932828,,,,,confirmation,Historical Study_ID,1,18.71,28.536216718986093,0.0304341176275606,0.8684745762711865,0.9445211677438262,1.815679854755018,0.8079224591026143,0.2569888128689128,0.55454501462905,0.1864221809225738,0.283123934364527,0.3180859870566769,0.6863839572488196,0.2307426644998072,51.24,6.13,12.58,32.53,18.71,17.835,9.266,9.82276691196004,3.533996899321187,49.02411087487175,18.8825836932828,1,1,1,1,1,97.02,1,INCLUDED,,0,EXISTING_REVIEWER_FORMULA,1,MASS_BALANCE_NI_MINUS_FN_MINUS_UN,DIRECT_INITIAL_BW_EXISTING,1,INCLUDED_IN_906_MAIN,,,AIA_906_V1_20260806,7.548713357460397,19.13307738244664,6.559548914238739,21.543531280287343,6.901700586827306,20.41754469728801,7.092851956685384,22.34023920694987,26.681790739907036,24.55820926009297,28.103080194526083,23.13691980547392,29.43309116363525,21.806908836364748,27.31924528411532,23.920754715884684
V44_bd5f016748e1,110,Hauschild2008_ABMVZ,MainEffect_Triticale,Triticale_60,finishing,59.0,1.81068913261889,50.19,5.59,10.55,34.05,17.324,10.118,11.11993903240288,3.828780483938117,47.16861490635867,19.08968718938015,,,,,confirmation,Historical Study_ID,1,16.14,27.718728243211853,0.0306896463155744,0.8506779661016949,0.907505703374625,1.5579222106810868,0.8017693933686126,0.2544143887459139,0.5420038319108342,0.1947965080286246,0.2892552937285747,0.3173161645357883,0.6760096311903596,0.2429582740870068,50.19,5.59,10.55,34.05,16.14,17.324,10.118,11.11993903240288,3.828780483938117,47.16861490635867,19.08968718938015,1,1,1,1,1,97.08,1,INCLUDED,,0,EXISTING_REVIEWER_FORMULA,1,MASS_BALANCE_NI_MINUS_FN_MINUS_UN,DIRECT_INITIAL_BW_EXISTING,1,INCLUDED_IN_906_MAIN,,,AIA_906_V1_20260806,7.768421028221075,18.70041997889204,6.6189624338783375,20.866814138607328,7.01655980337612,19.854834295511104,7.616541544596354,21.46484629313151,26.468841007113117,23.721158992886885,27.485776572485666,22.70422342751433,29.081387837727867,21.10861216227213,26.871394098887222,23.31860590111277
V44_1c18874c43af,126,Wu2008_AJAS,Exp2_TDP,Diet1,growing,21.38,1.029,40.85,6.17,6.07,28.61,17.34,6.183719736122427,11.63485282462857,4.457521515398439,46.00550079810685,18.98971100717738,,,,,confirmation,Historical Study_ID,1,12.24,39.69873663751216,0.0481290926099158,1.91066417212348,0.9131260603937652,1.490349750131331,0.7745309698951856,0.259107727683704,0.5686592474354537,0.1853401721231875,0.2791706206369613,0.3345350124847404,0.7341982045113165,0.239293429607171,40.85,6.17,6.07,28.61,12.24,17.34,6.183719736122427,11.63485282462857,4.457521515398439,46.00550079810685,18.98971100717738,1,1,1,1,1,98.57,1,INCLUDED,,0,EXISTING_REVIEWER_FORMULA,1,MASS_BALANCE_NI_MINUS_FN_MINUS_UN,DIRECT_INITIAL_BW_EXISTING,1,INCLUDED_IN_906_MAIN,,,AIA_906_V1_20260806,4.87740059340425,11.479592321162292,5.431058945026453,10.866275690508765,5.23954869377522,11.15277206277494,6.075086911519368,9.626347541809082,16.35699291456654,24.49300708543346,16.29733463553522,24.552665364464783,15.70143445332845,25.148565546671552,16.39232075655016,24.45767924344984
V44_d05eda305403,127,Wu2008_AJAS,Exp2_TDP,Diet2,growing,21.58,1.059,40.53,6.92,6.57,27.04,17.34,6.18355408117478,11.63454113991164,4.457402103373836,45.7523189127285,18.94358618318684,,,,,confirmation,Historical Study_ID,1,13.49,38.27195467422096,0.0490732159406858,1.8781278962001853,0.915349386980904,1.4903896760067403,0.7745102210752609,0.2591007864769715,0.5686440136891193,0.1853352070669074,0.2791631419677267,0.3345350124847404,0.7341982045113165,0.239293429607171,40.53,6.92,6.57,27.04,13.49,17.34,6.18355408117478,11.63454113991164,4.457402103373836,45.7523189127285,18.94358618318684,1,1,1,1,1,98.57,1,INCLUDED,,0,EXISTING_REVIEWER_FORMULA,1,MASS_BALANCE_NI_MINUS_FN_MINUS_UN,DIRECT_INITIAL_BW_EXISTING,1,INCLUDED_IN_906_MAIN,,,AIA_906_V1_20260806,5.135216090919516,11.34773755126707,5.406261441002392,10.52224232005238,5.312506938893355,10.907852912111542,6.262819131215413,9.219510714213053,16.482953642186587,24.04704635781341,15.92850376105477,24.60149623894523,15.482329845428469,25.04767015457153,16.220359851004897,24.309640148995104
V44_9282e44404fb,128,Wu2008_AJAS,Exp2_TDP,Diet3,growing,21.34,1.069,41.73,6.47,6.28,28.98,17.34,6.183381533375226,11.63421648608858,4.457277722651265,45.48860220622621,18.89554211932105,,,,,confirmation,Historical Study_ID,1,12.75,39.03648269410664,0.0500937207122774,1.9554826616682288,0.9176767668533584,1.4904312654602925,0.77448860890326,0.2590935564487414,0.5686281460712407,0.1853300354161481,0.2791553521133434,0.3345350124847405,0.7341982045113165,0.239293429607171,41.73,6.47,6.28,28.98,12.75,17.34,6.183381533375226,11.63421648608858,4.457277722651265,45.48860220622621,18.89554211932105,1,1,1,1,1,98.57,1,INCLUDED,,0,EXISTING_REVIEWER_FORMULA,1,MASS_BALANCE_NI_MINUS_FN_MINUS_UN,DIRECT_INITIAL_BW_EXISTING,1,INCLUDED_IN_906_MAIN,,,AIA_906_V1_20260806,5.240356703189764,11.828660654850326,5.410623426014792,11.136505209201053,5.351728219661623,11.45982927105063,6.353891372680664,9.542104721069336,17.069017358040092,24.660982641959905,16.547128635215845,25.182871364784152,15.89599609375,25.83400390625,16.811557490712254,24.918442509287743
V44_cb9c44329ad1,129,Wu2008_AJAS,Exp2_TDP,Diet4,growing,21.36,1.06,40.41,6.01,5.76,28.64,17.34,6.183208995205056,11.6338918503835,4.457153348870018,45.22490021697783,18.84750073665318,,,,,confirmation,Historical Study_ID,1,11.77,38.122641509433954,0.049625468164794,1.8918539325842696,0.9200158812716474,1.490472854913844,0.7744669979373708,0.2590863268239978,0.5686122793388872,0.1853248640540033,0.279147562693689,0.3345350124847404,0.7341982045113167,0.239293429607171,40.41,6.01,5.76,28.64,11.77,17.34,6.183208995205056,11.6338918503835,4.457153348870018,45.22490021697783,18.84750073665318,1,1,1,1,1,98.57,1,INCLUDED,,0,EXISTING_REVIEWER_FORMULA,1,MASS_BALANCE_NI_MINUS_FN_MINUS_UN,DIRECT_INITIAL_BW_EXISTING,1,INCLUDED_IN_906_MAIN,,,AIA_906_V1_20260806,5.182424832035186,11.305201765603735,5.430032078028771,10.439588356136536,5.34438480881858,10.843939207234532,6.3085988362630205,9.095954577128092,16.487626597638922,23.922373402361075,15.869620434165306,24.54037956583469,15.404553413391112,25.005446586608883,16.188324016053112,24.221675983946884
V44_293eca236969,130,Wu2008_AJAS,Exp2_TDP,Diet5,growing,21.29,1.062,39.85,4.78,5.69,29.38,17.34,6.182429242782544,11.63242472298079,4.45659126595741,44.03315079286249,18.6303871293902,,,,,confirmation,Historical Study_ID,1,10.47,37.52354048964219,0.0498825739783936,1.8717707844058245,0.9307375031754138,1.490660839243897,0.7743693314153003,0.2590536539528176,0.5685405727537421,0.1853014930969792,0.2791123599391941,0.3345350124847404,0.7341982045113166,0.2392934296071709,39.85,4.78,5.69,29.38,10.47,17.34,6.182429242782544,11.63242472298079,4.45659126595741,44.03315079286249,18.6303871293902,1,1,1,1,1,98.57,1,INCLUDED,,0,EXISTING_REVIEWER_FORMULA,1,MASS_BALANCE_NI_MINUS_FN_MINUS_UN,DIRECT_INITIAL_BW_EXISTING,1,INCLUDED_IN_906_MAIN,,,AIA_906_V1_20260806,5.252547295298188,11.145751379578082,5.582532517958136,10.129173164544236,5.468390732296203,10.604043657492848,6.376260757446289,8.813069025675455,16.39829867487627,23.45170132512373,15.711705682502371,24.13829431749763,15.189329783121744,24.66067021687826,16.072434389789052,23.77756561021095
V44_af38e41e9f9c,136,Liu2009_LivSci,NBalance,CS0,finishing,60.04,2.14060026970059,63.06,10.18,36.65,16.230000000000004,18.4118915418,4.096726461234008,9.52656886690156,3.938655452921132,46.98324708374544,18.58237354916628,,,,,confirmation,Historical Study_ID,1,46.83,29.459026466823875,0.0356529025599698,1.0502998001332446,0.9908256064858878,1.932688652025493,1.101391131209909,0.2712945945482481,0.6131603249074721,0.1855335144066172,0.3738722094052136,0.2463199374505798,0.5567144200933399,0.16845379370615,63.06,10.18,36.65,16.230000000000004,46.83,18.4118915418,4.096726461234008,9.52656886690156,3.938655452921132,46.98324708374544,18.58237354916628,1,1,1,1,1,100.0,1,INCLUDED,,0,EXISTING_REVIEWER_FORMULA,1,MASS_BALANCE_NI_MINUS_FN_MINUS_UN,DIRECT_INITIAL_BW_EXISTING,1,INCLUDED_IN_906_MAIN,,,AIA_906_V1_20260806,9.221166055520255,22.969690950656137,8.211274339072412,17.011333701288397,8.56059556900924,19.794639503367765,8.937330563863119,20.45884323120117,32.190857006176394,30.86914299382361,25.22260804036081,37.83739195963919,29.396173795064293,33.66382620493571,28.35523507237701,34.704764927623
V44_9e6ce7c67f11,137,Liu2009_LivSci,NBalance,CS70,finishing,60.04,2.26540210260922,66.71,9.44,30.7,26.57,18.4045693045,4.093944169832024,9.519231028314804,3.936438139276467,46.9294120201373,18.56774080051485,,,,,confirmation,Historical Study_ID,1,40.14,29.44731088717781,0.0377315473452568,1.1110926049300465,0.9912120974884394,1.9334092480533245,1.101159937626269,0.271159742777947,0.6129392423963226,0.1854821855746551,0.3739424431128328,0.2462491900699514,0.5566305324525461,0.1684425479322217,66.71,9.44,30.7,26.57,40.14,18.4045693045,4.093944169832024,9.519231028314804,3.936438139276467,46.9294120201373,18.56774080051485,1,1,1,1,1,99.937,1,INCLUDED,,0,EXISTING_REVIEWER_FORMULA,1,MASS_BALANCE_NI_MINUS_FN_MINUS_UN,DIRECT_INITIAL_BW_EXISTING,1,INCLUDED_IN_906_MAIN,,,AIA_906_V1_20260806,9.79903010918705,24.12669589541124,8.738482932716101,17.69212983907438,9.105325870485654,20.697885333236087,9.596198399861654,21.67408498128255,33.92572600459829,32.784273995401705,26.43061277179048,40.27938722820952,31.270283381144203,35.43971661885579,29.80321120372174,36.90678879627825
V44_d932a3a5c7d6,187,Jin2010_AAJS,MetabolismTrial,CON,finishing,62.97,0.8878461,24.64,4.22,4.75,15.670000000000002,17.5030334649,3.468050769159204,10.95619763380162,4.266176840783555,54.47356157784552,18.54080643030363,,,,,confirmation,Historical Study_ID,1,8.969999999999999,27.752557566001588,0.0140995092901381,0.3912974432269335,0.9440276252651308,1.597546343167482,0.6973360124012484,0.2679221950741238,0.4716445383946609,0.1273527078623198,0.2688168513823493,0.3842081726878618,0.6763519021060909,0.1826274645185552,24.64,4.22,4.75,15.670000000000002,8.969999999999999,17.5030334649,3.468050769159204,10.95619763380162,4.266176840783555,54.47356157784552,18.54080643030363,1,1,1,1,1,98.23,1,INCLUDED,,0,EXISTING_REVIEWER_FORMULA,1,MASS_BALANCE_NI_MINUS_FN_MINUS_UN,DIRECT_INITIAL_BW_EXISTING,1,INCLUDED_IN_906_MAIN,,,AIA_906_V1_20260806,3.4376175522017585,10.50201117853145,4.558423658138357,11.225770537776532,4.170737175449299,10.887683454443314,4.020135879516602,11.843195915222168,13.939628730733208,10.700371269266792,15.784194195914887,8.855805804085112,15.86333179473877,8.776668205261231,15.058420629892613,9.581579370107388
V44_3c0af51c16d1,188,Jin2010_AAJS,MetabolismTrial,EEL,finishing,62.97,0.8918658,24.84,4.35,7.75,12.740000000000002,17.4017212007,7.224425345158429,10.02927653465353,3.888290334711791,53.06508131604554,19.38098736379397,,,,,confirmation,Historical Study_ID,1,12.1,27.851723880431337,0.0141633444497379,0.3944735588375417,0.8978758859937405,1.7350923708776924,0.5831159631863896,0.2792891307189938,0.4490985930842958,0.111008444319762,0.2297650180890313,0.4789598439268257,0.7701702944817925,0.1903711291201246,24.84,4.35,7.75,12.740000000000002,12.1,17.4017212007,7.224425345158429,10.02927653465353,3.888290334711791,53.06508131604554,19.38098736379397,1,1,1,1,1,98.2,1,INCLUDED,,0,EXISTING_REVIEWER_FORMULA,1,MASS_BALANCE_NI_MINUS_FN_MINUS_UN,DIRECT_INITIAL_BW_EXISTING,1,INCLUDED_IN_906_MAIN,,,AIA_906_V1_20260806,3.4063696622562687,11.019783188651658,4.699815692551523,11.562197114060266,4.252413113838538,11.308821265225651,4.137830893198649,14.315686543782553,14.426152850907927,10.413847149092073,16.26201280661179,8.57798719338821,18.4535174369812,6.386482563018799,15.561234379064189,9.278765620935811
V44_978ffb4598d8,189,Jin2010_AAJS,MetabolismTrial,EELL,finishing,62.97,0.8915371,23.71,4.9,8.38,10.43,17.3071877772,7.313887083330574,10.29143496103527,3.891039576479766,53.32957024446877,19.39188341124558,,,,,confirmation,Historical Study_ID,1,13.28,26.59451861285413,0.0141581245037319,0.3765285056376052,0.892496484749045,1.6817079292370107,0.4621297195596233,0.2878904512218279,0.4340879723345218,0.100535378729612,0.1843569968150205,0.6229645898908363,0.9393206148874752,0.2175479621293672,23.71,4.9,8.38,10.43,13.28,17.3071877772,7.313887083330574,10.29143496103527,3.891039576479766,53.32957024446877,19.39188341124558,1,1,1,1,1,98.18,1,INCLUDED,,0,EXISTING_REVIEWER_FORMULA,1,MASS_BALANCE_NI_MINUS_FN_MINUS_UN,DIRECT_INITIAL_BW_EXISTING,1,INCLUDED_IN_906_MAIN,,,AIA_906_V1_20260806,3.584963274030226,10.845265670366594,4.69956404242462,11.115251982029276,4.314023984057211,10.989134255903927,4.15341854095459,13.55284055074056,14.43022894439682,9.27977105560318,15.814816024453895,7.895183975546104,17.706259091695152,6.003740908304849,15.30315823996114,8.406841760038862
V44_51302ea35a01,190,Jin2010_AAJS,MetabolismTrial,EL,finishing,62.97,0.8895788,24.37,4.29,6.23,13.85,17.4352176558,5.353361692072696,10.62116181275902,4.051465468826369,54.1788927523902,18.95837414290897,,,,,confirmation,Historical Study_ID,1,10.52,27.394987380544592,0.0141270255677306,0.3870096871526123,0.9196578527447894,1.6415546588185268,0.5751192260876719,0.280402248794598,0.4473316630297393,0.1101662101210145,0.2262381015827404,0.4875549904705379,0.7778068315899903,0.1915536903025054,24.37,4.29,6.23,13.85,10.52,17.4352176558,5.353361692072696,10.62116181275902,4.051465468826369,54.1788927523902,18.95837414290897,1,1,1,1,1,98.2,1,INCLUDED,,0,EXISTING_REVIEWER_FORMULA,1,MASS_BALANCE_NI_MINUS_FN_MINUS_UN,DIRECT_INITIAL_BW_EXISTING,1,INCLUDED_IN_906_MAIN,,,AIA_906_V1_20260806,3.475734556236885,10.67572609099833,4.627297859897688,11.212418324134536,4.228972472102822,10.961715228650048,4.11950143178304,12.949416796366371,14.151460647235217,10.218539352764786,15.839716184032223,8.530283815967778,17.068918228149414,7.301081771850587,15.190687700752871,9.17931229924713
V44_349f92696def,191,Jin2010_AAJS,MetabolismTrial,ELL,finishing,62.97,0.8892608,24.01,5.02,7.41,11.580000000000002,17.3177542516,5.429711407497102,10.85496167153663,4.045408782215521,54.48880913225905,18.96538381091351,,,,,confirmation,Historical Study_ID,1,12.43,26.999953219572934,0.0141219755439097,0.3812926790535176,0.9131243756656592,1.5953768217357966,0.4538759034469977,0.289039595583208,0.4323011966793093,0.0996206568421772,0.1807989562741849,0.6368251616533797,0.9524656263885404,0.2194887547137884,24.01,5.02,7.41,11.580000000000002,12.43,17.3177542516,5.429711407497102,10.85496167153663,4.045408782215521,54.48880913225905,18.96538381091351,1,1,1,1,1,98.17,1,INCLUDED,,0,EXISTING_REVIEWER_FORMULA,1,MASS_BALANCE_NI_MINUS_FN_MINUS_UN,DIRECT_INITIAL_BW_EXISTING,1,INCLUDED_IN_906_MAIN,,,AIA_906_V1_20260806,3.540879494043374,10.58760697655928,4.624876392608648,11.09932112012863,4.249922203275929,10.86028594899085,4.1422529220581055,12.785667101542154,14.128486470602654,9.881513529397347,15.72419751273728,8.285802487262723,16.927920023600258,7.082079976399744,15.11020815226678,8.899791847733223
V44_4f4a7733f6db,198,McDonnell2010_AAN,Digestibility_N_balance,RSM_0,growing-finishing,50.1,2.209,72.2,10.0,24.2,38.0,20.43,6.15467010383649,16.66,5.723312178321961,34.73552910832784,17.15,,,,,confirmation,Historical Study_ID,1,34.2,32.684472612041645,0.0440918163672654,1.441117764471058,1.191253644314869,1.2262905162064826,0.8162082358483926,0.303122255244148,0.63478005883385,0.2019883231818372,0.2496965968699194,0.3713785795472563,0.7777182720706556,0.2474715572697991,72.2,10.0,24.2,38.0,34.2,20.43,6.15467010383649,16.66,5.723312178321961,34.73552910832784,17.15,1,1,1,1,1,99.57,1,INCLUDED,,0,EXISTING_REVIEWER_FORMULA,1,MASS_BALANCE_NI_MINUS_FN_MINUS_UN,DIRECT_INITIAL_BW_EXISTING,1,INCLUDED_IN_906_MAIN,,,AIA_906_V1_20260806,12.300816806687664,26.09511421174664,11.737658369756993,23.06099552117648,11.932454697555254,24.478312375844347,13.458455085754396,23.96779060363769,38.395931018434304,33.8040689815657,34.79865389093347,37.40134610906653,37.42624568939209,34.77375431060791,36.4107670733996,35.789232926600405
V44_aebfff38ed21,199,McDonnell2010_AAN,Digestibility_N_balance,RSM_140,growing-finishing,50.1,2.152,66.7,11.8,21.4,33.50000000000001,19.37,7.665798017507155,18.72,6.882811539329173,33.8811565868568,18.03,,,,,confirmation,Historical Study_ID,1,33.2,30.99442379182156,0.0429540918163672,1.3313373253493015,1.074320576816417,1.0347222222222223,0.6702860062190649,0.2955224501169945,0.5920319888180678,0.1742448657327748,0.2162771057753823,0.4408900788246667,0.8832527955604942,0.2599559950768651,66.7,11.8,21.4,33.50000000000001,33.2,19.37,7.665798017507155,18.72,6.882811539329173,33.8811565868568,18.03,1,1,1,1,1,98.9,1,INCLUDED,REPORTED_RN_DIFF_GT2_USE_RECOMPUTED,0,EXISTING_REVIEWER_FORMULA,1,MASS_BALANCE_NI_MINUS_FN_MINUS_UN,DIRECT_INITIAL_BW_EXISTING,1,INCLUDED_IN_906_MAIN,,,AIA_906_V1_20260806,11.903425538896672,23.56017733402324,12.85685650693403,19.26072567751437,12.527065032273615,21.269112929317828,13.524959246317543,21.062918345133465,35.463602872919914,31.23639712708009,32.117582184448395,34.58241781555161,34.58787759145101,32.11212240854899,33.79617796159144,32.90382203840856
V44_42fbb55f0867,200,McDonnell2010_AAN,Digestibility_N_balance,RSM_210,growing-finishing,50.1,2.132,63.0,10.4,16.2,36.400000000000006,18.47,8.310570442625608,19.79,7.467878755406327,33.6202404178853,17.77,,,,,confirmation,Historical Study_ID,1,26.6,29.549718574108816,0.0425548902195608,1.2574850299401197,1.0393922341024198,0.933299646286003,0.5989996640804056,0.2922915151473057,0.571783206070851,0.1608554076164338,0.2026934434489732,0.4879660752331749,0.9545634836851908,0.2685400631457477,63.0,10.4,16.2,36.400000000000006,26.6,18.47,8.310570442625608,19.79,7.467878755406327,33.6202404178853,17.77,1,1,1,1,1,99.29,1,INCLUDED,,0,EXISTING_REVIEWER_FORMULA,1,MASS_BALANCE_NI_MINUS_FN_MINUS_UN,DIRECT_INITIAL_BW_EXISTING,1,INCLUDED_IN_906_MAIN,,,AIA_906_V1_20260806,11.601505788310558,21.782471396071784,13.109309041814784,16.664559081463793,12.5877603664088,19.05527089071179,13.406614621480308,19.184988657633465,33.383977184382346,29.61602281561765,29.77386812327857,33.226131876721425,32.59160327911377,30.40839672088623,31.64303125712059,31.35696874287941
V44_0593f20ca5c7,201,McDonnell2010_AAN,Digestibility_N_balance,RSM_70,growing-finishing,50.1,2.145,69.4,10.4,22.2,36.80000000000001,20.22,6.804182823625103,17.7,6.308910651580613,34.36570051337932,17.44,,,,,confirmation,Historical Study_ID,1,32.6,32.35431235431236,0.042814371257485,1.3852295409181636,1.1594036697247705,1.1423728813559322,0.7433603902859066,0.2995028104646602,0.6136691613435856,0.1881975020681092,0.2297726231101343,0.4029039136043653,0.8255338451750974,0.2531712807508157,69.4,10.4,22.2,36.80000000000001,32.6,20.22,6.804182823625103,17.7,6.308910651580613,34.36570051337932,17.44,1,1,1,1,1,99.0,1,INCLUDED,,0,EXISTING_REVIEWER_FORMULA,1,MASS_BALANCE_NI_MINUS_FN_MINUS_UN,DIRECT_INITIAL_BW_EXISTING,1,INCLUDED_IN_906_MAIN,,,AIA_906_V1_20260806,12.04520730526604,24.953530806847105,11.6364395949468,24.658454692735404,11.77783221853364,24.79629252724076,13.356060981750488,22.37857818603516,36.998738112113145,32.40126188788686,36.294894287682204,33.1051057123178,35.734639167785645,33.66536083221436,36.5741247457744,32.82587525422561
V44_89c216257b42,263,Atakora2011_BarleyCornCP,NBalance,BB_HP,finishing,74.9,2.192,65.5,8.39,31.1,26.01,19.5,2.24,24.12,8.95,44.65979647060718,16.83834131022846,,,,,confirmation,Historical Study_ID,1,39.49,29.881386861313867,0.0292656875834445,0.8744993324432576,1.1580713112255725,0.808457711442786,0.7388103062205662,0.1958036759526887,0.5337702592437606,0.1673400905874108,0.2367981750706942,0.2650256423118074,0.7224726763413715,0.2264993993430469,65.5,8.39,31.1,26.01,39.49,19.5,2.24,24.12,8.95,44.65979647060718,16.83834131022846,1,1,1,1,1,90.454,0,INCLUDED,,0,EXISTING_REVIEWER_FORMULA,1,MASS_BALANCE_NI_MINUS_FN_MINUS_UN,REPORTED_MEAN_BW_USED,1,INCLUDED_IN_906_MAIN,,,AIA_906_V1_20260806,11.856331944693896,23.77879384404408,10.995669951329653,24.952441419063337,11.293372666566654,24.40419968590876,11.85553232828776,22.93700917561849,35.63512578873797,29.864874211262027,35.94811137039299,29.551888629607006,34.79254150390625,30.70745849609375,35.69757235247542,29.80242764752458
V44_1249b563f27d,264,Atakora2011_BarleyCornCP,NBalance,BB_LP,finishing,81.2,2.303,45.8,5.89,17.5,22.41,12.04,4.24,16.45,6.98,50.53559805835553,18.50972395555263,,,,,confirmation,Historical Study_ID,1,23.39,19.887103777681286,0.0283620689655172,0.564039408866995,0.650468911849341,0.7319148936170212,0.6469101074014292,0.1609585964552394,0.4276646368855523,0.1135577472994077,0.335812971034795,0.2488113798403821,0.6610881975603021,0.175538681495575,45.8,5.89,17.5,22.41,23.39,12.04,4.24,16.45,6.98,50.53559805835553,18.50972395555263,1,1,1,1,1,97.5,1,INCLUDED,,0,EXISTING_REVIEWER_FORMULA,1,MASS_BALANCE_NI_MINUS_FN_MINUS_UN,REPORTED_MEAN_BW_USED,1,INCLUDED_IN_906_MAIN,,,AIA_906_V1_20260806,7.979085627933452,15.750836405073718,8.057186551399392,16.791818801884805,8.030171466316522,16.30554847205283,8.099697907765707,14.837984085083008,23.72992203300717,22.070077966992827,24.8490053532842,20.9509946467158,22.93768199284872,22.86231800715128,24.33571993836935,21.46428006163065
V44_144954d0b03b,265,Atakora2011_BarleyCornCP,NBalance,BB_MP,finishing,66.3,2.227,57.1,8.67,18.8,29.63,16.04,2.21,22.57,7.07,51.09271740106293,18.23063946299633,,,,,confirmation,Historical Study_ID,1,27.47,25.639874270318817,0.0335897435897435,0.861236802413273,0.8798374863677829,0.7106778910057598,0.6497115556412852,0.1836922091267157,0.491783109166983,0.1520147437783504,0.2531606747355382,0.2827288625725701,0.7569252923038716,0.2339726644207631,57.1,8.67,18.8,29.63,27.47,16.04,2.21,22.57,7.07,51.09271740106293,18.23063946299633,1,1,1,1,1,97.534,1,INCLUDED,,0,EXISTING_REVIEWER_FORMULA,1,MASS_BALANCE_NI_MINUS_FN_MINUS_UN,REPORTED_MEAN_BW_USED,1,INCLUDED_IN_906_MAIN,,,AIA_906_V1_20260806,10.42916602735001,18.703568975595587,10.939499877913985,19.644499255846984,10.762975558074578,19.2049659081858,10.48530642191569,18.90536117553711,29.1327350029456,27.967264997054404,30.58399913376097,26.516000866239036,29.3906675974528,27.709332402547204,29.967941466260378,27.132058533739624
V44_00e54b0c519b,266,Atakora2011_BarleyCornCP,NBalance,CS_HP,finishing,63.2,2.067,65.6,9.1,31.9,24.599999999999994,19.83,3.09,25.38,7.45,54.51463765660897,18.50982832380825,,,,,confirmation,Historical Study_ID,1,41.0,31.736816642477013,0.0327056962025316,1.0379746835443036,1.0713227401733207,0.7813238770685579,0.7138052402869072,0.2831423478573839,0.7496483574452253,0.2174180879405193,0.224976437306766,0.3966661098531268,1.0502141412465833,0.3045902098633097,65.6,9.1,31.9,24.599999999999994,41.0,19.83,3.09,25.38,7.45,54.51463765660897,18.50982832380825,1,1,1,1,1,97.804,1,INCLUDED,,0,EXISTING_REVIEWER_FORMULA,1,MASS_BALANCE_NI_MINUS_FN_MINUS_UN,REPORTED_MEAN_BW_USED,1,INCLUDED_IN_906_MAIN,,,AIA_906_V1_20260806,11.65994292968032,22.32819333499466,10.031664509921166,20.298737589625404,10.594885507782712,21.246749888107328,10.649742126464844,22.00111262003581,33.98813626467498,31.611863735325016,30.330402099546568,35.26959790045343,32.650854746500656,32.94914525349934,31.84163539589004,33.75836460410996
V44_53519c3681c0,267,Atakora2011_BarleyCornCP,NBalance,CS_MP,finishing,63.3,2.079,59.2,8.38,31.7,19.12,17.79,2.54,23.1,6.99,60.60462901125764,18.34728460358532,,,,,confirmation,Historical Study_ID,1,40.08,28.47522847522848,0.0328436018957346,0.9352290679304898,0.969625772116904,0.77012987012987,0.7176007551238253,0.2465170909745008,0.6341078098988939,0.1728367211885039,0.2521081910918442,0.3435295869107094,0.8836498643169289,0.240853594362063,59.2,8.38,31.7,19.12,40.08,17.79,2.54,23.1,6.99,60.60462901125764,18.34728460358532,1,1,1,1,1,97.774,1,INCLUDED,,0,EXISTING_REVIEWER_FORMULA,1,MASS_BALANCE_NI_MINUS_FN_MINUS_UN,REPORTED_MEAN_BW_USED,1,INCLUDED_IN_906_MAIN,,,AIA_906_V1_20260806,10.3348837410342,19.160910055316386,10.362129397696584,18.266098575970684,10.352705133549517,18.684088615506223,9.308649381001793,19.905176798502605,29.495793796350583,29.704206203649417,28.62822797366727,30.57177202633273,29.213826179504395,29.98617382049561,29.03679374905574,30.163206250944263
V44_be50823f1a8a,268,Atakora2011_WheatCPP,NBalance,Con,growing-finishing,58.0,2.344,71.2,5.72,44.0,21.480000000000004,19.0,2.6,17.9,4.5,49.21100799764652,18.52782906544043,,,,,confirmation,Historical Study_ID,1,49.72,30.37542662116041,0.0404137931034482,1.2275862068965515,1.0254844176774225,1.0614525139664803,0.594180140328785,0.2299595050194941,0.4614485094887408,0.1755539112411016,0.1954539935292056,0.3870198436660098,0.776613821581788,0.2954557032888379,71.2,5.72,44.0,21.480000000000004,49.72,19.0,2.6,17.9,4.5,49.21100799764652,18.52782906544043,1,1,1,1,1,98.22,1,INCLUDED,,0,EXISTING_REVIEWER_FORMULA,1,MASS_BALANCE_NI_MINUS_FN_MINUS_UN,DIRECT_INITIAL_BW_EXISTING,1,INCLUDED_IN_906_MAIN,,,AIA_906_V1_20260806,11.760992584071694,24.584087954054525,11.713716528759,23.84429074948618,11.730069301555751,24.18986953331215,12.164211908976236,24.93845812479655,36.34508053812622,34.854919461873784,35.558007278245185,35.64199272175482,37.10267003377279,34.097329966227214,35.91993883486791,35.280061165132096
V44_1c786fed315c,269,Atakora2011_WheatCPP,NBalance,LPminus,growing-finishing,58.0,2.226,57.7,4.4,29.6,23.700000000000003,16.2,2.7,16.9,4.2,55.90131014494314,18.48655450997058,,,,,confirmation,Historical Study_ID,1,34.0,25.92093441150045,0.0383793103448275,0.9948275862068966,0.8763125649651293,0.9585798816568049,0.606500480285075,0.1796006623522395,0.3587863431329,0.1207328486815201,0.233989382826032,0.2961261667390953,0.5915681104889788,0.1990647206491439,57.7,4.4,29.6,23.700000000000003,34.0,16.2,2.7,16.9,4.2,55.90131014494314,18.48655450997058,1,1,1,1,1,98.21,1,INCLUDED,,0,EXISTING_REVIEWER_FORMULA,1,MASS_BALANCE_NI_MINUS_FN_MINUS_UN,DIRECT_INITIAL_BW_EXISTING,1,INCLUDED_IN_906_MAIN,,,AIA_906_V1_20260806,9.513460032474075,18.324352606096888,10.973117161871528,18.14341956382001,10.468222215786966,18.22793815934574,9.541508038838703,17.610123952229817,27.837812638570963,29.86218736142904,29.11653672569154,28.583463274308464,27.15163199106852,30.548368008931483,28.696160375132703,29.003839624867297
V44_a70dc8d7b2cf,270,Atakora2011_WheatCPP,NBalance,LPplus,growing-finishing,58.0,2.278,59.0,4.0,30.8,24.2,16.2,2.8,19.0,5.0,55.77745380759426,18.44882666491588,,,,,confirmation,Historical Study_ID,1,34.8,25.89991220368745,0.0392758620689655,1.0172413793103448,0.87810462390042,0.8526315789473684,0.6058065538868845,0.1792371287787091,0.3581668824285643,0.1204902649017399,0.2337216643082116,0.2958652850959021,0.5912231885418671,0.1988923099769529,59.0,4.0,30.8,24.2,34.8,16.2,2.8,19.0,5.0,55.77745380759426,18.44882666491588,1,1,1,1,1,98.03,1,INCLUDED,,0,EXISTING_REVIEWER_FORMULA,1,MASS_BALANCE_NI_MINUS_FN_MINUS_UN,DIRECT_INITIAL_BW_EXISTING,1,INCLUDED_IN_906_MAIN,,,AIA_906_V1_20260806,10.047971654850231,18.410621075612315,11.35865217184809,18.770139770734687,10.905288189556652,18.60219910719084,10.096430778503418,18.574708302815758,28.45859273046255,30.54140726953745,30.12879194258278,28.87120805741722,28.67113908131917,30.328860918680828,29.50748729674749,29.49251270325251
V44_e9bfc4648162,271,Atakora2011_WheatCPP,NBalance,PX,growing-finishing,58.0,2.257,56.4,3.69,30.3,22.41,15.9,2.7,16.8,4.3,55.90131014494314,18.48655450997058,,,,,confirmation,Historical Study_ID,1,33.99,24.988923349579085,0.0389137931034482,0.9724137931034482,0.8600845545028122,0.9464285714285714,0.606500480285075,0.1796006623522395,0.3587863431329,0.1207328486815201,0.2384042768416175,0.2961261667390953,0.5915681104889788,0.1990647206491439,56.4,3.69,30.3,22.41,33.99,15.9,2.7,16.8,4.3,55.90131014494314,18.48655450997058,1,1,1,1,1,98.21,1,INCLUDED,,0,EXISTING_REVIEWER_FORMULA,1,MASS_BALANCE_NI_MINUS_FN_MINUS_UN,DIRECT_INITIAL_BW_EXISTING,1,INCLUDED_IN_906_MAIN,,,AIA_906_V1_20260806,9.36640436978115,17.552244922644753,10.77260633856566,17.19455280239384,10.286201515875184,17.361640224645683,9.39288584391276,16.841360092163086,26.918649292425904,29.48135070757409,27.967159140959502,28.432840859040496,26.234245936075844,30.165754063924155,27.647841740520867,28.75215825947913
V44_904830a93bf0,272,Atakora2011_WheatCPP,NBalance,Phy,growing-finishing,58.0,2.284,58.1,4.05,30.0,24.050000000000004,15.9,2.7,19.1,4.8,55.90131014494314,18.48655450997058,,,,,confirmation,Historical Study_ID,1,34.05,25.43782837127846,0.0393793103448275,1.0017241379310344,0.8600845545028122,0.8324607329842931,0.606500480285075,0.1796006623522395,0.3587863431329,0.1207328486815201,0.2384042768416175,0.2961261667390953,0.5915681104889788,0.1990647206491439,58.1,4.05,30.0,24.050000000000004,34.05,15.9,2.7,19.1,4.8,55.90131014494314,18.48655450997058,1,1,1,1,1,98.21,1,INCLUDED,,0,EXISTING_REVIEWER_FORMULA,1,MASS_BALANCE_NI_MINUS_FN_MINUS_UN,DIRECT_INITIAL_BW_EXISTING,1,INCLUDED_IN_906_MAIN,,,AIA_906_V1_20260806,9.94431523127294,17.94311787169232,11.31876800308244,18.195530814955745,10.843345217729418,18.07762207264601,9.943368911743164,18.006584803263348,27.88743310296526,30.21256689703474,29.514298818038185,28.585701181961817,27.94995371500651,30.15004628499349,28.92096729037543,29.17903270962457
V44_823e9fba0f84,273,Atakora2011_WheatCPP,NBalance,Xyl,growing-finishing,58.0,2.294,58.3,3.99,31.0,23.309999999999995,15.6,2.7,19.9,4.9,55.90131014494314,18.48655450997058,,,,,confirmation,Historical Study_ID,1,34.99,25.414123801220573,0.039551724137931,1.0051724137931033,0.8438565440404949,0.7839195979899498,0.606500480285075,0.1796006623522395,0.3587863431329,0.1207328486815201,0.2429889744731871,0.2961261667390953,0.5915681104889788,0.1990647206491439,58.3,3.99,31.0,23.309999999999995,34.99,15.6,2.7,19.9,4.9,55.90131014494314,18.48655450997058,1,1,1,1,1,98.21,1,INCLUDED,,0,EXISTING_REVIEWER_FORMULA,1,MASS_BALANCE_NI_MINUS_FN_MINUS_UN,DIRECT_INITIAL_BW_EXISTING,1,INCLUDED_IN_906_MAIN,,,AIA_906_V1_20260806,10.07860785828889,17.887289333336422,11.516611831844116,18.24180827532972,11.019206705616108,18.076203128323524,10.049100557963053,18.05250295003255,27.965897191625317,30.334102808374684,29.75842010717384,28.54157989282616,28.101603507995605,30.19839649200439,29.095409833939637,29.204590166060363
V44_af2b460209d8,308,Susenbeth2011_AAN,Balance,Enzyme_0,growing,26.0,1.334,41.1,6.6,11.2,23.3,19.25,6.35,14.49,3.671491486486635,48.77583816340263,18.48836411252088,,,,,confirmation,Historical Study_ID,1,17.799999999999997,30.8095952023988,0.0513076923076923,1.580769230769231,1.0411954179852676,1.328502415458937,0.6526146689470688,0.2139922601420442,0.4682064520107883,0.1736202447724572,0.211887879528269,0.3278998623909269,0.7174317009548599,0.2660379133870478,41.1,6.6,11.2,23.3,17.799999999999997,19.25,6.35,14.49,3.671491486486635,48.77583816340263,18.48836411252088,1,1,1,1,1,99.3,1,INCLUDED,,0,EXISTING_REVIEWER_FORMULA,1,MASS_BALANCE_NI_MINUS_FN_MINUS_UN,DIRECT_INITIAL_BW_EXISTING,1,INCLUDED_IN_906_MAIN,,,AIA_906_V1_20260806,7.068653954620001,10.998111489698564,7.468699446951184,9.614878055719156,7.330323835847704,10.26102287069036,7.67318073908488,8.505084355672201,18.06676544431857,23.033234555681435,17.08357750267034,24.01642249732966,16.17826509475708,24.92173490524292,17.59134670653806,23.50865329346194
V44_d5fcda9842a5,309,Susenbeth2011_AAN,Balance,Enzyme_40,growing,26.0,1.346,41.1,6.6,11.6,22.9,19.08,5.52,13.32,3.671491486486635,48.77583816340263,18.48836411252088,,,,,confirmation,Historical Study_ID,1,18.2,30.53491827637444,0.0517692307692307,1.580769230769231,1.0320004454628002,1.4324324324324322,0.6526146689470688,0.2139922601420442,0.4682064520107883,0.1736202447724572,0.2137757694402086,0.3278998623909269,0.7174317009548599,0.2660379133870478,41.1,6.6,11.6,22.9,18.2,19.08,5.52,13.32,3.671491486486635,48.77583816340263,18.48836411252088,1,1,1,1,1,99.304,1,INCLUDED,,0,EXISTING_REVIEWER_FORMULA,1,MASS_BALANCE_NI_MINUS_FN_MINUS_UN,DIRECT_INITIAL_BW_EXISTING,1,INCLUDED_IN_906_MAIN,,,AIA_906_V1_20260806,6.891869517586876,10.96291144609292,6.741858816887582,9.733507179902974,6.793747471501247,10.307794333891716,7.592482884724935,8.248552322387695,17.854780963679794,23.245219036320208,16.475365996790558,24.624634003209444,15.841035207112627,25.25896479288737,17.101541805392962,23.99845819460704
V44_1b6b0872d542,310,Susenbeth2011_AAN,Balance,Enzyme_80,growing,26.0,1.331,41.1,6.5,11.0,23.6,19.3,5.72,14.3,3.671491486486636,48.77583816340264,18.48836411252088,,,,,confirmation,Historical Study_ID,1,17.5,30.87903831705485,0.0511923076923076,1.580769230769231,1.0438998216683464,1.3496503496503496,0.6526146689470689,0.2139922601420443,0.4682064520107884,0.1736202447724572,0.2113389471978849,0.327899862390927,0.7174317009548599,0.2660379133870478,41.1,6.5,11.0,23.6,17.5,19.3,5.72,14.3,3.671491486486636,48.77583816340264,18.48836411252088,1,1,1,1,1,99.308,1,INCLUDED,,0,EXISTING_REVIEWER_FORMULA,1,MASS_BALANCE_NI_MINUS_FN_MINUS_UN,DIRECT_INITIAL_BW_EXISTING,1,INCLUDED_IN_906_MAIN,,,AIA_906_V1_20260806,7.017534420921384,10.99372009201324,7.438908513304624,9.65818575389016,7.293155346091245,10.282049063289517,7.606955687204997,8.524985949198404,18.011254512934624,23.088745487065378,17.097094267194784,24.002905732805218,16.1319416364034,24.9680583635966,17.57520440938076,23.52479559061924
V44_9d2ec3d5d7d4,336,Brestensky2012_JAS,Temp,HT,growing,50.5,1.92,55.5,8.3,21.5,25.700000000000003,18.07,7.140829501238061,11.7753272019809,5.360541209762999,44.78957375309515,19.10336045277679,,,,,confirmation,Historical Study_ID,1,29.8,28.90625,0.038019801980198,1.099009900990099,0.9459068756341984,1.534564576427242,0.7138857446055891,0.2410231694375663,0.5388888397594623,0.1671369826671383,0.2469167627993874,0.337621490916208,0.7548670691795227,0.2341228746057661,55.5,8.3,21.5,25.700000000000003,29.8,18.07,7.140829501238061,11.7753272019809,5.360541209762999,44.78957375309515,19.10336045277679,1,1,1,1,1,100.7,1,INCLUDED,,0,EXISTING_REVIEWER_FORMULA,1,MASS_BALANCE_NI_MINUS_FN_MINUS_UN,DIRECT_INITIAL_BW_EXISTING,1,INCLUDED_IN_906_MAIN,,,AIA_906_V1_20260806,8.717624621220141,19.291882631364945,9.322427840110011,14.824922385678674,9.11322659521271,16.911557316941945,9.344838778177897,18.446430842081707,28.009507252585088,27.490492747414912,24.147350225788685,31.352649774211315,27.791269620259605,27.708730379740395,26.024783912154653,29.475216087845347
V44_4fdaf7ad5e3b,337,Brestensky2012_JAS,Temp,NT,growing,50.5,1.999,57.8,7.2,18.1,32.49999999999999,18.07,7.140829501238061,11.7753272019809,5.360541209762999,44.78957375309515,19.10336045277679,,,,,confirmation,Historical Study_ID,1,25.3,28.914457228614303,0.0395841584158415,1.1445544554455445,0.9459068756341984,1.534564576427242,0.7138857446055891,0.2410231694375663,0.5388888397594623,0.1671369826671383,0.2469167627993874,0.337621490916208,0.7548670691795227,0.2341228746057661,57.8,7.2,18.1,32.49999999999999,25.3,18.07,7.140829501238061,11.7753272019809,5.360541209762999,44.78957375309515,19.10336045277679,1,1,1,1,1,100.7,1,INCLUDED,,0,EXISTING_REVIEWER_FORMULA,1,MASS_BALANCE_NI_MINUS_FN_MINUS_UN,DIRECT_INITIAL_BW_EXISTING,1,INCLUDED_IN_906_MAIN,,,AIA_906_V1_20260806,9.078880591034466,19.98091497719355,9.467023735593727,15.579114531880457,9.3327651428746,17.63531160202685,9.751084645589192,19.04740524291992,29.05979556822801,28.740204431771986,25.046138267474184,32.75386173252581,28.79848988850912,29.00151011149088,26.96807674490145,30.83192325509855
V44_f479928e0e11,403,Ball2013_AJAS,Balance,Lys6.9_CP144,finishing,39.1,1.546,39.6,8.6,6.7,24.3,16.01,6.640909606366444,15.39932411008309,5.06434558949421,44.7505170845813,18.6,,,,,confirmation,Historical Study_ID,1,15.3,25.614489003880983,0.039539641943734,1.0127877237851663,0.860752688172043,1.0396560190272934,0.8881670202097687,0.2713494818036479,0.5584468762576906,0.1748995070408443,0.3467235400569052,0.3055162774897452,0.6287633559347833,0.1969218661142543,39.6,8.6,6.7,24.3,15.3,16.01,6.640909606366444,15.39932411008309,5.06434558949421,44.7505170845813,18.6,1,1,1,1,1,96.38,1,INCLUDED,,0,EXISTING_REVIEWER_FORMULA,1,MASS_BALANCE_NI_MINUS_FN_MINUS_UN,REPORTED_MEAN_BW_USED,1,INCLUDED_IN_906_MAIN,,,AIA_906_V1_20260806,7.359596295532882,11.902062456808949,8.083635853957434,11.660260324294958,7.833190796380961,11.773212477080486,7.700417359670003,9.932446479797363,19.26165875234183,20.33834124765817,19.743896178252392,19.85610382174761,17.632863839467365,21.96713616053264,19.60640327346145,19.99359672653856
V44_e73b3014dcc9,404,Ball2013_AJAS,Balance,Lys6.9_CP155,finishing,39.1,1.583,43.4,9.4,7.6,26.4,17.14,5.510313161105055,16.05032572682129,5.306510027250524,43.04829926351621,18.7,,,,,confirmation,Historical Study_ID,1,17.0,27.41629816803537,0.0404859335038363,1.1099744245524297,0.916577540106952,1.067891100263329,0.8662627523027893,0.2501553566335521,0.5475740970765441,0.1708543032191513,0.3158776080450661,0.288775381336163,0.6321108643086939,0.1972315013718051,43.4,9.4,7.6,26.4,17.0,17.14,5.510313161105055,16.05032572682129,5.306510027250524,43.04829926351621,18.7,1,1,1,1,1,96.72,1,INCLUDED,,0,EXISTING_REVIEWER_FORMULA,1,MASS_BALANCE_NI_MINUS_FN_MINUS_UN,REPORTED_MEAN_BW_USED,1,INCLUDED_IN_906_MAIN,,,AIA_906_V1_20260806,7.905947453890712,13.368343995615824,8.407236943913778,11.868772924219046,8.233841065566352,12.5692621176275,8.705397923787435,11.286017417907717,21.27429144950653,22.125708550493464,20.276009868132824,23.12399013186717,19.991415341695152,23.408584658304846,20.80310318319385,22.596896816806144
V44_b81ce652379a,405,Ball2013_AJAS,Balance,Lys6.9_CP168,finishing,39.1,1.6,47.7,9.6,12.3,25.8,18.63,4.839365272165253,15.59274819222028,5.24746799609802,41.82406168419108,18.6,,,,,confirmation,Historical Study_ID,1,21.9,29.8125,0.0409207161125319,1.2199488491048591,1.0016129032258063,1.1947861769033823,0.8561442486410368,0.2487515558417896,0.5373558086428609,0.1800676951072877,0.2872196217931551,0.2905486502264478,0.6276463452225595,0.2103240141986707,47.7,9.6,12.3,25.8,21.9,18.63,4.839365272165253,15.59274819222028,5.24746799609802,41.82406168419108,18.6,1,1,1,1,1,96.72,1,INCLUDED,,0,EXISTING_REVIEWER_FORMULA,1,MASS_BALANCE_NI_MINUS_FN_MINUS_UN,REPORTED_MEAN_BW_USED,1,INCLUDED_IN_906_MAIN,,,AIA_906_V1_20260806,8.293539602416221,15.316226582128689,8.54109748891939,13.48402327116156,8.455467293141549,14.33989375568898,9.263985633850098,12.799250284830729,23.60976618454491,24.090233815455093,22.02512076008095,25.67487923991905,22.063235918680824,25.63676408131918,22.79536104883053,24.904638951169478
V44_63c46b5844c2,406,Ball2013_AJAS,Balance,Lys6.9_CP182,finishing,39.1,1.565,50.0,9.2,13.2,27.6,19.97,4.761068111610021,15.45713307535115,5.326959801347346,39.75982438649915,18.6,,,,,confirmation,Historical Study_ID,1,22.4,31.94888178913738,0.0400255754475703,1.278772378516624,1.0736559139784945,1.2919601521607738,0.831122841830652,0.2444330177755074,0.5386249761769372,0.1982321930805594,0.2601160621653267,0.2940997473214827,0.6480690327202996,0.2385113043505436,50.0,9.2,13.2,27.6,22.4,19.97,4.761068111610021,15.45713307535115,5.326959801347346,39.75982438649915,18.6,1,1,1,1,1,96.78,1,INCLUDED,,0,EXISTING_REVIEWER_FORMULA,1,MASS_BALANCE_NI_MINUS_FN_MINUS_UN,REPORTED_MEAN_BW_USED,1,INCLUDED_IN_906_MAIN,,,AIA_906_V1_20260806,8.473534560259832,16.663925133437647,8.585375869809022,14.587015573333316,8.54668999569681,15.55719480010692,9.302205403645834,13.6330296198527,25.13745969369748,24.86254030630252,23.172391443142335,26.827608556857665,22.93523502349853,27.064764976501465,24.10388479580373,25.89611520419627
V44_ce834e988f96,407,Ball2013_AJAS,Balance,Lys6.9_CP193,finishing,39.1,1.552,53.1,8.5,17.2,27.4,21.38,3.506482796033707,15.04382629443994,5.266479376238214,38.61286968184207,18.6,,,,,confirmation,Historical Study_ID,1,25.7,34.2139175257732,0.039693094629156,1.358056265984655,1.1494623655913978,1.4211809935549342,0.8339256411698819,0.2661299054432116,0.5960885671335374,0.2201948336581396,0.2437808820070983,0.3191290593605783,0.7147982238527981,0.2640461244832774,53.1,8.5,17.2,27.4,25.7,21.38,3.506482796033707,15.04382629443994,5.266479376238214,38.61286968184207,18.6,1,1,1,1,1,96.73,1,INCLUDED,,0,EXISTING_REVIEWER_FORMULA,1,MASS_BALANCE_NI_MINUS_FN_MINUS_UN,REPORTED_MEAN_BW_USED,1,INCLUDED_IN_906_MAIN,,,AIA_906_V1_20260806,8.662162042105376,18.13727414514551,8.90141160429311,16.455360346666648,8.818655255306279,17.241026636548867,9.062002182006836,15.327380498250326,26.799436187250887,26.300563812749115,25.35677195095976,27.743228049040244,24.389382680257164,28.71061731974284,26.059681891855146,27.040318108144856
V44_7233acdce6b4,408,Ball2013_AJAS,Balance,Lys8.2_CP144,finishing,39.1,1.493,37.7,7.1,6.4,24.200000000000003,15.78,7.575883719628729,13.38567180157222,4.827470586638165,45.96805309670767,18.9,,,,,confirmation,Historical Study_ID,1,13.5,25.25117213663764,0.0381841432225063,0.9641943734015346,0.834920634920635,1.1788724715442789,0.9932024566868752,0.3408711563705356,0.6154444461067642,0.2055487422612092,0.3933786663050044,0.3432041011130939,0.619656588607084,0.2069555314501322,37.7,7.1,6.4,24.200000000000003,13.5,15.78,7.575883719628729,13.38567180157222,4.827470586638165,45.96805309670767,18.9,1,1,1,1,1,96.17,1,INCLUDED,,0,EXISTING_REVIEWER_FORMULA,1,MASS_BALANCE_NI_MINUS_FN_MINUS_UN,REPORTED_MEAN_BW_USED,1,INCLUDED_IN_906_MAIN,,,AIA_906_V1_20260806,6.759572464089511,11.535238755472657,7.405966697925243,10.763440331318622,7.182379133922055,11.12396772873367,6.877678553263347,9.303879737854004,18.294811219562167,19.40518878043784,18.169407029243864,19.53059297075614,16.18155829111735,21.51844170888265,18.30634686265572,19.39365313734428
V44_d5aee7497897,409,Ball2013_AJAS,Balance,Lys8.2_CP155,finishing,39.1,1.631,45.2,9.8,8.5,26.90000000000001,17.32,5.812477520498342,16.05465980382635,5.298883480625425,42.93062068008712,18.7,,,,,confirmation,Historical Study_ID,1,18.3,27.713059472716125,0.0417135549872122,1.1560102301790285,0.9262032085561498,1.0788145131466491,0.98134744155718,0.3118637062112404,0.6141812733251016,0.1889558700869879,0.3541236437489824,0.3177913275204366,0.6258550716253284,0.1925473711809519,45.2,9.8,8.5,26.90000000000001,18.3,17.32,5.812477520498342,16.05465980382635,5.298883480625425,42.93062068008712,18.7,1,1,1,1,1,96.77,1,INCLUDED,,0,EXISTING_REVIEWER_FORMULA,1,MASS_BALANCE_NI_MINUS_FN_MINUS_UN,REPORTED_MEAN_BW_USED,1,INCLUDED_IN_906_MAIN,,,AIA_906_V1_20260806,8.16607963380928,13.951199749017787,8.518506160633713,12.145744319633222,8.396601934856221,12.989120163291304,9.206071217854818,11.766936937967936,22.117279382827068,23.08272061717293,20.664250480266936,24.535749519733063,20.973008155822757,24.22699184417725,21.385722098147525,23.81427790185248
V44_a070e5fa802d,410,Ball2013_AJAS,Balance,Lys8.2_CP162,finishing,39.1,1.551,46.5,9.0,9.7,27.8,18.74,5.351173975831572,15.7911540137278,5.317897979589432,41.27615039480519,18.7,,,,,confirmation,Historical Study_ID,1,18.7,29.98065764023211,0.0396675191815856,1.1892583120204605,1.0021390374331551,1.1867403727244168,0.96417979953712,0.2874419298136696,0.6045634075557684,0.19787831846097,0.3215647677218249,0.2981206720485782,0.6270235155787386,0.2052296869898817,46.5,9.0,9.7,27.8,18.7,18.74,5.351173975831572,15.7911540137278,5.317897979589432,41.27615039480519,18.7,1,1,1,1,1,96.78,1,INCLUDED,,0,EXISTING_REVIEWER_FORMULA,1,MASS_BALANCE_NI_MINUS_FN_MINUS_UN,REPORTED_MEAN_BW_USED,1,INCLUDED_IN_906_MAIN,,,AIA_906_V1_20260806,8.139247425829971,15.058953634239518,8.535078213123157,13.400450885785276,8.398160467178599,14.175181256816169,9.037140528361002,12.422439257303871,23.19820106006949,23.30179893993051,21.935529098908432,24.564470901091568,21.459579785664875,25.040420214335125,22.57334172399477,23.926658276005234
V44_586e94d21e03,411,Ball2013_AJAS,Balance,Lys8.2_CP175,finishing,39.1,1.596,52.2,9.5,12.9,29.800000000000004,20.44,4.910828711206808,15.52717490351987,5.336489047804893,39.60532669892599,18.7,,,,,confirmation,Historical Study_ID,1,22.4,32.70676691729323,0.0408184143222506,1.3350383631713556,1.0930481283422462,1.3164017361179103,0.9461278907367514,0.284540042477039,0.594387416732824,0.195936548478321,0.2893003579796818,0.3007416283389206,0.6282315768854182,0.2070930900533382,52.2,9.5,12.9,29.800000000000004,22.4,20.44,4.910828711206808,15.52717490351987,5.336489047804893,39.60532669892599,18.7,1,1,1,1,1,96.78,1,INCLUDED,,0,EXISTING_REVIEWER_FORMULA,1,MASS_BALANCE_NI_MINUS_FN_MINUS_UN,REPORTED_MEAN_BW_USED,1,INCLUDED_IN_906_MAIN,,,AIA_906_V1_20260806,8.775729247172015,17.542525237175433,9.229724326403788,15.76116697540464,9.07268757000744,16.59328639659154,9.595714251200356,14.339022954305014,26.31825448434745,25.881745515652558,24.99089130180843,27.20910869819157,23.93473720550537,28.26526279449463,25.665973966598983,26.53402603340102
V44_c1418da5d27a,412,Ball2013_AJAS,Balance,Lys8.2_CP188,finishing,39.1,1.552,53.3,9.5,13.7,30.1,21.46,4.565666095410427,15.19742622249595,5.338289871641357,37.96966230205848,18.6,,,,,confirmation,Historical Study_ID,1,23.2,34.342783505154635,0.039693094629156,1.363171355498721,1.153763440860215,1.4120812093980684,0.9295529112886464,0.2709534983041884,0.58511040648886,0.2147624034747263,0.2707225394013998,0.2914879777295985,0.6294535785786707,0.2310383850845021,53.3,9.5,13.7,30.1,23.2,21.46,4.565666095410427,15.19742622249595,5.338289871641357,37.96966230205848,18.6,1,1,1,1,1,96.78,1,INCLUDED,,0,EXISTING_REVIEWER_FORMULA,1,MASS_BALANCE_NI_MINUS_FN_MINUS_UN,REPORTED_MEAN_BW_USED,1,INCLUDED_IN_906_MAIN,,,AIA_906_V1_20260806,8.747841129537573,18.3262504401292,9.330924952353769,16.002527706666644,9.12923643978843,17.087999875552853,9.29172388712565,14.832558631896973,27.074091569666773,26.225908430333224,25.333452659020413,27.966547340979584,24.12428251902262,29.175717480977376,26.21723631534128,27.082763684658715
V44_b5b742f20bbe,413,Litvak2013_JAS,MetCysRatio_ISS,MMC042_ISS1,growing,17.3,0.8,14.7,1.33,6.42,6.949999999999999,11.9,4.09834636522684,3.973832147049225,3.813273272420973,46.36940299263903,17.09302450752823,,,,,confirmation,Historical Study_ID,1,7.75,18.375,0.0462427745664739,0.8497109826589595,0.6961904252087697,2.994590500969288,0.7010829615003336,0.1139562558156979,0.5085669410898949,0.1628395404610392,0.3682158411241247,0.1625431825811726,0.7254019410221438,0.2322685750521719,14.7,1.33,6.42,6.949999999999999,7.75,11.9,4.09834636522684,3.973832147049225,3.813273272420973,46.36940299263903,17.09302450752823,1,1,1,1,1,93.89,0,INCLUDED,,0,EXISTING_REVIEWER_FORMULA,1,MASS_BALANCE_NI_MINUS_FN_MINUS_UN,DIRECT_INITIAL_BW_EXISTING,1,INCLUDED_IN_906_MAIN,,,AIA_906_V1_20260806,3.0575036492952767,1.6840824720386305,2.560461216954657,2.857813548218332,2.7323880393735296,2.309532809469664,2.610483169555664,2.837323506673177,4.741586121333907,9.958413878666091,5.418274765172988,9.281725234827013,5.447806676228842,9.252193323771158,5.041920848843194,9.658079151156803
V44_5ce006c09672,414,Litvak2013_JAS,MetCysRatio_ISS,MMC042_ISS2,growing,17.3,0.8,13.0,1.13,4.61,7.260000000000001,11.9,4.09834636522684,3.973832147049225,3.813273272420973,46.36940299263903,17.09302450752823,,,,,confirmation,Historical Study_ID,1,5.74,16.25,0.0462427745664739,0.7514450867052023,0.6961904252087697,2.994590500969288,0.7010829615003336,0.1139562558156979,0.5085669410898949,0.1628395404610392,0.3682158411241247,0.1625431825811726,0.7254019410221438,0.2322685750521719,13.0,1.13,4.61,7.260000000000001,5.74,11.9,4.09834636522684,3.973832147049225,3.813273272420973,46.36940299263903,17.09302450752823,1,1,1,1,1,93.89,0,INCLUDED,,0,EXISTING_REVIEWER_FORMULA,1,MASS_BALANCE_NI_MINUS_FN_MINUS_UN,DIRECT_INITIAL_BW_EXISTING,1,INCLUDED_IN_906_MAIN,,,AIA_906_V1_20260806,3.2139092885515725,1.0803132999418743,2.4884007219037074,2.809618134091236,2.739353908966735,2.001814241673983,2.463125308354696,2.485090573628744,4.294222588493447,8.705777411506553,5.298018855994943,7.701981144005057,4.948215881983439,8.05178411801656,4.741168150640718,8.258831849359282
V44_3737d45c283a,415,Litvak2013_JAS,MetCysRatio_ISS,MMC042_Prechallenge,growing,17.3,0.8,14.2,1.06,5.59,7.549999999999999,11.9,4.09834636522684,3.973832147049225,3.813273272420973,46.36940299263903,17.09302450752823,,,,,confirmation,Historical Study_ID,1,6.65,17.749999999999996,0.0462427745664739,0.8208092485549132,0.6961904252087697,2.994590500969288,0.7010829615003336,0.1139562558156979,0.5085669410898949,0.1628395404610392,0.3682158411241247,0.1625431825811726,0.7254019410221438,0.2322685750521719,14.2,1.06,5.59,7.549999999999999,6.65,11.9,4.09834636522684,3.973832147049225,3.813273272420973,46.36940299263903,17.09302450752823,1,1,1,1,1,93.89,0,INCLUDED,,0,EXISTING_REVIEWER_FORMULA,1,MASS_BALANCE_NI_MINUS_FN_MINUS_UN,DIRECT_INITIAL_BW_EXISTING,1,INCLUDED_IN_906_MAIN,,,AIA_906_V1_20260806,3.1035053079000705,1.5065033037748794,2.5164583445753266,2.8457259779372066,2.7195177062072635,2.220139749506915,2.5660229523976645,2.7330760955810547,4.6100086116749495,9.58999138832505,5.362184322512533,8.837815677487466,5.29909904797872,8.90090095202128,4.939657455714178,9.26034254428582
V44_e00c3daf84d6,416,Litvak2013_JAS,MetCysRatio_ISS,MMC047_ISS1,growing,17.3,0.8,15.9,1.32,6.38,8.2,13.3,4.098360904991686,3.973846245073112,3.813286800827734,46.38625062781886,17.09909107541885,,,,,confirmation,Historical Study_ID,1,7.7,19.875,0.0462427745664739,0.9190751445086704,0.7778191215742273,3.3468833920008154,0.7010854487428674,0.1313422374222101,0.5085687453404567,0.1628401181693183,0.3294574477175128,0.1873412686823309,0.7254019410221438,0.2322685750521718,15.9,1.32,6.38,8.2,7.7,13.3,4.098360904991686,3.973846245073112,3.813286800827734,46.38625062781886,17.09909107541885,1,1,1,1,1,93.905,0,INCLUDED,,0,EXISTING_REVIEWER_FORMULA,1,MASS_BALANCE_NI_MINUS_FN_MINUS_UN,DIRECT_INITIAL_BW_EXISTING,1,INCLUDED_IN_906_MAIN,,,AIA_906_V1_20260806,3.0753934802549927,2.184576114468367,2.6851058061102697,2.909084884123516,2.820106190944558,2.570647731424668,2.698150237401326,3.202714761098226,5.25996959472336,10.64003040527664,5.594190690233786,10.305809309766214,5.900864998499553,9.999135001500449,5.3907539223692265,10.509246077630774
V44_b1259c368762,417,Litvak2013_JAS,MetCysRatio_ISS,MMC047_ISS2,growing,17.3,0.8,15.6,1.11,5.2,9.29,13.3,4.098360904991686,3.973846245073112,3.813286800827734,46.38625062781886,17.09909107541885,,,,,confirmation,Historical Study_ID,1,6.3100000000000005,19.5,0.0462427745664739,0.9017341040462428,0.7778191215742273,3.3468833920008154,0.7010854487428674,0.1313422374222101,0.5085687453404567,0.1628401181693183,0.3294574477175128,0.1873412686823309,0.7254019410221438,0.2322685750521718,15.6,1.11,5.2,9.29,6.3100000000000005,13.3,4.098360904991686,3.973846245073112,3.813286800827734,46.38625062781886,17.09909107541885,1,1,1,1,1,93.905,0,INCLUDED,,0,EXISTING_REVIEWER_FORMULA,1,MASS_BALANCE_NI_MINUS_FN_MINUS_UN,DIRECT_INITIAL_BW_EXISTING,1,INCLUDED_IN_906_MAIN,,,AIA_906_V1_20260806,3.102994475417868,2.078028613510116,2.650247666898832,2.9103839623186496,2.806852646844731,2.521568828419718,2.672807216644287,3.1413795153299966,5.181023088927984,10.418976911072017,5.5606316292174816,10.03936837078252,5.814186731974283,9.785813268025716,5.328421475264449,10.27157852473555
V44_9add1895cfcf,418,Litvak2013_JAS,MetCysRatio_ISS,MMC047_Prechallenge,growing,17.3,0.8,16.1,1.21,5.06,9.830000000000002,13.3,4.098360904991686,3.973846245073112,3.813286800827734,46.38625062781886,17.09909107541885,,,,,confirmation,Historical Study_ID,1,6.27,20.125,0.0462427745664739,0.930635838150289,0.7778191215742273,3.3468833920008154,0.7010854487428674,0.1313422374222101,0.5085687453404567,0.1628401181693183,0.3294574477175128,0.1873412686823309,0.7254019410221438,0.2322685750521718,16.1,1.21,5.06,9.830000000000002,6.27,13.3,4.098360904991686,3.973846245073112,3.813286800827734,46.38625062781886,17.09909107541885,1,1,1,1,1,93.905,0,INCLUDED,,0,EXISTING_REVIEWER_FORMULA,1,MASS_BALANCE_NI_MINUS_FN_MINUS_UN,DIRECT_INITIAL_BW_EXISTING,1,INCLUDED_IN_906_MAIN,,,AIA_906_V1_20260806,3.056992816813076,2.25560778177387,2.701410489991486,2.9139617879474344,2.824406306004333,2.6064272698720843,2.7150819301605225,3.244069576263428,5.312600598586946,10.787399401413056,5.615372277938921,10.48462772206108,5.95915150642395,10.140848493576051,5.4308335758764175,10.669166424123585
V44_efc744a380bd,419,Litvak2013_JAS,MetCysRatio_ISS,MMC052_ISS1,growing,17.3,0.8,16.3,1.45,6.23,8.620000000000001,12.9,4.098375444859698,3.973860343197031,3.813300329330484,46.40309838254033,17.10515768635453,,,,,confirmation,Historical Study_ID,1,7.680000000000001,20.375,0.0462427745664739,0.9421965317919077,0.7541584963166312,3.246213728191,0.7010879360030491,0.1487283423901751,0.5085705496038204,0.1628406958816965,0.3396743875983765,0.2121393547834893,0.725401941022144,0.2322685750521719,16.3,1.45,6.23,8.620000000000001,7.680000000000001,12.9,4.098375444859698,3.973860343197031,3.813300329330484,46.40309838254033,17.10515768635453,1,1,1,1,1,93.92,0,INCLUDED,,0,EXISTING_REVIEWER_FORMULA,1,MASS_BALANCE_NI_MINUS_FN_MINUS_UN,DIRECT_INITIAL_BW_EXISTING,1,INCLUDED_IN_906_MAIN,,,AIA_906_V1_20260806,3.001141019921401,2.303670103252003,2.7971698837996306,2.909942553282855,2.867723436206503,2.626736703551236,2.7392777601877847,3.2527077992757163,5.304811123173404,10.995188876826596,5.707112437082486,10.592887562917516,5.991985559463501,10.3080144405365,5.49446013975774,10.80553986024226
V44_a69a6712e722,420,Litvak2013_JAS,MetCysRatio_ISS,MMC052_ISS2,growing,17.3,0.8,16.1,1.09,5.05,9.96,12.9,4.098375444859698,3.973860343197031,3.813300329330484,46.40309838254033,17.10515768635453,,,,,confirmation,Historical Study_ID,1,6.14,20.125,0.0462427745664739,0.930635838150289,0.7541584963166312,3.246213728191,0.7010879360030491,0.1487283423901751,0.5085705496038204,0.1628406958816965,0.3396743875983765,0.2121393547834893,0.725401941022144,0.2322685750521719,16.1,1.09,5.05,9.96,6.14,12.9,4.098375444859698,3.973860343197031,3.813300329330484,46.40309838254033,17.10515768635453,1,1,1,1,1,93.92,0,INCLUDED,,0,EXISTING_REVIEWER_FORMULA,1,MASS_BALANCE_NI_MINUS_FN_MINUS_UN,DIRECT_INITIAL_BW_EXISTING,1,INCLUDED_IN_906_MAIN,,,AIA_906_V1_20260806,3.019541683363318,2.2326384359465017,2.716262429864764,2.90906568961958,2.821166629118001,2.593088681018313,2.721755663553873,3.2107179959615078,5.25218011930982,10.847819880690182,5.625328119484344,10.474671880515658,5.932473659515381,10.16752634048462,5.414255310136314,10.685744689863688
V44_398cb29f6833,421,Litvak2013_JAS,MetCysRatio_ISS,MMC052_Prechallenge,growing,17.3,0.8,16.2,1.1,4.78,10.32,12.9,4.098375444859698,3.973860343197031,3.813300329330484,46.40309838254033,17.10515768635453,,,,,confirmation,Historical Study_ID,1,5.880000000000001,20.25,0.0462427745664739,0.936416184971098,0.7541584963166312,3.246213728191,0.7010879360030491,0.1487283423901751,0.5085705496038204,0.1628406958816965,0.3396743875983765,0.2121393547834893,0.725401941022144,0.2322685750521719,16.2,1.1,4.78,10.32,5.880000000000001,12.9,4.098375444859698,3.973860343197031,3.813300329330484,46.40309838254033,17.10515768635453,1,1,1,1,1,93.92,0,INCLUDED,,0,EXISTING_REVIEWER_FORMULA,1,MASS_BALANCE_NI_MINUS_FN_MINUS_UN,DIRECT_INITIAL_BW_EXISTING,1,INCLUDED_IN_906_MAIN,,,AIA_906_V1_20260806,3.0103413516423587,2.2681542695992505,2.791771559980037,2.9110925532828555,2.867374782787996,2.6107591257185017,2.730501651763916,3.2318056424458823,5.278495621241609,10.92150437875839,5.702864113262892,10.497135886737109,5.962307294209799,10.2376927057902,5.478133908506498,10.7218660914935
V44_cae393845f68,422,Litvak2013_JAS,MetCysRatio_ISS,MMC057_ISS1,growing,17.3,0.8,16.5,1.32,5.55,9.63,12.5,4.098389984830876,3.973874441420982,3.813313857929225,46.41994625680469,17.11122434033573,,,,,confirmation,Historical Study_ID,1,6.87,20.625,0.0462427745664739,0.953757225433526,0.7305146464905002,3.1455447785940205,0.7010904232808791,0.1661145707209059,0.5085723538799861,0.1628412735981739,0.3505452116404395,0.2369374408846476,0.7254019410221438,0.232268575052172,16.5,1.32,5.55,9.63,6.87,12.5,4.098389984830876,3.973874441420982,3.813313857929225,46.41994625680469,17.11122434033573,1,1,1,1,1,93.935,0,INCLUDED,,0,EXISTING_REVIEWER_FORMULA,1,MASS_BALANCE_NI_MINUS_FN_MINUS_UN,DIRECT_INITIAL_BW_EXISTING,1,INCLUDED_IN_906_MAIN,,,AIA_906_V1_20260806,2.94528921863816,2.351732415129036,2.8017017714180112,2.8896699064602704,2.8513686246553624,2.6383851180335403,2.7650249004364014,3.261685053507487,5.297021633767196,11.202978366232804,5.691371677878282,10.808628322121718,6.026709953943888,10.473290046056112,5.489753742688903,11.010246257311096
V44_7d31175efece,423,Litvak2013_JAS,MetCysRatio_ISS,MMC057_ISS2,growing,17.3,0.8,16.5,1.2,4.77,10.53,12.5,4.098389984830876,3.973874441420982,3.813313857929225,46.41994625680469,17.11122434033573,,,,,confirmation,Historical Study_ID,1,5.97,20.625,0.0462427745664739,0.953757225433526,0.7305146464905002,3.1455447785940205,0.7010904232808791,0.1661145707209059,0.5085723538799861,0.1628412735981739,0.3505452116404395,0.2369374408846476,0.7254019410221438,0.232268575052172,16.5,1.2,4.77,10.53,5.97,12.5,4.098389984830876,3.973874441420982,3.813313857929225,46.41994625680469,17.11122434033573,1,1,1,1,1,93.935,0,INCLUDED,,0,EXISTING_REVIEWER_FORMULA,1,MASS_BALANCE_NI_MINUS_FN_MINUS_UN,DIRECT_INITIAL_BW_EXISTING,1,INCLUDED_IN_906_MAIN,,,AIA_906_V1_20260806,2.94528921863816,2.351732415129036,2.8017017714180112,2.8896699064602704,2.8513686246553624,2.6383851180335403,2.7650249004364014,3.261685053507487,5.297021633767196,11.202978366232804,5.691371677878282,10.808628322121718,6.026709953943888,10.473290046056112,5.489753742688903,11.010246257311096
V44_0e5bde71f2c3,424,Litvak2013_JAS,MetCysRatio_ISS,MMC057_Prechallenge,growing,17.3,0.8,16.6,1.2,4.62,10.78,12.5,4.098389984830876,3.973874441420982,3.813313857929225,46.41994625680469,17.11122434033573,,,,,confirmation,Historical Study_ID,1,5.82,20.75,0.0462427745664739,0.9595375722543352,0.7305146464905002,3.1455447785940205,0.7010904232808791,0.1661145707209059,0.5085723538799861,0.1628412735981739,0.3505452116404395,0.2369374408846476,0.7254019410221438,0.232268575052172,16.6,1.2,4.62,10.78,5.82,12.5,4.098389984830876,3.973874441420982,3.813313857929225,46.41994625680469,17.11122434033573,1,1,1,1,1,93.935,0,INCLUDED,,0,EXISTING_REVIEWER_FORMULA,1,MASS_BALANCE_NI_MINUS_FN_MINUS_UN,DIRECT_INITIAL_BW_EXISTING,1,INCLUDED_IN_906_MAIN,,,AIA_906_V1_20260806,2.936088886917202,2.387248248781788,2.818295825953306,2.986995831668129,2.8590404090247103,2.706837919450334,2.774205207824707,3.282944361368815,5.32333713569899,11.276662864301011,5.805291657621435,10.794708342378566,6.0571495691935215,10.54285043080648,5.565878328475044,11.034121671524955
V44_1718fc362938,425,Litvak2013_JAS,MetCysRatio_ISS,MMC062_ISS1,growing,17.3,0.8,16.9,1.13,5.93,9.84,12.4,4.098404524905224,3.973888539744968,3.813327386623959,46.43679425061326,17.11729103736291,,,,,confirmation,Historical Study_ID,1,7.06,21.125,0.0462427745664739,0.9768786127167628,0.7244136921510417,3.120369350066319,0.7010929105763577,0.1835009224157156,0.5085741581689542,0.1628418513187504,0.3533734428308254,0.2617355269858061,0.725401941022144,0.2322685750521719,16.9,1.13,5.93,9.84,7.06,12.4,4.098404524905224,3.973888539744968,3.813327386623959,46.43679425061326,17.11729103736291,1,1,1,1,1,93.95,0,INCLUDED,,0,EXISTING_REVIEWER_FORMULA,1,MASS_BALANCE_NI_MINUS_FN_MINUS_UN,DIRECT_INITIAL_BW_EXISTING,1,INCLUDED_IN_906_MAIN,,,AIA_906_V1_20260806,2.898660906299632,2.48703854718088,2.8641782218907514,3.006664382078393,2.8761057716795566,2.763933451277953,2.8044792811075845,3.338294347127279,5.385699453480512,11.514300546519486,5.870842603969145,11.029157396030854,6.142773628234863,10.757226371765135,5.64003922295751,11.259960777042489
V44_9c362afd5dc5,426,Litvak2013_JAS,MetCysRatio_ISS,MMC062_ISS2,growing,17.3,0.8,16.9,1.09,5.13,10.68,12.4,4.098404524905224,3.973888539744968,3.813327386623959,46.43679425061326,17.11729103736291,,,,,confirmation,Historical Study_ID,1,6.22,21.125,0.0462427745664739,0.9768786127167628,0.7244136921510417,3.120369350066319,0.7010929105763577,0.1835009224157156,0.5085741581689542,0.1628418513187504,0.3533734428308254,0.2617355269858061,0.725401941022144,0.2322685750521719,16.9,1.09,5.13,10.68,6.22,12.4,4.098404524905224,3.973888539744968,3.813327386623959,46.43679425061326,17.11729103736291,1,1,1,1,1,93.95,0,INCLUDED,,0,EXISTING_REVIEWER_FORMULA,1,MASS_BALANCE_NI_MINUS_FN_MINUS_UN,DIRECT_INITIAL_BW_EXISTING,1,INCLUDED_IN_906_MAIN,,,AIA_906_V1_20260806,2.898660906299632,2.48703854718088,2.8641782218907514,3.006664382078393,2.8761057716795566,2.763933451277953,2.8044792811075845,3.338294347127279,5.385699453480512,11.514300546519486,5.870842603969145,11.029157396030854,6.142773628234863,10.757226371765135,5.64003922295751,11.259960777042489
V44_67a109638b83,427,Litvak2013_JAS,MetCysRatio_ISS,MMC062_Prechallenge,growing,17.3,0.8,16.9,1.1,4.79,11.009999999999998,12.4,4.098404524905224,3.973888539744968,3.813327386623959,46.43679425061326,17.11729103736291,,,,,confirmation,Historical Study_ID,1,5.890000000000001,21.125,0.0462427745664739,0.9768786127167628,0.7244136921510417,3.120369350066319,0.7010929105763577,0.1835009224157156,0.5085741581689542,0.1628418513187504,0.3533734428308254,0.2617355269858061,0.725401941022144,0.2322685750521719,16.9,1.1,4.79,11.009999999999998,5.890000000000001,12.4,4.098404524905224,3.973888539744968,3.813327386623959,46.43679425061326,17.11729103736291,1,1,1,1,1,93.95,0,INCLUDED,,0,EXISTING_REVIEWER_FORMULA,1,MASS_BALANCE_NI_MINUS_FN_MINUS_UN,DIRECT_INITIAL_BW_EXISTING,1,INCLUDED_IN_906_MAIN,,,AIA_906_V1_20260806,2.898660906299632,2.48703854718088,2.8641782218907514,3.006664382078393,2.8761057716795566,2.763933451277953,2.8044792811075845,3.338294347127279,5.385699453480512,11.514300546519486,5.870842603969145,11.029157396030854,6.142773628234863,10.757226371765135,5.64003922295751,11.259960777042489
V44_f2c72960edbb,452,Campos2014_JAS,AmbientTemp_LPS,HT_Baseline,growing,63.6,1.5,42.8,4.9,18.4,19.5,18.0,3.5,13.9,4.2,39.5,15.98,,,,,confirmation,Historical Study_ID,1,23.3,28.53333333333333,0.0235849056603773,0.6729559748427673,1.1264080100125156,1.2949640287769784,1.005438540235586,0.2812758392306647,0.5543807831458971,0.1860871691392877,0.3491106042484674,0.2797543837585124,0.551382069575331,0.1850806008447669,42.8,4.9,18.4,19.5,23.3,18.0,3.5,13.9,4.2,39.5,15.98,1,1,1,1,1,97.155,1,INCLUDED,,0,EXISTING_REVIEWER_FORMULA,1,MASS_BALANCE_NI_MINUS_FN_MINUS_UN,REPORTED_MEAN_BW_USED,1,INCLUDED_IN_906_MAIN,,,AIA_906_V1_20260806,7.118071904942736,17.004004739785287,6.516339487544376,17.379365715733986,6.724478543162931,17.204024705031237,6.214365323384603,16.537492752075195,24.122076644728025,18.67792335527197,23.89570520327836,18.90429479672164,22.7518580754598,20.0481419245402,23.92850324819417,18.87149675180583
V44_e170cd14f1f6,453,Campos2014_JAS,AmbientTemp_LPS,HT_LPS,growing,66.1,1.221,35.4,4.3,18.0,13.099999999999998,18.0,3.5,13.9,4.2,39.5,15.98,,,,,confirmation,Historical Study_ID,1,22.3,28.99262899262899,0.0184720121028744,0.5355521936459909,1.1264080100125156,1.2949640287769784,1.005438540235586,0.2812758392306647,0.5543807831458971,0.1860871691392877,0.3491106042484674,0.2797543837585124,0.551382069575331,0.1850806008447669,35.4,4.3,18.0,13.099999999999998,22.3,18.0,3.5,13.9,4.2,39.5,15.98,1,1,1,1,1,97.155,1,INCLUDED,,0,EXISTING_REVIEWER_FORMULA,1,MASS_BALANCE_NI_MINUS_FN_MINUS_UN,REPORTED_MEAN_BW_USED,1,INCLUDED_IN_906_MAIN,,,AIA_906_V1_20260806,5.84795763796377,14.91649370992602,5.948244397651585,12.48140067499611,5.913555238734877,13.618896848701146,5.108453432718913,14.588324228922524,20.76445134788979,14.63554865211021,18.42964507264769,16.970354927352304,19.69677766164144,15.70322233835856,19.532452087436024,15.867547912563976
V44_b5e061da18da,454,Campos2014_JAS,AmbientTemp_LPS,TN_Baseline,growing,64.5,2.003,57.1,7.9,19.9,29.300000000000004,18.0,3.5,13.9,4.2,39.5,15.98,,,,,confirmation,Historical Study_ID,1,27.8,28.507239141288068,0.0310542635658914,0.8852713178294573,1.1264080100125156,1.2949640287769784,1.005438540235586,0.2812758392306647,0.5543807831458971,0.1860871691392877,0.3491106042484674,0.2797543837585124,0.551382069575331,0.1850806008447669,57.1,7.9,19.9,29.300000000000004,27.8,18.0,3.5,13.9,4.2,39.5,15.98,1,1,1,1,1,97.155,1,INCLUDED,,0,EXISTING_REVIEWER_FORMULA,1,MASS_BALANCE_NI_MINUS_FN_MINUS_UN,REPORTED_MEAN_BW_USED,1,INCLUDED_IN_906_MAIN,,,AIA_906_V1_20260806,9.316459291008888,21.51175444256046,10.075903943893572,21.93803744094664,9.81321227517908,21.73890941067253,9.736518541971842,20.29489008585612,30.82821373356935,26.27178626643065,32.01394138484021,25.086058615159796,30.031408627827965,27.06859137217204,31.55212168585161,25.54787831414839
V44_b1858f6115a9,455,Campos2014_JAS,AmbientTemp_LPS,TN_LPS,growing,67.9,1.499,43.4,6.1,20.7,16.599999999999998,18.0,3.5,13.9,4.2,39.5,15.98,,,,,confirmation,Historical Study_ID,1,26.8,28.95263509006004,0.0220765832106038,0.6391752577319587,1.1264080100125156,1.2949640287769784,1.005438540235586,0.2812758392306647,0.5543807831458971,0.1860871691392877,0.3491106042484674,0.2797543837585124,0.551382069575331,0.1850806008447669,43.4,6.1,20.7,16.599999999999998,26.8,18.0,3.5,13.9,4.2,39.5,15.98,1,1,1,1,1,97.155,1,INCLUDED,,0,EXISTING_REVIEWER_FORMULA,1,MASS_BALANCE_NI_MINUS_FN_MINUS_UN,REPORTED_MEAN_BW_USED,1,INCLUDED_IN_906_MAIN,,,AIA_906_V1_20260806,7.08145030785805,17.615432875265352,6.483021009891964,17.046618936664682,6.690017517528476,17.312326927869616,6.141854127248128,17.467536290486652,24.696883183123404,18.703116816876594,23.52963994655665,19.870360053443356,23.60939041773478,19.79060958226522,24.00234444539809,19.397655554601904
V44_3479252f2e91,486,Antezana2015_AFST,CSP_OP,35CSP,growing,61.5,1.53728495488772,39.310572418,6.08325617862712,8.41114482459995,24.81617141477293,16.0220994475,5.69060773480663,17.3480662983425,4.93922651933702,42.14512703780287,18.5635359116022,,,,,confirmation,Historical Study_ID,1,14.494401003227068,25.571428571530618,0.0249965033315076,0.6391962994796748,0.8630952380944945,0.9235668789800978,0.82444943576492,0.2691288592776549,0.540826696849402,0.1839088189178438,0.3216063531758171,0.3264346454770249,0.6559852834972538,0.2230686454982095,39.310572418,6.08325617862712,8.41114482459995,24.81617141477293,14.494401003227068,16.0220994475,5.69060773480663,17.3480662983425,4.93922651933702,42.14512703780287,18.5635359116022,1,1,1,1,1,97.906,1,INCLUDED,,0,EXISTING_REVIEWER_FORMULA,1,MASS_BALANCE_NI_MINUS_FN_MINUS_UN,REPORTED_MEAN_BW_USED,1,INCLUDED_IN_906_MAIN,,,AIA_906_V1_20260806,7.498013528363085,14.9753714788566,7.779786918750852,14.73706742644353,7.682321590844275,14.848385533764256,7.095112959543864,13.88117758433024,22.473385007219683,16.837187410780317,22.516854345194385,16.793718072805618,20.976290543874104,18.334281874125896,22.530707124608533,16.779865293391467
V44_380e18d696e6,487,Antezana2015_AFST,CSP_OP,35CSP_OP,growing,61.4,1.48934754076015,38.82393442,8.86150819539173,9.19052458878499,20.771901635823284,16.2402669633,6.0734149054505,18.7986651835373,6.70745272525028,32.37319766992051,18.5761957730812,,,,,confirmation,Historical Study_ID,1,18.05203278417672,26.0677466860318,0.0242564746052141,0.632311635504886,0.8742514970063894,0.8639053254441819,0.8293163486185926,0.255691204414981,0.5227052492057077,0.180340112396954,0.319158988616341,0.3083156443749005,0.630284510942522,0.2174563575134504,38.82393442,8.86150819539173,9.19052458878499,20.771901635823284,18.05203278417672,16.2402669633,6.0734149054505,18.7986651835373,6.70745272525028,32.37319766992051,18.5761957730812,1,1,1,1,1,96.482,1,INCLUDED,,0,EXISTING_REVIEWER_FORMULA,1,MASS_BALANCE_NI_MINUS_FN_MINUS_UN,REPORTED_MEAN_BW_USED,1,INCLUDED_IN_906_MAIN,,,AIA_906_V1_20260806,7.94584433400347,15.403049124498596,8.2877778166281,14.268616790692862,8.169503131568648,14.798540050511328,7.634028434753418,12.575448989868164,23.348893458502065,15.475040961497935,22.55639460732096,16.26753981267904,20.209477424621586,18.61445699537842,22.96804318207997,15.855891237920028
V44_67f8ef046b5c,488,Antezana2015_AFST,CSP_OP,70CSP,growing,65.0,1.74437554219325,45.326293616,8.90501425082905,6.77605197492391,29.645227390247044,16.1716171617,9.1969196919692,17.9317931793179,5.28052805280528,39.50171999325327,19.4719471947195,,,,,confirmation,Historical Study_ID,1,15.68106622575296,25.98425196847809,0.026836546802973,0.6973275940923077,0.8305084745754394,0.9018404907966456,0.8619739337300713,0.2896860563904672,0.5649872585252687,0.1925033962040499,0.3331353340822356,0.3360728730356049,0.655457475471869,0.22332855863868,45.326293616,8.90501425082905,6.77605197492391,29.645227390247044,15.68106622575296,16.1716171617,9.1969196919692,17.9317931793179,5.28052805280528,39.50171999325327,19.4719471947195,1,1,1,1,1,98.548,1,INCLUDED,,0,EXISTING_REVIEWER_FORMULA,1,MASS_BALANCE_NI_MINUS_FN_MINUS_UN,REPORTED_MEAN_BW_USED,1,INCLUDED_IN_906_MAIN,,,AIA_906_V1_20260806,8.531071336764708,17.41696644708069,7.73089410842858,17.44440029777199,8.007675162295413,17.431585222641914,8.810527483622232,17.731685002644856,25.9480377838454,19.378255832154604,25.175294406200567,20.150999209799437,26.54221248626709,18.78408112973291,25.439260384937327,19.887033231062677
V44_9c3bfb11e544,489,Antezana2015_AFST,CSP_OP,70CSP_OP,growing,62.8,1.54151508912835,39.932156433,10.0834272110856,7.89719741753164,21.951531804382764,16.1979752531,8.49268841394826,18.6726659167604,6.71541057367829,29.75590980424182,19.347581552306,,,,,confirmation,Historical Study_ID,1,17.98062462861724,25.90448625162641,0.0245464186166934,0.6358623635828026,0.8372093023259228,0.8674698795184279,0.8623284175075168,0.2855633941730826,0.5448035947991579,0.1887924873630702,0.3327300187343178,0.3311538717446863,0.6317820261262687,0.2189333942035193,39.932156433,10.0834272110856,7.89719741753164,21.951531804382764,17.98062462861724,16.1979752531,8.49268841394826,18.6726659167604,6.71541057367829,29.75590980424182,19.347581552306,1,1,1,1,1,96.624,1,INCLUDED,,0,EXISTING_REVIEWER_FORMULA,1,MASS_BALANCE_NI_MINUS_FN_MINUS_UN,REPORTED_MEAN_BW_USED,1,INCLUDED_IN_906_MAIN,,,AIA_906_V1_20260806,8.239954061149785,16.214318711177615,8.321085759697349,14.33217373057951,8.293022330458435,15.211373286028984,8.308685620625814,13.655423800150553,24.4542727723274,15.477883660672603,22.65325949027686,17.278896942723144,21.964109420776367,17.968047012223636,23.504395616487415,16.427760816512585
V44_3ad687c0e9d7,490,Antezana2015_AFST,CSP_OP,Control,growing,62.5,1.64268560502346,42.234135988,8.78025458706718,9.913907710967,23.53997368996581,16.1325966851,3.4475138121547,18.4530386740332,5.61325966850829,44.86739273832942,18.0110497237569,,,,,confirmation,Historical Study_ID,1,18.69416229803418,25.71041948553316,0.0262829696803753,0.675746175808,0.8957055214733438,0.8742514970069138,0.7843114201549838,0.2468966651150876,0.5140686976359602,0.1758648033128036,0.3038535253593779,0.3147941732970044,0.6554395160207889,0.2242282832985548,42.234135988,8.78025458706718,9.913907710967,23.53997368996581,18.69416229803418,16.1325966851,3.4475138121547,18.4530386740332,5.61325966850829,44.86739273832942,18.0110497237569,1,1,1,1,1,97.263,1,INCLUDED,,0,EXISTING_REVIEWER_FORMULA,1,MASS_BALANCE_NI_MINUS_FN_MINUS_UN,REPORTED_MEAN_BW_USED,1,INCLUDED_IN_906_MAIN,,,AIA_906_V1_20260806,7.926206427848479,15.359826754851628,7.273424992359119,17.111499716983406,7.499221887423412,16.293247082104173,7.408988316853841,14.24986775716146,23.28603318270011,18.94810280529989,24.384924709342524,17.849211278657474,21.6588560740153,20.575279913984694,23.792468969527583,18.441667018472412
V44_100282609d7d,514,Kampman2015_BJN,CFA_Protein,Ad_Post,growing,28.5,1.2681748702,39.837381034,2.0605541914,12.5350379979,25.241788844700004,19.6332254585,3.883495145631068,12.18574917396926,10.77359985223798,47.75340673548546,17.83998583947298,,,,,confirmation,Historical Study_ID,1,14.5955921893,31.41316073209791,0.0444973638666666,1.3978028432982457,1.1005179956510545,1.6111627753211726,1.029696369569232,0.4104120918587231,0.5631443552855707,0.1615428817698606,0.3277913923726411,0.398575836516173,0.5469033124018483,0.1568839966265406,39.837381034,2.0605541914,12.5350379979,25.241788844700004,14.5955921893,19.6332254585,3.883495145631068,12.18574917396926,10.77359985223798,47.75340673548546,17.83998583947298,1,1,1,1,1,100.02,1,INCLUDED,,0,EXISTING_REVIEWER_FORMULA,1,MASS_BALANCE_NI_MINUS_FN_MINUS_UN,DIRECT_INITIAL_BW_EXISTING,1,INCLUDED_IN_906_MAIN,,,AIA_906_V1_20260806,6.190877690973393,10.713620668462118,6.597828842108359,9.975844919494005,6.457064565777139,10.320479428100263,6.175804615020752,9.77440865834554,16.90449835943551,22.93288267456449,16.573673761602365,23.26370727239764,15.950213273366291,23.88716776063371,16.7775439938774,23.0598370401226
V44_c299a3bb8209,515,Kampman2015_BJN,CFA_Protein,Ad_Pre,growing,28.5,1.1503726541,36.136841086,1.8691469527,9.9687837478,24.2989103855,19.6332254585,3.883495145631068,12.18574917396926,10.77359985223798,47.75340673548546,17.83998583947298,,,,,confirmation,Historical Study_ID,1,11.8379307005,31.4131607329208,0.0403639527754385,1.267959336350877,1.1005179956510545,1.6111627753211726,1.029696369569232,0.4104120918587231,0.5631443552855707,0.1615428817698606,0.3277913923726411,0.398575836516173,0.5469033124018483,0.1568839966265406,36.136841086,1.8691469527,9.9687837478,24.2989103855,11.8379307005,19.6332254585,3.883495145631068,12.18574917396926,10.77359985223798,47.75340673548546,17.83998583947298,1,1,1,1,1,100.02,1,INCLUDED,,0,EXISTING_REVIEWER_FORMULA,1,MASS_BALANCE_NI_MINUS_FN_MINUS_UN,DIRECT_INITIAL_BW_EXISTING,1,INCLUDED_IN_906_MAIN,,,AIA_906_V1_20260806,5.54099855565901,9.64706246419916,5.333759903014557,9.046314832414934,5.405443688368143,9.326939893845736,5.252358754475911,9.308176676432293,15.188061019858168,20.94878006614183,14.380074735429492,21.756766350570505,14.560535430908203,21.576305655091797,14.73238358221388,21.40445750378612
V44_4e17dec14561,516,Kampman2015_BJN,CFA_Protein,Res_Post,growing,28.5,1.1903420019,28.147029862,1.9300820477,6.9161273375,19.3008204768,14.7788565264,3.991370010787486,12.87035130205508,11.39201161931394,50.3858519090189,17.62422798911764,,,,,confirmation,Historical Study_ID,1,8.8462093852,23.64617044267301,0.0417663860315789,0.987615082877193,0.8385534126956052,1.1482869565526297,0.7656834330610015,0.2972382020769831,0.4186279649619137,0.1201187315377577,0.3238086416281741,0.3881998607292608,0.5467376553889235,0.1568777987758655,28.147029862,1.9300820477,6.9161273375,19.3008204768,8.8462093852,14.7788565264,3.991370010787486,12.87035130205508,11.39201161931394,50.3858519090189,17.62422798911764,1,1,1,1,1,100.0,1,INCLUDED,,0,EXISTING_REVIEWER_FORMULA,1,MASS_BALANCE_NI_MINUS_FN_MINUS_UN,DIRECT_INITIAL_BW_EXISTING,1,INCLUDED_IN_906_MAIN,,,AIA_906_V1_20260806,5.299401298897757,5.785568035899675,5.085061509542381,7.772610352870523,5.159201575870856,6.8444104852998,4.456316630045573,8.364072481791178,11.084969334797432,17.06206052720257,12.857671862412904,15.289357999587097,12.82038911183675,15.32664075016325,12.003612061170656,16.143417800829344
V44_a88ae59eb19d,517,Kampman2015_BJN,CFA_Protein,Res_Pre,growing,28.5,1.1229585955,26.55367035,1.9502695737,6.3008709305,18.3025298458,14.7788565264,3.991370010787486,12.87035130205508,11.39201161931394,50.3858519090189,17.62422798911764,,,,,confirmation,Historical Study_ID,1,8.2511405042,23.646170443334032,0.0394020559824561,0.9317077315789474,0.8385534126956052,1.1482869565526297,0.7656834330610015,0.2972382020769831,0.4186279649619137,0.1201187315377577,0.3238086416281741,0.3881998607292608,0.5467376553889235,0.1568777987758655,26.55367035,1.9502695737,6.3008709305,18.3025298458,8.2511405042,14.7788565264,3.991370010787486,12.87035130205508,11.39201161931394,50.3858519090189,17.62422798911764,1,1,1,1,1,100.0,1,INCLUDED,,0,EXISTING_REVIEWER_FORMULA,1,MASS_BALANCE_NI_MINUS_FN_MINUS_UN,DIRECT_INITIAL_BW_EXISTING,1,INCLUDED_IN_906_MAIN,,,AIA_906_V1_20260806,5.082919272367222,5.598516547478094,4.411442163317044,7.538913570545077,4.643705886038596,6.632502949863856,4.179222742716472,8.199665069580078,10.681435819845316,15.872234530154683,11.95035573386212,14.60331461613788,12.37888781229655,14.17478253770345,11.276208835902452,15.27746151409755
V44_4bcc6f077d61,526,Rachuonyo2015_RMCP,Exp1,CP14,growing,17.58,0.851,18.96,3.43,3.71,11.82,14.0,4.03743420624027,8.75673325979858,2.997556953864057,58.29485488867572,18.42924264446546,,,,,confirmation,Historical Study_ID,1,7.140000000000001,22.27967097532315,0.0484072810011376,1.0784982935153584,0.7596622536306114,1.598769722068938,0.6359723098973133,0.3179956463232998,0.611191959401628,0.12753206287446,0.2839162097755863,0.5000149241948044,0.9610354883223036,0.2005308421290415,18.96,3.43,3.71,11.82,7.140000000000001,14.0,4.03743420624027,8.75673325979858,2.997556953864057,58.29485488867572,18.42924264446546,1,1,1,1,1,97.52,1,INCLUDED,,0,EXISTING_REVIEWER_FORMULA,1,MASS_BALANCE_NI_MINUS_FN_MINUS_UN,DIRECT_INITIAL_BW_EXISTING,1,INCLUDED_IN_906_MAIN,,,AIA_906_V1_20260806,3.468040369620714,1.6600716915275535,3.39167772839633,2.103059620435628,3.418091542193668,1.8961282765804404,3.689628998438517,3.1010406812032065,5.128112061148268,13.831887938851732,5.494737348831958,13.465262651168045,6.790669679641724,12.169330320358275,5.314219818774108,13.645780181225891
V44_4aed56c55224,527,Rachuonyo2015_RMCP,Exp1,CP19,growing,17.82,0.859,25.83,3.58,8.5,13.75,19.0,3.955603837459754,8.669396086821274,3.343611231669419,50.87137904881943,18.58372419090917,,,,,confirmation,Historical Study_ID,1,12.08,30.06984866123399,0.0482042648709315,1.4494949494949494,1.0224000208362145,2.191617479432359,0.833109803834027,0.2711890985325888,0.5986858013921745,0.1893599200766657,0.2740492775769825,0.325514232679244,0.7186157198450702,0.2272928720862708,25.83,3.58,8.5,13.75,12.08,19.0,3.955603837459754,8.669396086821274,3.343611231669419,50.87137904881943,18.58372419090917,1,1,1,1,1,97.61,1,INCLUDED,,0,EXISTING_REVIEWER_FORMULA,1,MASS_BALANCE_NI_MINUS_FN_MINUS_UN,DIRECT_INITIAL_BW_EXISTING,1,INCLUDED_IN_906_MAIN,,,AIA_906_V1_20260806,3.7640069020021008,5.172140648943397,3.444874034902435,6.328662154474091,3.5552619941587373,5.788420460018003,4.160435835520427,4.7873358726501465,8.936147550945499,16.8938524490545,9.773536189376523,16.056463810623473,8.947771708170574,16.882228291829424,9.34368245417674,16.48631754582326
V44_806f0f3eff06,568,Mathai2016_JAS,Exp4_NBalance,HF_045,growing,29.0,1.62,32.4,8.2,5.2,19.0,13.92,8.655555852728012,17.83,9.49,46.39023387286848,19.31969712925831,,,,,confirmation,Historical Study_ID,1,13.4,20.0,0.0558620689655172,1.1172413793103448,0.7205081894849764,0.7807066741447,0.9288948639126576,0.4885743912747192,0.4038552331791564,0.1768566824520962,0.4170684554205539,0.5259738321910444,0.4347695835867278,0.1903947253052372,32.4,8.2,5.2,19.0,13.4,13.92,8.655555852728012,17.83,9.49,46.39023387286848,19.31969712925831,1,1,1,1,1,97.57,1,INCLUDED,,0,EXISTING_REVIEWER_FORMULA,1,MASS_BALANCE_NI_MINUS_FN_MINUS_UN,DIRECT_INITIAL_BW_EXISTING,1,INCLUDED_IN_906_MAIN,,,AIA_906_V1_20260806,7.207318949714096,4.549413391443428,7.277047845951105,8.223861193782835,7.252928642477167,6.507429724559622,6.760454018910726,6.499644597371419,11.756732341157525,20.643267658842475,15.50090903973394,16.899090960266058,13.260098616282145,19.139901383717856,13.76035836703679,18.639641632963208
V44_d0daa7a56476,569,Mathai2016_JAS,Exp4_NBalance,HF_060,growing,29.0,1.62,34.2,9.4,3.0,21.800000000000004,13.86,8.649361383484479,16.97,10.07,46.28369937824023,19.31732323604995,,,,,confirmation,Historical Study_ID,1,12.4,21.11111111111111,0.0558620689655172,1.1793103448275863,0.7174907118670818,0.8167354154390101,0.9284857492809726,0.488276474275156,0.5575093358394364,0.1767597466453416,0.4186894612558498,0.5258847264519477,0.6004500728968393,0.1903742160633331,34.2,9.4,3.0,21.800000000000004,12.4,13.86,8.649361383484479,16.97,10.07,46.28369937824023,19.31732323604995,1,1,1,1,1,97.5725,1,INCLUDED,,0,EXISTING_REVIEWER_FORMULA,1,MASS_BALANCE_NI_MINUS_FN_MINUS_UN,DIRECT_INITIAL_BW_EXISTING,1,INCLUDED_IN_906_MAIN,,,AIA_906_V1_20260806,7.1985500389327175,5.466521720042202,7.407291647616772,8.101961724889852,7.335087990237558,6.870878198083381,6.979855378468831,6.915052572886149,12.66507175897492,21.534928241025085,15.509253372506624,18.69074662749338,13.89490795135498,20.305092048645022,14.20596618832094,19.994033811679063
V44_2459b1070a19,570,Mathai2016_JAS,Exp4_NBalance,HF_Thr0.45,growing,29.0,1.30538089978,32.4,8.2,5.2,19.0,15.5127135715,8.65572947922639,16.75156901848096,9.59281483871291,46.39116443977871,19.33679427322323,,,,,confirmation,Historical Study_ID,1,13.4,24.820341714407245,0.0450131344751724,1.1172413793103448,0.8022381244951934,0.9260454083068752,0.9289134971195048,0.4885841918539307,0.4038633343307382,0.1768602301163955,0.4164578841119513,0.5259738321910445,0.4347695835867278,0.1903947253052373,32.4,8.2,5.2,19.0,13.4,15.5127135715,8.65572947922639,16.75156901848096,9.59281483871291,46.39116443977871,19.33679427322323,1,1,1,1,1,97.66,1,INCLUDED,,0,EXISTING_REVIEWER_FORMULA,1,MASS_BALANCE_NI_MINUS_FN_MINUS_UN,DIRECT_INITIAL_BW_EXISTING,1,INCLUDED_IN_906_MAIN,,,AIA_906_V1_20260806,6.674690036919967,7.415530716449954,6.804167040130083,8.04854869472554,6.759380985077587,7.752849303430741,6.152069727579753,7.380450248718262,14.09022075336992,18.30977924663008,14.852715734855622,17.547284265144377,13.532519976298016,18.867480023701983,14.512230288508327,17.88776971149167
V44_744c74829d8c,571,Mathai2016_JAS,Exp4_NBalance,HF_Thr0.60,growing,29.0,1.38408723214,34.2,9.4,3.0,21.800000000000004,15.4433907803,8.649531244063176,16.7359558127374,9.58756944093922,46.28460832117972,19.33394309099354,,,,,confirmation,Historical Study_ID,1,12.4,24.709425248524138,0.047727145935862,1.1793103448275863,0.7987708822570239,0.9227671818149964,0.928503983358576,0.4882860632980686,0.5548176214660009,0.1767632179435709,0.413326513690897,0.5258847264519478,0.5975393012953156,0.190374216063333,34.2,9.4,3.0,21.800000000000004,12.4,15.4433907803,8.649531244063176,16.7359558127374,9.58756944093922,46.28460832117972,19.33394309099354,1,1,1,1,1,97.66,1,INCLUDED,,0,EXISTING_REVIEWER_FORMULA,1,MASS_BALANCE_NI_MINUS_FN_MINUS_UN,DIRECT_INITIAL_BW_EXISTING,1,INCLUDED_IN_906_MAIN,,,AIA_906_V1_20260806,6.943060224717374,7.652820659498102,7.215032091388825,7.911785538784783,7.120957107480594,7.790816214374118,6.655165990193685,7.520464738210042,14.595880884215475,19.604119115784528,15.126817630173608,19.073182369826394,14.175630728403728,20.02436927159628,14.911773321854712,19.288226678145293
V44_ef050928a064,572,Mathai2016_JAS,Exp4_NBalance,LF_045,growing,29.0,1.62,36.4,7.6,5.8,23.0,14.37,3.606199659872501,8.39,3.64,62.81288398378084,18.17401625357591,,,,,confirmation,Historical Study_ID,1,13.4,22.469135802469133,0.0558620689655172,1.2551724137931033,0.7906892895604495,1.7127532777115613,0.9066146469721018,0.4405709888187718,0.3830613857768635,0.1635766548892887,0.3943174351827165,0.4859517660454575,0.4225184173410459,0.1804257800550648,36.4,7.6,5.8,23.0,13.4,14.37,3.606199659872501,8.39,3.64,62.81288398378084,18.17401625357591,1,1,1,1,1,97.32,1,INCLUDED,,0,EXISTING_REVIEWER_FORMULA,1,MASS_BALANCE_NI_MINUS_FN_MINUS_UN,DIRECT_INITIAL_BW_EXISTING,1,INCLUDED_IN_906_MAIN,,,AIA_906_V1_20260806,5.374071453140389,6.345973435668983,6.377684952652998,6.11185,6.030535355997151,6.221215230990367,5.667429447174072,5.624879678090413,11.720044888809372,24.679955111190623,12.489534952652996,23.910465047347003,11.292309125264484,25.107690874735518,12.25175058698752,24.14824941301248
V44_536e347afb77,573,Mathai2016_JAS,Exp4_NBalance,LF_060,growing,29.0,1.62,37.0,7.04,4.6,25.36,14.89,3.60008467436931,8.54,4.21,62.68917458538016,18.16724609656342,,,,,confirmation,Historical Study_ID,1,11.64,22.839506172839503,0.0558620689655172,1.2758620689655171,0.8196068859779824,1.7435597189695553,0.9061523832024224,0.4402409044815319,0.5324341239583353,0.1634687560731828,0.3803527464751605,0.4858353988163467,0.5875768069788286,0.1803987487131798,37.0,7.04,4.6,25.36,11.64,14.89,3.60008467436931,8.54,4.21,62.68917458538016,18.16724609656342,1,1,1,1,1,97.3,1,INCLUDED,,0,EXISTING_REVIEWER_FORMULA,1,MASS_BALANCE_NI_MINUS_FN_MINUS_UN,DIRECT_INITIAL_BW_EXISTING,1,INCLUDED_IN_906_MAIN,,,AIA_906_V1_20260806,5.491730017080162,6.610653972792239,6.175005670820159,6.423883333333329,5.938660835167996,6.511128824449059,5.733019510904948,5.821784178415935,12.1023839898724,24.8976160101276,12.598889004153488,24.401110995846512,11.554803689320885,25.445196310679115,12.449789659617052,24.550210340382947
V44_4620bd46a42b,574,Mathai2016_JAS,Exp4_NBalance,LF_Thr0.45,growing,29.0,1.43507949896,36.4,7.6,5.8,23.0,15.852780293,3.606271269422689,7.692872559091043,2.956609682706106,62.81413128087816,18.190918309531,,,,,confirmation,Historical Study_ID,1,13.4,25.36444846879844,0.0494854999641379,1.2551724137931033,0.8714667408898237,2.060710114619798,0.9066326499317788,0.4405797373888209,0.3830689923588937,0.1635799030873317,0.4305025142798501,0.4859517660454574,0.4225184173410459,0.1804257800550648,36.4,7.6,5.8,23.0,13.4,15.852780293,3.606271269422689,7.692872559091043,2.956609682706106,62.81413128087816,18.190918309531,1,1,1,1,1,97.41,1,INCLUDED,,0,EXISTING_REVIEWER_FORMULA,1,MASS_BALANCE_NI_MINUS_FN_MINUS_UN,DIRECT_INITIAL_BW_EXISTING,1,INCLUDED_IN_906_MAIN,,,AIA_906_V1_20260806,5.088519409465576,8.112041323274628,6.332695710897539,6.946250018201726,5.90233551604103,7.490821880482625,5.716624736785889,6.165701389312744,13.200560732740204,23.199439267259795,13.278945729099268,23.12105427090073,11.882326126098633,24.51767387390137,13.393157396523655,23.006842603476343
V44_e3bd6151c8df,575,Mathai2016_JAS,Exp4_NBalance,LF_Thr0.60,growing,29.0,1.40804972297,37.0,7.04,4.6,25.36,16.423425695,3.600156149387215,7.676814358375693,2.95186029212741,62.69041919773827,18.18414491969067,,,,,confirmation,Historical Study_ID,1,11.64,26.277481111928264,0.0485534387231034,1.2758620689655171,0.9031728336709371,2.13935428529432,0.9061703736842232,0.4402496448944323,0.5324446947481878,0.1634720015335884,0.4271480176828664,0.4858353988163465,0.5875768069788286,0.1803987487131798,37.0,7.04,4.6,25.36,11.64,16.423425695,3.600156149387215,7.676814358375693,2.95186029212741,62.69041919773827,18.18414491969067,1,1,1,1,1,97.39,1,INCLUDED,,0,EXISTING_REVIEWER_FORMULA,1,MASS_BALANCE_NI_MINUS_FN_MINUS_UN,DIRECT_INITIAL_BW_EXISTING,1,INCLUDED_IN_906_MAIN,,,AIA_906_V1_20260806,5.102736102413851,8.621714156482604,6.348495257614079,6.962883102015766,5.917587554132502,7.737766833443067,5.775917371114095,6.357202688852946,13.724450258896454,23.275549741103543,13.311378359629844,23.688621640370155,12.13312005996704,24.86687994003296,13.655354387575567,23.34464561242443
V44_741204834a45,597,Tian2016_AJAS,StarterPig_MetSource,Basal,nursery,15.43,0.7819969371700105,26.48,5.76,8.34,12.38,21.1637657558,4.3794472122716765,9.53134049772618,3.548785452380521,47.490593745313845,18.55164421452594,,,,,confirmation,Historical Study_ID,1,14.1,33.86202520924081,0.0506802940486072,1.7161373946856773,1.1408026971123546,2.220439586734823,1.315655672173636,0.2613325215588484,0.7461041105247053,0.1989241864765791,0.3885342545350997,0.1986329151966431,0.5670967915883669,0.1511977568932836,26.48,5.76,8.34,12.38,14.1,21.1637657558,4.3794472122716765,9.53134049772618,3.548785452380521,47.490593745313845,18.55164421452594,1,1,1,1,1,100.0,1,INCLUDED,,0,EXISTING_REVIEWER_FORMULA,1,MASS_BALANCE_NI_MINUS_FN_MINUS_UN,DIRECT_INITIAL_BW_EXISTING,1,INCLUDED_IN_906_MAIN,,,AIA_906_V1_20260806,3.684472893116415,5.401559760321046,3.4030711166332104,7.5175588611657425,3.500407903406031,6.529119879061955,4.010212421417236,5.191158453623454,9.08603265343746,17.39396734656254,10.920629977798953,15.559370022201048,9.201370875040691,17.27862912495931,10.029527782467987,16.450472217532013
V44_6fc41f42f447,598,Tian2016_AJAS,StarterPig_MetSource,DL-Met,nursery,15.45,0.8599667492575592,28.47,5.04,5.37,18.06,20.6912069744,4.374616871914055,9.518717475869382,3.545032467989518,47.39790911554922,18.52647833199377,,,,,confirmation,Historical Study_ID,1,10.41,33.10593115905841,0.0556612782690976,1.8427184466019413,1.1168451231591012,2.173738954523408,1.315241961021196,0.39252178705106,0.7457129148601577,0.1988364484508885,0.3972828780144588,0.2984407422238061,0.566977740187944,0.1511786076962641,28.47,5.04,5.37,18.06,10.41,20.6912069744,4.374616871914055,9.518717475869382,3.545032467989518,47.39790911554922,18.52647833199377,1,1,1,1,1,100.0,1,INCLUDED,,0,EXISTING_REVIEWER_FORMULA,1,MASS_BALANCE_NI_MINUS_FN_MINUS_UN,DIRECT_INITIAL_BW_EXISTING,1,INCLUDED_IN_906_MAIN,,,AIA_906_V1_20260806,4.2151899480059045,5.800028944031107,3.989646945504781,8.40788080807453,4.067662199768337,7.1896844293787465,4.433448155721028,5.180120309193929,10.015218892037012,18.454781107962987,12.397527753579311,16.072472246420688,9.613568464914955,18.856431535085044,11.257346629147085,17.212653370852916
V44_7d4671332ef6,599,Tian2016_AJAS,StarterPig_MetSource,L-Met,nursery,15.47,0.8643058386792453,28.66,4.9,5.33,18.43,20.7247240483,4.374616871914055,9.518717475869382,3.545032467989518,47.39790911554922,18.52647833199377,,,,,confirmation,Historical Study_ID,1,10.23,33.159558477350615,0.0558698021124269,1.852617970265029,1.1186542675253093,2.1772601299322765,1.315241961021196,0.39252178705106,0.7457129148601577,0.1988364484508885,0.3966403720129033,0.2984407422238061,0.566977740187944,0.1511786076962641,28.66,4.9,5.33,18.43,10.23,20.7247240483,4.374616871914055,9.518717475869382,3.545032467989518,47.39790911554922,18.52647833199377,1,1,1,1,1,100.0,1,INCLUDED,,0,EXISTING_REVIEWER_FORMULA,1,MASS_BALANCE_NI_MINUS_FN_MINUS_UN,DIRECT_INITIAL_BW_EXISTING,1,INCLUDED_IN_906_MAIN,,,AIA_906_V1_20260806,4.243510457202948,5.864946879774437,4.115621266915695,8.606581057593822,4.159858097973093,7.325891432091168,4.464339733123779,5.216357390085856,10.108457336977384,18.551542663022616,12.722202324509515,15.937797675490485,9.680697123209637,18.979302876790364,11.48574953006426,17.17425046993574
V44_d6b347824c0e,703,Kwon2019_JAS,LeuExcess,Leu100,growing,30.0,1.22726480318,33.0,5.8,5.6,21.6,16.8056640642,5.31025185248807,11.6823666544026,4.13722428792843,49.57055074937833,18.7210564113393,,,,,confirmation,Historical Study_ID,1,11.4,26.88906250264228,0.0409088267726666,1.1,0.8976878064434892,1.4385496159604476,0.9910137771064372,0.305687674344374,0.6646786133599871,0.1849627800176608,0.3728245826573024,0.3084595607105696,0.6707057244962994,0.1866399683743199,33.0,5.8,5.6,21.6,11.4,16.8056640642,5.31025185248807,11.6823666544026,4.13722428792843,49.57055074937833,18.7210564113393,1,1,1,1,1,100.0,1,INCLUDED,,0,EXISTING_REVIEWER_FORMULA,1,MASS_BALANCE_NI_MINUS_FN_MINUS_UN,DIRECT_INITIAL_BW_EXISTING,1,INCLUDED_IN_906_MAIN,,,AIA_906_V1_20260806,5.570412889278646,8.964627179404417,5.881334416141439,8.863543520743212,5.773786756913602,8.910762363432948,5.394491354624431,6.9901777903238935,14.535040068683063,18.464959931316937,14.744877936884652,18.255122063115348,12.384669144948324,20.615330855051678,14.68454912034655,18.31545087965345
V44_b36e90c18890,704,Kwon2019_JAS,LeuExcess,Leu150,growing,30.0,1.21623139644,33.0,5.8,6.0,21.2,16.9581216702,5.310547266371802,11.68301655452042,4.137454445278538,49.36402510197973,18.72732050507927,,,,,confirmation,Historical Study_ID,1,11.8,27.132994672390023,0.040541046548,1.1,0.905528458574764,1.4515190996317235,0.991068908056317,0.3057046800129554,0.6647155900036683,0.1849730696564027,0.3692598150620921,0.3084595607105695,0.6707057244962993,0.1866399683743198,33.0,5.8,6.0,21.2,11.8,16.9581216702,5.310547266371802,11.68301655452042,4.137454445278538,49.36402510197973,18.72732050507927,1,1,1,1,1,100.0,1,INCLUDED,,0,EXISTING_REVIEWER_FORMULA,1,MASS_BALANCE_NI_MINUS_FN_MINUS_UN,DIRECT_INITIAL_BW_EXISTING,1,INCLUDED_IN_906_MAIN,,,AIA_906_V1_20260806,5.547881388488942,9.042951062159815,5.901227152543659,8.887384010916357,5.779004962894739,8.960053483090796,5.37766679128011,7.054048538208008,14.590832450648758,18.40916754935124,14.788611163460017,18.211388836539985,12.431715329488116,20.568284670511883,14.739058445985536,18.260941554014465
V44_dc7397c302f7,705,Kwon2019_JAS,LeuExcess,Leu200,growing,30.0,1.20304225362,32.6,5.4,6.0,21.200000000000003,16.9362297448,5.31084271312562,11.68366652695126,4.137684628237772,49.15747647490347,18.73358529581187,,,,,confirmation,Historical Study_ID,1,11.4,27.097967591666343,0.040101408454,1.086666666666667,0.9040570439330856,1.4495646298815876,0.991124045140502,0.305721687573722,0.6647525707616633,0.1849833604400513,0.3657625709936961,0.3084595607105695,0.6707057244962993,0.1866399683743198,32.6,5.4,6.0,21.200000000000003,11.4,16.9362297448,5.31084271312562,11.68366652695126,4.137684628237772,49.15747647490347,18.73358529581187,1,1,1,1,1,100.0,1,INCLUDED,,0,EXISTING_REVIEWER_FORMULA,1,MASS_BALANCE_NI_MINUS_FN_MINUS_UN,DIRECT_INITIAL_BW_EXISTING,1,INCLUDED_IN_906_MAIN,,,AIA_906_V1_20260806,5.497732241165572,8.965562577819703,5.864701467639463,8.864213816390821,5.737766926586173,8.9115564955745,5.282236735026042,7.01953125,14.463294818985275,18.13670518101473,14.728915284030284,17.871084715969715,12.301767985026045,20.29823201497396,14.649323422160672,17.950676577839328
V44_3315587db62b,706,Kwon2019_JAS,LeuExcess,Leu250,growing,30.0,1.1997400695,32.6,5.8,6.0,20.8,16.9828452996,5.311138192755012,11.68431657170721,4.13791483681041,48.95090486431404,18.73985078365344,,,,,confirmation,Historical Study_ID,1,11.8,27.17255247929352,0.03999133565,1.086666666666667,0.906242290595715,1.453473568212181,0.9911791883600172,0.3057386970269897,0.6647895556346591,0.1849936523687976,0.3623309499145225,0.3084595607105694,0.6707057244962992,0.1866399683743198,32.6,5.8,6.0,20.8,11.8,16.9828452996,5.311138192755012,11.68431657170721,4.13791483681041,48.95090486431404,18.73985078365344,1,1,1,1,1,100.0,1,INCLUDED,,0,EXISTING_REVIEWER_FORMULA,1,MASS_BALANCE_NI_MINUS_FN_MINUS_UN,DIRECT_INITIAL_BW_EXISTING,1,INCLUDED_IN_906_MAIN,,,AIA_906_V1_20260806,5.495943853894692,8.999846531068737,5.870059046562819,8.872862590550907,5.740652718030335,8.93218013792551,5.279182275136312,7.040142854054769,14.49579038496343,18.104209615036574,14.742921637113726,17.857078362886277,12.31932512919108,20.280674870808923,14.672832855955845,17.927167144044155
V44_0a9cb109db1b,707,Kwon2019_JAS,LeuExcess,Leu300,growing,30.0,1.15528091352,31.8,5.2,6.2,20.4,17.2036080294,5.311433705265462,11.68496668880032,4.138145071000723,48.74431026637499,18.74611696872034,,,,,confirmation,Historical Study_ID,1,11.4,27.525772846977347,0.038509363784,1.06,0.9177158159263512,1.472285586050419,0.9912343377158852,0.3057557083730744,0.6648265446233423,0.1850039454428327,0.3589631219461029,0.3084595607105697,0.6707057244962994,0.1866399683743198,31.8,5.2,6.2,20.4,11.4,17.2036080294,5.311433705265462,11.68496668880032,4.138145071000723,48.74431026637499,18.74611696872034,1,1,1,1,1,100.0,1,INCLUDED,,0,EXISTING_REVIEWER_FORMULA,1,MASS_BALANCE_NI_MINUS_FN_MINUS_UN,DIRECT_INITIAL_BW_EXISTING,1,INCLUDED_IN_906_MAIN,,,AIA_906_V1_20260806,5.33145547430391,8.919030880631205,5.170759355929087,8.615992454237206,5.22634409318608,8.75754969478785,5.0638095537821455,7.053452650705974,14.250486354935116,17.549513645064884,13.786751810166294,18.013248189833707,12.11726220448812,19.682737795511883,13.98389378797393,17.81610621202607
V44_e029d732b3b6,708,Kwon2019_LeuExcess,NBalance,SIDLeu_100,growing,30.0,1.2089,33.0,5.8,5.6,21.6,17.111,6.799,11.6823666544026,4.13722428792843,49.57055074937833,18.916,,,,,confirmation,Historical DOI,1,11.4,27.297543221110097,0.0402966666666666,1.1,0.9045781349122436,1.4646860953941705,0.9910137771064372,0.305687674344374,0.6646786133599871,0.1849627800176608,0.361979785337808,0.3084595607105696,0.6707057244962994,0.1866399683743199,33.0,5.8,5.6,21.6,11.4,17.111,6.799,11.6823666544026,4.13722428792843,49.57055074937833,18.916,1,1,1,1,1,97.3,1,INCLUDED,,0,EXISTING_REVIEWER_FORMULA,1,MASS_BALANCE_NI_MINUS_FN_MINUS_UN,DIRECT_INITIAL_BW_EXISTING,1,INCLUDED_IN_906_MAIN,,,AIA_906_V1_20260806,5.551809053852471,9.167056322427898,5.987646022888896,8.96065053963631,5.836890151149248,9.057068124011185,5.5703606605529785,6.968815962473552,14.71886537628037,18.28113462371963,14.948296562525206,18.051703437474792,12.539176623026531,20.46082337697347,14.893958275160433,18.106041724839567
V44_c293d0c37276,709,Kwon2019_LeuExcess,NBalance,SIDLeu_150,growing,30.0,1.197,33.0,5.8,6.0,21.2,17.228,6.76,11.68301655452042,4.137454445278538,49.36402510197973,18.957,,,,,confirmation,Historical DOI,1,11.8,27.56892230576441,0.0399,1.1,0.9087935854829352,1.474619155044688,0.991068908056317,0.3057046800129554,0.6647155900036683,0.1849730696564027,0.3595414833615034,0.3084595607105695,0.6707057244962993,0.1866399683743198,33.0,5.8,6.0,21.2,11.8,17.228,6.76,11.68301655452042,4.137454445278538,49.36402510197973,18.957,1,1,1,1,1,97.3,1,INCLUDED,,0,EXISTING_REVIEWER_FORMULA,1,MASS_BALANCE_NI_MINUS_FN_MINUS_UN,DIRECT_INITIAL_BW_EXISTING,1,INCLUDED_IN_906_MAIN,,,AIA_906_V1_20260806,5.518898712529815,9.240989592049674,5.968084036579499,9.061965739487771,5.812710973001437,9.145592502149412,5.551105976104736,7.052482604980469,14.759888304579489,18.24011169542051,15.030049776067267,17.96995022393273,12.603588581085203,20.396411418914795,14.95830347515085,18.04169652484915
V44_e82aa50c02e1,710,Kwon2019_LeuExcess,NBalance,SIDLeu_200,growing,30.0,1.1875,32.6,5.4,6.0,21.200000000000003,17.168,6.831,11.68366652695126,4.137684628237772,49.15747647490347,18.932,,,,,confirmation,Historical DOI,1,11.4,27.45263157894737,0.0395833333333333,1.086666666666667,0.9068244242552292,1.4694017464806763,0.991124045140502,0.305721687573722,0.6647525707616633,0.1849833604400513,0.3608181082320676,0.3084595607105695,0.6707057244962993,0.1866399683743198,32.6,5.4,6.0,21.200000000000003,11.4,17.168,6.831,11.68366652695126,4.137684628237772,49.15747647490347,18.932,1,1,1,1,1,97.3,1,INCLUDED,,0,EXISTING_REVIEWER_FORMULA,1,MASS_BALANCE_NI_MINUS_FN_MINUS_UN,DIRECT_INITIAL_BW_EXISTING,1,INCLUDED_IN_906_MAIN,,,AIA_906_V1_20260806,5.481271444245073,9.148132296817494,5.955635799229818,9.033021116871645,5.791553316699604,9.086792584680406,5.4805270830790205,6.97889773050944,14.629403741062568,17.970596258937434,14.988656916101462,17.61134308389854,12.45942481358846,20.14057518641154,14.87834590138001,17.721654098619993
V44_79bb965c71d6,711,Kwon2019_LeuExcess,NBalance,SIDLeu_250,growing,30.0,1.1809,32.6,5.8,6.0,20.8,17.217,6.613,11.68431657170721,4.13791483681041,48.95090486431404,19.014,,,,,confirmation,Historical DOI,1,11.8,27.60606317215683,0.0393633333333333,1.086666666666667,0.905490691069738,1.473513653480582,0.9911791883600172,0.3057386970269897,0.6647895556346591,0.1849936523687976,0.3598112288581116,0.3084595607105694,0.6707057244962992,0.1866399683743198,32.6,5.8,6.0,20.8,11.8,17.217,6.613,11.68431657170721,4.13791483681041,48.95090486431404,19.014,1,1,1,1,1,97.3,1,INCLUDED,,0,EXISTING_REVIEWER_FORMULA,1,MASS_BALANCE_NI_MINUS_FN_MINUS_UN,DIRECT_INITIAL_BW_EXISTING,1,INCLUDED_IN_906_MAIN,,,AIA_906_V1_20260806,5.460298730023943,9.181260208897116,5.637576637928667,8.959003451243866,5.576256264841812,9.062825443990825,5.4460147221883135,7.032724698384603,14.64155893892106,17.958441061078943,14.596580089172534,18.003419910827468,12.478739420572916,20.121260579427087,14.639081708832638,17.960918291167363
V44_953ed01f2f1f,712,Kwon2019_LeuExcess,NBalance,SIDLeu_300,growing,30.0,1.1357,31.8,5.2,6.2,20.4,17.523,6.713,11.68496668880032,4.138145071000723,48.74431026637499,19.078,,,,,confirmation,Historical DOI,1,11.4,28.000352205688124,0.0378566666666666,1.06,0.9184925044553937,1.4996191659489502,0.9912343377158852,0.3057557083730744,0.6648265446233423,0.1850039454428327,0.3535476009087646,0.3084595607105697,0.6707057244962994,0.1866399683743198,31.8,5.2,6.2,20.4,11.4,17.523,6.713,11.68496668880032,4.138145071000723,48.74431026637499,19.078,1,1,1,1,1,97.3,1,INCLUDED,,0,EXISTING_REVIEWER_FORMULA,1,MASS_BALANCE_NI_MINUS_FN_MINUS_UN,DIRECT_INITIAL_BW_EXISTING,1,INCLUDED_IN_906_MAIN,,,AIA_906_V1_20260806,5.293915375569637,9.103004380272305,5.233247465295295,8.612839723556219,5.254232476549048,8.84180856109225,5.256008625030518,7.103402614593506,14.396919755841942,17.40308024415806,13.846087188851511,17.953912811148488,12.359411239624023,19.440588760375977,14.0960410376413,17.7039589623587
V44_c78f773ba014,757,Zhao2019_RBZ,P25_50,HCP_HNE,growing-finishing,24.17,1.65953,61.2,10.41,10.17,40.620000000000005,17.04,4.830827530721603,8.526815932403236,3.39760996035543,48.05120145835583,18.82749992861626,,,,,confirmation,Historical Study_ID,1,20.58,36.877911215826174,0.0686607364501448,2.53206454282168,0.90505909252989,1.998401294819245,1.01640630729945,0.3922623383298219,0.6913467228703991,0.2045384103316629,0.3728016091914062,0.3859306416270151,0.6801873600206979,0.2012368566219478,61.2,10.41,10.17,40.620000000000005,20.58,17.04,4.830827530721603,8.526815932403236,3.39760996035543,48.05120145835583,18.82749992861626,1,1,1,1,1,97.79,1,INCLUDED,,0,EXISTING_REVIEWER_FORMULA,1,MASS_BALANCE_NI_MINUS_FN_MINUS_UN,DIRECT_INITIAL_BW_EXISTING,1,INCLUDED_IN_906_MAIN,,,AIA_906_V1_20260806,8.734611035081585,19.12430517093424,7.583664199602638,14.061506231325886,7.981776351245553,16.426473129688432,8.506572405497232,15.437806765238443,27.858916206015824,33.34108379398418,21.645170430928523,39.55482956907148,23.94437917073568,37.25562082926433,24.408249480933986,36.791750519066014
V44_9ae6bb58baca,758,Zhao2019_RBZ,P25_50,LCP_HNE,growing-finishing,24.18,1.71336,51.35,8.88,5.55,36.92,13.78,4.061389921873483,8.682501700464032,3.056980958955102,56.25675216924895,18.49377877616641,,,,,confirmation,Historical Study_ID,1,14.43,29.97035065602092,0.0708585607940446,2.1236559139784945,0.7451154340484908,1.5871001786574408,1.036346608717531,0.4383295287753528,0.6775048915344667,0.1406896381841233,0.4700410961164418,0.4229564945629352,0.6537435312041716,0.1357553901374998,51.35,8.88,5.55,36.92,14.43,13.78,4.061389921873483,8.682501700464032,3.056980958955102,56.25675216924895,18.49377877616641,1,1,1,1,1,97.65,1,INCLUDED,,0,EXISTING_REVIEWER_FORMULA,1,MASS_BALANCE_NI_MINUS_FN_MINUS_UN,DIRECT_INITIAL_BW_EXISTING,1,INCLUDED_IN_906_MAIN,,,AIA_906_V1_20260806,7.288077017670101,12.282674454507664,7.246357413737983,11.694363716582648,7.260788211734134,11.969179176912094,7.5137176513671875,8.414371172587076,19.570751472177765,31.77924852782224,18.940721130320632,32.40927886967937,15.928088823954264,35.42191117604574,19.22996738864623,32.12003261135377
V44_c3ad096fd4c4,759,Zhao2019_RBZ,P25_50,LCP_LNE,growing-finishing,24.18,1.66574,47.42,8.24,5.4,33.78,13.51,3.146276175970334,11.01003230839482,3.707028839283876,54.80840826003222,18.20739075765486,,,,,confirmation,Historical Study_ID,1,13.64,28.46782811243052,0.068889164598842,1.961124896608768,0.7420063742148251,1.227062702595253,1.020409496163863,0.4320258732654585,0.67770841580867,0.1357597535206633,0.4720621281291002,0.4233848027577366,0.6641533799483966,0.133044384662275,47.42,8.24,5.4,33.78,13.64,13.51,3.146276175970334,11.01003230839482,3.707028839283876,54.80840826003222,18.20739075765486,1,1,1,1,1,97.68,1,INCLUDED,,0,EXISTING_REVIEWER_FORMULA,1,MASS_BALANCE_NI_MINUS_FN_MINUS_UN,DIRECT_INITIAL_BW_EXISTING,1,INCLUDED_IN_906_MAIN,,,AIA_906_V1_20260806,7.179735587703722,10.31378177595496,6.927303694761458,9.954815306666656,7.014619807847359,10.122498010960378,7.493887424468994,8.179399172465006,17.493517363658682,29.92648263634132,16.882119001428116,30.53788099857189,15.673286596934,31.746713403066003,17.137117818807738,30.282882181192264
V44_060c527bce6c,760,Zhao2019_RBZ,P50_75,HCP_HNE,growing-finishing,52.42,2.66669,75.46,11.11,14.43,49.92,15.43,4.033483771737788,8.726491753954619,3.239375568354046,53.50419318985551,18.64194256396439,,,,,confirmation,Historical Study_ID,1,25.54,28.297252399041508,0.050871613887829,1.4395268981304843,0.8277034406181897,1.7681790615349549,0.9068398953667216,0.3317101703097459,0.5794848607322083,0.1694160969092766,0.3673201131589119,0.3657869178501503,0.6390156230365973,0.1868202951533859,75.46,11.11,14.43,49.92,25.54,15.43,4.033483771737788,8.726491753954619,3.239375568354046,53.50419318985551,18.64194256396439,1,1,1,1,1,97.94,1,INCLUDED,,0,EXISTING_REVIEWER_FORMULA,1,MASS_BALANCE_NI_MINUS_FN_MINUS_UN,DIRECT_INITIAL_BW_EXISTING,1,INCLUDED_IN_906_MAIN,,,AIA_906_V1_20260806,10.76495514901728,24.66548399673957,11.147065362706847,32.363116666666684,11.01489355889509,28.76734944831849,10.43600082397461,24.71702829996745,35.43043914575685,40.02956085424314,43.51018202937353,31.949817970626462,35.15302912394206,40.30697087605793,39.78224300721358,35.67775699278641
V44_f895772186b0,761,Zhao2019_RBZ,P50_75,LCP_HNE,growing-finishing,53.08,2.7041,61.96,9.84,10.79,41.330000000000005,12.2,3.33064226726769,8.868548331756529,2.924070313827088,61.07322857056074,18.33446439479419,,,,,confirmation,Historical Study_ID,1,20.63,22.913353796087424,0.0509438583270535,1.1672946495855314,0.6654134932604857,1.3756479125579322,0.91495938370781,0.3819323253038207,0.5785365647875139,0.1104022368490622,0.4687291924732633,0.4174309068847037,0.6323084664622316,0.1206635385296172,61.96,9.84,10.79,41.330000000000005,20.63,12.2,3.33064226726769,8.868548331756529,2.924070313827088,61.07322857056074,18.33446439479419,1,1,1,1,1,97.8,1,INCLUDED,,0,EXISTING_REVIEWER_FORMULA,1,MASS_BALANCE_NI_MINUS_FN_MINUS_UN,DIRECT_INITIAL_BW_EXISTING,1,INCLUDED_IN_906_MAIN,,,AIA_906_V1_20260806,8.425165299069217,16.88666743392346,8.018393484687364,14.2511815092163,8.159095728491582,15.482286486400124,7.871941884358724,12.791852951049805,25.31183273299268,36.64816726700733,22.269574993903664,39.69042500609633,20.663794835408527,41.29620516459147,23.641382214891703,38.318617785108295
V44_53ec9ef1d2be,762,Zhao2019_RBZ,P50_75,LCP_LNE,growing-finishing,51.83,2.64264,58.97,9.41,10.46,39.1,12.16,3.264045010270827,11.1711258819759,3.585813586329297,58.54384857191296,18.23807961735187,,,,,confirmation,Historical Study_ID,1,19.87,22.31480640571549,0.0509866872467682,1.1377580551803974,0.6667368634815514,1.0885205420180255,0.9017986647643906,0.3764472346496626,0.5732455417515997,0.1081096441005127,0.4635067150310396,0.417440443591714,0.6356690957192416,0.1198822401547446,58.97,9.41,10.46,39.1,19.87,12.16,3.264045010270827,11.1711258819759,3.585813586329297,58.54384857191296,18.23807961735187,1,1,1,1,1,97.84,1,INCLUDED,,0,EXISTING_REVIEWER_FORMULA,1,MASS_BALANCE_NI_MINUS_FN_MINUS_UN,DIRECT_INITIAL_BW_EXISTING,1,INCLUDED_IN_906_MAIN,,,AIA_906_V1_20260806,8.507057172054854,15.47962006528769,8.757653466699265,13.629478617954296,8.670972286492438,14.493728479034209,8.040733178456625,12.543792724609377,23.986677237342544,34.98332276265745,22.38713208465356,36.58286791534644,20.584525903066,38.385474096934,23.164700765526646,35.80529923447335
V44_0bec704d0c4b,763,Zhao2019_RBZ,P75_105,HCP_HNE,growing-finishing,80.08,3.16583,71.45,12.0,15.19,44.260000000000005,13.62,7.389434649165626,8.706032386410572,3.084361959087177,56.06167712626928,19.75692056547673,,,,,confirmation,Historical Study_ID,1,27.19,22.569120894046744,0.0395333416583416,0.8922327672327672,0.6893786890958911,1.564432498695932,0.7630485206439293,0.276030690139408,0.5124915506701376,0.144276040081474,0.3501507528652392,0.3617472318883056,0.671636910111104,0.1890784611700981,71.45,12.0,15.19,44.260000000000005,27.19,13.62,7.389434649165626,8.706032386410572,3.084361959087177,56.06167712626928,19.75692056547673,1,1,1,1,1,101.64,1,INCLUDED,,0,EXISTING_REVIEWER_FORMULA,1,MASS_BALANCE_NI_MINUS_FN_MINUS_UN,DIRECT_INITIAL_BW_EXISTING,1,INCLUDED_IN_906_MAIN,,,AIA_906_V1_20260806,9.825852799758644,23.780598928291667,10.012851028486756,21.3277554924656,9.948168399456907,22.47354334653417,9.83158270517985,25.432504018147785,33.60645172805031,37.84354827194969,31.34060652095236,40.10939347904765,35.26408672332764,36.185913276672366,32.421711745991075,39.02828825400893
V44_738a69bd9521,764,Zhao2019_RBZ,P75_105,LCP_HNE,growing-finishing,79.75,3.28967,59.48,9.71,11.54,38.23,10.34,3.264804403493247,9.62427904415054,3.005028296484692,63.53685258537678,18.29472387124486,,,,,confirmation,Historical Study_ID,1,21.25,18.08084093541297,0.0412497805642633,0.7458307210031347,0.5651902741342888,1.074366189152055,0.7773233066898149,0.3292905518158178,0.5162436785587846,0.0873742162494588,0.4698520954363001,0.4236210968870624,0.6641299368176385,0.1124039579123604,59.48,9.71,11.54,38.23,21.25,10.34,3.264804403493247,9.62427904415054,3.005028296484692,63.53685258537678,18.29472387124486,1,1,1,1,1,97.92,1,INCLUDED,,0,EXISTING_REVIEWER_FORMULA,1,MASS_BALANCE_NI_MINUS_FN_MINUS_UN,DIRECT_INITIAL_BW_EXISTING,1,INCLUDED_IN_906_MAIN,,,AIA_906_V1_20260806,7.584576682099447,15.97348074891508,7.807050003444022,14.379826329423896,7.730096550935698,15.124264335847547,6.775314490000407,12.587223688761393,23.558057431014525,35.92194256898547,22.18687633286792,37.29312366713208,19.3625381787618,40.117461821238194,22.854360886783244,36.62563911321675
V44_c953db3b6a8f,765,Zhao2019_RBZ,P75_105,LCP_LNE,growing-finishing,77.75,3.22367,59.16,9.94,11.41,37.81,10.2,3.409226315787099,12.19516647058532,3.745002565529304,60.5025801959189,18.23362170153485,,,,,confirmation,Historical Study_ID,1,21.35,18.35175436691721,0.0414619935691318,0.7609003215434084,0.5594061436045585,0.8363969466593464,0.7605976509950508,0.3228173212263817,0.5088164448397661,0.0848651483787524,0.4660524822273596,0.4244258719495864,0.6689692561817772,0.1115769267335071,59.16,9.94,11.41,37.81,21.35,10.2,3.409226315787099,12.19516647058532,3.745002565529304,60.5025801959189,18.23362170153485,1,1,1,1,1,97.97,1,INCLUDED,,0,EXISTING_REVIEWER_FORMULA,1,MASS_BALANCE_NI_MINUS_FN_MINUS_UN,DIRECT_INITIAL_BW_EXISTING,1,INCLUDED_IN_906_MAIN,,,AIA_906_V1_20260806,8.112207238468745,15.883112058943642,9.540466886929712,14.763434446815538,9.04643231971451,15.286465387034038,7.680658499399821,13.510411898295084,23.995319297412387,35.16468070258761,24.30390133374525,34.856098666254745,21.191070397694904,37.968929602305096,24.332897706748547,34.82710229325145
V44_0c0188d94321,820,Wellington2020_JAS,NBalance_d43,CONT,finishing,119.7,2.58786,67.84,14.1,25.53,28.21,16.3842,5.66919454440446,13.43649206983873,4.692291972100048,48.45599537962593,18.89529077257986,,,,,confirmation,Historical Study_ID,1,39.63,26.214710223891554,0.0216195488721804,0.566750208855472,0.8671049415008812,1.2193807665602,0.5256421875694166,0.196807943489271,0.4119552179128348,0.1535914523079657,0.2005141338795213,0.3744142843619842,0.7837179504516687,0.2921977267809812,67.84,14.1,25.53,28.21,39.63,16.3842,5.66919454440446,13.43649206983873,4.692291972100048,48.45599537962593,18.89529077257986,1,1,1,1,1,97.5,1,INCLUDED,,0,EXISTING_REVIEWER_FORMULA,1,MASS_BALANCE_NI_MINUS_FN_MINUS_UN,DIRECT_INITIAL_BW_EXISTING,1,INCLUDED_IN_906_MAIN,,,AIA_906_V1_20260806,10.18127977254503,28.70657565770604,10.208504232323852,28.623743811297032,10.1990873001722,28.66243675115585,9.452621459960938,31.76635996500651,38.88785543025107,28.95214456974893,38.832248043620886,29.00775195637912,41.21898142496745,26.62101857503255,38.86152405132805,28.97847594867195
V44_e2016dbf1743,821,Wellington2020_JAS,NBalance_d43,DON1,finishing,119.8,2.58153,68.45,8.82,15.19,44.440000000000005,16.5721,5.666710051273053,13.42298547541126,4.688157001931207,48.38884230843123,18.87449940198096,,,,,confirmation,Historical Study_ID,1,24.01,26.515283572145204,0.0215486644407345,0.5713689482470785,0.8780153394828945,1.2346061187622834,0.525270863201895,0.1966059393230002,0.4116080104567266,0.1534539736338568,0.1981005964851674,0.3742943938000841,0.7836109696770284,0.2921425580289129,68.45,8.82,15.19,44.440000000000005,24.01,16.5721,5.666710051273053,13.42298547541126,4.688157001931207,48.38884230843123,18.87449940198096,1,1,1,1,1,97.4,1,INCLUDED,,0,EXISTING_REVIEWER_FORMULA,1,MASS_BALANCE_NI_MINUS_FN_MINUS_UN,DIRECT_INITIAL_BW_EXISTING,1,INCLUDED_IN_906_MAIN,,,AIA_906_V1_20260806,10.25504866125408,29.00797075125352,10.218815014204482,28.6175354779637,10.231348221424938,28.79991809048652,9.445985158284506,32.14455922444662,39.2630194125076,29.1869805874924,38.83635049216818,29.613649507831823,41.590544382731125,26.85945561726888,39.03126631191146,29.418733688088544
V44_eef06f168757,822,Wellington2020_JAS,NBalance_d43,DON3,finishing,114.9,2.50149,63.48,9.28,28.38,25.82,15.8605,5.669194544404461,13.43649206983874,4.692291972100049,48.45599537962595,18.89529077257986,,,,,confirmation,Historical Study_ID,1,37.66,25.376875382272164,0.0217710182767624,0.5524804177545691,0.839389040946444,1.180404819767095,0.5256421875694167,0.196807943489271,0.411955217912835,0.1535914523079657,0.2071349372534822,0.3744142843619841,0.7837179504516689,0.2921977267809812,63.48,9.28,28.38,25.82,37.66,15.8605,5.669194544404461,13.43649206983874,4.692291972100049,48.45599537962595,18.89529077257986,1,1,1,1,1,97.5,1,INCLUDED,,0,EXISTING_REVIEWER_FORMULA,1,MASS_BALANCE_NI_MINUS_FN_MINUS_UN,DIRECT_INITIAL_BW_EXISTING,1,INCLUDED_IN_906_MAIN,,,AIA_906_V1_20260806,9.633909881849648,26.70388374547481,9.57381705962662,27.01174881129704,9.594603148102678,26.867936920183684,9.069192250569662,29.46495119730632,36.33779362732446,27.14220637267554,36.58556587092366,26.894434129076338,38.53414344787598,24.94585655212402,36.46254006828636,27.01745993171364
V44_89c7f53d7ee9,823,Wellington2020_JAS,NBalance_d43,DON5,finishing,110.4,2.38796,63.32,9.26,22.69,31.37,16.5727,5.66919454440446,13.43649206983873,4.692291972100048,48.45599537962593,18.89529077257986,,,,,confirmation,Historical Study_ID,1,31.950000000000003,26.516357057907168,0.0216300724637681,0.5735507246376811,0.877080972156813,1.23340972583173,0.5256421875694166,0.1968079434892709,0.4119552179128348,0.1535914523079657,0.1982334605893339,0.374414284361984,0.7837179504516687,0.2921977267809812,63.32,9.26,22.69,31.37,31.950000000000003,16.5727,5.66919454440446,13.43649206983873,4.692291972100048,48.45599537962593,18.89529077257986,1,1,1,1,1,97.5,1,INCLUDED,,0,EXISTING_REVIEWER_FORMULA,1,MASS_BALANCE_NI_MINUS_FN_MINUS_UN,DIRECT_INITIAL_BW_EXISTING,1,INCLUDED_IN_906_MAIN,,,AIA_906_V1_20260806,9.585149670091509,26.626117967099184,9.6340543219973,27.071199157963704,9.617138218146629,26.863289996246174,8.74596118927002,29.761778513590496,36.21126763719069,27.108732362809302,36.705253479961,26.614746520039,38.50773970286052,24.81226029713948,36.4804282143928,26.8395717856072
V44_4bd44cad9bfc,836,Hlongwana2021_TAHP,ANC_NBalance,ANC_0,growing,30.7,0.9616,32.3,7.4,5.8,19.1,19.49,4.44,30.59,8.58,40.6483111454185,17.65,,,,,confirmation,Historical Study_ID,1,13.2,33.589850249584025,0.0313224755700325,1.0521172638436482,1.1042492917847029,0.6371363190585158,1.943453314218799,0.1111375543130212,0.177427997456678,0.0476858321239541,0.6232213039439454,0.0571856053859954,0.0912952197814939,0.0245366491569786,32.3,7.4,5.8,19.1,13.2,19.49,4.44,30.59,8.58,40.6483111454185,17.65,1,1,1,1,1,100.0,1,INCLUDED,,0,EXISTING_REVIEWER_FORMULA,1,MASS_BALANCE_NI_MINUS_FN_MINUS_UN,DIRECT_INITIAL_BW_EXISTING,1,INCLUDED_IN_906_MAIN,,,AIA_906_V1_20260806,7.628439892706197,8.082172580647228,6.052843606349164,6.566165856966587,6.597841870687898,7.274332576989863,6.047799269358317,8.654318491617838,15.710612473353423,16.589387526646572,12.619009463315752,19.680990536684245,14.702117760976154,17.597882239023843,13.87217444767776,18.42782555232224
V44_e221f203252e,837,Hlongwana2021_TAHP,ANC_NBalance,ANC_100,growing,30.7,1.2712,35.5,5.6,4.5,25.4,16.26,7.24,32.75,9.95,45.45316283853713,17.77,,,,,confirmation,Historical Study_ID,1,10.1,27.92636878539962,0.0414071661237785,1.1563517915309447,0.915025323579066,0.4964885496183207,1.779348345117333,0.1397720991828491,0.2377145265414171,0.0639479871299482,0.6839438595930707,0.0785524091257309,0.133596396227711,0.0359389926685386,35.5,5.6,4.5,25.4,10.1,16.26,7.24,32.75,9.95,45.45316283853713,17.77,1,1,1,1,1,100.0,1,INCLUDED,,0,EXISTING_REVIEWER_FORMULA,1,MASS_BALANCE_NI_MINUS_FN_MINUS_UN,DIRECT_INITIAL_BW_EXISTING,1,INCLUDED_IN_906_MAIN,,,AIA_906_V1_20260806,9.320279561803767,7.89138532859578,7.792743571683249,9.030614637322875,8.32111779453413,8.498450584015153,7.906638781229655,9.013843218485514,17.211664890399547,18.288335109600453,16.823358209006123,18.67664179099388,16.920481999715168,18.579518000284832,16.819568378549285,18.680431621450715
V44_42e91d65a2b6,838,Hlongwana2021_TAHP,ANC_NBalance,ANC_150,growing,30.7,1.0851,29.7,5.1,3.8,20.8,15.7,7.81,34.13,11.12,47.90212375542189,18.09,,,,,confirmation,Historical Study_ID,1,8.899999999999999,27.37074923970141,0.0353452768729641,0.96742671009772,0.8678828081813156,0.4600058599472604,1.695706501151236,0.1543666976715855,0.2684416671427819,0.0722365638806183,0.6750423969551099,0.0910338537752754,0.1583066804075667,0.0425996856363857,29.7,5.1,3.8,20.8,8.899999999999999,15.7,7.81,34.13,11.12,47.90212375542189,18.09,1,1,1,1,1,100.0,1,INCLUDED,,0,EXISTING_REVIEWER_FORMULA,1,MASS_BALANCE_NI_MINUS_FN_MINUS_UN,DIRECT_INITIAL_BW_EXISTING,1,INCLUDED_IN_906_MAIN,,,AIA_906_V1_20260806,8.59350366091115,6.046500748990988,5.373090686825262,7.863398515730362,6.487030530761295,7.014677654542095,6.73071304957072,8.181904157002768,14.640004409902138,15.05999559009786,13.236489202555624,16.463510797444375,14.912617206573486,14.787382793426511,13.50170818530339,16.19829181469661
V44_90bfb789915b,839,Hlongwana2021_TAHP,ANC_NBalance,ANC_200,growing,30.7,1.0575,25.6,4.5,2.3,18.8,14.03,9.68,35.3,12.11,50.38291449134543,18.5,,,,,confirmation,Historical Study_ID,1,6.8,24.2080378250591,0.0344462540716612,0.8338762214983714,0.7583783783783783,0.3974504249291785,1.610977541119235,0.1691509861735994,0.299568176847254,0.0806328695444957,0.71764858389132,0.1049989722737418,0.1859542850231962,0.0500521375912389,25.6,4.5,2.3,18.8,6.8,14.03,9.68,35.3,12.11,50.38291449134543,18.5,1,1,1,1,1,100.0,1,INCLUDED,,0,EXISTING_REVIEWER_FORMULA,1,MASS_BALANCE_NI_MINUS_FN_MINUS_UN,DIRECT_INITIAL_BW_EXISTING,1,INCLUDED_IN_906_MAIN,,,AIA_906_V1_20260806,8.578549427816421,4.429318937236501,4.559628266751031,6.279844313970073,5.949771843668879,5.415415109342539,6.471113681793213,7.415455341339111,13.00786836505292,12.59213163494708,10.839472580721104,14.760527419278898,13.886569023132324,11.713430976867675,11.365186953011415,14.234813046988585
V44_c8a3758ff274,840,Hlongwana2021_TAHP,ANC_NBalance,ANC_50,growing,30.7,1.1446,34.8,6.1,5.0,23.7,17.68,5.6,31.23,9.34,43.03542305617412,17.67,,,,,confirmation,Historical Study_ID,1,11.1,30.40363445745238,0.0372833876221498,1.1335504885993484,1.0005659309564232,0.5661223182837015,1.86192386203668,0.125363563248058,0.2073791178715703,0.0557650791827049,0.6582027227222427,0.0673301233225122,0.1113789463145539,0.0299502467956481,34.8,6.1,5.0,23.7,11.1,17.68,5.6,31.23,9.34,43.03542305617412,17.67,1,1,1,1,1,100.0,1,INCLUDED,,0,EXISTING_REVIEWER_FORMULA,1,MASS_BALANCE_NI_MINUS_FN_MINUS_UN,DIRECT_INITIAL_BW_EXISTING,1,INCLUDED_IN_906_MAIN,,,AIA_906_V1_20260806,8.66080875535919,8.439958805452317,6.117020442572675,9.04292807386718,6.996916027068648,8.761265227378289,7.158189614613851,9.000389099121094,17.100767560811505,17.699232439188492,15.159948516439854,19.640051483560143,16.158578713734943,18.641421286265054,15.758181254446937,19.04181874555306
V44_c65357cfb151,884,Wellington2021_DON,Finisher,Finisher_CONT,finisher,85.2,3.043,77.9,6.9,35.7,35.3,16.0,5.670361988009895,13.44154499521304,4.693881972423272,48.47975232907948,18.99370533438651,,,,,confirmation,Historical Study_ID,1,42.6,25.59973710154453,0.0357159624413145,0.9143192488262912,0.8423843435663573,1.1903393550144798,0.7844449347971044,0.2730912667253238,0.5198618153373845,0.1536441364491622,0.3064238026551189,0.3481331252345436,0.6627129480692562,0.1958635076009535,77.9,6.9,35.7,35.3,42.6,16.0,5.670361988009895,13.44154499521304,4.693881972423272,48.47975232907948,18.99370533438651,1,1,1,1,1,98.0,1,INCLUDED,,0,EXISTING_REVIEWER_FORMULA,1,MASS_BALANCE_NI_MINUS_FN_MINUS_UN,DIRECT_INITIAL_BW_EXISTING,1,INCLUDED_IN_906_MAIN,,,AIA_906_V1_20260806,11.888661724126626,28.21143768328239,13.596304342435223,28.772960000000023,13.005631293033186,28.510658117667763,12.948915481567385,31.235530853271484,40.10009940740902,37.79990059259099,42.36926434243525,35.53073565756476,44.18444633483887,33.71555366516114,41.51628941070095,36.383710589299056
V44_f3d9be2fb4ca,885,Wellington2021_DON,Finisher,Finisher_DON1,finisher,83.7,3.332,83.7,9.9,32.5,41.3,15.7,5.670361988009895,13.44154499521304,4.693881972423272,48.47975232907948,18.99370533438651,,,,,confirmation,Historical Study_ID,1,42.4,25.120048019207687,0.0398088410991636,1.0,0.8265896371244881,1.1680204921079584,0.7844449347971044,0.2730912667253238,0.5198618153373845,0.1536441364491622,0.3122790345529874,0.3481331252345436,0.6627129480692562,0.1958635076009535,83.7,9.9,32.5,41.3,42.4,15.7,5.670361988009895,13.44154499521304,4.693881972423272,48.47975232907948,18.99370533438651,1,1,1,1,1,98.0,1,INCLUDED,,0,EXISTING_REVIEWER_FORMULA,1,MASS_BALANCE_NI_MINUS_FN_MINUS_UN,DIRECT_INITIAL_BW_EXISTING,1,INCLUDED_IN_906_MAIN,,,AIA_906_V1_20260806,12.69454441276501,29.35791675087125,14.033296711125084,33.51265000000003,13.570222708410409,31.571864532727275,13.988145510355633,34.55907440185547,42.05246116363626,41.64753883636374,47.54594671112511,36.15405328887489,48.5472199122111,35.152780087788905,45.14208724113769,38.55791275886232
V44_daa620d896f3,886,Wellington2021_DON,Finisher,Finisher_DON3,finisher,81.9,2.848,75.2,9.4,31.5,34.3,16.5,5.670361988009895,13.44154499521304,4.693881972423272,48.47975232907948,18.99370533438651,,,,,confirmation,Historical Study_ID,1,40.9,26.40449438202248,0.0347741147741147,0.9181929181929182,0.868708854302806,1.2275374598586823,0.7844449347971044,0.2730912667253238,0.5198618153373845,0.1536441364491622,0.297138232877691,0.3481331252345436,0.6627129480692562,0.1958635076009535,75.2,9.4,31.5,34.3,40.9,16.5,5.670361988009895,13.44154499521304,4.693881972423272,48.47975232907948,18.99370533438651,1,1,1,1,1,98.0,1,INCLUDED,,0,EXISTING_REVIEWER_FORMULA,1,MASS_BALANCE_NI_MINUS_FN_MINUS_UN,DIRECT_INITIAL_BW_EXISTING,1,INCLUDED_IN_906_MAIN,,,AIA_906_V1_20260806,11.54292729375404,27.51069682714344,13.04497840185706,28.55969833333336,12.525419391752411,28.06968206603448,12.403694152832031,29.69408098856608,39.05362412089748,36.14637587910252,41.60467673519042,33.595323264809586,42.09777514139812,33.102224858601886,40.595101457786896,34.60489854221311
V44_8ca2fc550e18,887,Wellington2021_DON,Finisher,Finisher_DON5,finisher,81.6,3.045,80.4,9.8,34.5,36.10000000000001,16.5,5.670361988009896,13.44154499521304,4.693881972423272,48.47975232907948,18.99370533438651,,,,,confirmation,Historical Study_ID,1,44.3,26.40394088669951,0.0373161764705882,0.985294117647059,0.868708854302806,1.2275374598586823,0.7844449347971046,0.2730912667253239,0.5198618153373846,0.1536441364491622,0.2971382328776911,0.3481331252345437,0.6627129480692562,0.1958635076009535,80.4,9.8,34.5,36.10000000000001,44.3,16.5,5.670361988009896,13.44154499521304,4.693881972423272,48.47975232907948,18.99370533438651,1,1,1,1,1,98.0,1,INCLUDED,,0,EXISTING_REVIEWER_FORMULA,1,MASS_BALANCE_NI_MINUS_FN_MINUS_UN,DIRECT_INITIAL_BW_EXISTING,1,INCLUDED_IN_906_MAIN,,,AIA_906_V1_20260806,12.299371009879916,29.015402768128027,13.926442173147455,29.83516833333336,13.36363876493006,29.45223421936713,13.240601221720375,32.400756200154625,41.31477377800795,39.08522622199206,43.761610506480814,36.63838949351919,45.641357421875,34.758642578125006,42.8158729842972,37.58412701570281
V44_013d05888b01,888,Wellington2021_DON,Grower,Grower_CONT,grower,36.0,2.267,68.2,10.3,21.6,36.3,18.8,5.843782936625415,12.87219668344577,4.607915220632392,45.89615894533557,18.96044728786183,,,,,confirmation,Historical Study_ID,1,31.9,30.083811204234674,0.0629722222222222,1.8944444444444448,0.9915377899357604,1.4605121769291838,1.010831091508614,0.3002722502120505,0.6124065413197773,0.1712557251417109,0.3360475703153637,0.2970548222491944,0.6058445831991492,0.1694207138861552,68.2,10.3,21.6,36.3,31.9,18.8,5.843782936625415,12.87219668344577,4.607915220632392,45.89615894533557,18.96044728786183,1,1,1,1,1,97.5,1,INCLUDED,,0,EXISTING_REVIEWER_FORMULA,1,MASS_BALANCE_NI_MINUS_FN_MINUS_UN,DIRECT_INITIAL_BW_EXISTING,1,INCLUDED_IN_906_MAIN,,,AIA_906_V1_20260806,11.17107601819643,20.824882332544192,10.922546316140904,22.47016361846772,11.008512662615392,21.701609341254905,12.087415059407553,23.26049296061198,31.995958350740626,36.20404164925938,33.392709934608625,34.80729006539138,35.34790802001953,32.85209197998047,32.710122003870296,35.48987799612971
V44_a599b842682a,889,Wellington2021_DON,Grower,Grower_DON1,grower,35.6,2.297,66.9,13.4,21.6,31.90000000000001,18.2,5.843782936625415,12.87219668344577,4.607915220632392,45.89615894533557,18.96044728786183,,,,,confirmation,Historical Study_ID,1,35.0,29.12494558119286,0.0645224719101123,1.879213483146068,0.9598929668527042,1.4139000861761246,1.010831091508614,0.3002722502120505,0.6124065413197773,0.1712557251417109,0.3471260616444416,0.2970548222491944,0.6058445831991492,0.1694207138861552,66.9,13.4,21.6,31.90000000000001,35.0,18.2,5.843782936625415,12.87219668344577,4.607915220632392,45.89615894533557,18.96044728786183,1,1,1,1,1,97.5,1,INCLUDED,,0,EXISTING_REVIEWER_FORMULA,1,MASS_BALANCE_NI_MINUS_FN_MINUS_UN,DIRECT_INITIAL_BW_EXISTING,1,INCLUDED_IN_906_MAIN,,,AIA_906_V1_20260806,10.99515148684627,19.766109145368425,10.541888945241524,18.6925618761012,10.698672317101016,19.194044116642413,12.050325075785318,22.64966074625651,30.761260632214693,36.13873936778531,29.234450821342723,37.66554917865729,34.69998582204183,32.200014177958174,29.89271643374343,37.007283566256575
V44_f6fc56afd446,890,Wellington2021_DON,Grower,Grower_DON3,grower,35.7,2.262,62.6,10.2,21.5,30.90000000000001,17.3,5.843782936625415,12.87219668344577,4.607915220632392,45.89615894533557,18.96044728786183,,,,,confirmation,Historical Study_ID,1,31.7,27.674624226348364,0.0633613445378151,1.753501400560224,0.91242573222812,1.3439819500465362,1.010831091508614,0.3002722502120504,0.6124065413197773,0.1712557251417109,0.3651846428860599,0.2970548222491943,0.6058445831991492,0.1694207138861552,62.6,10.2,21.5,30.90000000000001,31.7,17.3,5.843782936625415,12.87219668344577,4.607915220632392,45.89615894533557,18.96044728786183,1,1,1,1,1,97.5,1,INCLUDED,,0,EXISTING_REVIEWER_FORMULA,1,MASS_BALANCE_NI_MINUS_FN_MINUS_UN,DIRECT_INITIAL_BW_EXISTING,1,INCLUDED_IN_906_MAIN,,,AIA_906_V1_20260806,10.32715560108527,17.69798847946042,10.336733145471811,15.98841683941575,10.333420275853822,16.787002836472503,11.528606096903482,19.79063034057617,28.02514408054569,34.57485591945431,26.32514998488756,36.27485001511244,31.319236437479653,31.28076356252035,27.120423112326325,35.47957688767367
V44_0c62434e68fa,891,Wellington2021_DON,Grower,Grower_DON5,grower,36.4,2.289,58.6,10.1,20.6,27.9,16.0,5.843782936625417,12.87219668344577,4.607915220632393,45.89615894533557,18.96044728786184,,,,,confirmation,Historical Study_ID,1,30.700000000000003,25.600698995194406,0.0628846153846153,1.60989010989011,0.8438619488814977,1.2429890867482414,1.010831091508614,0.3002722502120505,0.6124065413197775,0.171255725141711,0.3948558951205523,0.2970548222491944,0.6058445831991494,0.1694207138861553,58.6,10.1,20.6,27.9,30.700000000000003,16.0,5.843782936625417,12.87219668344577,4.607915220632393,45.89615894533557,18.96044728786184,1,1,1,1,1,97.5,1,INCLUDED,,0,EXISTING_REVIEWER_FORMULA,1,MASS_BALANCE_NI_MINUS_FN_MINUS_UN,DIRECT_INITIAL_BW_EXISTING,1,INCLUDED_IN_906_MAIN,,,AIA_906_V1_20260806,9.700381703967832,15.443908306103536,10.396426570956017,15.575958356024945,10.15566486842146,15.514274295346956,10.960317611694336,16.69179852803548,25.14429001007137,33.45570998992864,25.97238492698096,32.627615073019044,27.652116139729817,30.947883860270185,25.66993916376842,32.93006083623158
V44_6a9bcdd7f977,917,Berghaus2023_JAS,NMetabolism_Period,P1,growing,40.0,1.69,59.0,10.1,21.0,27.9,21.5,2.092171528575092,12.43941099753653,4.718725685813335,43.31600361159725,14.9,,,,,confirmation,Historical Study_ID,1,31.1,34.9112426035503,0.0422499999999999,1.475,1.4429530201342282,1.728377654236025,0.8612334050450895,0.2660864331018493,0.6077883425666865,0.2237364425767186,0.2503585479782237,0.3089597216539905,0.7057184951329959,0.2597860710767541,59.0,10.1,21.0,27.9,31.1,21.5,2.092171528575092,12.43941099753653,4.718725685813335,43.31600361159725,14.9,1,1,1,1,1,97.3,1,INCLUDED,,0,EXISTING_REVIEWER_FORMULA,1,MASS_BALANCE_NI_MINUS_FN_MINUS_UN,REPORTED_MEAN_BW_USED,1,INCLUDED_IN_906_MAIN,,,AIA_906_V1_20260806,8.940541797370445,20.24391122681281,9.023223739087893,15.697953387240466,8.994624081219724,17.82149017789405,8.844024340311686,18.67414665222168,29.184453024183256,29.815546975816744,24.72117712632836,34.27882287367164,27.518170992533364,31.48182900746664,26.81611425911377,32.183885740886225
V44_7837983b0c3d,918,Berghaus2023_JAS,NMetabolism_Period,P2,growing,59.4,2.21,62.0,11.6,23.7,26.7,17.7,2.380078902061534,13.48124013166698,4.802302834051436,48.55098527220989,14.8,,,,,confirmation,Historical Study_ID,1,35.3,28.054298642533936,0.0372053872053872,1.043771043771044,1.1959459459459458,1.3129355925070494,0.6303071114441443,0.2212998768967271,0.4760912034683009,0.1768527711617203,0.2225660704251922,0.3510984929071959,0.7553321148122418,0.2805819067414923,62.0,11.6,23.7,26.7,35.3,17.7,2.380078902061534,13.48124013166698,4.802302834051436,48.55098527220989,14.8,1,1,1,1,1,97.7,1,INCLUDED,,0,EXISTING_REVIEWER_FORMULA,1,MASS_BALANCE_NI_MINUS_FN_MINUS_UN,REPORTED_MEAN_BW_USED,1,INCLUDED_IN_906_MAIN,,,AIA_906_V1_20260806,9.735109063134338,21.42582351840033,9.911138937984964,20.18404447947712,9.850250259142513,20.764112216151062,10.29135036468506,20.60298220316569,31.160932581534663,30.839067418465334,30.09518341746208,31.90481658253792,30.89433256785075,31.10566743214925,30.61436247529357,31.385637524706425
V44_650b45ee0b50,919,Camire2023_JAS,N_balance,HR_0.82,growing,19.3,0.8027,24.4,4.2,4.9,15.3,17.74,5.701089065466438,7.965294127192156,2.484291671947767,56.88523607477849,18.58859129663234,,,,,confirmation,Historical Study_ID,1,9.1,30.39740874548399,0.0415906735751295,1.2642487046632125,0.9543488108867034,2.227161949919547,0.9324835730148732,0.2306424380497026,0.4756074305617398,0.1330249970320824,0.3285243704251949,0.2473420923695176,0.5100437630488466,0.1426566653630054,24.4,4.2,4.9,15.3,9.1,17.74,5.701089065466438,7.965294127192156,2.484291671947767,56.88523607477849,18.58859129663234,1,1,1,1,1,98.797,1,INCLUDED,,0,EXISTING_REVIEWER_FORMULA,1,MASS_BALANCE_NI_MINUS_FN_MINUS_UN,DIRECT_INITIAL_BW_EXISTING,1,INCLUDED_IN_906_MAIN,,,AIA_906_V1_20260806,2.951283491827133,5.054071837085037,3.7826279290850433,3.829107304795073,3.495066147366961,4.401320541996633,4.018539587656657,4.929302056630452,8.00535532891217,16.39464467108783,7.611735233880116,16.78826476611988,8.94784164428711,15.45215835571289,7.8963866893635934,16.503613310636403
V44_e97a9fdda11c,920,Camire2023_JAS,N_balance,HR_0.92,growing,19.3,0.7928,24.3,3.8,4.1,16.4,17.43,5.695973709842614,7.952596483383413,2.480616654001257,56.78856199183877,18.58812543940981,,,,,confirmation,Historical Study_ID,1,7.899999999999999,30.65085771947528,0.0410777202072538,1.2590673575129534,0.9376954151087016,2.1917370051931075,1.069894683817286,0.2304128403283008,0.4752446672862776,0.1329446130378084,0.383639803434196,0.2153603002364765,0.4441976154051427,0.1242595323153436,24.3,3.8,4.1,16.4,7.899999999999999,17.43,5.695973709842614,7.952596483383413,2.480616654001257,56.78856199183877,18.58812543940981,1,1,1,1,1,98.8,1,INCLUDED,,0,EXISTING_REVIEWER_FORMULA,1,MASS_BALANCE_NI_MINUS_FN_MINUS_UN,DIRECT_INITIAL_BW_EXISTING,1,INCLUDED_IN_906_MAIN,,,AIA_906_V1_20260806,2.8477601264604773,5.041771824359721,3.774351390838496,3.849811492731348,3.453843761307932,4.406607597433149,3.995029211044312,4.947619756062825,7.889531950820197,16.410468049179805,7.624162883569844,16.675837116430156,8.942648967107136,15.357351032892865,7.860451358741081,16.43954864125892
V44_e91fea8c6664,921,Camire2023_JAS,N_balance,HR_1.02,growing,19.3,0.8081,24.7,4.3,3.6,16.799999999999997,18.1,5.690858851676509,7.939901108975798,2.476942262951923,56.69190581571495,18.58745893059043,,,,,confirmation,Historical Study_ID,1,7.9,30.565524068803363,0.0418704663212435,1.2797927461139895,0.9737748482775024,2.2796253695828206,1.20619043339885,0.2301832691567773,0.4748819273637412,0.1328642295964654,0.4165022214775034,0.1908349318508173,0.3937039411145059,0.110151951066363,24.7,4.3,3.6,16.799999999999997,7.9,18.1,5.690858851676509,7.939901108975798,2.476942262951923,56.69190581571495,18.58745893059043,1,1,1,1,1,98.802,1,INCLUDED,,0,EXISTING_REVIEWER_FORMULA,1,MASS_BALANCE_NI_MINUS_FN_MINUS_UN,DIRECT_INITIAL_BW_EXISTING,1,INCLUDED_IN_906_MAIN,,,AIA_906_V1_20260806,3.0033501023237275,5.170491302810323,3.79829986861836,4.508065338426468,3.5233269922422843,4.817501975565547,4.041374206542969,5.013399124145508,8.17384140513405,16.526158594865947,8.306365207044829,16.39363479295517,9.054773330688477,15.645226669311525,8.34082896780783,16.35917103219217
V44_d1ed6b7e1763,922,Camire2023_JAS,N_balance,HR_1.12,growing,19.3,0.8061,25.3,4.3,3.0,18.0,18.12,5.685746394795185,7.927210660453738,2.473269327506853,56.59528651432539,18.58699336578216,,,,,confirmation,Historical Study_ID,1,7.3,31.385684158293014,0.0417668393782383,1.310880829015544,0.9748752605334292,2.2857977132353446,1.343523832880694,0.2299538015419924,0.4745193696587302,0.1327838911547943,0.4634119180741908,0.171157217992137,0.3531901392782125,0.0988325535469571,25.3,4.3,3.0,18.0,7.3,18.12,5.685746394795185,7.927210660453738,2.473269327506853,56.59528651432539,18.58699336578216,1,1,1,1,1,98.805,1,INCLUDED,,0,EXISTING_REVIEWER_FORMULA,1,MASS_BALANCE_NI_MINUS_FN_MINUS_UN,DIRECT_INITIAL_BW_EXISTING,1,INCLUDED_IN_906_MAIN,,,AIA_906_V1_20260806,2.9283637049810936,5.376000053426725,3.7928651682592207,4.506846635075474,3.4938343815757653,4.912851117678603,4.077408631642659,5.21303669611613,8.304363758407819,16.99563624159218,8.299711803334695,17.000288196665306,9.290445327758787,16.00955467224121,8.406685499254369,16.893314500745632
V44_02334aa866f1,923,Camire2023_JAS,N_balance,HR_1.22,growing,19.3,0.8024,25.0,4.5,2.5,18.0,18.38,5.680634436119048,7.914522482894898,2.46959701941955,56.49868513146652,18.58632720634562,,,,,confirmation,Historical Study_ID,1,7.0,31.15653040877368,0.0415751295336787,1.2953367875647668,0.988898979122934,2.322313195739023,1.479742163495558,0.229724360509438,0.4741568353630336,0.1327035532798596,0.5031767422114929,0.1552462085467416,0.3204320638150532,0.0896801865578914,25.0,4.5,2.5,18.0,7.0,18.38,5.680634436119048,7.914522482894898,2.46959701941955,56.49868513146652,18.58632720634562,1,1,1,1,1,98.807,1,INCLUDED,,0,EXISTING_REVIEWER_FORMULA,1,MASS_BALANCE_NI_MINUS_FN_MINUS_UN,DIRECT_INITIAL_BW_EXISTING,1,INCLUDED_IN_906_MAIN,,,AIA_906_V1_20260806,2.951150102042317,5.313244034473284,3.792935539537515,4.458170705375171,3.501762219091807,4.857598006974893,4.039914687474568,5.177995363871257,8.264394136515602,16.7356058634844,8.251106244912686,16.748893755087316,9.217910051345823,15.782089948654177,8.3593602260667,16.6406397739333
V44_ba538335b111,924,Camire2023_JAS,N_balance,LR_0.82,growing,19.3,0.8045,26.1,4.7,6.1,15.300000000000002,18.94,5.63199638193051,7.978547435439515,2.648823583701177,54.06162261605721,18.73381319597161,,,,,confirmation,Historical Study_ID,1,10.8,32.442510876320696,0.0416839378238341,1.3523316062176165,1.011006131099499,2.3738656883672022,0.8822751567500167,0.2541537227832703,0.5470193615233813,0.1600756515578249,0.291141485199979,0.2880662805008371,0.6200099337925407,0.1814350662977815,26.1,4.7,6.1,15.300000000000002,10.8,18.94,5.63199638193051,7.978547435439515,2.648823583701177,54.06162261605721,18.73381319597161,1,1,1,1,1,99.375,1,INCLUDED,,0,EXISTING_REVIEWER_FORMULA,1,MASS_BALANCE_NI_MINUS_FN_MINUS_UN,DIRECT_INITIAL_BW_EXISTING,1,INCLUDED_IN_906_MAIN,,,AIA_906_V1_20260806,3.006228015585164,5.853161108307541,3.756186285667997,6.26004846788716,3.496775953807768,6.069980651991951,4.080270131429036,5.612812836964925,8.859389123892704,17.240610876107297,10.016234753555157,16.083765246444845,9.69308296839396,16.406917031606042,9.56675660579972,16.533243394200284
V44_58e979d592c6,925,Camire2023_JAS,N_balance,LR_0.92,growing,19.3,0.8055,25.8,4.9,5.1,15.8,19.2,5.626890463410822,7.965847040238519,2.645125001979397,53.96534193161035,18.73332673162657,,,,,confirmation,Historical Study_ID,1,10.0,32.02979515828678,0.0417357512953367,1.3367875647668397,1.024911393211627,2.4102898163890805,1.019702835656086,0.2539207781806455,0.5466464556306202,0.1599914294903148,0.3319345168151321,0.2490144866737284,0.5360840791218384,0.1569000535213525,25.8,4.9,5.1,15.8,10.0,19.2,5.626890463410822,7.965847040238519,2.645125001979397,53.96534193161035,18.73332673162657,1,1,1,1,1,99.378,1,INCLUDED,,0,EXISTING_REVIEWER_FORMULA,1,MASS_BALANCE_NI_MINUS_FN_MINUS_UN,DIRECT_INITIAL_BW_EXISTING,1,INCLUDED_IN_906_MAIN,,,AIA_906_V1_20260806,3.071604155691466,5.779623096110481,3.7552488249734246,5.570245826071679,3.5187763469603186,5.668051470502344,4.051957289377849,5.531155109405518,8.851227251801948,16.948772748198053,9.325494651045105,16.474505348954896,9.583112398783369,16.216887601216634,9.186827817462662,16.61317218253734
V44_dd9c084d65de,926,Camire2023_JAS,N_balance,LR_1.02,growing,19.3,0.8069,26.4,4.8,4.2,17.4,19.01,5.621785051261897,7.953148913158616,2.641427026364058,53.86907951586918,18.73263958343787,,,,,confirmation,Historical Study_ID,1,9.0,32.71780889825257,0.0418082901554404,1.3678756476683938,1.0148062645056897,2.3902482158416074,1.156015080307516,0.2536878571468393,0.5462735640258011,0.1599072045402597,0.3800680826892148,0.219450300838078,0.4725488216645796,0.1383262271091845,26.4,4.8,4.2,17.4,9.0,19.01,5.621785051261897,7.953148913158616,2.641427026364058,53.86907951586918,18.73263958343787,1,1,1,1,1,99.38,1,INCLUDED,,0,EXISTING_REVIEWER_FORMULA,1,MASS_BALANCE_NI_MINUS_FN_MINUS_UN,DIRECT_INITIAL_BW_EXISTING,1,INCLUDED_IN_906_MAIN,,,AIA_906_V1_20260806,3.0078611962323696,5.965656341366175,3.766480419794766,6.514906902626233,3.5040742668255684,6.258337480892971,4.098961194356282,5.707545439402263,8.973517537598545,17.426482462401452,10.281387322421,16.118612677579,9.806506633758543,16.593493366241454,9.76241174771854,16.63758825228146
V44_2641a2e67a47,927,Camire2023_JAS,N_balance,LR_1.12,growing,19.3,0.8071,26.1,4.8,3.5,17.8,18.87,5.616682026334571,7.940455715298706,2.637730540644146,53.77285339373969,18.73215342321039,,,,,confirmation,Historical Study_ID,1,8.3,32.33800024780077,0.0418186528497409,1.3523316062176165,1.0073588216835128,2.376437911950517,1.293365033168354,0.2534550445569724,0.545900869467015,0.1598230302041139,0.4283800454320197,0.1959655921237363,0.4220779559268914,0.1235714791303702,26.1,4.8,3.5,17.8,8.3,18.87,5.616682026334571,7.940455715298706,2.637730540644146,53.77285339373969,18.73215342321039,1,1,1,1,1,99.383,1,INCLUDED,,0,EXISTING_REVIEWER_FORMULA,1,MASS_BALANCE_NI_MINUS_FN_MINUS_UN,DIRECT_INITIAL_BW_EXISTING,1,INCLUDED_IN_906_MAIN,,,AIA_906_V1_20260806,3.028571229613833,5.871506832436516,3.751338294581617,6.193933799142715,3.501333392095205,6.043319660107088,4.082682927449544,5.579480806986491,8.90007806205035,17.199921937949654,9.945272093724332,16.154727906275667,9.662163734436035,16.437836265563966,9.544653052202293,16.55534694779771
V44_0ed2b4914574,928,Camire2023_JAS,N_balance,LR_1.22,growing,19.3,0.8027,26.9,5.0,3.2,18.7,19.05,5.611579508521306,7.927764787122785,2.634034661501245,53.67664555185949,18.73146663612447,,,,,confirmation,Historical Study_ID,1,8.2,33.51189734645571,0.0415906735751295,1.393782383419689,1.017005254850745,2.402947175090672,1.429599844167875,0.2532222555697028,0.5455281892568911,0.1597388530008692,0.4690288202650508,0.1771280660128327,0.381595025686664,0.1117367588227796,26.9,5.0,3.2,18.7,8.2,19.05,5.611579508521306,7.927764787122785,2.634034661501245,53.67664555185949,18.73146663612447,1,1,1,1,1,99.385,1,INCLUDED,,0,EXISTING_REVIEWER_FORMULA,1,MASS_BALANCE_NI_MINUS_FN_MINUS_UN,DIRECT_INITIAL_BW_EXISTING,1,INCLUDED_IN_906_MAIN,,,AIA_906_V1_20260806,2.922086197189647,6.14852232087567,3.790282345723554,6.37068351826106,3.489973568561755,6.266906164235289,4.112064679463704,5.939134438832601,9.070608518065317,17.82939148193468,10.160965863984616,16.739034136015384,10.051199118296305,16.848800881703696,9.756879732797044,17.143120267202953
V44_60989981240b,934,Dublecz2023_Atmosphere,FatteningBalance_55to60kg,C,fattening,58.65,1.6777,50.64,6.79,19.22,24.630000000000003,18.6862967157,2.9445073612684,10.49654148195981,3.999479705841865,49.37563134209928,18.23829942486735,,,,,confirmation,Historical Study_ID,1,26.01,30.184180723609703,0.0286052855924978,0.8634271099744246,1.0245635451198822,1.7802336843822086,1.018573315143369,0.3694767624698807,0.5795505258339648,0.1891632989492273,0.3406819080581841,0.3627394876507983,0.5689826320969251,0.1857139747693092,50.64,6.79,19.22,24.630000000000003,26.01,18.6862967157,2.9445073612684,10.49654148195981,3.999479705841865,49.37563134209928,18.23829942486735,1,1,1,1,1,97.5,1,INCLUDED,,0,EXISTING_REVIEWER_FORMULA,1,MASS_BALANCE_NI_MINUS_FN_MINUS_UN,DIRECT_INITIAL_BW_EXISTING,1,INCLUDED_IN_906_MAIN,,,AIA_906_V1_20260806,7.22206087753338,18.6245165769979,6.326708366503813,18.80000978625788,6.636410520988243,18.71803228019097,6.199771086374919,17.275802612304688,25.84657745453128,24.79342254546872,25.126718152761693,25.513281847238307,23.475573698679607,27.164426301320397,25.35444280117921,25.285557198820783
V44_415cbf5b5a04,935,Dublecz2023_Atmosphere,FatteningBalance_55to60kg,C+B,fattening,55.97,1.6796,50.92,7.1,18.96,24.86,19.2307692308,3.61990950226244,10.40846615383067,3.979557474933007,48.61738417870035,18.07117293066652,,,,,confirmation,Historical Study_ID,1,26.06,30.316742081447966,0.0300089333571556,0.9097730927282474,1.064168291930053,1.84760837443108,1.020885530847856,0.3687040512999956,0.5798128346131873,0.1896317284570314,0.3317877975250223,0.3611610118460422,0.5679508790095661,0.1857521952530175,50.92,7.1,18.96,24.86,26.06,19.2307692308,3.61990950226244,10.40846615383067,3.979557474933007,48.61738417870035,18.07117293066652,1,1,1,1,1,97.2,1,INCLUDED,,0,EXISTING_REVIEWER_FORMULA,1,MASS_BALANCE_NI_MINUS_FN_MINUS_UN,DIRECT_INITIAL_BW_EXISTING,1,INCLUDED_IN_906_MAIN,,,AIA_906_V1_20260806,7.357745869229313,18.586188851343664,6.384427252450258,18.55846942201692,6.7210978586114605,18.57141789845875,6.506134192148845,17.664737065633137,25.943934720572976,24.976065279427026,24.94289667446718,25.977103325532823,24.170871257781982,26.74912874221802,25.292515757070213,25.62748424292979
V44_35cafd8ffd16,936,Dublecz2023_Atmosphere,FatteningBalance_55to60kg,C+S,fattening,54.9,1.6777,50.59,10.22,15.77,24.600000000000005,19.0260475651,3.39750849377123,13.96594818819606,6.101201201536786,41.63578416143861,18.35827319316894,,,,,confirmation,Historical Study_ID,1,25.99,30.154378017523992,0.0305591985428051,0.9214936247723132,1.036374574280741,1.3623169231846863,1.02794166422679,0.3550740567735071,0.6777146439530917,0.1886960889709382,0.337675777348645,0.3454223805984079,0.6592929030295348,0.1835669236277858,50.59,10.22,15.77,24.600000000000005,25.99,19.0260475651,3.39750849377123,13.96594818819606,6.101201201536786,41.63578416143861,18.35827319316894,1,1,1,1,1,97.8,1,INCLUDED,,0,EXISTING_REVIEWER_FORMULA,1,MASS_BALANCE_NI_MINUS_FN_MINUS_UN,DIRECT_INITIAL_BW_EXISTING,1,INCLUDED_IN_906_MAIN,,,AIA_906_V1_20260806,8.14833387383473,18.34832640128619,7.725754806321763,19.50427278418073,7.871924774056924,18.964299744674843,8.024495601654053,17.8058656056722,26.49666027512092,24.093339724879083,27.23002759050249,23.35997240949751,25.83036120732625,24.75963879267375,26.83622451873177,23.753775481268235
V44_1d55a30fbf02,937,Dublecz2023_Atmosphere,FatteningBalance_55to60kg,LP,fattening,60.88,1.6701,43.56,7.23,15.34,20.99,16.268486917,3.41296928327645,13.24761755271499,4.579835052286138,50.16586035278987,18.12605942916341,,,,,confirmation,Historical Study_ID,1,22.57,26.082270522723192,0.0274326544021024,0.7155059132720105,0.8975192308387382,1.2280311423744197,1.143934359510224,0.3322811824840596,0.575483311825401,0.2587568489963775,0.4394747823454822,0.2904722458256485,0.503073718383452,0.2261990356747081,43.56,7.23,15.34,20.99,22.57,16.268486917,3.41296928327645,13.24761755271499,4.579835052286138,50.16586035278987,18.12605942916341,1,1,1,1,1,97.4,1,INCLUDED,,0,EXISTING_REVIEWER_FORMULA,1,MASS_BALANCE_NI_MINUS_FN_MINUS_UN,DIRECT_INITIAL_BW_EXISTING,1,INCLUDED_IN_906_MAIN,,,AIA_906_V1_20260806,7.036924473926087,15.736095595177847,5.549609492808702,18.200165601394406,6.064071281182256,17.049133520234783,6.166845798492432,15.174418767293297,22.773020069103936,20.786979930896067,23.74977509420311,19.810224905796893,21.34126456578573,22.218735434214278,23.11320480141704,20.44679519858296
V44_298e8e6e09f3,938,Dublecz2023_Atmosphere,FatteningBalance_55to60kg,LP+B,fattening,59.69,1.6796,44.47,7.13,17.21,20.129999999999995,16.5158371041,3.16742081447964,13.21997508156753,4.575390807070382,49.65651106091571,18.02070269083217,,,,,confirmation,Historical Study_ID,1,24.34,26.476542033817577,0.0281387167029653,0.745015915563746,0.916492402513374,1.249309246212412,1.144882668244236,0.3317434387436808,0.5754249802803771,0.2589704116023089,0.4332518316464953,0.2897619537314111,0.5026060715573892,0.2261982112101143,44.47,7.13,17.21,20.129999999999995,24.34,16.5158371041,3.16742081447964,13.21997508156753,4.575390807070382,49.65651106091571,18.02070269083217,1,1,1,1,1,97.4,1,INCLUDED,,0,EXISTING_REVIEWER_FORMULA,1,MASS_BALANCE_NI_MINUS_FN_MINUS_UN,DIRECT_INITIAL_BW_EXISTING,1,INCLUDED_IN_906_MAIN,,,AIA_906_V1_20260806,7.149160613758784,15.95797028937745,5.604900208573972,16.2977459863987,6.139059401382605,16.139027797920633,6.304708639780681,15.324931780497232,23.107130903136238,21.362869096863765,21.90264619497267,22.567353805027327,21.629640420277912,22.840359579722087,22.27808719930324,22.191912800696763
V44_f413b361a2d9,939,Dublecz2023_Atmosphere,FatteningBalance_55to60kg,LP+S,fattening,56.98,1.6758,43.68,7.28,14.3,22.1,16.3265306122,2.94784580498866,13.16218641327865,5.583848756415229,47.49859980403983,18.13130609472006,,,,,confirmation,Historical Study_ID,1,21.58,26.06516290726817,0.0294103194103194,0.7665847665847666,0.900460812194571,1.2404117446421368,1.093182895412424,0.3316399781170336,0.5936809795318031,0.2600333737660003,0.4184840771512194,0.3033709908092882,0.54307562076136,0.2378681324572845,43.68,7.28,14.3,22.1,21.58,16.3265306122,2.94784580498866,13.16218641327865,5.583848756415229,47.49859980403983,18.13130609472006,1,1,1,1,1,97.5,1,INCLUDED,,0,EXISTING_REVIEWER_FORMULA,1,MASS_BALANCE_NI_MINUS_FN_MINUS_UN,DIRECT_INITIAL_BW_EXISTING,1,INCLUDED_IN_906_MAIN,,,AIA_906_V1_20260806,7.162919303170864,15.390646652559138,5.787484756079419,15.9136115625574,6.263247137196447,15.669320861720935,6.435476620992024,15.50902271270752,22.55356595573,21.12643404427,21.701096318636814,21.97890368136318,21.944499333699543,21.735500666300457,21.93256799891738,21.74743200108262
V44_44dca7027ccb,944,Niyonsaba2023_AB_LowCP,Digestibility_EarlyGrowing,CP14,growing,41.35,0.793341118661,19.94,2.47,9.53,7.940000000000003,15.7088794553,4.593026357143395,9.79339758040618,3.362009264423865,54.65764169100701,18.56833969599055,,,,,confirmation,Historical Study_ID,1,12.0,25.13420712852336,0.0191860004512938,0.4822249093107618,0.8460034506311843,1.6040275426710977,1.242906030492955,0.3000815088872424,0.7043907305492935,0.222942728679488,0.5012306169872791,0.2414353953759687,0.5667288702991663,0.1793721514015549,19.94,2.47,9.53,7.940000000000003,12.0,15.7088794553,4.593026357143395,9.79339758040618,3.362009264423865,54.65764169100701,18.56833969599055,1,1,1,1,1,97.39,1,INCLUDED,,0,EXISTING_REVIEWER_FORMULA,1,MASS_BALANCE_NI_MINUS_FN_MINUS_UN,DIRECT_INITIAL_BW_EXISTING,1,INCLUDED_IN_906_MAIN,,,AIA_906_V1_20260806,3.257085938253879,7.645626890762473,4.028270051316894,9.223769512980612,3.7615177069858974,8.486577476132773,3.3971713383992515,8.000311056772867,10.902712829016352,9.03728717098365,13.252039564297505,6.687960435702497,11.39748239517212,8.542517604827882,12.248095183118672,7.69190481688133
V44_17f89cd36cb4,945,Niyonsaba2023_AB_LowCP,Digestibility_EarlyGrowing,CP15,growing,41.35,0.80615717,21.7,2.77,10.25,8.68,16.8236424666,4.658071972439734,9.764928470358534,3.456057352470114,52.58364131814808,18.61197470980339,,,,,confirmation,Historical Study_ID,1,13.02,26.91782794662733,0.0194959412333736,0.524788391777509,0.903914964903674,1.722863871217102,1.190277629355865,0.3033883982367028,0.6943595441196657,0.2183714904760238,0.4495425927772266,0.2548887677582293,0.5833593163432197,0.1834626519816209,21.7,2.77,10.25,8.68,13.02,16.8236424666,4.658071972439734,9.764928470358534,3.456057352470114,52.58364131814808,18.61197470980339,1,1,1,1,1,97.43,1,INCLUDED,,0,EXISTING_REVIEWER_FORMULA,1,MASS_BALANCE_NI_MINUS_FN_MINUS_UN,DIRECT_INITIAL_BW_EXISTING,1,INCLUDED_IN_906_MAIN,,,AIA_906_V1_20260806,3.246607489552285,8.105434583883472,4.34354491544968,9.436650161524105,3.9641146017463327,8.814804259038352,3.523857355117798,8.289084434509277,11.352042073435758,10.34795792656424,13.780195076973785,7.919804923026215,11.812941789627075,9.887058210372924,12.778918860784684,8.921081139215314
V44_b99f5caa612e,946,Niyonsaba2023_AB_LowCP,Digestibility_EarlyGrowing,CP16,growing,41.35,0.796505711484,22.86,3.1,10.7,9.06,17.9377244808,4.712271780293369,9.737569588561293,3.550347694761366,50.51937089261143,18.65513740353008,,,,,confirmation,Historical Study_ID,1,13.8,28.700359169313007,0.0192625323212575,0.5528415961305925,0.961543412561822,1.8421151518004468,1.13773178034494,0.2957251644637086,0.6952489761763476,0.2245796882849506,0.4037960653472775,0.2599252034377118,0.6110833749985963,0.197392471727266,22.86,3.1,10.7,9.06,13.8,17.9377244808,4.712271780293369,9.737569588561293,3.550347694761366,50.51937089261143,18.65513740353008,1,1,1,1,1,97.48,1,INCLUDED,,0,EXISTING_REVIEWER_FORMULA,1,MASS_BALANCE_NI_MINUS_FN_MINUS_UN,DIRECT_INITIAL_BW_EXISTING,1,INCLUDED_IN_906_MAIN,,,AIA_906_V1_20260806,3.145848753567238,8.416637851754531,4.335156146792783,9.5981129247376,3.9237750901822768,9.046214760861162,3.579090515772501,8.517133712768555,11.56248660532177,11.29751339467823,13.933269071530384,8.926730928469617,12.096224228541056,10.763775771458944,12.969989851043438,9.89001014895656
V44_12e6caabbff0,947,Niyonsaba2023_AB_LowCP,Digestibility_EarlyGrowing,CP17,growing,41.35,0.768989789118,23.44,2.68,11.7,9.060000000000002,19.0509681758,4.777611996999809,9.71096391063034,3.645419144273093,48.45053791529289,18.70093104322765,,,,,confirmation,Historical Study_ID,1,14.38,30.481549081275485,0.0185970928444498,0.5668681983071342,1.0187176313181,1.9617999151397727,1.077048518669556,0.2991583573627677,0.6855712718572037,0.2201331864391622,0.3607897967658349,0.2777575496156,0.6365277515112023,0.2043855802439483,23.44,2.68,11.7,9.060000000000002,14.38,19.0509681758,4.777611996999809,9.71096391063034,3.645419144273093,48.45053791529289,18.70093104322765,1,1,1,1,1,97.53,1,INCLUDED,,0,EXISTING_REVIEWER_FORMULA,1,MASS_BALANCE_NI_MINUS_FN_MINUS_UN,DIRECT_INITIAL_BW_EXISTING,1,INCLUDED_IN_906_MAIN,,,AIA_906_V1_20260806,2.94610795880865,8.537087978459473,4.336132803157818,9.651331896020926,3.855323642767128,9.13083917782926,3.558091084162394,8.712041219075521,11.483195937268125,11.956804062731878,13.987464699178744,9.452535300821255,12.270132303237917,11.169867696762086,12.986162820596387,10.453837179403614
V44_dff7523e017c,948,Niyonsaba2023_AB_LowCP,Digestibility_EarlyGrowing,CP18,growing,41.35,0.771527170035,24.89,3.26,12.0,9.630000000000004,20.1629321742,4.842509073039438,9.68259357588818,3.739236169880769,46.38197532437957,18.74636267984636,,,,,confirmation,Historical Study_ID,1,15.26,32.26069147878599,0.0186584563490931,0.6019347037484885,1.0755650319235823,2.0823896011095835,1.024561293241508,0.2914836008711731,0.6864308977668769,0.2263275862629047,0.324779496395068,0.2844960109209055,0.6699754346517875,0.2209019487227057,24.89,3.26,12.0,9.630000000000004,15.26,20.1629321742,4.842509073039438,9.68259357588818,3.739236169880769,46.38197532437957,18.74636267984636,1,1,1,1,1,97.58,1,INCLUDED,,0,EXISTING_REVIEWER_FORMULA,1,MASS_BALANCE_NI_MINUS_FN_MINUS_UN,DIRECT_INITIAL_BW_EXISTING,1,INCLUDED_IN_906_MAIN,,,AIA_906_V1_20260806,2.885775991439471,8.905162430012266,4.357595558363275,10.032198581944987,3.848493628929371,9.505730273727918,3.5844513575236,9.102945327758787,11.790938421451738,13.099061578548262,14.38979414030826,10.50020585969174,12.687396685282389,12.202603314717612,13.354223902657289,11.535776097342712
V44_48f744073dc1,949,Niyonsaba2023_AB_LowCP,Digestibility_EarlyGrowing,CP19,growing,41.35,0.794978560461,27.06,3.59,12.8,10.669999999999998,21.2741586266,4.896549980892446,9.655276467208742,3.833278908810335,44.32276750378988,18.78750647042338,,,,,confirmation,Historical Study_ID,1,16.39,34.038653802573215,0.0192256000111487,0.6544135429262393,1.1323566892759973,2.203371254966268,0.9721480249239084,0.2948082968770767,0.6764570553675653,0.2217704679519916,0.2926149793830757,0.3032545346169394,0.6958375041913115,0.2281241768395815,27.06,3.59,12.8,10.669999999999998,16.39,21.2741586266,4.896549980892446,9.655276467208742,3.833278908810335,44.32276750378988,18.78750647042338,1,1,1,1,1,97.62,1,INCLUDED,,0,EXISTING_REVIEWER_FORMULA,1,MASS_BALANCE_NI_MINUS_FN_MINUS_UN,DIRECT_INITIAL_BW_EXISTING,1,INCLUDED_IN_906_MAIN,,,AIA_906_V1_20260806,2.953529765318821,9.527244388404528,4.354714436225655,10.698972612695869,3.8700450953071774,10.15162745888249,3.6384010314941406,9.76794974009196,12.480774153723347,14.57922584627665,15.053687048921525,12.006312951078474,13.4063507715861,13.6536492284139,14.021672554189667,13.038327445810332
V44_bad83346c330,952,Shuai2023_AnimNutr,FRSM_Nbal,CSD,growing,17.53,1.48,35.55,1.3,2.23,32.02,15.0126689189,4.814470511170949,10.041987403778869,3.31654534721393,48.40063429075826,18.363171855523653,,,,,confirmation,Historical Study_ID,1,3.53,24.02027027027027,0.0844266970907016,2.027952082144894,0.8175422545198355,1.4949898177775676,0.0,0.0,0.0,0.0,0.0,,,,35.55,1.3,2.23,32.02,3.53,15.0126689189,4.814470511170949,10.041987403778869,3.31654534721393,48.40063429075826,18.363171855523653,1,1,1,1,1,100.0,1,INCLUDED,,0,DIRECT_PRIMARY_TABLE_EXACT,1,MASS_BALANCE_NI_MINUS_FN_MINUS_UN,DIRECT_INITIAL_BW_EXISTING,1,INCLUDED_IN_906_MAIN,,,AIA_906_V1_20260806,6.1942077500448285,2.9638441481092634,6.810354250628141,5.202860686666669,6.597229368128769,4.156957015251234,6.395562330881755,3.604988892873128,9.158051898154092,26.391948101845905,12.013214937294808,23.53678506270519,10.000551223754885,25.549448776245114,10.754186383380002,24.795813616619995
V44_69b10b3b153e,953,Shuai2023_AnimNutr,FRSM_Nbal,FRSD,growing,17.46,1.4,33.54,2.0,1.93,29.61,14.9732142857,4.687515345504754,13.399332335673996,5.957561254158115,48.94807037252954,18.321668054828866,,,,,confirmation,Historical Study_ID,1,3.93,23.95714285714286,0.0801832760595647,1.9209621993127144,0.8172407796545388,1.117459729380377,0.0,0.0,0.0,0.0,0.0,,,,33.54,2.0,1.93,29.61,3.93,14.9732142857,4.687515345504754,13.399332335673996,5.957561254158115,48.94807037252954,18.321668054828866,1,1,1,1,1,100.0,1,INCLUDED,,0,DIRECT_PRIMARY_TABLE_EXACT,1,MASS_BALANCE_NI_MINUS_FN_MINUS_UN,DIRECT_INITIAL_BW_EXISTING,1,INCLUDED_IN_906_MAIN,,,AIA_906_V1_20260806,6.412246793607665,2.240334054107487,6.291078021464888,4.403888616326899,6.332990261980861,3.3932352241054824,6.396134853363037,3.995563824971517,8.652580847715152,24.88741915228485,10.694966637791786,22.845033362208213,10.391698678334556,23.148301321665443,9.726225486086342,23.813774513913657
V44_69e3c711e741,954,Shuai2023_AnimNutr,FRSM_Nbal,RSD,growing,17.39,1.28,30.71,1.99,2.08,26.64,14.9951171875,4.676789597013035,14.974003466204508,7.053050205475502,48.48192018172986,18.34035649730433,,,,,confirmation,Historical Study_ID,1,4.07,23.9921875,0.073605520414031,1.7659574468085106,0.8176022745088943,1.001410025137442,0.0,0.0,0.0,0.0,0.0,,,,30.71,1.99,2.08,26.64,4.07,14.9951171875,4.676789597013035,14.974003466204508,7.053050205475502,48.48192018172986,18.34035649730433,1,1,1,1,1,100.0,1,INCLUDED,,0,DIRECT_PRIMARY_TABLE_EXACT,1,MASS_BALANCE_NI_MINUS_FN_MINUS_UN,DIRECT_INITIAL_BW_EXISTING,1,INCLUDED_IN_906_MAIN,,,AIA_906_V1_20260806,6.276848493557398,2.019543621131051,6.409251943368264,4.169232008333338,6.36345363134874,3.1650558721344444,5.856902599334717,4.434676011403401,8.296392114688448,22.413607885311556,10.5784839517016,20.1315160482984,10.291578610738116,20.418421389261884,9.528509503483184,21.181490496516812
V44_6b332a47384c,960,Wu2023_Animal,NB1,NB1_NAM210,growing,40.0,1.681,43.1,7.72,11.2,24.180000000000003,15.9,4.262014370194243,10.7,4.7,45.0,18.51216985986252,,,,,confirmation,Historical Study_ID,1,18.92,25.639500297442,0.042025,1.0775,0.8588944526958916,1.485981308411215,1.182473169833065,0.3572238733908768,0.7463477526010532,0.1863601278631319,0.4648086359406702,0.3020989249517667,0.6311752111097949,0.1576019926857547,43.1,7.72,11.2,24.180000000000003,18.92,15.9,4.262014370194243,10.7,4.7,45.0,18.51216985986252,1,1,1,1,1,97.25,1,INCLUDED,,0,EXISTING_REVIEWER_FORMULA,1,MASS_BALANCE_NI_MINUS_FN_MINUS_UN,DIRECT_INITIAL_BW_EXISTING,1,INCLUDED_IN_906_MAIN,,,AIA_906_V1_20260806,7.014515599227686,13.115811782220904,7.743704807609061,12.184242049549765,7.491478487717665,12.6194028385844,7.30481481552124,10.178438186645508,20.13032738144859,22.96967261855141,19.927946857158823,23.172053142841172,17.483253002166748,25.616746997833253,20.110881326302064,22.989118673697934
V44_419221a4f8e1,961,Wu2023_Animal,NB1,NB1_NAM30,growing,40.0,1.682,43.1,8.32,13.0,21.78,15.9,4.262014370194243,10.7,4.7,45.0,18.51216985986252,,,,,confirmation,Historical Study_ID,1,21.32,25.62425683709869,0.04205,1.0775,0.8588944526958916,1.485981308411215,1.182473169833065,0.3572238733908768,0.7463477526010532,0.1863601278631319,0.4648086359406702,0.3020989249517667,0.6311752111097949,0.1576019926857547,43.1,8.32,13.0,21.78,21.32,15.9,4.262014370194243,10.7,4.7,45.0,18.51216985986252,1,1,1,1,1,97.25,1,INCLUDED,,0,EXISTING_REVIEWER_FORMULA,1,MASS_BALANCE_NI_MINUS_FN_MINUS_UN,DIRECT_INITIAL_BW_EXISTING,1,INCLUDED_IN_906_MAIN,,,AIA_906_V1_20260806,7.0165251514100655,13.110182425110732,7.743704807609061,12.184242049549765,7.492173591191174,12.616773217423573,7.30574099222819,10.174128532409668,20.1267075765208,22.973292423479204,19.927946857158823,23.172053142841172,17.47986952463786,25.620130475362146,20.108946808614743,22.99105319138525
V44_a488c05002ef,962,Wu2023_Animal,NB1,NB1_NAM360,growing,40.0,1.682,43.1,7.5,10.3,25.3,15.9,4.262014370194243,10.7,4.7,45.0,18.51216985986252,,,,,confirmation,Historical Study_ID,1,17.8,25.62425683709869,0.04205,1.0775,0.8588944526958916,1.485981308411215,1.182473169833065,0.3572238733908768,0.7463477526010532,0.1863601278631319,0.4648086359406702,0.3020989249517667,0.6311752111097949,0.1576019926857547,43.1,7.5,10.3,25.3,17.8,15.9,4.262014370194243,10.7,4.7,45.0,18.51216985986252,1,1,1,1,1,97.25,1,INCLUDED,,0,EXISTING_REVIEWER_FORMULA,1,MASS_BALANCE_NI_MINUS_FN_MINUS_UN,DIRECT_INITIAL_BW_EXISTING,1,INCLUDED_IN_906_MAIN,,,AIA_906_V1_20260806,7.0165251514100655,13.110182425110732,7.743704807609061,12.184242049549765,7.492173591191174,12.616773217423573,7.30574099222819,10.174128532409668,20.1267075765208,22.973292423479204,19.927946857158823,23.172053142841172,17.47986952463786,25.620130475362146,20.108946808614743,22.99105319138525
V44_ec219a0bb2e9,963,Wu2023_Animal,NB1,NB1_NAM90,growing,40.0,1.683,43.1,8.25,12.2,22.65,15.9,4.262014370194243,10.7,4.7,45.0,18.51216985986252,,,,,confirmation,Historical Study_ID,1,20.45,25.60903149138443,0.042075,1.0775,0.8588944526958916,1.485981308411215,1.182473169833065,0.3572238733908768,0.7463477526010532,0.1863601278631319,0.4648086359406702,0.3020989249517667,0.6311752111097949,0.1576019926857547,43.1,8.25,12.2,22.65,20.45,15.9,4.262014370194243,10.7,4.7,45.0,18.51216985986252,1,1,1,1,1,97.25,1,INCLUDED,,0,EXISTING_REVIEWER_FORMULA,1,MASS_BALANCE_NI_MINUS_FN_MINUS_UN,DIRECT_INITIAL_BW_EXISTING,1,INCLUDED_IN_906_MAIN,,,AIA_906_V1_20260806,7.018528367397186,13.104544113336631,7.743704807609061,12.184258716216432,7.492866502976718,12.614148294530214,7.306658267974853,10.169820467631022,20.123072480733818,22.976927519266184,19.927963523825493,23.172036476174508,17.476478735605873,25.623521264394128,20.10701479750693,22.99298520249307
V44_146653b1128e,964,Wu2023_Animal,NB2,NB2_CON,growing,40.0,1.626,42.2,8.46,12.6,21.14,15.9,4.262014370194243,10.7,4.7,45.0,18.51216985986252,,,,,confirmation,Historical Study_ID,1,21.06,25.95325953259533,0.04065,1.0550000000000002,0.8588944526958916,1.485981308411215,1.182473169833065,0.3572238733908768,0.7463477526010532,0.1863601278631319,0.4648086359406702,0.3020989249517667,0.6311752111097949,0.1576019926857547,42.2,8.46,12.6,21.14,21.06,15.9,4.262014370194243,10.7,4.7,45.0,18.51216985986252,1,1,1,1,1,97.25,1,INCLUDED,,0,EXISTING_REVIEWER_FORMULA,1,MASS_BALANCE_NI_MINUS_FN_MINUS_UN,DIRECT_INITIAL_BW_EXISTING,1,INCLUDED_IN_906_MAIN,,,AIA_906_V1_20260806,6.839938948804157,13.023186132636468,7.676644154420775,12.290335966777414,7.387228084598363,12.63266960561835,7.0619049072265625,10.124017715454102,19.863125081440625,22.336874918559374,19.96698012119819,22.23301987880181,17.185922622680664,25.01407737731934,20.019897690216716,22.18010230978329
V44_827dfe0eae31,965,Wu2023_Animal,NB2,NB2_CON_NAM,growing,40.0,1.626,42.2,7.77,11.0,23.430000000000007,15.9,4.26080711294491,10.7,4.7,45.0,18.50585757292058,,,,,confirmation,Historical Study_ID,1,18.77,25.95325953259533,0.04065,1.0550000000000002,0.8591874187590365,1.485981308411215,1.182370202770506,0.3571622937677641,0.7462470985934443,0.1863379433677731,0.4647681614663939,0.302073151819006,0.6311450481793714,0.1575969547702993,42.2,7.77,11.0,23.430000000000007,18.77,15.9,4.26080711294491,10.7,4.7,45.0,18.50585757292058,1,1,1,1,1,97.22,1,INCLUDED,,0,EXISTING_REVIEWER_FORMULA,1,MASS_BALANCE_NI_MINUS_FN_MINUS_UN,DIRECT_INITIAL_BW_EXISTING,1,INCLUDED_IN_906_MAIN,,,AIA_906_V1_20260806,6.839916345625344,13.023106691032243,7.676644154420775,12.290335966777414,7.3872202661658575,12.632632496350022,7.061628023783366,10.124340057373049,19.863023036657587,22.336976963342416,19.96698012119819,22.23301987880181,17.185968081156414,25.01403191884359,20.01985276251588,22.180147237484125
V44_039e79e5989b,966,Wu2023_Animal,NB2,NB2_LP,growing,40.0,1.626,35.1,7.03,8.55,19.52,13.1,4.848146790851461,10.4,4.18,48.6,18.54711922752095,,,,,confirmation,Historical Study_ID,1,15.580000000000002,21.58671586715868,0.04065,0.8775000000000001,0.7063091491082722,1.2596153846153846,1.148985050554815,0.384347555895665,0.7689840634299517,0.195296798720417,0.5481798905318773,0.3345104931609629,0.6692724705675059,0.1699733156894541,35.1,7.03,8.55,19.52,15.580000000000002,13.1,4.848146790851461,10.4,4.18,48.6,18.54711922752095,1,1,1,1,1,97.1,1,INCLUDED,,0,EXISTING_REVIEWER_FORMULA,1,MASS_BALANCE_NI_MINUS_FN_MINUS_UN,DIRECT_INITIAL_BW_EXISTING,1,INCLUDED_IN_906_MAIN,,,AIA_906_V1_20260806,5.991507525481153,9.641061610726322,6.095190430426253,9.623223036223033,6.059326545923626,9.631555904803731,5.481389045715332,7.823746522267659,15.632569136207476,19.46743086379253,15.718413466649286,19.381586533350717,13.30513556798299,21.79486443201701,15.690882450727358,19.409117549272644
V44_0a8f2c9cc495,967,Wu2023_Animal,NB2,NB2_LP_NAM,growing,40.0,1.631,35.2,6.45,7.54,21.210000000000004,13.1,4.84691593953201,10.4,4.18,48.6,18.54080285985734,,,,,confirmation,Historical Study_ID,1,13.99,21.58185162477008,0.040775,0.8800000000000001,0.706549770202389,1.2596153846153846,1.14888335784223,0.3842848819927472,0.7688824750732745,0.1952742528712425,0.5481313730163311,0.3344855501384319,0.6692432872535882,0.1699687366331043,35.2,6.45,7.54,21.210000000000004,13.99,13.1,4.84691593953201,10.4,4.18,48.6,18.54080285985734,1,1,1,1,1,97.07,1,INCLUDED,,0,EXISTING_REVIEWER_FORMULA,1,MASS_BALANCE_NI_MINUS_FN_MINUS_UN,DIRECT_INITIAL_BW_EXISTING,1,INCLUDED_IN_906_MAIN,,,AIA_906_V1_20260806,6.004080629434262,9.651070849756238,6.096517282278106,9.644639702889698,6.064543472871855,9.647643861190137,5.496950467427571,7.829047679901123,15.6551514791905,19.544848520809506,15.741156985167803,19.4588430148322,13.325998147328692,21.87400185267131,15.71218733406199,19.48781266593801
V44_855eceb4fa50,996,Galli2024_Animals3457,EnzymeAddition_NBalance,BM,growing,35.56,1.4649160656328384,51.82,4.521,0.202,47.097,22.1087752123,4.600734335283755,8.278750753829083,3.518255259726278,42.65871050273242,18.5090991788495,,,,,confirmation,Historical Study_ID,1,4.723,35.37404033972005,0.0411956148940618,1.457255343082115,1.194481427684167,2.670544852684961,1.263968478866388,0.417673390176576,0.7870094636174709,0.2354271876725519,0.3573152703872961,0.3304460492172824,0.6226495967077549,0.1862603313365051,51.82,4.521,0.202,47.097,4.723,22.1087752123,4.600734335283755,8.278750753829083,3.518255259726278,42.65871050273242,18.5090991788495,1,1,1,1,1,96.262,1,INCLUDED,,0,EXISTING_REVIEWER_FORMULA,1,MASS_BALANCE_NI_MINUS_FN_MINUS_UN,DIRECT_INITIAL_BW_EXISTING,1,INCLUDED_IN_906_MAIN,,,AIA_906_V1_20260806,7.157583461339597,17.912398534488993,8.12302451624605,13.92521640308131,7.7890787562811505,15.78773432468995,6.753237406412761,13.618528048197428,25.06998199582859,26.75001800417141,22.04824091932736,29.77175908067264,20.371765454610188,31.448234545389813,23.5768130809711,28.2431869190289
V44_dddb54909e7a,997,Galli2024_Animals3457,EnzymeAddition_NBalance,BM+MCC,growing,35.56,1.3727580885204675,48.56,4.453,0.28,43.827,22.1087752123,4.600734335283755,8.278750753829083,3.518255259726278,42.65871050273242,18.5090991788495,,,,,confirmation,Historical Study_ID,1,4.7330000000000005,35.37404033972005,0.0386039957401706,1.3655793025871763,1.194481427684167,2.670544852684961,1.263968478866388,0.417673390176576,0.7870094636174709,0.2354271876725519,0.3573152703872961,0.3304460492172824,0.6226495967077549,0.1862603313365051,48.56,4.453,0.28,43.827,4.7330000000000005,22.1087752123,4.600734335283755,8.278750753829083,3.518255259726278,42.65871050273242,18.5090991788495,1,1,1,1,1,96.262,1,INCLUDED,,0,EXISTING_REVIEWER_FORMULA,1,MASS_BALANCE_NI_MINUS_FN_MINUS_UN,DIRECT_INITIAL_BW_EXISTING,1,INCLUDED_IN_906_MAIN,,,AIA_906_V1_20260806,6.558958671014671,16.74586148260368,8.069310969584203,13.27819347448678,7.546880580284665,14.898032648732489,6.2211043039957685,12.938133239746094,23.30482015361835,25.25517984638165,21.347504444070985,27.212495555929017,19.159237543741863,29.40076245625814,22.444913229017157,26.11508677098285
V44_7c25e9efa8ac,998,Galli2024_Animals3457,EnzymeAddition_NBalance,Control,growing,35.56,1.399331247565139,49.5,4.672,0.199,44.629000000000005,22.1087752123,5.810655825442706,8.278750753829083,3.518255259726278,42.65871050273242,18.9894380104426,,,,,confirmation,Historical Study_ID,1,4.871,35.37404033972005,0.0393512724287159,1.3920134983127108,1.1642669572497102,2.670544852684961,1.263968478866388,0.417673390176576,0.7870094636174709,0.2354271876725519,0.3573152703872961,0.3304460492172824,0.6226495967077549,0.1862603313365051,49.5,4.672,0.199,44.629000000000005,4.871,22.1087752123,5.810655825442706,8.278750753829083,3.518255259726278,42.65871050273242,18.9894380104426,1,1,1,1,1,97.346,1,INCLUDED,,0,EXISTING_REVIEWER_FORMULA,1,MASS_BALANCE_NI_MINUS_FN_MINUS_UN,DIRECT_INITIAL_BW_EXISTING,1,INCLUDED_IN_906_MAIN,,,AIA_906_V1_20260806,6.754221333868416,17.1618418472809,8.090256956542442,13.263772783066187,7.628122651100784,15.08466364094252,6.370342095692952,13.67991828918457,23.916063181149315,25.583936818850685,21.354029739608627,28.145970260391373,20.05026038487752,29.44973961512248,22.712786292043305,26.787213707956692
V44_450a0154b97b,999,Lee2024_Animals_BLM,Exp1_Week2,DefattedBLM_wk2,weaning,6.74,0.5362,16.78,3.42,2.23,11.13,19.56,4.192326802524175,6.14051062518282,2.6618988442791136,25.18220835042889,24.518114876588484,,,,,confirmation,Historical Study_ID,1,5.65,31.29429317418873,0.0795548961424332,2.4896142433234423,0.7977774840543381,3.185402842522993,0.0,0.0,0.0,0.0,0.0,,,,16.78,3.42,2.23,11.13,5.65,19.56,4.192326802524175,6.14051062518282,2.6618988442791136,25.18220835042889,24.518114876588484,1,1,1,1,1,100.0,1,INCLUDED,,0,EXISTING_REVIEWER_FORMULA,1,MASS_BALANCE_NI_MINUS_FN_MINUS_UN,DIRECT_INITIAL_BW_EXISTING,1,INCLUDED_IN_906_MAIN,,,AIA_906_V1_20260806,3.409638232434656,0.7032071773332849,2.7858902968529136,1.944419444444445,3.001644513348881,1.3646164618305434,2.3137945334116616,2.823751131693522,4.1128454097679406,12.66715459023206,4.730309741297359,12.049690258702643,5.137545665105184,11.642454334894818,4.366260975179424,12.413739024820575
V44_9e1c64e3c018,1000,Lee2024_Animals_BLM,Exp1_Week2,FM_wk2,weaning,6.74,0.5734,17.99,3.59,2.4,11.999999999999998,19.61,4.346953003338625,4.933855560257172,1.983041754902581,25.38896096561,24.44073928897589,,,,,confirmation,Historical Study_ID,1,5.99,31.37425880711545,0.0850741839762611,2.6691394658753707,0.8023488883924711,3.974579263722477,0.1926919797361689,0.0686171440036113,0.1019857551286553,0.0281988263028539,0.0614138130214714,0.3560975609756094,0.5292682926829272,0.1463414634146337,17.99,3.59,2.4,11.999999999999998,5.99,19.61,4.346953003338625,4.933855560257172,1.983041754902581,25.38896096561,24.44073928897589,1,1,1,1,1,100.0,1,INCLUDED,,0,EXISTING_REVIEWER_FORMULA,1,MASS_BALANCE_NI_MINUS_FN_MINUS_UN,DIRECT_INITIAL_BW_EXISTING,1,INCLUDED_IN_906_MAIN,,,AIA_906_V1_20260806,3.500357495253832,0.8748360252405689,2.984767399317571,2.301033333333335,3.163109852792883,1.634818959741387,2.477312962214152,2.933850606282552,4.375193520494401,13.614806479505598,5.285800732650906,12.704199267349091,5.411163568496704,12.578836431503294,4.79792881253427,13.192071187465729
V44_775481806859,1001,Lee2024_Animals_BLM,Exp1_Week2,HydrolyzedBLM_wk2,weaning,6.74,0.5628,17.65,4.8,2.0,10.849999999999998,19.6,4.469171573974311,6.142817980694705,2.664864927304008,25.14724996102127,24.652665731034016,,,,,confirmation,Historical Study_ID,1,6.8,31.36105188343994,0.0835014836795252,2.618694362017804,0.79504586700036,3.1907180159981547,0.0,0.0,0.0,0.0,0.0,,,,17.65,4.8,2.0,10.849999999999998,6.8,19.6,4.469171573974311,6.142817980694705,2.664864927304008,25.14724996102127,24.652665731034016,1,1,1,1,1,100.0,1,INCLUDED,,0,EXISTING_REVIEWER_FORMULA,1,MASS_BALANCE_NI_MINUS_FN_MINUS_UN,DIRECT_INITIAL_BW_EXISTING,1,INCLUDED_IN_906_MAIN,,,AIA_906_V1_20260806,3.621337715488252,0.7290178067396056,2.8058097742958985,1.9152027777777785,3.0879006349548943,1.3611044963126604,2.482334772745768,2.776362737019857,4.350355522227858,13.29964447777214,4.721012552073677,12.92898744792632,5.258697509765625,12.391302490234374,4.449005131267555,13.200994868732444
V44_547aba813759,1008,Liu2024_SciRep,FermentedLP_NBalance,CON,finishing,98.7,3.43,67.49,12.29,18.36,36.84,14.23,3.119721573029158,11.69507680472548,4.021077268095616,51.56357730745957,18.04873304256482,,,,,confirmation,Historical Study_ID,1,30.65,19.676384839650144,0.0347517730496453,0.683789260385005,0.7884209914591237,1.2167513080589831,0.6459764625963572,0.2369981712625037,0.4940528017023229,0.1544832185779935,0.2837212151248933,0.3668836017800754,0.7648154852524947,0.2391468227140706,67.49,12.29,18.36,36.84,30.65,14.23,3.119721573029158,11.69507680472548,4.021077268095616,51.56357730745957,18.04873304256482,1,1,1,1,1,100.0,1,INCLUDED,,0,EXISTING_REVIEWER_FORMULA,1,MASS_BALANCE_NI_MINUS_FN_MINUS_UN,DIRECT_INITIAL_BW_EXISTING,1,INCLUDED_IN_906_MAIN,,,AIA_906_V1_20260806,9.697962065413629,22.45517423584201,9.418668413822603,20.48203347280946,9.51527600085232,21.403739557930585,10.737064997355144,22.843162536621094,32.153136301255635,35.33686369874436,29.900701886632064,37.58929811336793,33.580227533976235,33.90977246602376,30.919015558782903,36.57098444121709
V44_b0d9ce5640d5,1009,Liu2024_SciRep,FermentedLP_NBalance,FLP,finishing,99.7,3.5,59.86,9.73,14.7,35.42999999999999,12.09,3.177235193429985,11.60416601149214,3.799854663569751,54.45340473612566,17.75035772529393,,,,,confirmation,Historical Study_ID,1,24.43,17.102857142857143,0.0351053159478435,0.6004012036108325,0.6811130337261865,1.0418672042460195,0.6246446333343817,0.3063402175329197,0.4382919375345372,0.1536382403285008,0.3229138923358052,0.4904231961421993,0.7016660580191248,0.245961034690033,59.86,9.73,14.7,35.42999999999999,24.43,12.09,3.177235193429985,11.60416601149214,3.799854663569751,54.45340473612566,17.75035772529393,1,1,1,1,1,100.04,1,INCLUDED,,0,EXISTING_REVIEWER_FORMULA,1,MASS_BALANCE_NI_MINUS_FN_MINUS_UN,DIRECT_INITIAL_BW_EXISTING,1,INCLUDED_IN_906_MAIN,,,AIA_906_V1_20260806,8.24228760722832,18.160846656961,8.178374719183223,16.352860407242314,8.200482167236423,17.197418463820025,8.70726744333903,17.342039744059246,26.40313426418932,33.45686573581068,24.531235126425532,35.328764873574464,26.04930718739828,33.81069281260172,25.397900631056448,34.462099368943555
V44_a34a226e9397,1010,Liu2024_SciRep,FermentedLP_NBalance,LP,finishing,99.5,3.55,59.69,9.57,14.74,35.379999999999995,12.09,3.216172689832633,11.71278191768128,3.83166700030815,55.24005317270559,17.96040781485822,,,,,confirmation,Historical Study_ID,1,24.31,16.814084507042253,0.0356783919597989,0.5998994974874372,0.6731472984704852,1.032205677948232,0.6273533533218322,0.3083321899552172,0.441251976544629,0.1543369269145211,0.3243141818247685,0.4914808987990582,0.7033547747982895,0.2460127551678938,59.69,9.57,14.74,35.379999999999995,24.31,12.09,3.216172689832633,11.71278191768128,3.83166700030815,55.24005317270559,17.96040781485822,1,1,1,1,1,100.04,1,INCLUDED,,0,EXISTING_REVIEWER_FORMULA,1,MASS_BALANCE_NI_MINUS_FN_MINUS_UN,DIRECT_INITIAL_BW_EXISTING,1,INCLUDED_IN_906_MAIN,,,AIA_906_V1_20260806,8.161074576228073,17.675450905782792,8.17465337396175,16.235563176781245,8.169956472058171,16.908172707016806,8.649334589640299,17.068073272705078,25.836525482010863,33.853474517989135,24.410216550742994,35.279783449257,25.71740786234537,33.97259213765462,25.078129179074978,34.61187082092502
V44_978141fee634,1018,Yoo2024_AnimBiosci_BA,BA_incompleteLatin,BA_0.0pct,growing,56.2,2.0,61.0,7.46,21.9,31.64,19.026,4.417,12.684,4.983,53.25834657966,18.5716752928084,,,,,confirmation,Historical Study_ID,1,29.36,30.5,0.0355871886120996,1.085409252669039,1.0244633130844976,1.5,0.8831412165285164,0.2528723630238757,0.5746141318559149,0.1564895106376691,0.2901099865081061,0.2863328743933791,0.6506480742849133,0.1771964751603416,61.0,7.46,21.9,31.64,29.36,19.026,4.417,12.684,4.983,53.25834657966,18.5716752928084,1,1,1,1,1,99.99,1,INCLUDED,,0,EXISTING_REVIEWER_FORMULA,1,MASS_BALANCE_NI_MINUS_FN_MINUS_UN,DIRECT_INITIAL_BW_EXISTING,1,INCLUDED_IN_906_MAIN,,,AIA_906_V1_20260806,9.142486557887269,21.278837491903804,9.582791100927396,17.850964732437326,9.430489896732404,19.45221449657748,9.050466855367024,20.9166997273763,30.421324049791075,30.578675950208925,27.43375583336472,33.56624416663528,29.967166582743324,31.03283341725668,28.882704393309883,32.11729560669012
V44_459034868544,1019,Yoo2024_AnimBiosci_BA,BA_incompleteLatin,BA_0.5pct,growing,56.2,2.0,60.8,7.61,20.8,32.39,18.842,4.994,13.507,4.881,52.73103604379601,18.47570652273902,,,,,confirmation,Historical Study_ID,1,28.41,30.4,0.0355871886120996,1.081850533807829,1.0198256817302311,1.3949803805434218,0.8830919802261161,0.252858265051885,0.5745820963505733,0.1564807861384339,0.2929266997353373,0.2863328743933792,0.6506480742849134,0.1771964751603416,60.8,7.61,20.8,32.39,28.41,18.842,4.994,13.507,4.881,52.73103604379601,18.47570652273902,1,1,1,1,1,99.99,1,INCLUDED,,0,EXISTING_REVIEWER_FORMULA,1,MASS_BALANCE_NI_MINUS_FN_MINUS_UN,DIRECT_INITIAL_BW_EXISTING,1,INCLUDED_IN_906_MAIN,,,AIA_906_V1_20260806,9.27668437142438,21.20115719228633,9.63588338260712,18.070494732868603,9.51163655660107,19.53290972797049,9.26834519704183,21.22816212972005,30.47784156371071,30.32215843628929,27.70637811547572,33.093621884524275,30.49650732676188,30.30349267323812,29.04454628457156,31.75545371542844
V44_dabeddde6edf,1020,Yoo2024_AnimBiosci_BA,BA_incompleteLatin,BA_1.0pct,growing,56.2,2.0,61.9,7.89,22.8,31.21,18.928,4.903,12.999,4.903,52.2037843011876,18.37974845284731,,,,,confirmation,Historical Study_ID,1,30.69,30.95,0.0355871886120996,1.101423487544484,1.0298291104777204,1.4561120086160473,0.8830427494133892,0.2528441686517681,0.574550064417077,0.1564720626119494,0.2915795215465808,0.2863328743933791,0.6506480742849133,0.1771964751603416,61.9,7.89,22.8,31.21,30.69,18.928,4.903,12.999,4.903,52.2037843011876,18.37974845284731,1,1,1,1,1,99.99,1,INCLUDED,,0,EXISTING_REVIEWER_FORMULA,1,MASS_BALANCE_NI_MINUS_FN_MINUS_UN,DIRECT_INITIAL_BW_EXISTING,1,INCLUDED_IN_906_MAIN,,,AIA_906_V1_20260806,9.31101653592676,21.76314624568707,9.528570708926411,18.02478509219344,9.453318788297302,19.771072173232604,9.222266832987469,21.601518630981445,31.07416278161383,30.82583721838617,27.55335580111985,34.34664419888015,30.82378546396891,31.076214536031088,29.224390961529902,32.67560903847009
V44_9d8ceaabdf52,1021,Yoo2024_AnimBiosci_BA,BA_incompleteLatin,BA_1.5pct,growing,56.2,2.0,61.0,7.03,21.7,32.27,19.037,5.046,12.959,4.702,51.67659134200244,18.28380108134384,,,,,confirmation,Historical Study_ID,1,28.73,30.5,0.0355871886120996,1.085409252669039,1.041194876016492,1.4690176711165983,0.8829935240894173,0.2528300738232623,0.5745180360548288,0.156463340058053,0.2898938659220916,0.286332874393379,0.6506480742849134,0.1771964751603417,61.0,7.03,21.7,32.27,28.73,19.037,5.046,12.959,4.702,51.67659134200244,18.28380108134384,1,1,1,1,1,99.99,1,INCLUDED,,0,EXISTING_REVIEWER_FORMULA,1,MASS_BALANCE_NI_MINUS_FN_MINUS_UN,DIRECT_INITIAL_BW_EXISTING,1,INCLUDED_IN_906_MAIN,,,AIA_906_V1_20260806,9.2627985845875,21.45299189450013,9.536133086058138,18.06135715171835,9.4415867671976,19.645679182613726,9.265738169352211,21.36870511372884,30.71579047908763,30.28420952091237,27.59749023777649,33.40250976222351,30.63444328308105,30.365556716918945,29.087265949811325,31.912734050188675
V44_3f8bfbafa8f6,1022,Yoo2024_AnimBiosci_BA,BA_incompleteLatin,BA_2.0pct,growing,56.2,2.0,62.4,7.14,23.1,32.16,19.037,5.275,12.385,4.128,51.14945715641041,18.18786440643954,,,,,confirmation,Historical Study_ID,1,30.24,31.2,0.0355871886120996,1.1103202846975089,1.046686932263461,1.5371013322567622,0.8829443042532827,0.2528159805661047,0.5744860112632311,0.1564546184765819,0.2898777066545683,0.2863328743933791,0.6506480742849133,0.1771964751603416,62.4,7.14,23.1,32.16,30.24,19.037,5.275,12.385,4.128,51.14945715641041,18.18786440643954,1,1,1,1,1,99.99,1,INCLUDED,,0,EXISTING_REVIEWER_FORMULA,1,MASS_BALANCE_NI_MINUS_FN_MINUS_UN,DIRECT_INITIAL_BW_EXISTING,1,INCLUDED_IN_906_MAIN,,,AIA_906_V1_20260806,9.317223253448704,22.229667084483204,9.616086444682368,17.42400755477796,9.512709759990074,19.668857853619294,9.190560022989908,22.13334019978841,31.546890337931902,30.853109662068093,27.040093999460325,35.359906000539674,31.32390022277832,31.07609977722168,29.181567613609367,33.21843238639063
V44_41c3bd126dec,1023,Yoo2024_AnimBiosci_BA,BA_incompleteLatin,BA_2.5pct,growing,56.2,2.0,63.2,7.34,22.7,33.16,19.583,5.214,13.326,5.098,50.62238173458359,18.09193842634577,,,,,confirmation,Historical Study_ID,1,30.04,31.6,0.0355871886120996,1.124555160142349,1.0824157997068418,1.469533243283806,0.8828950899040677,0.2528018888800326,0.5744539900416871,0.1564458978673737,0.2817798249451271,0.2863328743933791,0.6506480742849133,0.1771964751603416,63.2,7.34,22.7,33.16,30.04,19.583,5.214,13.326,5.098,50.62238173458359,18.09193842634577,1,1,1,1,1,99.99,1,INCLUDED,,0,EXISTING_REVIEWER_FORMULA,1,MASS_BALANCE_NI_MINUS_FN_MINUS_UN,DIRECT_INITIAL_BW_EXISTING,1,INCLUDED_IN_906_MAIN,,,AIA_906_V1_20260806,9.597449916886283,22.463565066826217,9.19769205430619,18.641537440624173,9.335968174368425,20.42690733747697,9.448322931925455,22.42164866129557,32.0610149837125,31.138985016287503,27.839229494930365,35.36077050506964,31.86997159322103,31.33002840677897,29.762875511845397,33.43712448815461
V44_683908215ef5,1057,GarciaContreras2025_Animals,DAS,CO,growing,23.8,1.329,45.0,8.145,9.955,26.90000000000001,21.16,53.3,11.90982588419398,57.33,44.78025798391991,18.61952551053297,,,,,confirmation,Historical Study_ID,1,18.1,33.86004514672686,0.0558403361344537,1.8907563025210083,1.136441419413717,1.7766842442325128,0.7813373218663935,0.2455429976904593,0.5608307455659709,0.1905020750300641,0.2307825265437126,0.3142599115884119,0.7177831262767599,0.2438154043057979,45.0,8.145,9.955,26.90000000000001,18.1,21.16,53.3,11.90982588419398,57.33,44.78025798391991,18.61952551053297,1,1,1,1,1,99.23,1,INCLUDED,,0,EXISTING_REVIEWER_FORMULA,1,MASS_BALANCE_NI_MINUS_FN_MINUS_UN,DIRECT_INITIAL_BW_EXISTING,1,INCLUDED_IN_906_MAIN,,,AIA_906_V1_20260806,7.431388679156089,10.538690781698827,8.730114098390937,11.067085825416545,8.280885380689329,10.820258565918875,6.408227920532227,14.86110496520996,17.970079460854915,27.029920539145085,19.797199923807483,25.20280007619252,21.269332885742188,23.73066711425781,19.101143946608204,25.8988560533918
V44_946f40ad3fa1,1058,GarciaContreras2025_Animals,DAS,S10,growing,23.8,1.275,42.8,9.288,9.112,24.4,20.98,50.11,13.75541116074429,71.43,42.25214084190294,18.8113741908426,,,,,confirmation,Historical Study_ID,1,18.4,33.568627450980394,0.0535714285714285,1.7983193277310925,1.1152826894599277,1.525217949127796,0.75773595946822,0.2429370647594279,0.5546247064389045,0.1853497815521761,0.2257316371151751,0.320609127393032,0.731949829632133,0.2446099848319918,42.8,9.288,9.112,24.4,18.4,20.98,50.11,13.75541116074429,71.43,42.25214084190294,18.8113741908426,1,1,1,1,1,98.947,1,INCLUDED,,0,EXISTING_REVIEWER_FORMULA,1,MASS_BALANCE_NI_MINUS_FN_MINUS_UN,DIRECT_INITIAL_BW_EXISTING,1,INCLUDED_IN_906_MAIN,,,AIA_906_V1_20260806,7.215791405538295,8.153177258903927,8.502179126331427,11.263340582320795,8.057218014675158,9.810501274238154,6.262165705362956,12.192609469095864,15.36896866444222,27.431031335557776,19.76551970865222,23.034480291347776,18.45477517445882,24.345224825541177,17.867719288913314,24.932280711086683
V44_255ea8706e9b,1059,GarciaContreras2025_Animals,DAS,S20,growing,23.8,1.166,36.1,10.794,7.606,17.700000000000003,19.35,51.68,15.59272455932572,67.11,39.73535467264323,19.00236300903035,,,,,confirmation,Historical Study_ID,1,18.4,30.96054888507719,0.0489915966386554,1.5168067226890756,1.018294408479853,1.240963368933951,0.7342403779256576,0.2403428115700343,0.5484464826607043,0.1802205805552752,0.2371577448080289,0.3273353234114416,0.7469576710152475,0.2454517430169479,36.1,10.794,7.606,17.700000000000003,18.4,19.35,51.68,15.59272455932572,67.11,39.73535467264323,19.00236300903035,1,1,1,1,1,99.064,1,INCLUDED,,0,EXISTING_REVIEWER_FORMULA,1,MASS_BALANCE_NI_MINUS_FN_MINUS_UN,DIRECT_INITIAL_BW_EXISTING,1,INCLUDED_IN_906_MAIN,,,AIA_906_V1_20260806,6.823216136414516,6.214341295285753,6.43120004723841,9.532563073623097,6.566798290293308,7.982534174430712,6.02293078104655,11.18280347188314,13.037557431700268,23.062442568299733,15.963763120861508,20.13623687913849,17.205734252929688,18.894265747070317,14.54933246472402,21.55066753527598
V44_f6aeef8f6739,1108,Zhai2025_LivSci,CaSource_x_Phytase,CaCO3_NoPhytase,growing,16.4,0.74130337,27.9456,3.912384,3.101962,20.931254,23.5612040992,8.204889281698529,11.11318935188437,5.062830375369804,40.84651313537128,19.11029995182674,,,,,confirmation,Historical Study_ID,1,7.014346,37.69792655873128,0.045201425,1.7040000000000002,1.2329060327987056,2.120111819673524,0.8898631127226633,0.2942170075390322,0.6706842096239224,0.2117800766236905,0.2713204387609498,0.3306317604724992,0.7536936861804152,0.2379917468156637,27.9456,3.912384,3.101962,20.931254,7.014346,23.5612040992,8.204889281698529,11.11318935188437,5.062830375369804,40.84651313537128,19.11029995182674,1,1,1,1,1,97.15,1,INCLUDED,,0,EXISTING_REVIEWER_FORMULA,1,MASS_BALANCE_NI_MINUS_FN_MINUS_UN,DIRECT_INITIAL_BW_EXISTING,1,INCLUDED_IN_906_MAIN,,,AIA_906_V1_20260806,3.7639455250580736,6.844020430493542,3.822628037912839,11.04370434566357,3.8023297750076703,9.08192123686584,4.167144775390625,7.9894483884175616,10.607965955551617,17.337634044448386,14.86633238357641,13.07926761642359,12.156593163808186,15.789006836191811,12.884251011873513,15.061348988126488
V44_df3a7b6c1876,1109,Zhai2025_LivSci,CaSource_x_Phytase,CaCO3_Phytase,growing,16.4,0.74130337,27.9456,3.912384,2.403322,21.629894,23.5612040992,8.204889281698529,11.11318935188437,5.062830375369804,40.84651313537128,19.11029995182674,,,,,confirmation,Historical Study_ID,1,6.3157060000000005,37.69792655873128,0.045201425,1.7040000000000002,1.2329060327987056,2.120111819673524,0.8898631127226633,0.2942170075390322,0.6706842096239224,0.2117800766236905,0.2713204387609498,0.3306317604724992,0.7536936861804152,0.2379917468156637,27.9456,3.912384,2.403322,21.629894,6.3157060000000005,23.5612040992,8.204889281698529,11.11318935188437,5.062830375369804,40.84651313537128,19.11029995182674,1,1,1,1,1,97.15,1,INCLUDED,,0,EXISTING_REVIEWER_FORMULA,1,MASS_BALANCE_NI_MINUS_FN_MINUS_UN,DIRECT_INITIAL_BW_EXISTING,1,INCLUDED_IN_906_MAIN,,,AIA_906_V1_20260806,3.7639455250580736,6.844020430493542,3.822628037912839,11.04370434566357,3.8023297750076703,9.08192123686584,4.167144775390625,7.9894483884175616,10.607965955551617,17.337634044448386,14.86633238357641,13.07926761642359,12.156593163808186,15.789006836191811,12.884251011873513,15.061348988126488
V44_945576623fd4,1110,Zhai2025_LivSci,CaSource_x_Phytase,CaCl2_NoPhytase,growing,16.4,0.74130337,27.9456,3.577037,4.834589,19.533974,23.5612040992,8.204889281698529,11.11318935188437,5.062830375369804,40.84651313537128,19.11029995182674,,,,,confirmation,Historical Study_ID,1,8.411626,37.69792655873128,0.045201425,1.7040000000000002,1.2329060327987056,2.120111819673524,0.8898631127226633,0.2942170075390322,0.6706842096239224,0.2117800766236905,0.2713204387609498,0.3306317604724992,0.7536936861804152,0.2379917468156637,27.9456,3.577037,4.834589,19.533974,8.411626,23.5612040992,8.204889281698529,11.11318935188437,5.062830375369804,40.84651313537128,19.11029995182674,1,1,1,1,1,97.15,1,INCLUDED,,0,EXISTING_REVIEWER_FORMULA,1,MASS_BALANCE_NI_MINUS_FN_MINUS_UN,DIRECT_INITIAL_BW_EXISTING,1,INCLUDED_IN_906_MAIN,,,AIA_906_V1_20260806,3.7639455250580736,6.844020430493542,3.822628037912839,11.04370434566357,3.8023297750076703,9.08192123686584,4.167144775390625,7.9894483884175616,10.607965955551617,17.337634044448386,14.86633238357641,13.07926761642359,12.156593163808186,15.789006836191811,12.884251011873513,15.061348988126488
V44_42705880d10c,1111,Zhai2025_LivSci,CaSource_x_Phytase,CaCl2_Phytase,growing,16.4,0.74130337,27.9456,3.577037,1.704682,22.663881,23.5612040992,8.204889281698529,11.11318935188437,5.062830375369804,40.84651313537128,19.11029995182674,,,,,confirmation,Historical Study_ID,1,5.281719,37.69792655873128,0.045201425,1.7040000000000002,1.2329060327987056,2.120111819673524,0.8898631127226633,0.2942170075390322,0.6706842096239224,0.2117800766236905,0.2713204387609498,0.3306317604724992,0.7536936861804152,0.2379917468156637,27.9456,3.577037,1.704682,22.663881,5.281719,23.5612040992,8.204889281698529,11.11318935188437,5.062830375369804,40.84651313537128,19.11029995182674,1,1,1,1,1,97.15,1,INCLUDED,,0,EXISTING_REVIEWER_FORMULA,1,MASS_BALANCE_NI_MINUS_FN_MINUS_UN,DIRECT_INITIAL_BW_EXISTING,1,INCLUDED_IN_906_MAIN,,,AIA_906_V1_20260806,3.7639455250580736,6.844020430493542,3.822628037912839,11.04370434566357,3.8023297750076703,9.08192123686584,4.167144775390625,7.9894483884175616,10.607965955551617,17.337634044448386,14.86633238357641,13.07926761642359,12.156593163808186,15.789006836191811,12.884251011873513,15.061348988126488
V44_e01cd8e5d34d,1112,Zhai2025_LivSci,CaSource_x_Phytase,MIX_NoPhytase,growing,16.4,0.74130337,27.9456,3.660874,2.710723,21.574003,23.5612040992,8.204889281698529,11.11318935188437,5.062830375369803,40.84651313537127,19.11029995182674,,,,,confirmation,Historical Study_ID,1,6.371597,37.69792655873128,0.045201425,1.7040000000000002,1.2329060327987056,2.120111819673524,0.889863112722663,0.2942170075390322,0.6706842096239223,0.2117800766236905,0.2713204387609497,0.3306317604724993,0.7536936861804152,0.2379917468156637,27.9456,3.660874,2.710723,21.574003,6.371597,23.5612040992,8.204889281698529,11.11318935188437,5.062830375369803,40.84651313537127,19.11029995182674,1,1,1,1,1,97.15,1,INCLUDED,,0,EXISTING_REVIEWER_FORMULA,1,MASS_BALANCE_NI_MINUS_FN_MINUS_UN,DIRECT_INITIAL_BW_EXISTING,1,INCLUDED_IN_906_MAIN,,,AIA_906_V1_20260806,3.763945525058075,6.844020430493544,3.822628037912839,11.04370434566357,3.8023297750076703,9.081921236865842,4.167144775390625,7.9894483884175616,10.60796595555162,17.33763404444838,14.86633238357641,13.07926761642359,12.156593163808186,15.789006836191811,12.884251011873513,15.061348988126486
V44_0b85742bf1c9,1113,Zhai2025_LivSci,CaSource_x_Phytase,MIX_Phytase,growing,16.4,0.74130337,27.9456,3.660874,2.207702,22.077024,23.5612040992,8.204889281698529,11.11318935188437,5.062830375369803,40.84651313537127,19.11029995182674,,,,,confirmation,Historical Study_ID,1,5.868576,37.69792655873128,0.045201425,1.7040000000000002,1.2329060327987056,2.120111819673524,0.889863112722663,0.2942170075390322,0.6706842096239223,0.2117800766236905,0.2713204387609497,0.3306317604724993,0.7536936861804152,0.2379917468156637,27.9456,3.660874,2.207702,22.077024,5.868576,23.5612040992,8.204889281698529,11.11318935188437,5.062830375369803,40.84651313537127,19.11029995182674,1,1,1,1,1,97.15,1,INCLUDED,,0,EXISTING_REVIEWER_FORMULA,1,MASS_BALANCE_NI_MINUS_FN_MINUS_UN,DIRECT_INITIAL_BW_EXISTING,1,INCLUDED_IN_906_MAIN,,,AIA_906_V1_20260806,3.763945525058075,6.844020430493544,3.822628037912839,11.04370434566357,3.8023297750076703,9.081921236865842,4.167144775390625,7.9894483884175616,10.60796595555162,17.33763404444838,14.86633238357641,13.07926761642359,12.156593163808186,15.789006836191811,12.884251011873513,15.061348988126486
V44_c628e4db1885,,Zhang2022_AnimNutr_AARelease,N_balance,N_CAS,growing,43.27,1.6176704907584452,40.61,8.03,6.83,25.75,15.69,2.81,9.48134,3.21892,50.3941,18.22086,,,,,confirmation,Historical DOI,0,14.86,25.104,0.0373854978220116,0.9385255373237807,0.8611009579130733,1.6548293806571646,,,,,,,,,40.61,8.03,6.83,25.75,14.86,15.69,2.81,9.48134,3.21892,50.3941,18.22086,1,1,1,0,1,103.0,1,INCLUDED,,0,STRUCTURED_FROM_REPORTED_TREATMENT,0,MASS_BALANCE_NI_MINUS_FN_MINUS_UN,DIRECT_INITIAL_BW_EXISTING,1,INCLUDED_IN_906_MAIN,,,AIA_906_V1_20260806,6.260934470600712,12.699824702173224,6.944577981302249,11.077062510021332,6.70810590404175,11.835097524670829,5.987362225850423,9.56634489695231,18.960759172773937,21.649240827226063,18.02164049132358,22.58835950867642,15.553707122802734,25.056292877197265,18.54320342871258,22.06679657128742
V44_6e2508c55362,,Zhang2022_AnimNutr_AARelease,N_balance,L_CAS,growing,43.27,1.4292543021032509,35.88,6.62,5.52,23.74,15.69,2.87,9.4632,3.06385,52.98249999999999,17.95593,,,,,confirmation,Historical DOI,0,12.14,25.104,0.0330310677629593,0.8292119251213311,0.8738060351092927,1.6580015216839967,,,,,,,,,35.88,6.62,5.52,23.74,12.14,15.69,2.87,9.4632,3.06385,52.98249999999999,17.95593,1,1,1,0,1,100.0,1,INCLUDED,,0,STRUCTURED_FROM_REPORTED_TREATMENT,0,MASS_BALANCE_NI_MINUS_FN_MINUS_UN,DIRECT_INITIAL_BW_EXISTING,1,INCLUDED_IN_906_MAIN,,,AIA_906_V1_20260806,5.492674123272055,11.470169042420618,6.036000977030359,8.630807284181403,5.848064387669929,9.957148039722382,5.165746212005615,9.113202412923178,16.962843165692675,18.917156834307328,14.666808261211765,21.21319173878824,14.278948624928791,21.601051375071208,15.805212427392313,20.07478757260769
V44_33d524c9cdb1,,Zhang2022_AnimNutr_AARelease,N_balance,N_CGM,growing,43.27,1.6873804971319315,42.36,9.64,8.65,24.07,15.69,2.97,9.1115,3.14106,47.538700000000006,18.38631,,,,,confirmation,Historical DOI,0,18.29,25.104,0.0389965448840289,0.9789692627686618,0.8533523039696381,1.721999670745761,,,,,,,,,42.36,9.64,8.65,24.07,18.29,15.69,2.97,9.1115,3.14106,47.538700000000006,18.38631,1,1,1,0,1,100.0,1,INCLUDED,,0,STRUCTURED_FROM_REPORTED_TREATMENT,0,MASS_BALANCE_NI_MINUS_FN_MINUS_UN,DIRECT_INITIAL_BW_EXISTING,1,INCLUDED_IN_906_MAIN,,,AIA_906_V1_20260806,6.557812795812103,13.36572299638196,6.671750694187953,12.18429222179411,6.632339610654102,12.736169692721925,6.356300671895345,9.871528307596842,19.923535792194063,22.436464207805937,18.856042915982066,23.503957084017937,16.227828979492188,26.13217102050781,19.368509303376023,22.991490696623973
V44_e0a58475edbb,,Zhang2022_AnimNutr_AARelease,N_balance,L_CGM,growing,43.27,1.4902007648183555,37.41,7.19,6.44,23.78,15.69,3.02,9.202980000000002,3.0135000000000005,50.9596,18.119860000000003,,,,,confirmation,Historical DOI,0,13.63,25.104,0.0344395831943229,0.8645712965102841,0.8659007299173391,1.7048825489135038,,,,,,,,,37.41,7.19,6.44,23.78,13.63,15.69,3.02,9.202980000000002,3.0135000000000005,50.9596,18.119860000000003,1,1,1,0,1,97.0,1,INCLUDED,,0,STRUCTURED_FROM_REPORTED_TREATMENT,0,MASS_BALANCE_NI_MINUS_FN_MINUS_UN,DIRECT_INITIAL_BW_EXISTING,1,INCLUDED_IN_906_MAIN,,,AIA_906_V1_20260806,5.745204719700888,12.007714148136136,6.016613469560684,9.728644287996383,5.922733267582082,10.79325792218965,5.3979692459106445,9.23342227935791,17.752918867837025,19.65708113216297,15.745257757557066,21.66474224244293,14.631391525268556,22.77860847473144,16.71599118977173,20.694008810228265
V44_bd0c4e8c547d,,Zhang2022_JASB_StarchPatterns,N_balance,W_LP,growing,35.4,1.04,21.64,4.26,2.05,15.330000000000002,14.4798396079,0.7711534264912101,9.144575629316106,5.446647360213856,73.07306749832925,16.711173202440357,,,,,confirmation,Historical DOI,0,6.31,20.807692307692307,0.0293785310734463,0.6112994350282487,0.8664765443150029,1.5834348355630474,,,,,,,,,21.64,4.26,2.05,15.330000000000002,6.31,14.4798396079,0.7711534264912101,9.144575629316106,5.446647360213856,73.07306749832925,16.711173202440357,1,1,1,0,1,100.0,1,INCLUDED,,0,STRUCTURED_FROM_REPORTED_TREATMENT,0,MASS_BALANCE_NI_MINUS_FN_MINUS_UN,DIRECT_INITIAL_BW_EXISTING,1,INCLUDED_IN_906_MAIN,,,AIA_906_V1_20260806,3.4483048576760065,4.845152638271156,3.832276988810829,6.885660879510219,3.699461148335115,5.93248566873646,3.73774520556132,7.66221268971761,8.293457495947163,13.346542504052838,10.717937868321048,10.922062131678953,11.39995789527893,10.24004210472107,9.631946817071576,12.008053182928425
V44_572798aef863,,Zhang2022_JASB_StarchPatterns,N_balance,CW_LP,growing,35.4,1.067,22.36,4.25,1.37,16.74,14.6483283015,0.7711526213024549,9.0349994409035,5.490327630549033,72.61321704126132,16.709377799588612,,,,,confirmation,Historical DOI,0,5.62,20.95595126522961,0.0301412429378531,0.631638418079096,0.8766531271954748,1.6212871287167636,,,,,,,,,22.36,4.25,1.37,16.74,5.62,14.6483283015,0.7711526213024549,9.0349994409035,5.490327630549033,72.61321704126132,16.709377799588612,1,1,1,0,1,100.0,1,INCLUDED,,0,STRUCTURED_FROM_REPORTED_TREATMENT,0,MASS_BALANCE_NI_MINUS_FN_MINUS_UN,DIRECT_INITIAL_BW_EXISTING,1,INCLUDED_IN_906_MAIN,,,AIA_906_V1_20260806,3.5193646716602425,4.986044389803445,3.844982746726467,6.7128359759844,3.732351556055966,5.906206087971343,3.81041431427002,7.751401265462239,8.505409061463688,13.854590938536312,10.557818722710866,11.802181277289131,11.561815579732258,10.798184420267742,9.638557644027308,12.721442355972693
V44_e720d6329365,,Zhang2022_JASB_StarchPatterns,N_balance,C_LP,growing,35.4,1.07,22.78,4.39,2.17,16.22,14.7872458616,0.7711534264912101,9.043439617820242,5.310521053216309,73.3551827574714,16.711173202440357,,,,,confirmation,Historical DOI,0,6.56,21.289719626168225,0.0302259887005649,0.6435028248587571,0.8848717969987049,1.635135135138349,,,,,,,,,22.78,4.39,2.17,16.22,6.56,14.7872458616,0.7711534264912101,9.043439617820242,5.310521053216309,73.3551827574714,16.711173202440357,1,1,1,0,1,100.0,1,INCLUDED,,0,STRUCTURED_FROM_REPORTED_TREATMENT,0,MASS_BALANCE_NI_MINUS_FN_MINUS_UN,DIRECT_INITIAL_BW_EXISTING,1,INCLUDED_IN_906_MAIN,,,AIA_906_V1_20260806,3.499737691151468,5.0630501017235465,3.849537888516204,6.767836292740564,3.728542109280197,5.971485705124162,3.8313003381093353,7.709240118662517,8.562787792875014,14.217212207124987,10.617374181256768,12.162625818743232,11.54054045677185,11.23945954322815,9.70002781440436,13.079972185595642
V44_6c9079534d8c,,Zhang2022_JASB_StarchPatterns,N_balance,PW_LP,growing,35.4,1.035,21.66,4.73,1.61,15.32,14.5982142857,0.7711526213024549,9.051339285714285,8.683035714285715,73.48549107142858,16.709377799588612,,,,,confirmation,Historical DOI,0,6.340000000000001,20.92753623188406,0.0292372881355932,0.611864406779661,0.8736539720862263,1.6128236744743774,,,,,,,,,21.66,4.73,1.61,15.32,6.340000000000001,14.5982142857,0.7711526213024549,9.051339285714285,8.683035714285715,73.48549107142858,16.709377799588612,1,1,1,0,1,100.0,1,INCLUDED,,0,STRUCTURED_FROM_REPORTED_TREATMENT,0,MASS_BALANCE_NI_MINUS_FN_MINUS_UN,DIRECT_INITIAL_BW_EXISTING,1,INCLUDED_IN_906_MAIN,,,AIA_906_V1_20260806,3.3686474515213662,4.517503185131863,4.103999729089462,6.9662300214197685,3.8496416054874034,5.822365139556433,3.6877872149149575,9.492094993591309,7.886150636653229,13.77384936334677,11.070229750509233,10.589770249490767,13.179882208506266,8.480117791493734,9.672006745043836,11.987993254956164
V44_5d693913308e,,Zhang2022_JASB_StarchPatterns,N_balance,P_LP,growing,35.4,1.048,22.22,4.5,1.91,15.81,14.8909867386,0.7711534264912101,9.22679253764891,5.619240278714317,74.43020903573836,16.711173202440357,,,,,confirmation,Historical DOI,0,6.41,21.20229007633588,0.0296045197740113,0.6276836158192091,0.8910796721576345,1.6138855054818857,,,,,,,,,22.22,4.5,1.91,15.81,6.41,14.8909867386,0.7711534264912101,9.22679253764891,5.619240278714317,74.43020903573836,16.711173202440357,1,1,1,0,1,100.0,1,INCLUDED,,0,STRUCTURED_FROM_REPORTED_TREATMENT,0,MASS_BALANCE_NI_MINUS_FN_MINUS_UN,DIRECT_INITIAL_BW_EXISTING,1,INCLUDED_IN_906_MAIN,,,AIA_906_V1_20260806,3.445296352406617,4.8649240197094645,3.831788661129251,6.958810298929641,3.6981010920114494,5.980700798955246,3.7687366803487135,7.827213764190674,8.310220372116081,13.909779627883918,10.790598960058892,11.429401039941109,11.595950444539389,10.62404955546061,9.678801890966696,12.541198109033305
V44_34c7444815dc,,Qi2025_Animals_SongliaoBlack,Finishing_NBalance_80kg,CON,finishing,59.23,2.5445188786523008,61.53,12.93,10.65,37.95,15.113367923,4.073654319630179,10.366791879098358,4.193281782286692,58.28986057504101,18.21006435932237,,,,,confirmation,Historical DOI,0,23.58,24.1813886767424,0.0429599675612409,1.0388316731386122,0.8299458818366524,1.4578635415139125,,,,,,,,,61.53,12.93,10.65,37.95,23.58,15.113367923,4.073654319630179,10.366791879098358,4.193281782286692,58.28986057504101,18.21006435932237,1,1,1,0,1,100.0,1,INCLUDED,,0,STRUCTURED_FROM_REPORTED_TREATMENT,0,MASS_BALANCE_NI_MINUS_FN_MINUS_UN,DIRECT_INITIAL_BW_EXISTING,1,INCLUDED_IN_906_MAIN,,,AIA_906_V1_20260806,8.913922534729103,18.974726904339352,8.902038971888556,14.913063629967752,8.906149492571004,16.81037365763532,8.764001846313477,16.6198787689209,27.888649439068452,33.64135056093154,23.81510260185631,37.71489739814369,25.38388061523437,36.146119384765626,25.716523150206324,35.81347684979367
V44_c55d9e2d7f4e,,Qi2025_Animals_SongliaoBlack,Finishing_NBalance_80kg,TES,finishing,60.12,2.453947286210318,59.51,11.38,8.51,39.62,15.1567029206,9.10933155331381,9.996923845441431,3.777093574268773,53.86293498288418,19.24048240089173,,,,,confirmation,Historical DOI,0,19.89,24.25072467302365,0.0408174864639108,0.989853626081171,0.7877506709445882,1.5161366791356938,,,,,,,,,59.51,11.38,8.51,39.62,19.89,15.1567029206,9.10933155331381,9.996923845441431,3.777093574268773,53.86293498288418,19.24048240089173,1,1,1,0,1,100.0,1,INCLUDED,,0,STRUCTURED_FROM_REPORTED_TREATMENT,0,MASS_BALANCE_NI_MINUS_FN_MINUS_UN,DIRECT_INITIAL_BW_EXISTING,1,INCLUDED_IN_906_MAIN,,,AIA_906_V1_20260806,8.832795813094199,19.436933792739325,9.005555802765194,15.456260355352653,8.945798176187154,17.315737894339968,8.886251131693522,20.88689676920573,28.269729605833525,31.240270394166476,24.46181615811785,35.04818384188215,29.773147900899254,29.736852099100744,26.26153607052712,33.24846392947288
V44_d9dd44ed873a,,Rachuonyo2015_RevMex_LowProtein,Experiment_I_N_balance,Reduced_CP14,post_weaning,17.58,0.851,18.96,3.43,3.71,11.82,15.612188739,4.037216537688273,10.220929318342638,3.448159671133176,58.29171206181978,18.36123010569116,,,,,confirmation,Historical title,0,7.140000000000001,22.27967097532315,0.0484072810011376,1.0784982935153584,0.8502801091829311,1.527472527471854,,,,,,,,,18.96,3.43,3.71,11.82,7.140000000000001,15.612188739,4.037216537688273,10.220929318342638,3.448159671133176,58.29171206181978,18.36123010569116,1,1,1,0,1,100.0,1,INCLUDED,,0,EXISTING_REVIEWER_FORMULA,1,MASS_BALANCE_NI_MINUS_FN_MINUS_UN,DIRECT_INITIAL_BW_EXISTING,1,INCLUDED_IN_906_MAIN,,,AIA_906_V1_20260806,3.853833421190944,1.5735244862119675,3.31455850592058,2.828448222057149,3.501093531021018,2.242240250805401,3.6494274139404297,3.243166923522949,5.427357907402912,13.53264209259709,6.143006727977729,12.816993272022271,6.892594337463379,12.067405662536622,5.7433337818264185,13.216666218173582
V44_e5d9d51ad48d,,Rachuonyo2015_RevMex_LowProtein,Experiment_I_N_balance,Normal_CP19,post_weaning,17.82,0.859,25.83,3.58,8.5,13.75,21.0891349113,3.9556038374597553,10.174385832229426,3.802774859014085,50.87137904881943,18.58372419090917,,,,,confirmation,Historical title,0,12.08,30.06984866123399,0.0482042648709315,1.4494949494949494,1.1348174722489928,2.0727673649347853,,,,,,,,,25.83,3.58,8.5,13.75,12.08,21.0891349113,3.9556038374597553,10.174385832229426,3.802774859014085,50.87137904881943,18.58372419090917,1,1,1,0,1,100.0,1,INCLUDED,,0,EXISTING_REVIEWER_FORMULA,1,MASS_BALANCE_NI_MINUS_FN_MINUS_UN,DIRECT_INITIAL_BW_EXISTING,1,INCLUDED_IN_906_MAIN,,,AIA_906_V1_20260806,4.200265556997607,5.1066993378786405,3.407173258846004,6.71365181077588,3.681503637570377,5.963001932916462,4.12637456258138,4.938456376393636,9.306964894876248,16.52303510512375,10.120825069621883,15.709174930378117,9.064830938975016,16.765169061024984,9.64450557048684,16.18549442951316
V44_765e269b1098,,Shui2026_VetSci_DiversifiedLP,growing_N_balance_diversified_low_protein,CON,growing,31.1,1.813,43.92,8.44,11.9,23.580000000000005,15.1406508549,3.7893168158628887,12.960419870890265,4.381103088760977,49.53506416693185,18.11700058808912,,,,,confirmation,Historical DOI,0,20.34,24.22504136789852,0.0582958199356913,1.412218649517685,0.8357150942995555,1.1682222494123544,,,,,,,,,43.92,8.44,11.9,23.580000000000005,20.34,15.1406508549,3.7893168158628887,12.960419870890265,4.381103088760977,49.53506416693185,18.11700058808912,1,1,1,0,1,100.0,1,INCLUDED,,0,EXISTING_REVIEWER_FORMULA,1,MASS_BALANCE_NI_MINUS_FN_MINUS_UN,DIRECT_INITIAL_BW_EXISTING,1,INCLUDED_IN_906_MAIN,,,AIA_906_V1_20260806,7.535655969952696,9.760480888830472,6.52816985398825,12.54121745437222,6.876658987467696,11.2422620723753,7.719051361083984,8.483973185221354,17.296136858783168,26.623863141216837,19.06938730836047,24.850612691639533,16.203024546305336,27.716975453694666,18.118921059843,25.801078940157005
V44_da8eccb6848a,,Shui2026_VetSci_DiversifiedLP,growing_N_balance_diversified_low_protein,LP,growing,31.31,1.813,38.73,7.42,8.76,22.55,13.3514892443,3.491896760959986,13.03390669596398,4.252913857387873,52.80422522433899,17.965460407318506,,,,,confirmation,Historical DOI,0,16.18,21.36238279095421,0.0579048227403385,1.2369849888214628,0.7431754567704296,1.0243658755386336,,,,,,,,,38.73,7.42,8.76,22.55,16.18,13.3514892443,3.491896760959986,13.03390669596398,4.252913857387873,52.80422522433899,17.965460407318506,1,1,1,0,1,100.0,1,INCLUDED,,0,EXISTING_REVIEWER_FORMULA,1,MASS_BALANCE_NI_MINUS_FN_MINUS_UN,DIRECT_INITIAL_BW_EXISTING,1,INCLUDED_IN_906_MAIN,,,AIA_906_V1_20260806,6.752412699681972,6.794163497491855,6.02932544799688,8.364477042077771,6.279441102969007,7.630942173856571,6.264700730641683,6.867056369781494,13.546576197173827,25.18342380282617,14.393802490074652,24.336197509925345,13.131757100423176,25.59824289957682,13.910383276825575,24.81961672317442
V44_827e2e15ad41,,Shui2026_VetSci_DiversifiedLP,growing_N_balance_diversified_low_protein,DLP,growing,31.02,1.811,38.3,7.69,9.04,21.57,13.21783545,4.599266825646923,14.741224778161614,5.099595030425918,50.09511196191282,18.15797997708928,,,,,confirmation,Historical DOI,0,16.73,21.148536720044174,0.058381689232753,1.2346872985170856,0.7279353467003226,0.8966578862281214,,,,,,,,,38.3,7.69,9.04,21.57,16.73,13.21783545,4.599266825646923,14.741224778161614,5.099595030425918,50.09511196191282,18.15797997708928,1,1,1,0,1,100.0,1,INCLUDED,,0,EXISTING_REVIEWER_FORMULA,1,MASS_BALANCE_NI_MINUS_FN_MINUS_UN,DIRECT_INITIAL_BW_EXISTING,1,INCLUDED_IN_906_MAIN,,,AIA_906_V1_20260806,7.091164915714827,6.535602339547676,7.409268242427097,9.242353687174107,7.299236400869888,7.977958751567616,6.724851131439209,6.919640223185222,13.626767255262504,24.673232744737494,16.651621929601205,21.648378070398792,13.644491354624432,24.65550864537557,15.277195152437503,23.02280484756249
V44_5aea65b849bc,,Shui2026_VetSci_DiversifiedLP,growing_N_balance_diversified_low_protein,DLP_CE,growing,31.13,1.811,38.32,7.07,8.47,22.78,13.224737714,4.597887115888886,14.738323297632176,5.098682871619404,50.05315349034316,18.147791193803823,,,,,confirmation,Historical DOI,0,15.54,21.15958034235229,0.0581753935110825,1.2309669129457117,0.7287243705181766,0.8973027288745019,,,,,,,,,38.32,7.07,8.47,22.78,15.54,13.224737714,4.597887115888886,14.738323297632176,5.098682871619404,50.05315349034316,18.147791193803823,1,1,1,0,1,100.0,1,INCLUDED,,0,EXISTING_REVIEWER_FORMULA,1,MASS_BALANCE_NI_MINUS_FN_MINUS_UN,DIRECT_INITIAL_BW_EXISTING,1,INCLUDED_IN_906_MAIN,,,AIA_906_V1_20260806,7.094641250434365,6.589535061554786,7.421707124615986,9.319353687174107,7.3085751406827475,8.0441834176981,6.728467146555583,6.947719732920329,13.684176311989152,24.63582368801085,16.741060811790092,21.578939188209908,13.676186879475912,24.643813120524086,15.352758558380849,22.96724144161915
V44_4a2e9b2d9809,,Panaite2025_Agriculture_Peas,growing_finishing_pea_inclusion_total_collection,T0,growing_finishing_pig,20.0,2.16,60.41,11.22,14.57,34.62,19.7467785952,2.843536117704341,11.095506930837187,4.264316104174977,52.25424372376851,18.170513884524222,,,,,confirmation,Historical DOI,0,25.79,27.967592592592588,0.108,3.0205,1.0867484937791592,1.7797094552136925,,,,,,,,,60.41,11.22,14.57,34.62,25.79,19.7467785952,2.843536117704341,11.095506930837187,4.264316104174977,52.25424372376851,18.170513884524222,1,1,1,0,1,100.0,1,INCLUDED,,0,EXISTING_REVIEWER_FORMULA,1,MASS_BALANCE_NI_MINUS_FN_MINUS_UN,DIRECT_INITIAL_BW_EXISTING,1,INCLUDED_IN_906_MAIN,,,AIA_906_V1_20260806,10.27928404734619,10.73178958589462,9.413301083298458,15.859075257035547,9.712844320636338,13.463984905761418,9.954624811808268,18.789650599161785,21.01107363324081,39.398926366759184,25.27237634033401,35.13762365966599,28.74427541097005,31.665724589029946,23.17682922639776,37.23317077360224
V44_c3084f90acae,,Panaite2025_Agriculture_Peas,growing_finishing_pea_inclusion_total_collection,T10,growing_finishing_pig,20.0,2.44,68.45,10.85,17.75,39.85,19.7444971804,2.6626864769036205,11.339403280677956,4.551708468775884,52.31889673616692,18.08135510207397,,,,,confirmation,Historical DOI,0,28.6,28.0532786885246,0.122,3.4225000000000003,1.0919810527992595,1.7412289422710718,,,,,,,,,68.45,10.85,17.75,39.85,28.6,19.7444971804,2.6626864769036205,11.339403280677956,4.551708468775884,52.31889673616692,18.08135510207397,1,1,1,0,1,100.0,1,INCLUDED,,0,EXISTING_REVIEWER_FORMULA,1,MASS_BALANCE_NI_MINUS_FN_MINUS_UN,DIRECT_INITIAL_BW_EXISTING,1,INCLUDED_IN_906_MAIN,,,AIA_906_V1_20260806,11.65868243906336,12.10235374189778,9.802265275065553,21.176756479585,10.444399393448576,16.93786365507539,11.139057159423828,24.522538503011067,23.761036180961145,44.68896381903886,30.979021754650557,37.47097824534945,35.66159566243489,32.78840433756511,27.382263048523967,41.06773695147604
V44_c89925e83498,,Panaite2025_Agriculture_Peas,growing_finishing_pea_inclusion_total_collection,T20,growing_finishing_pig,20.0,2.3,64.3,8.51,17.8,37.99,19.741991351,2.481850341265704,11.576571919397622,4.836664386372656,52.39197046959091,17.99014583578228,,,,,confirmation,Historical DOI,0,26.31,27.95652173913044,0.1149999999999999,3.215,1.0973780608122314,1.705340016755777,,,,,,,,,64.3,8.51,17.8,37.99,26.31,19.741991351,2.481850341265704,11.576571919397622,4.836664386372656,52.39197046959091,17.99014583578228,1,1,1,0,1,100.0,1,INCLUDED,,0,EXISTING_REVIEWER_FORMULA,1,MASS_BALANCE_NI_MINUS_FN_MINUS_UN,DIRECT_INITIAL_BW_EXISTING,1,INCLUDED_IN_906_MAIN,,,AIA_906_V1_20260806,10.989985867006862,11.222406732602522,9.469380295919152,16.585688327597563,9.99535728898679,14.080358056721442,10.623987833658854,21.968089421590168,22.212392599609384,42.08760740039061,26.055068623516718,38.24493137648328,32.59207725524902,31.707922744750974,24.075715345708232,40.224284654291765
V44_8aa14d7c0f8b,,Humphrey2022_JAS_BenzoicAcid,four_period_growing_pig_metabolism_stall_trial,PC,growing_pig,33.09,1.608129092,46.27,4.88,13.18,28.21,18.2750918109,5.0203432927088505,8.493740126246372,3.2643495020704,50.05020391152169,18.48606528126564,,,,,confirmation,Historical DOI,0,18.06,28.77256572882148,0.0485986428528256,1.3983076458144454,0.9885874323629352,2.151595356023247,,,,,,,,,46.27,4.88,13.18,28.21,18.06,18.2750918109,5.0203432927088505,8.493740126246372,3.2643495020704,50.05020391152169,18.48606528126564,1,1,1,0,1,100.0,1,INCLUDED,,0,EXISTING_REVIEWER_FORMULA,1,MASS_BALANCE_NI_MINUS_FN_MINUS_UN,DIRECT_INITIAL_BW_EXISTING,1,INCLUDED_IN_906_MAIN,,,AIA_906_V1_20260806,6.888465648784691,13.678016904416095,7.130261782831378,11.66795711999999,7.0466245754323005,12.60690905361985,7.248367309570312,9.19498062133789,20.566482553200785,25.703517446799214,18.79821890283137,27.471781097168638,16.443347930908203,29.8266520690918,19.65353362905215,26.61646637094785
V44_14813844f6c8,,Humphrey2022_JAS_BenzoicAcid,four_period_growing_pig_metabolism_stall_trial,PC_BA,growing_pig,33.09,1.60679238667,45.74,4.47,10.64,30.630000000000003,18.0505551976,5.007998174092171,8.462544130938753,3.255065090063618,49.81714990213596,18.40918910462211,,,,,confirmation,Historical DOI,0,15.11,28.46665218198721,0.0485582468017527,1.3822907222725898,0.9805187558787114,2.13299392219508,,,,,,,,,45.74,4.47,10.64,30.630000000000003,15.11,18.0505551976,5.007998174092171,8.462544130938753,3.255065090063618,49.81714990213596,18.40918910462211,1,1,1,0,1,100.0,1,INCLUDED,,0,EXISTING_REVIEWER_FORMULA,1,MASS_BALANCE_NI_MINUS_FN_MINUS_UN,DIRECT_INITIAL_BW_EXISTING,1,INCLUDED_IN_906_MAIN,,,AIA_906_V1_20260806,6.831169646832699,13.448780158315518,7.131075911861854,11.440369013333326,7.027338428268823,12.378550823996488,7.21034304300944,8.982844034830729,20.279949805148217,25.460050194851785,18.57144492519518,27.16855507480482,16.193187077840168,29.546812922159837,19.40588925226531,26.33411074773469
V44_037ad5a928c3,,Humphrey2022_JAS_BenzoicAcid,four_period_growing_pig_metabolism_stall_trial,PC_BA_DFM,growing_pig,33.09,1.60602566967,46.53,5.0,12.71,28.82,18.2129668405,5.006969851876126,8.459945570647637,3.254291718221198,49.79773699709787,18.349651512310857,,,,,confirmation,Historical DOI,0,17.71,28.972139660483016,0.0485350761459655,1.4061650045330916,0.9925511025798416,2.152846810704213,,,,,,,,,46.53,5.0,12.71,28.82,17.71,18.2129668405,5.006969851876126,8.459945570647637,3.254291718221198,49.79773699709787,18.349651512310857,1,1,1,0,1,100.0,1,INCLUDED,,0,EXISTING_REVIEWER_FORMULA,1,MASS_BALANCE_NI_MINUS_FN_MINUS_UN,DIRECT_INITIAL_BW_EXISTING,1,INCLUDED_IN_906_MAIN,,,AIA_906_V1_20260806,6.898448839117467,13.831469022788646,7.125898701634903,11.77450711999999,7.047223865086071,12.735368269991524,7.2660627365112305,9.303099314371744,20.729917861906117,25.800082138093888,18.90040582163489,27.629594178365107,16.569162050882973,29.96083794911703,19.782592135077596,26.74740786492241
V44_54c9e5b7874a,,Humphrey2022_JAS_BenzoicAcid,four_period_growing_pig_metabolism_stall_trial,NC,growing_pig,33.09,1.59515571967,38.33,4.36,9.02,24.95,15.3143593436,4.904933541608378,8.609919295226065,3.042872812225443,55.57813847445492,18.25059555125364,,,,,confirmation,Historical DOI,0,13.38,24.0290020136276,0.0482065796213357,1.1583559987911751,0.8391155949181095,1.7786879085023874,,,,,,,,,38.33,4.36,9.02,24.95,13.38,15.3143593436,4.904933541608378,8.609919295226065,3.042872812225443,55.57813847445492,18.25059555125364,1,1,1,0,1,100.0,1,INCLUDED,,0,EXISTING_REVIEWER_FORMULA,1,MASS_BALANCE_NI_MINUS_FN_MINUS_UN,DIRECT_INITIAL_BW_EXISTING,1,INCLUDED_IN_906_MAIN,,,AIA_906_V1_20260806,5.864749603924361,9.479528844394666,6.588996009737947,7.501712142015767,6.338479403714082,8.425602481717169,6.095614274342855,6.882279872894287,15.344278448319027,22.98572155168097,14.090708151753711,24.239291848246285,12.97789414723714,25.352105852762858,14.764081885431253,23.565918114568746
V44_e0f144166dc2,,Li2024_JASB_GlucoseRelease,glucose_release_4_starch_sources_total_collection,A_corn,weaned_piglet,15.0,1.244703793352601,39.29,6.27,7.38,25.64,19.7285893488,8.153590145782934,8.34758809442354,3.113239822100581,50.78116090774319,19.59174364237656,,,,,confirmation,Historical DOI,0,13.65,31.56574295814802,0.0829802528901734,2.619333333333333,1.006984866121229,2.363387978136984,,,,,,,,,39.29,6.27,7.38,25.64,13.65,19.7285893488,8.153590145782934,8.34758809442354,3.113239822100581,50.78116090774319,19.59174364237656,1,1,1,0,1,100.0,1,INCLUDED,,0,EXISTING_REVIEWER_FORMULA,1,MASS_BALANCE_NI_MINUS_FN_MINUS_UN,DIRECT_INITIAL_BW_EXISTING,1,INCLUDED_IN_906_MAIN,,,AIA_906_V1_20260806,6.364297876247354,7.601497004399775,7.016872029997622,5.091291602674549,6.791146833622272,6.263874743736487,5.96720822652181,5.080326716105144,13.96579488064713,25.324205119352868,12.108163632672172,27.181836367327826,11.047534942626951,28.24246505737305,13.055021577358758,26.23497842264124
V44_743d86941875,,Li2024_JASB_GlucoseRelease,glucose_release_4_starch_sources_total_collection,B_corn_barley,weaned_piglet,15.0,1.2184121071829404,39.58,5.69,5.73,28.16,20.3030648285,8.056643521026375,9.49071436709582,3.6003190156089784,50.4272530477384,19.53970604990316,,,,,confirmation,Historical DOI,0,11.420000000000002,32.48490372564658,0.081227473812196,2.6386666666666665,1.039067055392096,2.1392557022778447,,,,,,,,,39.58,5.69,5.73,28.16,11.420000000000002,20.3030648285,8.056643521026375,9.49071436709582,3.6003190156089784,50.4272530477384,19.53970604990316,1,1,1,0,1,100.0,1,INCLUDED,,0,EXISTING_REVIEWER_FORMULA,1,MASS_BALANCE_NI_MINUS_FN_MINUS_UN,DIRECT_INITIAL_BW_EXISTING,1,INCLUDED_IN_906_MAIN,,,AIA_906_V1_20260806,6.535444592274198,8.041793421043366,7.228449303449636,5.243339666185956,6.988739189863094,6.550571214541323,6.215254624684651,5.473734378814697,14.577238013317563,25.00276198668244,12.471788969635591,27.108211030364405,11.688989003499348,27.89101099650065,13.539310404404418,26.04068959559558
V44_3c8e73b695d4,,Li2024_JASB_GlucoseRelease,glucose_release_4_starch_sources_total_collection,C_corn_sorghum,weaned_piglet,15.0,1.2525691260744989,39.7,7.26,6.04,26.40000000000001,19.8092859575,8.316425850424817,8.128050857077989,3.008286979225792,50.823021909410826,19.48007719377909,,,,,confirmation,Historical DOI,0,13.3,31.69485753206947,0.0835046084049666,2.646666666666667,1.016899766897538,2.4371508379834843,,,,,,,,,39.7,7.26,6.04,26.40000000000001,13.3,19.8092859575,8.316425850424817,8.128050857077989,3.008286979225792,50.823021909410826,19.48007719377909,1,1,1,0,1,100.0,1,INCLUDED,,0,EXISTING_REVIEWER_FORMULA,1,MASS_BALANCE_NI_MINUS_FN_MINUS_UN,DIRECT_INITIAL_BW_EXISTING,1,INCLUDED_IN_906_MAIN,,,AIA_906_V1_20260806,6.400585024510706,7.798075165618462,7.183424943204372,5.123274936007882,6.912640859338841,6.372744661789823,5.941869735717773,5.220704237620036,14.198660190129168,25.501339809870835,12.306699879212252,27.39330012078775,11.16257397333781,28.537426026662192,13.285385521128664,26.41461447887134
V44_bd32de318955,,Li2024_JASB_GlucoseRelease,glucose_release_4_starch_sources_total_collection,D_corn_cassava,weaned_piglet,15.0,1.2205497775305896,40.01,6.91,4.95,28.149999999999995,20.4876937101,7.992089331560543,8.956244302643574,3.2702825888787603,50.68368277119416,19.56472196900638,,,,,confirmation,Historical DOI,0,11.86,32.7803099361896,0.0813699851687059,2.667333333333333,1.047175305764925,2.2875318066137096,,,,,,,,,40.01,6.91,4.95,28.149999999999995,11.86,20.4876937101,7.992089331560543,8.956244302643574,3.2702825888787603,50.68368277119416,19.56472196900638,1,1,1,0,1,100.0,1,INCLUDED,,0,EXISTING_REVIEWER_FORMULA,1,MASS_BALANCE_NI_MINUS_FN_MINUS_UN,DIRECT_INITIAL_BW_EXISTING,1,INCLUDED_IN_906_MAIN,,,AIA_906_V1_20260806,6.499216090754229,8.351511508974987,7.084020184644003,5.312808384999998,6.881736630850521,6.73226674940971,6.104114850362142,5.729874769846599,14.850727599729217,25.159272400270783,12.396828569644,27.613171430356,11.83398962020874,28.176010379791258,13.614003380260232,26.39599661973977
V44_3cd1c13cd981,V39_38,Hellwing2007_BPMPig,DietMainEffect,P1,growing-finishing,49.0,1.722384,59.450032,13.519789,18.335057,27.595186000000005,21.5725819562,3.5399665777,14.3775310189,5.2683733711,48.1930617894,18.6018089544,,,,,confirmation,Historical Study_ID,0,31.854846,34.5161311298758,0.035150693877551,1.2132659591836734,1.1597034465348224,1.5004371701818442,,,,,,,,,59.450032,13.519789,18.335057,27.595186000000005,31.854846,21.5725819562,3.5399665777,14.3775310189,5.2683733711,48.1930617894,18.6018089544,1,1,1,0,1,100.0,1,INCLUDED,,0,STRUCTURED_FROM_REPORTED_TREATMENT,0,MASS_BALANCE_NI_MINUS_FN_MINUS_UN,DIRECT_INITIAL_BW_EXISTING,1,INCLUDED_IN_906_MAIN,,,AIA_906_V1_20260806,9.00421478903413,20.86015053731986,9.032214808470776,17.208467039822846,9.022529610475225,18.914264701925,8.410834630330404,20.718130111694336,29.86436532635399,29.58566667364601,26.240681848293622,33.209350151706374,29.128964742024746,30.32106725797526,27.936794312400224,31.513237687599776
V44_a1dbfd3c9b7c,V39_39,Hellwing2007_BPMPig,DietMainEffect,P2,growing-finishing,51.4,1.862062,65.268143,15.74114,20.348303,29.178699999999992,21.9072132802,4.0032518444,14.0996647445,4.9657965316,49.4086163854,18.686104704,,,,,confirmation,Historical Study_ID,0,36.089443,35.051541248358,0.036226887159533,1.2698082295719844,1.1723798847980595,1.5537400127719754,,,,,,,,,65.268143,15.74114,20.348303,29.178699999999992,36.089443,21.9072132802,4.0032518444,14.0996647445,4.9657965316,49.4086163854,18.686104704,1,1,1,0,1,100.0,1,INCLUDED,,0,STRUCTURED_FROM_REPORTED_TREATMENT,0,MASS_BALANCE_NI_MINUS_FN_MINUS_UN,DIRECT_INITIAL_BW_EXISTING,1,INCLUDED_IN_906_MAIN,,,AIA_906_V1_20260806,9.81659497992162,23.29531932388325,9.281917894809856,18.390802371959307,9.466862531891575,20.68183157973886,9.037840843200684,23.08667755126953,33.111914303804866,32.15622869619513,27.67272026676916,37.59542273323083,32.124518394470215,33.14362460552978,30.148694111630437,35.11944888836956
V44_ee0d48cbec3a,V39_40,Hellwing2007_BPMPig,DietMainEffect,P3,growing-finishing,50.5,1.761779,60.241483,15.912845,19.133301,25.195337,21.3709704083,5.0798430982,13.7199513877,4.6335842936,50.5907763731,18.892576961,,,,,confirmation,Historical Study_ID,0,35.046146,34.193552653312366,0.0348867128712871,1.1929006534653466,1.1311834511732388,1.5576564234374164,,,,,,,,,60.241483,15.912845,19.133301,25.195337,35.046146,21.3709704083,5.0798430982,13.7199513877,4.6335842936,50.5907763731,18.892576961,1,1,1,0,1,100.0,1,INCLUDED,,0,STRUCTURED_FROM_REPORTED_TREATMENT,0,MASS_BALANCE_NI_MINUS_FN_MINUS_UN,DIRECT_INITIAL_BW_EXISTING,1,INCLUDED_IN_906_MAIN,,,AIA_906_V1_20260806,8.98956551015312,21.29315709943282,8.66873274380009,16.988361754584897,8.779708697678274,18.999245184132675,8.337911605834961,21.44775390625,30.28272260958594,29.958760390414064,25.657094498384986,34.58438850161502,29.78566551208496,30.45581748791504,27.77895388181095,32.46252911818905
V44_5aef3942f8a7,V39_41,Hellwing2007_BPMPig,DietMainEffect,P4,growing-finishing,51.2,1.856625,64.69477,16.460799,20.288892,27.945079000000003,21.7783511748,6.4277390707,13.3834658079,4.3256666951,51.4593722557,19.0419999019,,,,,confirmation,Historical Study_ID,0,36.749691,34.84536187975493,0.03626220703125,1.2635697265625,1.1437008343134678,1.627257953014283,,,,,,,,,64.69477,16.460799,20.288892,27.945079000000003,36.749691,21.7783511748,6.4277390707,13.3834658079,4.3256666951,51.4593722557,19.0419999019,1,1,1,0,1,100.0,1,INCLUDED,,0,STRUCTURED_FROM_REPORTED_TREATMENT,0,MASS_BALANCE_NI_MINUS_FN_MINUS_UN,DIRECT_INITIAL_BW_EXISTING,1,INCLUDED_IN_906_MAIN,,,AIA_906_V1_20260806,9.606547050313951,23.157206434580893,8.967376076896796,17.565945060151634,9.188465117372685,20.17777069817335,8.772472699483236,23.613238016764324,32.76375348489484,31.931016515105163,26.533321137048432,38.16144886295157,32.38571071624756,32.30905928375245,29.366235815546037,35.32853418445397
