Record_ID,Source_unit,Ingredient_Class,Ingredient_Class_CN,Sample_ID,Pig_Ordinal,Stage_Group_std,Initial_BW_kg,DMI_kg_d,N_Intake_g_d,Analysis_N_Intake_g_d,Analysis_Fecal_N_g_d,Analysis_Urinary_N_g_d,Analysis_Retained_N_g_d,Analysis_Total_N_Excretion_g_d,N_to_DMI_g_kg,DMI_per_BW,N_Intake_per_BW,Analysis_Diet_CP_pct_DM,Analysis_Diet_EE_pct_DM,Analysis_Diet_NDF_pct_DM,Analysis_Diet_ADF_pct_DM,Diet_Ash_pct_DM,Analysis_Diet_Starch_pct_DM,Diet_DM_pct_asfed,Raw_Diet_CP_pct_asfed,Raw_Diet_CP_pct_DM_derived,CP_N_consistent_minus_raw_DM,CP_consistency_status,Reported_BW_text,Backcalculated_BW_kg_not_used,Origin,Formula_Provenance,Starch_rule,BW_rule,DMI_NI_decision_time_rule,P2_source,Mass_balance_error_g_d,MLR_FN_pred,MLR_UN_pred,RF_FN_pred,RF_UN_pred,MLR+RF_FN_pred,MLR+RF_UN_pred,TabM_FN_pred,TabM_UN_pred,MLR_TNE_pred,MLR_RN_pred,RF_TNE_pred,RF_RN_pred,TabM_TNE_pred,TabM_RN_pred,MLR+RF_TNE_pred,MLR+RF_RN_pred
REALV6R_0061,Barley::RealV6_大麦_sample1,Barley,大麦,1,1,growing,29.5,0.53046,13.323375000000002,13.323375000000002,1.748972048299774,1.5921071875,9.982295764200227,3.341079235799774,25.116644044791315,0.0179816949152542,0.4516398305084746,15.697902527994572,2.171700033932813,20.778192512159254,4.592240696753761,5.395317271801832,,88.41,13.88,15.699581495305962,-0.0016789673113883,CONSISTENT,29.5±1.3 kg,15.0,"Ukrainian barley — Shanghai port, Shanghai, China",Barley paper Table 4,MISSING_IN_TARGET__IMPUTED_906_TRAINING_MEDIAN,REPORTED_INITIAL_BW__NOT_DMI_BACKCALCULATION,RETROSPECTIVE_PRE_FN_UN_LAB_INFORMATION,TARGET_DM_CP_N_HARMONIZED_AND_CHEMISTRY_CROSSCHECKED,1.7763568394002505e-15,3.847380335316509,3.817826902333104,1.8499655318012795,7.463774646826518,2.540870689744522,5.760656306212834,2.702662547429403,4.156342188517253,7.6652072376496125,5.65816776235039,9.313740178627796,4.009634821372206,6.859004735946655,6.464370264053347,8.301526995957357,5.021848004042646
REALV6R_0062,Barley::RealV6_大麦_sample1,Barley,大麦,1,2,growing,29.5,0.53046,13.323375000000002,13.323375000000002,1.818797651758154,4.0902518125,7.414325535741848,5.909049464258154,25.116644044791315,0.0179816949152542,0.4516398305084746,15.697902527994572,2.171700033932813,20.778192512159254,4.592240696753761,5.395317271801832,,88.41,13.88,15.699581495305962,-0.0016789673113883,CONSISTENT,29.5±1.3 kg,15.0,"Ukrainian barley — Shanghai port, Shanghai, China",Barley paper Table 4,MISSING_IN_TARGET__IMPUTED_906_TRAINING_MEDIAN,REPORTED_INITIAL_BW__NOT_DMI_BACKCALCULATION,RETROSPECTIVE_PRE_FN_UN_LAB_INFORMATION,TARGET_DM_CP_N_HARMONIZED_AND_CHEMISTRY_CROSSCHECKED,8.881784197001252e-16,3.847380335316509,3.817826902333104,1.8499655318012795,7.463774646826518,2.540870689744522,5.760656306212834,2.702662547429403,4.156342188517253,7.6652072376496125,5.65816776235039,9.313740178627796,4.009634821372206,6.859004735946655,6.464370264053347,8.301526995957357,5.021848004042646
REALV6R_0063,Barley::RealV6_大麦_sample1,Barley,大麦,1,3,growing,29.5,0.53046,13.323375000000002,13.323375000000002,1.898294763568601,2.0280118125,9.3970684239314,3.926306576068601,25.116644044791315,0.0179816949152542,0.4516398305084746,15.697902527994572,2.171700033932813,20.778192512159254,4.592240696753761,5.395317271801832,,88.41,13.88,15.699581495305962,-0.0016789673113883,CONSISTENT,29.5±1.3 kg,15.0,"Ukrainian barley — Shanghai port, Shanghai, China",Barley paper Table 4,MISSING_IN_TARGET__IMPUTED_906_TRAINING_MEDIAN,REPORTED_INITIAL_BW__NOT_DMI_BACKCALCULATION,RETROSPECTIVE_PRE_FN_UN_LAB_INFORMATION,TARGET_DM_CP_N_HARMONIZED_AND_CHEMISTRY_CROSSCHECKED,0.0,3.847380335316509,3.817826902333104,1.8499655318012795,7.463774646826518,2.540870689744522,5.760656306212834,2.702662547429403,4.156342188517253,7.6652072376496125,5.65816776235039,9.313740178627796,4.009634821372206,6.859004735946655,6.464370264053347,8.301526995957357,5.021848004042646
REALV6R_0064,Barley::RealV6_大麦_sample1,Barley,大麦,1,4,growing,29.5,0.53046,13.323375000000002,13.323375000000002,1.788985723330168,4.460007750000001,7.074381526669834,6.248993473330168,25.116644044791315,0.0179816949152542,0.4516398305084746,15.697902527994572,2.171700033932813,20.778192512159254,4.592240696753761,5.395317271801832,,88.41,13.88,15.699581495305962,-0.0016789673113883,CONSISTENT,29.5±1.3 kg,15.0,"Ukrainian barley — Shanghai port, Shanghai, China",Barley paper Table 4,MISSING_IN_TARGET__IMPUTED_906_TRAINING_MEDIAN,REPORTED_INITIAL_BW__NOT_DMI_BACKCALCULATION,RETROSPECTIVE_PRE_FN_UN_LAB_INFORMATION,TARGET_DM_CP_N_HARMONIZED_AND_CHEMISTRY_CROSSCHECKED,0.0,3.847380335316509,3.817826902333104,1.8499655318012795,7.463774646826518,2.540870689744522,5.760656306212834,2.702662547429403,4.156342188517253,7.6652072376496125,5.65816776235039,9.313740178627796,4.009634821372206,6.859004735946655,6.464370264053347,8.301526995957357,5.021848004042646
REALV6R_0065,Barley::RealV6_大麦_sample1,Barley,大麦,1,5,growing,29.5,0.53046,13.323375000000002,13.323375000000002,1.608504984618891,3.547650312500001,8.167219702881109,5.156155297118892,25.116644044791315,0.0179816949152542,0.4516398305084746,15.697902527994572,2.171700033932813,20.778192512159254,4.592240696753761,5.395317271801832,,88.41,13.88,15.699581495305962,-0.0016789673113883,CONSISTENT,29.5±1.3 kg,15.0,"Ukrainian barley — Shanghai port, Shanghai, China",Barley paper Table 4,MISSING_IN_TARGET__IMPUTED_906_TRAINING_MEDIAN,REPORTED_INITIAL_BW__NOT_DMI_BACKCALCULATION,RETROSPECTIVE_PRE_FN_UN_LAB_INFORMATION,TARGET_DM_CP_N_HARMONIZED_AND_CHEMISTRY_CROSSCHECKED,0.0,3.847380335316509,3.817826902333104,1.8499655318012795,7.463774646826518,2.540870689744522,5.760656306212834,2.702662547429403,4.156342188517253,7.6652072376496125,5.65816776235039,9.313740178627796,4.009634821372206,6.859004735946655,6.464370264053347,8.301526995957357,5.021848004042646
REALV6R_0066,Barley::RealV6_大麦_sample1,Barley,大麦,1,6,growing,29.5,0.53046,13.323375000000002,13.323375000000002,1.990985826572806,3.0749203125,8.257468860927196,5.065906139072807,25.116644044791315,0.0179816949152542,0.4516398305084746,15.697902527994572,2.171700033932813,20.778192512159254,4.592240696753761,5.395317271801832,,88.41,13.88,15.699581495305962,-0.0016789673113883,CONSISTENT,29.5±1.3 kg,15.0,"Ukrainian barley — Shanghai port, Shanghai, China",Barley paper Table 4,MISSING_IN_TARGET__IMPUTED_906_TRAINING_MEDIAN,REPORTED_INITIAL_BW__NOT_DMI_BACKCALCULATION,RETROSPECTIVE_PRE_FN_UN_LAB_INFORMATION,TARGET_DM_CP_N_HARMONIZED_AND_CHEMISTRY_CROSSCHECKED,0.0,3.847380335316509,3.817826902333104,1.8499655318012795,7.463774646826518,2.540870689744522,5.760656306212834,2.702662547429403,4.156342188517253,7.6652072376496125,5.65816776235039,9.313740178627796,4.009634821372206,6.859004735946655,6.464370264053347,8.301526995957357,5.021848004042646
REALV6R_0067,Barley::RealV6_大麦_sample2,Barley,大麦,2,1,growing,29.5,0.5275799999999999,12.872249999999998,12.872249999999998,2.514460252430183,1.166983125,9.190806622569816,3.681443377430183,24.39866939611054,0.0178840677966101,0.4363474576271186,15.249168372569088,2.3541453428863868,20.01592175594223,4.617309223245764,5.265552143750711,,87.92999999999999,13.41,15.250767656090073,-0.001599283520985,CONSISTENT,29.5±1.3 kg,15.0,"Australian barley — Shanghai port, Shanghai, China",Barley paper Table 4,MISSING_IN_TARGET__IMPUTED_906_TRAINING_MEDIAN,REPORTED_INITIAL_BW__NOT_DMI_BACKCALCULATION,RETROSPECTIVE_PRE_FN_UN_LAB_INFORMATION,TARGET_DM_CP_N_HARMONIZED_AND_CHEMISTRY_CROSSCHECKED,0.0,3.824024298271453,3.8949824319170334,1.869434656622319,7.469804745324821,2.5455266044246496,5.799910969256512,2.645249684651693,4.130056540171306,7.719006730188486,5.153243269811512,9.33923940194714,3.533010598052858,6.775306224822998,6.0969437751769995,8.345437573681162,4.526812426318836
REALV6R_0068,Barley::RealV6_大麦_sample2,Barley,大麦,2,2,growing,29.5,0.5275799999999999,12.872249999999998,12.872249999999998,2.113109516607147,3.6160540625,7.143086420892851,5.729163579107147,24.39866939611054,0.0178840677966101,0.4363474576271186,15.249168372569088,2.3541453428863868,20.01592175594223,4.617309223245764,5.265552143750711,,87.92999999999999,13.41,15.250767656090073,-0.001599283520985,CONSISTENT,29.5±1.3 kg,15.0,"Australian barley — Shanghai port, Shanghai, China",Barley paper Table 4,MISSING_IN_TARGET__IMPUTED_906_TRAINING_MEDIAN,REPORTED_INITIAL_BW__NOT_DMI_BACKCALCULATION,RETROSPECTIVE_PRE_FN_UN_LAB_INFORMATION,TARGET_DM_CP_N_HARMONIZED_AND_CHEMISTRY_CROSSCHECKED,8.881784197001252e-16,3.824024298271453,3.8949824319170334,1.869434656622319,7.469804745324821,2.5455266044246496,5.799910969256512,2.645249684651693,4.130056540171306,7.719006730188486,5.153243269811512,9.33923940194714,3.533010598052858,6.775306224822998,6.0969437751769995,8.345437573681162,4.526812426318836
REALV6R_0069,Barley::RealV6_大麦_sample2,Barley,大麦,2,3,growing,29.5,0.5275799999999999,12.872249999999998,12.872249999999998,2.371679783093356,2.081489375,8.419080841906641,4.453169158093356,24.39866939611054,0.0178840677966101,0.4363474576271186,15.249168372569088,2.3541453428863868,20.01592175594223,4.617309223245764,5.265552143750711,,87.92999999999999,13.41,15.250767656090073,-0.001599283520985,CONSISTENT,29.5±1.3 kg,15.0,"Australian barley — Shanghai port, Shanghai, China",Barley paper Table 4,MISSING_IN_TARGET__IMPUTED_906_TRAINING_MEDIAN,REPORTED_INITIAL_BW__NOT_DMI_BACKCALCULATION,RETROSPECTIVE_PRE_FN_UN_LAB_INFORMATION,TARGET_DM_CP_N_HARMONIZED_AND_CHEMISTRY_CROSSCHECKED,0.0,3.824024298271453,3.8949824319170334,1.869434656622319,7.469804745324821,2.5455266044246496,5.799910969256512,2.645249684651693,4.130056540171306,7.719006730188486,5.153243269811512,9.33923940194714,3.533010598052858,6.775306224822998,6.0969437751769995,8.345437573681162,4.526812426318836
REALV6R_0070,Barley::RealV6_大麦_sample2,Barley,大麦,2,4,growing,29.5,0.5275799999999999,12.872249999999998,12.872249999999998,2.021092648412125,3.140229375,7.710927976587872,5.161322023412126,24.39866939611054,0.0178840677966101,0.4363474576271186,15.249168372569088,2.3541453428863868,20.01592175594223,4.617309223245764,5.265552143750711,,87.92999999999999,13.41,15.250767656090073,-0.001599283520985,CONSISTENT,29.5±1.3 kg,15.0,"Australian barley — Shanghai port, Shanghai, China",Barley paper Table 4,MISSING_IN_TARGET__IMPUTED_906_TRAINING_MEDIAN,REPORTED_INITIAL_BW__NOT_DMI_BACKCALCULATION,RETROSPECTIVE_PRE_FN_UN_LAB_INFORMATION,TARGET_DM_CP_N_HARMONIZED_AND_CHEMISTRY_CROSSCHECKED,0.0,3.824024298271453,3.8949824319170334,1.869434656622319,7.469804745324821,2.5455266044246496,5.799910969256512,2.645249684651693,4.130056540171306,7.719006730188486,5.153243269811512,9.33923940194714,3.533010598052858,6.775306224822998,6.0969437751769995,8.345437573681162,4.526812426318836
REALV6R_0071,Barley::RealV6_大麦_sample2,Barley,大麦,2,5,growing,29.5,0.5275799999999999,12.872249999999998,12.872249999999998,1.979439748434069,4.243165625,6.649644626565929,6.222605373434068,24.39866939611054,0.0178840677966101,0.4363474576271186,15.249168372569088,2.3541453428863868,20.01592175594223,4.617309223245764,5.265552143750711,,87.92999999999999,13.41,15.250767656090073,-0.001599283520985,CONSISTENT,29.5±1.3 kg,15.0,"Australian barley — Shanghai port, Shanghai, China",Barley paper Table 4,MISSING_IN_TARGET__IMPUTED_906_TRAINING_MEDIAN,REPORTED_INITIAL_BW__NOT_DMI_BACKCALCULATION,RETROSPECTIVE_PRE_FN_UN_LAB_INFORMATION,TARGET_DM_CP_N_HARMONIZED_AND_CHEMISTRY_CROSSCHECKED,-8.881784197001252e-16,3.824024298271453,3.8949824319170334,1.869434656622319,7.469804745324821,2.5455266044246496,5.799910969256512,2.645249684651693,4.130056540171306,7.719006730188486,5.153243269811512,9.33923940194714,3.533010598052858,6.775306224822998,6.0969437751769995,8.345437573681162,4.526812426318836
REALV6R_0072,Barley::RealV6_大麦_sample2,Barley,大麦,2,6,growing,29.5,0.5275799999999999,12.872249999999998,12.872249999999998,2.048087058473225,5.036664374999999,5.787498566526773,7.084751433473224,24.39866939611054,0.0178840677966101,0.4363474576271186,15.249168372569088,2.3541453428863868,20.01592175594223,4.617309223245764,5.265552143750711,,87.92999999999999,13.41,15.250767656090073,-0.001599283520985,CONSISTENT,29.5±1.3 kg,15.0,"Australian barley — Shanghai port, Shanghai, China",Barley paper Table 4,MISSING_IN_TARGET__IMPUTED_906_TRAINING_MEDIAN,REPORTED_INITIAL_BW__NOT_DMI_BACKCALCULATION,RETROSPECTIVE_PRE_FN_UN_LAB_INFORMATION,TARGET_DM_CP_N_HARMONIZED_AND_CHEMISTRY_CROSSCHECKED,0.0,3.824024298271453,3.8949824319170334,1.869434656622319,7.469804745324821,2.5455266044246496,5.799910969256512,2.645249684651693,4.130056540171306,7.719006730188486,5.153243269811512,9.33923940194714,3.533010598052858,6.775306224822998,6.0969437751769995,8.345437573681162,4.526812426318836
REALV6R_0073,Barley::RealV6_大麦_sample3,Barley,大麦,3,1,growing,29.5,0.61712,14.603750000000003,14.603750000000003,2.538421096256494,3.165534375,8.899794528743511,5.703955471256494,23.66436025408349,0.0209193220338983,0.4950423728813561,14.790225158802182,2.4954627949183306,18.307622504537207,4.616606170598912,5.138384754990925,,88.16,13.04,14.791288566243194,-0.0010634074410127,CONSISTENT,29.5±1.3 kg,17.5,"Canadian barley — Shanghai port, Shanghai, China",Barley paper Table 4,MISSING_IN_TARGET__IMPUTED_906_TRAINING_MEDIAN,REPORTED_INITIAL_BW__NOT_DMI_BACKCALCULATION,RETROSPECTIVE_PRE_FN_UN_LAB_INFORMATION,TARGET_DM_CP_N_HARMONIZED_AND_CHEMISTRY_CROSSCHECKED,0.0,3.9723781435738,4.411950937672291,2.109339434704545,6.981839630115256,2.753763943394671,5.7813768500203455,2.8178314367930093,4.522261619567871,8.38432908124609,6.219420918753913,9.091179064819801,5.512570935180202,7.34009305636088,7.263656943639123,8.535140793415017,6.068609206584986
REALV6R_0074,Barley::RealV6_大麦_sample3,Barley,大麦,3,2,growing,29.5,0.61712,14.603750000000003,14.603750000000003,2.295658142172655,4.707868125,7.6002237328273505,7.003526267172655,23.66436025408349,0.0209193220338983,0.4950423728813561,14.790225158802182,2.4954627949183306,18.307622504537207,4.616606170598912,5.138384754990925,,88.16,13.04,14.791288566243194,-0.0010634074410127,CONSISTENT,29.5±1.3 kg,17.5,"Canadian barley — Shanghai port, Shanghai, China",Barley paper Table 4,MISSING_IN_TARGET__IMPUTED_906_TRAINING_MEDIAN,REPORTED_INITIAL_BW__NOT_DMI_BACKCALCULATION,RETROSPECTIVE_PRE_FN_UN_LAB_INFORMATION,TARGET_DM_CP_N_HARMONIZED_AND_CHEMISTRY_CROSSCHECKED,-8.881784197001252e-16,3.9723781435738,4.411950937672291,2.109339434704545,6.981839630115256,2.753763943394671,5.7813768500203455,2.8178314367930093,4.522261619567871,8.38432908124609,6.219420918753913,9.091179064819801,5.512570935180202,7.34009305636088,7.263656943639123,8.535140793415017,6.068609206584986
REALV6R_0075,Barley::RealV6_大麦_sample3,Barley,大麦,3,3,growing,29.5,0.61712,14.603750000000003,14.603750000000003,1.949850753681883,3.889925,8.763974246318122,5.839775753681883,23.66436025408349,0.0209193220338983,0.4950423728813561,14.790225158802182,2.4954627949183306,18.307622504537207,4.616606170598912,5.138384754990925,,88.16,13.04,14.791288566243194,-0.0010634074410127,CONSISTENT,29.5±1.3 kg,17.5,"Canadian barley — Shanghai port, Shanghai, China",Barley paper Table 4,MISSING_IN_TARGET__IMPUTED_906_TRAINING_MEDIAN,REPORTED_INITIAL_BW__NOT_DMI_BACKCALCULATION,RETROSPECTIVE_PRE_FN_UN_LAB_INFORMATION,TARGET_DM_CP_N_HARMONIZED_AND_CHEMISTRY_CROSSCHECKED,0.0,3.9723781435738,4.411950937672291,2.109339434704545,6.981839630115256,2.753763943394671,5.7813768500203455,2.8178314367930093,4.522261619567871,8.38432908124609,6.219420918753913,9.091179064819801,5.512570935180202,7.34009305636088,7.263656943639123,8.535140793415017,6.068609206584986
REALV6R_0076,Barley::RealV6_大麦_sample3,Barley,大麦,3,4,growing,29.5,0.61712,14.603750000000003,14.603750000000003,2.518674100850092,3.53293125,8.552144649149913,6.051605350850092,23.66436025408349,0.0209193220338983,0.4950423728813561,14.790225158802182,2.4954627949183306,18.307622504537207,4.616606170598912,5.138384754990925,,88.16,13.04,14.791288566243194,-0.0010634074410127,CONSISTENT,29.5±1.3 kg,17.5,"Canadian barley — Shanghai port, Shanghai, China",Barley paper Table 4,MISSING_IN_TARGET__IMPUTED_906_TRAINING_MEDIAN,REPORTED_INITIAL_BW__NOT_DMI_BACKCALCULATION,RETROSPECTIVE_PRE_FN_UN_LAB_INFORMATION,TARGET_DM_CP_N_HARMONIZED_AND_CHEMISTRY_CROSSCHECKED,0.0,3.9723781435738,4.411950937672291,2.109339434704545,6.981839630115256,2.753763943394671,5.7813768500203455,2.8178314367930093,4.522261619567871,8.38432908124609,6.219420918753913,9.091179064819801,5.512570935180202,7.34009305636088,7.263656943639123,8.535140793415017,6.068609206584986
REALV6R_0077,Barley::RealV6_大麦_sample3,Barley,大麦,3,5,growing,29.5,0.61712,14.603750000000003,14.603750000000003,2.3422387613502,5.175434375,7.086076863649805,7.5176731363502,23.66436025408349,0.0209193220338983,0.4950423728813561,14.790225158802182,2.4954627949183306,18.307622504537207,4.616606170598912,5.138384754990925,,88.16,13.04,14.791288566243194,-0.0010634074410127,CONSISTENT,29.5±1.3 kg,17.5,"Canadian barley — Shanghai port, Shanghai, China",Barley paper Table 4,MISSING_IN_TARGET__IMPUTED_906_TRAINING_MEDIAN,REPORTED_INITIAL_BW__NOT_DMI_BACKCALCULATION,RETROSPECTIVE_PRE_FN_UN_LAB_INFORMATION,TARGET_DM_CP_N_HARMONIZED_AND_CHEMISTRY_CROSSCHECKED,8.881784197001252e-16,3.9723781435738,4.411950937672291,2.109339434704545,6.981839630115256,2.753763943394671,5.7813768500203455,2.8178314367930093,4.522261619567871,8.38432908124609,6.219420918753913,9.091179064819801,5.512570935180202,7.34009305636088,7.263656943639123,8.535140793415017,6.068609206584986
REALV6R_0078,Barley::RealV6_大麦_sample3,Barley,大麦,3,6,growing,29.5,0.61712,14.603750000000003,14.603750000000003,2.139613099715168,3.980214375,8.483922525284838,6.119827474715168,23.66436025408349,0.0209193220338983,0.4950423728813561,14.790225158802182,2.4954627949183306,18.307622504537207,4.616606170598912,5.138384754990925,,88.16,13.04,14.791288566243194,-0.0010634074410127,CONSISTENT,29.5±1.3 kg,17.5,"Canadian barley — Shanghai port, Shanghai, China",Barley paper Table 4,MISSING_IN_TARGET__IMPUTED_906_TRAINING_MEDIAN,REPORTED_INITIAL_BW__NOT_DMI_BACKCALCULATION,RETROSPECTIVE_PRE_FN_UN_LAB_INFORMATION,TARGET_DM_CP_N_HARMONIZED_AND_CHEMISTRY_CROSSCHECKED,-1.7763568394002505e-15,3.9723781435738,4.411950937672291,2.109339434704545,6.981839630115256,2.753763943394671,5.7813768500203455,2.8178314367930093,4.522261619567871,8.38432908124609,6.219420918753913,9.091179064819801,5.512570935180202,7.34009305636088,7.263656943639123,8.535140793415017,6.068609206584986
REALV6R_0079,Barley::RealV6_大麦_sample4,Barley,大麦,4,1,growing,29.5,0.6196400000000001,13.6093125,13.6093125,1.818317910546384,2.721722500000002,9.069272089453616,4.540040410546386,21.96325689109805,0.0210047457627118,0.4613326271186441,13.727035556936285,1.1070944419340265,20.707184816990505,5.637144148215092,5.964753727971079,,88.52000000000001,12.15,13.725711703569814,0.0013238533664701,CONSISTENT,29.5±1.3 kg,17.5,"Australian barley — WENS, Guangdong, China",Barley paper Table 4,MISSING_IN_TARGET__IMPUTED_906_TRAINING_MEDIAN,REPORTED_INITIAL_BW__NOT_DMI_BACKCALCULATION,RETROSPECTIVE_PRE_FN_UN_LAB_INFORMATION,TARGET_DM_CP_N_HARMONIZED_AND_CHEMISTRY_CROSSCHECKED,0.0,4.365545901188598,4.347052262525556,1.9785514037646856,7.480698177823384,2.804212056399248,6.016889531801653,2.736297845840454,4.2388121287028,8.712598163714155,4.896714336285845,9.45924958158807,4.15006291841193,6.975109974543254,6.634202525456746,8.821101588200902,4.788210911799098
REALV6R_0080,Barley::RealV6_大麦_sample4,Barley,大麦,4,2,growing,29.5,0.6196400000000001,13.6093125,13.6093125,1.940472700939966,5.374244999999999,6.294594799060036,7.314717700939965,21.96325689109805,0.0210047457627118,0.4613326271186441,13.727035556936285,1.1070944419340265,20.707184816990505,5.637144148215092,5.964753727971079,,88.52000000000001,12.15,13.725711703569814,0.0013238533664701,CONSISTENT,29.5±1.3 kg,17.5,"Australian barley — WENS, Guangdong, China",Barley paper Table 4,MISSING_IN_TARGET__IMPUTED_906_TRAINING_MEDIAN,REPORTED_INITIAL_BW__NOT_DMI_BACKCALCULATION,RETROSPECTIVE_PRE_FN_UN_LAB_INFORMATION,TARGET_DM_CP_N_HARMONIZED_AND_CHEMISTRY_CROSSCHECKED,8.881784197001252e-16,4.365545901188598,4.347052262525556,1.9785514037646856,7.480698177823384,2.804212056399248,6.016889531801653,2.736297845840454,4.2388121287028,8.712598163714155,4.896714336285845,9.45924958158807,4.15006291841193,6.975109974543254,6.634202525456746,8.821101588200902,4.788210911799098
REALV6R_0081,Barley::RealV6_大麦_sample4,Barley,大麦,4,3,growing,29.5,0.6196400000000001,13.6093125,13.6093125,2.124429615033196,3.648124999999998,7.836757884966808,5.772554615033194,21.96325689109805,0.0210047457627118,0.4613326271186441,13.727035556936285,1.1070944419340265,20.707184816990505,5.637144148215092,5.964753727971079,,88.52000000000001,12.15,13.725711703569814,0.0013238533664701,CONSISTENT,29.5±1.3 kg,17.5,"Australian barley — WENS, Guangdong, China",Barley paper Table 4,MISSING_IN_TARGET__IMPUTED_906_TRAINING_MEDIAN,REPORTED_INITIAL_BW__NOT_DMI_BACKCALCULATION,RETROSPECTIVE_PRE_FN_UN_LAB_INFORMATION,TARGET_DM_CP_N_HARMONIZED_AND_CHEMISTRY_CROSSCHECKED,-1.7763568394002505e-15,4.365545901188598,4.347052262525556,1.9785514037646856,7.480698177823384,2.804212056399248,6.016889531801653,2.736297845840454,4.2388121287028,8.712598163714155,4.896714336285845,9.45924958158807,4.15006291841193,6.975109974543254,6.634202525456746,8.821101588200902,4.788210911799098
REALV6R_0082,Barley::RealV6_大麦_sample4,Barley,大麦,4,4,growing,29.5,0.6196400000000001,13.6093125,13.6093125,2.084459958886776,2.976312499999999,8.548540041113228,5.060772458886775,21.96325689109805,0.0210047457627118,0.4613326271186441,13.727035556936285,1.1070944419340265,20.707184816990505,5.637144148215092,5.964753727971079,,88.52000000000001,12.15,13.725711703569814,0.0013238533664701,CONSISTENT,29.5±1.3 kg,17.5,"Australian barley — WENS, Guangdong, China",Barley paper Table 4,MISSING_IN_TARGET__IMPUTED_906_TRAINING_MEDIAN,REPORTED_INITIAL_BW__NOT_DMI_BACKCALCULATION,RETROSPECTIVE_PRE_FN_UN_LAB_INFORMATION,TARGET_DM_CP_N_HARMONIZED_AND_CHEMISTRY_CROSSCHECKED,0.0,4.365545901188598,4.347052262525556,1.9785514037646856,7.480698177823384,2.804212056399248,6.016889531801653,2.736297845840454,4.2388121287028,8.712598163714155,4.896714336285845,9.45924958158807,4.15006291841193,6.975109974543254,6.634202525456746,8.821101588200902,4.788210911799098
REALV6R_0083,Barley::RealV6_大麦_sample4,Barley,大麦,4,5,growing,29.5,0.6196400000000001,13.6093125,13.6093125,1.927365342540593,4.346845833333336,7.335101324126072,6.274211175873929,21.96325689109805,0.0210047457627118,0.4613326271186441,13.727035556936285,1.1070944419340265,20.707184816990505,5.637144148215092,5.964753727971079,,88.52000000000001,12.15,13.725711703569814,0.0013238533664701,CONSISTENT,29.5±1.3 kg,17.5,"Australian barley — WENS, Guangdong, China",Barley paper Table 4,MISSING_IN_TARGET__IMPUTED_906_TRAINING_MEDIAN,REPORTED_INITIAL_BW__NOT_DMI_BACKCALCULATION,RETROSPECTIVE_PRE_FN_UN_LAB_INFORMATION,TARGET_DM_CP_N_HARMONIZED_AND_CHEMISTRY_CROSSCHECKED,0.0,4.365545901188598,4.347052262525556,1.9785514037646856,7.480698177823384,2.804212056399248,6.016889531801653,2.736297845840454,4.2388121287028,8.712598163714155,4.896714336285845,9.45924958158807,4.15006291841193,6.975109974543254,6.634202525456746,8.821101588200902,4.788210911799098
REALV6R_0084,Barley::RealV6_大麦_sample4,Barley,大麦,4,6,growing,29.5,0.6196400000000001,13.6093125,13.6093125,1.982700548175491,1.726958333333331,9.89965361849118,3.7096588815088216,21.96325689109805,0.0210047457627118,0.4613326271186441,13.727035556936285,1.1070944419340265,20.707184816990505,5.637144148215092,5.964753727971079,,88.52000000000001,12.15,13.725711703569814,0.0013238533664701,CONSISTENT,29.5±1.3 kg,17.5,"Australian barley — WENS, Guangdong, China",Barley paper Table 4,MISSING_IN_TARGET__IMPUTED_906_TRAINING_MEDIAN,REPORTED_INITIAL_BW__NOT_DMI_BACKCALCULATION,RETROSPECTIVE_PRE_FN_UN_LAB_INFORMATION,TARGET_DM_CP_N_HARMONIZED_AND_CHEMISTRY_CROSSCHECKED,1.7763568394002505e-15,4.365545901188598,4.347052262525556,1.9785514037646856,7.480698177823384,2.804212056399248,6.016889531801653,2.736297845840454,4.2388121287028,8.712598163714155,4.896714336285845,9.45924958158807,4.15006291841193,6.975109974543254,6.634202525456746,8.821101588200902,4.788210911799098
REALV6R_0085,Barley::RealV6_大麦_sample5,Barley,大麦,5,1,growing,29.5,0.61775,14.409937500000002,14.409937500000002,1.69390226415095,6.745341666666645,5.970693569182407,8.439243930817595,23.326487252124647,0.0209406779661016,0.4884724576271187,14.579054532577905,1.529745042492918,20.725212464589237,4.555240793201133,5.563739376770538,,88.25,12.87,14.58356940509915,-0.0045148725212467,CONSISTENT,29.5±1.3 kg,17.5,"Unknown — HaiD group, Guangdong, China",Barley paper Table 4,MISSING_IN_TARGET__IMPUTED_906_TRAINING_MEDIAN,REPORTED_INITIAL_BW__NOT_DMI_BACKCALCULATION,RETROSPECTIVE_PRE_FN_UN_LAB_INFORMATION,TARGET_DM_CP_N_HARMONIZED_AND_CHEMISTRY_CROSSCHECKED,0.0,4.268608847528647,4.272315237145524,2.074574848224197,6.836991630856293,2.8334905247048767,5.638963652955398,2.847480853398641,4.302511374155681,8.54092408467417,5.869013415325831,8.91156647908049,5.498371020919512,7.149992227554321,7.25994527244568,8.472454177660275,5.937483322339727
REALV6R_0086,Barley::RealV6_大麦_sample5,Barley,大麦,5,2,growing,29.5,0.61775,14.409937500000002,14.409937500000002,1.822141445994834,2.794270833333335,9.793525220671832,4.616412279328169,23.326487252124647,0.0209406779661016,0.4884724576271187,14.579054532577905,1.529745042492918,20.725212464589237,4.555240793201133,5.563739376770538,,88.25,12.87,14.58356940509915,-0.0045148725212467,CONSISTENT,29.5±1.3 kg,17.5,"Unknown — HaiD group, Guangdong, China",Barley paper Table 4,MISSING_IN_TARGET__IMPUTED_906_TRAINING_MEDIAN,REPORTED_INITIAL_BW__NOT_DMI_BACKCALCULATION,RETROSPECTIVE_PRE_FN_UN_LAB_INFORMATION,TARGET_DM_CP_N_HARMONIZED_AND_CHEMISTRY_CROSSCHECKED,0.0,4.268608847528647,4.272315237145524,2.074574848224197,6.836991630856293,2.8334905247048767,5.638963652955398,2.847480853398641,4.302511374155681,8.54092408467417,5.869013415325831,8.91156647908049,5.498371020919512,7.149992227554321,7.25994527244568,8.472454177660275,5.937483322339727
REALV6R_0087,Barley::RealV6_大麦_sample5,Barley,大麦,5,3,growing,29.5,0.61775,14.409937500000002,14.409937500000002,1.789160482605028,2.997270833333332,9.62350618406164,4.78643131593836,23.326487252124647,0.0209406779661016,0.4884724576271187,14.579054532577905,1.529745042492918,20.725212464589237,4.555240793201133,5.563739376770538,,88.25,12.87,14.58356940509915,-0.0045148725212467,CONSISTENT,29.5±1.3 kg,17.5,"Unknown — HaiD group, Guangdong, China",Barley paper Table 4,MISSING_IN_TARGET__IMPUTED_906_TRAINING_MEDIAN,REPORTED_INITIAL_BW__NOT_DMI_BACKCALCULATION,RETROSPECTIVE_PRE_FN_UN_LAB_INFORMATION,TARGET_DM_CP_N_HARMONIZED_AND_CHEMISTRY_CROSSCHECKED,0.0,4.268608847528647,4.272315237145524,2.074574848224197,6.836991630856293,2.8334905247048767,5.638963652955398,2.847480853398641,4.302511374155681,8.54092408467417,5.869013415325831,8.91156647908049,5.498371020919512,7.149992227554321,7.25994527244568,8.472454177660275,5.937483322339727
REALV6R_0088,Barley::RealV6_大麦_sample5,Barley,大麦,5,4,growing,29.5,0.61775,14.409937500000002,14.409937500000002,2.072765543710021,4.1459375,8.191234456289981,6.21870304371002,23.326487252124647,0.0209406779661016,0.4884724576271187,14.579054532577905,1.529745042492918,20.725212464589237,4.555240793201133,5.563739376770538,,88.25,12.87,14.58356940509915,-0.0045148725212467,CONSISTENT,29.5±1.3 kg,17.5,"Unknown — HaiD group, Guangdong, China",Barley paper Table 4,MISSING_IN_TARGET__IMPUTED_906_TRAINING_MEDIAN,REPORTED_INITIAL_BW__NOT_DMI_BACKCALCULATION,RETROSPECTIVE_PRE_FN_UN_LAB_INFORMATION,TARGET_DM_CP_N_HARMONIZED_AND_CHEMISTRY_CROSSCHECKED,-1.7763568394002505e-15,4.268608847528647,4.272315237145524,2.074574848224197,6.836991630856293,2.8334905247048767,5.638963652955398,2.847480853398641,4.302511374155681,8.54092408467417,5.869013415325831,8.91156647908049,5.498371020919512,7.149992227554321,7.25994527244568,8.472454177660275,5.937483322339727
REALV6R_0089,Barley::RealV6_大麦_sample5,Barley,大麦,5,5,growing,29.5,0.61775,14.409937500000002,14.409937500000002,1.767732748256973,3.531802499999998,9.11040225174303,5.299535248256971,23.326487252124647,0.0209406779661016,0.4884724576271187,14.579054532577905,1.529745042492918,20.725212464589237,4.555240793201133,5.563739376770538,,88.25,12.87,14.58356940509915,-0.0045148725212467,CONSISTENT,29.5±1.3 kg,17.5,"Unknown — HaiD group, Guangdong, China",Barley paper Table 4,MISSING_IN_TARGET__IMPUTED_906_TRAINING_MEDIAN,REPORTED_INITIAL_BW__NOT_DMI_BACKCALCULATION,RETROSPECTIVE_PRE_FN_UN_LAB_INFORMATION,TARGET_DM_CP_N_HARMONIZED_AND_CHEMISTRY_CROSSCHECKED,0.0,4.268608847528647,4.272315237145524,2.074574848224197,6.836991630856293,2.8334905247048767,5.638963652955398,2.847480853398641,4.302511374155681,8.54092408467417,5.869013415325831,8.91156647908049,5.498371020919512,7.149992227554321,7.25994527244568,8.472454177660275,5.937483322339727
REALV6R_0090,Barley::RealV6_大麦_sample5,Barley,大麦,5,6,growing,29.5,0.61775,14.409937500000002,14.409937500000002,1.70193950936612,4.490580833333347,8.217417157300535,6.192520342699467,23.326487252124647,0.0209406779661016,0.4884724576271187,14.579054532577905,1.529745042492918,20.725212464589237,4.555240793201133,5.563739376770538,,88.25,12.87,14.58356940509915,-0.0045148725212467,CONSISTENT,29.5±1.3 kg,17.5,"Unknown — HaiD group, Guangdong, China",Barley paper Table 4,MISSING_IN_TARGET__IMPUTED_906_TRAINING_MEDIAN,REPORTED_INITIAL_BW__NOT_DMI_BACKCALCULATION,RETROSPECTIVE_PRE_FN_UN_LAB_INFORMATION,TARGET_DM_CP_N_HARMONIZED_AND_CHEMISTRY_CROSSCHECKED,0.0,4.268608847528647,4.272315237145524,2.074574848224197,6.836991630856293,2.8334905247048767,5.638963652955398,2.847480853398641,4.302511374155681,8.54092408467417,5.869013415325831,8.91156647908049,5.498371020919512,7.149992227554321,7.25994527244568,8.472454177660275,5.937483322339727
REALV6R_0091,Barley::RealV6_大麦_sample6,Barley,大麦,6,1,growing,29.5,0.61691,13.878375,13.878375,1.803538952006299,4.361744166666669,7.713091881327032,6.165283118672968,22.496595937819134,0.0209122033898305,0.4704533898305085,14.060372461136955,2.8480653579938724,22.341994780437997,5.605355724497901,5.4351526154544425,,88.13,12.39,14.058776806989677,0.0015956541472821,CONSISTENT,29.5±1.3 kg,17.5,"Unknown — Changsha brewery, Hunan, China",Barley paper Table 4,MISSING_IN_TARGET__IMPUTED_906_TRAINING_MEDIAN,REPORTED_INITIAL_BW__NOT_DMI_BACKCALCULATION,RETROSPECTIVE_PRE_FN_UN_LAB_INFORMATION,TARGET_DM_CP_N_HARMONIZED_AND_CHEMISTRY_CROSSCHECKED,0.0,4.612116803511512,3.928791366118567,2.005951751363801,7.4066116096550205,2.907423430562029,5.782030058515024,2.9472872416178384,3.919849077860514,8.540908169630079,5.337466830369921,9.412563361018822,4.465811638981178,6.867136319478353,7.011238680521648,8.689453489077053,5.188921510922947
REALV6R_0092,Barley::RealV6_大麦_sample6,Barley,大麦,6,2,growing,29.5,0.61691,13.878375,13.878375,1.797792058226841,2.454658333333334,9.625924608439824,4.252450391560175,22.496595937819134,0.0209122033898305,0.4704533898305085,14.060372461136955,2.8480653579938724,22.341994780437997,5.605355724497901,5.4351526154544425,,88.13,12.39,14.058776806989677,0.0015956541472821,CONSISTENT,29.5±1.3 kg,17.5,"Unknown — Changsha brewery, Hunan, China",Barley paper Table 4,MISSING_IN_TARGET__IMPUTED_906_TRAINING_MEDIAN,REPORTED_INITIAL_BW__NOT_DMI_BACKCALCULATION,RETROSPECTIVE_PRE_FN_UN_LAB_INFORMATION,TARGET_DM_CP_N_HARMONIZED_AND_CHEMISTRY_CROSSCHECKED,0.0,4.612116803511512,3.928791366118567,2.005951751363801,7.4066116096550205,2.907423430562029,5.782030058515024,2.9472872416178384,3.919849077860514,8.540908169630079,5.337466830369921,9.412563361018822,4.465811638981178,6.867136319478353,7.011238680521648,8.689453489077053,5.188921510922947
REALV6R_0093,Barley::RealV6_大麦_sample6,Barley,大麦,6,3,growing,29.5,0.61691,13.878375,13.878375,1.769142699374345,4.096054166666669,8.013178133958986,5.865196866041014,22.496595937819134,0.0209122033898305,0.4704533898305085,14.060372461136955,2.8480653579938724,22.341994780437997,5.605355724497901,5.4351526154544425,,88.13,12.39,14.058776806989677,0.0015956541472821,CONSISTENT,29.5±1.3 kg,17.5,"Unknown — Changsha brewery, Hunan, China",Barley paper Table 4,MISSING_IN_TARGET__IMPUTED_906_TRAINING_MEDIAN,REPORTED_INITIAL_BW__NOT_DMI_BACKCALCULATION,RETROSPECTIVE_PRE_FN_UN_LAB_INFORMATION,TARGET_DM_CP_N_HARMONIZED_AND_CHEMISTRY_CROSSCHECKED,-1.7763568394002505e-15,4.612116803511512,3.928791366118567,2.005951751363801,7.4066116096550205,2.907423430562029,5.782030058515024,2.9472872416178384,3.919849077860514,8.540908169630079,5.337466830369921,9.412563361018822,4.465811638981178,6.867136319478353,7.011238680521648,8.689453489077053,5.188921510922947
REALV6R_0094,Barley::RealV6_大麦_sample6,Barley,大麦,6,4,growing,29.5,0.61691,13.878375,13.878375,1.976565592396266,3.559291666666664,8.342517740937069,5.53585725906293,22.496595937819134,0.0209122033898305,0.4704533898305085,14.060372461136955,2.8480653579938724,22.341994780437997,5.605355724497901,5.4351526154544425,,88.13,12.39,14.058776806989677,0.0015956541472821,CONSISTENT,29.5±1.3 kg,17.5,"Unknown — Changsha brewery, Hunan, China",Barley paper Table 4,MISSING_IN_TARGET__IMPUTED_906_TRAINING_MEDIAN,REPORTED_INITIAL_BW__NOT_DMI_BACKCALCULATION,RETROSPECTIVE_PRE_FN_UN_LAB_INFORMATION,TARGET_DM_CP_N_HARMONIZED_AND_CHEMISTRY_CROSSCHECKED,0.0,4.612116803511512,3.928791366118567,2.005951751363801,7.4066116096550205,2.907423430562029,5.782030058515024,2.9472872416178384,3.919849077860514,8.540908169630079,5.337466830369921,9.412563361018822,4.465811638981178,6.867136319478353,7.011238680521648,8.689453489077053,5.188921510922947
REALV6R_0095,Barley::RealV6_大麦_sample6,Barley,大麦,6,5,growing,29.5,0.61691,13.878375,13.878375,1.902505635379856,4.228824999999997,7.747044364620147,6.131330635379853,22.496595937819134,0.0209122033898305,0.4704533898305085,14.060372461136955,2.8480653579938724,22.341994780437997,5.605355724497901,5.4351526154544425,,88.13,12.39,14.058776806989677,0.0015956541472821,CONSISTENT,29.5±1.3 kg,17.5,"Unknown — Changsha brewery, Hunan, China",Barley paper Table 4,MISSING_IN_TARGET__IMPUTED_906_TRAINING_MEDIAN,REPORTED_INITIAL_BW__NOT_DMI_BACKCALCULATION,RETROSPECTIVE_PRE_FN_UN_LAB_INFORMATION,TARGET_DM_CP_N_HARMONIZED_AND_CHEMISTRY_CROSSCHECKED,8.881784197001252e-16,4.612116803511512,3.928791366118567,2.005951751363801,7.4066116096550205,2.907423430562029,5.782030058515024,2.9472872416178384,3.919849077860514,8.540908169630079,5.337466830369921,9.412563361018822,4.465811638981178,6.867136319478353,7.011238680521648,8.689453489077053,5.188921510922947
REALV6R_0096,Barley::RealV6_大麦_sample6,Barley,大麦,6,6,growing,29.5,0.61691,13.878375,13.878375,2.012942619149368,1.162795833333335,10.702636547517296,3.175738452482703,22.496595937819134,0.0209122033898305,0.4704533898305085,14.060372461136955,2.8480653579938724,22.341994780437997,5.605355724497901,5.4351526154544425,,88.13,12.39,14.058776806989677,0.0015956541472821,CONSISTENT,29.5±1.3 kg,17.5,"Unknown — Changsha brewery, Hunan, China",Barley paper Table 4,MISSING_IN_TARGET__IMPUTED_906_TRAINING_MEDIAN,REPORTED_INITIAL_BW__NOT_DMI_BACKCALCULATION,RETROSPECTIVE_PRE_FN_UN_LAB_INFORMATION,TARGET_DM_CP_N_HARMONIZED_AND_CHEMISTRY_CROSSCHECKED,-1.7763568394002505e-15,4.612116803511512,3.928791366118567,2.005951751363801,7.4066116096550205,2.907423430562029,5.782030058515024,2.9472872416178384,3.919849077860514,8.540908169630079,5.337466830369921,9.412563361018822,4.465811638981178,6.867136319478353,7.011238680521648,8.689453489077053,5.188921510922947
REALV6R_0097,Barley::RealV6_大麦_sample7,Barley,大麦,7,1,growing,29.5,0.79326,18.4753125,18.4753125,2.4499250614379,4.692567333333338,11.332820105228762,7.142492394771239,23.290361924211485,0.0268901694915254,0.626281779661017,14.556476202632176,5.230315407306558,20.44474699341956,5.128205128205128,7.476741547538009,,88.14,12.83,14.556387565237124,8.863739505216017e-05,CONSISTENT,29.5±1.3 kg,22.5,"Unknown — Changsha DBN group, Hunan, China",Barley paper Table 4,MISSING_IN_TARGET__IMPUTED_906_TRAINING_MEDIAN,REPORTED_INITIAL_BW__NOT_DMI_BACKCALCULATION,RETROSPECTIVE_PRE_FN_UN_LAB_INFORMATION,TARGET_DM_CP_N_HARMONIZED_AND_CHEMISTRY_CROSSCHECKED,1.7763568394002505e-15,4.957962607219246,4.375083087876706,3.610438480771146,5.282678648768575,4.076546656087299,4.8587168276072354,3.647414286931356,4.525840600331624,9.33304569509595,9.14226680490405,8.893117129539721,9.58219537046028,8.17325488726298,10.302057612737022,8.935263483694534,9.540049016305467
REALV6R_0098,Barley::RealV6_大麦_sample7,Barley,大麦,7,2,growing,29.5,0.79326,18.4753125,18.4753125,2.860930945291482,4.144616666666662,11.469764888041857,7.005547611958145,23.290361924211485,0.0268901694915254,0.626281779661017,14.556476202632176,5.230315407306558,20.44474699341956,5.128205128205128,7.476741547538009,,88.14,12.83,14.556387565237124,8.863739505216017e-05,CONSISTENT,29.5±1.3 kg,22.5,"Unknown — Changsha DBN group, Hunan, China",Barley paper Table 4,MISSING_IN_TARGET__IMPUTED_906_TRAINING_MEDIAN,REPORTED_INITIAL_BW__NOT_DMI_BACKCALCULATION,RETROSPECTIVE_PRE_FN_UN_LAB_INFORMATION,TARGET_DM_CP_N_HARMONIZED_AND_CHEMISTRY_CROSSCHECKED,0.0,4.957962607219246,4.375083087876706,3.610438480771146,5.282678648768575,4.076546656087299,4.8587168276072354,3.647414286931356,4.525840600331624,9.33304569509595,9.14226680490405,8.893117129539721,9.58219537046028,8.17325488726298,10.302057612737022,8.935263483694534,9.540049016305467
REALV6R_0099,Barley::RealV6_大麦_sample7,Barley,大麦,7,3,growing,29.5,0.79326,18.4753125,18.4753125,2.116762673198658,4.563893166666663,11.79465666013468,6.680655839865321,23.290361924211485,0.0268901694915254,0.626281779661017,14.556476202632176,5.230315407306558,20.44474699341956,5.128205128205128,7.476741547538009,,88.14,12.83,14.556387565237124,8.863739505216017e-05,CONSISTENT,29.5±1.3 kg,22.5,"Unknown — Changsha DBN group, Hunan, China",Barley paper Table 4,MISSING_IN_TARGET__IMPUTED_906_TRAINING_MEDIAN,REPORTED_INITIAL_BW__NOT_DMI_BACKCALCULATION,RETROSPECTIVE_PRE_FN_UN_LAB_INFORMATION,TARGET_DM_CP_N_HARMONIZED_AND_CHEMISTRY_CROSSCHECKED,0.0,4.957962607219246,4.375083087876706,3.610438480771146,5.282678648768575,4.076546656087299,4.8587168276072354,3.647414286931356,4.525840600331624,9.33304569509595,9.14226680490405,8.893117129539721,9.58219537046028,8.17325488726298,10.302057612737022,8.935263483694534,9.540049016305467
REALV6R_0100,Barley::RealV6_大麦_sample7,Barley,大麦,7,4,growing,29.5,0.79326,18.4753125,18.4753125,2.569223655926776,4.576750833333329,11.329338010739896,7.145974489260105,23.290361924211485,0.0268901694915254,0.626281779661017,14.556476202632176,5.230315407306558,20.44474699341956,5.128205128205128,7.476741547538009,,88.14,12.83,14.556387565237124,8.863739505216017e-05,CONSISTENT,29.5±1.3 kg,22.5,"Unknown — Changsha DBN group, Hunan, China",Barley paper Table 4,MISSING_IN_TARGET__IMPUTED_906_TRAINING_MEDIAN,REPORTED_INITIAL_BW__NOT_DMI_BACKCALCULATION,RETROSPECTIVE_PRE_FN_UN_LAB_INFORMATION,TARGET_DM_CP_N_HARMONIZED_AND_CHEMISTRY_CROSSCHECKED,0.0,4.957962607219246,4.375083087876706,3.610438480771146,5.282678648768575,4.076546656087299,4.8587168276072354,3.647414286931356,4.525840600331624,9.33304569509595,9.14226680490405,8.893117129539721,9.58219537046028,8.17325488726298,10.302057612737022,8.935263483694534,9.540049016305467
REALV6R_0101,Barley::RealV6_大麦_sample7,Barley,大麦,7,5,growing,29.5,0.79326,18.4753125,18.4753125,2.489612619442474,4.459782999999995,11.525916880557531,6.94939561944247,23.290361924211485,0.0268901694915254,0.626281779661017,14.556476202632176,5.230315407306558,20.44474699341956,5.128205128205128,7.476741547538009,,88.14,12.83,14.556387565237124,8.863739505216017e-05,CONSISTENT,29.5±1.3 kg,22.5,"Unknown — Changsha DBN group, Hunan, China",Barley paper Table 4,MISSING_IN_TARGET__IMPUTED_906_TRAINING_MEDIAN,REPORTED_INITIAL_BW__NOT_DMI_BACKCALCULATION,RETROSPECTIVE_PRE_FN_UN_LAB_INFORMATION,TARGET_DM_CP_N_HARMONIZED_AND_CHEMISTRY_CROSSCHECKED,0.0,4.957962607219246,4.375083087876706,3.610438480771146,5.282678648768575,4.076546656087299,4.8587168276072354,3.647414286931356,4.525840600331624,9.33304569509595,9.14226680490405,8.893117129539721,9.58219537046028,8.17325488726298,10.302057612737022,8.935263483694534,9.540049016305467
REALV6R_0102,Barley::RealV6_大麦_sample7,Barley,大麦,7,6,growing,29.5,0.79326,18.4753125,18.4753125,2.082527444036698,3.715083166666671,12.677701889296632,5.797610610703369,23.290361924211485,0.0268901694915254,0.626281779661017,14.556476202632176,5.230315407306558,20.44474699341956,5.128205128205128,7.476741547538009,,88.14,12.83,14.556387565237124,8.863739505216017e-05,CONSISTENT,29.5±1.3 kg,22.5,"Unknown — Changsha DBN group, Hunan, China",Barley paper Table 4,MISSING_IN_TARGET__IMPUTED_906_TRAINING_MEDIAN,REPORTED_INITIAL_BW__NOT_DMI_BACKCALCULATION,RETROSPECTIVE_PRE_FN_UN_LAB_INFORMATION,TARGET_DM_CP_N_HARMONIZED_AND_CHEMISTRY_CROSSCHECKED,-1.7763568394002505e-15,4.957962607219246,4.375083087876706,3.610438480771146,5.282678648768575,4.076546656087299,4.8587168276072354,3.647414286931356,4.525840600331624,9.33304569509595,9.14226680490405,8.893117129539721,9.58219537046028,8.17325488726298,10.302057612737022,8.935263483694534,9.540049016305467
REALV6R_0103,Barley::RealV6_大麦_sample8,Barley,大麦,8,1,growing,29.5,0.8882000000000002,21.027500000000003,21.027500000000003,3.097193020072397,4.882164,13.048142979927606,7.979357020072397,23.67428507092997,0.0301084745762711,0.7127966101694917,14.79642816933123,3.343841477144787,19.173609547399234,4.64985363656834,5.3704120693537485,,88.82000000000001,13.14,14.793965323125422,0.0024628462058089,CONSISTENT,29.5±1.3 kg,25.0,"Unknown — TRS group, Hunan, China",Barley paper Table 4,MISSING_IN_TARGET__IMPUTED_906_TRAINING_MEDIAN,REPORTED_INITIAL_BW__NOT_DMI_BACKCALCULATION,RETROSPECTIVE_PRE_FN_UN_LAB_INFORMATION,TARGET_DM_CP_N_HARMONIZED_AND_CHEMISTRY_CROSSCHECKED,1.7763568394002505e-15,4.988330869461116,5.1601836250612125,3.977364510721399,4.698667230311617,4.327057459092022,4.914253709185069,3.734458049138387,5.1817558606465655,10.148514494522328,10.878985505477676,8.676031741033016,12.351468258966987,8.916213909784952,12.111286090215051,9.241311168277091,11.786188831722912
REALV6R_0104,Barley::RealV6_大麦_sample8,Barley,大麦,8,2,growing,29.5,0.8882000000000002,21.027500000000003,21.027500000000003,3.04203163374683,4.8606555,13.124812866253173,7.90268713374683,23.67428507092997,0.0301084745762711,0.7127966101694917,14.79642816933123,3.343841477144787,19.173609547399234,4.64985363656834,5.3704120693537485,,88.82000000000001,13.14,14.793965323125422,0.0024628462058089,CONSISTENT,29.5±1.3 kg,25.0,"Unknown — TRS group, Hunan, China",Barley paper Table 4,MISSING_IN_TARGET__IMPUTED_906_TRAINING_MEDIAN,REPORTED_INITIAL_BW__NOT_DMI_BACKCALCULATION,RETROSPECTIVE_PRE_FN_UN_LAB_INFORMATION,TARGET_DM_CP_N_HARMONIZED_AND_CHEMISTRY_CROSSCHECKED,0.0,4.988330869461116,5.1601836250612125,3.977364510721399,4.698667230311617,4.327057459092022,4.914253709185069,3.734458049138387,5.1817558606465655,10.148514494522328,10.878985505477676,8.676031741033016,12.351468258966987,8.916213909784952,12.111286090215051,9.241311168277091,11.786188831722912
REALV6R_0105,Barley::RealV6_大麦_sample8,Barley,大麦,8,3,growing,29.5,0.8882000000000002,21.027500000000003,21.027500000000003,2.210263993287938,4.0919175,14.725318506712066,6.302181493287938,23.67428507092997,0.0301084745762711,0.7127966101694917,14.79642816933123,3.343841477144787,19.173609547399234,4.64985363656834,5.3704120693537485,,88.82000000000001,13.14,14.793965323125422,0.0024628462058089,CONSISTENT,29.5±1.3 kg,25.0,"Unknown — TRS group, Hunan, China",Barley paper Table 4,MISSING_IN_TARGET__IMPUTED_906_TRAINING_MEDIAN,REPORTED_INITIAL_BW__NOT_DMI_BACKCALCULATION,RETROSPECTIVE_PRE_FN_UN_LAB_INFORMATION,TARGET_DM_CP_N_HARMONIZED_AND_CHEMISTRY_CROSSCHECKED,-1.7763568394002505e-15,4.988330869461116,5.1601836250612125,3.977364510721399,4.698667230311617,4.327057459092022,4.914253709185069,3.734458049138387,5.1817558606465655,10.148514494522328,10.878985505477676,8.676031741033016,12.351468258966987,8.916213909784952,12.111286090215051,9.241311168277091,11.786188831722912
REALV6R_0106,Barley::RealV6_大麦_sample8,Barley,大麦,8,4,growing,29.5,0.8882000000000002,21.027500000000003,21.027500000000003,2.406045153977804,6.142618499999999,12.4788363460222,8.548663653977803,23.67428507092997,0.0301084745762711,0.7127966101694917,14.79642816933123,3.343841477144787,19.173609547399234,4.64985363656834,5.3704120693537485,,88.82000000000001,13.14,14.793965323125422,0.0024628462058089,CONSISTENT,29.5±1.3 kg,25.0,"Unknown — TRS group, Hunan, China",Barley paper Table 4,MISSING_IN_TARGET__IMPUTED_906_TRAINING_MEDIAN,REPORTED_INITIAL_BW__NOT_DMI_BACKCALCULATION,RETROSPECTIVE_PRE_FN_UN_LAB_INFORMATION,TARGET_DM_CP_N_HARMONIZED_AND_CHEMISTRY_CROSSCHECKED,0.0,4.988330869461116,5.1601836250612125,3.977364510721399,4.698667230311617,4.327057459092022,4.914253709185069,3.734458049138387,5.1817558606465655,10.148514494522328,10.878985505477676,8.676031741033016,12.351468258966987,8.916213909784952,12.111286090215051,9.241311168277091,11.786188831722912
REALV6R_0107,Barley::RealV6_大麦_sample8,Barley,大麦,8,5,growing,29.5,0.8882000000000002,21.027500000000003,21.027500000000003,2.770834519128181,6.167669166666673,12.088996314205149,8.938503685794855,23.67428507092997,0.0301084745762711,0.7127966101694917,14.79642816933123,3.343841477144787,19.173609547399234,4.64985363656834,5.3704120693537485,,88.82000000000001,13.14,14.793965323125422,0.0024628462058089,CONSISTENT,29.5±1.3 kg,25.0,"Unknown — TRS group, Hunan, China",Barley paper Table 4,MISSING_IN_TARGET__IMPUTED_906_TRAINING_MEDIAN,REPORTED_INITIAL_BW__NOT_DMI_BACKCALCULATION,RETROSPECTIVE_PRE_FN_UN_LAB_INFORMATION,TARGET_DM_CP_N_HARMONIZED_AND_CHEMISTRY_CROSSCHECKED,1.7763568394002505e-15,4.988330869461116,5.1601836250612125,3.977364510721399,4.698667230311617,4.327057459092022,4.914253709185069,3.734458049138387,5.1817558606465655,10.148514494522328,10.878985505477676,8.676031741033016,12.351468258966987,8.916213909784952,12.111286090215051,9.241311168277091,11.786188831722912
REALV6R_0108,Barley::RealV6_大麦_sample8,Barley,大麦,8,6,growing,29.5,0.8882000000000002,21.027500000000003,21.027500000000003,2.901700134848637,4.545757499999994,13.580042365151373,7.447457634848631,23.67428507092997,0.0301084745762711,0.7127966101694917,14.79642816933123,3.343841477144787,19.173609547399234,4.64985363656834,5.3704120693537485,,88.82000000000001,13.14,14.793965323125422,0.0024628462058089,CONSISTENT,29.5±1.3 kg,25.0,"Unknown — TRS group, Hunan, China",Barley paper Table 4,MISSING_IN_TARGET__IMPUTED_906_TRAINING_MEDIAN,REPORTED_INITIAL_BW__NOT_DMI_BACKCALCULATION,RETROSPECTIVE_PRE_FN_UN_LAB_INFORMATION,TARGET_DM_CP_N_HARMONIZED_AND_CHEMISTRY_CROSSCHECKED,0.0,4.988330869461116,5.1601836250612125,3.977364510721399,4.698667230311617,4.327057459092022,4.914253709185069,3.734458049138387,5.1817558606465655,10.148514494522328,10.878985505477676,8.676031741033016,12.351468258966987,8.916213909784952,12.111286090215051,9.241311168277091,11.786188831722912
REALV6R_0109,Barley::RealV6_大麦_sample9,Barley,大麦,9,1,growing,29.5,1.06116,24.55125,24.55125,3.576917056530219,5.242626,15.731706943469778,8.819543056530218,23.136237702137283,0.0359715254237288,0.8322457627118642,14.460148563835803,4.0370914847902295,20.502092050209203,4.512043424177316,5.14531267669343,,88.42999999999999,12.79,14.463417392287685,-0.0032688284518815,CONSISTENT,29.5±1.3 kg,30.0,"Unknown — MUYUAN, Henan, China",Barley paper Table 4,MISSING_IN_TARGET__IMPUTED_906_TRAINING_MEDIAN,REPORTED_INITIAL_BW__NOT_DMI_BACKCALCULATION,RETROSPECTIVE_PRE_FN_UN_LAB_INFORMATION,TARGET_DM_CP_N_HARMONIZED_AND_CHEMISTRY_CROSSCHECKED,-1.7763568394002505e-15,5.721962425244988,5.321937235712853,3.88004361753233,4.342477030226593,4.517162758995447,4.800008722057431,4.37151559193929,5.43117078145345,11.043899660957841,13.507350339042159,8.222520647758923,16.328729352241076,9.80268637339274,14.74856362660726,9.317171481052878,15.234078518947122
REALV6R_0110,Barley::RealV6_大麦_sample9,Barley,大麦,9,2,growing,29.5,1.06116,24.55125,24.55125,3.323323497048312,5.749004500000003,15.47892200295168,9.072327997048315,23.136237702137283,0.0359715254237288,0.8322457627118642,14.460148563835803,4.0370914847902295,20.502092050209203,4.512043424177316,5.14531267669343,,88.42999999999999,12.79,14.463417392287685,-0.0032688284518815,CONSISTENT,29.5±1.3 kg,30.0,"Unknown — MUYUAN, Henan, China",Barley paper Table 4,MISSING_IN_TARGET__IMPUTED_906_TRAINING_MEDIAN,REPORTED_INITIAL_BW__NOT_DMI_BACKCALCULATION,RETROSPECTIVE_PRE_FN_UN_LAB_INFORMATION,TARGET_DM_CP_N_HARMONIZED_AND_CHEMISTRY_CROSSCHECKED,-1.7763568394002505e-15,5.721962425244988,5.321937235712853,3.88004361753233,4.342477030226593,4.517162758995447,4.800008722057431,4.37151559193929,5.43117078145345,11.043899660957841,13.507350339042159,8.222520647758923,16.328729352241076,9.80268637339274,14.74856362660726,9.317171481052878,15.234078518947122
REALV6R_0111,Barley::RealV6_大麦_sample9,Barley,大麦,9,3,growing,29.5,1.06116,24.55125,24.55125,3.397340916375544,4.087103166666664,17.066805916957787,7.484444083042208,23.136237702137283,0.0359715254237288,0.8322457627118642,14.460148563835803,4.0370914847902295,20.502092050209203,4.512043424177316,5.14531267669343,,88.42999999999999,12.79,14.463417392287685,-0.0032688284518815,CONSISTENT,29.5±1.3 kg,30.0,"Unknown — MUYUAN, Henan, China",Barley paper Table 4,MISSING_IN_TARGET__IMPUTED_906_TRAINING_MEDIAN,REPORTED_INITIAL_BW__NOT_DMI_BACKCALCULATION,RETROSPECTIVE_PRE_FN_UN_LAB_INFORMATION,TARGET_DM_CP_N_HARMONIZED_AND_CHEMISTRY_CROSSCHECKED,0.0,5.721962425244988,5.321937235712853,3.88004361753233,4.342477030226593,4.517162758995447,4.800008722057431,4.37151559193929,5.43117078145345,11.043899660957841,13.507350339042159,8.222520647758923,16.328729352241076,9.80268637339274,14.74856362660726,9.317171481052878,15.234078518947122
REALV6R_0112,Barley::RealV6_大麦_sample9,Barley,大麦,9,4,growing,29.5,1.06116,24.55125,24.55125,3.534008853594155,5.895683666666663,15.121557479739176,9.42969252026082,23.136237702137283,0.0359715254237288,0.8322457627118642,14.460148563835803,4.0370914847902295,20.502092050209203,4.512043424177316,5.14531267669343,,88.42999999999999,12.79,14.463417392287685,-0.0032688284518815,CONSISTENT,29.5±1.3 kg,30.0,"Unknown — MUYUAN, Henan, China",Barley paper Table 4,MISSING_IN_TARGET__IMPUTED_906_TRAINING_MEDIAN,REPORTED_INITIAL_BW__NOT_DMI_BACKCALCULATION,RETROSPECTIVE_PRE_FN_UN_LAB_INFORMATION,TARGET_DM_CP_N_HARMONIZED_AND_CHEMISTRY_CROSSCHECKED,0.0,5.721962425244988,5.321937235712853,3.88004361753233,4.342477030226593,4.517162758995447,4.800008722057431,4.37151559193929,5.43117078145345,11.043899660957841,13.507350339042159,8.222520647758923,16.328729352241076,9.80268637339274,14.74856362660726,9.317171481052878,15.234078518947122
REALV6R_0113,Barley::RealV6_大麦_sample9,Barley,大麦,9,5,growing,29.5,1.06116,24.55125,24.55125,3.563186451954189,5.008404333333338,15.979659214712468,8.571590785287528,23.136237702137283,0.0359715254237288,0.8322457627118642,14.460148563835803,4.0370914847902295,20.502092050209203,4.512043424177316,5.14531267669343,,88.42999999999999,12.79,14.463417392287685,-0.0032688284518815,CONSISTENT,29.5±1.3 kg,30.0,"Unknown — MUYUAN, Henan, China",Barley paper Table 4,MISSING_IN_TARGET__IMPUTED_906_TRAINING_MEDIAN,REPORTED_INITIAL_BW__NOT_DMI_BACKCALCULATION,RETROSPECTIVE_PRE_FN_UN_LAB_INFORMATION,TARGET_DM_CP_N_HARMONIZED_AND_CHEMISTRY_CROSSCHECKED,1.7763568394002505e-15,5.721962425244988,5.321937235712853,3.88004361753233,4.342477030226593,4.517162758995447,4.800008722057431,4.37151559193929,5.43117078145345,11.043899660957841,13.507350339042159,8.222520647758923,16.328729352241076,9.80268637339274,14.74856362660726,9.317171481052878,15.234078518947122
REALV6R_0114,Barley::RealV6_大麦_sample9,Barley,大麦,9,6,growing,29.5,1.06116,24.55125,24.55125,2.806668893129773,3.468671499999997,18.275909606870226,6.27534039312977,23.136237702137283,0.0359715254237288,0.8322457627118642,14.460148563835803,4.0370914847902295,20.502092050209203,4.512043424177316,5.14531267669343,,88.42999999999999,12.79,14.463417392287685,-0.0032688284518815,CONSISTENT,29.5±1.3 kg,30.0,"Unknown — MUYUAN, Henan, China",Barley paper Table 4,MISSING_IN_TARGET__IMPUTED_906_TRAINING_MEDIAN,REPORTED_INITIAL_BW__NOT_DMI_BACKCALCULATION,RETROSPECTIVE_PRE_FN_UN_LAB_INFORMATION,TARGET_DM_CP_N_HARMONIZED_AND_CHEMISTRY_CROSSCHECKED,0.0,5.721962425244988,5.321937235712853,3.88004361753233,4.342477030226593,4.517162758995447,4.800008722057431,4.37151559193929,5.43117078145345,11.043899660957841,13.507350339042159,8.222520647758923,16.328729352241076,9.80268637339274,14.74856362660726,9.317171481052878,15.234078518947122
REALV6R_0115,Barley::RealV6_大麦_sample10,Barley,大麦,10,1,growing,29.5,1.0557599999999998,23.48175,23.48175,3.555689140966679,6.044360000000007,13.881700859033312,9.600049140966686,22.241560581950445,0.0357884745762711,0.7959915254237288,13.900975363719027,2.648329165719482,20.913844055467152,5.433052966583314,5.239827233462151,,87.97999999999999,12.23,13.90088656512844,8.879859058907869e-05,CONSISTENT,29.5±1.3 kg,30.0,"Unknown — JIUDING Group, Hunan, China",Barley paper Table 4,MISSING_IN_TARGET__IMPUTED_906_TRAINING_MEDIAN,REPORTED_INITIAL_BW__NOT_DMI_BACKCALCULATION,RETROSPECTIVE_PRE_FN_UN_LAB_INFORMATION,TARGET_DM_CP_N_HARMONIZED_AND_CHEMISTRY_CROSSCHECKED,0.0,5.656969286659516,5.162507216507009,3.881087173561408,4.303578701607711,4.495364242940939,4.704806862162252,4.137104511260986,5.4261830647786455,10.819476503166525,12.662273496833476,8.18466587516912,15.297084124830882,9.563287576039631,13.91846242396037,9.200171105103191,14.28157889489681
REALV6R_0116,Barley::RealV6_大麦_sample10,Barley,大麦,10,2,growing,29.5,1.0557599999999998,23.48175,23.48175,2.978147931248075,5.2179795,15.285622568751922,8.196127431248076,22.241560581950445,0.0357884745762711,0.7959915254237288,13.900975363719027,2.648329165719482,20.913844055467152,5.433052966583314,5.239827233462151,,87.97999999999999,12.23,13.90088656512844,8.879859058907869e-05,CONSISTENT,29.5±1.3 kg,30.0,"Unknown — JIUDING Group, Hunan, China",Barley paper Table 4,MISSING_IN_TARGET__IMPUTED_906_TRAINING_MEDIAN,REPORTED_INITIAL_BW__NOT_DMI_BACKCALCULATION,RETROSPECTIVE_PRE_FN_UN_LAB_INFORMATION,TARGET_DM_CP_N_HARMONIZED_AND_CHEMISTRY_CROSSCHECKED,1.7763568394002505e-15,5.656969286659516,5.162507216507009,3.881087173561408,4.303578701607711,4.495364242940939,4.704806862162252,4.137104511260986,5.4261830647786455,10.819476503166525,12.662273496833476,8.18466587516912,15.297084124830882,9.563287576039631,13.91846242396037,9.200171105103191,14.28157889489681
REALV6R_0117,Barley::RealV6_大麦_sample10,Barley,大麦,10,3,growing,29.5,1.0557599999999998,23.48175,23.48175,2.828960166875926,4.354630000000003,16.298159833124068,7.183590166875929,22.241560581950445,0.0357884745762711,0.7959915254237288,13.900975363719027,2.648329165719482,20.913844055467152,5.433052966583314,5.239827233462151,,87.97999999999999,12.23,13.90088656512844,8.879859058907869e-05,CONSISTENT,29.5±1.3 kg,30.0,"Unknown — JIUDING Group, Hunan, China",Barley paper Table 4,MISSING_IN_TARGET__IMPUTED_906_TRAINING_MEDIAN,REPORTED_INITIAL_BW__NOT_DMI_BACKCALCULATION,RETROSPECTIVE_PRE_FN_UN_LAB_INFORMATION,TARGET_DM_CP_N_HARMONIZED_AND_CHEMISTRY_CROSSCHECKED,0.0,5.656969286659516,5.162507216507009,3.881087173561408,4.303578701607711,4.495364242940939,4.704806862162252,4.137104511260986,5.4261830647786455,10.819476503166525,12.662273496833476,8.18466587516912,15.297084124830882,9.563287576039631,13.91846242396037,9.200171105103191,14.28157889489681
REALV6R_0118,Barley::RealV6_大麦_sample10,Barley,大麦,10,4,growing,29.5,1.0557599999999998,23.48175,23.48175,3.737361052458485,5.729652499999999,14.014736447541514,9.467013552458484,22.241560581950445,0.0357884745762711,0.7959915254237288,13.900975363719027,2.648329165719482,20.913844055467152,5.433052966583314,5.239827233462151,,87.97999999999999,12.23,13.90088656512844,8.879859058907869e-05,CONSISTENT,29.5±1.3 kg,30.0,"Unknown — JIUDING Group, Hunan, China",Barley paper Table 4,MISSING_IN_TARGET__IMPUTED_906_TRAINING_MEDIAN,REPORTED_INITIAL_BW__NOT_DMI_BACKCALCULATION,RETROSPECTIVE_PRE_FN_UN_LAB_INFORMATION,TARGET_DM_CP_N_HARMONIZED_AND_CHEMISTRY_CROSSCHECKED,-1.7763568394002505e-15,5.656969286659516,5.162507216507009,3.881087173561408,4.303578701607711,4.495364242940939,4.704806862162252,4.137104511260986,5.4261830647786455,10.819476503166525,12.662273496833476,8.18466587516912,15.297084124830882,9.563287576039631,13.91846242396037,9.200171105103191,14.28157889489681
REALV6R_0119,Barley::RealV6_大麦_sample10,Barley,大麦,10,5,growing,29.5,1.0557599999999998,23.48175,23.48175,3.138112151760911,6.378417499999994,13.965220348239091,9.516529651760903,22.241560581950445,0.0357884745762711,0.7959915254237288,13.900975363719027,2.648329165719482,20.913844055467152,5.433052966583314,5.239827233462151,,87.97999999999999,12.23,13.90088656512844,8.879859058907869e-05,CONSISTENT,29.5±1.3 kg,30.0,"Unknown — JIUDING Group, Hunan, China",Barley paper Table 4,MISSING_IN_TARGET__IMPUTED_906_TRAINING_MEDIAN,REPORTED_INITIAL_BW__NOT_DMI_BACKCALCULATION,RETROSPECTIVE_PRE_FN_UN_LAB_INFORMATION,TARGET_DM_CP_N_HARMONIZED_AND_CHEMISTRY_CROSSCHECKED,0.0,5.656969286659516,5.162507216507009,3.881087173561408,4.303578701607711,4.495364242940939,4.704806862162252,4.137104511260986,5.4261830647786455,10.819476503166525,12.662273496833476,8.18466587516912,15.297084124830882,9.563287576039631,13.91846242396037,9.200171105103191,14.28157889489681
REALV6R_0120,Barley::RealV6_大麦_sample10,Barley,大麦,10,6,growing,29.5,1.0557599999999998,23.48175,23.48175,2.999462255389715,6.591869166666662,13.89041857794362,9.591331422056378,22.241560581950445,0.0357884745762711,0.7959915254237288,13.900975363719027,2.648329165719482,20.913844055467152,5.433052966583314,5.239827233462151,,87.97999999999999,12.23,13.90088656512844,8.879859058907869e-05,CONSISTENT,29.5±1.3 kg,30.0,"Unknown — JIUDING Group, Hunan, China",Barley paper Table 4,MISSING_IN_TARGET__IMPUTED_906_TRAINING_MEDIAN,REPORTED_INITIAL_BW__NOT_DMI_BACKCALCULATION,RETROSPECTIVE_PRE_FN_UN_LAB_INFORMATION,TARGET_DM_CP_N_HARMONIZED_AND_CHEMISTRY_CROSSCHECKED,0.0,5.656969286659516,5.162507216507009,3.881087173561408,4.303578701607711,4.495364242940939,4.704806862162252,4.137104511260986,5.4261830647786455,10.819476503166525,12.662273496833476,8.18466587516912,15.297084124830882,9.563287576039631,13.91846242396037,9.200171105103191,14.28157889489681
REALV6R_0487,Wheat::RealV6_小麦_sample1,Wheat,小麦,1,1,growing,50.0,0.77688,20.247450738916232,20.247450738916232,1.232950447635006,5.279316000000008,13.735184291281218,6.512266447635014,26.06252025913427,0.0155376,0.4049490147783246,16.28907516195892,5.189990732159408,14.805375347544022,4.494902687673772,3.151065801668212,,86.32,14.06,16.28822984244671,0.0008453195122086,CONSISTENT,50.0±1.7 kg,22.5,安徽阜阳,小麦论文 表2-2,MISSING_IN_TARGET__IMPUTED_906_TRAINING_MEDIAN,REPORTED_INITIAL_BW__NOT_DMI_BACKCALCULATION,RETROSPECTIVE_PRE_FN_UN_LAB_INFORMATION,TARGET_DM_CP_N_HARMONIZED_AND_CHEMISTRY_CROSSCHECKED,0.0,3.905138261856581,7.870208894961864,3.9509992804507257,10.98558466834501,3.935135968413856,9.530310487422923,3.7397868633270264,7.737631320953369,11.775347156818444,8.472103582097787,14.936583948795736,5.310866790120496,11.477418184280396,8.770032554635836,13.46544645583678,6.782004283079452
REALV6R_0488,Wheat::RealV6_小麦_sample1,Wheat,小麦,1,2,growing,50.0,0.77688,20.247450738916232,20.247450738916232,1.622774324876439,2.848380333333331,15.776296080706462,4.47115465820977,26.06252025913427,0.0155376,0.4049490147783246,16.28907516195892,5.189990732159408,14.805375347544022,4.494902687673772,3.151065801668212,,86.32,14.06,16.28822984244671,0.0008453195122086,CONSISTENT,50.0±1.7 kg,22.5,安徽阜阳,小麦论文 表2-2,MISSING_IN_TARGET__IMPUTED_906_TRAINING_MEDIAN,REPORTED_INITIAL_BW__NOT_DMI_BACKCALCULATION,RETROSPECTIVE_PRE_FN_UN_LAB_INFORMATION,TARGET_DM_CP_N_HARMONIZED_AND_CHEMISTRY_CROSSCHECKED,0.0,3.905138261856581,7.870208894961864,3.9509992804507257,10.98558466834501,3.935135968413856,9.530310487422923,3.7397868633270264,7.737631320953369,11.775347156818444,8.472103582097787,14.936583948795736,5.310866790120496,11.477418184280396,8.770032554635836,13.46544645583678,6.782004283079452
REALV6R_0489,Wheat::RealV6_小麦_sample1,Wheat,小麦,1,3,growing,50.0,0.77688,20.247450738916232,20.247450738916232,2.899344756164969,3.544261833333338,13.803844149417923,6.443606589498307,26.06252025913427,0.0155376,0.4049490147783246,16.28907516195892,5.189990732159408,14.805375347544022,4.494902687673772,3.151065801668212,,86.32,14.06,16.28822984244671,0.0008453195122086,CONSISTENT,50.0±1.7 kg,22.5,安徽阜阳,小麦论文 表2-2,MISSING_IN_TARGET__IMPUTED_906_TRAINING_MEDIAN,REPORTED_INITIAL_BW__NOT_DMI_BACKCALCULATION,RETROSPECTIVE_PRE_FN_UN_LAB_INFORMATION,TARGET_DM_CP_N_HARMONIZED_AND_CHEMISTRY_CROSSCHECKED,1.7763568394002505e-15,3.905138261856581,7.870208894961864,3.9509992804507257,10.98558466834501,3.935135968413856,9.530310487422923,3.7397868633270264,7.737631320953369,11.775347156818444,8.472103582097787,14.936583948795736,5.310866790120496,11.477418184280396,8.770032554635836,13.46544645583678,6.782004283079452
REALV6R_0490,Wheat::RealV6_小麦_sample1,Wheat,小麦,1,4,growing,50.0,0.77688,20.247450738916232,20.247450738916232,2.575112768690435,2.6564505,15.015887470225795,5.231563268690435,26.06252025913427,0.0155376,0.4049490147783246,16.28907516195892,5.189990732159408,14.805375347544022,4.494902687673772,3.151065801668212,,86.32,14.06,16.28822984244671,0.0008453195122086,CONSISTENT,50.0±1.7 kg,22.5,安徽阜阳,小麦论文 表2-2,MISSING_IN_TARGET__IMPUTED_906_TRAINING_MEDIAN,REPORTED_INITIAL_BW__NOT_DMI_BACKCALCULATION,RETROSPECTIVE_PRE_FN_UN_LAB_INFORMATION,TARGET_DM_CP_N_HARMONIZED_AND_CHEMISTRY_CROSSCHECKED,0.0,3.905138261856581,7.870208894961864,3.9509992804507257,10.98558466834501,3.935135968413856,9.530310487422923,3.7397868633270264,7.737631320953369,11.775347156818444,8.472103582097787,14.936583948795736,5.310866790120496,11.477418184280396,8.770032554635836,13.46544645583678,6.782004283079452
REALV6R_0491,Wheat::RealV6_小麦_sample1,Wheat,小麦,1,5,growing,50.0,0.77688,20.247450738916232,20.247450738916232,2.254133531809325,3.738186666666669,14.255130540440238,5.992320198475994,26.06252025913427,0.0155376,0.4049490147783246,16.28907516195892,5.189990732159408,14.805375347544022,4.494902687673772,3.151065801668212,,86.32,14.06,16.28822984244671,0.0008453195122086,CONSISTENT,50.0±1.7 kg,22.5,安徽阜阳,小麦论文 表2-2,MISSING_IN_TARGET__IMPUTED_906_TRAINING_MEDIAN,REPORTED_INITIAL_BW__NOT_DMI_BACKCALCULATION,RETROSPECTIVE_PRE_FN_UN_LAB_INFORMATION,TARGET_DM_CP_N_HARMONIZED_AND_CHEMISTRY_CROSSCHECKED,-1.7763568394002505e-15,3.905138261856581,7.870208894961864,3.9509992804507257,10.98558466834501,3.935135968413856,9.530310487422923,3.7397868633270264,7.737631320953369,11.775347156818444,8.472103582097787,14.936583948795736,5.310866790120496,11.477418184280396,8.770032554635836,13.46544645583678,6.782004283079452
REALV6R_0492,Wheat::RealV6_小麦_sample1,Wheat,小麦,1,6,growing,50.0,0.77688,20.247450738916232,20.247450738916232,2.030911340516115,3.136855333333335,15.079684065066782,5.167766673849449,26.06252025913427,0.0155376,0.4049490147783246,16.28907516195892,5.189990732159408,14.805375347544022,4.494902687673772,3.151065801668212,,86.32,14.06,16.28822984244671,0.0008453195122086,CONSISTENT,50.0±1.7 kg,22.5,安徽阜阳,小麦论文 表2-2,MISSING_IN_TARGET__IMPUTED_906_TRAINING_MEDIAN,REPORTED_INITIAL_BW__NOT_DMI_BACKCALCULATION,RETROSPECTIVE_PRE_FN_UN_LAB_INFORMATION,TARGET_DM_CP_N_HARMONIZED_AND_CHEMISTRY_CROSSCHECKED,-1.7763568394002505e-15,3.905138261856581,7.870208894961864,3.9509992804507257,10.98558466834501,3.935135968413856,9.530310487422923,3.7397868633270264,7.737631320953369,11.775347156818444,8.472103582097787,14.936583948795736,5.310866790120496,11.477418184280396,8.770032554635836,13.46544645583678,6.782004283079452
REALV6R_0493,Wheat::RealV6_小麦_sample2,Wheat,小麦,2,1,growing,50.0,0.8637999999999999,16.5904772937905,16.5904772937905,1.864920726935558,1.69716233333333,13.028394233521611,3.562083060268888,19.206387235228643,0.017276,0.3318095458758099,12.003992022017902,5.197962491317435,15.721231766612645,4.225515165547581,1.551285019680482,,86.38,10.37,12.005093771706417,-0.0011017496885123,CONSISTENT,50.0±1.7 kg,25.0,安徽亳州,小麦论文 表2-2,MISSING_IN_TARGET__IMPUTED_906_TRAINING_MEDIAN,REPORTED_INITIAL_BW__NOT_DMI_BACKCALCULATION,RETROSPECTIVE_PRE_FN_UN_LAB_INFORMATION,TARGET_DM_CP_N_HARMONIZED_AND_CHEMISTRY_CROSSCHECKED,0.0,4.648679096742891,7.366987606180585,2.8027338584753814,9.532565517351705,3.4412457410123856,8.520966965476171,3.7097577253977456,6.642029921213786,12.015666702923475,4.574810590867024,12.335299375827086,4.2551779179634135,10.351787646611532,6.238689647178967,11.962212706488558,4.628264587301942
REALV6R_0494,Wheat::RealV6_小麦_sample2,Wheat,小麦,2,2,growing,50.0,0.8637999999999999,16.5904772937905,16.5904772937905,2.291296251347638,4.19443333333333,10.104747709109532,6.485729584680968,19.206387235228643,0.017276,0.3318095458758099,12.003992022017902,5.197962491317435,15.721231766612645,4.225515165547581,1.551285019680482,,86.38,10.37,12.005093771706417,-0.0011017496885123,CONSISTENT,50.0±1.7 kg,25.0,安徽亳州,小麦论文 表2-2,MISSING_IN_TARGET__IMPUTED_906_TRAINING_MEDIAN,REPORTED_INITIAL_BW__NOT_DMI_BACKCALCULATION,RETROSPECTIVE_PRE_FN_UN_LAB_INFORMATION,TARGET_DM_CP_N_HARMONIZED_AND_CHEMISTRY_CROSSCHECKED,0.0,4.648679096742891,7.366987606180585,2.8027338584753814,9.532565517351705,3.4412457410123856,8.520966965476171,3.7097577253977456,6.642029921213786,12.015666702923475,4.574810590867024,12.335299375827086,4.2551779179634135,10.351787646611532,6.238689647178967,11.962212706488558,4.628264587301942
REALV6R_0495,Wheat::RealV6_小麦_sample2,Wheat,小麦,2,3,growing,50.0,0.8637999999999999,16.5904772937905,16.5904772937905,2.638681652892558,2.401831000000004,11.549964640897937,5.040512652892562,19.206387235228643,0.017276,0.3318095458758099,12.003992022017902,5.197962491317435,15.721231766612645,4.225515165547581,1.551285019680482,,86.38,10.37,12.005093771706417,-0.0011017496885123,CONSISTENT,50.0±1.7 kg,25.0,安徽亳州,小麦论文 表2-2,MISSING_IN_TARGET__IMPUTED_906_TRAINING_MEDIAN,REPORTED_INITIAL_BW__NOT_DMI_BACKCALCULATION,RETROSPECTIVE_PRE_FN_UN_LAB_INFORMATION,TARGET_DM_CP_N_HARMONIZED_AND_CHEMISTRY_CROSSCHECKED,0.0,4.648679096742891,7.366987606180585,2.8027338584753814,9.532565517351705,3.4412457410123856,8.520966965476171,3.7097577253977456,6.642029921213786,12.015666702923475,4.574810590867024,12.335299375827086,4.2551779179634135,10.351787646611532,6.238689647178967,11.962212706488558,4.628264587301942
REALV6R_0496,Wheat::RealV6_小麦_sample2,Wheat,小麦,2,4,growing,50.0,0.8637999999999999,16.5904772937905,16.5904772937905,2.242059758570883,2.009418666666663,12.338998868552954,4.251478425237545,19.206387235228643,0.017276,0.3318095458758099,12.003992022017902,5.197962491317435,15.721231766612645,4.225515165547581,1.551285019680482,,86.38,10.37,12.005093771706417,-0.0011017496885123,CONSISTENT,50.0±1.7 kg,25.0,安徽亳州,小麦论文 表2-2,MISSING_IN_TARGET__IMPUTED_906_TRAINING_MEDIAN,REPORTED_INITIAL_BW__NOT_DMI_BACKCALCULATION,RETROSPECTIVE_PRE_FN_UN_LAB_INFORMATION,TARGET_DM_CP_N_HARMONIZED_AND_CHEMISTRY_CROSSCHECKED,0.0,4.648679096742891,7.366987606180585,2.8027338584753814,9.532565517351705,3.4412457410123856,8.520966965476171,3.7097577253977456,6.642029921213786,12.015666702923475,4.574810590867024,12.335299375827086,4.2551779179634135,10.351787646611532,6.238689647178967,11.962212706488558,4.628264587301942
REALV6R_0497,Wheat::RealV6_小麦_sample2,Wheat,小麦,2,5,growing,50.0,0.8637999999999999,16.5904772937905,16.5904772937905,2.03729055891563,2.66307,11.89011673487487,4.70036055891563,19.206387235228643,0.017276,0.3318095458758099,12.003992022017902,5.197962491317435,15.721231766612645,4.225515165547581,1.551285019680482,,86.38,10.37,12.005093771706417,-0.0011017496885123,CONSISTENT,50.0±1.7 kg,25.0,安徽亳州,小麦论文 表2-2,MISSING_IN_TARGET__IMPUTED_906_TRAINING_MEDIAN,REPORTED_INITIAL_BW__NOT_DMI_BACKCALCULATION,RETROSPECTIVE_PRE_FN_UN_LAB_INFORMATION,TARGET_DM_CP_N_HARMONIZED_AND_CHEMISTRY_CROSSCHECKED,1.7763568394002505e-15,4.648679096742891,7.366987606180585,2.8027338584753814,9.532565517351705,3.4412457410123856,8.520966965476171,3.7097577253977456,6.642029921213786,12.015666702923475,4.574810590867024,12.335299375827086,4.2551779179634135,10.351787646611532,6.238689647178967,11.962212706488558,4.628264587301942
REALV6R_0498,Wheat::RealV6_小麦_sample2,Wheat,小麦,2,6,growing,50.0,0.8637999999999999,16.5904772937905,16.5904772937905,2.342257283308029,1.614220666666665,12.633999343815804,3.956477949974694,19.206387235228643,0.017276,0.3318095458758099,12.003992022017902,5.197962491317435,15.721231766612645,4.225515165547581,1.551285019680482,,86.38,10.37,12.005093771706417,-0.0011017496885123,CONSISTENT,50.0±1.7 kg,25.0,安徽亳州,小麦论文 表2-2,MISSING_IN_TARGET__IMPUTED_906_TRAINING_MEDIAN,REPORTED_INITIAL_BW__NOT_DMI_BACKCALCULATION,RETROSPECTIVE_PRE_FN_UN_LAB_INFORMATION,TARGET_DM_CP_N_HARMONIZED_AND_CHEMISTRY_CROSSCHECKED,0.0,4.648679096742891,7.366987606180585,2.8027338584753814,9.532565517351705,3.4412457410123856,8.520966965476171,3.7097577253977456,6.642029921213786,12.015666702923475,4.574810590867024,12.335299375827086,4.2551779179634135,10.351787646611532,6.238689647178967,11.962212706488558,4.628264587301942
REALV6R_0499,Wheat::RealV6_小麦_sample3,Wheat,小麦,3,1,growing,50.0,0.8707999999999999,22.4644555397052,22.4644555397052,1.714145276632057,2.122231999999999,18.628078263073142,3.836377276632056,25.797491432826373,0.0174159999999999,0.449289110794104,16.12343214551648,5.271015158474965,17.811208084519983,4.71979788700046,3.68626550298576,,87.08,14.04,16.123105190629307,0.0003269548871749,CONSISTENT,50.0±1.7 kg,25.0,江苏徐州,小麦论文 表2-2,MISSING_IN_TARGET__IMPUTED_906_TRAINING_MEDIAN,REPORTED_INITIAL_BW__NOT_DMI_BACKCALCULATION,RETROSPECTIVE_PRE_FN_UN_LAB_INFORMATION,TARGET_DM_CP_N_HARMONIZED_AND_CHEMISTRY_CROSSCHECKED,0.0,4.669761626335883,8.141391328638974,3.93672807961501,10.339904343736327,4.190284154939761,9.312920936268306,4.218762238820394,7.633259455362956,12.811152954974858,9.65330258473034,14.276632423351337,8.187823116353862,11.85202169418335,10.61243384552185,13.503205091208066,8.961250448497132
REALV6R_0500,Wheat::RealV6_小麦_sample3,Wheat,小麦,3,2,growing,50.0,0.8707999999999999,22.4644555397052,22.4644555397052,4.03025417945051,7.170989499999999,11.263211860254692,11.20124367945051,25.797491432826373,0.0174159999999999,0.449289110794104,16.12343214551648,5.271015158474965,17.811208084519983,4.71979788700046,3.68626550298576,,87.08,14.04,16.123105190629307,0.0003269548871749,CONSISTENT,50.0±1.7 kg,25.0,江苏徐州,小麦论文 表2-2,MISSING_IN_TARGET__IMPUTED_906_TRAINING_MEDIAN,REPORTED_INITIAL_BW__NOT_DMI_BACKCALCULATION,RETROSPECTIVE_PRE_FN_UN_LAB_INFORMATION,TARGET_DM_CP_N_HARMONIZED_AND_CHEMISTRY_CROSSCHECKED,1.7763568394002505e-15,4.669761626335883,8.141391328638974,3.93672807961501,10.339904343736327,4.190284154939761,9.312920936268306,4.218762238820394,7.633259455362956,12.811152954974858,9.65330258473034,14.276632423351337,8.187823116353862,11.85202169418335,10.61243384552185,13.503205091208066,8.961250448497132
REALV6R_0501,Wheat::RealV6_小麦_sample3,Wheat,小麦,3,3,growing,50.0,0.8707999999999999,22.4644555397052,22.4644555397052,2.899736675618745,2.712418333333329,16.852300530753126,5.612155008952074,25.797491432826373,0.0174159999999999,0.449289110794104,16.12343214551648,5.271015158474965,17.811208084519983,4.71979788700046,3.68626550298576,,87.08,14.04,16.123105190629307,0.0003269548871749,CONSISTENT,50.0±1.7 kg,25.0,江苏徐州,小麦论文 表2-2,MISSING_IN_TARGET__IMPUTED_906_TRAINING_MEDIAN,REPORTED_INITIAL_BW__NOT_DMI_BACKCALCULATION,RETROSPECTIVE_PRE_FN_UN_LAB_INFORMATION,TARGET_DM_CP_N_HARMONIZED_AND_CHEMISTRY_CROSSCHECKED,3.552713678800501e-15,4.669761626335883,8.141391328638974,3.93672807961501,10.339904343736327,4.190284154939761,9.312920936268306,4.218762238820394,7.633259455362956,12.811152954974858,9.65330258473034,14.276632423351337,8.187823116353862,11.85202169418335,10.61243384552185,13.503205091208066,8.961250448497132
REALV6R_0502,Wheat::RealV6_小麦_sample3,Wheat,小麦,3,4,growing,50.0,0.8707999999999999,22.4644555397052,22.4644555397052,1.735242257999767,6.784406333333346,13.944806948372088,8.519648591333114,25.797491432826373,0.0174159999999999,0.449289110794104,16.12343214551648,5.271015158474965,17.811208084519983,4.71979788700046,3.68626550298576,,87.08,14.04,16.123105190629307,0.0003269548871749,CONSISTENT,50.0±1.7 kg,25.0,江苏徐州,小麦论文 表2-2,MISSING_IN_TARGET__IMPUTED_906_TRAINING_MEDIAN,REPORTED_INITIAL_BW__NOT_DMI_BACKCALCULATION,RETROSPECTIVE_PRE_FN_UN_LAB_INFORMATION,TARGET_DM_CP_N_HARMONIZED_AND_CHEMISTRY_CROSSCHECKED,-1.7763568394002505e-15,4.669761626335883,8.141391328638974,3.93672807961501,10.339904343736327,4.190284154939761,9.312920936268306,4.218762238820394,7.633259455362956,12.811152954974858,9.65330258473034,14.276632423351337,8.187823116353862,11.85202169418335,10.61243384552185,13.503205091208066,8.961250448497132
REALV6R_0503,Wheat::RealV6_小麦_sample3,Wheat,小麦,3,5,growing,50.0,0.8707999999999999,22.4644555397052,22.4644555397052,2.454905876615156,3.921068666666659,16.088480996423385,6.375974543281815,25.797491432826373,0.0174159999999999,0.449289110794104,16.12343214551648,5.271015158474965,17.811208084519983,4.71979788700046,3.68626550298576,,87.08,14.04,16.123105190629307,0.0003269548871749,CONSISTENT,50.0±1.7 kg,25.0,江苏徐州,小麦论文 表2-2,MISSING_IN_TARGET__IMPUTED_906_TRAINING_MEDIAN,REPORTED_INITIAL_BW__NOT_DMI_BACKCALCULATION,RETROSPECTIVE_PRE_FN_UN_LAB_INFORMATION,TARGET_DM_CP_N_HARMONIZED_AND_CHEMISTRY_CROSSCHECKED,0.0,4.669761626335883,8.141391328638974,3.93672807961501,10.339904343736327,4.190284154939761,9.312920936268306,4.218762238820394,7.633259455362956,12.811152954974858,9.65330258473034,14.276632423351337,8.187823116353862,11.85202169418335,10.61243384552185,13.503205091208066,8.961250448497132
REALV6R_0504,Wheat::RealV6_小麦_sample3,Wheat,小麦,3,6,growing,50.0,0.8707999999999999,22.4644555397052,22.4644555397052,2.597054871250904,5.126095000000007,14.741305668454292,7.723149871250911,25.797491432826373,0.0174159999999999,0.449289110794104,16.12343214551648,5.271015158474965,17.811208084519983,4.71979788700046,3.68626550298576,,87.08,14.04,16.123105190629307,0.0003269548871749,CONSISTENT,50.0±1.7 kg,25.0,江苏徐州,小麦论文 表2-2,MISSING_IN_TARGET__IMPUTED_906_TRAINING_MEDIAN,REPORTED_INITIAL_BW__NOT_DMI_BACKCALCULATION,RETROSPECTIVE_PRE_FN_UN_LAB_INFORMATION,TARGET_DM_CP_N_HARMONIZED_AND_CHEMISTRY_CROSSCHECKED,0.0,4.669761626335883,8.141391328638974,3.93672807961501,10.339904343736327,4.190284154939761,9.312920936268306,4.218762238820394,7.633259455362956,12.811152954974858,9.65330258473034,14.276632423351337,8.187823116353862,11.85202169418335,10.61243384552185,13.503205091208066,8.961250448497132
REALV6R_0505,Wheat::RealV6_小麦_sample4,Wheat,小麦,4,1,growing,50.0,0.8661,23.6460900473934,23.6460900473934,1.727057746299649,1.992756,19.92627630109375,3.719813746299649,27.301801232413577,0.017322,0.472921800947868,17.06362577025849,5.091790786283339,16.868721856598544,4.733864449832582,3.059692876111304,,86.61,14.78,17.065004041103798,-0.0013782708453078,CONSISTENT,50.0±1.7 kg,25.0,江苏盐城,小麦论文 表2-2,MISSING_IN_TARGET__IMPUTED_906_TRAINING_MEDIAN,REPORTED_INITIAL_BW__NOT_DMI_BACKCALCULATION,RETROSPECTIVE_PRE_FN_UN_LAB_INFORMATION,TARGET_DM_CP_N_HARMONIZED_AND_CHEMISTRY_CROSSCHECKED,0.0,4.45744479940936,8.45816725108648,3.930658220794026,10.5550502949339,4.112873534138094,9.5755409271729,4.192028999328613,8.111447970072428,12.915612050495838,10.730477996897562,14.485708515727925,9.160381531665475,12.303476969401041,11.34261307799236,13.688414461310995,9.957675586082406
REALV6R_0506,Wheat::RealV6_小麦_sample4,Wheat,小麦,4,2,growing,50.0,0.8661,23.6460900473934,23.6460900473934,1.080546175738953,5.183470833333331,17.382073038321117,6.264017009072284,27.301801232413577,0.017322,0.472921800947868,17.06362577025849,5.091790786283339,16.868721856598544,4.733864449832582,3.059692876111304,,86.61,14.78,17.065004041103798,-0.0013782708453078,CONSISTENT,50.0±1.7 kg,25.0,江苏盐城,小麦论文 表2-2,MISSING_IN_TARGET__IMPUTED_906_TRAINING_MEDIAN,REPORTED_INITIAL_BW__NOT_DMI_BACKCALCULATION,RETROSPECTIVE_PRE_FN_UN_LAB_INFORMATION,TARGET_DM_CP_N_HARMONIZED_AND_CHEMISTRY_CROSSCHECKED,0.0,4.45744479940936,8.45816725108648,3.930658220794026,10.5550502949339,4.112873534138094,9.5755409271729,4.192028999328613,8.111447970072428,12.915612050495838,10.730477996897562,14.485708515727925,9.160381531665475,12.303476969401041,11.34261307799236,13.688414461310995,9.957675586082406
REALV6R_0507,Wheat::RealV6_小麦_sample4,Wheat,小麦,4,3,growing,50.0,0.8661,23.6460900473934,23.6460900473934,2.273163060455035,3.382225,17.990701986938365,5.655388060455035,27.301801232413577,0.017322,0.472921800947868,17.06362577025849,5.091790786283339,16.868721856598544,4.733864449832582,3.059692876111304,,86.61,14.78,17.065004041103798,-0.0013782708453078,CONSISTENT,50.0±1.7 kg,25.0,江苏盐城,小麦论文 表2-2,MISSING_IN_TARGET__IMPUTED_906_TRAINING_MEDIAN,REPORTED_INITIAL_BW__NOT_DMI_BACKCALCULATION,RETROSPECTIVE_PRE_FN_UN_LAB_INFORMATION,TARGET_DM_CP_N_HARMONIZED_AND_CHEMISTRY_CROSSCHECKED,3.552713678800501e-15,4.45744479940936,8.45816725108648,3.930658220794026,10.5550502949339,4.112873534138094,9.5755409271729,4.192028999328613,8.111447970072428,12.915612050495838,10.730477996897562,14.485708515727925,9.160381531665475,12.303476969401041,11.34261307799236,13.688414461310995,9.957675586082406
REALV6R_0508,Wheat::RealV6_小麦_sample4,Wheat,小麦,4,4,growing,50.0,0.8661,23.6460900473934,23.6460900473934,1.583988383643382,0.909311,21.152790663750014,2.493299383643382,27.301801232413577,0.017322,0.472921800947868,17.06362577025849,5.091790786283339,16.868721856598544,4.733864449832582,3.059692876111304,,86.61,14.78,17.065004041103798,-0.0013782708453078,CONSISTENT,50.0±1.7 kg,25.0,江苏盐城,小麦论文 表2-2,MISSING_IN_TARGET__IMPUTED_906_TRAINING_MEDIAN,REPORTED_INITIAL_BW__NOT_DMI_BACKCALCULATION,RETROSPECTIVE_PRE_FN_UN_LAB_INFORMATION,TARGET_DM_CP_N_HARMONIZED_AND_CHEMISTRY_CROSSCHECKED,0.0,4.45744479940936,8.45816725108648,3.930658220794026,10.5550502949339,4.112873534138094,9.5755409271729,4.192028999328613,8.111447970072428,12.915612050495838,10.730477996897562,14.485708515727925,9.160381531665475,12.303476969401041,11.34261307799236,13.688414461310995,9.957675586082406
REALV6R_0509,Wheat::RealV6_小麦_sample4,Wheat,小麦,4,5,growing,50.0,0.8661,23.6460900473934,23.6460900473934,1.977552444884339,3.1073105,18.56122710250906,5.084862944884339,27.301801232413577,0.017322,0.472921800947868,17.06362577025849,5.091790786283339,16.868721856598544,4.733864449832582,3.059692876111304,,86.61,14.78,17.065004041103798,-0.0013782708453078,CONSISTENT,50.0±1.7 kg,25.0,江苏盐城,小麦论文 表2-2,MISSING_IN_TARGET__IMPUTED_906_TRAINING_MEDIAN,REPORTED_INITIAL_BW__NOT_DMI_BACKCALCULATION,RETROSPECTIVE_PRE_FN_UN_LAB_INFORMATION,TARGET_DM_CP_N_HARMONIZED_AND_CHEMISTRY_CROSSCHECKED,0.0,4.45744479940936,8.45816725108648,3.930658220794026,10.5550502949339,4.112873534138094,9.5755409271729,4.192028999328613,8.111447970072428,12.915612050495838,10.730477996897562,14.485708515727925,9.160381531665475,12.303476969401041,11.34261307799236,13.688414461310995,9.957675586082406
REALV6R_0510,Wheat::RealV6_小麦_sample4,Wheat,小麦,4,6,growing,50.0,0.8661,23.6460900473934,23.6460900473934,1.670777875100245,2.669586500000002,19.305725672293157,4.340364375100247,27.301801232413577,0.017322,0.472921800947868,17.06362577025849,5.091790786283339,16.868721856598544,4.733864449832582,3.059692876111304,,86.61,14.78,17.065004041103798,-0.0013782708453078,CONSISTENT,50.0±1.7 kg,25.0,江苏盐城,小麦论文 表2-2,MISSING_IN_TARGET__IMPUTED_906_TRAINING_MEDIAN,REPORTED_INITIAL_BW__NOT_DMI_BACKCALCULATION,RETROSPECTIVE_PRE_FN_UN_LAB_INFORMATION,TARGET_DM_CP_N_HARMONIZED_AND_CHEMISTRY_CROSSCHECKED,0.0,4.45744479940936,8.45816725108648,3.930658220794026,10.5550502949339,4.112873534138094,9.5755409271729,4.192028999328613,8.111447970072428,12.915612050495838,10.730477996897562,14.485708515727925,9.160381531665475,12.303476969401041,11.34261307799236,13.688414461310995,9.957675586082406
REALV6R_0511,Wheat::RealV6_小麦_sample5,Wheat,小麦,5,1,growing,50.0,0.8669,24.8794216061185,24.8794216061185,2.008098312012936,5.4698175,17.40150579410556,7.477915812012936,28.699298196007035,0.017338,0.49758843212237,17.9370613725044,5.133233360249164,17.66062983043027,4.452647364171185,1.71876802399354,,86.69,15.55,17.937478371207753,-0.0004169987033542,CONSISTENT,50.0±1.7 kg,25.0,河南平顶山,小麦论文 表2-2,MISSING_IN_TARGET__IMPUTED_906_TRAINING_MEDIAN,REPORTED_INITIAL_BW__NOT_DMI_BACKCALCULATION,RETROSPECTIVE_PRE_FN_UN_LAB_INFORMATION,TARGET_DM_CP_N_HARMONIZED_AND_CHEMISTRY_CROSSCHECKED,0.0,4.5061435396369145,8.563189723682967,3.9174897396632256,10.442340609939526,4.121104905591183,9.564539674915787,4.296769142150879,8.31722354888916,13.069333263319882,11.810088342798617,14.359830349602753,10.519591256515746,12.613992691040039,12.26542891507846,13.68564458050697,11.193777025611528
REALV6R_0512,Wheat::RealV6_小麦_sample5,Wheat,小麦,5,2,growing,50.0,0.8669,24.8794216061185,24.8794216061185,1.877318739119883,5.058487,17.943615866998613,6.935805739119884,28.699298196007035,0.017338,0.49758843212237,17.9370613725044,5.133233360249164,17.66062983043027,4.452647364171185,1.71876802399354,,86.69,15.55,17.937478371207753,-0.0004169987033542,CONSISTENT,50.0±1.7 kg,25.0,河南平顶山,小麦论文 表2-2,MISSING_IN_TARGET__IMPUTED_906_TRAINING_MEDIAN,REPORTED_INITIAL_BW__NOT_DMI_BACKCALCULATION,RETROSPECTIVE_PRE_FN_UN_LAB_INFORMATION,TARGET_DM_CP_N_HARMONIZED_AND_CHEMISTRY_CROSSCHECKED,3.552713678800501e-15,4.5061435396369145,8.563189723682967,3.9174897396632256,10.442340609939526,4.121104905591183,9.564539674915787,4.296769142150879,8.31722354888916,13.069333263319882,11.810088342798617,14.359830349602753,10.519591256515746,12.613992691040039,12.26542891507846,13.68564458050697,11.193777025611528
REALV6R_0513,Wheat::RealV6_小麦_sample5,Wheat,小麦,5,3,growing,50.0,0.8669,24.8794216061185,24.8794216061185,2.603069855073122,4.1091705,18.167181251045378,6.712240355073122,28.699298196007035,0.017338,0.49758843212237,17.9370613725044,5.133233360249164,17.66062983043027,4.452647364171185,1.71876802399354,,86.69,15.55,17.937478371207753,-0.0004169987033542,CONSISTENT,50.0±1.7 kg,25.0,河南平顶山,小麦论文 表2-2,MISSING_IN_TARGET__IMPUTED_906_TRAINING_MEDIAN,REPORTED_INITIAL_BW__NOT_DMI_BACKCALCULATION,RETROSPECTIVE_PRE_FN_UN_LAB_INFORMATION,TARGET_DM_CP_N_HARMONIZED_AND_CHEMISTRY_CROSSCHECKED,-3.552713678800501e-15,4.5061435396369145,8.563189723682967,3.9174897396632256,10.442340609939526,4.121104905591183,9.564539674915787,4.296769142150879,8.31722354888916,13.069333263319882,11.810088342798617,14.359830349602753,10.519591256515746,12.613992691040039,12.26542891507846,13.68564458050697,11.193777025611528
REALV6R_0514,Wheat::RealV6_小麦_sample5,Wheat,小麦,5,4,growing,50.0,0.8669,24.8794216061185,24.8794216061185,1.150481518817207,6.1973335,17.53160658730129,7.347815018817207,28.699298196007035,0.017338,0.49758843212237,17.9370613725044,5.133233360249164,17.66062983043027,4.452647364171185,1.71876802399354,,86.69,15.55,17.937478371207753,-0.0004169987033542,CONSISTENT,50.0±1.7 kg,25.0,河南平顶山,小麦论文 表2-2,MISSING_IN_TARGET__IMPUTED_906_TRAINING_MEDIAN,REPORTED_INITIAL_BW__NOT_DMI_BACKCALCULATION,RETROSPECTIVE_PRE_FN_UN_LAB_INFORMATION,TARGET_DM_CP_N_HARMONIZED_AND_CHEMISTRY_CROSSCHECKED,0.0,4.5061435396369145,8.563189723682967,3.9174897396632256,10.442340609939526,4.121104905591183,9.564539674915787,4.296769142150879,8.31722354888916,13.069333263319882,11.810088342798617,14.359830349602753,10.519591256515746,12.613992691040039,12.26542891507846,13.68564458050697,11.193777025611528
REALV6R_0515,Wheat::RealV6_小麦_sample5,Wheat,小麦,5,5,growing,50.0,0.8669,24.8794216061185,24.8794216061185,1.850980785413747,3.5697915,19.45864932070475,5.420772285413747,28.699298196007035,0.017338,0.49758843212237,17.9370613725044,5.133233360249164,17.66062983043027,4.452647364171185,1.71876802399354,,86.69,15.55,17.937478371207753,-0.0004169987033542,CONSISTENT,50.0±1.7 kg,25.0,河南平顶山,小麦论文 表2-2,MISSING_IN_TARGET__IMPUTED_906_TRAINING_MEDIAN,REPORTED_INITIAL_BW__NOT_DMI_BACKCALCULATION,RETROSPECTIVE_PRE_FN_UN_LAB_INFORMATION,TARGET_DM_CP_N_HARMONIZED_AND_CHEMISTRY_CROSSCHECKED,0.0,4.5061435396369145,8.563189723682967,3.9174897396632256,10.442340609939526,4.121104905591183,9.564539674915787,4.296769142150879,8.31722354888916,13.069333263319882,11.810088342798617,14.359830349602753,10.519591256515746,12.613992691040039,12.26542891507846,13.68564458050697,11.193777025611528
REALV6R_0516,Wheat::RealV6_小麦_sample5,Wheat,小麦,5,6,growing,50.0,0.8669,24.8794216061185,24.8794216061185,1.579848159018512,5.452858666666662,17.846714780433324,7.032706825685175,28.699298196007035,0.017338,0.49758843212237,17.9370613725044,5.133233360249164,17.66062983043027,4.452647364171185,1.71876802399354,,86.69,15.55,17.937478371207753,-0.0004169987033542,CONSISTENT,50.0±1.7 kg,25.0,河南平顶山,小麦论文 表2-2,MISSING_IN_TARGET__IMPUTED_906_TRAINING_MEDIAN,REPORTED_INITIAL_BW__NOT_DMI_BACKCALCULATION,RETROSPECTIVE_PRE_FN_UN_LAB_INFORMATION,TARGET_DM_CP_N_HARMONIZED_AND_CHEMISTRY_CROSSCHECKED,0.0,4.5061435396369145,8.563189723682967,3.9174897396632256,10.442340609939526,4.121104905591183,9.564539674915787,4.296769142150879,8.31722354888916,13.069333263319882,11.810088342798617,14.359830349602753,10.519591256515746,12.613992691040039,12.26542891507846,13.68564458050697,11.193777025611528
REALV6R_0517,Wheat::RealV6_小麦_sample6,Wheat,小麦,6,1,growing,50.0,0.8665,23.0508040935673,23.0508040935673,1.576434485374242,5.246703000000005,16.227666608193054,6.823137485374247,26.602197453626427,0.01733,0.461016081871346,16.626373408516518,5.147143681477207,18.09578765147144,4.420080784766301,1.6733987305251008,,86.65,14.41,16.63012117714945,-0.0037477686329339,CONSISTENT,50.0±1.7 kg,25.0,河南周口,小麦论文 表2-2,MISSING_IN_TARGET__IMPUTED_906_TRAINING_MEDIAN,REPORTED_INITIAL_BW__NOT_DMI_BACKCALCULATION,RETROSPECTIVE_PRE_FN_UN_LAB_INFORMATION,TARGET_DM_CP_N_HARMONIZED_AND_CHEMISTRY_CROSSCHECKED,0.0,4.649754124129646,8.20323280172426,3.98516411760258,10.30614617148658,4.215045593708092,9.323819879461908,4.245431582132976,7.742373784383138,12.852986925853905,10.197817167713396,14.291310289089159,8.759493804478142,11.987805366516113,11.062998727051188,13.53886547317,9.5119386203973
REALV6R_0518,Wheat::RealV6_小麦_sample6,Wheat,小麦,6,2,growing,50.0,0.8665,23.0508040935673,23.0508040935673,1.615535723600151,4.274853333333329,17.16041503663382,5.89038905693348,26.602197453626427,0.01733,0.461016081871346,16.626373408516518,5.147143681477207,18.09578765147144,4.420080784766301,1.6733987305251008,,86.65,14.41,16.63012117714945,-0.0037477686329339,CONSISTENT,50.0±1.7 kg,25.0,河南周口,小麦论文 表2-2,MISSING_IN_TARGET__IMPUTED_906_TRAINING_MEDIAN,REPORTED_INITIAL_BW__NOT_DMI_BACKCALCULATION,RETROSPECTIVE_PRE_FN_UN_LAB_INFORMATION,TARGET_DM_CP_N_HARMONIZED_AND_CHEMISTRY_CROSSCHECKED,0.0,4.649754124129646,8.20323280172426,3.98516411760258,10.30614617148658,4.215045593708092,9.323819879461908,4.245431582132976,7.742373784383138,12.852986925853905,10.197817167713396,14.291310289089159,8.759493804478142,11.987805366516113,11.062998727051188,13.53886547317,9.5119386203973
REALV6R_0519,Wheat::RealV6_小麦_sample6,Wheat,小麦,6,3,growing,50.0,0.8665,23.0508040935673,23.0508040935673,1.329165113990457,8.192912500000006,13.528726479576838,9.522077613990463,26.602197453626427,0.01733,0.461016081871346,16.626373408516518,5.147143681477207,18.09578765147144,4.420080784766301,1.6733987305251008,,86.65,14.41,16.63012117714945,-0.0037477686329339,CONSISTENT,50.0±1.7 kg,25.0,河南周口,小麦论文 表2-2,MISSING_IN_TARGET__IMPUTED_906_TRAINING_MEDIAN,REPORTED_INITIAL_BW__NOT_DMI_BACKCALCULATION,RETROSPECTIVE_PRE_FN_UN_LAB_INFORMATION,TARGET_DM_CP_N_HARMONIZED_AND_CHEMISTRY_CROSSCHECKED,1.7763568394002505e-15,4.649754124129646,8.20323280172426,3.98516411760258,10.30614617148658,4.215045593708092,9.323819879461908,4.245431582132976,7.742373784383138,12.852986925853905,10.197817167713396,14.291310289089159,8.759493804478142,11.987805366516113,11.062998727051188,13.53886547317,9.5119386203973
REALV6R_0520,Wheat::RealV6_小麦_sample6,Wheat,小麦,6,4,growing,50.0,0.8665,23.0508040935673,23.0508040935673,1.065326273491277,5.555439000000008,16.430038820076014,6.620765273491285,26.602197453626427,0.01733,0.461016081871346,16.626373408516518,5.147143681477207,18.09578765147144,4.420080784766301,1.6733987305251008,,86.65,14.41,16.63012117714945,-0.0037477686329339,CONSISTENT,50.0±1.7 kg,25.0,河南周口,小麦论文 表2-2,MISSING_IN_TARGET__IMPUTED_906_TRAINING_MEDIAN,REPORTED_INITIAL_BW__NOT_DMI_BACKCALCULATION,RETROSPECTIVE_PRE_FN_UN_LAB_INFORMATION,TARGET_DM_CP_N_HARMONIZED_AND_CHEMISTRY_CROSSCHECKED,3.552713678800501e-15,4.649754124129646,8.20323280172426,3.98516411760258,10.30614617148658,4.215045593708092,9.323819879461908,4.245431582132976,7.742373784383138,12.852986925853905,10.197817167713396,14.291310289089159,8.759493804478142,11.987805366516113,11.062998727051188,13.53886547317,9.5119386203973
REALV6R_0521,Wheat::RealV6_小麦_sample6,Wheat,小麦,6,5,growing,50.0,0.8665,23.0508040935673,23.0508040935673,1.517253764581409,5.908400000000007,15.625150328985884,7.425653764581416,26.602197453626427,0.01733,0.461016081871346,16.626373408516518,5.147143681477207,18.09578765147144,4.420080784766301,1.6733987305251008,,86.65,14.41,16.63012117714945,-0.0037477686329339,CONSISTENT,50.0±1.7 kg,25.0,河南周口,小麦论文 表2-2,MISSING_IN_TARGET__IMPUTED_906_TRAINING_MEDIAN,REPORTED_INITIAL_BW__NOT_DMI_BACKCALCULATION,RETROSPECTIVE_PRE_FN_UN_LAB_INFORMATION,TARGET_DM_CP_N_HARMONIZED_AND_CHEMISTRY_CROSSCHECKED,0.0,4.649754124129646,8.20323280172426,3.98516411760258,10.30614617148658,4.215045593708092,9.323819879461908,4.245431582132976,7.742373784383138,12.852986925853905,10.197817167713396,14.291310289089159,8.759493804478142,11.987805366516113,11.062998727051188,13.53886547317,9.5119386203973
REALV6R_0522,Wheat::RealV6_小麦_sample6,Wheat,小麦,6,6,growing,50.0,0.8665,23.0508040935673,23.0508040935673,1.53569245655479,1.3251875,20.18992413701251,2.8608799565547898,26.602197453626427,0.01733,0.461016081871346,16.626373408516518,5.147143681477207,18.09578765147144,4.420080784766301,1.6733987305251008,,86.65,14.41,16.63012117714945,-0.0037477686329339,CONSISTENT,50.0±1.7 kg,25.0,河南周口,小麦论文 表2-2,MISSING_IN_TARGET__IMPUTED_906_TRAINING_MEDIAN,REPORTED_INITIAL_BW__NOT_DMI_BACKCALCULATION,RETROSPECTIVE_PRE_FN_UN_LAB_INFORMATION,TARGET_DM_CP_N_HARMONIZED_AND_CHEMISTRY_CROSSCHECKED,0.0,4.649754124129646,8.20323280172426,3.98516411760258,10.30614617148658,4.215045593708092,9.323819879461908,4.245431582132976,7.742373784383138,12.852986925853905,10.197817167713396,14.291310289089159,8.759493804478142,11.987805366516113,11.062998727051188,13.53886547317,9.5119386203973
REALV6R_0523,Wheat::RealV6_小麦_sample7,Wheat,小麦,7,1,growing,50.0,1.04088,32.00733812949637,32.00733812949637,2.40265204849941,5.57775866666666,24.0269274143303,7.980410715166069,30.750267206110568,0.0208176,0.6401467625899273,19.2189170038191,5.199446622089002,17.223887479824764,4.09269080009223,1.2566290062255017,,86.74,16.67,19.218353700714783,0.0005633031043181,CONSISTENT,50.0±1.7 kg,30.0,河南商丘,小麦论文 表2-2,MISSING_IN_TARGET__IMPUTED_906_TRAINING_MEDIAN,REPORTED_INITIAL_BW__NOT_DMI_BACKCALCULATION,RETROSPECTIVE_PRE_FN_UN_LAB_INFORMATION,TARGET_DM_CP_N_HARMONIZED_AND_CHEMISTRY_CROSSCHECKED,0.0,5.230335548422829,10.645175256745604,5.560706984011371,11.73153651753074,5.44643160741782,11.224068523627157,4.946759064992269,10.414867083231607,15.875510805168433,16.131827324327936,17.29224350154211,14.715094627954258,15.361626148223877,16.64571198127249,16.670500131044975,15.336837998451394
REALV6R_0524,Wheat::RealV6_小麦_sample7,Wheat,小麦,7,2,growing,50.0,1.04088,32.00733812949637,32.00733812949637,3.900814709745222,2.290859999999999,25.815663419751147,6.191674709745222,30.750267206110568,0.0208176,0.6401467625899273,19.2189170038191,5.199446622089002,17.223887479824764,4.09269080009223,1.2566290062255017,,86.74,16.67,19.218353700714783,0.0005633031043181,CONSISTENT,50.0±1.7 kg,30.0,河南商丘,小麦论文 表2-2,MISSING_IN_TARGET__IMPUTED_906_TRAINING_MEDIAN,REPORTED_INITIAL_BW__NOT_DMI_BACKCALCULATION,RETROSPECTIVE_PRE_FN_UN_LAB_INFORMATION,TARGET_DM_CP_N_HARMONIZED_AND_CHEMISTRY_CROSSCHECKED,0.0,5.230335548422829,10.645175256745604,5.560706984011371,11.73153651753074,5.44643160741782,11.224068523627157,4.946759064992269,10.414867083231607,15.875510805168433,16.131827324327936,17.29224350154211,14.715094627954258,15.361626148223877,16.64571198127249,16.670500131044975,15.336837998451394
REALV6R_0525,Wheat::RealV6_小麦_sample7,Wheat,小麦,7,3,growing,50.0,1.04088,32.00733812949637,32.00733812949637,2.984837676617746,2.701805000000005,26.320695452878617,5.686642676617751,30.750267206110568,0.0208176,0.6401467625899273,19.2189170038191,5.199446622089002,17.223887479824764,4.09269080009223,1.2566290062255017,,86.74,16.67,19.218353700714783,0.0005633031043181,CONSISTENT,50.0±1.7 kg,30.0,河南商丘,小麦论文 表2-2,MISSING_IN_TARGET__IMPUTED_906_TRAINING_MEDIAN,REPORTED_INITIAL_BW__NOT_DMI_BACKCALCULATION,RETROSPECTIVE_PRE_FN_UN_LAB_INFORMATION,TARGET_DM_CP_N_HARMONIZED_AND_CHEMISTRY_CROSSCHECKED,0.0,5.230335548422829,10.645175256745604,5.560706984011371,11.73153651753074,5.44643160741782,11.224068523627157,4.946759064992269,10.414867083231607,15.875510805168433,16.131827324327936,17.29224350154211,14.715094627954258,15.361626148223877,16.64571198127249,16.670500131044975,15.336837998451394
REALV6R_0526,Wheat::RealV6_小麦_sample7,Wheat,小麦,7,4,growing,50.0,1.04088,32.00733812949637,32.00733812949637,1.24787348639945,5.377518666666661,25.38194597643026,6.625392153066111,30.750267206110568,0.0208176,0.6401467625899273,19.2189170038191,5.199446622089002,17.223887479824764,4.09269080009223,1.2566290062255017,,86.74,16.67,19.218353700714783,0.0005633031043181,CONSISTENT,50.0±1.7 kg,30.0,河南商丘,小麦论文 表2-2,MISSING_IN_TARGET__IMPUTED_906_TRAINING_MEDIAN,REPORTED_INITIAL_BW__NOT_DMI_BACKCALCULATION,RETROSPECTIVE_PRE_FN_UN_LAB_INFORMATION,TARGET_DM_CP_N_HARMONIZED_AND_CHEMISTRY_CROSSCHECKED,0.0,5.230335548422829,10.645175256745604,5.560706984011371,11.73153651753074,5.44643160741782,11.224068523627157,4.946759064992269,10.414867083231607,15.875510805168433,16.131827324327936,17.29224350154211,14.715094627954258,15.361626148223877,16.64571198127249,16.670500131044975,15.336837998451394
REALV6R_0527,Wheat::RealV6_小麦_sample7,Wheat,小麦,7,5,growing,50.0,1.04088,32.00733812949637,32.00733812949637,2.884737156118573,3.013366333333337,26.10923464004446,5.89810348945191,30.750267206110568,0.0208176,0.6401467625899273,19.2189170038191,5.199446622089002,17.223887479824764,4.09269080009223,1.2566290062255017,,86.74,16.67,19.218353700714783,0.0005633031043181,CONSISTENT,50.0±1.7 kg,30.0,河南商丘,小麦论文 表2-2,MISSING_IN_TARGET__IMPUTED_906_TRAINING_MEDIAN,REPORTED_INITIAL_BW__NOT_DMI_BACKCALCULATION,RETROSPECTIVE_PRE_FN_UN_LAB_INFORMATION,TARGET_DM_CP_N_HARMONIZED_AND_CHEMISTRY_CROSSCHECKED,0.0,5.230335548422829,10.645175256745604,5.560706984011371,11.73153651753074,5.44643160741782,11.224068523627157,4.946759064992269,10.414867083231607,15.875510805168433,16.131827324327936,17.29224350154211,14.715094627954258,15.361626148223877,16.64571198127249,16.670500131044975,15.336837998451394
REALV6R_0528,Wheat::RealV6_小麦_sample7,Wheat,小麦,7,6,growing,50.0,1.04088,32.00733812949637,32.00733812949637,2.116694388914133,7.5382455,22.352398240582232,9.654939888914134,30.750267206110568,0.0208176,0.6401467625899273,19.2189170038191,5.199446622089002,17.223887479824764,4.09269080009223,1.2566290062255017,,86.74,16.67,19.218353700714783,0.0005633031043181,CONSISTENT,50.0±1.7 kg,30.0,河南商丘,小麦论文 表2-2,MISSING_IN_TARGET__IMPUTED_906_TRAINING_MEDIAN,REPORTED_INITIAL_BW__NOT_DMI_BACKCALCULATION,RETROSPECTIVE_PRE_FN_UN_LAB_INFORMATION,TARGET_DM_CP_N_HARMONIZED_AND_CHEMISTRY_CROSSCHECKED,0.0,5.230335548422829,10.645175256745604,5.560706984011371,11.73153651753074,5.44643160741782,11.224068523627157,4.946759064992269,10.414867083231607,15.875510805168433,16.131827324327936,17.29224350154211,14.715094627954258,15.361626148223877,16.64571198127249,16.670500131044975,15.336837998451394
REALV6R_0529,Wheat::RealV6_小麦_sample8,Wheat,小麦,8,1,growing,50.0,1.04184,21.70178810907468,21.70178810907468,3.26592467346574,1.8179035,16.617959935608937,5.08382817346574,20.830250431039968,0.0208368,0.4340357621814935,13.01890651939998,5.517161944252477,15.468785994010595,4.664823773324119,1.393688090301774,,86.82,11.3,13.01543423174384,0.003472287656141,CONSISTENT,50.0±1.7 kg,30.0,安徽凤阳,小麦论文 表2-2,MISSING_IN_TARGET__IMPUTED_906_TRAINING_MEDIAN,REPORTED_INITIAL_BW__NOT_DMI_BACKCALCULATION,RETROSPECTIVE_PRE_FN_UN_LAB_INFORMATION,TARGET_DM_CP_N_HARMONIZED_AND_CHEMISTRY_CROSSCHECKED,0.0,5.0138153811934405,8.172249871302247,3.900786644407428,10.077202105415514,4.285782937531499,9.187348680387313,4.296817302703857,7.5695821444193525,13.186065252495688,8.515722856578993,13.977988749822941,7.723799359251739,11.86639944712321,9.83538866195147,13.473131617918812,8.228656491155869
REALV6R_0530,Wheat::RealV6_小麦_sample8,Wheat,小麦,8,2,growing,50.0,1.04184,21.70178810907468,21.70178810907468,3.671631413486671,2.86356,15.166596695588003,6.535191413486672,20.830250431039968,0.0208368,0.4340357621814935,13.01890651939998,5.517161944252477,15.468785994010595,4.664823773324119,1.393688090301774,,86.82,11.3,13.01543423174384,0.003472287656141,CONSISTENT,50.0±1.7 kg,30.0,安徽凤阳,小麦论文 表2-2,MISSING_IN_TARGET__IMPUTED_906_TRAINING_MEDIAN,REPORTED_INITIAL_BW__NOT_DMI_BACKCALCULATION,RETROSPECTIVE_PRE_FN_UN_LAB_INFORMATION,TARGET_DM_CP_N_HARMONIZED_AND_CHEMISTRY_CROSSCHECKED,0.0,5.0138153811934405,8.172249871302247,3.900786644407428,10.077202105415514,4.285782937531499,9.187348680387313,4.296817302703857,7.5695821444193525,13.186065252495688,8.515722856578993,13.977988749822941,7.723799359251739,11.86639944712321,9.83538866195147,13.473131617918812,8.228656491155869
REALV6R_0531,Wheat::RealV6_小麦_sample8,Wheat,小麦,8,3,growing,50.0,1.04184,21.70178810907468,21.70178810907468,3.377623835342754,1.096793833333331,17.22737044039859,4.474417668676085,20.830250431039968,0.0208368,0.4340357621814935,13.01890651939998,5.517161944252477,15.468785994010595,4.664823773324119,1.393688090301774,,86.82,11.3,13.01543423174384,0.003472287656141,CONSISTENT,50.0±1.7 kg,30.0,安徽凤阳,小麦论文 表2-2,MISSING_IN_TARGET__IMPUTED_906_TRAINING_MEDIAN,REPORTED_INITIAL_BW__NOT_DMI_BACKCALCULATION,RETROSPECTIVE_PRE_FN_UN_LAB_INFORMATION,TARGET_DM_CP_N_HARMONIZED_AND_CHEMISTRY_CROSSCHECKED,3.552713678800501e-15,5.0138153811934405,8.172249871302247,3.900786644407428,10.077202105415514,4.285782937531499,9.187348680387313,4.296817302703857,7.5695821444193525,13.186065252495688,8.515722856578993,13.977988749822941,7.723799359251739,11.86639944712321,9.83538866195147,13.473131617918812,8.228656491155869
REALV6R_0532,Wheat::RealV6_小麦_sample8,Wheat,小麦,8,4,growing,50.0,1.04184,21.70178810907468,21.70178810907468,4.573822945152228,2.231377499999995,14.896587663922451,6.805200445152224,20.830250431039968,0.0208368,0.4340357621814935,13.01890651939998,5.517161944252477,15.468785994010595,4.664823773324119,1.393688090301774,,86.82,11.3,13.01543423174384,0.003472287656141,CONSISTENT,50.0±1.7 kg,30.0,安徽凤阳,小麦论文 表2-2,MISSING_IN_TARGET__IMPUTED_906_TRAINING_MEDIAN,REPORTED_INITIAL_BW__NOT_DMI_BACKCALCULATION,RETROSPECTIVE_PRE_FN_UN_LAB_INFORMATION,TARGET_DM_CP_N_HARMONIZED_AND_CHEMISTRY_CROSSCHECKED,-1.7763568394002505e-15,5.0138153811934405,8.172249871302247,3.900786644407428,10.077202105415514,4.285782937531499,9.187348680387313,4.296817302703857,7.5695821444193525,13.186065252495688,8.515722856578993,13.977988749822941,7.723799359251739,11.86639944712321,9.83538866195147,13.473131617918812,8.228656491155869
REALV6R_0533,Wheat::RealV6_小麦_sample8,Wheat,小麦,8,5,growing,50.0,1.04184,21.70178810907468,21.70178810907468,3.069840851385465,3.0293445,15.602602757689212,6.099185351385465,20.830250431039968,0.0208368,0.4340357621814935,13.01890651939998,5.517161944252477,15.468785994010595,4.664823773324119,1.393688090301774,,86.82,11.3,13.01543423174384,0.003472287656141,CONSISTENT,50.0±1.7 kg,30.0,安徽凤阳,小麦论文 表2-2,MISSING_IN_TARGET__IMPUTED_906_TRAINING_MEDIAN,REPORTED_INITIAL_BW__NOT_DMI_BACKCALCULATION,RETROSPECTIVE_PRE_FN_UN_LAB_INFORMATION,TARGET_DM_CP_N_HARMONIZED_AND_CHEMISTRY_CROSSCHECKED,0.0,5.0138153811934405,8.172249871302247,3.900786644407428,10.077202105415514,4.285782937531499,9.187348680387313,4.296817302703857,7.5695821444193525,13.186065252495688,8.515722856578993,13.977988749822941,7.723799359251739,11.86639944712321,9.83538866195147,13.473131617918812,8.228656491155869
REALV6R_0534,Wheat::RealV6_小麦_sample8,Wheat,小麦,8,6,growing,50.0,1.04184,21.70178810907468,21.70178810907468,2.480826216422412,2.557598333333337,16.663363559318928,5.038424549755749,20.830250431039968,0.0208368,0.4340357621814935,13.01890651939998,5.517161944252477,15.468785994010595,4.664823773324119,1.393688090301774,,86.82,11.3,13.01543423174384,0.003472287656141,CONSISTENT,50.0±1.7 kg,30.0,安徽凤阳,小麦论文 表2-2,MISSING_IN_TARGET__IMPUTED_906_TRAINING_MEDIAN,REPORTED_INITIAL_BW__NOT_DMI_BACKCALCULATION,RETROSPECTIVE_PRE_FN_UN_LAB_INFORMATION,TARGET_DM_CP_N_HARMONIZED_AND_CHEMISTRY_CROSSCHECKED,0.0,5.0138153811934405,8.172249871302247,3.900786644407428,10.077202105415514,4.285782937531499,9.187348680387313,4.296817302703857,7.5695821444193525,13.186065252495688,8.515722856578993,13.977988749822941,7.723799359251739,11.86639944712321,9.83538866195147,13.473131617918812,8.228656491155869
REALV6R_0535,Wheat::RealV6_小麦_sample9,Wheat,小麦,9,1,growing,50.0,1.04616,28.09150805270868,28.09150805270868,3.266126868378104,2.564240499999994,22.261140684330577,5.8303673683780985,26.852018862037045,0.0209232,0.5618301610541735,16.782511788773157,5.620555173204864,16.55196145905024,4.106446432668043,1.3649919706354667,,87.18,14.63,16.781371874283092,0.0011399144900643,CONSISTENT,50.0±1.7 kg,30.0,湖南,小麦论文 表2-2,MISSING_IN_TARGET__IMPUTED_906_TRAINING_MEDIAN,REPORTED_INITIAL_BW__NOT_DMI_BACKCALCULATION,RETROSPECTIVE_PRE_FN_UN_LAB_INFORMATION,TARGET_DM_CP_N_HARMONIZED_AND_CHEMISTRY_CROSSCHECKED,0.0,5.181692839137779,9.65859710806166,3.967288588056832,11.168320606542853,4.38735063997685,10.463088946708398,4.801963011423747,8.896592458089193,14.840289947199437,13.251218105509242,15.135609194599684,12.955898858108995,13.69855546951294,14.39295258319574,14.850439586685248,13.241068466023432
REALV6R_0536,Wheat::RealV6_小麦_sample9,Wheat,小麦,9,2,growing,50.0,1.04616,28.09150805270868,28.09150805270868,2.969515186653106,5.048990666666661,20.07300219938891,8.018505853319768,26.852018862037045,0.0209232,0.5618301610541735,16.782511788773157,5.620555173204864,16.55196145905024,4.106446432668043,1.3649919706354667,,87.18,14.63,16.781371874283092,0.0011399144900643,CONSISTENT,50.0±1.7 kg,30.0,湖南,小麦论文 表2-2,MISSING_IN_TARGET__IMPUTED_906_TRAINING_MEDIAN,REPORTED_INITIAL_BW__NOT_DMI_BACKCALCULATION,RETROSPECTIVE_PRE_FN_UN_LAB_INFORMATION,TARGET_DM_CP_N_HARMONIZED_AND_CHEMISTRY_CROSSCHECKED,0.0,5.181692839137779,9.65859710806166,3.967288588056832,11.168320606542853,4.38735063997685,10.463088946708398,4.801963011423747,8.896592458089193,14.840289947199437,13.251218105509242,15.135609194599684,12.955898858108995,13.69855546951294,14.39295258319574,14.850439586685248,13.241068466023432
REALV6R_0537,Wheat::RealV6_小麦_sample9,Wheat,小麦,9,3,growing,50.0,1.04616,28.09150805270868,28.09150805270868,3.794049787043999,4.667586000000006,19.62987226566467,8.461635787044006,26.852018862037045,0.0209232,0.5618301610541735,16.782511788773157,5.620555173204864,16.55196145905024,4.106446432668043,1.3649919706354667,,87.18,14.63,16.781371874283092,0.0011399144900643,CONSISTENT,50.0±1.7 kg,30.0,湖南,小麦论文 表2-2,MISSING_IN_TARGET__IMPUTED_906_TRAINING_MEDIAN,REPORTED_INITIAL_BW__NOT_DMI_BACKCALCULATION,RETROSPECTIVE_PRE_FN_UN_LAB_INFORMATION,TARGET_DM_CP_N_HARMONIZED_AND_CHEMISTRY_CROSSCHECKED,0.0,5.181692839137779,9.65859710806166,3.967288588056832,11.168320606542853,4.38735063997685,10.463088946708398,4.801963011423747,8.896592458089193,14.840289947199437,13.251218105509242,15.135609194599684,12.955898858108995,13.69855546951294,14.39295258319574,14.850439586685248,13.241068466023432
REALV6R_0538,Wheat::RealV6_小麦_sample9,Wheat,小麦,9,4,growing,50.0,1.04616,28.09150805270868,28.09150805270868,4.267041276781899,1.416244166666668,22.408222609260108,5.683285443448567,26.852018862037045,0.0209232,0.5618301610541735,16.782511788773157,5.620555173204864,16.55196145905024,4.106446432668043,1.3649919706354667,,87.18,14.63,16.781371874283092,0.0011399144900643,CONSISTENT,50.0±1.7 kg,30.0,湖南,小麦论文 表2-2,MISSING_IN_TARGET__IMPUTED_906_TRAINING_MEDIAN,REPORTED_INITIAL_BW__NOT_DMI_BACKCALCULATION,RETROSPECTIVE_PRE_FN_UN_LAB_INFORMATION,TARGET_DM_CP_N_HARMONIZED_AND_CHEMISTRY_CROSSCHECKED,0.0,5.181692839137779,9.65859710806166,3.967288588056832,11.168320606542853,4.38735063997685,10.463088946708398,4.801963011423747,8.896592458089193,14.840289947199437,13.251218105509242,15.135609194599684,12.955898858108995,13.69855546951294,14.39295258319574,14.850439586685248,13.241068466023432
REALV6R_0539,Wheat::RealV6_小麦_sample9,Wheat,小麦,9,5,growing,50.0,1.04616,28.09150805270868,28.09150805270868,2.226114540466389,8.31646666666667,17.548926845575615,10.54258120713306,26.852018862037045,0.0209232,0.5618301610541735,16.782511788773157,5.620555173204864,16.55196145905024,4.106446432668043,1.3649919706354667,,87.18,14.63,16.781371874283092,0.0011399144900643,CONSISTENT,50.0±1.7 kg,30.0,湖南,小麦论文 表2-2,MISSING_IN_TARGET__IMPUTED_906_TRAINING_MEDIAN,REPORTED_INITIAL_BW__NOT_DMI_BACKCALCULATION,RETROSPECTIVE_PRE_FN_UN_LAB_INFORMATION,TARGET_DM_CP_N_HARMONIZED_AND_CHEMISTRY_CROSSCHECKED,0.0,5.181692839137779,9.65859710806166,3.967288588056832,11.168320606542853,4.38735063997685,10.463088946708398,4.801963011423747,8.896592458089193,14.840289947199437,13.251218105509242,15.135609194599684,12.955898858108995,13.69855546951294,14.39295258319574,14.850439586685248,13.241068466023432
REALV6R_0540,Wheat::RealV6_小麦_sample9,Wheat,小麦,9,6,growing,50.0,1.04616,28.09150805270868,28.09150805270868,2.142629791180108,2.486330000000002,23.462548261528568,4.62895979118011,26.852018862037045,0.0209232,0.5618301610541735,16.782511788773157,5.620555173204864,16.55196145905024,4.106446432668043,1.3649919706354667,,87.18,14.63,16.781371874283092,0.0011399144900643,CONSISTENT,50.0±1.7 kg,30.0,湖南,小麦论文 表2-2,MISSING_IN_TARGET__IMPUTED_906_TRAINING_MEDIAN,REPORTED_INITIAL_BW__NOT_DMI_BACKCALCULATION,RETROSPECTIVE_PRE_FN_UN_LAB_INFORMATION,TARGET_DM_CP_N_HARMONIZED_AND_CHEMISTRY_CROSSCHECKED,-3.552713678800501e-15,5.181692839137779,9.65859710806166,3.967288588056832,11.168320606542853,4.38735063997685,10.463088946708398,4.801963011423747,8.896592458089193,14.840289947199437,13.251218105509242,15.135609194599684,12.955898858108995,13.69855546951294,14.39295258319574,14.850439586685248,13.241068466023432
REALV6R_0541,Wheat::RealV6_小麦_sample10,Wheat,小麦,10,1,growing,50.0,1.04088,31.13107159569492,31.13107159569492,2.656694293910854,8.381399000000005,20.092978301784058,11.03809329391086,29.90841556730355,0.0208176,0.6226214319138984,18.69275972956472,6.352317270002306,17.754207977864883,4.865114134194143,0.553377910998386,,86.74,16.21,18.688033202674664,0.0047265268900567,CONSISTENT,50.0±1.7 kg,30.0,河北,小麦论文 表2-2,MISSING_IN_TARGET__IMPUTED_906_TRAINING_MEDIAN,REPORTED_INITIAL_BW__NOT_DMI_BACKCALCULATION,RETROSPECTIVE_PRE_FN_UN_LAB_INFORMATION,TARGET_DM_CP_N_HARMONIZED_AND_CHEMISTRY_CROSSCHECKED,3.552713678800501e-15,5.357439754349848,10.232607563807203,5.725784071666525,11.272799966457166,5.5983738871193305,10.786898663731195,5.076862812042236,9.708401997884115,15.590047318157051,15.541024277537868,16.998584038123692,14.132487557571228,14.785264809926352,16.345806785768566,16.385272550850527,14.745799044844393
REALV6R_0542,Wheat::RealV6_小麦_sample10,Wheat,小麦,10,2,growing,50.0,1.04088,31.13107159569492,31.13107159569492,3.725890005553546,7.617556333333348,19.787625256808028,11.343446338886894,29.90841556730355,0.0208176,0.6226214319138984,18.69275972956472,6.352317270002306,17.754207977864883,4.865114134194143,0.553377910998386,,86.74,16.21,18.688033202674664,0.0047265268900567,CONSISTENT,50.0±1.7 kg,30.0,河北,小麦论文 表2-2,MISSING_IN_TARGET__IMPUTED_906_TRAINING_MEDIAN,REPORTED_INITIAL_BW__NOT_DMI_BACKCALCULATION,RETROSPECTIVE_PRE_FN_UN_LAB_INFORMATION,TARGET_DM_CP_N_HARMONIZED_AND_CHEMISTRY_CROSSCHECKED,0.0,5.357439754349848,10.232607563807203,5.725784071666525,11.272799966457166,5.5983738871193305,10.786898663731195,5.076862812042236,9.708401997884115,15.590047318157051,15.541024277537868,16.998584038123692,14.132487557571228,14.785264809926352,16.345806785768566,16.385272550850527,14.745799044844393
REALV6R_0543,Wheat::RealV6_小麦_sample10,Wheat,小麦,10,3,growing,50.0,1.04088,31.13107159569492,31.13107159569492,3.939173318388068,1.764082333333337,25.427815943973517,5.703255651721405,29.90841556730355,0.0208176,0.6226214319138984,18.69275972956472,6.352317270002306,17.754207977864883,4.865114134194143,0.553377910998386,,86.74,16.21,18.688033202674664,0.0047265268900567,CONSISTENT,50.0±1.7 kg,30.0,河北,小麦论文 表2-2,MISSING_IN_TARGET__IMPUTED_906_TRAINING_MEDIAN,REPORTED_INITIAL_BW__NOT_DMI_BACKCALCULATION,RETROSPECTIVE_PRE_FN_UN_LAB_INFORMATION,TARGET_DM_CP_N_HARMONIZED_AND_CHEMISTRY_CROSSCHECKED,0.0,5.357439754349848,10.232607563807203,5.725784071666525,11.272799966457166,5.5983738871193305,10.786898663731195,5.076862812042236,9.708401997884115,15.590047318157051,15.541024277537868,16.998584038123692,14.132487557571228,14.785264809926352,16.345806785768566,16.385272550850527,14.745799044844393
REALV6R_0544,Wheat::RealV6_小麦_sample10,Wheat,小麦,10,4,growing,50.0,1.04088,31.13107159569492,31.13107159569492,2.355707804505755,7.791423833333329,20.983939957855835,10.147131637839085,29.90841556730355,0.0208176,0.6226214319138984,18.69275972956472,6.352317270002306,17.754207977864883,4.865114134194143,0.553377910998386,,86.74,16.21,18.688033202674664,0.0047265268900567,CONSISTENT,50.0±1.7 kg,30.0,河北,小麦论文 表2-2,MISSING_IN_TARGET__IMPUTED_906_TRAINING_MEDIAN,REPORTED_INITIAL_BW__NOT_DMI_BACKCALCULATION,RETROSPECTIVE_PRE_FN_UN_LAB_INFORMATION,TARGET_DM_CP_N_HARMONIZED_AND_CHEMISTRY_CROSSCHECKED,0.0,5.357439754349848,10.232607563807203,5.725784071666525,11.272799966457166,5.5983738871193305,10.786898663731195,5.076862812042236,9.708401997884115,15.590047318157051,15.541024277537868,16.998584038123692,14.132487557571228,14.785264809926352,16.345806785768566,16.385272550850527,14.745799044844393
REALV6R_0545,Wheat::RealV6_小麦_sample10,Wheat,小麦,10,5,growing,50.0,1.04088,31.13107159569492,31.13107159569492,2.062480636136687,5.020912,24.047678959558237,7.083392636136687,29.90841556730355,0.0208176,0.6226214319138984,18.69275972956472,6.352317270002306,17.754207977864883,4.865114134194143,0.553377910998386,,86.74,16.21,18.688033202674664,0.0047265268900567,CONSISTENT,50.0±1.7 kg,30.0,河北,小麦论文 表2-2,MISSING_IN_TARGET__IMPUTED_906_TRAINING_MEDIAN,REPORTED_INITIAL_BW__NOT_DMI_BACKCALCULATION,RETROSPECTIVE_PRE_FN_UN_LAB_INFORMATION,TARGET_DM_CP_N_HARMONIZED_AND_CHEMISTRY_CROSSCHECKED,0.0,5.357439754349848,10.232607563807203,5.725784071666525,11.272799966457166,5.5983738871193305,10.786898663731195,5.076862812042236,9.708401997884115,15.590047318157051,15.541024277537868,16.998584038123692,14.132487557571228,14.785264809926352,16.345806785768566,16.385272550850527,14.745799044844393
REALV6R_0546,Wheat::RealV6_小麦_sample10,Wheat,小麦,10,6,growing,50.0,1.04088,31.13107159569492,31.13107159569492,1.473713832338019,5.311982,24.3453757633569,6.785695832338019,29.90841556730355,0.0208176,0.6226214319138984,18.69275972956472,6.352317270002306,17.754207977864883,4.865114134194143,0.553377910998386,,86.74,16.21,18.688033202674664,0.0047265268900567,CONSISTENT,50.0±1.7 kg,30.0,河北,小麦论文 表2-2,MISSING_IN_TARGET__IMPUTED_906_TRAINING_MEDIAN,REPORTED_INITIAL_BW__NOT_DMI_BACKCALCULATION,RETROSPECTIVE_PRE_FN_UN_LAB_INFORMATION,TARGET_DM_CP_N_HARMONIZED_AND_CHEMISTRY_CROSSCHECKED,0.0,5.357439754349848,10.232607563807203,5.725784071666525,11.272799966457166,5.5983738871193305,10.786898663731195,5.076862812042236,9.708401997884115,15.590047318157051,15.541024277537868,16.998584038123692,14.132487557571228,14.785264809926352,16.345806785768566,16.385272550850527,14.745799044844393
REALV6R_0181,Wheat bran::RealV6_小麦麸_sample1,Wheat bran,小麦麸,1,1,growing,35.0,0.5343,14.81475,14.81475,2.0615080028252,2.674710416666664,10.078531580508136,4.736218419491864,27.72740033688939,0.0152657142857142,0.4232785714285714,17.329625210555868,4.289724873666479,24.008983717012917,6.097697922515441,9.44413250982594,,89.05,15.27,17.147669848399776,0.1819553621560921,CONSISTENT,35±3 kg,15.0,河南周口,小麦麸论文 表2,MISSING_IN_TARGET__IMPUTED_906_TRAINING_MEDIAN,REPORTED_INITIAL_BW__NOT_DMI_BACKCALCULATION,RETROSPECTIVE_PRE_FN_UN_LAB_INFORMATION,TARGET_DM_CP_N_HARMONIZED_AND_CHEMISTRY_CROSSCHECKED,1.7763568394002505e-15,4.0590569905842,3.7885169679515034,2.4014895088773223,7.341330037380952,2.974841584137208,5.681717359592003,3.0981956322987876,4.386775175730388,7.847573958535704,6.967176041464296,9.742819546258275,5.071930453741725,7.484970808029175,7.329779191970825,8.65655894372921,6.158191056270789
REALV6R_0182,Wheat bran::RealV6_小麦麸_sample1,Wheat bran,小麦麸,1,2,growing,35.0,0.5343,14.81475,14.81475,1.927352234489594,2.290855,10.596542765510408,4.218207234489594,27.72740033688939,0.0152657142857142,0.4232785714285714,17.329625210555868,4.289724873666479,24.008983717012917,6.097697922515441,9.44413250982594,,89.05,15.27,17.147669848399776,0.1819553621560921,CONSISTENT,35±3 kg,15.0,河南周口,小麦麸论文 表2,MISSING_IN_TARGET__IMPUTED_906_TRAINING_MEDIAN,REPORTED_INITIAL_BW__NOT_DMI_BACKCALCULATION,RETROSPECTIVE_PRE_FN_UN_LAB_INFORMATION,TARGET_DM_CP_N_HARMONIZED_AND_CHEMISTRY_CROSSCHECKED,0.0,4.0590569905842,3.7885169679515034,2.4014895088773223,7.341330037380952,2.974841584137208,5.681717359592003,3.0981956322987876,4.386775175730388,7.847573958535704,6.967176041464296,9.742819546258275,5.071930453741725,7.484970808029175,7.329779191970825,8.65655894372921,6.158191056270789
REALV6R_0183,Wheat bran::RealV6_小麦麸_sample1,Wheat bran,小麦麸,1,3,growing,35.0,0.5343,14.81475,14.81475,1.794127674358311,1.103813875,11.916808450641687,2.897941549358311,27.72740033688939,0.0152657142857142,0.4232785714285714,17.329625210555868,4.289724873666479,24.008983717012917,6.097697922515441,9.44413250982594,,89.05,15.27,17.147669848399776,0.1819553621560921,CONSISTENT,35±3 kg,15.0,河南周口,小麦麸论文 表2,MISSING_IN_TARGET__IMPUTED_906_TRAINING_MEDIAN,REPORTED_INITIAL_BW__NOT_DMI_BACKCALCULATION,RETROSPECTIVE_PRE_FN_UN_LAB_INFORMATION,TARGET_DM_CP_N_HARMONIZED_AND_CHEMISTRY_CROSSCHECKED,0.0,4.0590569905842,3.7885169679515034,2.4014895088773223,7.341330037380952,2.974841584137208,5.681717359592003,3.0981956322987876,4.386775175730388,7.847573958535704,6.967176041464296,9.742819546258275,5.071930453741725,7.484970808029175,7.329779191970825,8.65655894372921,6.158191056270789
REALV6R_0184,Wheat bran::RealV6_小麦麸_sample1,Wheat bran,小麦麸,1,4,growing,35.0,0.5343,14.81475,14.81475,1.781533343718971,2.194325833333335,10.838890822947691,3.975859177052306,27.72740033688939,0.0152657142857142,0.4232785714285714,17.329625210555868,4.289724873666479,24.008983717012917,6.097697922515441,9.44413250982594,,89.05,15.27,17.147669848399776,0.1819553621560921,CONSISTENT,35±3 kg,15.0,河南周口,小麦麸论文 表2,MISSING_IN_TARGET__IMPUTED_906_TRAINING_MEDIAN,REPORTED_INITIAL_BW__NOT_DMI_BACKCALCULATION,RETROSPECTIVE_PRE_FN_UN_LAB_INFORMATION,TARGET_DM_CP_N_HARMONIZED_AND_CHEMISTRY_CROSSCHECKED,0.0,4.0590569905842,3.7885169679515034,2.4014895088773223,7.341330037380952,2.974841584137208,5.681717359592003,3.0981956322987876,4.386775175730388,7.847573958535704,6.967176041464296,9.742819546258275,5.071930453741725,7.484970808029175,7.329779191970825,8.65655894372921,6.158191056270789
REALV6R_0185,Wheat bran::RealV6_小麦麸_sample1,Wheat bran,小麦麸,1,5,growing,35.0,0.5343,14.81475,14.81475,1.710924302847009,1.38555,11.718275697152992,3.096474302847009,27.72740033688939,0.0152657142857142,0.4232785714285714,17.329625210555868,4.289724873666479,24.008983717012917,6.097697922515441,9.44413250982594,,89.05,15.27,17.147669848399776,0.1819553621560921,CONSISTENT,35±3 kg,15.0,河南周口,小麦麸论文 表2,MISSING_IN_TARGET__IMPUTED_906_TRAINING_MEDIAN,REPORTED_INITIAL_BW__NOT_DMI_BACKCALCULATION,RETROSPECTIVE_PRE_FN_UN_LAB_INFORMATION,TARGET_DM_CP_N_HARMONIZED_AND_CHEMISTRY_CROSSCHECKED,0.0,4.0590569905842,3.7885169679515034,2.4014895088773223,7.341330037380952,2.974841584137208,5.681717359592003,3.0981956322987876,4.386775175730388,7.847573958535704,6.967176041464296,9.742819546258275,5.071930453741725,7.484970808029175,7.329779191970825,8.65655894372921,6.158191056270789
REALV6R_0186,Wheat bran::RealV6_小麦麸_sample1,Wheat bran,小麦麸,1,6,growing,35.0,0.5343,14.81475,14.81475,1.638524305015674,2.8859775,10.290248194984326,4.524501805015674,27.72740033688939,0.0152657142857142,0.4232785714285714,17.329625210555868,4.289724873666479,24.008983717012917,6.097697922515441,9.44413250982594,,89.05,15.27,17.147669848399776,0.1819553621560921,CONSISTENT,35±3 kg,15.0,河南周口,小麦麸论文 表2,MISSING_IN_TARGET__IMPUTED_906_TRAINING_MEDIAN,REPORTED_INITIAL_BW__NOT_DMI_BACKCALCULATION,RETROSPECTIVE_PRE_FN_UN_LAB_INFORMATION,TARGET_DM_CP_N_HARMONIZED_AND_CHEMISTRY_CROSSCHECKED,0.0,4.0590569905842,3.7885169679515034,2.4014895088773223,7.341330037380952,2.974841584137208,5.681717359592003,3.0981956322987876,4.386775175730388,7.847573958535704,6.967176041464296,9.742819546258275,5.071930453741725,7.484970808029175,7.329779191970825,8.65655894372921,6.158191056270789
REALV6R_0187,Wheat bran::RealV6_小麦麸_sample2,Wheat bran,小麦麸,2,1,growing,35.0,0.47802,15.290625,15.290625,2.949099596502073,3.276501875,9.065023528497928,6.225601471502073,31.98741684448349,0.0136577142857142,0.436875,19.992135527802184,2.673528304255052,26.760386594703157,6.238232709928455,7.48085854148362,,79.67,15.74,19.756495544119492,0.2356399836826881,CONSISTENT,35±3 kg,15.0,河南濮阳,小麦麸论文 表2,MISSING_IN_TARGET__IMPUTED_906_TRAINING_MEDIAN,REPORTED_INITIAL_BW__NOT_DMI_BACKCALCULATION,RETROSPECTIVE_PRE_FN_UN_LAB_INFORMATION,TARGET_DM_CP_N_HARMONIZED_AND_CHEMISTRY_CROSSCHECKED,0.0,3.553420444455337,2.891845342145153,2.4791471016339632,6.988585704047618,2.8507379160656923,5.074890243758491,2.8804385662078857,4.606355508168538,6.4452657866004905,8.84535921339951,9.467732805681582,5.822892194318419,7.486794074376424,7.8038309256235765,7.925628159824183,7.3649968401758175
REALV6R_0188,Wheat bran::RealV6_小麦麸_sample2,Wheat bran,小麦麸,2,2,growing,35.0,0.47802,15.290625,15.290625,2.218996791597762,3.016330625,10.055297583402238,5.235327416597762,31.98741684448349,0.0136577142857142,0.436875,19.992135527802184,2.673528304255052,26.760386594703157,6.238232709928455,7.48085854148362,,79.67,15.74,19.756495544119492,0.2356399836826881,CONSISTENT,35±3 kg,15.0,河南濮阳,小麦麸论文 表2,MISSING_IN_TARGET__IMPUTED_906_TRAINING_MEDIAN,REPORTED_INITIAL_BW__NOT_DMI_BACKCALCULATION,RETROSPECTIVE_PRE_FN_UN_LAB_INFORMATION,TARGET_DM_CP_N_HARMONIZED_AND_CHEMISTRY_CROSSCHECKED,0.0,3.553420444455337,2.891845342145153,2.4791471016339632,6.988585704047618,2.8507379160656923,5.074890243758491,2.8804385662078857,4.606355508168538,6.4452657866004905,8.84535921339951,9.467732805681582,5.822892194318419,7.486794074376424,7.8038309256235765,7.925628159824183,7.3649968401758175
REALV6R_0189,Wheat bran::RealV6_小麦麸_sample2,Wheat bran,小麦麸,2,3,growing,35.0,0.47802,15.290625,15.290625,2.083785904833117,3.511790625,9.695048470166885,5.595576529833117,31.98741684448349,0.0136577142857142,0.436875,19.992135527802184,2.673528304255052,26.760386594703157,6.238232709928455,7.48085854148362,,79.67,15.74,19.756495544119492,0.2356399836826881,CONSISTENT,35±3 kg,15.0,河南濮阳,小麦麸论文 表2,MISSING_IN_TARGET__IMPUTED_906_TRAINING_MEDIAN,REPORTED_INITIAL_BW__NOT_DMI_BACKCALCULATION,RETROSPECTIVE_PRE_FN_UN_LAB_INFORMATION,TARGET_DM_CP_N_HARMONIZED_AND_CHEMISTRY_CROSSCHECKED,0.0,3.553420444455337,2.891845342145153,2.4791471016339632,6.988585704047618,2.8507379160656923,5.074890243758491,2.8804385662078857,4.606355508168538,6.4452657866004905,8.84535921339951,9.467732805681582,5.822892194318419,7.486794074376424,7.8038309256235765,7.925628159824183,7.3649968401758175
REALV6R_0190,Wheat bran::RealV6_小麦麸_sample2,Wheat bran,小麦麸,2,4,growing,35.0,0.47802,15.290625,15.290625,2.442630080740118,4.694531250000001,8.153463669259882,7.137161330740119,31.98741684448349,0.0136577142857142,0.436875,19.992135527802184,2.673528304255052,26.760386594703157,6.238232709928455,7.48085854148362,,79.67,15.74,19.756495544119492,0.2356399836826881,CONSISTENT,35±3 kg,15.0,河南濮阳,小麦麸论文 表2,MISSING_IN_TARGET__IMPUTED_906_TRAINING_MEDIAN,REPORTED_INITIAL_BW__NOT_DMI_BACKCALCULATION,RETROSPECTIVE_PRE_FN_UN_LAB_INFORMATION,TARGET_DM_CP_N_HARMONIZED_AND_CHEMISTRY_CROSSCHECKED,0.0,3.553420444455337,2.891845342145153,2.4791471016339632,6.988585704047618,2.8507379160656923,5.074890243758491,2.8804385662078857,4.606355508168538,6.4452657866004905,8.84535921339951,9.467732805681582,5.822892194318419,7.486794074376424,7.8038309256235765,7.925628159824183,7.3649968401758175
REALV6R_0191,Wheat bran::RealV6_小麦麸_sample2,Wheat bran,小麦麸,2,5,growing,35.0,0.47802,15.290625,15.290625,2.313537604129084,3.7449375,9.232149895870917,6.058475104129084,31.98741684448349,0.0136577142857142,0.436875,19.992135527802184,2.673528304255052,26.760386594703157,6.238232709928455,7.48085854148362,,79.67,15.74,19.756495544119492,0.2356399836826881,CONSISTENT,35±3 kg,15.0,河南濮阳,小麦麸论文 表2,MISSING_IN_TARGET__IMPUTED_906_TRAINING_MEDIAN,REPORTED_INITIAL_BW__NOT_DMI_BACKCALCULATION,RETROSPECTIVE_PRE_FN_UN_LAB_INFORMATION,TARGET_DM_CP_N_HARMONIZED_AND_CHEMISTRY_CROSSCHECKED,1.7763568394002505e-15,3.553420444455337,2.891845342145153,2.4791471016339632,6.988585704047618,2.8507379160656923,5.074890243758491,2.8804385662078857,4.606355508168538,6.4452657866004905,8.84535921339951,9.467732805681582,5.822892194318419,7.486794074376424,7.8038309256235765,7.925628159824183,7.3649968401758175
REALV6R_0192,Wheat bran::RealV6_小麦麸_sample2,Wheat bran,小麦麸,2,6,growing,35.0,0.47802,15.290625,15.290625,2.071870072919602,3.2826125,9.936142427080398,5.354482572919602,31.98741684448349,0.0136577142857142,0.436875,19.992135527802184,2.673528304255052,26.760386594703157,6.238232709928455,7.48085854148362,,79.67,15.74,19.756495544119492,0.2356399836826881,CONSISTENT,35±3 kg,15.0,河南濮阳,小麦麸论文 表2,MISSING_IN_TARGET__IMPUTED_906_TRAINING_MEDIAN,REPORTED_INITIAL_BW__NOT_DMI_BACKCALCULATION,RETROSPECTIVE_PRE_FN_UN_LAB_INFORMATION,TARGET_DM_CP_N_HARMONIZED_AND_CHEMISTRY_CROSSCHECKED,0.0,3.553420444455337,2.891845342145153,2.4791471016339632,6.988585704047618,2.8507379160656923,5.074890243758491,2.8804385662078857,4.606355508168538,6.4452657866004905,8.84535921339951,9.467732805681582,5.822892194318419,7.486794074376424,7.8038309256235765,7.925628159824183,7.3649968401758175
REALV6R_0193,Wheat bran::RealV6_小麦麸_sample3,Wheat bran,小麦麸,3,1,growing,35.0,0.6199899999999999,18.7595625,18.7595625,2.76299465709729,4.0480525,11.948515342902713,6.81104715709729,30.25784690075647,0.0177139999999999,0.5359875000000001,18.91115431297279,2.0097098340295814,24.16168002709721,5.656542847465282,6.514621203567799,,88.57,16.61,18.75352828271424,0.1576260302585517,CONSISTENT,35±3 kg,17.5,河北石家庄,小麦麸论文 表2,MISSING_IN_TARGET__IMPUTED_906_TRAINING_MEDIAN,REPORTED_INITIAL_BW__NOT_DMI_BACKCALCULATION,RETROSPECTIVE_PRE_FN_UN_LAB_INFORMATION,TARGET_DM_CP_N_HARMONIZED_AND_CHEMISTRY_CROSSCHECKED,1.7763568394002505e-15,4.106281616770147,4.712235161561224,3.865913037320901,6.497277976503754,3.949056454029692,5.663437403363089,3.233415444691976,5.366335233052571,8.818516778331372,9.94104572166863,10.363191013824654,8.396371486175347,8.599750677744547,10.159811822255454,9.612493857392781,9.14706864260722
REALV6R_0194,Wheat bran::RealV6_小麦麸_sample3,Wheat bran,小麦麸,3,2,growing,35.0,0.6199899999999999,18.7595625,18.7595625,2.310219142225834,5.774178750000001,10.675164607774168,8.084397892225834,30.25784690075647,0.0177139999999999,0.5359875000000001,18.91115431297279,2.0097098340295814,24.16168002709721,5.656542847465282,6.514621203567799,,88.57,16.61,18.75352828271424,0.1576260302585517,CONSISTENT,35±3 kg,17.5,河北石家庄,小麦麸论文 表2,MISSING_IN_TARGET__IMPUTED_906_TRAINING_MEDIAN,REPORTED_INITIAL_BW__NOT_DMI_BACKCALCULATION,RETROSPECTIVE_PRE_FN_UN_LAB_INFORMATION,TARGET_DM_CP_N_HARMONIZED_AND_CHEMISTRY_CROSSCHECKED,0.0,4.106281616770147,4.712235161561224,3.865913037320901,6.497277976503754,3.949056454029692,5.663437403363089,3.233415444691976,5.366335233052571,8.818516778331372,9.94104572166863,10.363191013824654,8.396371486175347,8.599750677744547,10.159811822255454,9.612493857392781,9.14706864260722
REALV6R_0195,Wheat bran::RealV6_小麦麸_sample3,Wheat bran,小麦麸,3,3,growing,35.0,0.6199899999999999,18.7595625,18.7595625,2.156341666129892,3.273475,13.32974583387011,5.4298166661298914,30.25784690075647,0.0177139999999999,0.5359875000000001,18.91115431297279,2.0097098340295814,24.16168002709721,5.656542847465282,6.514621203567799,,88.57,16.61,18.75352828271424,0.1576260302585517,CONSISTENT,35±3 kg,17.5,河北石家庄,小麦麸论文 表2,MISSING_IN_TARGET__IMPUTED_906_TRAINING_MEDIAN,REPORTED_INITIAL_BW__NOT_DMI_BACKCALCULATION,RETROSPECTIVE_PRE_FN_UN_LAB_INFORMATION,TARGET_DM_CP_N_HARMONIZED_AND_CHEMISTRY_CROSSCHECKED,1.7763568394002505e-15,4.106281616770147,4.712235161561224,3.865913037320901,6.497277976503754,3.949056454029692,5.663437403363089,3.233415444691976,5.366335233052571,8.818516778331372,9.94104572166863,10.363191013824654,8.396371486175347,8.599750677744547,10.159811822255454,9.612493857392781,9.14706864260722
REALV6R_0196,Wheat bran::RealV6_小麦麸_sample3,Wheat bran,小麦麸,3,4,growing,35.0,0.6199899999999999,18.7595625,18.7595625,2.414745125633097,5.309858750000001,11.034958624366904,7.724603875633099,30.25784690075647,0.0177139999999999,0.5359875000000001,18.91115431297279,2.0097098340295814,24.16168002709721,5.656542847465282,6.514621203567799,,88.57,16.61,18.75352828271424,0.1576260302585517,CONSISTENT,35±3 kg,17.5,河北石家庄,小麦麸论文 表2,MISSING_IN_TARGET__IMPUTED_906_TRAINING_MEDIAN,REPORTED_INITIAL_BW__NOT_DMI_BACKCALCULATION,RETROSPECTIVE_PRE_FN_UN_LAB_INFORMATION,TARGET_DM_CP_N_HARMONIZED_AND_CHEMISTRY_CROSSCHECKED,1.7763568394002505e-15,4.106281616770147,4.712235161561224,3.865913037320901,6.497277976503754,3.949056454029692,5.663437403363089,3.233415444691976,5.366335233052571,8.818516778331372,9.94104572166863,10.363191013824654,8.396371486175347,8.599750677744547,10.159811822255454,9.612493857392781,9.14706864260722
REALV6R_0197,Wheat bran::RealV6_小麦麸_sample3,Wheat bran,小麦麸,3,5,growing,35.0,0.6199899999999999,18.7595625,18.7595625,2.279517131294967,6.45256875,10.027476618705034,8.732085881294967,30.25784690075647,0.0177139999999999,0.5359875000000001,18.91115431297279,2.0097098340295814,24.16168002709721,5.656542847465282,6.514621203567799,,88.57,16.61,18.75352828271424,0.1576260302585517,CONSISTENT,35±3 kg,17.5,河北石家庄,小麦麸论文 表2,MISSING_IN_TARGET__IMPUTED_906_TRAINING_MEDIAN,REPORTED_INITIAL_BW__NOT_DMI_BACKCALCULATION,RETROSPECTIVE_PRE_FN_UN_LAB_INFORMATION,TARGET_DM_CP_N_HARMONIZED_AND_CHEMISTRY_CROSSCHECKED,0.0,4.106281616770147,4.712235161561224,3.865913037320901,6.497277976503754,3.949056454029692,5.663437403363089,3.233415444691976,5.366335233052571,8.818516778331372,9.94104572166863,10.363191013824654,8.396371486175347,8.599750677744547,10.159811822255454,9.612493857392781,9.14706864260722
REALV6R_0198,Wheat bran::RealV6_小麦麸_sample3,Wheat bran,小麦麸,3,6,growing,35.0,0.6199899999999999,18.7595625,18.7595625,2.273939081978396,6.017875,10.467748418021603,8.291814081978396,30.25784690075647,0.0177139999999999,0.5359875000000001,18.91115431297279,2.0097098340295814,24.16168002709721,5.656542847465282,6.514621203567799,,88.57,16.61,18.75352828271424,0.1576260302585517,CONSISTENT,35±3 kg,17.5,河北石家庄,小麦麸论文 表2,MISSING_IN_TARGET__IMPUTED_906_TRAINING_MEDIAN,REPORTED_INITIAL_BW__NOT_DMI_BACKCALCULATION,RETROSPECTIVE_PRE_FN_UN_LAB_INFORMATION,TARGET_DM_CP_N_HARMONIZED_AND_CHEMISTRY_CROSSCHECKED,-1.7763568394002505e-15,4.106281616770147,4.712235161561224,3.865913037320901,6.497277976503754,3.949056454029692,5.663437403363089,3.233415444691976,5.366335233052571,8.818516778331372,9.94104572166863,10.363191013824654,8.396371486175347,8.599750677744547,10.159811822255454,9.612493857392781,9.14706864260722
REALV6R_0199,Wheat bran::RealV6_小麦麸_sample4,Wheat bran,小麦麸,4,1,growing,35.0,0.53208,16.990125,16.990125,2.961611356694219,3.309950833333335,10.718562809972443,6.271562190027554,31.931523455119528,0.0152022857142857,0.4854321428571428,19.957202159449707,3.044654939106901,24.83085250338295,5.638249887235002,6.405051871898962,,88.68,17.45,19.67749210645016,0.2797100529995511,CONSISTENT,35±3 kg,15.0,河南濮阳,小麦麸论文 表2,MISSING_IN_TARGET__IMPUTED_906_TRAINING_MEDIAN,REPORTED_INITIAL_BW__NOT_DMI_BACKCALCULATION,RETROSPECTIVE_PRE_FN_UN_LAB_INFORMATION,TARGET_DM_CP_N_HARMONIZED_AND_CHEMISTRY_CROSSCHECKED,0.0,3.6186491575033495,3.592904521250996,2.702187003140132,6.207270528609022,3.019190976673812,4.986031221783168,3.0633196036020913,5.005123933156331,7.2115536787543455,9.778571321245654,8.909457531749155,8.080667468250844,8.068443536758423,8.921681463241576,8.00522219845698,8.984902801543019
REALV6R_0200,Wheat bran::RealV6_小麦麸_sample4,Wheat bran,小麦麸,4,2,growing,35.0,0.53208,16.990125,16.990125,2.596665151898738,4.158875,10.23458484810126,6.755540151898738,31.931523455119528,0.0152022857142857,0.4854321428571428,19.957202159449707,3.044654939106901,24.83085250338295,5.638249887235002,6.405051871898962,,88.68,17.45,19.67749210645016,0.2797100529995511,CONSISTENT,35±3 kg,15.0,河南濮阳,小麦麸论文 表2,MISSING_IN_TARGET__IMPUTED_906_TRAINING_MEDIAN,REPORTED_INITIAL_BW__NOT_DMI_BACKCALCULATION,RETROSPECTIVE_PRE_FN_UN_LAB_INFORMATION,TARGET_DM_CP_N_HARMONIZED_AND_CHEMISTRY_CROSSCHECKED,1.7763568394002505e-15,3.6186491575033495,3.592904521250996,2.702187003140132,6.207270528609022,3.019190976673812,4.986031221783168,3.0633196036020913,5.005123933156331,7.2115536787543455,9.778571321245654,8.909457531749155,8.080667468250844,8.068443536758423,8.921681463241576,8.00522219845698,8.984902801543019
REALV6R_0201,Wheat bran::RealV6_小麦麸_sample4,Wheat bran,小麦麸,4,3,growing,35.0,0.53208,16.990125,16.990125,2.483069496019111,1.639675833333332,12.867379670647557,4.122745329352443,31.931523455119528,0.0152022857142857,0.4854321428571428,19.957202159449707,3.044654939106901,24.83085250338295,5.638249887235002,6.405051871898962,,88.68,17.45,19.67749210645016,0.2797100529995511,CONSISTENT,35±3 kg,15.0,河南濮阳,小麦麸论文 表2,MISSING_IN_TARGET__IMPUTED_906_TRAINING_MEDIAN,REPORTED_INITIAL_BW__NOT_DMI_BACKCALCULATION,RETROSPECTIVE_PRE_FN_UN_LAB_INFORMATION,TARGET_DM_CP_N_HARMONIZED_AND_CHEMISTRY_CROSSCHECKED,1.7763568394002505e-15,3.6186491575033495,3.592904521250996,2.702187003140132,6.207270528609022,3.019190976673812,4.986031221783168,3.0633196036020913,5.005123933156331,7.2115536787543455,9.778571321245654,8.909457531749155,8.080667468250844,8.068443536758423,8.921681463241576,8.00522219845698,8.984902801543019
REALV6R_0202,Wheat bran::RealV6_小麦麸_sample4,Wheat bran,小麦麸,4,4,growing,35.0,0.53208,16.990125,16.990125,2.477215518621012,4.839070833333335,9.673838648045653,7.316286351954347,31.931523455119528,0.0152022857142857,0.4854321428571428,19.957202159449707,3.044654939106901,24.83085250338295,5.638249887235002,6.405051871898962,,88.68,17.45,19.67749210645016,0.2797100529995511,CONSISTENT,35±3 kg,15.0,河南濮阳,小麦麸论文 表2,MISSING_IN_TARGET__IMPUTED_906_TRAINING_MEDIAN,REPORTED_INITIAL_BW__NOT_DMI_BACKCALCULATION,RETROSPECTIVE_PRE_FN_UN_LAB_INFORMATION,TARGET_DM_CP_N_HARMONIZED_AND_CHEMISTRY_CROSSCHECKED,0.0,3.6186491575033495,3.592904521250996,2.702187003140132,6.207270528609022,3.019190976673812,4.986031221783168,3.0633196036020913,5.005123933156331,7.2115536787543455,9.778571321245654,8.909457531749155,8.080667468250844,8.068443536758423,8.921681463241576,8.00522219845698,8.984902801543019
REALV6R_0203,Wheat bran::RealV6_小麦麸_sample4,Wheat bran,小麦麸,4,5,growing,35.0,0.53208,16.990125,16.990125,2.650330046945804,5.032958333333337,9.306836619720858,7.683288380279141,31.931523455119528,0.0152022857142857,0.4854321428571428,19.957202159449707,3.044654939106901,24.83085250338295,5.638249887235002,6.405051871898962,,88.68,17.45,19.67749210645016,0.2797100529995511,CONSISTENT,35±3 kg,15.0,河南濮阳,小麦麸论文 表2,MISSING_IN_TARGET__IMPUTED_906_TRAINING_MEDIAN,REPORTED_INITIAL_BW__NOT_DMI_BACKCALCULATION,RETROSPECTIVE_PRE_FN_UN_LAB_INFORMATION,TARGET_DM_CP_N_HARMONIZED_AND_CHEMISTRY_CROSSCHECKED,0.0,3.6186491575033495,3.592904521250996,2.702187003140132,6.207270528609022,3.019190976673812,4.986031221783168,3.0633196036020913,5.005123933156331,7.2115536787543455,9.778571321245654,8.909457531749155,8.080667468250844,8.068443536758423,8.921681463241576,8.00522219845698,8.984902801543019
REALV6R_0204,Wheat bran::RealV6_小麦麸_sample4,Wheat bran,小麦麸,4,6,growing,35.0,0.53208,16.990125,16.990125,2.538827695976384,5.895032499999998,8.556264804023616,8.433860195976383,31.931523455119528,0.0152022857142857,0.4854321428571428,19.957202159449707,3.044654939106901,24.83085250338295,5.638249887235002,6.405051871898962,,88.68,17.45,19.67749210645016,0.2797100529995511,CONSISTENT,35±3 kg,15.0,河南濮阳,小麦麸论文 表2,MISSING_IN_TARGET__IMPUTED_906_TRAINING_MEDIAN,REPORTED_INITIAL_BW__NOT_DMI_BACKCALCULATION,RETROSPECTIVE_PRE_FN_UN_LAB_INFORMATION,TARGET_DM_CP_N_HARMONIZED_AND_CHEMISTRY_CROSSCHECKED,0.0,3.6186491575033495,3.592904521250996,2.702187003140132,6.207270528609022,3.019190976673812,4.986031221783168,3.0633196036020913,5.005123933156331,7.2115536787543455,9.778571321245654,8.909457531749155,8.080667468250844,8.068443536758423,8.921681463241576,8.00522219845698,8.984902801543019
REALV6R_0205,Wheat bran::RealV6_小麦麸_sample5,Wheat bran,小麦麸,5,1,growing,35.0,0.5316000000000001,16.821750000000005,16.821750000000005,2.533543818137971,3.880424999999987,10.407781181862047,6.413968818137958,31.643623024830703,0.0151885714285714,0.4806214285714287,19.77726439051919,1.8848758465011288,24.25507900677201,5.507900677200904,6.760722347629798,,88.6,17.34,19.57110609480813,0.2061582957110594,CONSISTENT,35±3 kg,15.0,江苏徐州,小麦麸论文 表2,MISSING_IN_TARGET__IMPUTED_906_TRAINING_MEDIAN,REPORTED_INITIAL_BW__NOT_DMI_BACKCALCULATION,RETROSPECTIVE_PRE_FN_UN_LAB_INFORMATION,TARGET_DM_CP_N_HARMONIZED_AND_CHEMISTRY_CROSSCHECKED,0.0,3.516512491831435,3.8258878643191343,2.710806808725849,6.456220528609021,2.9895001533742223,5.227522775265383,2.954108794530233,5.153438568115234,7.34240035615057,9.479349643849435,9.167027337334869,7.654722662665137,8.107547362645468,8.714202637354537,8.217022928639604,8.6047270713604
REALV6R_0206,Wheat bran::RealV6_小麦麸_sample5,Wheat bran,小麦麸,5,2,growing,35.0,0.5316000000000001,16.821750000000005,16.821750000000005,2.100660631462425,4.95760416666667,9.76348520187091,7.058264798129095,31.643623024830703,0.0151885714285714,0.4806214285714287,19.77726439051919,1.8848758465011288,24.25507900677201,5.507900677200904,6.760722347629798,,88.6,17.34,19.57110609480813,0.2061582957110594,CONSISTENT,35±3 kg,15.0,江苏徐州,小麦麸论文 表2,MISSING_IN_TARGET__IMPUTED_906_TRAINING_MEDIAN,REPORTED_INITIAL_BW__NOT_DMI_BACKCALCULATION,RETROSPECTIVE_PRE_FN_UN_LAB_INFORMATION,TARGET_DM_CP_N_HARMONIZED_AND_CHEMISTRY_CROSSCHECKED,0.0,3.516512491831435,3.8258878643191343,2.710806808725849,6.456220528609021,2.9895001533742223,5.227522775265383,2.954108794530233,5.153438568115234,7.34240035615057,9.479349643849435,9.167027337334869,7.654722662665137,8.107547362645468,8.714202637354537,8.217022928639604,8.6047270713604
REALV6R_0207,Wheat bran::RealV6_小麦麸_sample5,Wheat bran,小麦麸,5,3,growing,35.0,0.5316000000000001,16.821750000000005,16.821750000000005,2.438337927314103,2.554054166666665,11.829357906019236,4.992392093980769,31.643623024830703,0.0151885714285714,0.4806214285714287,19.77726439051919,1.8848758465011288,24.25507900677201,5.507900677200904,6.760722347629798,,88.6,17.34,19.57110609480813,0.2061582957110594,CONSISTENT,35±3 kg,15.0,江苏徐州,小麦麸论文 表2,MISSING_IN_TARGET__IMPUTED_906_TRAINING_MEDIAN,REPORTED_INITIAL_BW__NOT_DMI_BACKCALCULATION,RETROSPECTIVE_PRE_FN_UN_LAB_INFORMATION,TARGET_DM_CP_N_HARMONIZED_AND_CHEMISTRY_CROSSCHECKED,0.0,3.516512491831435,3.8258878643191343,2.710806808725849,6.456220528609021,2.9895001533742223,5.227522775265383,2.954108794530233,5.153438568115234,7.34240035615057,9.479349643849435,9.167027337334869,7.654722662665137,8.107547362645468,8.714202637354537,8.217022928639604,8.6047270713604
REALV6R_0208,Wheat bran::RealV6_小麦麸_sample5,Wheat bran,小麦麸,5,4,growing,35.0,0.5316000000000001,16.821750000000005,16.821750000000005,2.223715745862473,6.8609375,7.737096754137532,9.084653245862471,31.643623024830703,0.0151885714285714,0.4806214285714287,19.77726439051919,1.8848758465011288,24.25507900677201,5.507900677200904,6.760722347629798,,88.6,17.34,19.57110609480813,0.2061582957110594,CONSISTENT,35±3 kg,15.0,江苏徐州,小麦麸论文 表2,MISSING_IN_TARGET__IMPUTED_906_TRAINING_MEDIAN,REPORTED_INITIAL_BW__NOT_DMI_BACKCALCULATION,RETROSPECTIVE_PRE_FN_UN_LAB_INFORMATION,TARGET_DM_CP_N_HARMONIZED_AND_CHEMISTRY_CROSSCHECKED,0.0,3.516512491831435,3.8258878643191343,2.710806808725849,6.456220528609021,2.9895001533742223,5.227522775265383,2.954108794530233,5.153438568115234,7.34240035615057,9.479349643849435,9.167027337334869,7.654722662665137,8.107547362645468,8.714202637354537,8.217022928639604,8.6047270713604
REALV6R_0209,Wheat bran::RealV6_小麦麸_sample5,Wheat bran,小麦麸,5,5,growing,35.0,0.5316000000000001,16.821750000000005,16.821750000000005,2.493779794043621,4.879812499999996,9.448157705956389,7.373592294043617,31.643623024830703,0.0151885714285714,0.4806214285714287,19.77726439051919,1.8848758465011288,24.25507900677201,5.507900677200904,6.760722347629798,,88.6,17.34,19.57110609480813,0.2061582957110594,CONSISTENT,35±3 kg,15.0,江苏徐州,小麦麸论文 表2,MISSING_IN_TARGET__IMPUTED_906_TRAINING_MEDIAN,REPORTED_INITIAL_BW__NOT_DMI_BACKCALCULATION,RETROSPECTIVE_PRE_FN_UN_LAB_INFORMATION,TARGET_DM_CP_N_HARMONIZED_AND_CHEMISTRY_CROSSCHECKED,0.0,3.516512491831435,3.8258878643191343,2.710806808725849,6.456220528609021,2.9895001533742223,5.227522775265383,2.954108794530233,5.153438568115234,7.34240035615057,9.479349643849435,9.167027337334869,7.654722662665137,8.107547362645468,8.714202637354537,8.217022928639604,8.6047270713604
REALV6R_0210,Wheat bran::RealV6_小麦麸_sample5,Wheat bran,小麦麸,5,6,growing,35.0,0.5316000000000001,16.821750000000005,16.821750000000005,2.319905107632256,5.839284166666685,8.662560725701065,8.15918927429894,31.643623024830703,0.0151885714285714,0.4806214285714287,19.77726439051919,1.8848758465011288,24.25507900677201,5.507900677200904,6.760722347629798,,88.6,17.34,19.57110609480813,0.2061582957110594,CONSISTENT,35±3 kg,15.0,江苏徐州,小麦麸论文 表2,MISSING_IN_TARGET__IMPUTED_906_TRAINING_MEDIAN,REPORTED_INITIAL_BW__NOT_DMI_BACKCALCULATION,RETROSPECTIVE_PRE_FN_UN_LAB_INFORMATION,TARGET_DM_CP_N_HARMONIZED_AND_CHEMISTRY_CROSSCHECKED,0.0,3.516512491831435,3.8258878643191343,2.710806808725849,6.456220528609021,2.9895001533742223,5.227522775265383,2.954108794530233,5.153438568115234,7.34240035615057,9.479349643849435,9.167027337334869,7.654722662665137,8.107547362645468,8.714202637354537,8.217022928639604,8.6047270713604
REALV6R_0211,Wheat bran::RealV6_小麦麸_sample6,Wheat bran,小麦麸,6,1,growing,35.0,0.5304,16.093875,16.093875,2.897577210388571,6.0750375,7.121260289611429,8.972614710388571,30.34290158371041,0.0151542857142857,0.459825,18.96431348981901,4.298642533936651,25.37330316742081,6.233031674208145,6.6289592760181,,88.4,16.61,18.789592760180994,0.1747207296380111,CONSISTENT,35±3 kg,15.0,河南新乡,小麦麸论文 表2,MISSING_IN_TARGET__IMPUTED_906_TRAINING_MEDIAN,REPORTED_INITIAL_BW__NOT_DMI_BACKCALCULATION,RETROSPECTIVE_PRE_FN_UN_LAB_INFORMATION,TARGET_DM_CP_N_HARMONIZED_AND_CHEMISTRY_CROSSCHECKED,8.881784197001252e-16,3.9236496607494655,3.459089576581115,2.5192143408719097,7.061859704047614,3.0050080802561348,5.378910767006319,3.150599479675293,4.56627893447876,7.382739237330581,8.71113576266942,9.581074044919523,6.512800955080477,7.716878414154053,8.376996585845948,8.383918847262454,7.709956152737547
REALV6R_0212,Wheat bran::RealV6_小麦麸_sample6,Wheat bran,小麦麸,6,2,growing,35.0,0.5304,16.093875,16.093875,1.894771195391264,6.230726666666662,7.968377137942074,8.125497862057927,30.34290158371041,0.0151542857142857,0.459825,18.96431348981901,4.298642533936651,25.37330316742081,6.233031674208145,6.6289592760181,,88.4,16.61,18.789592760180994,0.1747207296380111,CONSISTENT,35±3 kg,15.0,河南新乡,小麦麸论文 表2,MISSING_IN_TARGET__IMPUTED_906_TRAINING_MEDIAN,REPORTED_INITIAL_BW__NOT_DMI_BACKCALCULATION,RETROSPECTIVE_PRE_FN_UN_LAB_INFORMATION,TARGET_DM_CP_N_HARMONIZED_AND_CHEMISTRY_CROSSCHECKED,0.0,3.9236496607494655,3.459089576581115,2.5192143408719097,7.061859704047614,3.0050080802561348,5.378910767006319,3.150599479675293,4.56627893447876,7.382739237330581,8.71113576266942,9.581074044919523,6.512800955080477,7.716878414154053,8.376996585845948,8.383918847262454,7.709956152737547
REALV6R_0213,Wheat bran::RealV6_小麦麸_sample6,Wheat bran,小麦麸,6,3,growing,35.0,0.5304,16.093875,16.093875,2.452770378797893,3.04944,10.591664621202106,5.502210378797893,30.34290158371041,0.0151542857142857,0.459825,18.96431348981901,4.298642533936651,25.37330316742081,6.233031674208145,6.6289592760181,,88.4,16.61,18.789592760180994,0.1747207296380111,CONSISTENT,35±3 kg,15.0,河南新乡,小麦麸论文 表2,MISSING_IN_TARGET__IMPUTED_906_TRAINING_MEDIAN,REPORTED_INITIAL_BW__NOT_DMI_BACKCALCULATION,RETROSPECTIVE_PRE_FN_UN_LAB_INFORMATION,TARGET_DM_CP_N_HARMONIZED_AND_CHEMISTRY_CROSSCHECKED,0.0,3.9236496607494655,3.459089576581115,2.5192143408719097,7.061859704047614,3.0050080802561348,5.378910767006319,3.150599479675293,4.56627893447876,7.382739237330581,8.71113576266942,9.581074044919523,6.512800955080477,7.716878414154053,8.376996585845948,8.383918847262454,7.709956152737547
REALV6R_0214,Wheat bran::RealV6_小麦麸_sample6,Wheat bran,小麦麸,6,4,growing,35.0,0.5304,16.093875,16.093875,2.205755657122008,4.774125,9.113994342877993,6.979880657122008,30.34290158371041,0.0151542857142857,0.459825,18.96431348981901,4.298642533936651,25.37330316742081,6.233031674208145,6.6289592760181,,88.4,16.61,18.789592760180994,0.1747207296380111,CONSISTENT,35±3 kg,15.0,河南新乡,小麦麸论文 表2,MISSING_IN_TARGET__IMPUTED_906_TRAINING_MEDIAN,REPORTED_INITIAL_BW__NOT_DMI_BACKCALCULATION,RETROSPECTIVE_PRE_FN_UN_LAB_INFORMATION,TARGET_DM_CP_N_HARMONIZED_AND_CHEMISTRY_CROSSCHECKED,0.0,3.9236496607494655,3.459089576581115,2.5192143408719097,7.061859704047614,3.0050080802561348,5.378910767006319,3.150599479675293,4.56627893447876,7.382739237330581,8.71113576266942,9.581074044919523,6.512800955080477,7.716878414154053,8.376996585845948,8.383918847262454,7.709956152737547
REALV6R_0215,Wheat bran::RealV6_小麦麸_sample6,Wheat bran,小麦麸,6,5,growing,35.0,0.5304,16.093875,16.093875,2.49790431957379,8.355072499999995,5.240898180426216,10.852976819573785,30.34290158371041,0.0151542857142857,0.459825,18.96431348981901,4.298642533936651,25.37330316742081,6.233031674208145,6.6289592760181,,88.4,16.61,18.789592760180994,0.1747207296380111,CONSISTENT,35±3 kg,15.0,河南新乡,小麦麸论文 表2,MISSING_IN_TARGET__IMPUTED_906_TRAINING_MEDIAN,REPORTED_INITIAL_BW__NOT_DMI_BACKCALCULATION,RETROSPECTIVE_PRE_FN_UN_LAB_INFORMATION,TARGET_DM_CP_N_HARMONIZED_AND_CHEMISTRY_CROSSCHECKED,0.0,3.9236496607494655,3.459089576581115,2.5192143408719097,7.061859704047614,3.0050080802561348,5.378910767006319,3.150599479675293,4.56627893447876,7.382739237330581,8.71113576266942,9.581074044919523,6.512800955080477,7.716878414154053,8.376996585845948,8.383918847262454,7.709956152737547
REALV6R_0216,Wheat bran::RealV6_小麦麸_sample6,Wheat bran,小麦麸,6,6,growing,35.0,0.5304,16.093875,16.093875,1.955202859994505,5.871050833333337,8.267621306672158,7.826253693327842,30.34290158371041,0.0151542857142857,0.459825,18.96431348981901,4.298642533936651,25.37330316742081,6.233031674208145,6.6289592760181,,88.4,16.61,18.789592760180994,0.1747207296380111,CONSISTENT,35±3 kg,15.0,河南新乡,小麦麸论文 表2,MISSING_IN_TARGET__IMPUTED_906_TRAINING_MEDIAN,REPORTED_INITIAL_BW__NOT_DMI_BACKCALCULATION,RETROSPECTIVE_PRE_FN_UN_LAB_INFORMATION,TARGET_DM_CP_N_HARMONIZED_AND_CHEMISTRY_CROSSCHECKED,0.0,3.9236496607494655,3.459089576581115,2.5192143408719097,7.061859704047614,3.0050080802561348,5.378910767006319,3.150599479675293,4.56627893447876,7.382739237330581,8.71113576266942,9.581074044919523,6.512800955080477,7.716878414154053,8.376996585845948,8.383918847262454,7.709956152737547
REALV6R_0217,Wheat bran::RealV6_小麦麸_sample7,Wheat bran,小麦麸,7,1,growing,35.0,0.51168,16.647375000000004,16.647375000000004,2.7842686018562,5.744339999999984,8.11876639814382,8.528608601856185,32.534738508442786,0.0146194285714285,0.4756392857142858,20.334211567776737,2.4155722326454034,23.534240150093808,4.936679174484053,6.519699812382739,,85.28,17.1,20.0515947467167,0.2826168210600386,CONSISTENT,35±3 kg,15.0,宁夏银川,小麦麸论文 表2,MISSING_IN_TARGET__IMPUTED_906_TRAINING_MEDIAN,REPORTED_INITIAL_BW__NOT_DMI_BACKCALCULATION,RETROSPECTIVE_PRE_FN_UN_LAB_INFORMATION,TARGET_DM_CP_N_HARMONIZED_AND_CHEMISTRY_CROSSCHECKED,0.0,3.2353829557614717,3.538218119531763,2.6587680351594494,6.727570528609019,2.8582189564652563,5.237739910278355,2.931331475575765,5.196412086486816,6.773601075293234,9.87377392470677,9.386338563768469,7.261036436231535,8.127743562062582,8.519631437937422,8.095958866743612,8.551416133256392
REALV6R_0218,Wheat bran::RealV6_小麦麸_sample7,Wheat bran,小麦麸,7,2,growing,35.0,0.51168,16.647375000000004,16.647375000000004,2.506233198182811,6.877871666666671,7.263270135150522,9.384104864849482,32.534738508442786,0.0146194285714285,0.4756392857142858,20.334211567776737,2.4155722326454034,23.534240150093808,4.936679174484053,6.519699812382739,,85.28,17.1,20.0515947467167,0.2826168210600386,CONSISTENT,35±3 kg,15.0,宁夏银川,小麦麸论文 表2,MISSING_IN_TARGET__IMPUTED_906_TRAINING_MEDIAN,REPORTED_INITIAL_BW__NOT_DMI_BACKCALCULATION,RETROSPECTIVE_PRE_FN_UN_LAB_INFORMATION,TARGET_DM_CP_N_HARMONIZED_AND_CHEMISTRY_CROSSCHECKED,0.0,3.2353829557614717,3.538218119531763,2.6587680351594494,6.727570528609019,2.8582189564652563,5.237739910278355,2.931331475575765,5.196412086486816,6.773601075293234,9.87377392470677,9.386338563768469,7.261036436231535,8.127743562062582,8.519631437937422,8.095958866743612,8.551416133256392
REALV6R_0219,Wheat bran::RealV6_小麦麸_sample7,Wheat bran,小麦麸,7,3,growing,35.0,0.51168,16.647375000000004,16.647375000000004,2.584373131932084,2.188587499999998,11.87441436806792,4.772960631932082,32.534738508442786,0.0146194285714285,0.4756392857142858,20.334211567776737,2.4155722326454034,23.534240150093808,4.936679174484053,6.519699812382739,,85.28,17.1,20.0515947467167,0.2826168210600386,CONSISTENT,35±3 kg,15.0,宁夏银川,小麦麸论文 表2,MISSING_IN_TARGET__IMPUTED_906_TRAINING_MEDIAN,REPORTED_INITIAL_BW__NOT_DMI_BACKCALCULATION,RETROSPECTIVE_PRE_FN_UN_LAB_INFORMATION,TARGET_DM_CP_N_HARMONIZED_AND_CHEMISTRY_CROSSCHECKED,0.0,3.2353829557614717,3.538218119531763,2.6587680351594494,6.727570528609019,2.8582189564652563,5.237739910278355,2.931331475575765,5.196412086486816,6.773601075293234,9.87377392470677,9.386338563768469,7.261036436231535,8.127743562062582,8.519631437937422,8.095958866743612,8.551416133256392
REALV6R_0220,Wheat bran::RealV6_小麦麸_sample7,Wheat bran,小麦麸,7,4,growing,35.0,0.51168,16.647375000000004,16.647375000000004,2.613413288135595,5.99627416666667,8.037687545197738,8.609687454802266,32.534738508442786,0.0146194285714285,0.4756392857142858,20.334211567776737,2.4155722326454034,23.534240150093808,4.936679174484053,6.519699812382739,,85.28,17.1,20.0515947467167,0.2826168210600386,CONSISTENT,35±3 kg,15.0,宁夏银川,小麦麸论文 表2,MISSING_IN_TARGET__IMPUTED_906_TRAINING_MEDIAN,REPORTED_INITIAL_BW__NOT_DMI_BACKCALCULATION,RETROSPECTIVE_PRE_FN_UN_LAB_INFORMATION,TARGET_DM_CP_N_HARMONIZED_AND_CHEMISTRY_CROSSCHECKED,0.0,3.2353829557614717,3.538218119531763,2.6587680351594494,6.727570528609019,2.8582189564652563,5.237739910278355,2.931331475575765,5.196412086486816,6.773601075293234,9.87377392470677,9.386338563768469,7.261036436231535,8.127743562062582,8.519631437937422,8.095958866743612,8.551416133256392
REALV6R_0221,Wheat bran::RealV6_小麦麸_sample7,Wheat bran,小麦麸,7,5,growing,35.0,0.51168,16.647375000000004,16.647375000000004,2.692865674548635,6.356123333333337,7.598385992118033,9.048989007881971,32.534738508442786,0.0146194285714285,0.4756392857142858,20.334211567776737,2.4155722326454034,23.534240150093808,4.936679174484053,6.519699812382739,,85.28,17.1,20.0515947467167,0.2826168210600386,CONSISTENT,35±3 kg,15.0,宁夏银川,小麦麸论文 表2,MISSING_IN_TARGET__IMPUTED_906_TRAINING_MEDIAN,REPORTED_INITIAL_BW__NOT_DMI_BACKCALCULATION,RETROSPECTIVE_PRE_FN_UN_LAB_INFORMATION,TARGET_DM_CP_N_HARMONIZED_AND_CHEMISTRY_CROSSCHECKED,-8.881784197001252e-16,3.2353829557614717,3.538218119531763,2.6587680351594494,6.727570528609019,2.8582189564652563,5.237739910278355,2.931331475575765,5.196412086486816,6.773601075293234,9.87377392470677,9.386338563768469,7.261036436231535,8.127743562062582,8.519631437937422,8.095958866743612,8.551416133256392
REALV6R_0222,Wheat bran::RealV6_小麦麸_sample7,Wheat bran,小麦麸,7,6,growing,35.0,0.51168,16.647375000000004,16.647375000000004,2.523405739371372,2.9122925,11.211676760628633,5.435698239371372,32.534738508442786,0.0146194285714285,0.4756392857142858,20.334211567776737,2.4155722326454034,23.534240150093808,4.936679174484053,6.519699812382739,,85.28,17.1,20.0515947467167,0.2826168210600386,CONSISTENT,35±3 kg,15.0,宁夏银川,小麦麸论文 表2,MISSING_IN_TARGET__IMPUTED_906_TRAINING_MEDIAN,REPORTED_INITIAL_BW__NOT_DMI_BACKCALCULATION,RETROSPECTIVE_PRE_FN_UN_LAB_INFORMATION,TARGET_DM_CP_N_HARMONIZED_AND_CHEMISTRY_CROSSCHECKED,1.7763568394002505e-15,3.2353829557614717,3.538218119531763,2.6587680351594494,6.727570528609019,2.8582189564652563,5.237739910278355,2.931331475575765,5.196412086486816,6.773601075293234,9.87377392470677,9.386338563768469,7.261036436231535,8.127743562062582,8.519631437937422,8.095958866743612,8.551416133256392
REALV6R_0223,Wheat bran::RealV6_小麦麸_sample8,Wheat bran,小麦麸,8,1,growing,35.0,0.6202,20.010375,20.010375,3.40945164261541,2.533163166666665,14.06776019071792,5.942614809282075,32.26439051918735,0.01772,0.5717249999999999,20.1652440744921,3.35214446952596,23.103837471783297,5.699774266365689,6.3431151241535,,88.6,17.72,20.0,0.1652440744921008,CONSISTENT,35±3 kg,17.5,广东顺德,小麦麸论文 表2,MISSING_IN_TARGET__IMPUTED_906_TRAINING_MEDIAN,REPORTED_INITIAL_BW__NOT_DMI_BACKCALCULATION,RETROSPECTIVE_PRE_FN_UN_LAB_INFORMATION,TARGET_DM_CP_N_HARMONIZED_AND_CHEMISTRY_CROSSCHECKED,1.7763568394002505e-15,3.856373407652497,4.659364541634687,3.891213323833425,6.467541976503754,3.879162207686017,5.622894612300458,3.3568242390950522,5.655685106913249,8.515737949287185,11.494637050712814,10.35875530033718,9.65161969966282,9.0125093460083,10.997865653991699,9.502056819986475,10.508318180013525
REALV6R_0224,Wheat bran::RealV6_小麦麸_sample8,Wheat bran,小麦麸,8,2,growing,35.0,0.6202,20.010375,20.010375,2.336726711206132,5.299478166666671,12.374170122127191,7.636204877872803,32.26439051918735,0.01772,0.5717249999999999,20.1652440744921,3.35214446952596,23.103837471783297,5.699774266365689,6.3431151241535,,88.6,17.72,20.0,0.1652440744921008,CONSISTENT,35±3 kg,17.5,广东顺德,小麦麸论文 表2,MISSING_IN_TARGET__IMPUTED_906_TRAINING_MEDIAN,REPORTED_INITIAL_BW__NOT_DMI_BACKCALCULATION,RETROSPECTIVE_PRE_FN_UN_LAB_INFORMATION,TARGET_DM_CP_N_HARMONIZED_AND_CHEMISTRY_CROSSCHECKED,0.0,3.856373407652497,4.659364541634687,3.891213323833425,6.467541976503754,3.879162207686017,5.622894612300458,3.3568242390950522,5.655685106913249,8.515737949287185,11.494637050712814,10.35875530033718,9.65161969966282,9.0125093460083,10.997865653991699,9.502056819986475,10.508318180013525
REALV6R_0225,Wheat bran::RealV6_小麦麸_sample8,Wheat bran,小麦麸,8,3,growing,35.0,0.6202,20.010375,20.010375,2.772492604885881,2.665962,14.571920395114116,5.438454604885881,32.26439051918735,0.01772,0.5717249999999999,20.1652440744921,3.35214446952596,23.103837471783297,5.699774266365689,6.3431151241535,,88.6,17.72,20.0,0.1652440744921008,CONSISTENT,35±3 kg,17.5,广东顺德,小麦麸论文 表2,MISSING_IN_TARGET__IMPUTED_906_TRAINING_MEDIAN,REPORTED_INITIAL_BW__NOT_DMI_BACKCALCULATION,RETROSPECTIVE_PRE_FN_UN_LAB_INFORMATION,TARGET_DM_CP_N_HARMONIZED_AND_CHEMISTRY_CROSSCHECKED,0.0,3.856373407652497,4.659364541634687,3.891213323833425,6.467541976503754,3.879162207686017,5.622894612300458,3.3568242390950522,5.655685106913249,8.515737949287185,11.494637050712814,10.35875530033718,9.65161969966282,9.0125093460083,10.997865653991699,9.502056819986475,10.508318180013525
REALV6R_0226,Wheat bran::RealV6_小麦麸_sample8,Wheat bran,小麦麸,8,4,growing,35.0,0.6202,20.010375,20.010375,3.104099400701451,5.320963833333337,11.585311765965209,8.425063234034788,32.26439051918735,0.01772,0.5717249999999999,20.1652440744921,3.35214446952596,23.103837471783297,5.699774266365689,6.3431151241535,,88.6,17.72,20.0,0.1652440744921008,CONSISTENT,35±3 kg,17.5,广东顺德,小麦麸论文 表2,MISSING_IN_TARGET__IMPUTED_906_TRAINING_MEDIAN,REPORTED_INITIAL_BW__NOT_DMI_BACKCALCULATION,RETROSPECTIVE_PRE_FN_UN_LAB_INFORMATION,TARGET_DM_CP_N_HARMONIZED_AND_CHEMISTRY_CROSSCHECKED,0.0,3.856373407652497,4.659364541634687,3.891213323833425,6.467541976503754,3.879162207686017,5.622894612300458,3.3568242390950522,5.655685106913249,8.515737949287185,11.494637050712814,10.35875530033718,9.65161969966282,9.0125093460083,10.997865653991699,9.502056819986475,10.508318180013525
REALV6R_0227,Wheat bran::RealV6_小麦麸_sample8,Wheat bran,小麦麸,8,5,growing,35.0,0.6202,20.010375,20.010375,3.061643708630771,3.733461000000002,13.215270291369222,6.795104708630773,32.26439051918735,0.01772,0.5717249999999999,20.1652440744921,3.35214446952596,23.103837471783297,5.699774266365689,6.3431151241535,,88.6,17.72,20.0,0.1652440744921008,CONSISTENT,35±3 kg,17.5,广东顺德,小麦麸论文 表2,MISSING_IN_TARGET__IMPUTED_906_TRAINING_MEDIAN,REPORTED_INITIAL_BW__NOT_DMI_BACKCALCULATION,RETROSPECTIVE_PRE_FN_UN_LAB_INFORMATION,TARGET_DM_CP_N_HARMONIZED_AND_CHEMISTRY_CROSSCHECKED,0.0,3.856373407652497,4.659364541634687,3.891213323833425,6.467541976503754,3.879162207686017,5.622894612300458,3.3568242390950522,5.655685106913249,8.515737949287185,11.494637050712814,10.35875530033718,9.65161969966282,9.0125093460083,10.997865653991699,9.502056819986475,10.508318180013525
REALV6R_0228,Wheat bran::RealV6_小麦麸_sample8,Wheat bran,小麦麸,8,6,growing,35.0,0.6202,20.010375,20.010375,2.800564267905137,7.274327666666674,9.935483065428183,10.074891934571813,32.26439051918735,0.01772,0.5717249999999999,20.1652440744921,3.35214446952596,23.103837471783297,5.699774266365689,6.3431151241535,,88.6,17.72,20.0,0.1652440744921008,CONSISTENT,35±3 kg,17.5,广东顺德,小麦麸论文 表2,MISSING_IN_TARGET__IMPUTED_906_TRAINING_MEDIAN,REPORTED_INITIAL_BW__NOT_DMI_BACKCALCULATION,RETROSPECTIVE_PRE_FN_UN_LAB_INFORMATION,TARGET_DM_CP_N_HARMONIZED_AND_CHEMISTRY_CROSSCHECKED,-1.7763568394002505e-15,3.856373407652497,4.659364541634687,3.891213323833425,6.467541976503754,3.879162207686017,5.622894612300458,3.3568242390950522,5.655685106913249,8.515737949287185,11.494637050712814,10.35875530033718,9.65161969966282,9.0125093460083,10.997865653991699,9.502056819986475,10.508318180013525
REALV6R_0229,Wheat bran::RealV6_小麦麸_sample9,Wheat bran,小麦麸,9,1,growing,35.0,0.69736,20.862,20.862,3.79180086816498,5.293300499999998,11.77689863183502,9.085101368164976,29.91568200068831,0.0199245714285714,0.5960571428571428,18.697301250430197,3.3497762991855,27.325914878972124,6.05712974647241,7.204313410577034,,87.17,16.19,18.57290352185385,0.1243977285763442,CONSISTENT,35±3 kg,20.0,内蒙古呼和浩特,小麦麸论文 表2,MISSING_IN_TARGET__IMPUTED_906_TRAINING_MEDIAN,REPORTED_INITIAL_BW__NOT_DMI_BACKCALCULATION,RETROSPECTIVE_PRE_FN_UN_LAB_INFORMATION,TARGET_DM_CP_N_HARMONIZED_AND_CHEMISTRY_CROSSCHECKED,0.0,4.9917819665541145,4.87546200602266,4.218536704370318,6.45729807500206,4.486001999539733,5.718380731770254,3.669403394063314,5.274556795756022,9.867243972576775,10.994756027423223,10.675834779372378,10.18616522062762,8.943960189819336,11.918039810180662,10.204382731309988,10.65761726869001
REALV6R_0230,Wheat bran::RealV6_小麦麸_sample9,Wheat bran,小麦麸,9,2,growing,35.0,0.69736,20.862,20.862,3.260494922096322,4.624716333333339,12.976788744570335,7.885211255429661,29.91568200068831,0.0199245714285714,0.5960571428571428,18.697301250430197,3.3497762991855,27.325914878972124,6.05712974647241,7.204313410577034,,87.17,16.19,18.57290352185385,0.1243977285763442,CONSISTENT,35±3 kg,20.0,内蒙古呼和浩特,小麦麸论文 表2,MISSING_IN_TARGET__IMPUTED_906_TRAINING_MEDIAN,REPORTED_INITIAL_BW__NOT_DMI_BACKCALCULATION,RETROSPECTIVE_PRE_FN_UN_LAB_INFORMATION,TARGET_DM_CP_N_HARMONIZED_AND_CHEMISTRY_CROSSCHECKED,1.7763568394002505e-15,4.9917819665541145,4.87546200602266,4.218536704370318,6.45729807500206,4.486001999539733,5.718380731770254,3.669403394063314,5.274556795756022,9.867243972576775,10.994756027423223,10.675834779372378,10.18616522062762,8.943960189819336,11.918039810180662,10.204382731309988,10.65761726869001
REALV6R_0231,Wheat bran::RealV6_小麦麸_sample9,Wheat bran,小麦麸,9,3,growing,35.0,0.69736,20.862,20.862,3.15306909476662,5.619070100000016,12.089860805233362,8.772139194766636,29.91568200068831,0.0199245714285714,0.5960571428571428,18.697301250430197,3.3497762991855,27.325914878972124,6.05712974647241,7.204313410577034,,87.17,16.19,18.57290352185385,0.1243977285763442,CONSISTENT,35±3 kg,20.0,内蒙古呼和浩特,小麦麸论文 表2,MISSING_IN_TARGET__IMPUTED_906_TRAINING_MEDIAN,REPORTED_INITIAL_BW__NOT_DMI_BACKCALCULATION,RETROSPECTIVE_PRE_FN_UN_LAB_INFORMATION,TARGET_DM_CP_N_HARMONIZED_AND_CHEMISTRY_CROSSCHECKED,1.7763568394002505e-15,4.9917819665541145,4.87546200602266,4.218536704370318,6.45729807500206,4.486001999539733,5.718380731770254,3.669403394063314,5.274556795756022,9.867243972576775,10.994756027423223,10.675834779372378,10.18616522062762,8.943960189819336,11.918039810180662,10.204382731309988,10.65761726869001
REALV6R_0232,Wheat bran::RealV6_小麦麸_sample9,Wheat bran,小麦麸,9,4,growing,35.0,0.69736,20.862,20.862,3.325718617639204,5.524994166666672,12.01128721569412,8.850712784305877,29.91568200068831,0.0199245714285714,0.5960571428571428,18.697301250430197,3.3497762991855,27.325914878972124,6.05712974647241,7.204313410577034,,87.17,16.19,18.57290352185385,0.1243977285763442,CONSISTENT,35±3 kg,20.0,内蒙古呼和浩特,小麦麸论文 表2,MISSING_IN_TARGET__IMPUTED_906_TRAINING_MEDIAN,REPORTED_INITIAL_BW__NOT_DMI_BACKCALCULATION,RETROSPECTIVE_PRE_FN_UN_LAB_INFORMATION,TARGET_DM_CP_N_HARMONIZED_AND_CHEMISTRY_CROSSCHECKED,0.0,4.9917819665541145,4.87546200602266,4.218536704370318,6.45729807500206,4.486001999539733,5.718380731770254,3.669403394063314,5.274556795756022,9.867243972576775,10.994756027423223,10.675834779372378,10.18616522062762,8.943960189819336,11.918039810180662,10.204382731309988,10.65761726869001
REALV6R_0233,Wheat bran::RealV6_小麦麸_sample9,Wheat bran,小麦麸,9,5,growing,35.0,0.69736,20.862,20.862,3.38928118488554,5.26905866666667,12.203660148447788,8.65833985155221,29.91568200068831,0.0199245714285714,0.5960571428571428,18.697301250430197,3.3497762991855,27.325914878972124,6.05712974647241,7.204313410577034,,87.17,16.19,18.57290352185385,0.1243977285763442,CONSISTENT,35±3 kg,20.0,内蒙古呼和浩特,小麦麸论文 表2,MISSING_IN_TARGET__IMPUTED_906_TRAINING_MEDIAN,REPORTED_INITIAL_BW__NOT_DMI_BACKCALCULATION,RETROSPECTIVE_PRE_FN_UN_LAB_INFORMATION,TARGET_DM_CP_N_HARMONIZED_AND_CHEMISTRY_CROSSCHECKED,0.0,4.9917819665541145,4.87546200602266,4.218536704370318,6.45729807500206,4.486001999539733,5.718380731770254,3.669403394063314,5.274556795756022,9.867243972576775,10.994756027423223,10.675834779372378,10.18616522062762,8.943960189819336,11.918039810180662,10.204382731309988,10.65761726869001
REALV6R_0234,Wheat bran::RealV6_小麦麸_sample9,Wheat bran,小麦麸,9,6,growing,35.0,0.69736,20.862,20.862,3.330092917853914,6.380145333333329,11.151761748812756,9.710238251187242,29.91568200068831,0.0199245714285714,0.5960571428571428,18.697301250430197,3.3497762991855,27.325914878972124,6.05712974647241,7.204313410577034,,87.17,16.19,18.57290352185385,0.1243977285763442,CONSISTENT,35±3 kg,20.0,内蒙古呼和浩特,小麦麸论文 表2,MISSING_IN_TARGET__IMPUTED_906_TRAINING_MEDIAN,REPORTED_INITIAL_BW__NOT_DMI_BACKCALCULATION,RETROSPECTIVE_PRE_FN_UN_LAB_INFORMATION,TARGET_DM_CP_N_HARMONIZED_AND_CHEMISTRY_CROSSCHECKED,0.0,4.9917819665541145,4.87546200602266,4.218536704370318,6.45729807500206,4.486001999539733,5.718380731770254,3.669403394063314,5.274556795756022,9.867243972576775,10.994756027423223,10.675834779372378,10.18616522062762,8.943960189819336,11.918039810180662,10.204382731309988,10.65761726869001
REALV6R_0235,Wheat bran::RealV6_小麦麸_sample10,Wheat bran,小麦麸,10,1,growing,35.0,0.8906000000000001,24.643125,24.643125,3.705787967329136,6.0884525,14.848884532670866,9.794240467329136,27.670250392993488,0.0254457142857142,0.7040892857142858,17.293906495620927,4.266786436110487,26.80215584998877,6.579833819896699,6.231753873792948,,89.06,15.26,17.13451605659106,0.1593904390298668,CONSISTENT,35±3 kg,25.0,河北秦皇岛,小麦麸论文 表2,MISSING_IN_TARGET__IMPUTED_906_TRAINING_MEDIAN,REPORTED_INITIAL_BW__NOT_DMI_BACKCALCULATION,RETROSPECTIVE_PRE_FN_UN_LAB_INFORMATION,TARGET_DM_CP_N_HARMONIZED_AND_CHEMISTRY_CROSSCHECKED,0.0,5.949776143708141,6.064928389200011,4.158032503682518,6.265002556124664,4.777796070282252,6.171542636495529,4.322321097056071,5.739483833312988,12.014704532908151,12.62842046709185,10.423035059807182,14.22008994019282,10.06180493036906,14.58132006963094,10.94933870677778,13.693786293222221
REALV6R_0236,Wheat bran::RealV6_小麦麸_sample10,Wheat bran,小麦麸,10,2,growing,35.0,0.8906000000000001,24.643125,24.643125,3.989670178613048,5.803479000000005,14.849975821386948,9.793149178613051,27.670250392993488,0.0254457142857142,0.7040892857142858,17.293906495620927,4.266786436110487,26.80215584998877,6.579833819896699,6.231753873792948,,89.06,15.26,17.13451605659106,0.1593904390298668,CONSISTENT,35±3 kg,25.0,河北秦皇岛,小麦麸论文 表2,MISSING_IN_TARGET__IMPUTED_906_TRAINING_MEDIAN,REPORTED_INITIAL_BW__NOT_DMI_BACKCALCULATION,RETROSPECTIVE_PRE_FN_UN_LAB_INFORMATION,TARGET_DM_CP_N_HARMONIZED_AND_CHEMISTRY_CROSSCHECKED,-1.7763568394002505e-15,5.949776143708141,6.064928389200011,4.158032503682518,6.265002556124664,4.777796070282252,6.171542636495529,4.322321097056071,5.739483833312988,12.014704532908151,12.62842046709185,10.423035059807182,14.22008994019282,10.06180493036906,14.58132006963094,10.94933870677778,13.693786293222221
REALV6R_0237,Wheat bran::RealV6_小麦麸_sample10,Wheat bran,小麦麸,10,3,growing,35.0,0.8906000000000001,24.643125,24.643125,3.612358519961704,6.8385305,14.192235980038298,10.450889019961703,27.670250392993488,0.0254457142857142,0.7040892857142858,17.293906495620927,4.266786436110487,26.80215584998877,6.579833819896699,6.231753873792948,,89.06,15.26,17.13451605659106,0.1593904390298668,CONSISTENT,35±3 kg,25.0,河北秦皇岛,小麦麸论文 表2,MISSING_IN_TARGET__IMPUTED_906_TRAINING_MEDIAN,REPORTED_INITIAL_BW__NOT_DMI_BACKCALCULATION,RETROSPECTIVE_PRE_FN_UN_LAB_INFORMATION,TARGET_DM_CP_N_HARMONIZED_AND_CHEMISTRY_CROSSCHECKED,0.0,5.949776143708141,6.064928389200011,4.158032503682518,6.265002556124664,4.777796070282252,6.171542636495529,4.322321097056071,5.739483833312988,12.014704532908151,12.62842046709185,10.423035059807182,14.22008994019282,10.06180493036906,14.58132006963094,10.94933870677778,13.693786293222221
REALV6R_0238,Wheat bran::RealV6_小麦麸_sample10,Wheat bran,小麦麸,10,4,growing,35.0,0.8906000000000001,24.643125,24.643125,3.814626427034176,6.55855283333334,14.269945739632483,10.373179260367516,27.670250392993488,0.0254457142857142,0.7040892857142858,17.293906495620927,4.266786436110487,26.80215584998877,6.579833819896699,6.231753873792948,,89.06,15.26,17.13451605659106,0.1593904390298668,CONSISTENT,35±3 kg,25.0,河北秦皇岛,小麦麸论文 表2,MISSING_IN_TARGET__IMPUTED_906_TRAINING_MEDIAN,REPORTED_INITIAL_BW__NOT_DMI_BACKCALCULATION,RETROSPECTIVE_PRE_FN_UN_LAB_INFORMATION,TARGET_DM_CP_N_HARMONIZED_AND_CHEMISTRY_CROSSCHECKED,-1.7763568394002505e-15,5.949776143708141,6.064928389200011,4.158032503682518,6.265002556124664,4.777796070282252,6.171542636495529,4.322321097056071,5.739483833312988,12.014704532908151,12.62842046709185,10.423035059807182,14.22008994019282,10.06180493036906,14.58132006963094,10.94933870677778,13.693786293222221
REALV6R_0239,Wheat bran::RealV6_小麦麸_sample10,Wheat bran,小麦麸,10,5,growing,35.0,0.8906000000000001,24.643125,24.643125,3.713858098870919,5.801790499999997,15.127476401129083,9.515648598870916,27.670250392993488,0.0254457142857142,0.7040892857142858,17.293906495620927,4.266786436110487,26.80215584998877,6.579833819896699,6.231753873792948,,89.06,15.26,17.13451605659106,0.1593904390298668,CONSISTENT,35±3 kg,25.0,河北秦皇岛,小麦麸论文 表2,MISSING_IN_TARGET__IMPUTED_906_TRAINING_MEDIAN,REPORTED_INITIAL_BW__NOT_DMI_BACKCALCULATION,RETROSPECTIVE_PRE_FN_UN_LAB_INFORMATION,TARGET_DM_CP_N_HARMONIZED_AND_CHEMISTRY_CROSSCHECKED,0.0,5.949776143708141,6.064928389200011,4.158032503682518,6.265002556124664,4.777796070282252,6.171542636495529,4.322321097056071,5.739483833312988,12.014704532908151,12.62842046709185,10.423035059807182,14.22008994019282,10.06180493036906,14.58132006963094,10.94933870677778,13.693786293222221
REALV6R_0240,Wheat bran::RealV6_小麦麸_sample10,Wheat bran,小麦麸,10,6,growing,35.0,0.8906000000000001,24.643125,24.643125,3.713846040572694,6.603863499999997,14.32541545942731,10.317709540572691,27.670250392993488,0.0254457142857142,0.7040892857142858,17.293906495620927,4.266786436110487,26.80215584998877,6.579833819896699,6.231753873792948,,89.06,15.26,17.13451605659106,0.1593904390298668,CONSISTENT,35±3 kg,25.0,河北秦皇岛,小麦麸论文 表2,MISSING_IN_TARGET__IMPUTED_906_TRAINING_MEDIAN,REPORTED_INITIAL_BW__NOT_DMI_BACKCALCULATION,RETROSPECTIVE_PRE_FN_UN_LAB_INFORMATION,TARGET_DM_CP_N_HARMONIZED_AND_CHEMISTRY_CROSSCHECKED,0.0,5.949776143708141,6.064928389200011,4.158032503682518,6.265002556124664,4.777796070282252,6.171542636495529,4.322321097056071,5.739483833312988,12.014704532908151,12.62842046709185,10.423035059807182,14.22008994019282,10.06180493036906,14.58132006963094,10.94933870677778,13.693786293222221
REALV6R_0301,Cassava::RealV6_木薯_sample1,Cassava,木薯,1,1,growing,50.0,2.6211,45.702034883721,45.702034883721,6.362301753542821,10.74527,28.594463130178177,17.10757175354282,17.43620422102209,0.0524219999999999,0.91404069767442,10.897627638138806,3.834268055396589,19.46892526038686,6.237839075197436,8.526954332150623,,87.37,9.51,10.884743046812408,0.012884591326399,CONSISTENT,50.0±1.7 kg,75.0,广西南宁,木薯论文 表2-2,MISSING_IN_TARGET__IMPUTED_906_TRAINING_MEDIAN,REPORTED_INITIAL_BW__NOT_DMI_BACKCALCULATION,RETROSPECTIVE_PRE_FN_UN_LAB_INFORMATION,TARGET_DM_CP_N_HARMONIZED_AND_CHEMISTRY_CROSSCHECKED,0.0,8.127875197966347,8.453791627939767,7.726843255490557,9.61729220191197,7.865560079391582,9.073790400538254,8.263936042785645,11.807086308797201,16.58166682590611,29.120368057814886,17.34413545740253,28.35789942631847,20.071022351582847,25.63101253213815,16.939350479929836,28.762684403791162
REALV6R_0302,Cassava::RealV6_木薯_sample1,Cassava,木薯,1,2,growing,50.0,2.6211,45.702034883721,45.702034883721,8.149710548020508,12.01396,25.53836433570049,20.16367054802051,17.43620422102209,0.0524219999999999,0.91404069767442,10.897627638138806,3.834268055396589,19.46892526038686,6.237839075197436,8.526954332150623,,87.37,9.51,10.884743046812408,0.012884591326399,CONSISTENT,50.0±1.7 kg,75.0,广西南宁,木薯论文 表2-2,MISSING_IN_TARGET__IMPUTED_906_TRAINING_MEDIAN,REPORTED_INITIAL_BW__NOT_DMI_BACKCALCULATION,RETROSPECTIVE_PRE_FN_UN_LAB_INFORMATION,TARGET_DM_CP_N_HARMONIZED_AND_CHEMISTRY_CROSSCHECKED,0.0,8.127875197966347,8.453791627939767,7.726843255490557,9.61729220191197,7.865560079391582,9.073790400538254,8.263936042785645,11.807086308797201,16.58166682590611,29.120368057814886,17.34413545740253,28.35789942631847,20.071022351582847,25.63101253213815,16.939350479929836,28.762684403791162
REALV6R_0303,Cassava::RealV6_木薯_sample1,Cassava,木薯,1,3,growing,50.0,2.6211,45.702034883721,45.702034883721,7.872625389520481,9.83517666666666,27.994232827533857,17.70780205618714,17.43620422102209,0.0524219999999999,0.91404069767442,10.897627638138806,3.834268055396589,19.46892526038686,6.237839075197436,8.526954332150623,,87.37,9.51,10.884743046812408,0.012884591326399,CONSISTENT,50.0±1.7 kg,75.0,广西南宁,木薯论文 表2-2,MISSING_IN_TARGET__IMPUTED_906_TRAINING_MEDIAN,REPORTED_INITIAL_BW__NOT_DMI_BACKCALCULATION,RETROSPECTIVE_PRE_FN_UN_LAB_INFORMATION,TARGET_DM_CP_N_HARMONIZED_AND_CHEMISTRY_CROSSCHECKED,0.0,8.127875197966347,8.453791627939767,7.726843255490557,9.61729220191197,7.865560079391582,9.073790400538254,8.263936042785645,11.807086308797201,16.58166682590611,29.120368057814886,17.34413545740253,28.35789942631847,20.071022351582847,25.63101253213815,16.939350479929836,28.762684403791162
REALV6R_0304,Cassava::RealV6_木薯_sample1,Cassava,木薯,1,4,growing,50.0,2.6211,45.702034883721,45.702034883721,6.600335928978653,9.15223333333334,29.949465621409004,15.752569262311992,17.43620422102209,0.0524219999999999,0.91404069767442,10.897627638138806,3.834268055396589,19.46892526038686,6.237839075197436,8.526954332150623,,87.37,9.51,10.884743046812408,0.012884591326399,CONSISTENT,50.0±1.7 kg,75.0,广西南宁,木薯论文 表2-2,MISSING_IN_TARGET__IMPUTED_906_TRAINING_MEDIAN,REPORTED_INITIAL_BW__NOT_DMI_BACKCALCULATION,RETROSPECTIVE_PRE_FN_UN_LAB_INFORMATION,TARGET_DM_CP_N_HARMONIZED_AND_CHEMISTRY_CROSSCHECKED,3.552713678800501e-15,8.127875197966347,8.453791627939767,7.726843255490557,9.61729220191197,7.865560079391582,9.073790400538254,8.263936042785645,11.807086308797201,16.58166682590611,29.120368057814886,17.34413545740253,28.35789942631847,20.071022351582847,25.63101253213815,16.939350479929836,28.762684403791162
REALV6R_0305,Cassava::RealV6_木薯_sample1,Cassava,木薯,1,5,growing,50.0,2.6211,45.702034883721,45.702034883721,7.243731819998114,3.154338333333329,35.30396473038955,10.398070153331442,17.43620422102209,0.0524219999999999,0.91404069767442,10.897627638138806,3.834268055396589,19.46892526038686,6.237839075197436,8.526954332150623,,87.37,9.51,10.884743046812408,0.012884591326399,CONSISTENT,50.0±1.7 kg,75.0,广西南宁,木薯论文 表2-2,MISSING_IN_TARGET__IMPUTED_906_TRAINING_MEDIAN,REPORTED_INITIAL_BW__NOT_DMI_BACKCALCULATION,RETROSPECTIVE_PRE_FN_UN_LAB_INFORMATION,TARGET_DM_CP_N_HARMONIZED_AND_CHEMISTRY_CROSSCHECKED,0.0,8.127875197966347,8.453791627939767,7.726843255490557,9.61729220191197,7.865560079391582,9.073790400538254,8.263936042785645,11.807086308797201,16.58166682590611,29.120368057814886,17.34413545740253,28.35789942631847,20.071022351582847,25.63101253213815,16.939350479929836,28.762684403791162
REALV6R_0306,Cassava::RealV6_木薯_sample1,Cassava,木薯,1,6,growing,50.0,2.6211,45.702034883721,45.702034883721,5.973343170529984,4.30146,35.42723171319101,10.274803170529983,17.43620422102209,0.0524219999999999,0.91404069767442,10.897627638138806,3.834268055396589,19.46892526038686,6.237839075197436,8.526954332150623,,87.37,9.51,10.884743046812408,0.012884591326399,CONSISTENT,50.0±1.7 kg,75.0,广西南宁,木薯论文 表2-2,MISSING_IN_TARGET__IMPUTED_906_TRAINING_MEDIAN,REPORTED_INITIAL_BW__NOT_DMI_BACKCALCULATION,RETROSPECTIVE_PRE_FN_UN_LAB_INFORMATION,TARGET_DM_CP_N_HARMONIZED_AND_CHEMISTRY_CROSSCHECKED,0.0,8.127875197966347,8.453791627939767,7.726843255490557,9.61729220191197,7.865560079391582,9.073790400538254,8.263936042785645,11.807086308797201,16.58166682590611,29.120368057814886,17.34413545740253,28.35789942631847,20.071022351582847,25.63101253213815,16.939350479929836,28.762684403791162
REALV6R_0307,Cassava::RealV6_木薯_sample2,Cassava,木薯,2,1,growing,50.0,2.6208,45.36693741041579,45.36693741041579,5.574360815481892,15.6402,24.15237659493389,21.21456081548189,17.310339366001138,0.052416,0.9073387482083156,10.818962103750714,2.4725274725274726,21.0279304029304,5.883699633699633,6.066849816849817,,87.36,9.44,10.805860805860805,0.0131012978899089,CONSISTENT,50.0±1.7 kg,75.0,广西梧州,木薯论文 表2-2,MISSING_IN_TARGET__IMPUTED_906_TRAINING_MEDIAN,REPORTED_INITIAL_BW__NOT_DMI_BACKCALCULATION,RETROSPECTIVE_PRE_FN_UN_LAB_INFORMATION,TARGET_DM_CP_N_HARMONIZED_AND_CHEMISTRY_CROSSCHECKED,-3.552713678800501e-15,8.212997686113026,8.28650275973882,7.06373846868432,9.478467450429054,7.461266873769684,8.921669309494503,8.041551272074381,12.516256332397461,16.499500445851844,28.867436964563943,16.542205919113375,28.824731491302412,20.55780760447184,24.809129805943947,16.382936183264185,28.9840012271516
REALV6R_0308,Cassava::RealV6_木薯_sample2,Cassava,木薯,2,2,growing,50.0,2.6208,45.36693741041579,45.36693741041579,9.09710893271712,26.30214166666665,9.967686811032015,35.39925059938377,17.310339366001138,0.052416,0.9073387482083156,10.818962103750714,2.4725274725274726,21.0279304029304,5.883699633699633,6.066849816849817,,87.36,9.44,10.805860805860805,0.0131012978899089,CONSISTENT,50.0±1.7 kg,75.0,广西梧州,木薯论文 表2-2,MISSING_IN_TARGET__IMPUTED_906_TRAINING_MEDIAN,REPORTED_INITIAL_BW__NOT_DMI_BACKCALCULATION,RETROSPECTIVE_PRE_FN_UN_LAB_INFORMATION,TARGET_DM_CP_N_HARMONIZED_AND_CHEMISTRY_CROSSCHECKED,0.0,8.212997686113026,8.28650275973882,7.06373846868432,9.478467450429054,7.461266873769684,8.921669309494503,8.041551272074381,12.516256332397461,16.499500445851844,28.867436964563943,16.542205919113375,28.824731491302412,20.55780760447184,24.809129805943947,16.382936183264185,28.9840012271516
REALV6R_0309,Cassava::RealV6_木薯_sample2,Cassava,木薯,2,3,growing,50.0,2.6208,45.36693741041579,45.36693741041579,7.568962344162347,13.63471666666667,24.16325839958677,21.203679010829017,17.310339366001138,0.052416,0.9073387482083156,10.818962103750714,2.4725274725274726,21.0279304029304,5.883699633699633,6.066849816849817,,87.36,9.44,10.805860805860805,0.0131012978899089,CONSISTENT,50.0±1.7 kg,75.0,广西梧州,木薯论文 表2-2,MISSING_IN_TARGET__IMPUTED_906_TRAINING_MEDIAN,REPORTED_INITIAL_BW__NOT_DMI_BACKCALCULATION,RETROSPECTIVE_PRE_FN_UN_LAB_INFORMATION,TARGET_DM_CP_N_HARMONIZED_AND_CHEMISTRY_CROSSCHECKED,3.552713678800501e-15,8.212997686113026,8.28650275973882,7.06373846868432,9.478467450429054,7.461266873769684,8.921669309494503,8.041551272074381,12.516256332397461,16.499500445851844,28.867436964563943,16.542205919113375,28.824731491302412,20.55780760447184,24.809129805943947,16.382936183264185,28.9840012271516
REALV6R_0310,Cassava::RealV6_木薯_sample2,Cassava,木薯,2,4,growing,50.0,2.6208,45.36693741041579,45.36693741041579,8.170906795109865,11.00546416666666,26.19056644863926,19.176370961776527,17.310339366001138,0.052416,0.9073387482083156,10.818962103750714,2.4725274725274726,21.0279304029304,5.883699633699633,6.066849816849817,,87.36,9.44,10.805860805860805,0.0131012978899089,CONSISTENT,50.0±1.7 kg,75.0,广西梧州,木薯论文 表2-2,MISSING_IN_TARGET__IMPUTED_906_TRAINING_MEDIAN,REPORTED_INITIAL_BW__NOT_DMI_BACKCALCULATION,RETROSPECTIVE_PRE_FN_UN_LAB_INFORMATION,TARGET_DM_CP_N_HARMONIZED_AND_CHEMISTRY_CROSSCHECKED,0.0,8.212997686113026,8.28650275973882,7.06373846868432,9.478467450429054,7.461266873769684,8.921669309494503,8.041551272074381,12.516256332397461,16.499500445851844,28.867436964563943,16.542205919113375,28.824731491302412,20.55780760447184,24.809129805943947,16.382936183264185,28.9840012271516
REALV6R_0311,Cassava::RealV6_木薯_sample2,Cassava,木薯,2,5,growing,50.0,2.6208,45.36693741041579,45.36693741041579,7.65368783425541,15.60817166666668,22.105077909493698,23.26185950092209,17.310339366001138,0.052416,0.9073387482083156,10.818962103750714,2.4725274725274726,21.0279304029304,5.883699633699633,6.066849816849817,,87.36,9.44,10.805860805860805,0.0131012978899089,CONSISTENT,50.0±1.7 kg,75.0,广西梧州,木薯论文 表2-2,MISSING_IN_TARGET__IMPUTED_906_TRAINING_MEDIAN,REPORTED_INITIAL_BW__NOT_DMI_BACKCALCULATION,RETROSPECTIVE_PRE_FN_UN_LAB_INFORMATION,TARGET_DM_CP_N_HARMONIZED_AND_CHEMISTRY_CROSSCHECKED,3.552713678800501e-15,8.212997686113026,8.28650275973882,7.06373846868432,9.478467450429054,7.461266873769684,8.921669309494503,8.041551272074381,12.516256332397461,16.499500445851844,28.867436964563943,16.542205919113375,28.824731491302412,20.55780760447184,24.809129805943947,16.382936183264185,28.9840012271516
REALV6R_0312,Cassava::RealV6_木薯_sample2,Cassava,木薯,2,6,growing,50.0,2.6208,45.36693741041579,45.36693741041579,8.333400455048638,22.4808266666667,14.552710288700446,30.81422712171534,17.310339366001138,0.052416,0.9073387482083156,10.818962103750714,2.4725274725274726,21.0279304029304,5.883699633699633,6.066849816849817,,87.36,9.44,10.805860805860805,0.0131012978899089,CONSISTENT,50.0±1.7 kg,75.0,广西梧州,木薯论文 表2-2,MISSING_IN_TARGET__IMPUTED_906_TRAINING_MEDIAN,REPORTED_INITIAL_BW__NOT_DMI_BACKCALCULATION,RETROSPECTIVE_PRE_FN_UN_LAB_INFORMATION,TARGET_DM_CP_N_HARMONIZED_AND_CHEMISTRY_CROSSCHECKED,0.0,8.212997686113026,8.28650275973882,7.06373846868432,9.478467450429054,7.461266873769684,8.921669309494503,8.041551272074381,12.516256332397461,16.499500445851844,28.867436964563943,16.542205919113375,28.824731491302412,20.55780760447184,24.809129805943947,16.382936183264185,28.9840012271516
REALV6R_0313,Cassava::RealV6_木薯_sample3,Cassava,木薯,3,1,growing,50.0,2.29892,46.57069970845474,46.57069970845474,7.888160145428512,7.200674166666663,31.481865396359566,15.088834312095177,20.257642592371525,0.0459783999999999,0.9314139941690948,12.6610266202322,0.7011988237955213,20.25559828093192,5.34946844605293,6.175073512779914,,88.42,11.18,12.644198145216016,0.0168284750161866,CONSISTENT,50.0±1.7 kg,65.0,广西贵港,木薯论文 表2-2,MISSING_IN_TARGET__IMPUTED_906_TRAINING_MEDIAN,REPORTED_INITIAL_BW__NOT_DMI_BACKCALCULATION,RETROSPECTIVE_PRE_FN_UN_LAB_INFORMATION,TARGET_DM_CP_N_HARMONIZED_AND_CHEMISTRY_CROSSCHECKED,-3.552713678800501e-15,8.403740861867384,11.725447757804066,6.80852954396881,11.28664885182233,7.360312641603771,11.491623392597749,7.575575828552246,14.766724904378256,20.12918861967145,26.44151108878329,18.095178395791137,28.475521312663602,22.342300732930504,24.228398975524236,18.851936034201522,27.718763674253218
REALV6R_0314,Cassava::RealV6_木薯_sample3,Cassava,木薯,3,2,growing,50.0,2.29892,46.57069970845474,46.57069970845474,8.059111390767853,11.4556275,27.055960817686888,19.51473889076785,20.257642592371525,0.0459783999999999,0.9314139941690948,12.6610266202322,0.7011988237955213,20.25559828093192,5.34946844605293,6.175073512779914,,88.42,11.18,12.644198145216016,0.0168284750161866,CONSISTENT,50.0±1.7 kg,65.0,广西贵港,木薯论文 表2-2,MISSING_IN_TARGET__IMPUTED_906_TRAINING_MEDIAN,REPORTED_INITIAL_BW__NOT_DMI_BACKCALCULATION,RETROSPECTIVE_PRE_FN_UN_LAB_INFORMATION,TARGET_DM_CP_N_HARMONIZED_AND_CHEMISTRY_CROSSCHECKED,0.0,8.403740861867384,11.725447757804066,6.80852954396881,11.28664885182233,7.360312641603771,11.491623392597749,7.575575828552246,14.766724904378256,20.12918861967145,26.44151108878329,18.095178395791137,28.475521312663602,22.342300732930504,24.228398975524236,18.851936034201522,27.718763674253218
REALV6R_0315,Cassava::RealV6_木薯_sample3,Cassava,木薯,3,3,growing,50.0,2.29892,46.57069970845474,46.57069970845474,6.483146387089565,15.33369583333332,24.75385748803185,21.816842220422885,20.257642592371525,0.0459783999999999,0.9314139941690948,12.6610266202322,0.7011988237955213,20.25559828093192,5.34946844605293,6.175073512779914,,88.42,11.18,12.644198145216016,0.0168284750161866,CONSISTENT,50.0±1.7 kg,65.0,广西贵港,木薯论文 表2-2,MISSING_IN_TARGET__IMPUTED_906_TRAINING_MEDIAN,REPORTED_INITIAL_BW__NOT_DMI_BACKCALCULATION,RETROSPECTIVE_PRE_FN_UN_LAB_INFORMATION,TARGET_DM_CP_N_HARMONIZED_AND_CHEMISTRY_CROSSCHECKED,3.552713678800501e-15,8.403740861867384,11.725447757804066,6.80852954396881,11.28664885182233,7.360312641603771,11.491623392597749,7.575575828552246,14.766724904378256,20.12918861967145,26.44151108878329,18.095178395791137,28.475521312663602,22.342300732930504,24.228398975524236,18.851936034201522,27.718763674253218
REALV6R_0316,Cassava::RealV6_木薯_sample3,Cassava,木薯,3,4,growing,50.0,2.29892,46.57069970845474,46.57069970845474,5.906033641709795,12.33438333333332,28.33028273341162,18.24041697504312,20.257642592371525,0.0459783999999999,0.9314139941690948,12.6610266202322,0.7011988237955213,20.25559828093192,5.34946844605293,6.175073512779914,,88.42,11.18,12.644198145216016,0.0168284750161866,CONSISTENT,50.0±1.7 kg,65.0,广西贵港,木薯论文 表2-2,MISSING_IN_TARGET__IMPUTED_906_TRAINING_MEDIAN,REPORTED_INITIAL_BW__NOT_DMI_BACKCALCULATION,RETROSPECTIVE_PRE_FN_UN_LAB_INFORMATION,TARGET_DM_CP_N_HARMONIZED_AND_CHEMISTRY_CROSSCHECKED,0.0,8.403740861867384,11.725447757804066,6.80852954396881,11.28664885182233,7.360312641603771,11.491623392597749,7.575575828552246,14.766724904378256,20.12918861967145,26.44151108878329,18.095178395791137,28.475521312663602,22.342300732930504,24.228398975524236,18.851936034201522,27.718763674253218
REALV6R_0317,Cassava::RealV6_木薯_sample3,Cassava,木薯,3,5,growing,50.0,2.29892,46.57069970845474,46.57069970845474,6.651585859750259,8.66700833333333,31.25210551537115,15.31859419308359,20.257642592371525,0.0459783999999999,0.9314139941690948,12.6610266202322,0.7011988237955213,20.25559828093192,5.34946844605293,6.175073512779914,,88.42,11.18,12.644198145216016,0.0168284750161866,CONSISTENT,50.0±1.7 kg,65.0,广西贵港,木薯论文 表2-2,MISSING_IN_TARGET__IMPUTED_906_TRAINING_MEDIAN,REPORTED_INITIAL_BW__NOT_DMI_BACKCALCULATION,RETROSPECTIVE_PRE_FN_UN_LAB_INFORMATION,TARGET_DM_CP_N_HARMONIZED_AND_CHEMISTRY_CROSSCHECKED,7.105427357601002e-15,8.403740861867384,11.725447757804066,6.80852954396881,11.28664885182233,7.360312641603771,11.491623392597749,7.575575828552246,14.766724904378256,20.12918861967145,26.44151108878329,18.095178395791137,28.475521312663602,22.342300732930504,24.228398975524236,18.851936034201522,27.718763674253218
REALV6R_0318,Cassava::RealV6_木薯_sample3,Cassava,木薯,3,6,growing,50.0,2.29892,46.57069970845474,46.57069970845474,6.006025353285859,5.333365833333331,35.23130852183555,11.33939118661919,20.257642592371525,0.0459783999999999,0.9314139941690948,12.6610266202322,0.7011988237955213,20.25559828093192,5.34946844605293,6.175073512779914,,88.42,11.18,12.644198145216016,0.0168284750161866,CONSISTENT,50.0±1.7 kg,65.0,广西贵港,木薯论文 表2-2,MISSING_IN_TARGET__IMPUTED_906_TRAINING_MEDIAN,REPORTED_INITIAL_BW__NOT_DMI_BACKCALCULATION,RETROSPECTIVE_PRE_FN_UN_LAB_INFORMATION,TARGET_DM_CP_N_HARMONIZED_AND_CHEMISTRY_CROSSCHECKED,0.0,8.403740861867384,11.725447757804066,6.80852954396881,11.28664885182233,7.360312641603771,11.491623392597749,7.575575828552246,14.766724904378256,20.12918861967145,26.44151108878329,18.095178395791137,28.475521312663602,22.342300732930504,24.228398975524236,18.851936034201522,27.718763674253218
REALV6R_0319,Cassava::RealV6_木薯_sample4,Cassava,木薯,4,1,growing,50.0,2.25368,40.58591279348346,40.58591279348346,7.106549024163573,7.40155583333333,26.07780793598656,14.508104857496903,18.00872918670062,0.0450736,0.8117182558696692,11.25545574168789,3.576372865712967,20.41993539455468,5.34148592524227,6.0221504383940925,,86.68,9.74,11.236732810336871,0.0187229313510179,CONSISTENT,50.0±1.7 kg,65.0,广西百色,木薯论文 表2-2,MISSING_IN_TARGET__IMPUTED_906_TRAINING_MEDIAN,REPORTED_INITIAL_BW__NOT_DMI_BACKCALCULATION,RETROSPECTIVE_PRE_FN_UN_LAB_INFORMATION,TARGET_DM_CP_N_HARMONIZED_AND_CHEMISTRY_CROSSCHECKED,3.552713678800501e-15,7.784940920480882,8.675185750419868,7.351604169320801,9.006885625031693,7.5014952164763375,8.85193986617273,7.291076183319092,10.923657099405924,16.46012667090075,24.12578612258271,16.358489794352494,24.227422999130965,18.214733282725014,22.371179510758445,16.353435082649067,24.23247771083439
REALV6R_0320,Cassava::RealV6_木薯_sample4,Cassava,木薯,4,2,growing,50.0,2.25368,40.58591279348346,40.58591279348346,7.782919313858383,7.365564999999999,25.43742847962508,15.148484313858384,18.00872918670062,0.0450736,0.8117182558696692,11.25545574168789,3.576372865712967,20.41993539455468,5.34148592524227,6.0221504383940925,,86.68,9.74,11.236732810336871,0.0187229313510179,CONSISTENT,50.0±1.7 kg,65.0,广西百色,木薯论文 表2-2,MISSING_IN_TARGET__IMPUTED_906_TRAINING_MEDIAN,REPORTED_INITIAL_BW__NOT_DMI_BACKCALCULATION,RETROSPECTIVE_PRE_FN_UN_LAB_INFORMATION,TARGET_DM_CP_N_HARMONIZED_AND_CHEMISTRY_CROSSCHECKED,-3.552713678800501e-15,7.784940920480882,8.675185750419868,7.351604169320801,9.006885625031693,7.5014952164763375,8.85193986617273,7.291076183319092,10.923657099405924,16.46012667090075,24.12578612258271,16.358489794352494,24.227422999130965,18.214733282725014,22.371179510758445,16.353435082649067,24.23247771083439
REALV6R_0321,Cassava::RealV6_木薯_sample4,Cassava,木薯,4,3,growing,50.0,2.25368,40.58591279348346,40.58591279348346,7.337094559955764,12.20892499999999,21.039893233527707,19.546019559955752,18.00872918670062,0.0450736,0.8117182558696692,11.25545574168789,3.576372865712967,20.41993539455468,5.34148592524227,6.0221504383940925,,86.68,9.74,11.236732810336871,0.0187229313510179,CONSISTENT,50.0±1.7 kg,65.0,广西百色,木薯论文 表2-2,MISSING_IN_TARGET__IMPUTED_906_TRAINING_MEDIAN,REPORTED_INITIAL_BW__NOT_DMI_BACKCALCULATION,RETROSPECTIVE_PRE_FN_UN_LAB_INFORMATION,TARGET_DM_CP_N_HARMONIZED_AND_CHEMISTRY_CROSSCHECKED,-3.552713678800501e-15,7.784940920480882,8.675185750419868,7.351604169320801,9.006885625031693,7.5014952164763375,8.85193986617273,7.291076183319092,10.923657099405924,16.46012667090075,24.12578612258271,16.358489794352494,24.227422999130965,18.214733282725014,22.371179510758445,16.353435082649067,24.23247771083439
REALV6R_0322,Cassava::RealV6_木薯_sample4,Cassava,木薯,4,4,growing,50.0,2.25368,40.58591279348346,40.58591279348346,9.061461672475934,24.35135250000003,7.173098621007497,33.41281417247596,18.00872918670062,0.0450736,0.8117182558696692,11.25545574168789,3.576372865712967,20.41993539455468,5.34148592524227,6.0221504383940925,,86.68,9.74,11.236732810336871,0.0187229313510179,CONSISTENT,50.0±1.7 kg,65.0,广西百色,木薯论文 表2-2,MISSING_IN_TARGET__IMPUTED_906_TRAINING_MEDIAN,REPORTED_INITIAL_BW__NOT_DMI_BACKCALCULATION,RETROSPECTIVE_PRE_FN_UN_LAB_INFORMATION,TARGET_DM_CP_N_HARMONIZED_AND_CHEMISTRY_CROSSCHECKED,-3.552713678800501e-15,7.784940920480882,8.675185750419868,7.351604169320801,9.006885625031693,7.5014952164763375,8.85193986617273,7.291076183319092,10.923657099405924,16.46012667090075,24.12578612258271,16.358489794352494,24.227422999130965,18.214733282725014,22.371179510758445,16.353435082649067,24.23247771083439
REALV6R_0323,Cassava::RealV6_木薯_sample4,Cassava,木薯,4,5,growing,50.0,2.25368,40.58591279348346,40.58591279348346,5.981107765170196,11.29762499999999,23.307180028313272,17.278732765170187,18.00872918670062,0.0450736,0.8117182558696692,11.25545574168789,3.576372865712967,20.41993539455468,5.34148592524227,6.0221504383940925,,86.68,9.74,11.236732810336871,0.0187229313510179,CONSISTENT,50.0±1.7 kg,65.0,广西百色,木薯论文 表2-2,MISSING_IN_TARGET__IMPUTED_906_TRAINING_MEDIAN,REPORTED_INITIAL_BW__NOT_DMI_BACKCALCULATION,RETROSPECTIVE_PRE_FN_UN_LAB_INFORMATION,TARGET_DM_CP_N_HARMONIZED_AND_CHEMISTRY_CROSSCHECKED,3.552713678800501e-15,7.784940920480882,8.675185750419868,7.351604169320801,9.006885625031693,7.5014952164763375,8.85193986617273,7.291076183319092,10.923657099405924,16.46012667090075,24.12578612258271,16.358489794352494,24.227422999130965,18.214733282725014,22.371179510758445,16.353435082649067,24.23247771083439
REALV6R_0324,Cassava::RealV6_木薯_sample4,Cassava,木薯,4,6,growing,50.0,2.25368,40.58591279348346,40.58591279348346,8.075596930251892,15.19264000000001,17.317675863231557,23.268236930251906,18.00872918670062,0.0450736,0.8117182558696692,11.25545574168789,3.576372865712967,20.41993539455468,5.34148592524227,6.0221504383940925,,86.68,9.74,11.236732810336871,0.0187229313510179,CONSISTENT,50.0±1.7 kg,65.0,广西百色,木薯论文 表2-2,MISSING_IN_TARGET__IMPUTED_906_TRAINING_MEDIAN,REPORTED_INITIAL_BW__NOT_DMI_BACKCALCULATION,RETROSPECTIVE_PRE_FN_UN_LAB_INFORMATION,TARGET_DM_CP_N_HARMONIZED_AND_CHEMISTRY_CROSSCHECKED,0.0,7.784940920480882,8.675185750419868,7.351604169320801,9.006885625031693,7.5014952164763375,8.85193986617273,7.291076183319092,10.923657099405924,16.46012667090075,24.12578612258271,16.358489794352494,24.227422999130965,18.214733282725014,22.371179510758445,16.353435082649067,24.23247771083439
REALV6R_0325,Cassava::RealV6_木薯_sample5,Cassava,木薯,5,1,growing,50.0,2.25316,46.026605944391285,46.026605944391285,7.182071313973954,13.97728000000001,24.86725463041732,21.159351313973964,20.42757990750381,0.0450632,0.9205321188878256,12.767237442189884,1.1423955688899148,19.66305100392338,5.6542810985460425,6.173551811677822,,86.66,11.05,12.75098084468036,0.0162565975095212,CONSISTENT,50.0±1.7 kg,65.0,广西玉林,木薯论文 表2-2,MISSING_IN_TARGET__IMPUTED_906_TRAINING_MEDIAN,REPORTED_INITIAL_BW__NOT_DMI_BACKCALCULATION,RETROSPECTIVE_PRE_FN_UN_LAB_INFORMATION,TARGET_DM_CP_N_HARMONIZED_AND_CHEMISTRY_CROSSCHECKED,0.0,8.290850575364445,11.80202343420886,6.756637099493645,10.760777852821732,7.287321062584181,11.247171123109752,7.534670511881511,14.311979293823242,20.092874009573304,25.93373193481798,17.517414952315377,28.509190992075908,21.846649805704754,24.17995613868653,18.53449218569393,27.492113758697354
REALV6R_0326,Cassava::RealV6_木薯_sample5,Cassava,木薯,5,2,growing,50.0,2.25316,46.026605944391285,46.026605944391285,8.068503806464058,18.52272,19.435382137927228,26.591223806464058,20.42757990750381,0.0450632,0.9205321188878256,12.767237442189884,1.1423955688899148,19.66305100392338,5.6542810985460425,6.173551811677822,,86.66,11.05,12.75098084468036,0.0162565975095212,CONSISTENT,50.0±1.7 kg,65.0,广西玉林,木薯论文 表2-2,MISSING_IN_TARGET__IMPUTED_906_TRAINING_MEDIAN,REPORTED_INITIAL_BW__NOT_DMI_BACKCALCULATION,RETROSPECTIVE_PRE_FN_UN_LAB_INFORMATION,TARGET_DM_CP_N_HARMONIZED_AND_CHEMISTRY_CROSSCHECKED,0.0,8.290850575364445,11.80202343420886,6.756637099493645,10.760777852821732,7.287321062584181,11.247171123109752,7.534670511881511,14.311979293823242,20.092874009573304,25.93373193481798,17.517414952315377,28.509190992075908,21.846649805704754,24.17995613868653,18.53449218569393,27.492113758697354
REALV6R_0327,Cassava::RealV6_木薯_sample5,Cassava,木薯,5,3,growing,50.0,2.25316,46.026605944391285,46.026605944391285,6.67014725257884,14.68262999999998,24.673828691812467,21.352777252578814,20.42757990750381,0.0450632,0.9205321188878256,12.767237442189884,1.1423955688899148,19.66305100392338,5.6542810985460425,6.173551811677822,,86.66,11.05,12.75098084468036,0.0162565975095212,CONSISTENT,50.0±1.7 kg,65.0,广西玉林,木薯论文 表2-2,MISSING_IN_TARGET__IMPUTED_906_TRAINING_MEDIAN,REPORTED_INITIAL_BW__NOT_DMI_BACKCALCULATION,RETROSPECTIVE_PRE_FN_UN_LAB_INFORMATION,TARGET_DM_CP_N_HARMONIZED_AND_CHEMISTRY_CROSSCHECKED,0.0,8.290850575364445,11.80202343420886,6.756637099493645,10.760777852821732,7.287321062584181,11.247171123109752,7.534670511881511,14.311979293823242,20.092874009573304,25.93373193481798,17.517414952315377,28.509190992075908,21.846649805704754,24.17995613868653,18.53449218569393,27.492113758697354
REALV6R_0328,Cassava::RealV6_木薯_sample5,Cassava,木薯,5,4,growing,50.0,2.25316,46.026605944391285,46.026605944391285,5.651667329825911,20.06637499999999,20.308563614565383,25.718042329825906,20.42757990750381,0.0450632,0.9205321188878256,12.767237442189884,1.1423955688899148,19.66305100392338,5.6542810985460425,6.173551811677822,,86.66,11.05,12.75098084468036,0.0162565975095212,CONSISTENT,50.0±1.7 kg,65.0,广西玉林,木薯论文 表2-2,MISSING_IN_TARGET__IMPUTED_906_TRAINING_MEDIAN,REPORTED_INITIAL_BW__NOT_DMI_BACKCALCULATION,RETROSPECTIVE_PRE_FN_UN_LAB_INFORMATION,TARGET_DM_CP_N_HARMONIZED_AND_CHEMISTRY_CROSSCHECKED,0.0,8.290850575364445,11.80202343420886,6.756637099493645,10.760777852821732,7.287321062584181,11.247171123109752,7.534670511881511,14.311979293823242,20.092874009573304,25.93373193481798,17.517414952315377,28.509190992075908,21.846649805704754,24.17995613868653,18.53449218569393,27.492113758697354
REALV6R_0329,Cassava::RealV6_木薯_sample5,Cassava,木薯,5,5,growing,50.0,2.25316,46.026605944391285,46.026605944391285,5.00126145273702,19.32677416666666,21.698570324987607,24.32803561940368,20.42757990750381,0.0450632,0.9205321188878256,12.767237442189884,1.1423955688899148,19.66305100392338,5.6542810985460425,6.173551811677822,,86.66,11.05,12.75098084468036,0.0162565975095212,CONSISTENT,50.0±1.7 kg,65.0,广西玉林,木薯论文 表2-2,MISSING_IN_TARGET__IMPUTED_906_TRAINING_MEDIAN,REPORTED_INITIAL_BW__NOT_DMI_BACKCALCULATION,RETROSPECTIVE_PRE_FN_UN_LAB_INFORMATION,TARGET_DM_CP_N_HARMONIZED_AND_CHEMISTRY_CROSSCHECKED,0.0,8.290850575364445,11.80202343420886,6.756637099493645,10.760777852821732,7.287321062584181,11.247171123109752,7.534670511881511,14.311979293823242,20.092874009573304,25.93373193481798,17.517414952315377,28.509190992075908,21.846649805704754,24.17995613868653,18.53449218569393,27.492113758697354
REALV6R_0330,Cassava::RealV6_木薯_sample5,Cassava,木薯,5,6,growing,50.0,2.25316,46.026605944391285,46.026605944391285,5.789640832572758,11.595525,28.641440111818525,17.38516583257276,20.42757990750381,0.0450632,0.9205321188878256,12.767237442189884,1.1423955688899148,19.66305100392338,5.6542810985460425,6.173551811677822,,86.66,11.05,12.75098084468036,0.0162565975095212,CONSISTENT,50.0±1.7 kg,65.0,广西玉林,木薯论文 表2-2,MISSING_IN_TARGET__IMPUTED_906_TRAINING_MEDIAN,REPORTED_INITIAL_BW__NOT_DMI_BACKCALCULATION,RETROSPECTIVE_PRE_FN_UN_LAB_INFORMATION,TARGET_DM_CP_N_HARMONIZED_AND_CHEMISTRY_CROSSCHECKED,0.0,8.290850575364445,11.80202343420886,6.756637099493645,10.760777852821732,7.287321062584181,11.247171123109752,7.534670511881511,14.311979293823242,20.092874009573304,25.93373193481798,17.517414952315377,28.509190992075908,21.846649805704754,24.17995613868653,18.53449218569393,27.492113758697354
REALV6R_0331,Cassava::RealV6_木薯_sample6,Cassava,木薯,6,1,growing,50.0,2.2581,32.10047869794168,32.10047869794168,6.353748180428146,13.154275,12.592455517513535,19.508023180428147,14.215702890900175,0.0451619999999999,0.6420095739588336,8.88481430681261,2.567645365572827,19.52792170408751,5.031663788140473,5.860679332181923,,86.85,7.7,8.865860679332183,0.0189536274804265,CONSISTENT,50.0±1.7 kg,65.0,广西来宾,木薯论文 表2-2,MISSING_IN_TARGET__IMPUTED_906_TRAINING_MEDIAN,REPORTED_INITIAL_BW__NOT_DMI_BACKCALCULATION,RETROSPECTIVE_PRE_FN_UN_LAB_INFORMATION,TARGET_DM_CP_N_HARMONIZED_AND_CHEMISTRY_CROSSCHECKED,1.7763568394002505e-15,6.487235198386426,4.6791911740978565,5.721723004851811,8.866384473037153,5.986513433985865,6.910436060477255,6.199263413747151,8.60756778717041,11.166426372484281,20.9340523254574,14.588107477888965,17.512371220052717,14.80683120091756,17.29364749702412,12.89694949446312,19.20352920347856
REALV6R_0332,Cassava::RealV6_木薯_sample6,Cassava,木薯,6,2,growing,50.0,2.2581,32.10047869794168,32.10047869794168,6.987607486362327,12.9025125,12.210358711579351,19.89011998636233,14.215702890900175,0.0451619999999999,0.6420095739588336,8.88481430681261,2.567645365572827,19.52792170408751,5.031663788140473,5.860679332181923,,86.85,7.7,8.865860679332183,0.0189536274804265,CONSISTENT,50.0±1.7 kg,65.0,广西来宾,木薯论文 表2-2,MISSING_IN_TARGET__IMPUTED_906_TRAINING_MEDIAN,REPORTED_INITIAL_BW__NOT_DMI_BACKCALCULATION,RETROSPECTIVE_PRE_FN_UN_LAB_INFORMATION,TARGET_DM_CP_N_HARMONIZED_AND_CHEMISTRY_CROSSCHECKED,0.0,6.487235198386426,4.6791911740978565,5.721723004851811,8.866384473037153,5.986513433985865,6.910436060477255,6.199263413747151,8.60756778717041,11.166426372484281,20.9340523254574,14.588107477888965,17.512371220052717,14.80683120091756,17.29364749702412,12.89694949446312,19.20352920347856
REALV6R_0333,Cassava::RealV6_木薯_sample6,Cassava,木薯,6,3,growing,50.0,2.2581,32.10047869794168,32.10047869794168,7.775065981632678,5.1853125,19.140100216309005,12.960378481632675,14.215702890900175,0.0451619999999999,0.6420095739588336,8.88481430681261,2.567645365572827,19.52792170408751,5.031663788140473,5.860679332181923,,86.85,7.7,8.865860679332183,0.0189536274804265,CONSISTENT,50.0±1.7 kg,65.0,广西来宾,木薯论文 表2-2,MISSING_IN_TARGET__IMPUTED_906_TRAINING_MEDIAN,REPORTED_INITIAL_BW__NOT_DMI_BACKCALCULATION,RETROSPECTIVE_PRE_FN_UN_LAB_INFORMATION,TARGET_DM_CP_N_HARMONIZED_AND_CHEMISTRY_CROSSCHECKED,-3.552713678800501e-15,6.487235198386426,4.6791911740978565,5.721723004851811,8.866384473037153,5.986513433985865,6.910436060477255,6.199263413747151,8.60756778717041,11.166426372484281,20.9340523254574,14.588107477888965,17.512371220052717,14.80683120091756,17.29364749702412,12.89694949446312,19.20352920347856
REALV6R_0334,Cassava::RealV6_木薯_sample6,Cassava,木薯,6,4,growing,50.0,2.2581,32.10047869794168,32.10047869794168,8.117528460367495,15.33105,8.65190023757419,23.448578460367493,14.215702890900175,0.0451619999999999,0.6420095739588336,8.88481430681261,2.567645365572827,19.52792170408751,5.031663788140473,5.860679332181923,,86.85,7.7,8.865860679332183,0.0189536274804265,CONSISTENT,50.0±1.7 kg,65.0,广西来宾,木薯论文 表2-2,MISSING_IN_TARGET__IMPUTED_906_TRAINING_MEDIAN,REPORTED_INITIAL_BW__NOT_DMI_BACKCALCULATION,RETROSPECTIVE_PRE_FN_UN_LAB_INFORMATION,TARGET_DM_CP_N_HARMONIZED_AND_CHEMISTRY_CROSSCHECKED,-1.7763568394002505e-15,6.487235198386426,4.6791911740978565,5.721723004851811,8.866384473037153,5.986513433985865,6.910436060477255,6.199263413747151,8.60756778717041,11.166426372484281,20.9340523254574,14.588107477888965,17.512371220052717,14.80683120091756,17.29364749702412,12.89694949446312,19.20352920347856
REALV6R_0335,Cassava::RealV6_木薯_sample6,Cassava,木薯,6,5,growing,50.0,2.2581,32.10047869794168,32.10047869794168,6.873905188868998,13.96753333333335,11.259040175739331,20.84143852220235,14.215702890900175,0.0451619999999999,0.6420095739588336,8.88481430681261,2.567645365572827,19.52792170408751,5.031663788140473,5.860679332181923,,86.85,7.7,8.865860679332183,0.0189536274804265,CONSISTENT,50.0±1.7 kg,65.0,广西来宾,木薯论文 表2-2,MISSING_IN_TARGET__IMPUTED_906_TRAINING_MEDIAN,REPORTED_INITIAL_BW__NOT_DMI_BACKCALCULATION,RETROSPECTIVE_PRE_FN_UN_LAB_INFORMATION,TARGET_DM_CP_N_HARMONIZED_AND_CHEMISTRY_CROSSCHECKED,0.0,6.487235198386426,4.6791911740978565,5.721723004851811,8.866384473037153,5.986513433985865,6.910436060477255,6.199263413747151,8.60756778717041,11.166426372484281,20.9340523254574,14.588107477888965,17.512371220052717,14.80683120091756,17.29364749702412,12.89694949446312,19.20352920347856
REALV6R_0336,Cassava::RealV6_木薯_sample6,Cassava,木薯,6,6,growing,50.0,2.2581,32.10047869794168,32.10047869794168,7.162139098272394,11.300835,13.637504599669288,18.462974098272397,14.215702890900175,0.0451619999999999,0.6420095739588336,8.88481430681261,2.567645365572827,19.52792170408751,5.031663788140473,5.860679332181923,,86.85,7.7,8.865860679332183,0.0189536274804265,CONSISTENT,50.0±1.7 kg,65.0,广西来宾,木薯论文 表2-2,MISSING_IN_TARGET__IMPUTED_906_TRAINING_MEDIAN,REPORTED_INITIAL_BW__NOT_DMI_BACKCALCULATION,RETROSPECTIVE_PRE_FN_UN_LAB_INFORMATION,TARGET_DM_CP_N_HARMONIZED_AND_CHEMISTRY_CROSSCHECKED,0.0,6.487235198386426,4.6791911740978565,5.721723004851811,8.866384473037153,5.986513433985865,6.910436060477255,6.199263413747151,8.60756778717041,11.166426372484281,20.9340523254574,14.588107477888965,17.512371220052717,14.80683120091756,17.29364749702412,12.89694949446312,19.20352920347856
REALV6R_0337,Cassava::RealV6_木薯_sample7,Cassava,木薯,7,1,growing,50.0,2.2607,37.216039603960354,37.216039603960354,7.906893591054614,10.1632,19.14594601290574,18.07009359105461,16.46217525720368,0.045214,0.7443207920792071,10.2888595357523,0.5635422656699252,21.426106958021848,6.35997699827487,5.3824036802760205,,86.95,8.93,10.27027027027027,0.0185892654820296,CONSISTENT,50.0±1.7 kg,65.0,柬埔寨,木薯论文 表2-2,MISSING_IN_TARGET__IMPUTED_906_TRAINING_MEDIAN,REPORTED_INITIAL_BW__NOT_DMI_BACKCALCULATION,RETROSPECTIVE_PRE_FN_UN_LAB_INFORMATION,TARGET_DM_CP_N_HARMONIZED_AND_CHEMISTRY_CROSSCHECKED,0.0,7.318163621895163,7.313780535470115,6.3598638398487815,10.928696425480778,6.691339435757311,9.24007388245296,6.623097101847331,10.561755180358887,14.631944157365279,22.584095446595075,17.288560265329558,19.927479338630796,17.18485228220622,20.031187321754135,15.931413318210272,21.284626285750083
REALV6R_0338,Cassava::RealV6_木薯_sample7,Cassava,木薯,7,2,growing,50.0,2.2607,37.216039603960354,37.216039603960354,7.894006832068228,7.834249999999992,21.48778277189213,15.72825683206822,16.46217525720368,0.045214,0.7443207920792071,10.2888595357523,0.5635422656699252,21.426106958021848,6.35997699827487,5.3824036802760205,,86.95,8.93,10.27027027027027,0.0185892654820296,CONSISTENT,50.0±1.7 kg,65.0,柬埔寨,木薯论文 表2-2,MISSING_IN_TARGET__IMPUTED_906_TRAINING_MEDIAN,REPORTED_INITIAL_BW__NOT_DMI_BACKCALCULATION,RETROSPECTIVE_PRE_FN_UN_LAB_INFORMATION,TARGET_DM_CP_N_HARMONIZED_AND_CHEMISTRY_CROSSCHECKED,0.0,7.318163621895163,7.313780535470115,6.3598638398487815,10.928696425480778,6.691339435757311,9.24007388245296,6.623097101847331,10.561755180358887,14.631944157365279,22.584095446595075,17.288560265329558,19.927479338630796,17.18485228220622,20.031187321754135,15.931413318210272,21.284626285750083
REALV6R_0339,Cassava::RealV6_木薯_sample7,Cassava,木薯,7,3,growing,50.0,2.2607,37.216039603960354,37.216039603960354,6.560015984786673,8.33151,22.324513619173683,14.891525984786671,16.46217525720368,0.045214,0.7443207920792071,10.2888595357523,0.5635422656699252,21.426106958021848,6.35997699827487,5.3824036802760205,,86.95,8.93,10.27027027027027,0.0185892654820296,CONSISTENT,50.0±1.7 kg,65.0,柬埔寨,木薯论文 表2-2,MISSING_IN_TARGET__IMPUTED_906_TRAINING_MEDIAN,REPORTED_INITIAL_BW__NOT_DMI_BACKCALCULATION,RETROSPECTIVE_PRE_FN_UN_LAB_INFORMATION,TARGET_DM_CP_N_HARMONIZED_AND_CHEMISTRY_CROSSCHECKED,-3.552713678800501e-15,7.318163621895163,7.313780535470115,6.3598638398487815,10.928696425480778,6.691339435757311,9.24007388245296,6.623097101847331,10.561755180358887,14.631944157365279,22.584095446595075,17.288560265329558,19.927479338630796,17.18485228220622,20.031187321754135,15.931413318210272,21.284626285750083
REALV6R_0340,Cassava::RealV6_木薯_sample7,Cassava,木薯,7,4,growing,50.0,2.2607,37.216039603960354,37.216039603960354,7.16466736874367,11.51418833333333,18.537183901883356,18.678855702077,16.46217525720368,0.045214,0.7443207920792071,10.2888595357523,0.5635422656699252,21.426106958021848,6.35997699827487,5.3824036802760205,,86.95,8.93,10.27027027027027,0.0185892654820296,CONSISTENT,50.0±1.7 kg,65.0,柬埔寨,木薯论文 表2-2,MISSING_IN_TARGET__IMPUTED_906_TRAINING_MEDIAN,REPORTED_INITIAL_BW__NOT_DMI_BACKCALCULATION,RETROSPECTIVE_PRE_FN_UN_LAB_INFORMATION,TARGET_DM_CP_N_HARMONIZED_AND_CHEMISTRY_CROSSCHECKED,0.0,7.318163621895163,7.313780535470115,6.3598638398487815,10.928696425480778,6.691339435757311,9.24007388245296,6.623097101847331,10.561755180358887,14.631944157365279,22.584095446595075,17.288560265329558,19.927479338630796,17.18485228220622,20.031187321754135,15.931413318210272,21.284626285750083
REALV6R_0341,Cassava::RealV6_木薯_sample7,Cassava,木薯,7,5,growing,50.0,2.2607,37.216039603960354,37.216039603960354,5.799630087058861,7.8190625,23.59734701690149,13.61869258705886,16.46217525720368,0.045214,0.7443207920792071,10.2888595357523,0.5635422656699252,21.426106958021848,6.35997699827487,5.3824036802760205,,86.95,8.93,10.27027027027027,0.0185892654820296,CONSISTENT,50.0±1.7 kg,65.0,柬埔寨,木薯论文 表2-2,MISSING_IN_TARGET__IMPUTED_906_TRAINING_MEDIAN,REPORTED_INITIAL_BW__NOT_DMI_BACKCALCULATION,RETROSPECTIVE_PRE_FN_UN_LAB_INFORMATION,TARGET_DM_CP_N_HARMONIZED_AND_CHEMISTRY_CROSSCHECKED,-3.552713678800501e-15,7.318163621895163,7.313780535470115,6.3598638398487815,10.928696425480778,6.691339435757311,9.24007388245296,6.623097101847331,10.561755180358887,14.631944157365279,22.584095446595075,17.288560265329558,19.927479338630796,17.18485228220622,20.031187321754135,15.931413318210272,21.284626285750083
REALV6R_0342,Cassava::RealV6_木薯_sample7,Cassava,木薯,7,6,growing,50.0,2.2607,37.216039603960354,37.216039603960354,6.677410827755647,16.52259,14.016038776204706,23.200000827755648,16.46217525720368,0.045214,0.7443207920792071,10.2888595357523,0.5635422656699252,21.426106958021848,6.35997699827487,5.3824036802760205,,86.95,8.93,10.27027027027027,0.0185892654820296,CONSISTENT,50.0±1.7 kg,65.0,柬埔寨,木薯论文 表2-2,MISSING_IN_TARGET__IMPUTED_906_TRAINING_MEDIAN,REPORTED_INITIAL_BW__NOT_DMI_BACKCALCULATION,RETROSPECTIVE_PRE_FN_UN_LAB_INFORMATION,TARGET_DM_CP_N_HARMONIZED_AND_CHEMISTRY_CROSSCHECKED,0.0,7.318163621895163,7.313780535470115,6.3598638398487815,10.928696425480778,6.691339435757311,9.24007388245296,6.623097101847331,10.561755180358887,14.631944157365279,22.584095446595075,17.288560265329558,19.927479338630796,17.18485228220622,20.031187321754135,15.931413318210272,21.284626285750083
REALV6R_0343,Cassava::RealV6_木薯_sample8,Cassava,木薯,8,1,growing,50.0,2.28462,41.0094357976654,41.0094357976654,5.333822950993945,6.253025,29.42258784667145,11.586847950993944,17.95022183017981,0.0456923999999999,0.8201887159533079,11.21888864386238,3.5506998975759645,19.551610333447137,5.098440878570616,6.737225446682599,,87.87,9.84,11.198361215431888,0.0205274284304923,CONSISTENT,50.0±1.7 kg,65.0,越南,木薯论文 表2-2,MISSING_IN_TARGET__IMPUTED_906_TRAINING_MEDIAN,REPORTED_INITIAL_BW__NOT_DMI_BACKCALCULATION,RETROSPECTIVE_PRE_FN_UN_LAB_INFORMATION,TARGET_DM_CP_N_HARMONIZED_AND_CHEMISTRY_CROSSCHECKED,-3.552713678800501e-15,7.708950841569366,8.736027886165932,7.124846682642271,8.797179082209146,7.326888129150332,8.768613745887757,7.331041971842448,10.831210772196451,16.444978727735297,24.5644570699301,15.922025764851417,25.087410032813978,18.1622527440389,22.847183053626498,16.09550187503809,24.913933922627308
REALV6R_0344,Cassava::RealV6_木薯_sample8,Cassava,木薯,8,2,growing,50.0,2.28462,41.0094357976654,41.0094357976654,7.968502438303548,8.7592725,24.28166085936185,16.727774938303547,17.95022183017981,0.0456923999999999,0.8201887159533079,11.21888864386238,3.5506998975759645,19.551610333447137,5.098440878570616,6.737225446682599,,87.87,9.84,11.198361215431888,0.0205274284304923,CONSISTENT,50.0±1.7 kg,65.0,越南,木薯论文 表2-2,MISSING_IN_TARGET__IMPUTED_906_TRAINING_MEDIAN,REPORTED_INITIAL_BW__NOT_DMI_BACKCALCULATION,RETROSPECTIVE_PRE_FN_UN_LAB_INFORMATION,TARGET_DM_CP_N_HARMONIZED_AND_CHEMISTRY_CROSSCHECKED,0.0,7.708950841569366,8.736027886165932,7.124846682642271,8.797179082209146,7.326888129150332,8.768613745887757,7.331041971842448,10.831210772196451,16.444978727735297,24.5644570699301,15.922025764851417,25.087410032813978,18.1622527440389,22.847183053626498,16.09550187503809,24.913933922627308
REALV6R_0345,Cassava::RealV6_木薯_sample8,Cassava,木薯,8,3,growing,50.0,2.28462,41.0094357976654,41.0094357976654,7.54075201396128,15.55001249999999,17.91867128370413,23.09076451396127,17.95022183017981,0.0456923999999999,0.8201887159533079,11.21888864386238,3.5506998975759645,19.551610333447137,5.098440878570616,6.737225446682599,,87.87,9.84,11.198361215431888,0.0205274284304923,CONSISTENT,50.0±1.7 kg,65.0,越南,木薯论文 表2-2,MISSING_IN_TARGET__IMPUTED_906_TRAINING_MEDIAN,REPORTED_INITIAL_BW__NOT_DMI_BACKCALCULATION,RETROSPECTIVE_PRE_FN_UN_LAB_INFORMATION,TARGET_DM_CP_N_HARMONIZED_AND_CHEMISTRY_CROSSCHECKED,-3.552713678800501e-15,7.708950841569366,8.736027886165932,7.124846682642271,8.797179082209146,7.326888129150332,8.768613745887757,7.331041971842448,10.831210772196451,16.444978727735297,24.5644570699301,15.922025764851417,25.087410032813978,18.1622527440389,22.847183053626498,16.09550187503809,24.913933922627308
REALV6R_0346,Cassava::RealV6_木薯_sample8,Cassava,木薯,8,4,growing,50.0,2.28462,41.0094357976654,41.0094357976654,9.05869603931564,19.14650833333332,12.80423142501644,28.20520437264896,17.95022183017981,0.0456923999999999,0.8201887159533079,11.21888864386238,3.5506998975759645,19.551610333447137,5.098440878570616,6.737225446682599,,87.87,9.84,11.198361215431888,0.0205274284304923,CONSISTENT,50.0±1.7 kg,65.0,越南,木薯论文 表2-2,MISSING_IN_TARGET__IMPUTED_906_TRAINING_MEDIAN,REPORTED_INITIAL_BW__NOT_DMI_BACKCALCULATION,RETROSPECTIVE_PRE_FN_UN_LAB_INFORMATION,TARGET_DM_CP_N_HARMONIZED_AND_CHEMISTRY_CROSSCHECKED,-3.552713678800501e-15,7.708950841569366,8.736027886165932,7.124846682642271,8.797179082209146,7.326888129150332,8.768613745887757,7.331041971842448,10.831210772196451,16.444978727735297,24.5644570699301,15.922025764851417,25.087410032813978,18.1622527440389,22.847183053626498,16.09550187503809,24.913933922627308
REALV6R_0347,Cassava::RealV6_木薯_sample8,Cassava,木薯,8,5,growing,50.0,2.28462,41.0094357976654,41.0094357976654,7.033308177183176,13.74304749999998,20.23308012048224,20.776355677183155,17.95022183017981,0.0456923999999999,0.8201887159533079,11.21888864386238,3.5506998975759645,19.551610333447137,5.098440878570616,6.737225446682599,,87.87,9.84,11.198361215431888,0.0205274284304923,CONSISTENT,50.0±1.7 kg,65.0,越南,木薯论文 表2-2,MISSING_IN_TARGET__IMPUTED_906_TRAINING_MEDIAN,REPORTED_INITIAL_BW__NOT_DMI_BACKCALCULATION,RETROSPECTIVE_PRE_FN_UN_LAB_INFORMATION,TARGET_DM_CP_N_HARMONIZED_AND_CHEMISTRY_CROSSCHECKED,0.0,7.708950841569366,8.736027886165932,7.124846682642271,8.797179082209146,7.326888129150332,8.768613745887757,7.331041971842448,10.831210772196451,16.444978727735297,24.5644570699301,15.922025764851417,25.087410032813978,18.1622527440389,22.847183053626498,16.09550187503809,24.913933922627308
REALV6R_0348,Cassava::RealV6_木薯_sample8,Cassava,木薯,8,6,growing,50.0,2.28462,41.0094357976654,41.0094357976654,7.154975357605117,8.553412499999993,25.30104794006029,15.70838785760511,17.95022183017981,0.0456923999999999,0.8201887159533079,11.21888864386238,3.5506998975759645,19.551610333447137,5.098440878570616,6.737225446682599,,87.87,9.84,11.198361215431888,0.0205274284304923,CONSISTENT,50.0±1.7 kg,65.0,越南,木薯论文 表2-2,MISSING_IN_TARGET__IMPUTED_906_TRAINING_MEDIAN,REPORTED_INITIAL_BW__NOT_DMI_BACKCALCULATION,RETROSPECTIVE_PRE_FN_UN_LAB_INFORMATION,TARGET_DM_CP_N_HARMONIZED_AND_CHEMISTRY_CROSSCHECKED,0.0,7.708950841569366,8.736027886165932,7.124846682642271,8.797179082209146,7.326888129150332,8.768613745887757,7.331041971842448,10.831210772196451,16.444978727735297,24.5644570699301,15.922025764851417,25.087410032813978,18.1622527440389,22.847183053626498,16.09550187503809,24.913933922627308
REALV6R_0349,Cassava::RealV6_木薯_sample9,Cassava,木薯,9,1,growing,50.0,2.26434,44.18226984900144,44.18226984900144,6.370667791276535,6.232541666666664,31.57906039105824,12.6032094579432,19.512206580726144,0.0452868,0.8836453969800289,12.19512911295384,1.021931335400161,19.61189574003904,5.798599150304283,5.970834768630153,,87.09,10.6,12.171317028361464,0.023812084592377,CONSISTENT,50.0±1.7 kg,65.0,老挝1,木薯论文 表2-2,MISSING_IN_TARGET__IMPUTED_906_TRAINING_MEDIAN,REPORTED_INITIAL_BW__NOT_DMI_BACKCALCULATION,RETROSPECTIVE_PRE_FN_UN_LAB_INFORMATION,TARGET_DM_CP_N_HARMONIZED_AND_CHEMISTRY_CROSSCHECKED,7.105427357601002e-15,8.029501097245776,10.839005224403166,6.716541756925143,9.749523950202764,7.170693983493622,10.258449384652096,7.344762961069743,13.101275761922201,18.868506321648944,25.3137635273525,16.466065707127907,27.716204141873536,20.446038722991943,23.7362311260095,17.429143368145716,26.753126480855727
REALV6R_0350,Cassava::RealV6_木薯_sample9,Cassava,木薯,9,2,growing,50.0,2.26434,44.18226984900144,44.18226984900144,6.825931319747683,8.711955000000009,28.64438352925375,15.537886319747692,19.512206580726144,0.0452868,0.8836453969800289,12.19512911295384,1.021931335400161,19.61189574003904,5.798599150304283,5.970834768630153,,87.09,10.6,12.171317028361464,0.023812084592377,CONSISTENT,50.0±1.7 kg,65.0,老挝1,木薯论文 表2-2,MISSING_IN_TARGET__IMPUTED_906_TRAINING_MEDIAN,REPORTED_INITIAL_BW__NOT_DMI_BACKCALCULATION,RETROSPECTIVE_PRE_FN_UN_LAB_INFORMATION,TARGET_DM_CP_N_HARMONIZED_AND_CHEMISTRY_CROSSCHECKED,0.0,8.029501097245776,10.839005224403166,6.716541756925143,9.749523950202764,7.170693983493622,10.258449384652096,7.344762961069743,13.101275761922201,18.868506321648944,25.3137635273525,16.466065707127907,27.716204141873536,20.446038722991943,23.7362311260095,17.429143368145716,26.753126480855727
REALV6R_0351,Cassava::RealV6_木薯_sample9,Cassava,木薯,9,3,growing,50.0,2.26434,44.18226984900144,44.18226984900144,6.09611999127592,15.50269166666669,22.58345819105883,21.59881165794261,19.512206580726144,0.0452868,0.8836453969800289,12.19512911295384,1.021931335400161,19.61189574003904,5.798599150304283,5.970834768630153,,87.09,10.6,12.171317028361464,0.023812084592377,CONSISTENT,50.0±1.7 kg,65.0,老挝1,木薯论文 表2-2,MISSING_IN_TARGET__IMPUTED_906_TRAINING_MEDIAN,REPORTED_INITIAL_BW__NOT_DMI_BACKCALCULATION,RETROSPECTIVE_PRE_FN_UN_LAB_INFORMATION,TARGET_DM_CP_N_HARMONIZED_AND_CHEMISTRY_CROSSCHECKED,0.0,8.029501097245776,10.839005224403166,6.716541756925143,9.749523950202764,7.170693983493622,10.258449384652096,7.344762961069743,13.101275761922201,18.868506321648944,25.3137635273525,16.466065707127907,27.716204141873536,20.446038722991943,23.7362311260095,17.429143368145716,26.753126480855727
REALV6R_0352,Cassava::RealV6_木薯_sample9,Cassava,木薯,9,4,growing,50.0,2.26434,44.18226984900144,44.18226984900144,7.142492829093637,21.8028125,15.236964519907804,28.94530532909364,19.512206580726144,0.0452868,0.8836453969800289,12.19512911295384,1.021931335400161,19.61189574003904,5.798599150304283,5.970834768630153,,87.09,10.6,12.171317028361464,0.023812084592377,CONSISTENT,50.0±1.7 kg,65.0,老挝1,木薯论文 表2-2,MISSING_IN_TARGET__IMPUTED_906_TRAINING_MEDIAN,REPORTED_INITIAL_BW__NOT_DMI_BACKCALCULATION,RETROSPECTIVE_PRE_FN_UN_LAB_INFORMATION,TARGET_DM_CP_N_HARMONIZED_AND_CHEMISTRY_CROSSCHECKED,-3.552713678800501e-15,8.029501097245776,10.839005224403166,6.716541756925143,9.749523950202764,7.170693983493622,10.258449384652096,7.344762961069743,13.101275761922201,18.868506321648944,25.3137635273525,16.466065707127907,27.716204141873536,20.446038722991943,23.7362311260095,17.429143368145716,26.753126480855727
REALV6R_0353,Cassava::RealV6_木薯_sample9,Cassava,木薯,9,5,growing,50.0,2.26434,44.18226984900144,44.18226984900144,6.946517117999134,7.370632500000001,29.865120231002308,14.317149617999137,19.512206580726144,0.0452868,0.8836453969800289,12.19512911295384,1.021931335400161,19.61189574003904,5.798599150304283,5.970834768630153,,87.09,10.6,12.171317028361464,0.023812084592377,CONSISTENT,50.0±1.7 kg,65.0,老挝1,木薯论文 表2-2,MISSING_IN_TARGET__IMPUTED_906_TRAINING_MEDIAN,REPORTED_INITIAL_BW__NOT_DMI_BACKCALCULATION,RETROSPECTIVE_PRE_FN_UN_LAB_INFORMATION,TARGET_DM_CP_N_HARMONIZED_AND_CHEMISTRY_CROSSCHECKED,0.0,8.029501097245776,10.839005224403166,6.716541756925143,9.749523950202764,7.170693983493622,10.258449384652096,7.344762961069743,13.101275761922201,18.868506321648944,25.3137635273525,16.466065707127907,27.716204141873536,20.446038722991943,23.7362311260095,17.429143368145716,26.753126480855727
REALV6R_0354,Cassava::RealV6_木薯_sample9,Cassava,木薯,9,6,growing,50.0,2.26434,44.18226984900144,44.18226984900144,6.751516407183484,12.65954583333332,24.77120760848464,19.41106224051681,19.512206580726144,0.0452868,0.8836453969800289,12.19512911295384,1.021931335400161,19.61189574003904,5.798599150304283,5.970834768630153,,87.09,10.6,12.171317028361464,0.023812084592377,CONSISTENT,50.0±1.7 kg,65.0,老挝1,木薯论文 表2-2,MISSING_IN_TARGET__IMPUTED_906_TRAINING_MEDIAN,REPORTED_INITIAL_BW__NOT_DMI_BACKCALCULATION,RETROSPECTIVE_PRE_FN_UN_LAB_INFORMATION,TARGET_DM_CP_N_HARMONIZED_AND_CHEMISTRY_CROSSCHECKED,0.0,8.029501097245776,10.839005224403166,6.716541756925143,9.749523950202764,7.170693983493622,10.258449384652096,7.344762961069743,13.101275761922201,18.868506321648944,25.3137635273525,16.466065707127907,27.716204141873536,20.446038722991943,23.7362311260095,17.429143368145716,26.753126480855727
REALV6R_0355,Cassava::RealV6_木薯_sample10,Cassava,木薯,10,1,growing,50.0,2.2497800000000003,46.00699368625542,46.00699368625542,6.103706926519867,16.7055075,23.197779259735555,22.809214426519866,20.449552261223506,0.0449956,0.9201398737251084,12.78097016326469,0.95920490003467,21.287414769444126,5.28140529296198,5.997919796602335,,86.53,11.04,12.75858083901537,0.0223893242493211,CONSISTENT,50.0±1.7 kg,65.0,老挝2,木薯论文 表2-2,MISSING_IN_TARGET__IMPUTED_906_TRAINING_MEDIAN,REPORTED_INITIAL_BW__NOT_DMI_BACKCALCULATION,RETROSPECTIVE_PRE_FN_UN_LAB_INFORMATION,TARGET_DM_CP_N_HARMONIZED_AND_CHEMISTRY_CROSSCHECKED,-3.552713678800501e-15,8.490142723511408,11.647670587811104,6.768807050998382,10.808065584830148,7.364216523581618,11.200267223377372,7.483719348907471,14.79135831197103,20.13781331132251,25.86918037493291,17.57687263582853,28.43012105042689,22.2750776608785,23.73191602537692,18.56448374695899,27.44250993929643
REALV6R_0356,Cassava::RealV6_木薯_sample10,Cassava,木薯,10,2,growing,50.0,2.2497800000000003,46.00699368625542,46.00699368625542,8.41913846689907,7.862090000000008,29.72576521935634,16.28122846689908,20.449552261223506,0.0449956,0.9201398737251084,12.78097016326469,0.95920490003467,21.287414769444126,5.28140529296198,5.997919796602335,,86.53,11.04,12.75858083901537,0.0223893242493211,CONSISTENT,50.0±1.7 kg,65.0,老挝2,木薯论文 表2-2,MISSING_IN_TARGET__IMPUTED_906_TRAINING_MEDIAN,REPORTED_INITIAL_BW__NOT_DMI_BACKCALCULATION,RETROSPECTIVE_PRE_FN_UN_LAB_INFORMATION,TARGET_DM_CP_N_HARMONIZED_AND_CHEMISTRY_CROSSCHECKED,0.0,8.490142723511408,11.647670587811104,6.768807050998382,10.808065584830148,7.364216523581618,11.200267223377372,7.483719348907471,14.79135831197103,20.13781331132251,25.86918037493291,17.57687263582853,28.43012105042689,22.2750776608785,23.73191602537692,18.56448374695899,27.44250993929643
REALV6R_0357,Cassava::RealV6_木薯_sample10,Cassava,木薯,10,3,growing,50.0,2.2497800000000003,46.00699368625542,46.00699368625542,8.166497272557196,6.4103425,31.430153913698224,14.576839772557197,20.449552261223506,0.0449956,0.9201398737251084,12.78097016326469,0.95920490003467,21.287414769444126,5.28140529296198,5.997919796602335,,86.53,11.04,12.75858083901537,0.0223893242493211,CONSISTENT,50.0±1.7 kg,65.0,老挝2,木薯论文 表2-2,MISSING_IN_TARGET__IMPUTED_906_TRAINING_MEDIAN,REPORTED_INITIAL_BW__NOT_DMI_BACKCALCULATION,RETROSPECTIVE_PRE_FN_UN_LAB_INFORMATION,TARGET_DM_CP_N_HARMONIZED_AND_CHEMISTRY_CROSSCHECKED,3.552713678800501e-15,8.490142723511408,11.647670587811104,6.768807050998382,10.808065584830148,7.364216523581618,11.200267223377372,7.483719348907471,14.79135831197103,20.13781331132251,25.86918037493291,17.57687263582853,28.43012105042689,22.2750776608785,23.73191602537692,18.56448374695899,27.44250993929643
REALV6R_0358,Cassava::RealV6_木薯_sample10,Cassava,木薯,10,4,growing,50.0,2.2497800000000003,46.00699368625542,46.00699368625542,7.608854068100761,13.572325,24.82581461815466,21.18117906810076,20.449552261223506,0.0449956,0.9201398737251084,12.78097016326469,0.95920490003467,21.287414769444126,5.28140529296198,5.997919796602335,,86.53,11.04,12.75858083901537,0.0223893242493211,CONSISTENT,50.0±1.7 kg,65.0,老挝2,木薯论文 表2-2,MISSING_IN_TARGET__IMPUTED_906_TRAINING_MEDIAN,REPORTED_INITIAL_BW__NOT_DMI_BACKCALCULATION,RETROSPECTIVE_PRE_FN_UN_LAB_INFORMATION,TARGET_DM_CP_N_HARMONIZED_AND_CHEMISTRY_CROSSCHECKED,0.0,8.490142723511408,11.647670587811104,6.768807050998382,10.808065584830148,7.364216523581618,11.200267223377372,7.483719348907471,14.79135831197103,20.13781331132251,25.86918037493291,17.57687263582853,28.43012105042689,22.2750776608785,23.73191602537692,18.56448374695899,27.44250993929643
REALV6R_0359,Cassava::RealV6_木薯_sample10,Cassava,木薯,10,5,growing,50.0,2.2497800000000003,46.00699368625542,46.00699368625542,5.920405127578952,17.74624833333335,22.34034022534312,23.666653460912304,20.449552261223506,0.0449956,0.9201398737251084,12.78097016326469,0.95920490003467,21.287414769444126,5.28140529296198,5.997919796602335,,86.53,11.04,12.75858083901537,0.0223893242493211,CONSISTENT,50.0±1.7 kg,65.0,老挝2,木薯论文 表2-2,MISSING_IN_TARGET__IMPUTED_906_TRAINING_MEDIAN,REPORTED_INITIAL_BW__NOT_DMI_BACKCALCULATION,RETROSPECTIVE_PRE_FN_UN_LAB_INFORMATION,TARGET_DM_CP_N_HARMONIZED_AND_CHEMISTRY_CROSSCHECKED,0.0,8.490142723511408,11.647670587811104,6.768807050998382,10.808065584830148,7.364216523581618,11.200267223377372,7.483719348907471,14.79135831197103,20.13781331132251,25.86918037493291,17.57687263582853,28.43012105042689,22.2750776608785,23.73191602537692,18.56448374695899,27.44250993929643
REALV6R_0360,Cassava::RealV6_木薯_sample10,Cassava,木薯,10,6,growing,50.0,2.2497800000000003,46.00699368625542,46.00699368625542,4.796737092363394,6.285970833333328,34.924285760558696,11.082707925696722,20.449552261223506,0.0449956,0.9201398737251084,12.78097016326469,0.95920490003467,21.287414769444126,5.28140529296198,5.997919796602335,,86.53,11.04,12.75858083901537,0.0223893242493211,CONSISTENT,50.0±1.7 kg,65.0,老挝2,木薯论文 表2-2,MISSING_IN_TARGET__IMPUTED_906_TRAINING_MEDIAN,REPORTED_INITIAL_BW__NOT_DMI_BACKCALCULATION,RETROSPECTIVE_PRE_FN_UN_LAB_INFORMATION,TARGET_DM_CP_N_HARMONIZED_AND_CHEMISTRY_CROSSCHECKED,0.0,8.490142723511408,11.647670587811104,6.768807050998382,10.808065584830148,7.364216523581618,11.200267223377372,7.483719348907471,14.79135831197103,20.13781331132251,25.86918037493291,17.57687263582853,28.43012105042689,22.2750776608785,23.73191602537692,18.56448374695899,27.44250993929643
REALV6R_0361,Paddy rice::RealV6_稻谷_sample1,Paddy rice,稻谷,1,1,nursery,20.0,0.6948799999999999,15.88152450559704,15.88152450559704,1.250518754251532,3.637524000000008,10.9934817513455,4.88804275425154,22.855060594055143,0.034744,0.7940762252798519,14.284412871284466,1.5657379691457518,17.580013815335022,7.2645636656688914,6.355054110062168,,86.86,12.41,14.287358968454985,-0.0029460971705184,CONSISTENT,20.0±1.3 kg,20.0,"Jiamusi, Heilongjiang",Paddy rice paper Table 3,MISSING_IN_TARGET__IMPUTED_906_TRAINING_MEDIAN,REPORTED_INITIAL_BW__NOT_DMI_BACKCALCULATION,RETROSPECTIVE_PRE_FN_UN_LAB_INFORMATION,TARGET_DM_CP_N_HARMONIZED_AND_CHEMISTRY_CROSSCHECKED,0.0,4.137528967656561,2.9046039040388614,2.33863551820632,4.298101157122315,2.960872201657438,3.6471618415751648,2.763274669647217,4.002091407775879,7.042132871695422,8.839391633901618,6.636736675328635,9.244787830268406,6.765366077423096,9.116158428173945,6.608034043232603,9.273490462364437
REALV6R_0362,Paddy rice::RealV6_稻谷_sample1,Paddy rice,稻谷,1,2,nursery,20.0,0.6948799999999999,15.88152450559704,15.88152450559704,2.943701279801594,2.957799999999997,9.980023225795447,5.901501279801591,22.855060594055143,0.034744,0.7940762252798519,14.284412871284466,1.5657379691457518,17.580013815335022,7.2645636656688914,6.355054110062168,,86.86,12.41,14.287358968454985,-0.0029460971705184,CONSISTENT,20.0±1.3 kg,20.0,"Jiamusi, Heilongjiang",Paddy rice paper Table 3,MISSING_IN_TARGET__IMPUTED_906_TRAINING_MEDIAN,REPORTED_INITIAL_BW__NOT_DMI_BACKCALCULATION,RETROSPECTIVE_PRE_FN_UN_LAB_INFORMATION,TARGET_DM_CP_N_HARMONIZED_AND_CHEMISTRY_CROSSCHECKED,0.0,4.137528967656561,2.9046039040388614,2.33863551820632,4.298101157122315,2.960872201657438,3.6471618415751648,2.763274669647217,4.002091407775879,7.042132871695422,8.839391633901618,6.636736675328635,9.244787830268406,6.765366077423096,9.116158428173945,6.608034043232603,9.273490462364437
REALV6R_0363,Paddy rice::RealV6_稻谷_sample1,Paddy rice,稻谷,1,3,nursery,20.0,0.6948799999999999,15.88152450559704,15.88152450559704,1.055383166309671,3.227580666666662,11.598560672620708,4.282963832976333,22.855060594055143,0.034744,0.7940762252798519,14.284412871284466,1.5657379691457518,17.580013815335022,7.2645636656688914,6.355054110062168,,86.86,12.41,14.287358968454985,-0.0029460971705184,CONSISTENT,20.0±1.3 kg,20.0,"Jiamusi, Heilongjiang",Paddy rice paper Table 3,MISSING_IN_TARGET__IMPUTED_906_TRAINING_MEDIAN,REPORTED_INITIAL_BW__NOT_DMI_BACKCALCULATION,RETROSPECTIVE_PRE_FN_UN_LAB_INFORMATION,TARGET_DM_CP_N_HARMONIZED_AND_CHEMISTRY_CROSSCHECKED,0.0,4.137528967656561,2.9046039040388614,2.33863551820632,4.298101157122315,2.960872201657438,3.6471618415751648,2.763274669647217,4.002091407775879,7.042132871695422,8.839391633901618,6.636736675328635,9.244787830268406,6.765366077423096,9.116158428173945,6.608034043232603,9.273490462364437
REALV6R_0364,Paddy rice::RealV6_稻谷_sample1,Paddy rice,稻谷,1,4,nursery,20.0,0.6948799999999999,15.88152450559704,15.88152450559704,2.102827324111296,2.513124,11.265573181485742,4.615951324111296,22.855060594055143,0.034744,0.7940762252798519,14.284412871284466,1.5657379691457518,17.580013815335022,7.2645636656688914,6.355054110062168,,86.86,12.41,14.287358968454985,-0.0029460971705184,CONSISTENT,20.0±1.3 kg,20.0,"Jiamusi, Heilongjiang",Paddy rice paper Table 3,MISSING_IN_TARGET__IMPUTED_906_TRAINING_MEDIAN,REPORTED_INITIAL_BW__NOT_DMI_BACKCALCULATION,RETROSPECTIVE_PRE_FN_UN_LAB_INFORMATION,TARGET_DM_CP_N_HARMONIZED_AND_CHEMISTRY_CROSSCHECKED,1.7763568394002505e-15,4.137528967656561,2.9046039040388614,2.33863551820632,4.298101157122315,2.960872201657438,3.6471618415751648,2.763274669647217,4.002091407775879,7.042132871695422,8.839391633901618,6.636736675328635,9.244787830268406,6.765366077423096,9.116158428173945,6.608034043232603,9.273490462364437
REALV6R_0365,Paddy rice::RealV6_稻谷_sample1,Paddy rice,稻谷,1,5,nursery,20.0,0.6948799999999999,15.88152450559704,15.88152450559704,2.785377551892556,3.112835786666663,9.98331116703782,5.898213338559219,22.855060594055143,0.034744,0.7940762252798519,14.284412871284466,1.5657379691457518,17.580013815335022,7.2645636656688914,6.355054110062168,,86.86,12.41,14.287358968454985,-0.0029460971705184,CONSISTENT,20.0±1.3 kg,20.0,"Jiamusi, Heilongjiang",Paddy rice paper Table 3,MISSING_IN_TARGET__IMPUTED_906_TRAINING_MEDIAN,REPORTED_INITIAL_BW__NOT_DMI_BACKCALCULATION,RETROSPECTIVE_PRE_FN_UN_LAB_INFORMATION,TARGET_DM_CP_N_HARMONIZED_AND_CHEMISTRY_CROSSCHECKED,1.7763568394002505e-15,4.137528967656561,2.9046039040388614,2.33863551820632,4.298101157122315,2.960872201657438,3.6471618415751648,2.763274669647217,4.002091407775879,7.042132871695422,8.839391633901618,6.636736675328635,9.244787830268406,6.765366077423096,9.116158428173945,6.608034043232603,9.273490462364437
REALV6R_0366,Paddy rice::RealV6_稻谷_sample1,Paddy rice,稻谷,1,6,nursery,20.0,0.6948799999999999,15.88152450559704,15.88152450559704,1.775707819743338,3.6842125,10.4216041858537,5.459920319743338,22.855060594055143,0.034744,0.7940762252798519,14.284412871284466,1.5657379691457518,17.580013815335022,7.2645636656688914,6.355054110062168,,86.86,12.41,14.287358968454985,-0.0029460971705184,CONSISTENT,20.0±1.3 kg,20.0,"Jiamusi, Heilongjiang",Paddy rice paper Table 3,MISSING_IN_TARGET__IMPUTED_906_TRAINING_MEDIAN,REPORTED_INITIAL_BW__NOT_DMI_BACKCALCULATION,RETROSPECTIVE_PRE_FN_UN_LAB_INFORMATION,TARGET_DM_CP_N_HARMONIZED_AND_CHEMISTRY_CROSSCHECKED,-1.7763568394002505e-15,4.137528967656561,2.9046039040388614,2.33863551820632,4.298101157122315,2.960872201657438,3.6471618415751648,2.763274669647217,4.002091407775879,7.042132871695422,8.839391633901618,6.636736675328635,9.244787830268406,6.765366077423096,9.116158428173945,6.608034043232603,9.273490462364437
REALV6R_0367,Paddy rice::RealV6_稻谷_sample2,Paddy rice,稻谷,2,1,nursery,20.0,0.69336,13.93760066570184,13.93760066570184,2.000167679370526,5.011100500000006,6.926332486331308,7.011268179370532,20.101535516473174,0.034668,0.696880033285092,12.563459697795734,2.665282104534441,18.08007384331372,7.499711549555786,7.061266874350986,,86.67,10.89,12.564901349948078,-0.0014416521523443,CONSISTENT,20.0±1.3 kg,20.0,"Baicheng, Jilin",Paddy rice paper Table 3,MISSING_IN_TARGET__IMPUTED_906_TRAINING_MEDIAN,REPORTED_INITIAL_BW__NOT_DMI_BACKCALCULATION,RETROSPECTIVE_PRE_FN_UN_LAB_INFORMATION,TARGET_DM_CP_N_HARMONIZED_AND_CHEMISTRY_CROSSCHECKED,8.881784197001252e-16,4.343299470477361,2.2689649923380752,2.182504352909391,4.189763915739539,2.929922710557957,3.292508084243636,2.637526830037435,3.503709634145101,6.612264462815436,7.325336202886404,6.372268268648931,7.565332397052909,6.141236464182536,7.796364201519304,6.222430794801593,7.715169870900247
REALV6R_0368,Paddy rice::RealV6_稻谷_sample2,Paddy rice,稻谷,2,2,nursery,20.0,0.69336,13.93760066570184,13.93760066570184,1.450105555555554,2.265585,10.221910110146286,3.715690555555554,20.101535516473174,0.034668,0.696880033285092,12.563459697795734,2.665282104534441,18.08007384331372,7.499711549555786,7.061266874350986,,86.67,10.89,12.564901349948078,-0.0014416521523443,CONSISTENT,20.0±1.3 kg,20.0,"Baicheng, Jilin",Paddy rice paper Table 3,MISSING_IN_TARGET__IMPUTED_906_TRAINING_MEDIAN,REPORTED_INITIAL_BW__NOT_DMI_BACKCALCULATION,RETROSPECTIVE_PRE_FN_UN_LAB_INFORMATION,TARGET_DM_CP_N_HARMONIZED_AND_CHEMISTRY_CROSSCHECKED,0.0,4.343299470477361,2.2689649923380752,2.182504352909391,4.189763915739539,2.929922710557957,3.292508084243636,2.637526830037435,3.503709634145101,6.612264462815436,7.325336202886404,6.372268268648931,7.565332397052909,6.141236464182536,7.796364201519304,6.222430794801593,7.715169870900247
REALV6R_0369,Paddy rice::RealV6_稻谷_sample2,Paddy rice,稻谷,2,3,nursery,20.0,0.69336,13.93760066570184,13.93760066570184,2.981170868982792,1.557620000000002,9.398809796719046,4.538790868982794,20.101535516473174,0.034668,0.696880033285092,12.563459697795734,2.665282104534441,18.08007384331372,7.499711549555786,7.061266874350986,,86.67,10.89,12.564901349948078,-0.0014416521523443,CONSISTENT,20.0±1.3 kg,20.0,"Baicheng, Jilin",Paddy rice paper Table 3,MISSING_IN_TARGET__IMPUTED_906_TRAINING_MEDIAN,REPORTED_INITIAL_BW__NOT_DMI_BACKCALCULATION,RETROSPECTIVE_PRE_FN_UN_LAB_INFORMATION,TARGET_DM_CP_N_HARMONIZED_AND_CHEMISTRY_CROSSCHECKED,0.0,4.343299470477361,2.2689649923380752,2.182504352909391,4.189763915739539,2.929922710557957,3.292508084243636,2.637526830037435,3.503709634145101,6.612264462815436,7.325336202886404,6.372268268648931,7.565332397052909,6.141236464182536,7.796364201519304,6.222430794801593,7.715169870900247
REALV6R_0370,Paddy rice::RealV6_稻谷_sample2,Paddy rice,稻谷,2,4,nursery,20.0,0.69336,13.93760066570184,13.93760066570184,2.227350964454241,2.168489333333334,9.541760367914264,4.395840297787575,20.101535516473174,0.034668,0.696880033285092,12.563459697795734,2.665282104534441,18.08007384331372,7.499711549555786,7.061266874350986,,86.67,10.89,12.564901349948078,-0.0014416521523443,CONSISTENT,20.0±1.3 kg,20.0,"Baicheng, Jilin",Paddy rice paper Table 3,MISSING_IN_TARGET__IMPUTED_906_TRAINING_MEDIAN,REPORTED_INITIAL_BW__NOT_DMI_BACKCALCULATION,RETROSPECTIVE_PRE_FN_UN_LAB_INFORMATION,TARGET_DM_CP_N_HARMONIZED_AND_CHEMISTRY_CROSSCHECKED,1.7763568394002505e-15,4.343299470477361,2.2689649923380752,2.182504352909391,4.189763915739539,2.929922710557957,3.292508084243636,2.637526830037435,3.503709634145101,6.612264462815436,7.325336202886404,6.372268268648931,7.565332397052909,6.141236464182536,7.796364201519304,6.222430794801593,7.715169870900247
REALV6R_0371,Paddy rice::RealV6_稻谷_sample2,Paddy rice,稻谷,2,5,nursery,20.0,0.69336,13.93760066570184,13.93760066570184,3.095915621668893,4.384716666666676,6.456968377366271,7.480632288335569,20.101535516473174,0.034668,0.696880033285092,12.563459697795734,2.665282104534441,18.08007384331372,7.499711549555786,7.061266874350986,,86.67,10.89,12.564901349948078,-0.0014416521523443,CONSISTENT,20.0±1.3 kg,20.0,"Baicheng, Jilin",Paddy rice paper Table 3,MISSING_IN_TARGET__IMPUTED_906_TRAINING_MEDIAN,REPORTED_INITIAL_BW__NOT_DMI_BACKCALCULATION,RETROSPECTIVE_PRE_FN_UN_LAB_INFORMATION,TARGET_DM_CP_N_HARMONIZED_AND_CHEMISTRY_CROSSCHECKED,-8.881784197001252e-16,4.343299470477361,2.2689649923380752,2.182504352909391,4.189763915739539,2.929922710557957,3.292508084243636,2.637526830037435,3.503709634145101,6.612264462815436,7.325336202886404,6.372268268648931,7.565332397052909,6.141236464182536,7.796364201519304,6.222430794801593,7.715169870900247
REALV6R_0372,Paddy rice::RealV6_稻谷_sample2,Paddy rice,稻谷,2,6,nursery,20.0,0.69336,13.93760066570184,13.93760066570184,2.883587920481933,4.785767333333339,6.268245411886569,7.669355253815271,20.101535516473174,0.034668,0.696880033285092,12.563459697795734,2.665282104534441,18.08007384331372,7.499711549555786,7.061266874350986,,86.67,10.89,12.564901349948078,-0.0014416521523443,CONSISTENT,20.0±1.3 kg,20.0,"Baicheng, Jilin",Paddy rice paper Table 3,MISSING_IN_TARGET__IMPUTED_906_TRAINING_MEDIAN,REPORTED_INITIAL_BW__NOT_DMI_BACKCALCULATION,RETROSPECTIVE_PRE_FN_UN_LAB_INFORMATION,TARGET_DM_CP_N_HARMONIZED_AND_CHEMISTRY_CROSSCHECKED,0.0,4.343299470477361,2.2689649923380752,2.182504352909391,4.189763915739539,2.929922710557957,3.292508084243636,2.637526830037435,3.503709634145101,6.612264462815436,7.325336202886404,6.372268268648931,7.565332397052909,6.141236464182536,7.796364201519304,6.222430794801593,7.715169870900247
REALV6R_0373,Paddy rice::RealV6_稻谷_sample3,Paddy rice,稻谷,3,1,nursery,20.0,0.6952,12.31818181818184,12.31818181818184,2.206906406076178,3.3177285,6.793546912105661,5.524634906076178,17.71890365100955,0.03476,0.615909090909092,11.074314781880968,2.681242807825086,18.411967779056383,8.665132336018411,7.065592635212887,,86.9,9.62,11.07019562715765,0.0041191547233179,CONSISTENT,20.0±1.3 kg,20.0,"Wuhan, Hubei",Paddy rice paper Table 3,MISSING_IN_TARGET__IMPUTED_906_TRAINING_MEDIAN,REPORTED_INITIAL_BW__NOT_DMI_BACKCALCULATION,RETROSPECTIVE_PRE_FN_UN_LAB_INFORMATION,TARGET_DM_CP_N_HARMONIZED_AND_CHEMISTRY_CROSSCHECKED,1.7763568394002505e-15,4.471233838630493,1.8972039838458468,2.235099260395193,3.999230574702454,3.0085775140053355,3.017318520490342,2.4858922958374023,3.217515468597412,6.36843782247634,5.9497439957055,6.234329835097647,6.083851983084193,5.7034077644348145,6.614774053747025,6.025896034495677,6.292285783686163
REALV6R_0374,Paddy rice::RealV6_稻谷_sample3,Paddy rice,稻谷,3,2,nursery,20.0,0.6952,12.31818181818184,12.31818181818184,2.192358138957823,1.314872,8.810951679224017,3.507230138957823,17.71890365100955,0.03476,0.615909090909092,11.074314781880968,2.681242807825086,18.411967779056383,8.665132336018411,7.065592635212887,,86.9,9.62,11.07019562715765,0.0041191547233179,CONSISTENT,20.0±1.3 kg,20.0,"Wuhan, Hubei",Paddy rice paper Table 3,MISSING_IN_TARGET__IMPUTED_906_TRAINING_MEDIAN,REPORTED_INITIAL_BW__NOT_DMI_BACKCALCULATION,RETROSPECTIVE_PRE_FN_UN_LAB_INFORMATION,TARGET_DM_CP_N_HARMONIZED_AND_CHEMISTRY_CROSSCHECKED,0.0,4.471233838630493,1.8972039838458468,2.235099260395193,3.999230574702454,3.0085775140053355,3.017318520490342,2.4858922958374023,3.217515468597412,6.36843782247634,5.9497439957055,6.234329835097647,6.083851983084193,5.7034077644348145,6.614774053747025,6.025896034495677,6.292285783686163
REALV6R_0375,Paddy rice::RealV6_稻谷_sample3,Paddy rice,稻谷,3,3,nursery,20.0,0.6952,12.31818181818184,12.31818181818184,2.523417112733179,2.686153786666663,7.108610918781998,5.209570899399842,17.71890365100955,0.03476,0.615909090909092,11.074314781880968,2.681242807825086,18.411967779056383,8.665132336018411,7.065592635212887,,86.9,9.62,11.07019562715765,0.0041191547233179,CONSISTENT,20.0±1.3 kg,20.0,"Wuhan, Hubei",Paddy rice paper Table 3,MISSING_IN_TARGET__IMPUTED_906_TRAINING_MEDIAN,REPORTED_INITIAL_BW__NOT_DMI_BACKCALCULATION,RETROSPECTIVE_PRE_FN_UN_LAB_INFORMATION,TARGET_DM_CP_N_HARMONIZED_AND_CHEMISTRY_CROSSCHECKED,-8.881784197001252e-16,4.471233838630493,1.8972039838458468,2.235099260395193,3.999230574702454,3.0085775140053355,3.017318520490342,2.4858922958374023,3.217515468597412,6.36843782247634,5.9497439957055,6.234329835097647,6.083851983084193,5.7034077644348145,6.614774053747025,6.025896034495677,6.292285783686163
REALV6R_0376,Paddy rice::RealV6_稻谷_sample3,Paddy rice,稻谷,3,4,nursery,20.0,0.6952,12.31818181818184,12.31818181818184,2.337489191723609,0.8850933333333311,9.0955992931249,3.22258252505694,17.71890365100955,0.03476,0.615909090909092,11.074314781880968,2.681242807825086,18.411967779056383,8.665132336018411,7.065592635212887,,86.9,9.62,11.07019562715765,0.0041191547233179,CONSISTENT,20.0±1.3 kg,20.0,"Wuhan, Hubei",Paddy rice paper Table 3,MISSING_IN_TARGET__IMPUTED_906_TRAINING_MEDIAN,REPORTED_INITIAL_BW__NOT_DMI_BACKCALCULATION,RETROSPECTIVE_PRE_FN_UN_LAB_INFORMATION,TARGET_DM_CP_N_HARMONIZED_AND_CHEMISTRY_CROSSCHECKED,0.0,4.471233838630493,1.8972039838458468,2.235099260395193,3.999230574702454,3.0085775140053355,3.017318520490342,2.4858922958374023,3.217515468597412,6.36843782247634,5.9497439957055,6.234329835097647,6.083851983084193,5.7034077644348145,6.614774053747025,6.025896034495677,6.292285783686163
REALV6R_0377,Paddy rice::RealV6_稻谷_sample3,Paddy rice,稻谷,3,5,nursery,20.0,0.6952,12.31818181818184,12.31818181818184,1.789685166223405,4.08172,6.446776651958435,5.871405166223405,17.71890365100955,0.03476,0.615909090909092,11.074314781880968,2.681242807825086,18.411967779056383,8.665132336018411,7.065592635212887,,86.9,9.62,11.07019562715765,0.0041191547233179,CONSISTENT,20.0±1.3 kg,20.0,"Wuhan, Hubei",Paddy rice paper Table 3,MISSING_IN_TARGET__IMPUTED_906_TRAINING_MEDIAN,REPORTED_INITIAL_BW__NOT_DMI_BACKCALCULATION,RETROSPECTIVE_PRE_FN_UN_LAB_INFORMATION,TARGET_DM_CP_N_HARMONIZED_AND_CHEMISTRY_CROSSCHECKED,0.0,4.471233838630493,1.8972039838458468,2.235099260395193,3.999230574702454,3.0085775140053355,3.017318520490342,2.4858922958374023,3.217515468597412,6.36843782247634,5.9497439957055,6.234329835097647,6.083851983084193,5.7034077644348145,6.614774053747025,6.025896034495677,6.292285783686163
REALV6R_0378,Paddy rice::RealV6_稻谷_sample3,Paddy rice,稻谷,3,6,nursery,20.0,0.6952,12.31818181818184,12.31818181818184,2.909894889105978,2.365062,7.043224929075862,5.274956889105978,17.71890365100955,0.03476,0.615909090909092,11.074314781880968,2.681242807825086,18.411967779056383,8.665132336018411,7.065592635212887,,86.9,9.62,11.07019562715765,0.0041191547233179,CONSISTENT,20.0±1.3 kg,20.0,"Wuhan, Hubei",Paddy rice paper Table 3,MISSING_IN_TARGET__IMPUTED_906_TRAINING_MEDIAN,REPORTED_INITIAL_BW__NOT_DMI_BACKCALCULATION,RETROSPECTIVE_PRE_FN_UN_LAB_INFORMATION,TARGET_DM_CP_N_HARMONIZED_AND_CHEMISTRY_CROSSCHECKED,0.0,4.471233838630493,1.8972039838458468,2.235099260395193,3.999230574702454,3.0085775140053355,3.017318520490342,2.4858922958374023,3.217515468597412,6.36843782247634,5.9497439957055,6.234329835097647,6.083851983084193,5.7034077644348145,6.614774053747025,6.025896034495677,6.292285783686163
REALV6R_0379,Paddy rice::RealV6_稻谷_sample4,Paddy rice,稻谷,4,1,nursery,20.0,0.70016,17.98808507858544,17.98808507858544,3.142868925262163,3.857118666666656,10.98809748665662,6.999987591928819,25.69139207978953,0.035008,0.8994042539292719,16.057120049868455,1.4853747714808043,16.316270566727606,7.106946983546618,6.764168190127971,,87.52,14.05,16.05347349177331,0.003646558095145,CONSISTENT,20.0±1.3 kg,20.0,"Nanchang, Jiangxi",Paddy rice paper Table 3,MISSING_IN_TARGET__IMPUTED_906_TRAINING_MEDIAN,REPORTED_INITIAL_BW__NOT_DMI_BACKCALCULATION,RETROSPECTIVE_PRE_FN_UN_LAB_INFORMATION,TARGET_DM_CP_N_HARMONIZED_AND_CHEMISTRY_CROSSCHECKED,-1.7763568394002505e-15,3.897013119120199,3.5177515010282585,3.450514254301767,4.880429295434657,3.6049580724691057,4.243886561791335,2.9352633158365884,4.4920759201049805,7.414764620148457,10.573320458436982,8.330943549736423,9.657141528849015,7.427339235941568,10.56074584264387,7.848844634260441,10.139240444324997
REALV6R_0380,Paddy rice::RealV6_稻谷_sample4,Paddy rice,稻谷,4,2,nursery,20.0,0.70016,17.98808507858544,17.98808507858544,3.066461126008496,1.851487,13.070136952576942,4.917948126008496,25.69139207978953,0.035008,0.8994042539292719,16.057120049868455,1.4853747714808043,16.316270566727606,7.106946983546618,6.764168190127971,,87.52,14.05,16.05347349177331,0.003646558095145,CONSISTENT,20.0±1.3 kg,20.0,"Nanchang, Jiangxi",Paddy rice paper Table 3,MISSING_IN_TARGET__IMPUTED_906_TRAINING_MEDIAN,REPORTED_INITIAL_BW__NOT_DMI_BACKCALCULATION,RETROSPECTIVE_PRE_FN_UN_LAB_INFORMATION,TARGET_DM_CP_N_HARMONIZED_AND_CHEMISTRY_CROSSCHECKED,0.0,3.897013119120199,3.5177515010282585,3.450514254301767,4.880429295434657,3.6049580724691057,4.243886561791335,2.9352633158365884,4.4920759201049805,7.414764620148457,10.573320458436982,8.330943549736423,9.657141528849015,7.427339235941568,10.56074584264387,7.848844634260441,10.139240444324997
REALV6R_0381,Paddy rice::RealV6_稻谷_sample4,Paddy rice,稻谷,4,3,nursery,20.0,0.70016,17.98808507858544,17.98808507858544,1.537003695279232,2.546202000000004,13.904879383306202,4.083205695279236,25.69139207978953,0.035008,0.8994042539292719,16.057120049868455,1.4853747714808043,16.316270566727606,7.106946983546618,6.764168190127971,,87.52,14.05,16.05347349177331,0.003646558095145,CONSISTENT,20.0±1.3 kg,20.0,"Nanchang, Jiangxi",Paddy rice paper Table 3,MISSING_IN_TARGET__IMPUTED_906_TRAINING_MEDIAN,REPORTED_INITIAL_BW__NOT_DMI_BACKCALCULATION,RETROSPECTIVE_PRE_FN_UN_LAB_INFORMATION,TARGET_DM_CP_N_HARMONIZED_AND_CHEMISTRY_CROSSCHECKED,0.0,3.897013119120199,3.5177515010282585,3.450514254301767,4.880429295434657,3.6049580724691057,4.243886561791335,2.9352633158365884,4.4920759201049805,7.414764620148457,10.573320458436982,8.330943549736423,9.657141528849015,7.427339235941568,10.56074584264387,7.848844634260441,10.139240444324997
REALV6R_0382,Paddy rice::RealV6_稻谷_sample4,Paddy rice,稻谷,4,4,nursery,20.0,0.70016,17.98808507858544,17.98808507858544,1.542071905482858,2.290115000000003,14.155898173102578,3.832186905482861,25.69139207978953,0.035008,0.8994042539292719,16.057120049868455,1.4853747714808043,16.316270566727606,7.106946983546618,6.764168190127971,,87.52,14.05,16.05347349177331,0.003646558095145,CONSISTENT,20.0±1.3 kg,20.0,"Nanchang, Jiangxi",Paddy rice paper Table 3,MISSING_IN_TARGET__IMPUTED_906_TRAINING_MEDIAN,REPORTED_INITIAL_BW__NOT_DMI_BACKCALCULATION,RETROSPECTIVE_PRE_FN_UN_LAB_INFORMATION,TARGET_DM_CP_N_HARMONIZED_AND_CHEMISTRY_CROSSCHECKED,0.0,3.897013119120199,3.5177515010282585,3.450514254301767,4.880429295434657,3.6049580724691057,4.243886561791335,2.9352633158365884,4.4920759201049805,7.414764620148457,10.573320458436982,8.330943549736423,9.657141528849015,7.427339235941568,10.56074584264387,7.848844634260441,10.139240444324997
REALV6R_0383,Paddy rice::RealV6_稻谷_sample4,Paddy rice,稻谷,4,5,nursery,20.0,0.70016,17.98808507858544,17.98808507858544,2.688194444444458,2.616348166666665,12.683542467474316,5.304542611111122,25.69139207978953,0.035008,0.8994042539292719,16.057120049868455,1.4853747714808043,16.316270566727606,7.106946983546618,6.764168190127971,,87.52,14.05,16.05347349177331,0.003646558095145,CONSISTENT,20.0±1.3 kg,20.0,"Nanchang, Jiangxi",Paddy rice paper Table 3,MISSING_IN_TARGET__IMPUTED_906_TRAINING_MEDIAN,REPORTED_INITIAL_BW__NOT_DMI_BACKCALCULATION,RETROSPECTIVE_PRE_FN_UN_LAB_INFORMATION,TARGET_DM_CP_N_HARMONIZED_AND_CHEMISTRY_CROSSCHECKED,0.0,3.897013119120199,3.5177515010282585,3.450514254301767,4.880429295434657,3.6049580724691057,4.243886561791335,2.9352633158365884,4.4920759201049805,7.414764620148457,10.573320458436982,8.330943549736423,9.657141528849015,7.427339235941568,10.56074584264387,7.848844634260441,10.139240444324997
REALV6R_0384,Paddy rice::RealV6_稻谷_sample4,Paddy rice,稻谷,4,6,nursery,20.0,0.70016,17.98808507858544,17.98808507858544,1.493341855222169,5.809293999999993,10.685449223363277,7.302635855222162,25.69139207978953,0.035008,0.8994042539292719,16.057120049868455,1.4853747714808043,16.316270566727606,7.106946983546618,6.764168190127971,,87.52,14.05,16.05347349177331,0.003646558095145,CONSISTENT,20.0±1.3 kg,20.0,"Nanchang, Jiangxi",Paddy rice paper Table 3,MISSING_IN_TARGET__IMPUTED_906_TRAINING_MEDIAN,REPORTED_INITIAL_BW__NOT_DMI_BACKCALCULATION,RETROSPECTIVE_PRE_FN_UN_LAB_INFORMATION,TARGET_DM_CP_N_HARMONIZED_AND_CHEMISTRY_CROSSCHECKED,-1.7763568394002505e-15,3.897013119120199,3.5177515010282585,3.450514254301767,4.880429295434657,3.6049580724691057,4.243886561791335,2.9352633158365884,4.4920759201049805,7.414764620148457,10.573320458436982,8.330943549736423,9.657141528849015,7.427339235941568,10.56074584264387,7.848844634260441,10.139240444324997
REALV6R_0385,Paddy rice::RealV6_稻谷_sample5,Paddy rice,稻谷,5,1,nursery,20.0,0.6944,15.482927460611682,15.482927460611682,1.618417513507463,4.443633,9.42087694710422,6.062050513507463,22.29684254120346,0.03472,0.7741463730305841,13.93552658825216,1.0483870967741935,17.903225806451612,7.511520737327189,6.612903225806452,,86.8,12.1,13.940092165898616,-0.0045655776464563,CONSISTENT,20.0±1.3 kg,20.0,"Zunyi, Guizhou",Paddy rice paper Table 3,MISSING_IN_TARGET__IMPUTED_906_TRAINING_MEDIAN,REPORTED_INITIAL_BW__NOT_DMI_BACKCALCULATION,RETROSPECTIVE_PRE_FN_UN_LAB_INFORMATION,TARGET_DM_CP_N_HARMONIZED_AND_CHEMISTRY_CROSSCHECKED,0.0,4.171659791451892,2.8633571920228587,2.2601547215578344,4.2211335485838495,2.921343729419512,3.5868804058164527,2.7088050047556558,3.9618302981058755,7.03501698347475,8.447910477136933,6.481288270141684,9.001639190469998,6.670635302861531,8.81229215775015,6.508224135235965,8.974703325375717
REALV6R_0386,Paddy rice::RealV6_稻谷_sample5,Paddy rice,稻谷,5,2,nursery,20.0,0.6944,15.482927460611682,15.482927460611682,2.063603491271821,3.391741000000006,10.027582969339855,5.455344491271827,22.29684254120346,0.03472,0.7741463730305841,13.93552658825216,1.0483870967741935,17.903225806451612,7.511520737327189,6.612903225806452,,86.8,12.1,13.940092165898616,-0.0045655776464563,CONSISTENT,20.0±1.3 kg,20.0,"Zunyi, Guizhou",Paddy rice paper Table 3,MISSING_IN_TARGET__IMPUTED_906_TRAINING_MEDIAN,REPORTED_INITIAL_BW__NOT_DMI_BACKCALCULATION,RETROSPECTIVE_PRE_FN_UN_LAB_INFORMATION,TARGET_DM_CP_N_HARMONIZED_AND_CHEMISTRY_CROSSCHECKED,-1.7763568394002505e-15,4.171659791451892,2.8633571920228587,2.2601547215578344,4.2211335485838495,2.921343729419512,3.5868804058164527,2.7088050047556558,3.9618302981058755,7.03501698347475,8.447910477136933,6.481288270141684,9.001639190469998,6.670635302861531,8.81229215775015,6.508224135235965,8.974703325375717
REALV6R_0387,Paddy rice::RealV6_稻谷_sample5,Paddy rice,稻谷,5,3,nursery,20.0,0.6944,15.482927460611682,15.482927460611682,2.513635182011098,0.560512666666666,12.408779611933918,3.074147848677764,22.29684254120346,0.03472,0.7741463730305841,13.93552658825216,1.0483870967741935,17.903225806451612,7.511520737327189,6.612903225806452,,86.8,12.1,13.940092165898616,-0.0045655776464563,CONSISTENT,20.0±1.3 kg,20.0,"Zunyi, Guizhou",Paddy rice paper Table 3,MISSING_IN_TARGET__IMPUTED_906_TRAINING_MEDIAN,REPORTED_INITIAL_BW__NOT_DMI_BACKCALCULATION,RETROSPECTIVE_PRE_FN_UN_LAB_INFORMATION,TARGET_DM_CP_N_HARMONIZED_AND_CHEMISTRY_CROSSCHECKED,0.0,4.171659791451892,2.8633571920228587,2.2601547215578344,4.2211335485838495,2.921343729419512,3.5868804058164527,2.7088050047556558,3.9618302981058755,7.03501698347475,8.447910477136933,6.481288270141684,9.001639190469998,6.670635302861531,8.81229215775015,6.508224135235965,8.974703325375717
REALV6R_0388,Paddy rice::RealV6_稻谷_sample5,Paddy rice,稻谷,5,4,nursery,20.0,0.6944,15.482927460611682,15.482927460611682,2.290428865924807,1.54356,11.648938594686877,3.833988865924807,22.29684254120346,0.03472,0.7741463730305841,13.93552658825216,1.0483870967741935,17.903225806451612,7.511520737327189,6.612903225806452,,86.8,12.1,13.940092165898616,-0.0045655776464563,CONSISTENT,20.0±1.3 kg,20.0,"Zunyi, Guizhou",Paddy rice paper Table 3,MISSING_IN_TARGET__IMPUTED_906_TRAINING_MEDIAN,REPORTED_INITIAL_BW__NOT_DMI_BACKCALCULATION,RETROSPECTIVE_PRE_FN_UN_LAB_INFORMATION,TARGET_DM_CP_N_HARMONIZED_AND_CHEMISTRY_CROSSCHECKED,0.0,4.171659791451892,2.8633571920228587,2.2601547215578344,4.2211335485838495,2.921343729419512,3.5868804058164527,2.7088050047556558,3.9618302981058755,7.03501698347475,8.447910477136933,6.481288270141684,9.001639190469998,6.670635302861531,8.81229215775015,6.508224135235965,8.974703325375717
REALV6R_0389,Paddy rice::RealV6_稻谷_sample5,Paddy rice,稻谷,5,5,nursery,20.0,0.6944,15.482927460611682,15.482927460611682,3.262707999099149,3.620410166666664,8.599809294845869,6.883118165765813,22.29684254120346,0.03472,0.7741463730305841,13.93552658825216,1.0483870967741935,17.903225806451612,7.511520737327189,6.612903225806452,,86.8,12.1,13.940092165898616,-0.0045655776464563,CONSISTENT,20.0±1.3 kg,20.0,"Zunyi, Guizhou",Paddy rice paper Table 3,MISSING_IN_TARGET__IMPUTED_906_TRAINING_MEDIAN,REPORTED_INITIAL_BW__NOT_DMI_BACKCALCULATION,RETROSPECTIVE_PRE_FN_UN_LAB_INFORMATION,TARGET_DM_CP_N_HARMONIZED_AND_CHEMISTRY_CROSSCHECKED,0.0,4.171659791451892,2.8633571920228587,2.2601547215578344,4.2211335485838495,2.921343729419512,3.5868804058164527,2.7088050047556558,3.9618302981058755,7.03501698347475,8.447910477136933,6.481288270141684,9.001639190469998,6.670635302861531,8.81229215775015,6.508224135235965,8.974703325375717
REALV6R_0390,Paddy rice::RealV6_稻谷_sample5,Paddy rice,稻谷,5,6,nursery,20.0,0.6944,15.482927460611682,15.482927460611682,2.718163645198068,2.764848333333337,9.999915482080278,5.483011978531405,22.29684254120346,0.03472,0.7741463730305841,13.93552658825216,1.0483870967741935,17.903225806451612,7.511520737327189,6.612903225806452,,86.8,12.1,13.940092165898616,-0.0045655776464563,CONSISTENT,20.0±1.3 kg,20.0,"Zunyi, Guizhou",Paddy rice paper Table 3,MISSING_IN_TARGET__IMPUTED_906_TRAINING_MEDIAN,REPORTED_INITIAL_BW__NOT_DMI_BACKCALCULATION,RETROSPECTIVE_PRE_FN_UN_LAB_INFORMATION,TARGET_DM_CP_N_HARMONIZED_AND_CHEMISTRY_CROSSCHECKED,0.0,4.171659791451892,2.8633571920228587,2.2601547215578344,4.2211335485838495,2.921343729419512,3.5868804058164527,2.7088050047556558,3.9618302981058755,7.03501698347475,8.447910477136933,6.481288270141684,9.001639190469998,6.670635302861531,8.81229215775015,6.508224135235965,8.974703325375717
REALV6R_0391,Paddy rice::RealV6_稻谷_sample6,Paddy rice,稻谷,6,1,nursery,20.0,0.78192,16.849785230061393,16.849785230061393,2.104756348009073,3.401082333333342,11.34394654871898,5.505838681342415,21.549244462427605,0.039096,0.8424892615030697,13.468277789017252,2.61279926335175,18.77302025782689,7.734806629834255,6.111878453038674,,86.88,11.7,13.466850828729282,0.0014269602879704,CONSISTENT,20.0±1.3 kg,22.5,"Yueyang, Hunan",Paddy rice paper Table 3,MISSING_IN_TARGET__IMPUTED_906_TRAINING_MEDIAN,REPORTED_INITIAL_BW__NOT_DMI_BACKCALCULATION,RETROSPECTIVE_PRE_FN_UN_LAB_INFORMATION,TARGET_DM_CP_N_HARMONIZED_AND_CHEMISTRY_CROSSCHECKED,0.0,4.600364528468518,2.417326792737928,2.7502952467688044,4.8475186729340765,3.390233634643547,3.712311957856048,3.026690721511841,3.8452831904093423,7.017691321206446,9.832093908854947,7.597813919702881,9.251971310358512,6.871973911921183,9.97781131814021,7.102545592499595,9.747239637561798
REALV6R_0392,Paddy rice::RealV6_稻谷_sample6,Paddy rice,稻谷,6,2,nursery,20.0,0.78192,16.849785230061393,16.849785230061393,3.195898743305948,1.772432666666665,11.88145382008878,4.968331409972613,21.549244462427605,0.039096,0.8424892615030697,13.468277789017252,2.61279926335175,18.77302025782689,7.734806629834255,6.111878453038674,,86.88,11.7,13.466850828729282,0.0014269602879704,CONSISTENT,20.0±1.3 kg,22.5,"Yueyang, Hunan",Paddy rice paper Table 3,MISSING_IN_TARGET__IMPUTED_906_TRAINING_MEDIAN,REPORTED_INITIAL_BW__NOT_DMI_BACKCALCULATION,RETROSPECTIVE_PRE_FN_UN_LAB_INFORMATION,TARGET_DM_CP_N_HARMONIZED_AND_CHEMISTRY_CROSSCHECKED,0.0,4.600364528468518,2.417326792737928,2.7502952467688044,4.8475186729340765,3.390233634643547,3.712311957856048,3.026690721511841,3.8452831904093423,7.017691321206446,9.832093908854947,7.597813919702881,9.251971310358512,6.871973911921183,9.97781131814021,7.102545592499595,9.747239637561798
REALV6R_0393,Paddy rice::RealV6_稻谷_sample6,Paddy rice,稻谷,6,3,nursery,20.0,0.78192,16.849785230061393,16.849785230061393,3.13721197411002,2.877714,10.834859255951372,6.01492597411002,21.549244462427605,0.039096,0.8424892615030697,13.468277789017252,2.61279926335175,18.77302025782689,7.734806629834255,6.111878453038674,,86.88,11.7,13.466850828729282,0.0014269602879704,CONSISTENT,20.0±1.3 kg,22.5,"Yueyang, Hunan",Paddy rice paper Table 3,MISSING_IN_TARGET__IMPUTED_906_TRAINING_MEDIAN,REPORTED_INITIAL_BW__NOT_DMI_BACKCALCULATION,RETROSPECTIVE_PRE_FN_UN_LAB_INFORMATION,TARGET_DM_CP_N_HARMONIZED_AND_CHEMISTRY_CROSSCHECKED,0.0,4.600364528468518,2.417326792737928,2.7502952467688044,4.8475186729340765,3.390233634643547,3.712311957856048,3.026690721511841,3.8452831904093423,7.017691321206446,9.832093908854947,7.597813919702881,9.251971310358512,6.871973911921183,9.97781131814021,7.102545592499595,9.747239637561798
REALV6R_0394,Paddy rice::RealV6_稻谷_sample6,Paddy rice,稻谷,6,4,nursery,20.0,0.78192,16.849785230061393,16.849785230061393,2.498173498891008,2.69703,11.654581731170383,5.195203498891008,21.549244462427605,0.039096,0.8424892615030697,13.468277789017252,2.61279926335175,18.77302025782689,7.734806629834255,6.111878453038674,,86.88,11.7,13.466850828729282,0.0014269602879704,CONSISTENT,20.0±1.3 kg,22.5,"Yueyang, Hunan",Paddy rice paper Table 3,MISSING_IN_TARGET__IMPUTED_906_TRAINING_MEDIAN,REPORTED_INITIAL_BW__NOT_DMI_BACKCALCULATION,RETROSPECTIVE_PRE_FN_UN_LAB_INFORMATION,TARGET_DM_CP_N_HARMONIZED_AND_CHEMISTRY_CROSSCHECKED,0.0,4.600364528468518,2.417326792737928,2.7502952467688044,4.8475186729340765,3.390233634643547,3.712311957856048,3.026690721511841,3.8452831904093423,7.017691321206446,9.832093908854947,7.597813919702881,9.251971310358512,6.871973911921183,9.97781131814021,7.102545592499595,9.747239637561798
REALV6R_0395,Paddy rice::RealV6_稻谷_sample6,Paddy rice,稻谷,6,5,nursery,20.0,0.78192,16.849785230061393,16.849785230061393,1.050887080932952,2.17153933333333,13.62735881579511,3.222426414266282,21.549244462427605,0.039096,0.8424892615030697,13.468277789017252,2.61279926335175,18.77302025782689,7.734806629834255,6.111878453038674,,86.88,11.7,13.466850828729282,0.0014269602879704,CONSISTENT,20.0±1.3 kg,22.5,"Yueyang, Hunan",Paddy rice paper Table 3,MISSING_IN_TARGET__IMPUTED_906_TRAINING_MEDIAN,REPORTED_INITIAL_BW__NOT_DMI_BACKCALCULATION,RETROSPECTIVE_PRE_FN_UN_LAB_INFORMATION,TARGET_DM_CP_N_HARMONIZED_AND_CHEMISTRY_CROSSCHECKED,0.0,4.600364528468518,2.417326792737928,2.7502952467688044,4.8475186729340765,3.390233634643547,3.712311957856048,3.026690721511841,3.8452831904093423,7.017691321206446,9.832093908854947,7.597813919702881,9.251971310358512,6.871973911921183,9.97781131814021,7.102545592499595,9.747239637561798
REALV6R_0396,Paddy rice::RealV6_稻谷_sample6,Paddy rice,稻谷,6,6,nursery,20.0,0.78192,16.849785230061393,16.849785230061393,3.735247711571418,3.302946999999997,9.81159051848998,7.038194711571415,21.549244462427605,0.039096,0.8424892615030697,13.468277789017252,2.61279926335175,18.77302025782689,7.734806629834255,6.111878453038674,,86.88,11.7,13.466850828729282,0.0014269602879704,CONSISTENT,20.0±1.3 kg,22.5,"Yueyang, Hunan",Paddy rice paper Table 3,MISSING_IN_TARGET__IMPUTED_906_TRAINING_MEDIAN,REPORTED_INITIAL_BW__NOT_DMI_BACKCALCULATION,RETROSPECTIVE_PRE_FN_UN_LAB_INFORMATION,TARGET_DM_CP_N_HARMONIZED_AND_CHEMISTRY_CROSSCHECKED,0.0,4.600364528468518,2.417326792737928,2.7502952467688044,4.8475186729340765,3.390233634643547,3.712311957856048,3.026690721511841,3.8452831904093423,7.017691321206446,9.832093908854947,7.597813919702881,9.251971310358512,6.871973911921183,9.97781131814021,7.102545592499595,9.747239637561798
REALV6R_0397,Paddy rice::RealV6_稻谷_sample7,Paddy rice,稻谷,7,1,nursery,20.0,0.77859,16.837390873797567,16.837390873797567,2.518308086751537,6.108693833333317,8.210388953712712,8.627001920084854,21.62549078950098,0.0389295,0.8418695436898783,13.515931743438111,4.589064847994451,18.471852964975145,7.74476939082187,6.519477517050051,,86.51,11.69,13.5128886833892,0.0030430600489097,CONSISTENT,20.0±1.3 kg,22.5,"Yongzhou, Hunan",Paddy rice paper Table 3,MISSING_IN_TARGET__IMPUTED_906_TRAINING_MEDIAN,REPORTED_INITIAL_BW__NOT_DMI_BACKCALCULATION,RETROSPECTIVE_PRE_FN_UN_LAB_INFORMATION,TARGET_DM_CP_N_HARMONIZED_AND_CHEMISTRY_CROSSCHECKED,0.0,4.649687748429564,2.19126201433194,2.801736945430674,5.110466118676277,3.44094255218313,3.746828897706073,3.1389346917470298,3.683647314707438,6.840949762761504,9.996441111036063,7.912203064106952,8.925187809690616,6.822582006454468,10.014808867343099,7.187771449889203,9.649619423908364
REALV6R_0398,Paddy rice::RealV6_稻谷_sample7,Paddy rice,稻谷,7,2,nursery,20.0,0.77859,16.837390873797567,16.837390873797567,2.539688789396545,2.745766666666672,11.55193541773435,5.285455456063216,21.62549078950098,0.0389295,0.8418695436898783,13.515931743438111,4.589064847994451,18.471852964975145,7.74476939082187,6.519477517050051,,86.51,11.69,13.5128886833892,0.0030430600489097,CONSISTENT,20.0±1.3 kg,22.5,"Yongzhou, Hunan",Paddy rice paper Table 3,MISSING_IN_TARGET__IMPUTED_906_TRAINING_MEDIAN,REPORTED_INITIAL_BW__NOT_DMI_BACKCALCULATION,RETROSPECTIVE_PRE_FN_UN_LAB_INFORMATION,TARGET_DM_CP_N_HARMONIZED_AND_CHEMISTRY_CROSSCHECKED,0.0,4.649687748429564,2.19126201433194,2.801736945430674,5.110466118676277,3.44094255218313,3.746828897706073,3.1389346917470298,3.683647314707438,6.840949762761504,9.996441111036063,7.912203064106952,8.925187809690616,6.822582006454468,10.014808867343099,7.187771449889203,9.649619423908364
REALV6R_0399,Paddy rice::RealV6_稻谷_sample7,Paddy rice,稻谷,7,3,nursery,20.0,0.77859,16.837390873797567,16.837390873797567,3.612321254442509,3.923831999999995,9.301237619355064,7.536153254442504,21.62549078950098,0.0389295,0.8418695436898783,13.515931743438111,4.589064847994451,18.471852964975145,7.74476939082187,6.519477517050051,,86.51,11.69,13.5128886833892,0.0030430600489097,CONSISTENT,20.0±1.3 kg,22.5,"Yongzhou, Hunan",Paddy rice paper Table 3,MISSING_IN_TARGET__IMPUTED_906_TRAINING_MEDIAN,REPORTED_INITIAL_BW__NOT_DMI_BACKCALCULATION,RETROSPECTIVE_PRE_FN_UN_LAB_INFORMATION,TARGET_DM_CP_N_HARMONIZED_AND_CHEMISTRY_CROSSCHECKED,-1.7763568394002505e-15,4.649687748429564,2.19126201433194,2.801736945430674,5.110466118676277,3.44094255218313,3.746828897706073,3.1389346917470298,3.683647314707438,6.840949762761504,9.996441111036063,7.912203064106952,8.925187809690616,6.822582006454468,10.014808867343099,7.187771449889203,9.649619423908364
REALV6R_0400,Paddy rice::RealV6_稻谷_sample7,Paddy rice,稻谷,7,4,nursery,20.0,0.77859,16.837390873797567,16.837390873797567,3.598879828038759,1.673839999999996,11.56467104575881,5.272719828038755,21.62549078950098,0.0389295,0.8418695436898783,13.515931743438111,4.589064847994451,18.471852964975145,7.74476939082187,6.519477517050051,,86.51,11.69,13.5128886833892,0.0030430600489097,CONSISTENT,20.0±1.3 kg,22.5,"Yongzhou, Hunan",Paddy rice paper Table 3,MISSING_IN_TARGET__IMPUTED_906_TRAINING_MEDIAN,REPORTED_INITIAL_BW__NOT_DMI_BACKCALCULATION,RETROSPECTIVE_PRE_FN_UN_LAB_INFORMATION,TARGET_DM_CP_N_HARMONIZED_AND_CHEMISTRY_CROSSCHECKED,0.0,4.649687748429564,2.19126201433194,2.801736945430674,5.110466118676277,3.44094255218313,3.746828897706073,3.1389346917470298,3.683647314707438,6.840949762761504,9.996441111036063,7.912203064106952,8.925187809690616,6.822582006454468,10.014808867343099,7.187771449889203,9.649619423908364
REALV6R_0401,Paddy rice::RealV6_稻谷_sample7,Paddy rice,稻谷,7,5,nursery,20.0,0.77859,16.837390873797567,16.837390873797567,3.589515755780722,2.06026333333333,11.187611784683517,5.649779089114052,21.62549078950098,0.0389295,0.8418695436898783,13.515931743438111,4.589064847994451,18.471852964975145,7.74476939082187,6.519477517050051,,86.51,11.69,13.5128886833892,0.0030430600489097,CONSISTENT,20.0±1.3 kg,22.5,"Yongzhou, Hunan",Paddy rice paper Table 3,MISSING_IN_TARGET__IMPUTED_906_TRAINING_MEDIAN,REPORTED_INITIAL_BW__NOT_DMI_BACKCALCULATION,RETROSPECTIVE_PRE_FN_UN_LAB_INFORMATION,TARGET_DM_CP_N_HARMONIZED_AND_CHEMISTRY_CROSSCHECKED,0.0,4.649687748429564,2.19126201433194,2.801736945430674,5.110466118676277,3.44094255218313,3.746828897706073,3.1389346917470298,3.683647314707438,6.840949762761504,9.996441111036063,7.912203064106952,8.925187809690616,6.822582006454468,10.014808867343099,7.187771449889203,9.649619423908364
REALV6R_0402,Paddy rice::RealV6_稻谷_sample7,Paddy rice,稻谷,7,6,nursery,20.0,0.77859,16.837390873797567,16.837390873797567,2.008450967023322,5.045005,9.783934906774244,7.0534559670233214,21.62549078950098,0.0389295,0.8418695436898783,13.515931743438111,4.589064847994451,18.471852964975145,7.74476939082187,6.519477517050051,,86.51,11.69,13.5128886833892,0.0030430600489097,CONSISTENT,20.0±1.3 kg,22.5,"Yongzhou, Hunan",Paddy rice paper Table 3,MISSING_IN_TARGET__IMPUTED_906_TRAINING_MEDIAN,REPORTED_INITIAL_BW__NOT_DMI_BACKCALCULATION,RETROSPECTIVE_PRE_FN_UN_LAB_INFORMATION,TARGET_DM_CP_N_HARMONIZED_AND_CHEMISTRY_CROSSCHECKED,0.0,4.649687748429564,2.19126201433194,2.801736945430674,5.110466118676277,3.44094255218313,3.746828897706073,3.1389346917470298,3.683647314707438,6.840949762761504,9.996441111036063,7.912203064106952,8.925187809690616,6.822582006454468,10.014808867343099,7.187771449889203,9.649619423908364
REALV6R_0403,Paddy rice::RealV6_稻谷_sample8,Paddy rice,稻谷,8,1,nursery,20.0,0.78147,16.184058641514,16.184058641514,2.817567893563027,3.780849999999996,9.585640747950976,6.598417893563023,20.709763191823104,0.0390735,0.8092029320756999,12.94360199488944,2.579753541402741,19.40573534492687,8.199930899458712,6.79488655994472,,86.83,11.24,12.944834734538755,-0.0012327396493159,CONSISTENT,20.0±1.3 kg,22.5,"Lu’an City, Anhui",Paddy rice paper Table 3,MISSING_IN_TARGET__IMPUTED_906_TRAINING_MEDIAN,REPORTED_INITIAL_BW__NOT_DMI_BACKCALCULATION,RETROSPECTIVE_PRE_FN_UN_LAB_INFORMATION,TARGET_DM_CP_N_HARMONIZED_AND_CHEMISTRY_CROSSCHECKED,1.7763568394002505e-15,4.685099553316825,2.1741314105777096,2.5028821897713525,4.520494208578367,3.2577104956262386,3.4244462684936408,2.984880050023397,3.6922173500061035,6.859230963894535,9.324827677619464,7.02337639834972,9.16068224316428,6.677097400029501,9.506961241484499,6.682156764119879,9.50190187739412
REALV6R_0404,Paddy rice::RealV6_稻谷_sample8,Paddy rice,稻谷,8,2,nursery,20.0,0.78147,16.184058641514,16.184058641514,3.959957879957874,3.15367,9.070430761556125,7.113627879957874,20.709763191823104,0.0390735,0.8092029320756999,12.94360199488944,2.579753541402741,19.40573534492687,8.199930899458712,6.79488655994472,,86.83,11.24,12.944834734538755,-0.0012327396493159,CONSISTENT,20.0±1.3 kg,22.5,"Lu’an City, Anhui",Paddy rice paper Table 3,MISSING_IN_TARGET__IMPUTED_906_TRAINING_MEDIAN,REPORTED_INITIAL_BW__NOT_DMI_BACKCALCULATION,RETROSPECTIVE_PRE_FN_UN_LAB_INFORMATION,TARGET_DM_CP_N_HARMONIZED_AND_CHEMISTRY_CROSSCHECKED,1.7763568394002505e-15,4.685099553316825,2.1741314105777096,2.5028821897713525,4.520494208578367,3.2577104956262386,3.4244462684936408,2.984880050023397,3.6922173500061035,6.859230963894535,9.324827677619464,7.02337639834972,9.16068224316428,6.677097400029501,9.506961241484499,6.682156764119879,9.50190187739412
REALV6R_0405,Paddy rice::RealV6_稻谷_sample8,Paddy rice,稻谷,8,3,nursery,20.0,0.78147,16.184058641514,16.184058641514,2.669810846953927,3.93721999999999,9.577027794560085,6.607030846953917,20.709763191823104,0.0390735,0.8092029320756999,12.94360199488944,2.579753541402741,19.40573534492687,8.199930899458712,6.79488655994472,,86.83,11.24,12.944834734538755,-0.0012327396493159,CONSISTENT,20.0±1.3 kg,22.5,"Lu’an City, Anhui",Paddy rice paper Table 3,MISSING_IN_TARGET__IMPUTED_906_TRAINING_MEDIAN,REPORTED_INITIAL_BW__NOT_DMI_BACKCALCULATION,RETROSPECTIVE_PRE_FN_UN_LAB_INFORMATION,TARGET_DM_CP_N_HARMONIZED_AND_CHEMISTRY_CROSSCHECKED,-1.7763568394002505e-15,4.685099553316825,2.1741314105777096,2.5028821897713525,4.520494208578367,3.2577104956262386,3.4244462684936408,2.984880050023397,3.6922173500061035,6.859230963894535,9.324827677619464,7.02337639834972,9.16068224316428,6.677097400029501,9.506961241484499,6.682156764119879,9.50190187739412
REALV6R_0406,Paddy rice::RealV6_稻谷_sample8,Paddy rice,稻谷,8,4,nursery,20.0,0.78147,16.184058641514,16.184058641514,2.577266968468466,1.32498666666667,12.281805006378864,3.902253635135137,20.709763191823104,0.0390735,0.8092029320756999,12.94360199488944,2.579753541402741,19.40573534492687,8.199930899458712,6.79488655994472,,86.83,11.24,12.944834734538755,-0.0012327396493159,CONSISTENT,20.0±1.3 kg,22.5,"Lu’an City, Anhui",Paddy rice paper Table 3,MISSING_IN_TARGET__IMPUTED_906_TRAINING_MEDIAN,REPORTED_INITIAL_BW__NOT_DMI_BACKCALCULATION,RETROSPECTIVE_PRE_FN_UN_LAB_INFORMATION,TARGET_DM_CP_N_HARMONIZED_AND_CHEMISTRY_CROSSCHECKED,0.0,4.685099553316825,2.1741314105777096,2.5028821897713525,4.520494208578367,3.2577104956262386,3.4244462684936408,2.984880050023397,3.6922173500061035,6.859230963894535,9.324827677619464,7.02337639834972,9.16068224316428,6.677097400029501,9.506961241484499,6.682156764119879,9.50190187739412
REALV6R_0407,Paddy rice::RealV6_稻谷_sample8,Paddy rice,稻谷,8,5,nursery,20.0,0.78147,16.184058641514,16.184058641514,2.351468204816837,2.487967666666673,11.34462277003049,4.839435871483509,20.709763191823104,0.0390735,0.8092029320756999,12.94360199488944,2.579753541402741,19.40573534492687,8.199930899458712,6.79488655994472,,86.83,11.24,12.944834734538755,-0.0012327396493159,CONSISTENT,20.0±1.3 kg,22.5,"Lu’an City, Anhui",Paddy rice paper Table 3,MISSING_IN_TARGET__IMPUTED_906_TRAINING_MEDIAN,REPORTED_INITIAL_BW__NOT_DMI_BACKCALCULATION,RETROSPECTIVE_PRE_FN_UN_LAB_INFORMATION,TARGET_DM_CP_N_HARMONIZED_AND_CHEMISTRY_CROSSCHECKED,0.0,4.685099553316825,2.1741314105777096,2.5028821897713525,4.520494208578367,3.2577104956262386,3.4244462684936408,2.984880050023397,3.6922173500061035,6.859230963894535,9.324827677619464,7.02337639834972,9.16068224316428,6.677097400029501,9.506961241484499,6.682156764119879,9.50190187739412
REALV6R_0408,Paddy rice::RealV6_稻谷_sample8,Paddy rice,稻谷,8,6,nursery,20.0,0.78147,16.184058641514,16.184058641514,1.777219641566963,1.905370499999995,12.50146849994704,3.682590141566958,20.709763191823104,0.0390735,0.8092029320756999,12.94360199488944,2.579753541402741,19.40573534492687,8.199930899458712,6.79488655994472,,86.83,11.24,12.944834734538755,-0.0012327396493159,CONSISTENT,20.0±1.3 kg,22.5,"Lu’an City, Anhui",Paddy rice paper Table 3,MISSING_IN_TARGET__IMPUTED_906_TRAINING_MEDIAN,REPORTED_INITIAL_BW__NOT_DMI_BACKCALCULATION,RETROSPECTIVE_PRE_FN_UN_LAB_INFORMATION,TARGET_DM_CP_N_HARMONIZED_AND_CHEMISTRY_CROSSCHECKED,0.0,4.685099553316825,2.1741314105777096,2.5028821897713525,4.520494208578367,3.2577104956262386,3.4244462684936408,2.984880050023397,3.6922173500061035,6.859230963894535,9.324827677619464,7.02337639834972,9.16068224316428,6.677097400029501,9.506961241484499,6.682156764119879,9.50190187739412
REALV6R_0409,Paddy rice::RealV6_稻谷_sample9,Paddy rice,稻谷,9,1,nursery,20.0,0.7781399999999999,16.07470057481301,16.07470057481301,2.487577856378645,2.5483575,11.038765218434367,5.035935356378644,20.657851511055867,0.038907,0.8037350287406506,12.911157194409917,2.394170714781402,16.504742077261163,6.106870229007634,6.141568355308814,,86.46,11.16,12.907702984038863,0.0034542103710535,CONSISTENT,20.0±1.3 kg,22.5,"Xiangxi Tujia and Miao Autonomous Prefecture, Hunan",Paddy rice paper Table 3,MISSING_IN_TARGET__IMPUTED_906_TRAINING_MEDIAN,REPORTED_INITIAL_BW__NOT_DMI_BACKCALCULATION,RETROSPECTIVE_PRE_FN_UN_LAB_INFORMATION,TARGET_DM_CP_N_HARMONIZED_AND_CHEMISTRY_CROSSCHECKED,0.0,4.285826244990365,2.421576708290642,2.451390737351716,4.604402441601973,3.085921407651772,3.584746977153569,2.8716750144958496,3.8376569747924805,6.707402953281007,9.367297621532003,7.055793178953689,9.018907395859323,6.70933198928833,9.365368585524681,6.6706683848053405,9.40403219000767
REALV6R_0410,Paddy rice::RealV6_稻谷_sample9,Paddy rice,稻谷,9,2,nursery,20.0,0.7781399999999999,16.07470057481301,16.07470057481301,3.208041566746607,2.1048975,10.761761508066405,5.312939066746607,20.657851511055867,0.038907,0.8037350287406506,12.911157194409917,2.394170714781402,16.504742077261163,6.106870229007634,6.141568355308814,,86.46,11.16,12.907702984038863,0.0034542103710535,CONSISTENT,20.0±1.3 kg,22.5,"Xiangxi Tujia and Miao Autonomous Prefecture, Hunan",Paddy rice paper Table 3,MISSING_IN_TARGET__IMPUTED_906_TRAINING_MEDIAN,REPORTED_INITIAL_BW__NOT_DMI_BACKCALCULATION,RETROSPECTIVE_PRE_FN_UN_LAB_INFORMATION,TARGET_DM_CP_N_HARMONIZED_AND_CHEMISTRY_CROSSCHECKED,0.0,4.285826244990365,2.421576708290642,2.451390737351716,4.604402441601973,3.085921407651772,3.584746977153569,2.8716750144958496,3.8376569747924805,6.707402953281007,9.367297621532003,7.055793178953689,9.018907395859323,6.70933198928833,9.365368585524681,6.6706683848053405,9.40403219000767
REALV6R_0411,Paddy rice::RealV6_稻谷_sample9,Paddy rice,稻谷,9,3,nursery,20.0,0.7781399999999999,16.07470057481301,16.07470057481301,2.377443774509445,3.267138000000001,10.430118800303566,5.6445817745094455,20.657851511055867,0.038907,0.8037350287406506,12.911157194409917,2.394170714781402,16.504742077261163,6.106870229007634,6.141568355308814,,86.46,11.16,12.907702984038863,0.0034542103710535,CONSISTENT,20.0±1.3 kg,22.5,"Xiangxi Tujia and Miao Autonomous Prefecture, Hunan",Paddy rice paper Table 3,MISSING_IN_TARGET__IMPUTED_906_TRAINING_MEDIAN,REPORTED_INITIAL_BW__NOT_DMI_BACKCALCULATION,RETROSPECTIVE_PRE_FN_UN_LAB_INFORMATION,TARGET_DM_CP_N_HARMONIZED_AND_CHEMISTRY_CROSSCHECKED,0.0,4.285826244990365,2.421576708290642,2.451390737351716,4.604402441601973,3.085921407651772,3.584746977153569,2.8716750144958496,3.8376569747924805,6.707402953281007,9.367297621532003,7.055793178953689,9.018907395859323,6.70933198928833,9.365368585524681,6.6706683848053405,9.40403219000767
REALV6R_0412,Paddy rice::RealV6_稻谷_sample9,Paddy rice,稻谷,9,4,nursery,20.0,0.7781399999999999,16.07470057481301,16.07470057481301,2.22085706095802,0.8575529999999972,12.996290513854994,3.078410060958017,20.657851511055867,0.038907,0.8037350287406506,12.911157194409917,2.394170714781402,16.504742077261163,6.106870229007634,6.141568355308814,,86.46,11.16,12.907702984038863,0.0034542103710535,CONSISTENT,20.0±1.3 kg,22.5,"Xiangxi Tujia and Miao Autonomous Prefecture, Hunan",Paddy rice paper Table 3,MISSING_IN_TARGET__IMPUTED_906_TRAINING_MEDIAN,REPORTED_INITIAL_BW__NOT_DMI_BACKCALCULATION,RETROSPECTIVE_PRE_FN_UN_LAB_INFORMATION,TARGET_DM_CP_N_HARMONIZED_AND_CHEMISTRY_CROSSCHECKED,0.0,4.285826244990365,2.421576708290642,2.451390737351716,4.604402441601973,3.085921407651772,3.584746977153569,2.8716750144958496,3.8376569747924805,6.707402953281007,9.367297621532003,7.055793178953689,9.018907395859323,6.70933198928833,9.365368585524681,6.6706683848053405,9.40403219000767
REALV6R_0413,Paddy rice::RealV6_稻谷_sample9,Paddy rice,稻谷,9,5,nursery,20.0,0.7781399999999999,16.07470057481301,16.07470057481301,1.58296638236026,2.814486499999994,11.677247692452758,4.397452882360254,20.657851511055867,0.038907,0.8037350287406506,12.911157194409917,2.394170714781402,16.504742077261163,6.106870229007634,6.141568355308814,,86.46,11.16,12.907702984038863,0.0034542103710535,CONSISTENT,20.0±1.3 kg,22.5,"Xiangxi Tujia and Miao Autonomous Prefecture, Hunan",Paddy rice paper Table 3,MISSING_IN_TARGET__IMPUTED_906_TRAINING_MEDIAN,REPORTED_INITIAL_BW__NOT_DMI_BACKCALCULATION,RETROSPECTIVE_PRE_FN_UN_LAB_INFORMATION,TARGET_DM_CP_N_HARMONIZED_AND_CHEMISTRY_CROSSCHECKED,0.0,4.285826244990365,2.421576708290642,2.451390737351716,4.604402441601973,3.085921407651772,3.584746977153569,2.8716750144958496,3.8376569747924805,6.707402953281007,9.367297621532003,7.055793178953689,9.018907395859323,6.70933198928833,9.365368585524681,6.6706683848053405,9.40403219000767
REALV6R_0414,Paddy rice::RealV6_稻谷_sample9,Paddy rice,稻谷,9,6,nursery,20.0,0.7781399999999999,16.07470057481301,16.07470057481301,1.852159407262709,0.9888959999999984,13.233645167550304,2.8410554072627074,20.657851511055867,0.038907,0.8037350287406506,12.911157194409917,2.394170714781402,16.504742077261163,6.106870229007634,6.141568355308814,,86.46,11.16,12.907702984038863,0.0034542103710535,CONSISTENT,20.0±1.3 kg,22.5,"Xiangxi Tujia and Miao Autonomous Prefecture, Hunan",Paddy rice paper Table 3,MISSING_IN_TARGET__IMPUTED_906_TRAINING_MEDIAN,REPORTED_INITIAL_BW__NOT_DMI_BACKCALCULATION,RETROSPECTIVE_PRE_FN_UN_LAB_INFORMATION,TARGET_DM_CP_N_HARMONIZED_AND_CHEMISTRY_CROSSCHECKED,0.0,4.285826244990365,2.421576708290642,2.451390737351716,4.604402441601973,3.085921407651772,3.584746977153569,2.8716750144958496,3.8376569747924805,6.707402953281007,9.367297621532003,7.055793178953689,9.018907395859323,6.70933198928833,9.365368585524681,6.6706683848053405,9.40403219000767
REALV6R_0415,Paddy rice::RealV6_稻谷_sample10,Paddy rice,稻谷,10,1,nursery,20.0,0.78237,14.864115866945395,14.864115866945395,2.002466713915213,4.46091333333334,8.400735819696845,6.4633800472485525,18.99883158473024,0.0391185,0.7432057933472699,11.8742697404564,1.403428045553894,17.450822500862763,8.662141953295755,6.75255953065685,,86.93,10.32,11.871620844357528,0.0026488960988722,CONSISTENT,20.0±1.3 kg,22.5,"Liuzhou, Guangxi",Paddy rice paper Table 3,MISSING_IN_TARGET__IMPUTED_906_TRAINING_MEDIAN,REPORTED_INITIAL_BW__NOT_DMI_BACKCALCULATION,RETROSPECTIVE_PRE_FN_UN_LAB_INFORMATION,TARGET_DM_CP_N_HARMONIZED_AND_CHEMISTRY_CROSSCHECKED,0.0,4.3840583280255645,2.168492599462894,2.3873650857328528,4.385035355078943,3.0780206558741363,3.349629780343091,2.6900741259256997,3.781680107116699,6.552550927488459,8.311564939456936,6.772400440811796,8.0917154261336,6.4717542330423985,8.392361633902997,6.4276504362172275,8.436465430728168
REALV6R_0416,Paddy rice::RealV6_稻谷_sample10,Paddy rice,稻谷,10,2,nursery,20.0,0.78237,14.864115866945395,14.864115866945395,2.112315166455039,2.738389499999995,10.013411200490363,4.850704666455034,18.99883158473024,0.0391185,0.7432057933472699,11.8742697404564,1.403428045553894,17.450822500862763,8.662141953295755,6.75255953065685,,86.93,10.32,11.871620844357528,0.0026488960988722,CONSISTENT,20.0±1.3 kg,22.5,"Liuzhou, Guangxi",Paddy rice paper Table 3,MISSING_IN_TARGET__IMPUTED_906_TRAINING_MEDIAN,REPORTED_INITIAL_BW__NOT_DMI_BACKCALCULATION,RETROSPECTIVE_PRE_FN_UN_LAB_INFORMATION,TARGET_DM_CP_N_HARMONIZED_AND_CHEMISTRY_CROSSCHECKED,0.0,4.3840583280255645,2.168492599462894,2.3873650857328528,4.385035355078943,3.0780206558741363,3.349629780343091,2.6900741259256997,3.781680107116699,6.552550927488459,8.311564939456936,6.772400440811796,8.0917154261336,6.4717542330423985,8.392361633902997,6.4276504362172275,8.436465430728168
REALV6R_0417,Paddy rice::RealV6_稻谷_sample10,Paddy rice,稻谷,10,3,nursery,20.0,0.78237,14.864115866945395,14.864115866945395,2.538472141971311,3.045683833333336,9.27995989164075,5.584155975304647,18.99883158473024,0.0391185,0.7432057933472699,11.8742697404564,1.403428045553894,17.450822500862763,8.662141953295755,6.75255953065685,,86.93,10.32,11.871620844357528,0.0026488960988722,CONSISTENT,20.0±1.3 kg,22.5,"Liuzhou, Guangxi",Paddy rice paper Table 3,MISSING_IN_TARGET__IMPUTED_906_TRAINING_MEDIAN,REPORTED_INITIAL_BW__NOT_DMI_BACKCALCULATION,RETROSPECTIVE_PRE_FN_UN_LAB_INFORMATION,TARGET_DM_CP_N_HARMONIZED_AND_CHEMISTRY_CROSSCHECKED,0.0,4.3840583280255645,2.168492599462894,2.3873650857328528,4.385035355078943,3.0780206558741363,3.349629780343091,2.6900741259256997,3.781680107116699,6.552550927488459,8.311564939456936,6.772400440811796,8.0917154261336,6.4717542330423985,8.392361633902997,6.4276504362172275,8.436465430728168
REALV6R_0418,Paddy rice::RealV6_稻谷_sample10,Paddy rice,稻谷,10,4,nursery,20.0,0.78237,14.864115866945395,14.864115866945395,1.680707386826696,2.588441499999997,10.594966980118704,4.269148886826693,18.99883158473024,0.0391185,0.7432057933472699,11.8742697404564,1.403428045553894,17.450822500862763,8.662141953295755,6.75255953065685,,86.93,10.32,11.871620844357528,0.0026488960988722,CONSISTENT,20.0±1.3 kg,22.5,"Liuzhou, Guangxi",Paddy rice paper Table 3,MISSING_IN_TARGET__IMPUTED_906_TRAINING_MEDIAN,REPORTED_INITIAL_BW__NOT_DMI_BACKCALCULATION,RETROSPECTIVE_PRE_FN_UN_LAB_INFORMATION,TARGET_DM_CP_N_HARMONIZED_AND_CHEMISTRY_CROSSCHECKED,0.0,4.3840583280255645,2.168492599462894,2.3873650857328528,4.385035355078943,3.0780206558741363,3.349629780343091,2.6900741259256997,3.781680107116699,6.552550927488459,8.311564939456936,6.772400440811796,8.0917154261336,6.4717542330423985,8.392361633902997,6.4276504362172275,8.436465430728168
REALV6R_0419,Paddy rice::RealV6_稻谷_sample10,Paddy rice,稻谷,10,5,nursery,20.0,0.78237,14.864115866945395,14.864115866945395,1.291946557490978,4.877421999999993,8.694747309454426,6.169368557490971,18.99883158473024,0.0391185,0.7432057933472699,11.8742697404564,1.403428045553894,17.450822500862763,8.662141953295755,6.75255953065685,,86.93,10.32,11.871620844357528,0.0026488960988722,CONSISTENT,20.0±1.3 kg,22.5,"Liuzhou, Guangxi",Paddy rice paper Table 3,MISSING_IN_TARGET__IMPUTED_906_TRAINING_MEDIAN,REPORTED_INITIAL_BW__NOT_DMI_BACKCALCULATION,RETROSPECTIVE_PRE_FN_UN_LAB_INFORMATION,TARGET_DM_CP_N_HARMONIZED_AND_CHEMISTRY_CROSSCHECKED,1.7763568394002505e-15,4.3840583280255645,2.168492599462894,2.3873650857328528,4.385035355078943,3.0780206558741363,3.349629780343091,2.6900741259256997,3.781680107116699,6.552550927488459,8.311564939456936,6.772400440811796,8.0917154261336,6.4717542330423985,8.392361633902997,6.4276504362172275,8.436465430728168
REALV6R_0420,Paddy rice::RealV6_稻谷_sample10,Paddy rice,稻谷,10,6,nursery,20.0,0.78237,14.864115866945395,14.864115866945395,2.600844545758322,3.62552666666667,8.637744654520406,6.226371212424992,18.99883158473024,0.0391185,0.7432057933472699,11.8742697404564,1.403428045553894,17.450822500862763,8.662141953295755,6.75255953065685,,86.93,10.32,11.871620844357528,0.0026488960988722,CONSISTENT,20.0±1.3 kg,22.5,"Liuzhou, Guangxi",Paddy rice paper Table 3,MISSING_IN_TARGET__IMPUTED_906_TRAINING_MEDIAN,REPORTED_INITIAL_BW__NOT_DMI_BACKCALCULATION,RETROSPECTIVE_PRE_FN_UN_LAB_INFORMATION,TARGET_DM_CP_N_HARMONIZED_AND_CHEMISTRY_CROSSCHECKED,-1.7763568394002505e-15,4.3840583280255645,2.168492599462894,2.3873650857328528,4.385035355078943,3.0780206558741363,3.349629780343091,2.6900741259256997,3.781680107116699,6.552550927488459,8.311564939456936,6.772400440811796,8.0917154261336,6.4717542330423985,8.392361633902997,6.4276504362172275,8.436465430728168
REALV6R_0421,Paddy rice::RealV6_稻谷_sample11,Paddy rice,稻谷,11,1,nursery,20.0,0.78561,16.86971145419676,16.86971145419676,3.065902002362864,3.0594725,10.744336951833898,6.125374502362864,21.47339195554634,0.0392805,0.843485572709838,13.420869972216462,2.7150876389048,19.418031847863443,7.068392713942032,6.002978577156605,,87.29,11.72,13.42650933669378,-0.005639364477318,CONSISTENT,20.0±1.3 kg,22.5,"MUYUAN, Henan",Paddy rice paper Table 3,MISSING_IN_TARGET__IMPUTED_906_TRAINING_MEDIAN,REPORTED_INITIAL_BW__NOT_DMI_BACKCALCULATION,RETROSPECTIVE_PRE_FN_UN_LAB_INFORMATION,TARGET_DM_CP_N_HARMONIZED_AND_CHEMISTRY_CROSSCHECKED,-1.7763568394002505e-15,4.696460949782231,2.284510293643826,2.7493978680186086,4.841998771432381,3.4228863811025634,3.647328458614976,3.0888341267903647,3.7200927734375,6.9809712434260565,9.888740210770704,7.5913966394509895,9.278314814745771,6.808926900227865,10.060784553968896,7.07021483971754,9.79949661447922
REALV6R_0422,Paddy rice::RealV6_稻谷_sample11,Paddy rice,稻谷,11,2,nursery,20.0,0.78561,16.86971145419676,16.86971145419676,2.87039937486879,3.598916166666671,10.4003959126613,6.469315541535462,21.47339195554634,0.0392805,0.843485572709838,13.420869972216462,2.7150876389048,19.418031847863443,7.068392713942032,6.002978577156605,,87.29,11.72,13.42650933669378,-0.005639364477318,CONSISTENT,20.0±1.3 kg,22.5,"MUYUAN, Henan",Paddy rice paper Table 3,MISSING_IN_TARGET__IMPUTED_906_TRAINING_MEDIAN,REPORTED_INITIAL_BW__NOT_DMI_BACKCALCULATION,RETROSPECTIVE_PRE_FN_UN_LAB_INFORMATION,TARGET_DM_CP_N_HARMONIZED_AND_CHEMISTRY_CROSSCHECKED,1.7763568394002505e-15,4.696460949782231,2.284510293643826,2.7493978680186086,4.841998771432381,3.4228863811025634,3.647328458614976,3.0888341267903647,3.7200927734375,6.9809712434260565,9.888740210770704,7.5913966394509895,9.278314814745771,6.808926900227865,10.060784553968896,7.07021483971754,9.79949661447922
REALV6R_0423,Paddy rice::RealV6_稻谷_sample11,Paddy rice,稻谷,11,3,nursery,20.0,0.78561,16.86971145419676,16.86971145419676,3.169491192284008,3.389175999999997,10.311044261912755,6.558667192284005,21.47339195554634,0.0392805,0.843485572709838,13.420869972216462,2.7150876389048,19.418031847863443,7.068392713942032,6.002978577156605,,87.29,11.72,13.42650933669378,-0.005639364477318,CONSISTENT,20.0±1.3 kg,22.5,"MUYUAN, Henan",Paddy rice paper Table 3,MISSING_IN_TARGET__IMPUTED_906_TRAINING_MEDIAN,REPORTED_INITIAL_BW__NOT_DMI_BACKCALCULATION,RETROSPECTIVE_PRE_FN_UN_LAB_INFORMATION,TARGET_DM_CP_N_HARMONIZED_AND_CHEMISTRY_CROSSCHECKED,0.0,4.696460949782231,2.284510293643826,2.7493978680186086,4.841998771432381,3.4228863811025634,3.647328458614976,3.0888341267903647,3.7200927734375,6.9809712434260565,9.888740210770704,7.5913966394509895,9.278314814745771,6.808926900227865,10.060784553968896,7.07021483971754,9.79949661447922
REALV6R_0424,Paddy rice::RealV6_稻谷_sample11,Paddy rice,稻谷,11,4,nursery,20.0,0.78561,16.86971145419676,16.86971145419676,2.484841056453561,0.8443338333333311,13.54053656440987,3.329174889786892,21.47339195554634,0.0392805,0.843485572709838,13.420869972216462,2.7150876389048,19.418031847863443,7.068392713942032,6.002978577156605,,87.29,11.72,13.42650933669378,-0.005639364477318,CONSISTENT,20.0±1.3 kg,22.5,"MUYUAN, Henan",Paddy rice paper Table 3,MISSING_IN_TARGET__IMPUTED_906_TRAINING_MEDIAN,REPORTED_INITIAL_BW__NOT_DMI_BACKCALCULATION,RETROSPECTIVE_PRE_FN_UN_LAB_INFORMATION,TARGET_DM_CP_N_HARMONIZED_AND_CHEMISTRY_CROSSCHECKED,-1.7763568394002505e-15,4.696460949782231,2.284510293643826,2.7493978680186086,4.841998771432381,3.4228863811025634,3.647328458614976,3.0888341267903647,3.7200927734375,6.9809712434260565,9.888740210770704,7.5913966394509895,9.278314814745771,6.808926900227865,10.060784553968896,7.07021483971754,9.79949661447922
REALV6R_0425,Paddy rice::RealV6_稻谷_sample11,Paddy rice,稻谷,11,5,nursery,20.0,0.78561,16.86971145419676,16.86971145419676,1.489655720333402,4.24470666666666,11.1353490671967,5.734362387000062,21.47339195554634,0.0392805,0.843485572709838,13.420869972216462,2.7150876389048,19.418031847863443,7.068392713942032,6.002978577156605,,87.29,11.72,13.42650933669378,-0.005639364477318,CONSISTENT,20.0±1.3 kg,22.5,"MUYUAN, Henan",Paddy rice paper Table 3,MISSING_IN_TARGET__IMPUTED_906_TRAINING_MEDIAN,REPORTED_INITIAL_BW__NOT_DMI_BACKCALCULATION,RETROSPECTIVE_PRE_FN_UN_LAB_INFORMATION,TARGET_DM_CP_N_HARMONIZED_AND_CHEMISTRY_CROSSCHECKED,-1.7763568394002505e-15,4.696460949782231,2.284510293643826,2.7493978680186086,4.841998771432381,3.4228863811025634,3.647328458614976,3.0888341267903647,3.7200927734375,6.9809712434260565,9.888740210770704,7.5913966394509895,9.278314814745771,6.808926900227865,10.060784553968896,7.07021483971754,9.79949661447922
REALV6R_0426,Paddy rice::RealV6_稻谷_sample11,Paddy rice,稻谷,11,6,nursery,20.0,0.78561,16.86971145419676,16.86971145419676,1.213424570999571,2.584306333333331,13.07198054986386,3.797730904332902,21.47339195554634,0.0392805,0.843485572709838,13.420869972216462,2.7150876389048,19.418031847863443,7.068392713942032,6.002978577156605,,87.29,11.72,13.42650933669378,-0.005639364477318,CONSISTENT,20.0±1.3 kg,22.5,"MUYUAN, Henan",Paddy rice paper Table 3,MISSING_IN_TARGET__IMPUTED_906_TRAINING_MEDIAN,REPORTED_INITIAL_BW__NOT_DMI_BACKCALCULATION,RETROSPECTIVE_PRE_FN_UN_LAB_INFORMATION,TARGET_DM_CP_N_HARMONIZED_AND_CHEMISTRY_CROSSCHECKED,0.0,4.696460949782231,2.284510293643826,2.7493978680186086,4.841998771432381,3.4228863811025634,3.647328458614976,3.0888341267903647,3.7200927734375,6.9809712434260565,9.888740210770704,7.5913966394509895,9.278314814745771,6.808926900227865,10.060784553968896,7.07021483971754,9.79949661447922
REALV6R_0121,Rice bran::RealV6_米糠_sample1,Rice bran,米糠,1,1,growing,30.0,0.52638,15.113249999999995,15.113249999999995,1.946965567417752,2.354313583333334,10.81197084924891,4.3012791507510855,28.71167217599452,0.017546,0.5037749999999999,17.944795109996576,3.123218967285991,21.007637068277667,3.738743873247463,7.728257152627379,,87.73,15.74,17.94141114783996,0.0033839621566151,CONSISTENT,30.0±1.5 kg,15.0,江西南昌（益海嘉里金龙鱼粮油食品股份有限公司）,米糠论文 表2,MISSING_IN_TARGET__IMPUTED_906_TRAINING_MEDIAN,REPORTED_INITIAL_BW__NOT_DMI_BACKCALCULATION,RETROSPECTIVE_PRE_FN_UN_LAB_INFORMATION,TARGET_DM_CP_N_HARMONIZED_AND_CHEMISTRY_CROSSCHECKED,-1.7763568394002505e-15,3.513965117139361,3.5028720135462104,2.058813434428477,6.564583057841183,2.562149947908499,5.134377087096321,2.8950390815734863,4.419832547505696,7.0168371306855715,8.096412869314424,8.62339649226966,6.489853507730336,7.314871629079183,7.798378370920813,7.69652703500482,7.416722964995175
REALV6R_0122,Rice bran::RealV6_米糠_sample1,Rice bran,米糠,1,2,growing,30.0,0.52638,15.113249999999995,15.113249999999995,1.928563129320009,1.539787499999996,11.64489937067999,3.468350629320005,28.71167217599452,0.017546,0.5037749999999999,17.944795109996576,3.123218967285991,21.007637068277667,3.738743873247463,7.728257152627379,,87.73,15.74,17.94141114783996,0.0033839621566151,CONSISTENT,30.0±1.5 kg,15.0,江西南昌（益海嘉里金龙鱼粮油食品股份有限公司）,米糠论文 表2,MISSING_IN_TARGET__IMPUTED_906_TRAINING_MEDIAN,REPORTED_INITIAL_BW__NOT_DMI_BACKCALCULATION,RETROSPECTIVE_PRE_FN_UN_LAB_INFORMATION,TARGET_DM_CP_N_HARMONIZED_AND_CHEMISTRY_CROSSCHECKED,0.0,3.513965117139361,3.5028720135462104,2.058813434428477,6.564583057841183,2.562149947908499,5.134377087096321,2.8950390815734863,4.419832547505696,7.0168371306855715,8.096412869314424,8.62339649226966,6.489853507730336,7.314871629079183,7.798378370920813,7.69652703500482,7.416722964995175
REALV6R_0123,Rice bran::RealV6_米糠_sample1,Rice bran,米糠,1,3,growing,30.0,0.52638,15.113249999999995,15.113249999999995,1.926869872881358,2.588578124999997,10.59780200211864,4.515447997881355,28.71167217599452,0.017546,0.5037749999999999,17.944795109996576,3.123218967285991,21.007637068277667,3.738743873247463,7.728257152627379,,87.73,15.74,17.94141114783996,0.0033839621566151,CONSISTENT,30.0±1.5 kg,15.0,江西南昌（益海嘉里金龙鱼粮油食品股份有限公司）,米糠论文 表2,MISSING_IN_TARGET__IMPUTED_906_TRAINING_MEDIAN,REPORTED_INITIAL_BW__NOT_DMI_BACKCALCULATION,RETROSPECTIVE_PRE_FN_UN_LAB_INFORMATION,TARGET_DM_CP_N_HARMONIZED_AND_CHEMISTRY_CROSSCHECKED,0.0,3.513965117139361,3.5028720135462104,2.058813434428477,6.564583057841183,2.562149947908499,5.134377087096321,2.8950390815734863,4.419832547505696,7.0168371306855715,8.096412869314424,8.62339649226966,6.489853507730336,7.314871629079183,7.798378370920813,7.69652703500482,7.416722964995175
REALV6R_0124,Rice bran::RealV6_米糠_sample1,Rice bran,米糠,1,4,growing,30.0,0.52638,15.113249999999995,15.113249999999995,1.813960775674979,2.387240625,10.912048599325017,4.201201400674979,28.71167217599452,0.017546,0.5037749999999999,17.944795109996576,3.123218967285991,21.007637068277667,3.738743873247463,7.728257152627379,,87.73,15.74,17.94141114783996,0.0033839621566151,CONSISTENT,30.0±1.5 kg,15.0,江西南昌（益海嘉里金龙鱼粮油食品股份有限公司）,米糠论文 表2,MISSING_IN_TARGET__IMPUTED_906_TRAINING_MEDIAN,REPORTED_INITIAL_BW__NOT_DMI_BACKCALCULATION,RETROSPECTIVE_PRE_FN_UN_LAB_INFORMATION,TARGET_DM_CP_N_HARMONIZED_AND_CHEMISTRY_CROSSCHECKED,0.0,3.513965117139361,3.5028720135462104,2.058813434428477,6.564583057841183,2.562149947908499,5.134377087096321,2.8950390815734863,4.419832547505696,7.0168371306855715,8.096412869314424,8.62339649226966,6.489853507730336,7.314871629079183,7.798378370920813,7.69652703500482,7.416722964995175
REALV6R_0125,Rice bran::RealV6_米糠_sample1,Rice bran,米糠,1,5,growing,30.0,0.52638,15.113249999999995,15.113249999999995,1.872311498311626,1.6116,11.62933850168837,3.4839114983116257,28.71167217599452,0.017546,0.5037749999999999,17.944795109996576,3.123218967285991,21.007637068277667,3.738743873247463,7.728257152627379,,87.73,15.74,17.94141114783996,0.0033839621566151,CONSISTENT,30.0±1.5 kg,15.0,江西南昌（益海嘉里金龙鱼粮油食品股份有限公司）,米糠论文 表2,MISSING_IN_TARGET__IMPUTED_906_TRAINING_MEDIAN,REPORTED_INITIAL_BW__NOT_DMI_BACKCALCULATION,RETROSPECTIVE_PRE_FN_UN_LAB_INFORMATION,TARGET_DM_CP_N_HARMONIZED_AND_CHEMISTRY_CROSSCHECKED,0.0,3.513965117139361,3.5028720135462104,2.058813434428477,6.564583057841183,2.562149947908499,5.134377087096321,2.8950390815734863,4.419832547505696,7.0168371306855715,8.096412869314424,8.62339649226966,6.489853507730336,7.314871629079183,7.798378370920813,7.69652703500482,7.416722964995175
REALV6R_0126,Rice bran::RealV6_米糠_sample1,Rice bran,米糠,1,6,growing,30.0,0.52638,15.113249999999995,15.113249999999995,1.927049736023333,3.342643749999993,9.843556513976669,5.269693486023326,28.71167217599452,0.017546,0.5037749999999999,17.944795109996576,3.123218967285991,21.007637068277667,3.738743873247463,7.728257152627379,,87.73,15.74,17.94141114783996,0.0033839621566151,CONSISTENT,30.0±1.5 kg,15.0,江西南昌（益海嘉里金龙鱼粮油食品股份有限公司）,米糠论文 表2,MISSING_IN_TARGET__IMPUTED_906_TRAINING_MEDIAN,REPORTED_INITIAL_BW__NOT_DMI_BACKCALCULATION,RETROSPECTIVE_PRE_FN_UN_LAB_INFORMATION,TARGET_DM_CP_N_HARMONIZED_AND_CHEMISTRY_CROSSCHECKED,0.0,3.513965117139361,3.5028720135462104,2.058813434428477,6.564583057841183,2.562149947908499,5.134377087096321,2.8950390815734863,4.419832547505696,7.0168371306855715,8.096412869314424,8.62339649226966,6.489853507730336,7.314871629079183,7.798378370920813,7.69652703500482,7.416722964995175
REALV6R_0127,Rice bran::RealV6_米糠_sample2,Rice bran,米糠,2,1,growing,30.0,0.52698,15.08625,15.08625,1.998215318146352,4.0892875,8.998747181853648,6.087502818146352,28.62774678355915,0.017566,0.5028750000000001,17.89234173972447,1.8672435386542183,19.09370374587271,3.210748035978595,7.753614937948309,,87.83,15.71,17.886826824547423,0.005514915177045,CONSISTENT,30.0±1.5 kg,15.0,黑龙江哈尔滨（天博牧业有限公司）,米糠论文 表2,MISSING_IN_TARGET__IMPUTED_906_TRAINING_MEDIAN,REPORTED_INITIAL_BW__NOT_DMI_BACKCALCULATION,RETROSPECTIVE_PRE_FN_UN_LAB_INFORMATION,TARGET_DM_CP_N_HARMONIZED_AND_CHEMISTRY_CROSSCHECKED,0.0,3.2138895824560145,3.876232985639193,1.9861948794619264,6.5233238027163765,2.4108540945560764,5.286797874267936,2.7637973626454673,4.716209729512532,7.090122568095207,7.996127431904792,8.509518682178303,6.576731317821697,7.480007092157999,7.606242907842001,7.697651968824013,7.388598031175987
REALV6R_0128,Rice bran::RealV6_米糠_sample2,Rice bran,米糠,2,2,growing,30.0,0.52698,15.08625,15.08625,2.109106133502908,3.697659375,9.279484491497094,5.806765508502908,28.62774678355915,0.017566,0.5028750000000001,17.89234173972447,1.8672435386542183,19.09370374587271,3.210748035978595,7.753614937948309,,87.83,15.71,17.886826824547423,0.005514915177045,CONSISTENT,30.0±1.5 kg,15.0,黑龙江哈尔滨（天博牧业有限公司）,米糠论文 表2,MISSING_IN_TARGET__IMPUTED_906_TRAINING_MEDIAN,REPORTED_INITIAL_BW__NOT_DMI_BACKCALCULATION,RETROSPECTIVE_PRE_FN_UN_LAB_INFORMATION,TARGET_DM_CP_N_HARMONIZED_AND_CHEMISTRY_CROSSCHECKED,0.0,3.2138895824560145,3.876232985639193,1.9861948794619264,6.5233238027163765,2.4108540945560764,5.286797874267936,2.7637973626454673,4.716209729512532,7.090122568095207,7.996127431904792,8.509518682178303,6.576731317821697,7.480007092157999,7.606242907842001,7.697651968824013,7.388598031175987
REALV6R_0129,Rice bran::RealV6_米糠_sample2,Rice bran,米糠,2,3,growing,30.0,0.52698,15.08625,15.08625,2.312482503707365,3.133599375,9.640168121292636,5.446081878707365,28.62774678355915,0.017566,0.5028750000000001,17.89234173972447,1.8672435386542183,19.09370374587271,3.210748035978595,7.753614937948309,,87.83,15.71,17.886826824547423,0.005514915177045,CONSISTENT,30.0±1.5 kg,15.0,黑龙江哈尔滨（天博牧业有限公司）,米糠论文 表2,MISSING_IN_TARGET__IMPUTED_906_TRAINING_MEDIAN,REPORTED_INITIAL_BW__NOT_DMI_BACKCALCULATION,RETROSPECTIVE_PRE_FN_UN_LAB_INFORMATION,TARGET_DM_CP_N_HARMONIZED_AND_CHEMISTRY_CROSSCHECKED,0.0,3.2138895824560145,3.876232985639193,1.9861948794619264,6.5233238027163765,2.4108540945560764,5.286797874267936,2.7637973626454673,4.716209729512532,7.090122568095207,7.996127431904792,8.509518682178303,6.576731317821697,7.480007092157999,7.606242907842001,7.697651968824013,7.388598031175987
REALV6R_0130,Rice bran::RealV6_米糠_sample2,Rice bran,米糠,2,4,growing,30.0,0.52698,15.08625,15.08625,1.873000980673616,2.946171875,10.267077144326386,4.819172855673616,28.62774678355915,0.017566,0.5028750000000001,17.89234173972447,1.8672435386542183,19.09370374587271,3.210748035978595,7.753614937948309,,87.83,15.71,17.886826824547423,0.005514915177045,CONSISTENT,30.0±1.5 kg,15.0,黑龙江哈尔滨（天博牧业有限公司）,米糠论文 表2,MISSING_IN_TARGET__IMPUTED_906_TRAINING_MEDIAN,REPORTED_INITIAL_BW__NOT_DMI_BACKCALCULATION,RETROSPECTIVE_PRE_FN_UN_LAB_INFORMATION,TARGET_DM_CP_N_HARMONIZED_AND_CHEMISTRY_CROSSCHECKED,0.0,3.2138895824560145,3.876232985639193,1.9861948794619264,6.5233238027163765,2.4108540945560764,5.286797874267936,2.7637973626454673,4.716209729512532,7.090122568095207,7.996127431904792,8.509518682178303,6.576731317821697,7.480007092157999,7.606242907842001,7.697651968824013,7.388598031175987
REALV6R_0131,Rice bran::RealV6_米糠_sample2,Rice bran,米糠,2,5,growing,30.0,0.52698,15.08625,15.08625,1.714159840108585,4.30888,9.063210159891415,6.023039840108585,28.62774678355915,0.017566,0.5028750000000001,17.89234173972447,1.8672435386542183,19.09370374587271,3.210748035978595,7.753614937948309,,87.83,15.71,17.886826824547423,0.005514915177045,CONSISTENT,30.0±1.5 kg,15.0,黑龙江哈尔滨（天博牧业有限公司）,米糠论文 表2,MISSING_IN_TARGET__IMPUTED_906_TRAINING_MEDIAN,REPORTED_INITIAL_BW__NOT_DMI_BACKCALCULATION,RETROSPECTIVE_PRE_FN_UN_LAB_INFORMATION,TARGET_DM_CP_N_HARMONIZED_AND_CHEMISTRY_CROSSCHECKED,1.7763568394002505e-15,3.2138895824560145,3.876232985639193,1.9861948794619264,6.5233238027163765,2.4108540945560764,5.286797874267936,2.7637973626454673,4.716209729512532,7.090122568095207,7.996127431904792,8.509518682178303,6.576731317821697,7.480007092157999,7.606242907842001,7.697651968824013,7.388598031175987
REALV6R_0132,Rice bran::RealV6_米糠_sample2,Rice bran,米糠,2,6,growing,30.0,0.52698,15.08625,15.08625,2.373687400124069,4.580874375,8.131688224875933,6.954561775124068,28.62774678355915,0.017566,0.5028750000000001,17.89234173972447,1.8672435386542183,19.09370374587271,3.210748035978595,7.753614937948309,,87.83,15.71,17.886826824547423,0.005514915177045,CONSISTENT,30.0±1.5 kg,15.0,黑龙江哈尔滨（天博牧业有限公司）,米糠论文 表2,MISSING_IN_TARGET__IMPUTED_906_TRAINING_MEDIAN,REPORTED_INITIAL_BW__NOT_DMI_BACKCALCULATION,RETROSPECTIVE_PRE_FN_UN_LAB_INFORMATION,TARGET_DM_CP_N_HARMONIZED_AND_CHEMISTRY_CROSSCHECKED,0.0,3.2138895824560145,3.876232985639193,1.9861948794619264,6.5233238027163765,2.4108540945560764,5.286797874267936,2.7637973626454673,4.716209729512532,7.090122568095207,7.996127431904792,8.509518682178303,6.576731317821697,7.480007092157999,7.606242907842001,7.697651968824013,7.388598031175987
REALV6R_0133,Rice bran::RealV6_米糠_sample3,Rice bran,米糠,3,1,growing,30.0,0.6129199999999999,18.03725,18.03725,2.274564715525443,5.555752500000001,10.206932784474551,7.830317215525445,29.428391959798997,0.0204306666666666,0.6012416666666666,18.39274497487437,1.8387391502969392,20.0776610324349,5.070808588396528,7.800365463682046,,87.56,16.1,18.387391502969397,0.0053534719049785,CONSISTENT,30.0±1.5 kg,17.5,广东佛山（海大集团股份有限公司）,米糠论文 表2,MISSING_IN_TARGET__IMPUTED_906_TRAINING_MEDIAN,REPORTED_INITIAL_BW__NOT_DMI_BACKCALCULATION,RETROSPECTIVE_PRE_FN_UN_LAB_INFORMATION,TARGET_DM_CP_N_HARMONIZED_AND_CHEMISTRY_CROSSCHECKED,0.0,3.6710885276355305,4.511275374755021,3.7458678454318126,6.757227976503756,3.720001702714735,5.708084287057167,3.0457825660705566,5.127695242563884,8.182363902390552,9.854886097609448,10.503095821935569,7.534154178064432,8.173477808634441,9.863772191365559,9.428085989771901,8.609164010228099
REALV6R_0134,Rice bran::RealV6_米糠_sample3,Rice bran,米糠,3,2,growing,30.0,0.6129199999999999,18.03725,18.03725,2.027737287398759,5.516590625,10.492922087601237,7.544327912398759,29.428391959798997,0.0204306666666666,0.6012416666666666,18.39274497487437,1.8387391502969392,20.0776610324349,5.070808588396528,7.800365463682046,,87.56,16.1,18.387391502969397,0.0053534719049785,CONSISTENT,30.0±1.5 kg,17.5,广东佛山（海大集团股份有限公司）,米糠论文 表2,MISSING_IN_TARGET__IMPUTED_906_TRAINING_MEDIAN,REPORTED_INITIAL_BW__NOT_DMI_BACKCALCULATION,RETROSPECTIVE_PRE_FN_UN_LAB_INFORMATION,TARGET_DM_CP_N_HARMONIZED_AND_CHEMISTRY_CROSSCHECKED,0.0,3.6710885276355305,4.511275374755021,3.7458678454318126,6.757227976503756,3.720001702714735,5.708084287057167,3.0457825660705566,5.127695242563884,8.182363902390552,9.854886097609448,10.503095821935569,7.534154178064432,8.173477808634441,9.863772191365559,9.428085989771901,8.609164010228099
REALV6R_0135,Rice bran::RealV6_米糠_sample3,Rice bran,米糠,3,3,growing,30.0,0.6129199999999999,18.03725,18.03725,2.143549838376228,5.732049375,10.161650786623769,7.875599213376228,29.428391959798997,0.0204306666666666,0.6012416666666666,18.39274497487437,1.8387391502969392,20.0776610324349,5.070808588396528,7.800365463682046,,87.56,16.1,18.387391502969397,0.0053534719049785,CONSISTENT,30.0±1.5 kg,17.5,广东佛山（海大集团股份有限公司）,米糠论文 表2,MISSING_IN_TARGET__IMPUTED_906_TRAINING_MEDIAN,REPORTED_INITIAL_BW__NOT_DMI_BACKCALCULATION,RETROSPECTIVE_PRE_FN_UN_LAB_INFORMATION,TARGET_DM_CP_N_HARMONIZED_AND_CHEMISTRY_CROSSCHECKED,1.7763568394002505e-15,3.6710885276355305,4.511275374755021,3.7458678454318126,6.757227976503756,3.720001702714735,5.708084287057167,3.0457825660705566,5.127695242563884,8.182363902390552,9.854886097609448,10.503095821935569,7.534154178064432,8.173477808634441,9.863772191365559,9.428085989771901,8.609164010228099
REALV6R_0136,Rice bran::RealV6_米糠_sample3,Rice bran,米糠,3,4,growing,30.0,0.6129199999999999,18.03725,18.03725,2.089012242635878,5.626906875,10.32133088236412,7.715919117635878,29.428391959798997,0.0204306666666666,0.6012416666666666,18.39274497487437,1.8387391502969392,20.0776610324349,5.070808588396528,7.800365463682046,,87.56,16.1,18.387391502969397,0.0053534719049785,CONSISTENT,30.0±1.5 kg,17.5,广东佛山（海大集团股份有限公司）,米糠论文 表2,MISSING_IN_TARGET__IMPUTED_906_TRAINING_MEDIAN,REPORTED_INITIAL_BW__NOT_DMI_BACKCALCULATION,RETROSPECTIVE_PRE_FN_UN_LAB_INFORMATION,TARGET_DM_CP_N_HARMONIZED_AND_CHEMISTRY_CROSSCHECKED,0.0,3.6710885276355305,4.511275374755021,3.7458678454318126,6.757227976503756,3.720001702714735,5.708084287057167,3.0457825660705566,5.127695242563884,8.182363902390552,9.854886097609448,10.503095821935569,7.534154178064432,8.173477808634441,9.863772191365559,9.428085989771901,8.609164010228099
REALV6R_0137,Rice bran::RealV6_米糠_sample3,Rice bran,米糠,3,5,growing,30.0,0.6129199999999999,18.03725,18.03725,2.082096971805615,4.8231,11.13205302819438,6.905196971805616,29.428391959798997,0.0204306666666666,0.6012416666666666,18.39274497487437,1.8387391502969392,20.0776610324349,5.070808588396528,7.800365463682046,,87.56,16.1,18.387391502969397,0.0053534719049785,CONSISTENT,30.0±1.5 kg,17.5,广东佛山（海大集团股份有限公司）,米糠论文 表2,MISSING_IN_TARGET__IMPUTED_906_TRAINING_MEDIAN,REPORTED_INITIAL_BW__NOT_DMI_BACKCALCULATION,RETROSPECTIVE_PRE_FN_UN_LAB_INFORMATION,TARGET_DM_CP_N_HARMONIZED_AND_CHEMISTRY_CROSSCHECKED,0.0,3.6710885276355305,4.511275374755021,3.7458678454318126,6.757227976503756,3.720001702714735,5.708084287057167,3.0457825660705566,5.127695242563884,8.182363902390552,9.854886097609448,10.503095821935569,7.534154178064432,8.173477808634441,9.863772191365559,9.428085989771901,8.609164010228099
REALV6R_0138,Rice bran::RealV6_米糠_sample3,Rice bran,米糠,3,6,growing,30.0,0.6129199999999999,18.03725,18.03725,2.308718829530203,5.545403749999999,10.183127420469797,7.854122579530202,29.428391959798997,0.0204306666666666,0.6012416666666666,18.39274497487437,1.8387391502969392,20.0776610324349,5.070808588396528,7.800365463682046,,87.56,16.1,18.387391502969397,0.0053534719049785,CONSISTENT,30.0±1.5 kg,17.5,广东佛山（海大集团股份有限公司）,米糠论文 表2,MISSING_IN_TARGET__IMPUTED_906_TRAINING_MEDIAN,REPORTED_INITIAL_BW__NOT_DMI_BACKCALCULATION,RETROSPECTIVE_PRE_FN_UN_LAB_INFORMATION,TARGET_DM_CP_N_HARMONIZED_AND_CHEMISTRY_CROSSCHECKED,0.0,3.6710885276355305,4.511275374755021,3.7458678454318126,6.757227976503756,3.720001702714735,5.708084287057167,3.0457825660705566,5.127695242563884,8.182363902390552,9.854886097609448,10.503095821935569,7.534154178064432,8.173477808634441,9.863772191365559,9.428085989771901,8.609164010228099
REALV6R_0139,Rice bran::RealV6_米糠_sample4,Rice bran,米糠,4,1,growing,30.0,0.5826065,17.9433625,17.9433625,2.610037504947712,3.6920325,11.641292495052287,6.302070004947712,30.798424837347333,0.0194202166666666,0.5981120833333333,19.249015523342084,4.177605296199064,18.913366054103413,4.976600844652437,6.83711905033672,,87.61,16.86,19.244378495605524,0.0046370277365603,CONSISTENT,30.0±1.5 kg,16.625,广东肇庆（温氏食品集团股份有限公司）,米糠论文 表2,MISSING_IN_TARGET__IMPUTED_906_TRAINING_MEDIAN,REPORTED_INITIAL_BW__NOT_DMI_BACKCALCULATION,RETROSPECTIVE_PRE_FN_UN_LAB_INFORMATION,TARGET_DM_CP_N_HARMONIZED_AND_CHEMISTRY_CROSSCHECKED,0.0,3.362197716761232,4.0567343136203,3.535415164979445,6.555096019837087,3.475499303632512,5.38804538128332,3.102929671605428,5.0357240041097,7.418932030381532,10.524430469618467,10.090511184816533,7.852851315183466,8.138653675715128,9.804708824284871,8.863544684915832,9.079817815084168
REALV6R_0140,Rice bran::RealV6_米糠_sample4,Rice bran,米糠,4,2,growing,30.0,0.551943,16.998974999999998,16.998974999999998,2.19786195854934,5.372840833333329,9.42827220811733,7.570702791882669,30.798424837347333,0.0183980999999999,0.5666325,19.249015523342084,4.177605296199064,18.913366054103413,4.976600844652437,6.83711905033672,,87.61,16.86,19.244378495605524,0.0046370277365603,CONSISTENT,30.0±1.5 kg,15.75,广东肇庆（温氏食品集团股份有限公司）,米糠论文 表2,MISSING_IN_TARGET__IMPUTED_906_TRAINING_MEDIAN,REPORTED_INITIAL_BW__NOT_DMI_BACKCALCULATION,RETROSPECTIVE_PRE_FN_UN_LAB_INFORMATION,TARGET_DM_CP_N_HARMONIZED_AND_CHEMISTRY_CROSSCHECKED,1.7763568394002505e-15,3.203548178254502,3.775209173151911,2.786617937253068,6.55537935317042,2.9308339776586245,5.256688544787847,2.9926464557647705,4.909428437550862,6.978757351406413,10.020217648593585,9.341997290423489,7.656977709576509,7.902074893315633,9.096900106684366,8.187522522446471,8.811452477553527
REALV6R_0141,Rice bran::RealV6_米糠_sample4,Rice bran,米糠,4,3,growing,30.0,0.551943,16.998974999999998,16.998974999999998,2.401010929133858,2.238858333333329,12.359105737532811,4.639869262467187,30.798424837347333,0.0183980999999999,0.5666325,19.249015523342084,4.177605296199064,18.913366054103413,4.976600844652437,6.83711905033672,,87.61,16.86,19.244378495605524,0.0046370277365603,CONSISTENT,30.0±1.5 kg,15.75,广东肇庆（温氏食品集团股份有限公司）,米糠论文 表2,MISSING_IN_TARGET__IMPUTED_906_TRAINING_MEDIAN,REPORTED_INITIAL_BW__NOT_DMI_BACKCALCULATION,RETROSPECTIVE_PRE_FN_UN_LAB_INFORMATION,TARGET_DM_CP_N_HARMONIZED_AND_CHEMISTRY_CROSSCHECKED,0.0,3.203548178254502,3.775209173151911,2.786617937253068,6.55537935317042,2.9308339776586245,5.256688544787847,2.9926464557647705,4.909428437550862,6.978757351406413,10.020217648593585,9.341997290423489,7.656977709576509,7.902074893315633,9.096900106684366,8.187522522446471,8.811452477553527
REALV6R_0142,Rice bran::RealV6_米糠_sample4,Rice bran,米糠,4,4,growing,30.0,0.52566,16.1895,16.1895,2.054528109909045,3.29461,10.840361890090954,5.349138109909045,30.798424837347333,0.017522,0.53965,19.249015523342084,4.177605296199064,18.913366054103413,4.976600844652437,6.83711905033672,,87.61,16.86,19.244378495605524,0.0046370277365603,CONSISTENT,30.0±1.5 kg,15.0,广东肇庆（温氏食品集团股份有限公司）,米糠论文 表2,MISSING_IN_TARGET__IMPUTED_906_TRAINING_MEDIAN,REPORTED_INITIAL_BW__NOT_DMI_BACKCALCULATION,RETROSPECTIVE_PRE_FN_UN_LAB_INFORMATION,TARGET_DM_CP_N_HARMONIZED_AND_CHEMISTRY_CROSSCHECKED,0.0,3.067562859534439,3.5339019098932525,2.304555968819857,6.388227861942352,2.568479814489363,5.054896936844333,2.898959239323934,4.802022775014241,6.601464769427691,9.588035230572308,8.69278383076221,7.496716169237789,7.700982014338175,8.488517985661824,7.623376751333696,8.566123248666303
REALV6R_0143,Rice bran::RealV6_米糠_sample4,Rice bran,米糠,4,5,growing,30.0,0.52566,16.1895,16.1895,2.244258005280628,4.241282499999996,9.703959494719374,6.485540505280624,30.798424837347333,0.017522,0.53965,19.249015523342084,4.177605296199064,18.913366054103413,4.976600844652437,6.83711905033672,,87.61,16.86,19.244378495605524,0.0046370277365603,CONSISTENT,30.0±1.5 kg,15.0,广东肇庆（温氏食品集团股份有限公司）,米糠论文 表2,MISSING_IN_TARGET__IMPUTED_906_TRAINING_MEDIAN,REPORTED_INITIAL_BW__NOT_DMI_BACKCALCULATION,RETROSPECTIVE_PRE_FN_UN_LAB_INFORMATION,TARGET_DM_CP_N_HARMONIZED_AND_CHEMISTRY_CROSSCHECKED,0.0,3.067562859534439,3.5339019098932525,2.304555968819857,6.388227861942352,2.568479814489363,5.054896936844333,2.898959239323934,4.802022775014241,6.601464769427691,9.588035230572308,8.69278383076221,7.496716169237789,7.700982014338175,8.488517985661824,7.623376751333696,8.566123248666303
REALV6R_0144,Rice bran::RealV6_米糠_sample4,Rice bran,米糠,4,6,growing,30.0,0.5826065,17.9433625,17.9433625,2.652810259019591,5.016427499999995,10.274124740980412,7.669237759019587,30.798424837347333,0.0194202166666666,0.5981120833333333,19.249015523342084,4.177605296199064,18.913366054103413,4.976600844652437,6.83711905033672,,87.61,16.86,19.244378495605524,0.0046370277365603,CONSISTENT,30.0±1.5 kg,16.625,广东肇庆（温氏食品集团股份有限公司）,米糠论文 表2,MISSING_IN_TARGET__IMPUTED_906_TRAINING_MEDIAN,REPORTED_INITIAL_BW__NOT_DMI_BACKCALCULATION,RETROSPECTIVE_PRE_FN_UN_LAB_INFORMATION,TARGET_DM_CP_N_HARMONIZED_AND_CHEMISTRY_CROSSCHECKED,0.0,3.362197716761232,4.0567343136203,3.535415164979445,6.555096019837087,3.475499303632512,5.38804538128332,3.102929671605428,5.0357240041097,7.418932030381532,10.524430469618467,10.090511184816533,7.852851315183466,8.138653675715128,9.804708824284871,8.863544684915832,9.079817815084168
REALV6R_0145,Rice bran::RealV6_米糠_sample5,Rice bran,米糠,5,1,growing,30.0,0.5244,15.494999999999996,15.494999999999996,2.302433780744219,4.43510916666667,8.757457052589109,6.737542947410889,29.548054919908463,0.01748,0.5165,18.46753432494279,6.647597254004576,17.929061784897023,4.702517162471396,7.151029748283752,,87.4,16.14,18.466819221967963,0.0007151029748264,CONSISTENT,30.0±1.5 kg,15.0,江西宜春（九鼎集团有限公司）,米糠论文 表2,MISSING_IN_TARGET__IMPUTED_906_TRAINING_MEDIAN,REPORTED_INITIAL_BW__NOT_DMI_BACKCALCULATION,RETROSPECTIVE_PRE_FN_UN_LAB_INFORMATION,TARGET_DM_CP_N_HARMONIZED_AND_CHEMISTRY_CROSSCHECKED,0.0,3.189661142945362,3.331354667399758,2.074335523509107,6.455432706930065,2.46012630762596,4.99609346799871,3.0420405864715576,4.619870662689209,6.521015810345119,8.973984189654876,8.529768230439172,6.965231769560823,7.661911249160767,7.833088750839229,7.45621977562467,8.038780224375326
REALV6R_0146,Rice bran::RealV6_米糠_sample5,Rice bran,米糠,5,2,growing,30.0,0.5244,15.494999999999996,15.494999999999996,2.421095335997994,6.335495833333336,6.738408830668668,8.75659116933133,29.548054919908463,0.01748,0.5165,18.46753432494279,6.647597254004576,17.929061784897023,4.702517162471396,7.151029748283752,,87.4,16.14,18.466819221967963,0.0007151029748264,CONSISTENT,30.0±1.5 kg,15.0,江西宜春（九鼎集团有限公司）,米糠论文 表2,MISSING_IN_TARGET__IMPUTED_906_TRAINING_MEDIAN,REPORTED_INITIAL_BW__NOT_DMI_BACKCALCULATION,RETROSPECTIVE_PRE_FN_UN_LAB_INFORMATION,TARGET_DM_CP_N_HARMONIZED_AND_CHEMISTRY_CROSSCHECKED,0.0,3.189661142945362,3.331354667399758,2.074335523509107,6.455432706930065,2.46012630762596,4.99609346799871,3.0420405864715576,4.619870662689209,6.521015810345119,8.973984189654876,8.529768230439172,6.965231769560823,7.661911249160767,7.833088750839229,7.45621977562467,8.038780224375326
REALV6R_0147,Rice bran::RealV6_米糠_sample5,Rice bran,米糠,5,3,growing,30.0,0.5244,15.494999999999996,15.494999999999996,2.842307736658985,6.878685000000001,5.774007263341012,9.720992736658983,29.548054919908463,0.01748,0.5165,18.46753432494279,6.647597254004576,17.929061784897023,4.702517162471396,7.151029748283752,,87.4,16.14,18.466819221967963,0.0007151029748264,CONSISTENT,30.0±1.5 kg,15.0,江西宜春（九鼎集团有限公司）,米糠论文 表2,MISSING_IN_TARGET__IMPUTED_906_TRAINING_MEDIAN,REPORTED_INITIAL_BW__NOT_DMI_BACKCALCULATION,RETROSPECTIVE_PRE_FN_UN_LAB_INFORMATION,TARGET_DM_CP_N_HARMONIZED_AND_CHEMISTRY_CROSSCHECKED,0.0,3.189661142945362,3.331354667399758,2.074335523509107,6.455432706930065,2.46012630762596,4.99609346799871,3.0420405864715576,4.619870662689209,6.521015810345119,8.973984189654876,8.529768230439172,6.965231769560823,7.661911249160767,7.833088750839229,7.45621977562467,8.038780224375326
REALV6R_0148,Rice bran::RealV6_米糠_sample5,Rice bran,米糠,5,4,growing,30.0,0.5244,15.494999999999996,15.494999999999996,2.35655619756284,7.747875833333339,5.390567969103818,10.10443203089618,29.548054919908463,0.01748,0.5165,18.46753432494279,6.647597254004576,17.929061784897023,4.702517162471396,7.151029748283752,,87.4,16.14,18.466819221967963,0.0007151029748264,CONSISTENT,30.0±1.5 kg,15.0,江西宜春（九鼎集团有限公司）,米糠论文 表2,MISSING_IN_TARGET__IMPUTED_906_TRAINING_MEDIAN,REPORTED_INITIAL_BW__NOT_DMI_BACKCALCULATION,RETROSPECTIVE_PRE_FN_UN_LAB_INFORMATION,TARGET_DM_CP_N_HARMONIZED_AND_CHEMISTRY_CROSSCHECKED,0.0,3.189661142945362,3.331354667399758,2.074335523509107,6.455432706930065,2.46012630762596,4.99609346799871,3.0420405864715576,4.619870662689209,6.521015810345119,8.973984189654876,8.529768230439172,6.965231769560823,7.661911249160767,7.833088750839229,7.45621977562467,8.038780224375326
REALV6R_0149,Rice bran::RealV6_米糠_sample5,Rice bran,米糠,5,5,growing,30.0,0.5244,15.494999999999996,15.494999999999996,2.5341470587333,7.159063333333337,5.801789607933362,9.693210392066636,29.548054919908463,0.01748,0.5165,18.46753432494279,6.647597254004576,17.929061784897023,4.702517162471396,7.151029748283752,,87.4,16.14,18.466819221967963,0.0007151029748264,CONSISTENT,30.0±1.5 kg,15.0,江西宜春（九鼎集团有限公司）,米糠论文 表2,MISSING_IN_TARGET__IMPUTED_906_TRAINING_MEDIAN,REPORTED_INITIAL_BW__NOT_DMI_BACKCALCULATION,RETROSPECTIVE_PRE_FN_UN_LAB_INFORMATION,TARGET_DM_CP_N_HARMONIZED_AND_CHEMISTRY_CROSSCHECKED,-8.881784197001252e-16,3.189661142945362,3.331354667399758,2.074335523509107,6.455432706930065,2.46012630762596,4.99609346799871,3.0420405864715576,4.619870662689209,6.521015810345119,8.973984189654876,8.529768230439172,6.965231769560823,7.661911249160767,7.833088750839229,7.45621977562467,8.038780224375326
REALV6R_0150,Rice bran::RealV6_米糠_sample5,Rice bran,米糠,5,6,growing,30.0,0.5244,15.494999999999996,15.494999999999996,2.892113042371516,6.462610000000001,6.1402769576284815,9.354723042371516,29.548054919908463,0.01748,0.5165,18.46753432494279,6.647597254004576,17.929061784897023,4.702517162471396,7.151029748283752,,87.4,16.14,18.466819221967963,0.0007151029748264,CONSISTENT,30.0±1.5 kg,15.0,江西宜春（九鼎集团有限公司）,米糠论文 表2,MISSING_IN_TARGET__IMPUTED_906_TRAINING_MEDIAN,REPORTED_INITIAL_BW__NOT_DMI_BACKCALCULATION,RETROSPECTIVE_PRE_FN_UN_LAB_INFORMATION,TARGET_DM_CP_N_HARMONIZED_AND_CHEMISTRY_CROSSCHECKED,-8.881784197001252e-16,3.189661142945362,3.331354667399758,2.074335523509107,6.455432706930065,2.46012630762596,4.99609346799871,3.0420405864715576,4.619870662689209,6.521015810345119,8.973984189654876,8.529768230439172,6.965231769560823,7.661911249160767,7.833088750839229,7.45621977562467,8.038780224375326
REALV6R_0151,Rice bran::RealV6_米糠_sample6,Rice bran,米糠,6,1,growing,30.0,0.7016,21.662,21.662,2.449379331334574,4.730267500000004,14.48235316866542,7.179646831334578,30.875142531356897,0.0233866666666666,0.7220666666666666,19.29696408209806,2.6567844925883697,21.641961231470923,5.952109464082098,7.605473204104903,,87.7,16.92,19.293044469783357,0.0039196123147071,CONSISTENT,30.0±1.5 kg,20.0,山东日照（新希望六和集团有限公司）,米糠论文 表2,MISSING_IN_TARGET__IMPUTED_906_TRAINING_MEDIAN,REPORTED_INITIAL_BW__NOT_DMI_BACKCALCULATION,RETROSPECTIVE_PRE_FN_UN_LAB_INFORMATION,TARGET_DM_CP_N_HARMONIZED_AND_CHEMISTRY_CROSSCHECKED,1.7763568394002505e-15,4.256132619013959,5.111530844946196,4.10994597949898,6.189549448344372,4.160511892540947,5.68597852971474,3.4675064086914062,5.540040810902913,9.367663463960156,12.294336536039843,10.299495427843352,11.362504572156647,9.007547219594318,12.65445278040568,9.846490422255687,11.815509577744312
REALV6R_0152,Rice bran::RealV6_米糠_sample6,Rice bran,米糠,6,2,growing,30.0,0.7016,21.662,21.662,2.656657394720095,6.173105833333329,12.832236771946576,8.829763228053423,30.875142531356897,0.0233866666666666,0.7220666666666666,19.29696408209806,2.6567844925883697,21.641961231470923,5.952109464082098,7.605473204104903,,87.7,16.92,19.293044469783357,0.0039196123147071,CONSISTENT,30.0±1.5 kg,20.0,山东日照（新希望六和集团有限公司）,米糠论文 表2,MISSING_IN_TARGET__IMPUTED_906_TRAINING_MEDIAN,REPORTED_INITIAL_BW__NOT_DMI_BACKCALCULATION,RETROSPECTIVE_PRE_FN_UN_LAB_INFORMATION,TARGET_DM_CP_N_HARMONIZED_AND_CHEMISTRY_CROSSCHECKED,-1.7763568394002505e-15,4.256132619013959,5.111530844946196,4.10994597949898,6.189549448344372,4.160511892540947,5.68597852971474,3.4675064086914062,5.540040810902913,9.367663463960156,12.294336536039843,10.299495427843352,11.362504572156647,9.007547219594318,12.65445278040568,9.846490422255687,11.815509577744312
REALV6R_0153,Rice bran::RealV6_米糠_sample6,Rice bran,米糠,6,3,growing,30.0,0.7016,21.662,21.662,2.902789078492339,8.158419166666656,10.600791754841005,11.061208245158994,30.875142531356897,0.0233866666666666,0.7220666666666666,19.29696408209806,2.6567844925883697,21.641961231470923,5.952109464082098,7.605473204104903,,87.7,16.92,19.293044469783357,0.0039196123147071,CONSISTENT,30.0±1.5 kg,20.0,山东日照（新希望六和集团有限公司）,米糠论文 表2,MISSING_IN_TARGET__IMPUTED_906_TRAINING_MEDIAN,REPORTED_INITIAL_BW__NOT_DMI_BACKCALCULATION,RETROSPECTIVE_PRE_FN_UN_LAB_INFORMATION,TARGET_DM_CP_N_HARMONIZED_AND_CHEMISTRY_CROSSCHECKED,-1.7763568394002505e-15,4.256132619013959,5.111530844946196,4.10994597949898,6.189549448344372,4.160511892540947,5.68597852971474,3.4675064086914062,5.540040810902913,9.367663463960156,12.294336536039843,10.299495427843352,11.362504572156647,9.007547219594318,12.65445278040568,9.846490422255687,11.815509577744312
REALV6R_0154,Rice bran::RealV6_米糠_sample6,Rice bran,米糠,6,4,growing,30.0,0.7016,21.662,21.662,2.324415810734467,6.589808333333329,12.747775855932204,8.914224144067795,30.875142531356897,0.0233866666666666,0.7220666666666666,19.29696408209806,2.6567844925883697,21.641961231470923,5.952109464082098,7.605473204104903,,87.7,16.92,19.293044469783357,0.0039196123147071,CONSISTENT,30.0±1.5 kg,20.0,山东日照（新希望六和集团有限公司）,米糠论文 表2,MISSING_IN_TARGET__IMPUTED_906_TRAINING_MEDIAN,REPORTED_INITIAL_BW__NOT_DMI_BACKCALCULATION,RETROSPECTIVE_PRE_FN_UN_LAB_INFORMATION,TARGET_DM_CP_N_HARMONIZED_AND_CHEMISTRY_CROSSCHECKED,-1.7763568394002505e-15,4.256132619013959,5.111530844946196,4.10994597949898,6.189549448344372,4.160511892540947,5.68597852971474,3.4675064086914062,5.540040810902913,9.367663463960156,12.294336536039843,10.299495427843352,11.362504572156647,9.007547219594318,12.65445278040568,9.846490422255687,11.815509577744312
REALV6R_0155,Rice bran::RealV6_米糠_sample6,Rice bran,米糠,6,5,growing,30.0,0.7016,21.662,21.662,2.804199703073774,3.945650000000002,14.912150296926225,6.749849703073776,30.875142531356897,0.0233866666666666,0.7220666666666666,19.29696408209806,2.6567844925883697,21.641961231470923,5.952109464082098,7.605473204104903,,87.7,16.92,19.293044469783357,0.0039196123147071,CONSISTENT,30.0±1.5 kg,20.0,山东日照（新希望六和集团有限公司）,米糠论文 表2,MISSING_IN_TARGET__IMPUTED_906_TRAINING_MEDIAN,REPORTED_INITIAL_BW__NOT_DMI_BACKCALCULATION,RETROSPECTIVE_PRE_FN_UN_LAB_INFORMATION,TARGET_DM_CP_N_HARMONIZED_AND_CHEMISTRY_CROSSCHECKED,0.0,4.256132619013959,5.111530844946196,4.10994597949898,6.189549448344372,4.160511892540947,5.68597852971474,3.4675064086914062,5.540040810902913,9.367663463960156,12.294336536039843,10.299495427843352,11.362504572156647,9.007547219594318,12.65445278040568,9.846490422255687,11.815509577744312
REALV6R_0156,Rice bran::RealV6_米糠_sample6,Rice bran,米糠,6,6,growing,30.0,0.7016,21.662,21.662,2.724215390237981,2.441215,16.49656960976202,5.165430390237981,30.875142531356897,0.0233866666666666,0.7220666666666666,19.29696408209806,2.6567844925883697,21.641961231470923,5.952109464082098,7.605473204104903,,87.7,16.92,19.293044469783357,0.0039196123147071,CONSISTENT,30.0±1.5 kg,20.0,山东日照（新希望六和集团有限公司）,米糠论文 表2,MISSING_IN_TARGET__IMPUTED_906_TRAINING_MEDIAN,REPORTED_INITIAL_BW__NOT_DMI_BACKCALCULATION,RETROSPECTIVE_PRE_FN_UN_LAB_INFORMATION,TARGET_DM_CP_N_HARMONIZED_AND_CHEMISTRY_CROSSCHECKED,0.0,4.256132619013959,5.111530844946196,4.10994597949898,6.189549448344372,4.160511892540947,5.68597852971474,3.4675064086914062,5.540040810902913,9.367663463960156,12.294336536039843,10.299495427843352,11.362504572156647,9.007547219594318,12.65445278040568,9.846490422255687,11.815509577744312
REALV6R_0157,Rice bran::RealV6_米糠_sample7,Rice bran,米糠,7,1,growing,30.0,0.78903,21.157875,21.157875,2.754321140922297,3.425435500000003,14.9781183590777,6.1797566409223,26.81504505532109,0.026301,0.7052625,16.75940315957568,3.2280141439488994,19.83574769020189,2.9656667046880347,7.163225732861869,,87.67,14.69,16.756016881487394,0.0033862780882856,CONSISTENT,30.0±1.5 kg,22.5,湖南株洲（唐人神集团股份有限公司）,米糠论文 表2,MISSING_IN_TARGET__IMPUTED_906_TRAINING_MEDIAN,REPORTED_INITIAL_BW__NOT_DMI_BACKCALCULATION,RETROSPECTIVE_PRE_FN_UN_LAB_INFORMATION,TARGET_DM_CP_N_HARMONIZED_AND_CHEMISTRY_CROSSCHECKED,0.0,4.636593795202046,5.266071305405616,4.044163540571823,5.343609370558152,4.249084980988357,5.307389295529257,3.675018390019735,5.300878365834554,9.902665100607662,11.255209899392339,9.387772911129975,11.770102088870026,8.975896755854288,12.181978244145713,9.556474276517614,11.601400723482387
REALV6R_0158,Rice bran::RealV6_米糠_sample7,Rice bran,米糠,7,2,growing,30.0,0.78903,21.157875,21.157875,2.581456924719106,6.4570605,12.119357575280894,9.038517424719108,26.81504505532109,0.026301,0.7052625,16.75940315957568,3.2280141439488994,19.83574769020189,2.9656667046880347,7.163225732861869,,87.67,14.69,16.756016881487394,0.0033862780882856,CONSISTENT,30.0±1.5 kg,22.5,湖南株洲（唐人神集团股份有限公司）,米糠论文 表2,MISSING_IN_TARGET__IMPUTED_906_TRAINING_MEDIAN,REPORTED_INITIAL_BW__NOT_DMI_BACKCALCULATION,RETROSPECTIVE_PRE_FN_UN_LAB_INFORMATION,TARGET_DM_CP_N_HARMONIZED_AND_CHEMISTRY_CROSSCHECKED,0.0,4.636593795202046,5.266071305405616,4.044163540571823,5.343609370558152,4.249084980988357,5.307389295529257,3.675018390019735,5.300878365834554,9.902665100607662,11.255209899392339,9.387772911129975,11.770102088870026,8.975896755854288,12.181978244145713,9.556474276517614,11.601400723482387
REALV6R_0159,Rice bran::RealV6_米糠_sample7,Rice bran,米糠,7,3,growing,30.0,0.78903,21.157875,21.157875,3.427821663761262,8.054812999999992,9.675240336238746,11.482634663761257,26.81504505532109,0.026301,0.7052625,16.75940315957568,3.2280141439488994,19.83574769020189,2.9656667046880347,7.163225732861869,,87.67,14.69,16.756016881487394,0.0033862780882856,CONSISTENT,30.0±1.5 kg,22.5,湖南株洲（唐人神集团股份有限公司）,米糠论文 表2,MISSING_IN_TARGET__IMPUTED_906_TRAINING_MEDIAN,REPORTED_INITIAL_BW__NOT_DMI_BACKCALCULATION,RETROSPECTIVE_PRE_FN_UN_LAB_INFORMATION,TARGET_DM_CP_N_HARMONIZED_AND_CHEMISTRY_CROSSCHECKED,1.7763568394002505e-15,4.636593795202046,5.266071305405616,4.044163540571823,5.343609370558152,4.249084980988357,5.307389295529257,3.675018390019735,5.300878365834554,9.902665100607662,11.255209899392339,9.387772911129975,11.770102088870026,8.975896755854288,12.181978244145713,9.556474276517614,11.601400723482387
REALV6R_0160,Rice bran::RealV6_米糠_sample7,Rice bran,米糠,7,4,growing,30.0,0.78903,21.157875,21.157875,2.221184697482482,6.372978499999999,12.56371180251752,8.594163197482482,26.81504505532109,0.026301,0.7052625,16.75940315957568,3.2280141439488994,19.83574769020189,2.9656667046880347,7.163225732861869,,87.67,14.69,16.756016881487394,0.0033862780882856,CONSISTENT,30.0±1.5 kg,22.5,湖南株洲（唐人神集团股份有限公司）,米糠论文 表2,MISSING_IN_TARGET__IMPUTED_906_TRAINING_MEDIAN,REPORTED_INITIAL_BW__NOT_DMI_BACKCALCULATION,RETROSPECTIVE_PRE_FN_UN_LAB_INFORMATION,TARGET_DM_CP_N_HARMONIZED_AND_CHEMISTRY_CROSSCHECKED,1.7763568394002505e-15,4.636593795202046,5.266071305405616,4.044163540571823,5.343609370558152,4.249084980988357,5.307389295529257,3.675018390019735,5.300878365834554,9.902665100607662,11.255209899392339,9.387772911129975,11.770102088870026,8.975896755854288,12.181978244145713,9.556474276517614,11.601400723482387
REALV6R_0161,Rice bran::RealV6_米糠_sample7,Rice bran,米糠,7,5,growing,30.0,0.78903,21.157875,21.157875,2.546648433008092,2.376753,16.23447356699191,4.923401433008092,26.81504505532109,0.026301,0.7052625,16.75940315957568,3.2280141439488994,19.83574769020189,2.9656667046880347,7.163225732861869,,87.67,14.69,16.756016881487394,0.0033862780882856,CONSISTENT,30.0±1.5 kg,22.5,湖南株洲（唐人神集团股份有限公司）,米糠论文 表2,MISSING_IN_TARGET__IMPUTED_906_TRAINING_MEDIAN,REPORTED_INITIAL_BW__NOT_DMI_BACKCALCULATION,RETROSPECTIVE_PRE_FN_UN_LAB_INFORMATION,TARGET_DM_CP_N_HARMONIZED_AND_CHEMISTRY_CROSSCHECKED,0.0,4.636593795202046,5.266071305405616,4.044163540571823,5.343609370558152,4.249084980988357,5.307389295529257,3.675018390019735,5.300878365834554,9.902665100607662,11.255209899392339,9.387772911129975,11.770102088870026,8.975896755854288,12.181978244145713,9.556474276517614,11.601400723482387
REALV6R_0162,Rice bran::RealV6_米糠_sample7,Rice bran,米糠,7,6,growing,30.0,0.78903,21.157875,21.157875,3.025470999769378,3.668679,14.463725000230625,6.694149999769378,26.81504505532109,0.026301,0.7052625,16.75940315957568,3.2280141439488994,19.83574769020189,2.9656667046880347,7.163225732861869,,87.67,14.69,16.756016881487394,0.0033862780882856,CONSISTENT,30.0±1.5 kg,22.5,湖南株洲（唐人神集团股份有限公司）,米糠论文 表2,MISSING_IN_TARGET__IMPUTED_906_TRAINING_MEDIAN,REPORTED_INITIAL_BW__NOT_DMI_BACKCALCULATION,RETROSPECTIVE_PRE_FN_UN_LAB_INFORMATION,TARGET_DM_CP_N_HARMONIZED_AND_CHEMISTRY_CROSSCHECKED,-1.7763568394002505e-15,4.636593795202046,5.266071305405616,4.044163540571823,5.343609370558152,4.249084980988357,5.307389295529257,3.675018390019735,5.300878365834554,9.902665100607662,11.255209899392339,9.387772911129975,11.770102088870026,8.975896755854288,12.181978244145713,9.556474276517614,11.601400723482387
REALV6R_0163,Rice bran::RealV6_米糠_sample8,Rice bran,米糠,8,1,growing,30.0,0.8776,27.44875,27.44875,2.92082892325132,7.8909345,16.63698657674868,10.81176342325132,31.277062443026438,0.0292533333333333,0.9149583333333332,19.54816402689152,2.301731996353692,18.77848678213309,4.968094804010939,7.987693710118505,,87.76,17.16,19.553327256153143,-0.0051632292616226,CONSISTENT,30.0±1.5 kg,25.0,湖南长沙（大北农科技集团有限公司）,米糠论文 表2,MISSING_IN_TARGET__IMPUTED_906_TRAINING_MEDIAN,REPORTED_INITIAL_BW__NOT_DMI_BACKCALCULATION,RETROSPECTIVE_PRE_FN_UN_LAB_INFORMATION,TARGET_DM_CP_N_HARMONIZED_AND_CHEMISTRY_CROSSCHECKED,0.0,4.773972492234998,7.152806416461249,3.994323618525464,5.776246359459602,4.264003920925631,6.419273864057442,4.043649196624756,6.789909839630127,11.926778908696246,15.521971091303755,9.770569977985065,17.678180022014935,10.833559036254883,16.615190963745118,10.683277784983073,16.765472215016928
REALV6R_0164,Rice bran::RealV6_米糠_sample8,Rice bran,米糠,8,2,growing,30.0,0.8776,27.44875,27.44875,2.98135875091751,5.629346499999994,18.838044749082496,8.610705250917505,31.277062443026438,0.0292533333333333,0.9149583333333332,19.54816402689152,2.301731996353692,18.77848678213309,4.968094804010939,7.987693710118505,,87.76,17.16,19.553327256153143,-0.0051632292616226,CONSISTENT,30.0±1.5 kg,25.0,湖南长沙（大北农科技集团有限公司）,米糠论文 表2,MISSING_IN_TARGET__IMPUTED_906_TRAINING_MEDIAN,REPORTED_INITIAL_BW__NOT_DMI_BACKCALCULATION,RETROSPECTIVE_PRE_FN_UN_LAB_INFORMATION,TARGET_DM_CP_N_HARMONIZED_AND_CHEMISTRY_CROSSCHECKED,0.0,4.773972492234998,7.152806416461249,3.994323618525464,5.776246359459602,4.264003920925631,6.419273864057442,4.043649196624756,6.789909839630127,11.926778908696246,15.521971091303755,9.770569977985065,17.678180022014935,10.833559036254883,16.615190963745118,10.683277784983073,16.765472215016928
REALV6R_0165,Rice bran::RealV6_米糠_sample8,Rice bran,米糠,8,3,growing,30.0,0.8776,27.44875,27.44875,3.195721397235731,6.4293535,17.82367510276427,9.62507489723573,31.277062443026438,0.0292533333333333,0.9149583333333332,19.54816402689152,2.301731996353692,18.77848678213309,4.968094804010939,7.987693710118505,,87.76,17.16,19.553327256153143,-0.0051632292616226,CONSISTENT,30.0±1.5 kg,25.0,湖南长沙（大北农科技集团有限公司）,米糠论文 表2,MISSING_IN_TARGET__IMPUTED_906_TRAINING_MEDIAN,REPORTED_INITIAL_BW__NOT_DMI_BACKCALCULATION,RETROSPECTIVE_PRE_FN_UN_LAB_INFORMATION,TARGET_DM_CP_N_HARMONIZED_AND_CHEMISTRY_CROSSCHECKED,0.0,4.773972492234998,7.152806416461249,3.994323618525464,5.776246359459602,4.264003920925631,6.419273864057442,4.043649196624756,6.789909839630127,11.926778908696246,15.521971091303755,9.770569977985065,17.678180022014935,10.833559036254883,16.615190963745118,10.683277784983073,16.765472215016928
REALV6R_0166,Rice bran::RealV6_米糠_sample8,Rice bran,米糠,8,4,growing,30.0,0.8776,27.44875,27.44875,2.646803846219394,6.922247499999999,17.879698653780608,9.569051346219393,31.277062443026438,0.0292533333333333,0.9149583333333332,19.54816402689152,2.301731996353692,18.77848678213309,4.968094804010939,7.987693710118505,,87.76,17.16,19.553327256153143,-0.0051632292616226,CONSISTENT,30.0±1.5 kg,25.0,湖南长沙（大北农科技集团有限公司）,米糠论文 表2,MISSING_IN_TARGET__IMPUTED_906_TRAINING_MEDIAN,REPORTED_INITIAL_BW__NOT_DMI_BACKCALCULATION,RETROSPECTIVE_PRE_FN_UN_LAB_INFORMATION,TARGET_DM_CP_N_HARMONIZED_AND_CHEMISTRY_CROSSCHECKED,0.0,4.773972492234998,7.152806416461249,3.994323618525464,5.776246359459602,4.264003920925631,6.419273864057442,4.043649196624756,6.789909839630127,11.926778908696246,15.521971091303755,9.770569977985065,17.678180022014935,10.833559036254883,16.615190963745118,10.683277784983073,16.765472215016928
REALV6R_0167,Rice bran::RealV6_米糠_sample8,Rice bran,米糠,8,5,growing,30.0,0.8776,27.44875,27.44875,3.18010614434143,2.7103175,21.55832635565857,5.89042364434143,31.277062443026438,0.0292533333333333,0.9149583333333332,19.54816402689152,2.301731996353692,18.77848678213309,4.968094804010939,7.987693710118505,,87.76,17.16,19.553327256153143,-0.0051632292616226,CONSISTENT,30.0±1.5 kg,25.0,湖南长沙（大北农科技集团有限公司）,米糠论文 表2,MISSING_IN_TARGET__IMPUTED_906_TRAINING_MEDIAN,REPORTED_INITIAL_BW__NOT_DMI_BACKCALCULATION,RETROSPECTIVE_PRE_FN_UN_LAB_INFORMATION,TARGET_DM_CP_N_HARMONIZED_AND_CHEMISTRY_CROSSCHECKED,0.0,4.773972492234998,7.152806416461249,3.994323618525464,5.776246359459602,4.264003920925631,6.419273864057442,4.043649196624756,6.789909839630127,11.926778908696246,15.521971091303755,9.770569977985065,17.678180022014935,10.833559036254883,16.615190963745118,10.683277784983073,16.765472215016928
REALV6R_0168,Rice bran::RealV6_米糠_sample8,Rice bran,米糠,8,6,growing,30.0,0.8776,27.44875,27.44875,2.952102088322138,5.27809933333333,19.21854857834453,8.230201421655469,31.277062443026438,0.0292533333333333,0.9149583333333332,19.54816402689152,2.301731996353692,18.77848678213309,4.968094804010939,7.987693710118505,,87.76,17.16,19.553327256153143,-0.0051632292616226,CONSISTENT,30.0±1.5 kg,25.0,湖南长沙（大北农科技集团有限公司）,米糠论文 表2,MISSING_IN_TARGET__IMPUTED_906_TRAINING_MEDIAN,REPORTED_INITIAL_BW__NOT_DMI_BACKCALCULATION,RETROSPECTIVE_PRE_FN_UN_LAB_INFORMATION,TARGET_DM_CP_N_HARMONIZED_AND_CHEMISTRY_CROSSCHECKED,0.0,4.773972492234998,7.152806416461249,3.994323618525464,5.776246359459602,4.264003920925631,6.419273864057442,4.043649196624756,6.789909839630127,11.926778908696246,15.521971091303755,9.770569977985065,17.678180022014935,10.833559036254883,16.615190963745118,10.683277784983073,16.765472215016928
REALV6R_0169,Rice bran::RealV6_米糠_sample9,Rice bran,米糠,9,1,growing,30.0,0.8744,26.51375,26.51375,3.834501391057525,8.2599705,14.419278108942471,12.094471891057523,30.322220951509607,0.0291466666666666,0.8837916666666666,18.951388094693502,3.979871912168344,21.28316559926807,4.929094236047575,7.147758462946021,,87.44,16.57,18.95013723696249,0.0012508577310121,CONSISTENT,30.0±1.5 kg,25.0,湖南长沙（国雄饲料有限公司）,米糠论文 表2,MISSING_IN_TARGET__IMPUTED_906_TRAINING_MEDIAN,REPORTED_INITIAL_BW__NOT_DMI_BACKCALCULATION,RETROSPECTIVE_PRE_FN_UN_LAB_INFORMATION,TARGET_DM_CP_N_HARMONIZED_AND_CHEMISTRY_CROSSCHECKED,0.0,5.175256846718728,6.393369858772123,4.045737010132163,5.949648371606355,4.436437569536981,6.156922379868753,4.2101114590962725,6.159480094909668,11.56862670549085,14.945123294509152,9.995385381738519,16.518364618261483,10.36959155400594,16.144158445994062,10.593359949405734,15.920390050594268
REALV6R_0170,Rice bran::RealV6_米糠_sample9,Rice bran,米糠,9,2,growing,30.0,0.8744,26.51375,26.51375,3.704115948583512,9.323097,13.486537051416486,13.027212948583513,30.322220951509607,0.0291466666666666,0.8837916666666666,18.951388094693502,3.979871912168344,21.28316559926807,4.929094236047575,7.147758462946021,,87.44,16.57,18.95013723696249,0.0012508577310121,CONSISTENT,30.0±1.5 kg,25.0,湖南长沙（国雄饲料有限公司）,米糠论文 表2,MISSING_IN_TARGET__IMPUTED_906_TRAINING_MEDIAN,REPORTED_INITIAL_BW__NOT_DMI_BACKCALCULATION,RETROSPECTIVE_PRE_FN_UN_LAB_INFORMATION,TARGET_DM_CP_N_HARMONIZED_AND_CHEMISTRY_CROSSCHECKED,1.7763568394002505e-15,5.175256846718728,6.393369858772123,4.045737010132163,5.949648371606355,4.436437569536981,6.156922379868753,4.2101114590962725,6.159480094909668,11.56862670549085,14.945123294509152,9.995385381738519,16.518364618261483,10.36959155400594,16.144158445994062,10.593359949405734,15.920390050594268
REALV6R_0171,Rice bran::RealV6_米糠_sample9,Rice bran,米糠,9,3,growing,30.0,0.8744,26.51375,26.51375,4.463480102040831,9.168583,12.881686897959169,13.632063102040831,30.322220951509607,0.0291466666666666,0.8837916666666666,18.951388094693502,3.979871912168344,21.28316559926807,4.929094236047575,7.147758462946021,,87.44,16.57,18.95013723696249,0.0012508577310121,CONSISTENT,30.0±1.5 kg,25.0,湖南长沙（国雄饲料有限公司）,米糠论文 表2,MISSING_IN_TARGET__IMPUTED_906_TRAINING_MEDIAN,REPORTED_INITIAL_BW__NOT_DMI_BACKCALCULATION,RETROSPECTIVE_PRE_FN_UN_LAB_INFORMATION,TARGET_DM_CP_N_HARMONIZED_AND_CHEMISTRY_CROSSCHECKED,1.7763568394002505e-15,5.175256846718728,6.393369858772123,4.045737010132163,5.949648371606355,4.436437569536981,6.156922379868753,4.2101114590962725,6.159480094909668,11.56862670549085,14.945123294509152,9.995385381738519,16.518364618261483,10.36959155400594,16.144158445994062,10.593359949405734,15.920390050594268
REALV6R_0172,Rice bran::RealV6_米糠_sample9,Rice bran,米糠,9,4,growing,30.0,0.8744,26.51375,26.51375,3.60269215652347,6.415023833333326,16.4960340101432,10.017715989856796,30.322220951509607,0.0291466666666666,0.8837916666666666,18.951388094693502,3.979871912168344,21.28316559926807,4.929094236047575,7.147758462946021,,87.44,16.57,18.95013723696249,0.0012508577310121,CONSISTENT,30.0±1.5 kg,25.0,湖南长沙（国雄饲料有限公司）,米糠论文 表2,MISSING_IN_TARGET__IMPUTED_906_TRAINING_MEDIAN,REPORTED_INITIAL_BW__NOT_DMI_BACKCALCULATION,RETROSPECTIVE_PRE_FN_UN_LAB_INFORMATION,TARGET_DM_CP_N_HARMONIZED_AND_CHEMISTRY_CROSSCHECKED,0.0,5.175256846718728,6.393369858772123,4.045737010132163,5.949648371606355,4.436437569536981,6.156922379868753,4.2101114590962725,6.159480094909668,11.56862670549085,14.945123294509152,9.995385381738519,16.518364618261483,10.36959155400594,16.144158445994062,10.593359949405734,15.920390050594268
REALV6R_0173,Rice bran::RealV6_米糠_sample9,Rice bran,米糠,9,5,growing,30.0,0.8744,26.51375,26.51375,4.544435082760238,3.260977499999998,18.70833741723976,7.805412582760235,30.322220951509607,0.0291466666666666,0.8837916666666666,18.951388094693502,3.979871912168344,21.28316559926807,4.929094236047575,7.147758462946021,,87.44,16.57,18.95013723696249,0.0012508577310121,CONSISTENT,30.0±1.5 kg,25.0,湖南长沙（国雄饲料有限公司）,米糠论文 表2,MISSING_IN_TARGET__IMPUTED_906_TRAINING_MEDIAN,REPORTED_INITIAL_BW__NOT_DMI_BACKCALCULATION,RETROSPECTIVE_PRE_FN_UN_LAB_INFORMATION,TARGET_DM_CP_N_HARMONIZED_AND_CHEMISTRY_CROSSCHECKED,0.0,5.175256846718728,6.393369858772123,4.045737010132163,5.949648371606355,4.436437569536981,6.156922379868753,4.2101114590962725,6.159480094909668,11.56862670549085,14.945123294509152,9.995385381738519,16.518364618261483,10.36959155400594,16.144158445994062,10.593359949405734,15.920390050594268
REALV6R_0174,Rice bran::RealV6_米糠_sample9,Rice bran,米糠,9,6,growing,30.0,0.8744,26.51375,26.51375,4.224924986895457,8.623701666666662,13.66512334643788,12.848626653562118,30.322220951509607,0.0291466666666666,0.8837916666666666,18.951388094693502,3.979871912168344,21.28316559926807,4.929094236047575,7.147758462946021,,87.44,16.57,18.95013723696249,0.0012508577310121,CONSISTENT,30.0±1.5 kg,25.0,湖南长沙（国雄饲料有限公司）,米糠论文 表2,MISSING_IN_TARGET__IMPUTED_906_TRAINING_MEDIAN,REPORTED_INITIAL_BW__NOT_DMI_BACKCALCULATION,RETROSPECTIVE_PRE_FN_UN_LAB_INFORMATION,TARGET_DM_CP_N_HARMONIZED_AND_CHEMISTRY_CROSSCHECKED,0.0,5.175256846718728,6.393369858772123,4.045737010132163,5.949648371606355,4.436437569536981,6.156922379868753,4.2101114590962725,6.159480094909668,11.56862670549085,14.945123294509152,9.995385381738519,16.518364618261483,10.36959155400594,16.144158445994062,10.593359949405734,15.920390050594268
REALV6R_0175,Rice bran::RealV6_米糠_sample10,Rice bran,米糠,10,1,growing,30.0,0.8745,25.2825,25.2825,4.07936705849996,8.614581,12.58855194150004,12.69394805849996,28.91080617495712,0.02915,0.84275,18.0692538593482,2.9045168667810177,20.011435105774726,4.985706117781589,6.769582618639222,,87.45,15.8,18.067467124070895,0.0017867352772995,CONSISTENT,30.0±1.5 kg,25.0,湖北襄阳（正大集团有限公司）,米糠论文 表2,MISSING_IN_TARGET__IMPUTED_906_TRAINING_MEDIAN,REPORTED_INITIAL_BW__NOT_DMI_BACKCALCULATION,RETROSPECTIVE_PRE_FN_UN_LAB_INFORMATION,TARGET_DM_CP_N_HARMONIZED_AND_CHEMISTRY_CROSSCHECKED,-1.7763568394002505e-15,4.973527780991333,6.369626795581718,4.0187736985985305,5.892389550523013,4.349022838102079,6.115319653158469,3.9911728700002036,6.0946885744730634,11.34315457657305,13.939345423426948,9.911163249121543,15.371336750878456,10.085861444473267,15.196638555526732,10.464342491260549,14.81815750873945
REALV6R_0176,Rice bran::RealV6_米糠_sample10,Rice bran,米糠,10,2,growing,30.0,0.8745,25.2825,25.2825,4.4333336228288,6.65761666666666,14.19154971050454,11.09095028949546,28.91080617495712,0.02915,0.84275,18.0692538593482,2.9045168667810177,20.011435105774726,4.985706117781589,6.769582618639222,,87.45,15.8,18.067467124070895,0.0017867352772995,CONSISTENT,30.0±1.5 kg,25.0,湖北襄阳（正大集团有限公司）,米糠论文 表2,MISSING_IN_TARGET__IMPUTED_906_TRAINING_MEDIAN,REPORTED_INITIAL_BW__NOT_DMI_BACKCALCULATION,RETROSPECTIVE_PRE_FN_UN_LAB_INFORMATION,TARGET_DM_CP_N_HARMONIZED_AND_CHEMISTRY_CROSSCHECKED,0.0,4.973527780991333,6.369626795581718,4.0187736985985305,5.892389550523013,4.349022838102079,6.115319653158469,3.9911728700002036,6.0946885744730634,11.34315457657305,13.939345423426948,9.911163249121543,15.371336750878456,10.085861444473267,15.196638555526732,10.464342491260549,14.81815750873945
REALV6R_0177,Rice bran::RealV6_米糠_sample10,Rice bran,米糠,10,3,growing,30.0,0.8745,25.2825,25.2825,4.479651575733929,6.011356500000003,14.791491924266069,10.491008075733932,28.91080617495712,0.02915,0.84275,18.0692538593482,2.9045168667810177,20.011435105774726,4.985706117781589,6.769582618639222,,87.45,15.8,18.067467124070895,0.0017867352772995,CONSISTENT,30.0±1.5 kg,25.0,湖北襄阳（正大集团有限公司）,米糠论文 表2,MISSING_IN_TARGET__IMPUTED_906_TRAINING_MEDIAN,REPORTED_INITIAL_BW__NOT_DMI_BACKCALCULATION,RETROSPECTIVE_PRE_FN_UN_LAB_INFORMATION,TARGET_DM_CP_N_HARMONIZED_AND_CHEMISTRY_CROSSCHECKED,0.0,4.973527780991333,6.369626795581718,4.0187736985985305,5.892389550523013,4.349022838102079,6.115319653158469,3.9911728700002036,6.0946885744730634,11.34315457657305,13.939345423426948,9.911163249121543,15.371336750878456,10.085861444473267,15.196638555526732,10.464342491260549,14.81815750873945
REALV6R_0178,Rice bran::RealV6_米糠_sample10,Rice bran,米糠,10,4,growing,30.0,0.8745,25.2825,25.2825,4.273590216753549,7.625007833333339,13.38390194991311,11.898598050086887,28.91080617495712,0.02915,0.84275,18.0692538593482,2.9045168667810177,20.011435105774726,4.985706117781589,6.769582618639222,,87.45,15.8,18.067467124070895,0.0017867352772995,CONSISTENT,30.0±1.5 kg,25.0,湖北襄阳（正大集团有限公司）,米糠论文 表2,MISSING_IN_TARGET__IMPUTED_906_TRAINING_MEDIAN,REPORTED_INITIAL_BW__NOT_DMI_BACKCALCULATION,RETROSPECTIVE_PRE_FN_UN_LAB_INFORMATION,TARGET_DM_CP_N_HARMONIZED_AND_CHEMISTRY_CROSSCHECKED,3.552713678800501e-15,4.973527780991333,6.369626795581718,4.0187736985985305,5.892389550523013,4.349022838102079,6.115319653158469,3.9911728700002036,6.0946885744730634,11.34315457657305,13.939345423426948,9.911163249121543,15.371336750878456,10.085861444473267,15.196638555526732,10.464342491260549,14.81815750873945
REALV6R_0179,Rice bran::RealV6_米糠_sample10,Rice bran,米糠,10,5,growing,30.0,0.8745,25.2825,25.2825,4.238025184331812,1.1139075,19.930567315668185,5.351932684331812,28.91080617495712,0.02915,0.84275,18.0692538593482,2.9045168667810177,20.011435105774726,4.985706117781589,6.769582618639222,,87.45,15.8,18.067467124070895,0.0017867352772995,CONSISTENT,30.0±1.5 kg,25.0,湖北襄阳（正大集团有限公司）,米糠论文 表2,MISSING_IN_TARGET__IMPUTED_906_TRAINING_MEDIAN,REPORTED_INITIAL_BW__NOT_DMI_BACKCALCULATION,RETROSPECTIVE_PRE_FN_UN_LAB_INFORMATION,TARGET_DM_CP_N_HARMONIZED_AND_CHEMISTRY_CROSSCHECKED,3.552713678800501e-15,4.973527780991333,6.369626795581718,4.0187736985985305,5.892389550523013,4.349022838102079,6.115319653158469,3.9911728700002036,6.0946885744730634,11.34315457657305,13.939345423426948,9.911163249121543,15.371336750878456,10.085861444473267,15.196638555526732,10.464342491260549,14.81815750873945
REALV6R_0180,Rice bran::RealV6_米糠_sample10,Rice bran,米糠,10,6,growing,30.0,0.8745,25.2825,25.2825,3.022866238471197,6.647718,15.611915761528802,9.670584238471196,28.91080617495712,0.02915,0.84275,18.0692538593482,2.9045168667810177,20.011435105774726,4.985706117781589,6.769582618639222,,87.45,15.8,18.067467124070895,0.0017867352772995,CONSISTENT,30.0±1.5 kg,25.0,湖北襄阳（正大集团有限公司）,米糠论文 表2,MISSING_IN_TARGET__IMPUTED_906_TRAINING_MEDIAN,REPORTED_INITIAL_BW__NOT_DMI_BACKCALCULATION,RETROSPECTIVE_PRE_FN_UN_LAB_INFORMATION,TARGET_DM_CP_N_HARMONIZED_AND_CHEMISTRY_CROSSCHECKED,0.0,4.973527780991333,6.369626795581718,4.0187736985985305,5.892389550523013,4.349022838102079,6.115319653158469,3.9911728700002036,6.0946885744730634,11.34315457657305,13.939345423426948,9.911163249121543,15.371336750878456,10.085861444473267,15.196638555526732,10.464342491260549,14.81815750873945
REALV6R_0427,Brown rice::RealV6_糙米_sample1,Brown rice,糙米,1,1,growing,50.0,1.7642,43.6813931743806,43.6813931743806,2.040604493795857,7.895658333333309,33.74513034725143,9.936262827129166,24.75988729984163,0.035284,0.873627863487612,15.47492956240102,2.221970298152137,12.50425121868269,4.001813853304614,4.704682008842536,,88.21,3.01,3.412311529305068,12.062618033095951,SOURCE_CP_ANOMALY_USE_N_DERIVED,50.0±1.7 kg,50.0,"岳阳，湖南 Yueyang, Hunan",糙米论文 表2-2,MISSING_IN_TARGET__IMPUTED_906_TRAINING_MEDIAN,REPORTED_INITIAL_BW__NOT_DMI_BACKCALCULATION,RETROSPECTIVE_PRE_FN_UN_LAB_INFORMATION,TARGET_DM_CP_N_HARMONIZED_AND_CHEMISTRY_CROSSCHECKED,7.105427357601002e-15,6.995096628050798,14.277431816469932,6.622330649104607,9.612158826617708,6.751270285031223,11.791430870488142,6.78997262318929,13.526629765828451,21.27252844452073,22.40886472985987,16.234489475722317,27.446903698658286,20.316602389017742,23.36479078536286,18.542701155519367,25.138692018861235
REALV6R_0428,Brown rice::RealV6_糙米_sample1,Brown rice,糙米,1,2,growing,50.0,1.7642,43.6813931743806,43.6813931743806,2.51969517661107,6.107359999999989,35.054337997769544,8.627055176611059,24.75988729984163,0.035284,0.873627863487612,15.47492956240102,2.221970298152137,12.50425121868269,4.001813853304614,4.704682008842536,,88.21,3.01,3.412311529305068,12.062618033095951,SOURCE_CP_ANOMALY_USE_N_DERIVED,50.0±1.7 kg,50.0,"岳阳，湖南 Yueyang, Hunan",糙米论文 表2-2,MISSING_IN_TARGET__IMPUTED_906_TRAINING_MEDIAN,REPORTED_INITIAL_BW__NOT_DMI_BACKCALCULATION,RETROSPECTIVE_PRE_FN_UN_LAB_INFORMATION,TARGET_DM_CP_N_HARMONIZED_AND_CHEMISTRY_CROSSCHECKED,-7.105427357601002e-15,6.995096628050798,14.277431816469932,6.622330649104607,9.612158826617708,6.751270285031223,11.791430870488142,6.78997262318929,13.526629765828451,21.27252844452073,22.40886472985987,16.234489475722317,27.446903698658286,20.316602389017742,23.36479078536286,18.542701155519367,25.138692018861235
REALV6R_0429,Brown rice::RealV6_糙米_sample1,Brown rice,糙米,1,3,growing,50.0,1.7642,43.6813931743806,43.6813931743806,1.946412533069046,5.730662333333322,36.00431830797823,7.677074866402369,24.75988729984163,0.035284,0.873627863487612,15.47492956240102,2.221970298152137,12.50425121868269,4.001813853304614,4.704682008842536,,88.21,3.01,3.412311529305068,12.062618033095951,SOURCE_CP_ANOMALY_USE_N_DERIVED,50.0±1.7 kg,50.0,"岳阳，湖南 Yueyang, Hunan",糙米论文 表2-2,MISSING_IN_TARGET__IMPUTED_906_TRAINING_MEDIAN,REPORTED_INITIAL_BW__NOT_DMI_BACKCALCULATION,RETROSPECTIVE_PRE_FN_UN_LAB_INFORMATION,TARGET_DM_CP_N_HARMONIZED_AND_CHEMISTRY_CROSSCHECKED,7.105427357601002e-15,6.995096628050798,14.277431816469932,6.622330649104607,9.612158826617708,6.751270285031223,11.791430870488142,6.78997262318929,13.526629765828451,21.27252844452073,22.40886472985987,16.234489475722317,27.446903698658286,20.316602389017742,23.36479078536286,18.542701155519367,25.138692018861235
REALV6R_0430,Brown rice::RealV6_糙米_sample1,Brown rice,糙米,1,4,growing,50.0,1.7642,43.6813931743806,43.6813931743806,2.755054981860609,13.39061533333335,27.53572285918664,16.14567031519396,24.75988729984163,0.035284,0.873627863487612,15.47492956240102,2.221970298152137,12.50425121868269,4.001813853304614,4.704682008842536,,88.21,3.01,3.412311529305068,12.062618033095951,SOURCE_CP_ANOMALY_USE_N_DERIVED,50.0±1.7 kg,50.0,"岳阳，湖南 Yueyang, Hunan",糙米论文 表2-2,MISSING_IN_TARGET__IMPUTED_906_TRAINING_MEDIAN,REPORTED_INITIAL_BW__NOT_DMI_BACKCALCULATION,RETROSPECTIVE_PRE_FN_UN_LAB_INFORMATION,TARGET_DM_CP_N_HARMONIZED_AND_CHEMISTRY_CROSSCHECKED,0.0,6.995096628050798,14.277431816469932,6.622330649104607,9.612158826617708,6.751270285031223,11.791430870488142,6.78997262318929,13.526629765828451,21.27252844452073,22.40886472985987,16.234489475722317,27.446903698658286,20.316602389017742,23.36479078536286,18.542701155519367,25.138692018861235
REALV6R_0431,Brown rice::RealV6_糙米_sample1,Brown rice,糙米,1,5,growing,50.0,1.7642,43.6813931743806,43.6813931743806,2.029817912694432,6.570176166666669,35.0813990950195,8.599994079361101,24.75988729984163,0.035284,0.873627863487612,15.47492956240102,2.221970298152137,12.50425121868269,4.001813853304614,4.704682008842536,,88.21,3.01,3.412311529305068,12.062618033095951,SOURCE_CP_ANOMALY_USE_N_DERIVED,50.0±1.7 kg,50.0,"岳阳，湖南 Yueyang, Hunan",糙米论文 表2-2,MISSING_IN_TARGET__IMPUTED_906_TRAINING_MEDIAN,REPORTED_INITIAL_BW__NOT_DMI_BACKCALCULATION,RETROSPECTIVE_PRE_FN_UN_LAB_INFORMATION,TARGET_DM_CP_N_HARMONIZED_AND_CHEMISTRY_CROSSCHECKED,0.0,6.995096628050798,14.277431816469932,6.622330649104607,9.612158826617708,6.751270285031223,11.791430870488142,6.78997262318929,13.526629765828451,21.27252844452073,22.40886472985987,16.234489475722317,27.446903698658286,20.316602389017742,23.36479078536286,18.542701155519367,25.138692018861235
REALV6R_0432,Brown rice::RealV6_糙米_sample1,Brown rice,糙米,1,6,growing,50.0,1.7642,43.6813931743806,43.6813931743806,1.057752133482336,4.098314666666656,38.52532637423161,5.156066800148992,24.75988729984163,0.035284,0.873627863487612,15.47492956240102,2.221970298152137,12.50425121868269,4.001813853304614,4.704682008842536,,88.21,3.01,3.412311529305068,12.062618033095951,SOURCE_CP_ANOMALY_USE_N_DERIVED,50.0±1.7 kg,50.0,"岳阳，湖南 Yueyang, Hunan",糙米论文 表2-2,MISSING_IN_TARGET__IMPUTED_906_TRAINING_MEDIAN,REPORTED_INITIAL_BW__NOT_DMI_BACKCALCULATION,RETROSPECTIVE_PRE_FN_UN_LAB_INFORMATION,TARGET_DM_CP_N_HARMONIZED_AND_CHEMISTRY_CROSSCHECKED,0.0,6.995096628050798,14.277431816469932,6.622330649104607,9.612158826617708,6.751270285031223,11.791430870488142,6.78997262318929,13.526629765828451,21.27252844452073,22.40886472985987,16.234489475722317,27.446903698658286,20.316602389017742,23.36479078536286,18.542701155519367,25.138692018861235
REALV6R_0433,Brown rice::RealV6_糙米_sample2,Brown rice,糙米,2,1,growing,50.0,1.768,36.3430034129692,36.3430034129692,1.338686697732365,7.653567333333351,27.350749381903487,8.992254031065716,20.555997405525567,0.03536,0.7268600682593841,12.847498378453478,2.171945701357466,12.816742081447964,4.457013574660634,5.135746606334842,,88.4,2.59,2.929864253393665,9.917634125059813,SOURCE_CP_ANOMALY_USE_N_DERIVED,50.0±1.7 kg,50.0,"广德，安徽 Guangde, Anhui",糙米论文 表2-2,MISSING_IN_TARGET__IMPUTED_906_TRAINING_MEDIAN,REPORTED_INITIAL_BW__NOT_DMI_BACKCALCULATION,RETROSPECTIVE_PRE_FN_UN_LAB_INFORMATION,TARGET_DM_CP_N_HARMONIZED_AND_CHEMISTRY_CROSSCHECKED,3.552713678800501e-15,6.292083483793121,11.040556243403772,5.77377611586628,8.804372209583383,5.953058472876162,9.84895274333872,5.749471823374431,10.301897048950195,17.33263972719689,19.01036368577231,14.578148325449662,21.764855087519543,16.051368872324627,20.291634540644576,15.802011216214881,20.540992196754324
REALV6R_0434,Brown rice::RealV6_糙米_sample2,Brown rice,糙米,2,2,growing,50.0,1.768,36.3430034129692,36.3430034129692,2.389109404288955,7.529278499999999,26.424615508680247,9.918387904288954,20.555997405525567,0.03536,0.7268600682593841,12.847498378453478,2.171945701357466,12.816742081447964,4.457013574660634,5.135746606334842,,88.4,2.59,2.929864253393665,9.917634125059813,SOURCE_CP_ANOMALY_USE_N_DERIVED,50.0±1.7 kg,50.0,"广德，安徽 Guangde, Anhui",糙米论文 表2-2,MISSING_IN_TARGET__IMPUTED_906_TRAINING_MEDIAN,REPORTED_INITIAL_BW__NOT_DMI_BACKCALCULATION,RETROSPECTIVE_PRE_FN_UN_LAB_INFORMATION,TARGET_DM_CP_N_HARMONIZED_AND_CHEMISTRY_CROSSCHECKED,3.552713678800501e-15,6.292083483793121,11.040556243403772,5.77377611586628,8.804372209583383,5.953058472876162,9.84895274333872,5.749471823374431,10.301897048950195,17.33263972719689,19.01036368577231,14.578148325449662,21.764855087519543,16.051368872324627,20.291634540644576,15.802011216214881,20.540992196754324
REALV6R_0435,Brown rice::RealV6_糙米_sample2,Brown rice,糙米,2,3,growing,50.0,1.768,36.3430034129692,36.3430034129692,1.693792988716615,11.15328033333336,23.49593009091923,12.847073322049974,20.555997405525567,0.03536,0.7268600682593841,12.847498378453478,2.171945701357466,12.816742081447964,4.457013574660634,5.135746606334842,,88.4,2.59,2.929864253393665,9.917634125059813,SOURCE_CP_ANOMALY_USE_N_DERIVED,50.0±1.7 kg,50.0,"广德，安徽 Guangde, Anhui",糙米论文 表2-2,MISSING_IN_TARGET__IMPUTED_906_TRAINING_MEDIAN,REPORTED_INITIAL_BW__NOT_DMI_BACKCALCULATION,RETROSPECTIVE_PRE_FN_UN_LAB_INFORMATION,TARGET_DM_CP_N_HARMONIZED_AND_CHEMISTRY_CROSSCHECKED,-3.552713678800501e-15,6.292083483793121,11.040556243403772,5.77377611586628,8.804372209583383,5.953058472876162,9.84895274333872,5.749471823374431,10.301897048950195,17.33263972719689,19.01036368577231,14.578148325449662,21.764855087519543,16.051368872324627,20.291634540644576,15.802011216214881,20.540992196754324
REALV6R_0436,Brown rice::RealV6_糙米_sample2,Brown rice,糙米,2,4,growing,50.0,1.768,36.3430034129692,36.3430034129692,0.6792336698452571,3.549606666666671,32.114163076457274,4.2288403365119285,20.555997405525567,0.03536,0.7268600682593841,12.847498378453478,2.171945701357466,12.816742081447964,4.457013574660634,5.135746606334842,,88.4,2.59,2.929864253393665,9.917634125059813,SOURCE_CP_ANOMALY_USE_N_DERIVED,50.0±1.7 kg,50.0,"广德，安徽 Guangde, Anhui",糙米论文 表2-2,MISSING_IN_TARGET__IMPUTED_906_TRAINING_MEDIAN,REPORTED_INITIAL_BW__NOT_DMI_BACKCALCULATION,RETROSPECTIVE_PRE_FN_UN_LAB_INFORMATION,TARGET_DM_CP_N_HARMONIZED_AND_CHEMISTRY_CROSSCHECKED,0.0,6.292083483793121,11.040556243403772,5.77377611586628,8.804372209583383,5.953058472876162,9.84895274333872,5.749471823374431,10.301897048950195,17.33263972719689,19.01036368577231,14.578148325449662,21.764855087519543,16.051368872324627,20.291634540644576,15.802011216214881,20.540992196754324
REALV6R_0437,Brown rice::RealV6_糙米_sample2,Brown rice,糙米,2,5,growing,50.0,1.768,36.3430034129692,36.3430034129692,1.917914038625588,6.448185,27.97690437434361,8.366099038625588,20.555997405525567,0.03536,0.7268600682593841,12.847498378453478,2.171945701357466,12.816742081447964,4.457013574660634,5.135746606334842,,88.4,2.59,2.929864253393665,9.917634125059813,SOURCE_CP_ANOMALY_USE_N_DERIVED,50.0±1.7 kg,50.0,"广德，安徽 Guangde, Anhui",糙米论文 表2-2,MISSING_IN_TARGET__IMPUTED_906_TRAINING_MEDIAN,REPORTED_INITIAL_BW__NOT_DMI_BACKCALCULATION,RETROSPECTIVE_PRE_FN_UN_LAB_INFORMATION,TARGET_DM_CP_N_HARMONIZED_AND_CHEMISTRY_CROSSCHECKED,0.0,6.292083483793121,11.040556243403772,5.77377611586628,8.804372209583383,5.953058472876162,9.84895274333872,5.749471823374431,10.301897048950195,17.33263972719689,19.01036368577231,14.578148325449662,21.764855087519543,16.051368872324627,20.291634540644576,15.802011216214881,20.540992196754324
REALV6R_0438,Brown rice::RealV6_糙米_sample2,Brown rice,糙米,2,6,growing,50.0,1.768,36.3430034129692,36.3430034129692,1.795880590084518,6.704132,27.842990822884687,8.500012590084518,20.555997405525567,0.03536,0.7268600682593841,12.847498378453478,2.171945701357466,12.816742081447964,4.457013574660634,5.135746606334842,,88.4,2.59,2.929864253393665,9.917634125059813,SOURCE_CP_ANOMALY_USE_N_DERIVED,50.0±1.7 kg,50.0,"广德，安徽 Guangde, Anhui",糙米论文 表2-2,MISSING_IN_TARGET__IMPUTED_906_TRAINING_MEDIAN,REPORTED_INITIAL_BW__NOT_DMI_BACKCALCULATION,RETROSPECTIVE_PRE_FN_UN_LAB_INFORMATION,TARGET_DM_CP_N_HARMONIZED_AND_CHEMISTRY_CROSSCHECKED,0.0,6.292083483793121,11.040556243403772,5.77377611586628,8.804372209583383,5.953058472876162,9.84895274333872,5.749471823374431,10.301897048950195,17.33263972719689,19.01036368577231,14.578148325449662,21.764855087519543,16.051368872324627,20.291634540644576,15.802011216214881,20.540992196754324
REALV6R_0439,Brown rice::RealV6_糙米_sample3,Brown rice,糙米,3,1,growing,50.0,1.7538,52.3581018518518,52.3581018518518,1.877307370673751,14.13151350000002,36.349280981178026,16.00882087067377,29.85408932138887,0.035076,1.047162037037036,18.658805825868043,3.740449310069563,13.137187820732125,3.968525487512829,5.154521610217812,,87.69,3.31,3.774660736686053,14.88414508918199,SOURCE_CP_ANOMALY_USE_N_DERIVED,50.0±1.7 kg,50.0,"枝江，湖北 Zhijiang, Hubei",糙米论文 表2-2,MISSING_IN_TARGET__IMPUTED_906_TRAINING_MEDIAN,REPORTED_INITIAL_BW__NOT_DMI_BACKCALCULATION,RETROSPECTIVE_PRE_FN_UN_LAB_INFORMATION,TARGET_DM_CP_N_HARMONIZED_AND_CHEMISTRY_CROSSCHECKED,7.105427357601002e-15,8.013468338230075,17.82050932728191,6.984882860480543,17.475848831747815,7.340670256624794,17.636848838430762,8.232914924621582,18.710634231567383,25.833977665511988,26.52412418633981,24.460731692228357,27.897370159623442,26.943549156188965,25.414552695662834,24.977519095055555,27.380582756796244
REALV6R_0440,Brown rice::RealV6_糙米_sample3,Brown rice,糙米,3,2,growing,50.0,1.7538,52.3581018518518,52.3581018518518,4.975441933218969,8.2854135,39.09724641863283,13.26085543321897,29.85408932138887,0.035076,1.047162037037036,18.658805825868043,3.740449310069563,13.137187820732125,3.968525487512829,5.154521610217812,,87.69,3.31,3.774660736686053,14.88414508918199,SOURCE_CP_ANOMALY_USE_N_DERIVED,50.0±1.7 kg,50.0,"枝江，湖北 Zhijiang, Hubei",糙米论文 表2-2,MISSING_IN_TARGET__IMPUTED_906_TRAINING_MEDIAN,REPORTED_INITIAL_BW__NOT_DMI_BACKCALCULATION,RETROSPECTIVE_PRE_FN_UN_LAB_INFORMATION,TARGET_DM_CP_N_HARMONIZED_AND_CHEMISTRY_CROSSCHECKED,7.105427357601002e-15,8.013468338230075,17.82050932728191,6.984882860480543,17.475848831747815,7.340670256624794,17.636848838430762,8.232914924621582,18.710634231567383,25.833977665511988,26.52412418633981,24.460731692228357,27.897370159623442,26.943549156188965,25.414552695662834,24.977519095055555,27.380582756796244
REALV6R_0441,Brown rice::RealV6_糙米_sample3,Brown rice,糙米,3,3,growing,50.0,1.7538,52.3581018518518,52.3581018518518,3.715749931682233,8.927810950000014,39.71454097016955,12.643560881682246,29.85408932138887,0.035076,1.047162037037036,18.658805825868043,3.740449310069563,13.137187820732125,3.968525487512829,5.154521610217812,,87.69,3.31,3.774660736686053,14.88414508918199,SOURCE_CP_ANOMALY_USE_N_DERIVED,50.0±1.7 kg,50.0,"枝江，湖北 Zhijiang, Hubei",糙米论文 表2-2,MISSING_IN_TARGET__IMPUTED_906_TRAINING_MEDIAN,REPORTED_INITIAL_BW__NOT_DMI_BACKCALCULATION,RETROSPECTIVE_PRE_FN_UN_LAB_INFORMATION,TARGET_DM_CP_N_HARMONIZED_AND_CHEMISTRY_CROSSCHECKED,0.0,8.013468338230075,17.82050932728191,6.984882860480543,17.475848831747815,7.340670256624794,17.636848838430762,8.232914924621582,18.710634231567383,25.833977665511988,26.52412418633981,24.460731692228357,27.897370159623442,26.943549156188965,25.414552695662834,24.977519095055555,27.380582756796244
REALV6R_0442,Brown rice::RealV6_糙米_sample3,Brown rice,糙米,3,4,growing,50.0,1.7538,52.3581018518518,52.3581018518518,1.331408824442699,9.1101165,41.9165765274091,10.4415253244427,29.85408932138887,0.035076,1.047162037037036,18.658805825868043,3.740449310069563,13.137187820732125,3.968525487512829,5.154521610217812,,87.69,3.31,3.774660736686053,14.88414508918199,SOURCE_CP_ANOMALY_USE_N_DERIVED,50.0±1.7 kg,50.0,"枝江，湖北 Zhijiang, Hubei",糙米论文 表2-2,MISSING_IN_TARGET__IMPUTED_906_TRAINING_MEDIAN,REPORTED_INITIAL_BW__NOT_DMI_BACKCALCULATION,RETROSPECTIVE_PRE_FN_UN_LAB_INFORMATION,TARGET_DM_CP_N_HARMONIZED_AND_CHEMISTRY_CROSSCHECKED,7.105427357601002e-15,8.013468338230075,17.82050932728191,6.984882860480543,17.475848831747815,7.340670256624794,17.636848838430762,8.232914924621582,18.710634231567383,25.833977665511988,26.52412418633981,24.460731692228357,27.897370159623442,26.943549156188965,25.414552695662834,24.977519095055555,27.380582756796244
REALV6R_0443,Brown rice::RealV6_糙米_sample3,Brown rice,糙米,3,5,growing,50.0,1.7538,52.3581018518518,52.3581018518518,1.727237090521303,8.08676433333331,42.54410042799719,9.814001423854611,29.85408932138887,0.035076,1.047162037037036,18.658805825868043,3.740449310069563,13.137187820732125,3.968525487512829,5.154521610217812,,87.69,3.31,3.774660736686053,14.88414508918199,SOURCE_CP_ANOMALY_USE_N_DERIVED,50.0±1.7 kg,50.0,"枝江，湖北 Zhijiang, Hubei",糙米论文 表2-2,MISSING_IN_TARGET__IMPUTED_906_TRAINING_MEDIAN,REPORTED_INITIAL_BW__NOT_DMI_BACKCALCULATION,RETROSPECTIVE_PRE_FN_UN_LAB_INFORMATION,TARGET_DM_CP_N_HARMONIZED_AND_CHEMISTRY_CROSSCHECKED,7.105427357601002e-15,8.013468338230075,17.82050932728191,6.984882860480543,17.475848831747815,7.340670256624794,17.636848838430762,8.232914924621582,18.710634231567383,25.833977665511988,26.52412418633981,24.460731692228357,27.897370159623442,26.943549156188965,25.414552695662834,24.977519095055555,27.380582756796244
REALV6R_0444,Brown rice::RealV6_糙米_sample3,Brown rice,糙米,3,6,growing,50.0,1.7538,52.3581018518518,52.3581018518518,1.313235270774981,7.2825175,43.76234908107682,8.59575277077498,29.85408932138887,0.035076,1.047162037037036,18.658805825868043,3.740449310069563,13.137187820732125,3.968525487512829,5.154521610217812,,87.69,3.31,3.774660736686053,14.88414508918199,SOURCE_CP_ANOMALY_USE_N_DERIVED,50.0±1.7 kg,50.0,"枝江，湖北 Zhijiang, Hubei",糙米论文 表2-2,MISSING_IN_TARGET__IMPUTED_906_TRAINING_MEDIAN,REPORTED_INITIAL_BW__NOT_DMI_BACKCALCULATION,RETROSPECTIVE_PRE_FN_UN_LAB_INFORMATION,TARGET_DM_CP_N_HARMONIZED_AND_CHEMISTRY_CROSSCHECKED,0.0,8.013468338230075,17.82050932728191,6.984882860480543,17.475848831747815,7.340670256624794,17.636848838430762,8.232914924621582,18.710634231567383,25.833977665511988,26.52412418633981,24.460731692228357,27.897370159623442,26.943549156188965,25.414552695662834,24.977519095055555,27.380582756796244
REALV6R_0445,Brown rice::RealV6_糙米_sample4,Brown rice,糙米,4,1,growing,50.0,1.778,44.46699669967,44.46699669967,3.865043215412024,7.883978666666644,32.71797481759133,11.749021882078669,25.009559448633293,0.03556,0.8893399339934,15.63097465539581,4.015748031496063,11.001124859392576,3.5545556805399325,4.915635545556805,,88.9,4.24,4.769403824521935,10.861570830873877,SOURCE_CP_ANOMALY_USE_N_DERIVED,50.0±1.7 kg,50.0,"柳州，广西 Liuzhou, Guangxi",糙米论文 表2-2,MISSING_IN_TARGET__IMPUTED_906_TRAINING_MEDIAN,REPORTED_INITIAL_BW__NOT_DMI_BACKCALCULATION,RETROSPECTIVE_PRE_FN_UN_LAB_INFORMATION,TARGET_DM_CP_N_HARMONIZED_AND_CHEMISTRY_CROSSCHECKED,0.0,6.980236648762117,14.448097714008656,6.842745323689045,9.78405769583022,6.89030353017588,11.9627537861165,6.963823318481445,12.724944432576498,21.428334362770773,23.038662336899225,16.626803019519265,27.840193680150733,19.688767751057945,24.778228948612053,18.85305731629238,25.61393938337762
REALV6R_0446,Brown rice::RealV6_糙米_sample4,Brown rice,糙米,4,2,growing,50.0,1.778,44.46699669967,44.46699669967,2.397576247684245,7.0706835,34.998736951985755,9.468259747684243,25.009559448633293,0.03556,0.8893399339934,15.63097465539581,4.015748031496063,11.001124859392576,3.5545556805399325,4.915635545556805,,88.9,4.24,4.769403824521935,10.861570830873877,SOURCE_CP_ANOMALY_USE_N_DERIVED,50.0±1.7 kg,50.0,"柳州，广西 Liuzhou, Guangxi",糙米论文 表2-2,MISSING_IN_TARGET__IMPUTED_906_TRAINING_MEDIAN,REPORTED_INITIAL_BW__NOT_DMI_BACKCALCULATION,RETROSPECTIVE_PRE_FN_UN_LAB_INFORMATION,TARGET_DM_CP_N_HARMONIZED_AND_CHEMISTRY_CROSSCHECKED,0.0,6.980236648762117,14.448097714008656,6.842745323689045,9.78405769583022,6.89030353017588,11.9627537861165,6.963823318481445,12.724944432576498,21.428334362770773,23.038662336899225,16.626803019519265,27.840193680150733,19.688767751057945,24.778228948612053,18.85305731629238,25.61393938337762
REALV6R_0447,Brown rice::RealV6_糙米_sample4,Brown rice,糙米,4,3,growing,50.0,1.778,44.46699669967,44.46699669967,3.939253181718184,8.456558,32.07118551795182,12.395811181718184,25.009559448633293,0.03556,0.8893399339934,15.63097465539581,4.015748031496063,11.001124859392576,3.5545556805399325,4.915635545556805,,88.9,4.24,4.769403824521935,10.861570830873877,SOURCE_CP_ANOMALY_USE_N_DERIVED,50.0±1.7 kg,50.0,"柳州，广西 Liuzhou, Guangxi",糙米论文 表2-2,MISSING_IN_TARGET__IMPUTED_906_TRAINING_MEDIAN,REPORTED_INITIAL_BW__NOT_DMI_BACKCALCULATION,RETROSPECTIVE_PRE_FN_UN_LAB_INFORMATION,TARGET_DM_CP_N_HARMONIZED_AND_CHEMISTRY_CROSSCHECKED,-7.105427357601002e-15,6.980236648762117,14.448097714008656,6.842745323689045,9.78405769583022,6.89030353017588,11.9627537861165,6.963823318481445,12.724944432576498,21.428334362770773,23.038662336899225,16.626803019519265,27.840193680150733,19.688767751057945,24.778228948612053,18.85305731629238,25.61393938337762
REALV6R_0448,Brown rice::RealV6_糙米_sample4,Brown rice,糙米,4,4,growing,50.0,1.778,44.46699669967,44.46699669967,2.037740786559476,13.49775999999998,28.931495913110545,15.535500786559457,25.009559448633293,0.03556,0.8893399339934,15.63097465539581,4.015748031496063,11.001124859392576,3.5545556805399325,4.915635545556805,,88.9,4.24,4.769403824521935,10.861570830873877,SOURCE_CP_ANOMALY_USE_N_DERIVED,50.0±1.7 kg,50.0,"柳州，广西 Liuzhou, Guangxi",糙米论文 表2-2,MISSING_IN_TARGET__IMPUTED_906_TRAINING_MEDIAN,REPORTED_INITIAL_BW__NOT_DMI_BACKCALCULATION,RETROSPECTIVE_PRE_FN_UN_LAB_INFORMATION,TARGET_DM_CP_N_HARMONIZED_AND_CHEMISTRY_CROSSCHECKED,3.552713678800501e-15,6.980236648762117,14.448097714008656,6.842745323689045,9.78405769583022,6.89030353017588,11.9627537861165,6.963823318481445,12.724944432576498,21.428334362770773,23.038662336899225,16.626803019519265,27.840193680150733,19.688767751057945,24.778228948612053,18.85305731629238,25.61393938337762
REALV6R_0449,Brown rice::RealV6_糙米_sample4,Brown rice,糙米,4,5,growing,50.0,1.778,44.46699669967,44.46699669967,3.136516104745317,8.702025833333357,32.62845476159133,11.838541938078674,25.009559448633293,0.03556,0.8893399339934,15.63097465539581,4.015748031496063,11.001124859392576,3.5545556805399325,4.915635545556805,,88.9,4.24,4.769403824521935,10.861570830873877,SOURCE_CP_ANOMALY_USE_N_DERIVED,50.0±1.7 kg,50.0,"柳州，广西 Liuzhou, Guangxi",糙米论文 表2-2,MISSING_IN_TARGET__IMPUTED_906_TRAINING_MEDIAN,REPORTED_INITIAL_BW__NOT_DMI_BACKCALCULATION,RETROSPECTIVE_PRE_FN_UN_LAB_INFORMATION,TARGET_DM_CP_N_HARMONIZED_AND_CHEMISTRY_CROSSCHECKED,-7.105427357601002e-15,6.980236648762117,14.448097714008656,6.842745323689045,9.78405769583022,6.89030353017588,11.9627537861165,6.963823318481445,12.724944432576498,21.428334362770773,23.038662336899225,16.626803019519265,27.840193680150733,19.688767751057945,24.778228948612053,18.85305731629238,25.61393938337762
REALV6R_0450,Brown rice::RealV6_糙米_sample4,Brown rice,糙米,4,6,growing,50.0,1.778,44.46699669967,44.46699669967,3.046575636769859,10.7569515,30.66346956290014,13.803527136769858,25.009559448633293,0.03556,0.8893399339934,15.63097465539581,4.015748031496063,11.001124859392576,3.5545556805399325,4.915635545556805,,88.9,4.24,4.769403824521935,10.861570830873877,SOURCE_CP_ANOMALY_USE_N_DERIVED,50.0±1.7 kg,50.0,"柳州，广西 Liuzhou, Guangxi",糙米论文 表2-2,MISSING_IN_TARGET__IMPUTED_906_TRAINING_MEDIAN,REPORTED_INITIAL_BW__NOT_DMI_BACKCALCULATION,RETROSPECTIVE_PRE_FN_UN_LAB_INFORMATION,TARGET_DM_CP_N_HARMONIZED_AND_CHEMISTRY_CROSSCHECKED,0.0,6.980236648762117,14.448097714008656,6.842745323689045,9.78405769583022,6.89030353017588,11.9627537861165,6.963823318481445,12.724944432576498,21.428334362770773,23.038662336899225,16.626803019519265,27.840193680150733,19.688767751057945,24.778228948612053,18.85305731629238,25.61393938337762
REALV6R_0451,Brown rice::RealV6_糙米_sample5,Brown rice,糙米,5,1,growing,50.0,1.752,29.53986784140961,29.53986784140961,4.252991534091008,3.591825333333335,21.695050973985264,7.844816867424343,16.86065516062192,0.03504,0.5907973568281921,10.5379094753887,1.849315068493151,12.773972602739727,4.771689497716896,5.079908675799088,,87.6,4.6,5.251141552511416,5.286767922877284,SOURCE_CP_ANOMALY_USE_N_DERIVED,50.0±1.7 kg,50.0,"驻马店，河南 Zhumadian, Henan",糙米论文 表2-2,MISSING_IN_TARGET__IMPUTED_906_TRAINING_MEDIAN,REPORTED_INITIAL_BW__NOT_DMI_BACKCALCULATION,RETROSPECTIVE_PRE_FN_UN_LAB_INFORMATION,TARGET_DM_CP_N_HARMONIZED_AND_CHEMISTRY_CROSSCHECKED,0.0,5.582410900543176,8.238907548618794,4.548451562283957,9.23386728580575,4.906097775103481,8.769095353971405,5.014299710591634,9.02044677734375,13.821318449161971,15.718549392247638,13.782318848089709,15.7575489933199,14.034746487935383,15.505121353474227,13.675193129074886,15.864674712334724
REALV6R_0452,Brown rice::RealV6_糙米_sample5,Brown rice,糙米,5,2,growing,50.0,1.752,29.53986784140961,29.53986784140961,2.295159253938627,8.049220166666656,19.195488420804324,10.344379420605282,16.86065516062192,0.03504,0.5907973568281921,10.5379094753887,1.849315068493151,12.773972602739727,4.771689497716896,5.079908675799088,,87.6,4.6,5.251141552511416,5.286767922877284,SOURCE_CP_ANOMALY_USE_N_DERIVED,50.0±1.7 kg,50.0,"驻马店，河南 Zhumadian, Henan",糙米论文 表2-2,MISSING_IN_TARGET__IMPUTED_906_TRAINING_MEDIAN,REPORTED_INITIAL_BW__NOT_DMI_BACKCALCULATION,RETROSPECTIVE_PRE_FN_UN_LAB_INFORMATION,TARGET_DM_CP_N_HARMONIZED_AND_CHEMISTRY_CROSSCHECKED,0.0,5.582410900543176,8.238907548618794,4.548451562283957,9.23386728580575,4.906097775103481,8.769095353971405,5.014299710591634,9.02044677734375,13.821318449161971,15.718549392247638,13.782318848089709,15.7575489933199,14.034746487935383,15.505121353474227,13.675193129074886,15.864674712334724
REALV6R_0453,Brown rice::RealV6_糙米_sample5,Brown rice,糙米,5,3,growing,50.0,1.752,29.53986784140961,29.53986784140961,3.833718434633939,6.0099655,19.696183906775666,9.84368393463394,16.86065516062192,0.03504,0.5907973568281921,10.5379094753887,1.849315068493151,12.773972602739727,4.771689497716896,5.079908675799088,,87.6,4.6,5.251141552511416,5.286767922877284,SOURCE_CP_ANOMALY_USE_N_DERIVED,50.0±1.7 kg,50.0,"驻马店，河南 Zhumadian, Henan",糙米论文 表2-2,MISSING_IN_TARGET__IMPUTED_906_TRAINING_MEDIAN,REPORTED_INITIAL_BW__NOT_DMI_BACKCALCULATION,RETROSPECTIVE_PRE_FN_UN_LAB_INFORMATION,TARGET_DM_CP_N_HARMONIZED_AND_CHEMISTRY_CROSSCHECKED,0.0,5.582410900543176,8.238907548618794,4.548451562283957,9.23386728580575,4.906097775103481,8.769095353971405,5.014299710591634,9.02044677734375,13.821318449161971,15.718549392247638,13.782318848089709,15.7575489933199,14.034746487935383,15.505121353474227,13.675193129074886,15.864674712334724
REALV6R_0454,Brown rice::RealV6_糙米_sample5,Brown rice,糙米,5,4,growing,50.0,1.752,29.53986784140961,29.53986784140961,2.605521284996818,9.125174666666654,17.809171889746132,11.730695951663472,16.86065516062192,0.03504,0.5907973568281921,10.5379094753887,1.849315068493151,12.773972602739727,4.771689497716896,5.079908675799088,,87.6,4.6,5.251141552511416,5.286767922877284,SOURCE_CP_ANOMALY_USE_N_DERIVED,50.0±1.7 kg,50.0,"驻马店，河南 Zhumadian, Henan",糙米论文 表2-2,MISSING_IN_TARGET__IMPUTED_906_TRAINING_MEDIAN,REPORTED_INITIAL_BW__NOT_DMI_BACKCALCULATION,RETROSPECTIVE_PRE_FN_UN_LAB_INFORMATION,TARGET_DM_CP_N_HARMONIZED_AND_CHEMISTRY_CROSSCHECKED,0.0,5.582410900543176,8.238907548618794,4.548451562283957,9.23386728580575,4.906097775103481,8.769095353971405,5.014299710591634,9.02044677734375,13.821318449161971,15.718549392247638,13.782318848089709,15.7575489933199,14.034746487935383,15.505121353474227,13.675193129074886,15.864674712334724
REALV6R_0455,Brown rice::RealV6_糙米_sample5,Brown rice,糙米,5,5,growing,50.0,1.752,29.53986784140961,29.53986784140961,3.513060354184812,3.6537215,22.373085987224798,7.166781854184812,16.86065516062192,0.03504,0.5907973568281921,10.5379094753887,1.849315068493151,12.773972602739727,4.771689497716896,5.079908675799088,,87.6,4.6,5.251141552511416,5.286767922877284,SOURCE_CP_ANOMALY_USE_N_DERIVED,50.0±1.7 kg,50.0,"驻马店，河南 Zhumadian, Henan",糙米论文 表2-2,MISSING_IN_TARGET__IMPUTED_906_TRAINING_MEDIAN,REPORTED_INITIAL_BW__NOT_DMI_BACKCALCULATION,RETROSPECTIVE_PRE_FN_UN_LAB_INFORMATION,TARGET_DM_CP_N_HARMONIZED_AND_CHEMISTRY_CROSSCHECKED,0.0,5.582410900543176,8.238907548618794,4.548451562283957,9.23386728580575,4.906097775103481,8.769095353971405,5.014299710591634,9.02044677734375,13.821318449161971,15.718549392247638,13.782318848089709,15.7575489933199,14.034746487935383,15.505121353474227,13.675193129074886,15.864674712334724
REALV6R_0456,Brown rice::RealV6_糙米_sample5,Brown rice,糙米,5,6,growing,50.0,1.752,29.53986784140961,29.53986784140961,2.789006035858851,6.192186,20.55867580555076,8.981192035858852,16.86065516062192,0.03504,0.5907973568281921,10.5379094753887,1.849315068493151,12.773972602739727,4.771689497716896,5.079908675799088,,87.6,4.6,5.251141552511416,5.286767922877284,SOURCE_CP_ANOMALY_USE_N_DERIVED,50.0±1.7 kg,50.0,"驻马店，河南 Zhumadian, Henan",糙米论文 表2-2,MISSING_IN_TARGET__IMPUTED_906_TRAINING_MEDIAN,REPORTED_INITIAL_BW__NOT_DMI_BACKCALCULATION,RETROSPECTIVE_PRE_FN_UN_LAB_INFORMATION,TARGET_DM_CP_N_HARMONIZED_AND_CHEMISTRY_CROSSCHECKED,0.0,5.582410900543176,8.238907548618794,4.548451562283957,9.23386728580575,4.906097775103481,8.769095353971405,5.014299710591634,9.02044677734375,13.821318449161971,15.718549392247638,13.782318848089709,15.7575489933199,14.034746487935383,15.505121353474227,13.675193129074886,15.864674712334724
REALV6R_0457,Brown rice::RealV6_糙米_sample6,Brown rice,糙米,6,1,growing,50.0,1.7588,38.0806597379124,38.0806597379124,4.899341958898943,11.72892383333335,21.452393945680104,16.628265792232295,21.65150087441005,0.035176,0.761613194758248,13.532188046506285,3.0134182397088924,13.418239708892427,5.048896975210371,4.957925858539914,,87.94,4.35,4.946554468956106,8.585633577550176,SOURCE_CP_ANOMALY_USE_N_DERIVED,50.0±1.7 kg,50.0,"吉首，湖南 Jishou, Hunan",糙米论文 表2-2,MISSING_IN_TARGET__IMPUTED_906_TRAINING_MEDIAN,REPORTED_INITIAL_BW__NOT_DMI_BACKCALCULATION,RETROSPECTIVE_PRE_FN_UN_LAB_INFORMATION,TARGET_DM_CP_N_HARMONIZED_AND_CHEMISTRY_CROSSCHECKED,0.0,6.585136533507561,11.6936709351194,6.087043307256182,9.203575327517568,6.259333598961254,10.366764653418755,6.103658994038899,10.782050768534342,18.27880746862696,19.801852269285437,15.29061863477375,22.79004110313865,16.885709762573242,21.194949975339156,16.62609825238001,21.454561485532388
REALV6R_0458,Brown rice::RealV6_糙米_sample6,Brown rice,糙米,6,2,growing,50.0,1.7588,38.0806597379124,38.0806597379124,2.854103158526217,3.647613666666668,31.578942912719512,6.501716825192885,21.65150087441005,0.035176,0.761613194758248,13.532188046506285,3.0134182397088924,13.418239708892427,5.048896975210371,4.957925858539914,,87.94,4.35,4.946554468956106,8.585633577550176,SOURCE_CP_ANOMALY_USE_N_DERIVED,50.0±1.7 kg,50.0,"吉首，湖南 Jishou, Hunan",糙米论文 表2-2,MISSING_IN_TARGET__IMPUTED_906_TRAINING_MEDIAN,REPORTED_INITIAL_BW__NOT_DMI_BACKCALCULATION,RETROSPECTIVE_PRE_FN_UN_LAB_INFORMATION,TARGET_DM_CP_N_HARMONIZED_AND_CHEMISTRY_CROSSCHECKED,3.552713678800501e-15,6.585136533507561,11.6936709351194,6.087043307256182,9.203575327517568,6.259333598961254,10.366764653418755,6.103658994038899,10.782050768534342,18.27880746862696,19.801852269285437,15.29061863477375,22.79004110313865,16.885709762573242,21.194949975339156,16.62609825238001,21.454561485532388
REALV6R_0459,Brown rice::RealV6_糙米_sample6,Brown rice,糙米,6,3,growing,50.0,1.7588,38.0806597379124,38.0806597379124,2.611238318099743,6.149140666666653,29.320280753146,8.760378984766396,21.65150087441005,0.035176,0.761613194758248,13.532188046506285,3.0134182397088924,13.418239708892427,5.048896975210371,4.957925858539914,,87.94,4.35,4.946554468956106,8.585633577550176,SOURCE_CP_ANOMALY_USE_N_DERIVED,50.0±1.7 kg,50.0,"吉首，湖南 Jishou, Hunan",糙米论文 表2-2,MISSING_IN_TARGET__IMPUTED_906_TRAINING_MEDIAN,REPORTED_INITIAL_BW__NOT_DMI_BACKCALCULATION,RETROSPECTIVE_PRE_FN_UN_LAB_INFORMATION,TARGET_DM_CP_N_HARMONIZED_AND_CHEMISTRY_CROSSCHECKED,0.0,6.585136533507561,11.6936709351194,6.087043307256182,9.203575327517568,6.259333598961254,10.366764653418755,6.103658994038899,10.782050768534342,18.27880746862696,19.801852269285437,15.29061863477375,22.79004110313865,16.885709762573242,21.194949975339156,16.62609825238001,21.454561485532388
REALV6R_0460,Brown rice::RealV6_糙米_sample6,Brown rice,糙米,6,4,growing,50.0,1.7588,38.0806597379124,38.0806597379124,4.202093542060251,13.719412,20.159154195852143,17.921505542060252,21.65150087441005,0.035176,0.761613194758248,13.532188046506285,3.0134182397088924,13.418239708892427,5.048896975210371,4.957925858539914,,87.94,4.35,4.946554468956106,8.585633577550176,SOURCE_CP_ANOMALY_USE_N_DERIVED,50.0±1.7 kg,50.0,"吉首，湖南 Jishou, Hunan",糙米论文 表2-2,MISSING_IN_TARGET__IMPUTED_906_TRAINING_MEDIAN,REPORTED_INITIAL_BW__NOT_DMI_BACKCALCULATION,RETROSPECTIVE_PRE_FN_UN_LAB_INFORMATION,TARGET_DM_CP_N_HARMONIZED_AND_CHEMISTRY_CROSSCHECKED,0.0,6.585136533507561,11.6936709351194,6.087043307256182,9.203575327517568,6.259333598961254,10.366764653418755,6.103658994038899,10.782050768534342,18.27880746862696,19.801852269285437,15.29061863477375,22.79004110313865,16.885709762573242,21.194949975339156,16.62609825238001,21.454561485532388
REALV6R_0461,Brown rice::RealV6_糙米_sample6,Brown rice,糙米,6,5,growing,50.0,1.7588,38.0806597379124,38.0806597379124,3.761727081065566,11.46341183333331,22.855520823513523,15.225138914398876,21.65150087441005,0.035176,0.761613194758248,13.532188046506285,3.0134182397088924,13.418239708892427,5.048896975210371,4.957925858539914,,87.94,4.35,4.946554468956106,8.585633577550176,SOURCE_CP_ANOMALY_USE_N_DERIVED,50.0±1.7 kg,50.0,"吉首，湖南 Jishou, Hunan",糙米论文 表2-2,MISSING_IN_TARGET__IMPUTED_906_TRAINING_MEDIAN,REPORTED_INITIAL_BW__NOT_DMI_BACKCALCULATION,RETROSPECTIVE_PRE_FN_UN_LAB_INFORMATION,TARGET_DM_CP_N_HARMONIZED_AND_CHEMISTRY_CROSSCHECKED,0.0,6.585136533507561,11.6936709351194,6.087043307256182,9.203575327517568,6.259333598961254,10.366764653418755,6.103658994038899,10.782050768534342,18.27880746862696,19.801852269285437,15.29061863477375,22.79004110313865,16.885709762573242,21.194949975339156,16.62609825238001,21.454561485532388
REALV6R_0462,Brown rice::RealV6_糙米_sample6,Brown rice,糙米,6,6,growing,50.0,1.7588,38.0806597379124,38.0806597379124,3.314933885233915,13.84074833333331,20.924977519345173,17.155682218567225,21.65150087441005,0.035176,0.761613194758248,13.532188046506285,3.0134182397088924,13.418239708892427,5.048896975210371,4.957925858539914,,87.94,4.35,4.946554468956106,8.585633577550176,SOURCE_CP_ANOMALY_USE_N_DERIVED,50.0±1.7 kg,50.0,"吉首，湖南 Jishou, Hunan",糙米论文 表2-2,MISSING_IN_TARGET__IMPUTED_906_TRAINING_MEDIAN,REPORTED_INITIAL_BW__NOT_DMI_BACKCALCULATION,RETROSPECTIVE_PRE_FN_UN_LAB_INFORMATION,TARGET_DM_CP_N_HARMONIZED_AND_CHEMISTRY_CROSSCHECKED,3.552713678800501e-15,6.585136533507561,11.6936709351194,6.087043307256182,9.203575327517568,6.259333598961254,10.366764653418755,6.103658994038899,10.782050768534342,18.27880746862696,19.801852269285437,15.29061863477375,22.79004110313865,16.885709762573242,21.194949975339156,16.62609825238001,21.454561485532388
REALV6R_0463,Brown rice::RealV6_糙米_sample7,Brown rice,糙米,7,1,growing,50.0,1.7718,54.1947126436782,54.1947126436782,3.355542493748287,4.80252266666666,46.03664748326325,8.158065160414948,30.587375913578395,0.035436,1.083894252873564,19.117109945986492,4.074952026188057,13.082740715656394,4.740941415509651,5.440794672084886,,88.59,4.96,5.598826052601874,13.518283893384622,SOURCE_CP_ANOMALY_USE_N_DERIVED,50.0±1.7 kg,50.0,"永州，湖南 Yongzhou, Hunan",糙米论文 表2-2,MISSING_IN_TARGET__IMPUTED_906_TRAINING_MEDIAN,REPORTED_INITIAL_BW__NOT_DMI_BACKCALCULATION,RETROSPECTIVE_PRE_FN_UN_LAB_INFORMATION,TARGET_DM_CP_N_HARMONIZED_AND_CHEMISTRY_CROSSCHECKED,0.0,8.243161687934016,18.55218948914672,7.281602617076714,18.23307315105468,7.614205599969023,18.382140808158347,8.5296630859375,19.1950740814209,26.795351177080736,27.399361466597465,25.514675768131394,28.680036875546808,27.7247371673584,26.469975476319803,25.99634640812737,28.198366235550832
REALV6R_0464,Brown rice::RealV6_糙米_sample7,Brown rice,糙米,7,2,growing,50.0,1.7718,54.1947126436782,54.1947126436782,1.697399956720565,14.86016000000003,37.637152686957606,16.557559956720596,30.587375913578395,0.035436,1.083894252873564,19.117109945986492,4.074952026188057,13.082740715656394,4.740941415509651,5.440794672084886,,88.59,4.96,5.598826052601874,13.518283893384622,SOURCE_CP_ANOMALY_USE_N_DERIVED,50.0±1.7 kg,50.0,"永州，湖南 Yongzhou, Hunan",糙米论文 表2-2,MISSING_IN_TARGET__IMPUTED_906_TRAINING_MEDIAN,REPORTED_INITIAL_BW__NOT_DMI_BACKCALCULATION,RETROSPECTIVE_PRE_FN_UN_LAB_INFORMATION,TARGET_DM_CP_N_HARMONIZED_AND_CHEMISTRY_CROSSCHECKED,0.0,8.243161687934016,18.55218948914672,7.281602617076714,18.23307315105468,7.614205599969023,18.382140808158347,8.5296630859375,19.1950740814209,26.795351177080736,27.399361466597465,25.514675768131394,28.680036875546808,27.7247371673584,26.469975476319803,25.99634640812737,28.198366235550832
REALV6R_0465,Brown rice::RealV6_糙米_sample7,Brown rice,糙米,7,3,growing,50.0,1.7718,54.1947126436782,54.1947126436782,3.835675417622015,14.7052295,35.653807726056186,18.54090491762201,30.587375913578395,0.035436,1.083894252873564,19.117109945986492,4.074952026188057,13.082740715656394,4.740941415509651,5.440794672084886,,88.59,4.96,5.598826052601874,13.518283893384622,SOURCE_CP_ANOMALY_USE_N_DERIVED,50.0±1.7 kg,50.0,"永州，湖南 Yongzhou, Hunan",糙米论文 表2-2,MISSING_IN_TARGET__IMPUTED_906_TRAINING_MEDIAN,REPORTED_INITIAL_BW__NOT_DMI_BACKCALCULATION,RETROSPECTIVE_PRE_FN_UN_LAB_INFORMATION,TARGET_DM_CP_N_HARMONIZED_AND_CHEMISTRY_CROSSCHECKED,0.0,8.243161687934016,18.55218948914672,7.281602617076714,18.23307315105468,7.614205599969023,18.382140808158347,8.5296630859375,19.1950740814209,26.795351177080736,27.399361466597465,25.514675768131394,28.680036875546808,27.7247371673584,26.469975476319803,25.99634640812737,28.198366235550832
REALV6R_0466,Brown rice::RealV6_糙米_sample7,Brown rice,糙米,7,4,growing,50.0,1.7718,54.1947126436782,54.1947126436782,1.567207128542802,4.6441845,47.9833210151354,6.211391628542802,30.587375913578395,0.035436,1.083894252873564,19.117109945986492,4.074952026188057,13.082740715656394,4.740941415509651,5.440794672084886,,88.59,4.96,5.598826052601874,13.518283893384622,SOURCE_CP_ANOMALY_USE_N_DERIVED,50.0±1.7 kg,50.0,"永州，湖南 Yongzhou, Hunan",糙米论文 表2-2,MISSING_IN_TARGET__IMPUTED_906_TRAINING_MEDIAN,REPORTED_INITIAL_BW__NOT_DMI_BACKCALCULATION,RETROSPECTIVE_PRE_FN_UN_LAB_INFORMATION,TARGET_DM_CP_N_HARMONIZED_AND_CHEMISTRY_CROSSCHECKED,-7.105427357601002e-15,8.243161687934016,18.55218948914672,7.281602617076714,18.23307315105468,7.614205599969023,18.382140808158347,8.5296630859375,19.1950740814209,26.795351177080736,27.399361466597465,25.514675768131394,28.680036875546808,27.7247371673584,26.469975476319803,25.99634640812737,28.198366235550832
REALV6R_0467,Brown rice::RealV6_糙米_sample7,Brown rice,糙米,7,5,growing,50.0,1.7718,54.1947126436782,54.1947126436782,2.740953353958322,4.02630966666666,47.42744962305322,6.767263020624982,30.587375913578395,0.035436,1.083894252873564,19.117109945986492,4.074952026188057,13.082740715656394,4.740941415509651,5.440794672084886,,88.59,4.96,5.598826052601874,13.518283893384622,SOURCE_CP_ANOMALY_USE_N_DERIVED,50.0±1.7 kg,50.0,"永州，湖南 Yongzhou, Hunan",糙米论文 表2-2,MISSING_IN_TARGET__IMPUTED_906_TRAINING_MEDIAN,REPORTED_INITIAL_BW__NOT_DMI_BACKCALCULATION,RETROSPECTIVE_PRE_FN_UN_LAB_INFORMATION,TARGET_DM_CP_N_HARMONIZED_AND_CHEMISTRY_CROSSCHECKED,-7.105427357601002e-15,8.243161687934016,18.55218948914672,7.281602617076714,18.23307315105468,7.614205599969023,18.382140808158347,8.5296630859375,19.1950740814209,26.795351177080736,27.399361466597465,25.514675768131394,28.680036875546808,27.7247371673584,26.469975476319803,25.99634640812737,28.198366235550832
REALV6R_0468,Brown rice::RealV6_糙米_sample7,Brown rice,糙米,7,6,growing,50.0,1.7718,54.1947126436782,54.1947126436782,1.511780559110575,7.175001,45.50793108456763,8.686781559110575,30.587375913578395,0.035436,1.083894252873564,19.117109945986492,4.074952026188057,13.082740715656394,4.740941415509651,5.440794672084886,,88.59,4.96,5.598826052601874,13.518283893384622,SOURCE_CP_ANOMALY_USE_N_DERIVED,50.0±1.7 kg,50.0,"永州，湖南 Yongzhou, Hunan",糙米论文 表2-2,MISSING_IN_TARGET__IMPUTED_906_TRAINING_MEDIAN,REPORTED_INITIAL_BW__NOT_DMI_BACKCALCULATION,RETROSPECTIVE_PRE_FN_UN_LAB_INFORMATION,TARGET_DM_CP_N_HARMONIZED_AND_CHEMISTRY_CROSSCHECKED,-7.105427357601002e-15,8.243161687934016,18.55218948914672,7.281602617076714,18.23307315105468,7.614205599969023,18.382140808158347,8.5296630859375,19.1950740814209,26.795351177080736,27.399361466597465,25.514675768131394,28.680036875546808,27.7247371673584,26.469975476319803,25.99634640812737,28.198366235550832
REALV6R_0469,Brown rice::RealV6_糙米_sample8,Brown rice,糙米,8,1,growing,50.0,1.7548,36.1696468484578,36.1696468484578,2.55046492031399,6.267729999999999,27.351451928143813,8.818194920313989,20.611834310723616,0.0350959999999999,0.7233929369691561,12.88239644420226,2.7467517665830865,13.266469113289263,5.071803054479143,5.094597674948712,,87.74,2.8,3.1912468657396853,9.691149578462577,SOURCE_CP_ANOMALY_USE_N_DERIVED,50.0±1.7 kg,50.0,"景德镇，江西 Jiangdezhen, Jiangxi",糙米论文 表2-2,MISSING_IN_TARGET__IMPUTED_906_TRAINING_MEDIAN,REPORTED_INITIAL_BW__NOT_DMI_BACKCALCULATION,RETROSPECTIVE_PRE_FN_UN_LAB_INFORMATION,TARGET_DM_CP_N_HARMONIZED_AND_CHEMISTRY_CROSSCHECKED,-3.552713678800501e-15,6.357927813645603,10.939219319046824,5.753037509582448,8.691085474724005,5.962268877214045,9.741248080099618,5.812298933664958,10.289987246195475,17.297147132692427,18.872499715765375,14.444122984306453,21.72552386415135,16.10228617986043,20.06736066859737,15.703516957313663,20.46612989114414
REALV6R_0470,Brown rice::RealV6_糙米_sample8,Brown rice,糙米,8,2,growing,50.0,1.7548,36.1696468484578,36.1696468484578,2.064197682340891,8.212422333333313,25.8930268327836,10.276620015674204,20.611834310723616,0.0350959999999999,0.7233929369691561,12.88239644420226,2.7467517665830865,13.266469113289263,5.071803054479143,5.094597674948712,,87.74,2.8,3.1912468657396853,9.691149578462577,SOURCE_CP_ANOMALY_USE_N_DERIVED,50.0±1.7 kg,50.0,"景德镇，江西 Jiangdezhen, Jiangxi",糙米论文 表2-2,MISSING_IN_TARGET__IMPUTED_906_TRAINING_MEDIAN,REPORTED_INITIAL_BW__NOT_DMI_BACKCALCULATION,RETROSPECTIVE_PRE_FN_UN_LAB_INFORMATION,TARGET_DM_CP_N_HARMONIZED_AND_CHEMISTRY_CROSSCHECKED,0.0,6.357927813645603,10.939219319046824,5.753037509582448,8.691085474724005,5.962268877214045,9.741248080099618,5.812298933664958,10.289987246195475,17.297147132692427,18.872499715765375,14.444122984306453,21.72552386415135,16.10228617986043,20.06736066859737,15.703516957313663,20.46612989114414
REALV6R_0471,Brown rice::RealV6_糙米_sample8,Brown rice,糙米,8,3,growing,50.0,1.7548,36.1696468484578,36.1696468484578,1.333388254755997,1.783525333333336,33.05273326036847,3.116913588089333,20.611834310723616,0.0350959999999999,0.7233929369691561,12.88239644420226,2.7467517665830865,13.266469113289263,5.071803054479143,5.094597674948712,,87.74,2.8,3.1912468657396853,9.691149578462577,SOURCE_CP_ANOMALY_USE_N_DERIVED,50.0±1.7 kg,50.0,"景德镇，江西 Jiangdezhen, Jiangxi",糙米论文 表2-2,MISSING_IN_TARGET__IMPUTED_906_TRAINING_MEDIAN,REPORTED_INITIAL_BW__NOT_DMI_BACKCALCULATION,RETROSPECTIVE_PRE_FN_UN_LAB_INFORMATION,TARGET_DM_CP_N_HARMONIZED_AND_CHEMISTRY_CROSSCHECKED,0.0,6.357927813645603,10.939219319046824,5.753037509582448,8.691085474724005,5.962268877214045,9.741248080099618,5.812298933664958,10.289987246195475,17.297147132692427,18.872499715765375,14.444122984306453,21.72552386415135,16.10228617986043,20.06736066859737,15.703516957313663,20.46612989114414
REALV6R_0472,Brown rice::RealV6_糙米_sample8,Brown rice,糙米,8,4,growing,50.0,1.7548,36.1696468484578,36.1696468484578,2.268742229477613,8.21516800000002,25.68573661898017,10.483910229477631,20.611834310723616,0.0350959999999999,0.7233929369691561,12.88239644420226,2.7467517665830865,13.266469113289263,5.071803054479143,5.094597674948712,,87.74,2.8,3.1912468657396853,9.691149578462577,SOURCE_CP_ANOMALY_USE_N_DERIVED,50.0±1.7 kg,50.0,"景德镇，江西 Jiangdezhen, Jiangxi",糙米论文 表2-2,MISSING_IN_TARGET__IMPUTED_906_TRAINING_MEDIAN,REPORTED_INITIAL_BW__NOT_DMI_BACKCALCULATION,RETROSPECTIVE_PRE_FN_UN_LAB_INFORMATION,TARGET_DM_CP_N_HARMONIZED_AND_CHEMISTRY_CROSSCHECKED,3.552713678800501e-15,6.357927813645603,10.939219319046824,5.753037509582448,8.691085474724005,5.962268877214045,9.741248080099618,5.812298933664958,10.289987246195475,17.297147132692427,18.872499715765375,14.444122984306453,21.72552386415135,16.10228617986043,20.06736066859737,15.703516957313663,20.46612989114414
REALV6R_0473,Brown rice::RealV6_糙米_sample8,Brown rice,糙米,8,5,growing,50.0,1.7548,36.1696468484578,36.1696468484578,3.524702051057046,7.516171666666644,25.12877313073411,11.04087371772369,20.611834310723616,0.0350959999999999,0.7233929369691561,12.88239644420226,2.7467517665830865,13.266469113289263,5.071803054479143,5.094597674948712,,87.74,2.8,3.1912468657396853,9.691149578462577,SOURCE_CP_ANOMALY_USE_N_DERIVED,50.0±1.7 kg,50.0,"景德镇，江西 Jiangdezhen, Jiangxi",糙米论文 表2-2,MISSING_IN_TARGET__IMPUTED_906_TRAINING_MEDIAN,REPORTED_INITIAL_BW__NOT_DMI_BACKCALCULATION,RETROSPECTIVE_PRE_FN_UN_LAB_INFORMATION,TARGET_DM_CP_N_HARMONIZED_AND_CHEMISTRY_CROSSCHECKED,0.0,6.357927813645603,10.939219319046824,5.753037509582448,8.691085474724005,5.962268877214045,9.741248080099618,5.812298933664958,10.289987246195475,17.297147132692427,18.872499715765375,14.444122984306453,21.72552386415135,16.10228617986043,20.06736066859737,15.703516957313663,20.46612989114414
REALV6R_0474,Brown rice::RealV6_糙米_sample8,Brown rice,糙米,8,6,growing,50.0,1.7548,36.1696468484578,36.1696468484578,3.001291612957933,9.3190825,23.849272735499863,12.320374112957934,20.611834310723616,0.0350959999999999,0.7233929369691561,12.88239644420226,2.7467517665830865,13.266469113289263,5.071803054479143,5.094597674948712,,87.74,2.8,3.1912468657396853,9.691149578462577,SOURCE_CP_ANOMALY_USE_N_DERIVED,50.0±1.7 kg,50.0,"景德镇，江西 Jiangdezhen, Jiangxi",糙米论文 表2-2,MISSING_IN_TARGET__IMPUTED_906_TRAINING_MEDIAN,REPORTED_INITIAL_BW__NOT_DMI_BACKCALCULATION,RETROSPECTIVE_PRE_FN_UN_LAB_INFORMATION,TARGET_DM_CP_N_HARMONIZED_AND_CHEMISTRY_CROSSCHECKED,0.0,6.357927813645603,10.939219319046824,5.753037509582448,8.691085474724005,5.962268877214045,9.741248080099618,5.812298933664958,10.289987246195475,17.297147132692427,18.872499715765375,14.444122984306453,21.72552386415135,16.10228617986043,20.06736066859737,15.703516957313663,20.46612989114414
REALV6R_0475,Brown rice::RealV6_糙米_sample9,Brown rice,糙米,9,1,growing,50.0,1.7452,32.3392481773178,32.3392481773178,3.304238066392353,10.44932550000002,18.585684610925423,13.753563566392373,18.530396617761745,0.034904,0.646784963546356,11.581497886101092,2.475360990144396,13.282145312858123,4.744441897776759,5.202842081136832,,87.26,3.07,3.5182214072885625,8.06327647881253,SOURCE_CP_ANOMALY_USE_N_DERIVED,50.0±1.7 kg,50.0,"黔南州，贵州 Qiannan, Guizhou",糙米论文 表2-2,MISSING_IN_TARGET__IMPUTED_906_TRAINING_MEDIAN,REPORTED_INITIAL_BW__NOT_DMI_BACKCALCULATION,RETROSPECTIVE_PRE_FN_UN_LAB_INFORMATION,TARGET_DM_CP_N_HARMONIZED_AND_CHEMISTRY_CROSSCHECKED,0.0,5.9593550259452535,9.35564200462836,5.479896212243609,8.97169169483817,5.64574086645606,9.151045009892014,5.379163106282552,9.481761614481607,15.314997030573613,17.024251146744184,14.45158790708178,17.88766027023602,14.86092472076416,17.47832345655364,14.796785876348075,17.542462300969724
REALV6R_0476,Brown rice::RealV6_糙米_sample9,Brown rice,糙米,9,2,growing,50.0,1.7452,32.3392481773178,32.3392481773178,3.38917403274295,13.01445,15.935624144574849,16.40362403274295,18.530396617761745,0.034904,0.646784963546356,11.581497886101092,2.475360990144396,13.282145312858123,4.744441897776759,5.202842081136832,,87.26,3.07,3.5182214072885625,8.06327647881253,SOURCE_CP_ANOMALY_USE_N_DERIVED,50.0±1.7 kg,50.0,"黔南州，贵州 Qiannan, Guizhou",糙米论文 表2-2,MISSING_IN_TARGET__IMPUTED_906_TRAINING_MEDIAN,REPORTED_INITIAL_BW__NOT_DMI_BACKCALCULATION,RETROSPECTIVE_PRE_FN_UN_LAB_INFORMATION,TARGET_DM_CP_N_HARMONIZED_AND_CHEMISTRY_CROSSCHECKED,0.0,5.9593550259452535,9.35564200462836,5.479896212243609,8.97169169483817,5.64574086645606,9.151045009892014,5.379163106282552,9.481761614481607,15.314997030573613,17.024251146744184,14.45158790708178,17.88766027023602,14.86092472076416,17.47832345655364,14.796785876348075,17.542462300969724
REALV6R_0477,Brown rice::RealV6_糙米_sample9,Brown rice,糙米,9,3,growing,50.0,1.7452,32.3392481773178,32.3392481773178,2.118216045024232,2.962785,27.25824713229357,5.081001045024232,18.530396617761745,0.034904,0.646784963546356,11.581497886101092,2.475360990144396,13.282145312858123,4.744441897776759,5.202842081136832,,87.26,3.07,3.5182214072885625,8.06327647881253,SOURCE_CP_ANOMALY_USE_N_DERIVED,50.0±1.7 kg,50.0,"黔南州，贵州 Qiannan, Guizhou",糙米论文 表2-2,MISSING_IN_TARGET__IMPUTED_906_TRAINING_MEDIAN,REPORTED_INITIAL_BW__NOT_DMI_BACKCALCULATION,RETROSPECTIVE_PRE_FN_UN_LAB_INFORMATION,TARGET_DM_CP_N_HARMONIZED_AND_CHEMISTRY_CROSSCHECKED,-3.552713678800501e-15,5.9593550259452535,9.35564200462836,5.479896212243609,8.97169169483817,5.64574086645606,9.151045009892014,5.379163106282552,9.481761614481607,15.314997030573613,17.024251146744184,14.45158790708178,17.88766027023602,14.86092472076416,17.47832345655364,14.796785876348075,17.542462300969724
REALV6R_0478,Brown rice::RealV6_糙米_sample9,Brown rice,糙米,9,4,growing,50.0,1.7452,32.3392481773178,32.3392481773178,2.868738744570846,13.76873166666669,15.701777766080262,16.637470411237537,18.530396617761745,0.034904,0.646784963546356,11.581497886101092,2.475360990144396,13.282145312858123,4.744441897776759,5.202842081136832,,87.26,3.07,3.5182214072885625,8.06327647881253,SOURCE_CP_ANOMALY_USE_N_DERIVED,50.0±1.7 kg,50.0,"黔南州，贵州 Qiannan, Guizhou",糙米论文 表2-2,MISSING_IN_TARGET__IMPUTED_906_TRAINING_MEDIAN,REPORTED_INITIAL_BW__NOT_DMI_BACKCALCULATION,RETROSPECTIVE_PRE_FN_UN_LAB_INFORMATION,TARGET_DM_CP_N_HARMONIZED_AND_CHEMISTRY_CROSSCHECKED,1.7763568394002505e-15,5.9593550259452535,9.35564200462836,5.479896212243609,8.97169169483817,5.64574086645606,9.151045009892014,5.379163106282552,9.481761614481607,15.314997030573613,17.024251146744184,14.45158790708178,17.88766027023602,14.86092472076416,17.47832345655364,14.796785876348075,17.542462300969724
REALV6R_0479,Brown rice::RealV6_糙米_sample9,Brown rice,糙米,9,5,growing,50.0,1.7452,32.3392481773178,32.3392481773178,2.548260117218547,10.04723666666664,19.74375139343261,12.595496783885189,18.530396617761745,0.034904,0.646784963546356,11.581497886101092,2.475360990144396,13.282145312858123,4.744441897776759,5.202842081136832,,87.26,3.07,3.5182214072885625,8.06327647881253,SOURCE_CP_ANOMALY_USE_N_DERIVED,50.0±1.7 kg,50.0,"黔南州，贵州 Qiannan, Guizhou",糙米论文 表2-2,MISSING_IN_TARGET__IMPUTED_906_TRAINING_MEDIAN,REPORTED_INITIAL_BW__NOT_DMI_BACKCALCULATION,RETROSPECTIVE_PRE_FN_UN_LAB_INFORMATION,TARGET_DM_CP_N_HARMONIZED_AND_CHEMISTRY_CROSSCHECKED,0.0,5.9593550259452535,9.35564200462836,5.479896212243609,8.97169169483817,5.64574086645606,9.151045009892014,5.379163106282552,9.481761614481607,15.314997030573613,17.024251146744184,14.45158790708178,17.88766027023602,14.86092472076416,17.47832345655364,14.796785876348075,17.542462300969724
REALV6R_0480,Brown rice::RealV6_糙米_sample9,Brown rice,糙米,9,6,growing,50.0,1.7452,32.3392481773178,32.3392481773178,3.892205173556205,10.86100266666669,17.586040337094904,14.753207840222895,18.530396617761745,0.034904,0.646784963546356,11.581497886101092,2.475360990144396,13.282145312858123,4.744441897776759,5.202842081136832,,87.26,3.07,3.5182214072885625,8.06327647881253,SOURCE_CP_ANOMALY_USE_N_DERIVED,50.0±1.7 kg,50.0,"黔南州，贵州 Qiannan, Guizhou",糙米论文 表2-2,MISSING_IN_TARGET__IMPUTED_906_TRAINING_MEDIAN,REPORTED_INITIAL_BW__NOT_DMI_BACKCALCULATION,RETROSPECTIVE_PRE_FN_UN_LAB_INFORMATION,TARGET_DM_CP_N_HARMONIZED_AND_CHEMISTRY_CROSSCHECKED,-3.552713678800501e-15,5.9593550259452535,9.35564200462836,5.479896212243609,8.97169169483817,5.64574086645606,9.151045009892014,5.379163106282552,9.481761614481607,15.314997030573613,17.024251146744184,14.45158790708178,17.88766027023602,14.86092472076416,17.47832345655364,14.796785876348075,17.542462300969724
REALV6R_0481,Brown rice::RealV6_糙米_sample10,Brown rice,糙米,10,1,growing,50.0,1.7606,42.974892395982806,42.974892395982806,3.980679713530481,4.493950000000014,34.50026268245231,8.474629713530495,24.409231168909923,0.035212,0.8594978479196561,15.2557694805687,3.975917300920141,12.916051346132,4.759740997387255,5.327729183232989,,88.03,2.8,3.1807338407361128,12.075035639832588,SOURCE_CP_ANOMALY_USE_N_DERIVED,50.0±1.7 kg,50.0,"长沙县，湖南 Changsha, Hunan",糙米论文 表2-2,MISSING_IN_TARGET__IMPUTED_906_TRAINING_MEDIAN,REPORTED_INITIAL_BW__NOT_DMI_BACKCALCULATION,RETROSPECTIVE_PRE_FN_UN_LAB_INFORMATION,TARGET_DM_CP_N_HARMONIZED_AND_CHEMISTRY_CROSSCHECKED,7.105427357601002e-15,7.061957612659239,13.726659363385949,6.86028223133266,10.19412121956109,6.930041682871461,11.844262944919658,6.959661960601807,12.993330319722494,20.788616976045187,22.18627541993762,17.05440345089375,25.920488945089055,19.952992280324302,23.021900115658504,18.774304627791118,24.20058776819169
REALV6R_0482,Brown rice::RealV6_糙米_sample10,Brown rice,糙米,10,2,growing,50.0,1.7606,42.974892395982806,42.974892395982806,3.627010085397231,11.63792749999998,27.709954810585597,15.264937585397211,24.409231168909923,0.035212,0.8594978479196561,15.2557694805687,3.975917300920141,12.916051346132,4.759740997387255,5.327729183232989,,88.03,2.8,3.1807338407361128,12.075035639832588,SOURCE_CP_ANOMALY_USE_N_DERIVED,50.0±1.7 kg,50.0,"长沙县，湖南 Changsha, Hunan",糙米论文 表2-2,MISSING_IN_TARGET__IMPUTED_906_TRAINING_MEDIAN,REPORTED_INITIAL_BW__NOT_DMI_BACKCALCULATION,RETROSPECTIVE_PRE_FN_UN_LAB_INFORMATION,TARGET_DM_CP_N_HARMONIZED_AND_CHEMISTRY_CROSSCHECKED,0.0,7.061957612659239,13.726659363385949,6.86028223133266,10.19412121956109,6.930041682871461,11.844262944919658,6.959661960601807,12.993330319722494,20.788616976045187,22.18627541993762,17.05440345089375,25.920488945089055,19.952992280324302,23.021900115658504,18.774304627791118,24.20058776819169
REALV6R_0483,Brown rice::RealV6_糙米_sample10,Brown rice,糙米,10,3,growing,50.0,1.7606,42.974892395982806,42.974892395982806,3.252004855142837,10.06232099999998,29.66056654083999,13.314325855142815,24.409231168909923,0.035212,0.8594978479196561,15.2557694805687,3.975917300920141,12.916051346132,4.759740997387255,5.327729183232989,,88.03,2.8,3.1807338407361128,12.075035639832588,SOURCE_CP_ANOMALY_USE_N_DERIVED,50.0±1.7 kg,50.0,"长沙县，湖南 Changsha, Hunan",糙米论文 表2-2,MISSING_IN_TARGET__IMPUTED_906_TRAINING_MEDIAN,REPORTED_INITIAL_BW__NOT_DMI_BACKCALCULATION,RETROSPECTIVE_PRE_FN_UN_LAB_INFORMATION,TARGET_DM_CP_N_HARMONIZED_AND_CHEMISTRY_CROSSCHECKED,0.0,7.061957612659239,13.726659363385949,6.86028223133266,10.19412121956109,6.930041682871461,11.844262944919658,6.959661960601807,12.993330319722494,20.788616976045187,22.18627541993762,17.05440345089375,25.920488945089055,19.952992280324302,23.021900115658504,18.774304627791118,24.20058776819169
REALV6R_0484,Brown rice::RealV6_糙米_sample10,Brown rice,糙米,10,4,growing,50.0,1.7606,42.974892395982806,42.974892395982806,2.66253798250553,11.34168,28.97067441347728,14.00421798250553,24.409231168909923,0.035212,0.8594978479196561,15.2557694805687,3.975917300920141,12.916051346132,4.759740997387255,5.327729183232989,,88.03,2.8,3.1807338407361128,12.075035639832588,SOURCE_CP_ANOMALY_USE_N_DERIVED,50.0±1.7 kg,50.0,"长沙县，湖南 Changsha, Hunan",糙米论文 表2-2,MISSING_IN_TARGET__IMPUTED_906_TRAINING_MEDIAN,REPORTED_INITIAL_BW__NOT_DMI_BACKCALCULATION,RETROSPECTIVE_PRE_FN_UN_LAB_INFORMATION,TARGET_DM_CP_N_HARMONIZED_AND_CHEMISTRY_CROSSCHECKED,-3.552713678800501e-15,7.061957612659239,13.726659363385949,6.86028223133266,10.19412121956109,6.930041682871461,11.844262944919658,6.959661960601807,12.993330319722494,20.788616976045187,22.18627541993762,17.05440345089375,25.920488945089055,19.952992280324302,23.021900115658504,18.774304627791118,24.20058776819169
REALV6R_0485,Brown rice::RealV6_糙米_sample10,Brown rice,糙米,10,5,growing,50.0,1.7606,42.974892395982806,42.974892395982806,2.809711757017966,12.55521633333331,27.60996430563153,15.364928090351276,24.409231168909923,0.035212,0.8594978479196561,15.2557694805687,3.975917300920141,12.916051346132,4.759740997387255,5.327729183232989,,88.03,2.8,3.1807338407361128,12.075035639832588,SOURCE_CP_ANOMALY_USE_N_DERIVED,50.0±1.7 kg,50.0,"长沙县，湖南 Changsha, Hunan",糙米论文 表2-2,MISSING_IN_TARGET__IMPUTED_906_TRAINING_MEDIAN,REPORTED_INITIAL_BW__NOT_DMI_BACKCALCULATION,RETROSPECTIVE_PRE_FN_UN_LAB_INFORMATION,TARGET_DM_CP_N_HARMONIZED_AND_CHEMISTRY_CROSSCHECKED,0.0,7.061957612659239,13.726659363385949,6.86028223133266,10.19412121956109,6.930041682871461,11.844262944919658,6.959661960601807,12.993330319722494,20.788616976045187,22.18627541993762,17.05440345089375,25.920488945089055,19.952992280324302,23.021900115658504,18.774304627791118,24.20058776819169
REALV6R_0486,Brown rice::RealV6_糙米_sample10,Brown rice,糙米,10,6,growing,50.0,1.7606,42.974892395982806,42.974892395982806,4.56797584930499,13.658905,24.748011546677816,18.22688084930499,24.409231168909923,0.035212,0.8594978479196561,15.2557694805687,3.975917300920141,12.916051346132,4.759740997387255,5.327729183232989,,88.03,2.8,3.1807338407361128,12.075035639832588,SOURCE_CP_ANOMALY_USE_N_DERIVED,50.0±1.7 kg,50.0,"长沙县，湖南 Changsha, Hunan",糙米论文 表2-2,MISSING_IN_TARGET__IMPUTED_906_TRAINING_MEDIAN,REPORTED_INITIAL_BW__NOT_DMI_BACKCALCULATION,RETROSPECTIVE_PRE_FN_UN_LAB_INFORMATION,TARGET_DM_CP_N_HARMONIZED_AND_CHEMISTRY_CROSSCHECKED,3.552713678800501e-15,7.061957612659239,13.726659363385949,6.86028223133266,10.19412121956109,6.930041682871461,11.844262944919658,6.959661960601807,12.993330319722494,20.788616976045187,22.18627541993762,17.05440345089375,25.920488945089055,19.952992280324302,23.021900115658504,18.774304627791118,24.20058776819169
REALV6R_0001,Rapeseed cake::RealV6_菜籽饼_sample1,Rapeseed cake,菜籽饼,1,1,growing,51.20000000000001,1.3358574666666696,68.37586443133348,68.37586443133348,10.5198710825516,10.75763416666669,47.09835918211519,21.27750524921829,51.185,0.0260909661458333,1.3354661021744818,31.990625,5.132823052678972,19.38316073840612,8.183250787933362,6.2359297613687525,,88.84,28.42,31.9900945520036,0.0005304479964003,CONSISTENT,51.2±1.7 kg,37.592,贵州六盘水市,菜籽饼论文 表2-3,MISSING_IN_TARGET__IMPUTED_906_TRAINING_MEDIAN,REPORTED_INITIAL_BW__NOT_DMI_BACKCALCULATION,RETROSPECTIVE_PRE_FN_UN_LAB_INFORMATION,TARGET_DM_CP_N_HARMONIZED_AND_CHEMISTRY_CROSSCHECKED,0.0,8.438085998887695,23.27574236886702,11.196341108366545,26.179212512644938,10.242261525743832,24.822925039583662,7.8884538014729815,24.738718668619793,31.713828367754715,36.66203606357877,37.375553621011484,31.000310810322,32.62717247009277,35.74869196124071,35.065186565327494,33.31067786600599
REALV6R_0002,Rapeseed cake::RealV6_菜籽饼_sample1,Rapeseed cake,菜籽饼,1,2,growing,51.20000000000001,1.2484981333333305,63.90437695466652,63.90437695466652,13.2698519020416,13.53371708333331,37.10080796929161,26.80356898537491,51.185,0.0243847291666666,1.2481323623958305,31.990625,5.132823052678972,19.38316073840612,8.183250787933362,6.2359297613687525,,88.84,28.42,31.9900945520036,0.0005304479964003,CONSISTENT,51.2±1.7 kg,35.133,贵州六盘水市,菜籽饼论文 表2-3,MISSING_IN_TARGET__IMPUTED_906_TRAINING_MEDIAN,REPORTED_INITIAL_BW__NOT_DMI_BACKCALCULATION,RETROSPECTIVE_PRE_FN_UN_LAB_INFORMATION,TARGET_DM_CP_N_HARMONIZED_AND_CHEMISTRY_CROSSCHECKED,0.0,7.567095874213869,21.151287139636416,10.819578160666556,24.887548639311596,9.694545551578829,23.14224236194208,7.18173869450887,23.21059290568034,28.718383013850286,35.18599394081623,35.707126799978155,28.197250154688362,30.39233160018921,33.51204535447731,32.83678791352091,31.06758904114561
REALV6R_0003,Rapeseed cake::RealV6_菜籽饼_sample1,Rapeseed cake,菜籽饼,1,3,growing,51.20000000000001,1.1827565333333303,60.53939315866653,60.53939315866653,10.75248528468713,13.02713,36.7597778739794,23.77961528468713,51.185,0.0231007135416666,1.1824100226302054,31.990625,5.132823052678972,19.38316073840612,8.183250787933362,6.2359297613687525,,88.84,28.42,31.9900945520036,0.0005304479964003,CONSISTENT,51.2±1.7 kg,33.283,贵州六盘水市,菜籽饼论文 表2-3,MISSING_IN_TARGET__IMPUTED_906_TRAINING_MEDIAN,REPORTED_INITIAL_BW__NOT_DMI_BACKCALCULATION,RETROSPECTIVE_PRE_FN_UN_LAB_INFORMATION,TARGET_DM_CP_N_HARMONIZED_AND_CHEMISTRY_CROSSCHECKED,0.0,6.91163889903565,19.552544560351137,10.084085843312453,23.68842615500863,8.986737434136407,21.756446792686077,6.685898145039876,22.135534922281902,26.46418345938679,34.07520969927974,33.772511998321086,26.76688116034544,28.821433067321777,31.71796009134475,30.743184226822486,29.796208931844042
REALV6R_0004,Rapeseed cake::RealV6_菜籽饼_sample1,Rapeseed cake,菜籽饼,1,4,growing,51.20000000000001,1.6029697333333304,82.04800580066652,82.04800580066652,14.34356343183439,14.04280833333331,53.661634035498814,28.386371765167706,51.185,0.0313080026041666,1.6025001132942676,31.990625,5.132823052678972,19.38316073840612,8.183250787933362,6.2359297613687525,,88.84,28.42,31.9900945520036,0.0005304479964003,CONSISTENT,51.2±1.7 kg,45.108,贵州六盘水市,菜籽饼论文 表2-3,MISSING_IN_TARGET__IMPUTED_906_TRAINING_MEDIAN,REPORTED_INITIAL_BW__NOT_DMI_BACKCALCULATION,RETROSPECTIVE_PRE_FN_UN_LAB_INFORMATION,TARGET_DM_CP_N_HARMONIZED_AND_CHEMISTRY_CROSSCHECKED,7.105427357601002e-15,11.101249024161309,29.77153429010707,12.615546171020265,29.779636666666693,12.09175125992702,29.77585183290376,10.132570266723633,29.968456904093426,40.872783314268375,41.17522248639814,42.39518283768696,39.652822962979556,40.10102717081706,41.946978629849454,41.867603092830784,40.18040270783573
REALV6R_0005,Rapeseed cake::RealV6_菜籽饼_sample1,Rapeseed cake,菜籽饼,1,5,growing,51.20000000000001,1.6032658666666697,82.06316338533348,82.06316338533348,15.33962071451699,9.06383333333332,57.65970933748317,24.40345404785031,51.185,0.0313137864583333,1.6027961598697942,31.990625,5.132823052678972,19.38316073840612,8.183250787933362,6.2359297613687525,,88.84,28.42,31.9900945520036,0.0005304479964003,CONSISTENT,51.2±1.7 kg,45.117,贵州六盘水市,菜籽饼论文 表2-3,MISSING_IN_TARGET__IMPUTED_906_TRAINING_MEDIAN,REPORTED_INITIAL_BW__NOT_DMI_BACKCALCULATION,RETROSPECTIVE_PRE_FN_UN_LAB_INFORMATION,TARGET_DM_CP_N_HARMONIZED_AND_CHEMISTRY_CROSSCHECKED,7.105427357601002e-15,11.104201533058571,29.77873583325717,12.615879504353597,29.779636666666693,12.09299056527152,29.779215863624763,10.135043780008951,29.9744389851888,40.882937366315744,41.18022601901774,42.39551617102029,39.66764721431319,40.109482765197754,41.95368062013573,41.872206428896284,40.1909569564372
REALV6R_0006,Rapeseed cake::RealV6_菜籽饼_sample1,Rapeseed cake,菜籽饼,1,6,growing,51.20000000000001,1.2852186666666696,65.78391745333349,65.78391745333349,13.09752180967548,5.036973333333336,47.64942231032467,18.134495143008817,51.185,0.0251019270833333,1.2848421377604191,31.990625,5.132823052678972,19.38316073840612,8.183250787933362,6.2359297613687525,,88.84,28.42,31.9900945520036,0.0005304479964003,CONSISTENT,51.2±1.7 kg,36.167,贵州六盘水市,菜籽饼论文 表2-3,MISSING_IN_TARGET__IMPUTED_906_TRAINING_MEDIAN,REPORTED_INITIAL_BW__NOT_DMI_BACKCALCULATION,RETROSPECTIVE_PRE_FN_UN_LAB_INFORMATION,TARGET_DM_CP_N_HARMONIZED_AND_CHEMISTRY_CROSSCHECKED,0.0,7.933206977466632,22.04427849022836,11.135898876853366,26.350401570978267,10.028088747132124,24.338897920976265,7.475015004475911,23.83979606628418,29.977485467694994,35.8064319856385,37.48630044783163,28.297617005501856,31.31481107076009,34.4691063825734,34.36698666810839,31.416930785225098
REALV6R_0007,Rapeseed cake::RealV6_菜籽饼_sample2,Rapeseed cake,菜籽饼,2,1,growing,51.20000000000001,1.0191296,44.12831168,44.12831168,6.763395044025157,10.63864583333331,26.72627080264153,17.402040877358466,43.3,0.0199048749999999,0.8618810874999997,27.0625,4.4010889292196005,24.705081669691477,9.460072595281307,6.681034482758621,,88.16,23.86,27.06442831215971,-0.0019283121597091,CONSISTENT,51.2±1.7 kg,28.9,四川内江市,菜籽饼论文 表2-3,MISSING_IN_TARGET__IMPUTED_906_TRAINING_MEDIAN,REPORTED_INITIAL_BW__NOT_DMI_BACKCALCULATION,RETROSPECTIVE_PRE_FN_UN_LAB_INFORMATION,TARGET_DM_CP_N_HARMONIZED_AND_CHEMISTRY_CROSSCHECKED,-3.552713678800501e-15,5.984739254915716,13.18318775121586,6.0427495473605175,15.86325106069623,6.022683805285625,14.611322811511728,5.559332688649495,16.119834264119465,19.167927006131578,24.960384673868425,21.906000608056747,22.222311071943256,21.67916695276896,22.449144727231044,20.634006616797354,23.49430506320265
REALV6R_0008,Rapeseed cake::RealV6_菜籽饼_sample2,Rapeseed cake,菜籽饼,2,2,growing,51.20000000000001,1.5510282666666635,67.15952394666654,67.15952394666654,10.29819028024435,11.12481250000002,45.736521166422165,21.42300278024437,43.3,0.0302935208333332,1.3117094520833306,27.0625,4.4010889292196005,24.705081669691477,9.460072595281307,6.681034482758621,,88.16,23.86,27.06442831215971,-0.0019283121597091,CONSISTENT,51.2±1.7 kg,43.983,四川内江市,菜籽饼论文 表2-3,MISSING_IN_TARGET__IMPUTED_906_TRAINING_MEDIAN,REPORTED_INITIAL_BW__NOT_DMI_BACKCALCULATION,RETROSPECTIVE_PRE_FN_UN_LAB_INFORMATION,TARGET_DM_CP_N_HARMONIZED_AND_CHEMISTRY_CROSSCHECKED,7.105427357601002e-15,10.260525491868677,23.20965715582639,11.53661232194218,24.82343377896625,11.09521428517505,24.06959616056533,8.763567606608072,24.886510848999023,33.47018264769507,33.68934129897147,36.360046100908434,30.799477845758105,33.650078455607094,33.509445491059445,35.16481044574038,31.99471350092616
REALV6R_0009,Rapeseed cake::RealV6_菜籽饼_sample2,Rapeseed cake,菜籽饼,2,3,growing,51.20000000000001,0.950070933333336,41.138071413333456,41.138071413333456,6.781811790348537,11.868645,22.48761462298492,18.65045679034854,43.3,0.0185560729166667,0.8034779572916689,27.0625,4.4010889292196005,24.705081669691477,9.460072595281307,6.681034482758621,,88.16,23.86,27.06442831215971,-0.0019283121597091,CONSISTENT,51.2±1.7 kg,26.942,四川内江市,菜籽饼论文 表2-3,MISSING_IN_TARGET__IMPUTED_906_TRAINING_MEDIAN,REPORTED_INITIAL_BW__NOT_DMI_BACKCALCULATION,RETROSPECTIVE_PRE_FN_UN_LAB_INFORMATION,TARGET_DM_CP_N_HARMONIZED_AND_CHEMISTRY_CROSSCHECKED,3.552713678800501e-15,5.429595737963274,11.881408574374186,6.006931378666756,15.059552044293897,5.807231160502502,13.574957417040414,5.202429453531901,15.13746198018392,17.31100431233746,23.827067100995997,21.06648342296065,20.071587990372805,20.33989143371582,20.798179979617636,19.382188577542916,21.75588283579054
REALV6R_0010,Rapeseed cake::RealV6_菜籽饼_sample2,Rapeseed cake,菜籽饼,2,4,growing,51.20000000000001,1.6045119999999995,69.4753696,69.4753696,13.10544561756326,10.96303833333331,45.40688564910342,24.06848395089657,43.3,0.0313381249999999,1.3569408124999995,27.0625,4.4010889292196005,24.705081669691477,9.460072595281307,6.681034482758621,,88.16,23.86,27.06442831215971,-0.0019283121597091,CONSISTENT,51.2±1.7 kg,45.5,四川内江市,菜籽饼论文 表2-3,MISSING_IN_TARGET__IMPUTED_906_TRAINING_MEDIAN,REPORTED_INITIAL_BW__NOT_DMI_BACKCALCULATION,RETROSPECTIVE_PRE_FN_UN_LAB_INFORMATION,TARGET_DM_CP_N_HARMONIZED_AND_CHEMISTRY_CROSSCHECKED,0.0,10.690466428402097,24.217843582146408,11.369045571331649,26.455713820632926,11.13432525730492,25.41034561621027,9.133739471435547,25.87387975056966,34.908310010548504,34.56705958945149,37.82475939196458,31.650610208035417,35.007619222005204,34.46775037799479,36.54467087351519,32.930698726484806
REALV6R_0011,Rapeseed cake::RealV6_菜籽饼_sample2,Rapeseed cake,菜籽饼,2,5,growing,51.20000000000001,1.591581866666664,68.91549482666655,68.91549482666655,11.9585675631596,12.8469,44.11002726350695,24.8054675631596,43.3,0.0310855833333332,1.3460057583333307,27.0625,4.4010889292196005,24.705081669691477,9.460072595281307,6.681034482758621,,88.16,23.86,27.06442831215971,-0.0019283121597091,CONSISTENT,51.2±1.7 kg,45.133,四川内江市,菜籽饼论文 表2-3,MISSING_IN_TARGET__IMPUTED_906_TRAINING_MEDIAN,REPORTED_INITIAL_BW__NOT_DMI_BACKCALCULATION,RETROSPECTIVE_PRE_FN_UN_LAB_INFORMATION,TARGET_DM_CP_N_HARMONIZED_AND_CHEMISTRY_CROSSCHECKED,0.0,10.586524663525868,23.97410620435471,11.373961300035354,26.30705914563293,11.101587212910124,25.217275303261477,9.04464308420817,25.63504409790039,34.560630867880576,34.35486395878597,37.68102044566828,31.234474380998265,34.67968718210856,34.23580764455799,36.3188625161716,32.59663231049495
REALV6R_0012,Rapeseed cake::RealV6_菜籽饼_sample2,Rapeseed cake,菜籽饼,2,6,growing,51.20000000000001,1.5980469333333365,69.19543221333346,69.19543221333346,10.6872389247649,7.514183333333352,50.994009955235214,18.20142225809825,43.3,0.0312118541666667,1.351473285416669,27.0625,4.4010889292196005,24.705081669691477,9.460072595281307,6.681034482758621,,88.16,23.86,27.06442831215971,-0.0019283121597091,CONSISTENT,51.2±1.7 kg,45.317,四川内江市,菜籽饼论文 表2-3,MISSING_IN_TARGET__IMPUTED_906_TRAINING_MEDIAN,REPORTED_INITIAL_BW__NOT_DMI_BACKCALCULATION,RETROSPECTIVE_PRE_FN_UN_LAB_INFORMATION,TARGET_DM_CP_N_HARMONIZED_AND_CHEMISTRY_CROSSCHECKED,0.0,10.638495545964012,24.095974893250627,11.381771996331649,26.468397153966265,11.124672903828188,25.360176151619893,9.089208602905273,25.75439453125,34.73447043921464,34.46096177411882,37.850169150297916,31.345263063035546,34.84360313415527,34.35182907917819,36.48484905544808,32.71058315788538
REALV6R_0013,Rapeseed cake::RealV6_菜籽饼_sample3,Rapeseed cake,菜籽饼,3,1,growing,51.20000000000001,0.9275183999999972,39.82764009599988,39.82764009599988,7.939920662790716,6.546165,25.34155443320916,14.486085662790718,42.94,0.0181155937499999,0.7778835956249974,26.8375,4.448961156278229,21.104336043360437,8.039747064137307,6.741192411924119,,88.56,23.77,26.840560072267387,-0.0030600722673881,CONSISTENT,51.2±1.7 kg,26.183,安徽淮南市,菜籽饼论文 表2-3,MISSING_IN_TARGET__IMPUTED_906_TRAINING_MEDIAN,REPORTED_INITIAL_BW__NOT_DMI_BACKCALCULATION,RETROSPECTIVE_PRE_FN_UN_LAB_INFORMATION,TARGET_DM_CP_N_HARMONIZED_AND_CHEMISTRY_CROSSCHECKED,3.552713678800501e-15,4.788667606538216,11.718627412155747,5.967697280599878,13.5464426827743,5.559871283844602,12.692621967612965,4.910640557607015,15.134037653605143,16.507295018693963,23.32034507730592,19.514139963374177,20.313500132625705,20.044678211212158,19.782961884787724,18.252493251457565,21.575146844542317
REALV6R_0014,Rapeseed cake::RealV6_菜籽饼_sample3,Rapeseed cake,菜籽饼,3,2,growing,51.20000000000001,1.3348943999999971,57.32036553599987,57.32036553599987,9.43103060949819,11.40972,36.47961492650168,20.84075060949819,42.93999999999999,0.0260721562499999,1.1195383893749973,26.8375,4.448961156278229,21.104336043360437,8.039747064137307,6.741192411924119,,88.56,23.77,26.840560072267387,-0.0030600722673881,CONSISTENT,51.2±1.7 kg,37.683,安徽淮南市,菜籽饼论文 表2-3,MISSING_IN_TARGET__IMPUTED_906_TRAINING_MEDIAN,REPORTED_INITIAL_BW__NOT_DMI_BACKCALCULATION,RETROSPECTIVE_PRE_FN_UN_LAB_INFORMATION,TARGET_DM_CP_N_HARMONIZED_AND_CHEMISTRY_CROSSCHECKED,-7.105427357601002e-15,8.027526468963384,19.296097057783925,9.795092978239646,23.71747353552413,9.183692273630124,21.652131984381427,7.249230702718099,21.066980997721355,27.32362352674731,29.99674200925256,33.51256651376378,23.80779902223609,28.316211700439453,29.004153835560416,30.83582425801155,26.48454127798832
REALV6R_0015,Rapeseed cake::RealV6_菜籽饼_sample3,Rapeseed cake,菜籽饼,3,3,growing,51.20000000000001,0.9334224,40.08115785599999,40.08115785599999,6.507710026862012,9.24604041666664,24.327407412471334,15.753750443528652,42.93999999999999,0.0182309062499999,0.7828351143749996,26.8375,4.448961156278229,21.104336043360437,8.039747064137307,6.741192411924119,,88.56,23.77,26.840560072267387,-0.0030600722673881,CONSISTENT,51.2±1.7 kg,26.35,安徽淮南市,菜籽饼论文 表2-3,MISSING_IN_TARGET__IMPUTED_906_TRAINING_MEDIAN,REPORTED_INITIAL_BW__NOT_DMI_BACKCALCULATION,RETROSPECTIVE_PRE_FN_UN_LAB_INFORMATION,TARGET_DM_CP_N_HARMONIZED_AND_CHEMISTRY_CROSSCHECKED,-3.552713678800501e-15,4.835607590051649,11.828445812817089,5.983319532259498,13.632600333148124,5.586326329190743,12.789832178415889,4.938962459564209,15.20986270904541,16.66405340286874,23.41710445313125,19.615919865407623,20.465237990592367,20.14882516860962,19.93233268739037,18.376158507606632,21.704999348393358
REALV6R_0016,Rapeseed cake::RealV6_菜籽饼_sample3,Rapeseed cake,菜籽饼,3,4,growing,51.20000000000001,1.604116799999997,68.88077539199986,68.88077539199986,11.1820673695483,12.89689833333336,44.8018096891182,24.07896570288166,42.93999999999999,0.0313304062499999,1.345327644374997,26.8375,4.448961156278229,21.104336043360437,8.039747064137307,6.741192411924119,,88.56,23.77,26.840560072267387,-0.0030600722673881,CONSISTENT,51.2±1.7 kg,45.283,安徽淮南市,菜籽饼论文 表2-3,MISSING_IN_TARGET__IMPUTED_906_TRAINING_MEDIAN,REPORTED_INITIAL_BW__NOT_DMI_BACKCALCULATION,RETROSPECTIVE_PRE_FN_UN_LAB_INFORMATION,TARGET_DM_CP_N_HARMONIZED_AND_CHEMISTRY_CROSSCHECKED,0.0,10.167989717174796,24.30381612793819,11.383587621837975,26.27293106063293,10.963112685515924,25.35310554702984,9.18661371866862,25.605356852213543,34.47180584511299,34.40896954688687,37.6565186824709,31.22425670952896,34.791970570882164,34.0888048211177,36.316218232545765,32.5645571594541
REALV6R_0017,Rapeseed cake::RealV6_菜籽饼_sample3,Rapeseed cake,菜籽饼,3,5,growing,51.20000000000001,1.606183200000003,68.96950660800012,68.96950660800012,11.81863689652096,7.772613333333351,49.37825637814581,19.59125022985431,42.94,0.031370765625,1.347060675937502,26.8375,4.448961156278229,21.104336043360437,8.039747064137307,6.741192411924119,,88.56,23.77,26.840560072267387,-0.0030600722673881,CONSISTENT,51.2±1.7 kg,45.342,安徽淮南市,菜籽饼论文 表2-3,MISSING_IN_TARGET__IMPUTED_906_TRAINING_MEDIAN,REPORTED_INITIAL_BW__NOT_DMI_BACKCALCULATION,RETROSPECTIVE_PRE_FN_UN_LAB_INFORMATION,TARGET_DM_CP_N_HARMONIZED_AND_CHEMISTRY_CROSSCHECKED,0.0,10.184418711404534,24.342252568169748,11.383587621837975,26.28888573563293,10.968795469499083,25.37956204744768,9.201897939046225,25.641974767049152,34.52667127957428,34.442835328425836,37.672473357470906,31.29703325052921,34.843872706095375,34.12563390190474,36.34835751694676,32.621149091053354
REALV6R_0018,Rapeseed cake::RealV6_菜籽饼_sample3,Rapeseed cake,菜籽饼,3,6,growing,51.20000000000001,1.5424200000000028,66.23151480000011,66.23151480000011,13.48229016925605,7.387846666666649,45.36137796407741,20.8701368359227,42.94,0.030125390625,1.293584273437502,26.8375,4.448961156278229,21.104336043360437,8.039747064137307,6.741192411924119,,88.56,23.77,26.840560072267387,-0.0030600722673881,CONSISTENT,51.2±1.7 kg,43.542,安徽淮南市,菜籽饼论文 表2-3,MISSING_IN_TARGET__IMPUTED_906_TRAINING_MEDIAN,REPORTED_INITIAL_BW__NOT_DMI_BACKCALCULATION,RETROSPECTIVE_PRE_FN_UN_LAB_INFORMATION,TARGET_DM_CP_N_HARMONIZED_AND_CHEMISTRY_CROSSCHECKED,7.105427357601002e-15,9.677466889459726,23.15621384102795,11.610890044124886,24.88800351563292,10.942119577572734,24.07903888870985,8.729602495829264,24.523073196411133,32.83368073048767,33.39783406951244,36.4988935597578,29.73262124024231,33.252675692240395,32.97883910775972,35.021158466282586,31.210356333717527
REALV6R_0019,Rapeseed cake::RealV6_菜籽饼_sample4,Rapeseed cake,菜籽饼,4,1,growing,51.20000000000001,1.5516442666666697,73.2841587146668,73.2841587146668,6.241693333856524,17.17103099999998,49.8714343808103,23.412724333856502,47.23,0.0303055520833333,1.4313312248958356,29.51875,4.012206148282098,20.61482820976492,8.487793851717901,6.690777576853526,,88.48,26.12,29.520795660036168,-0.0020456600361669,CONSISTENT,51.2±1.7 kg,43.842,陕西汉中市,菜籽饼论文 表2-3,MISSING_IN_TARGET__IMPUTED_906_TRAINING_MEDIAN,REPORTED_INITIAL_BW__NOT_DMI_BACKCALCULATION,RETROSPECTIVE_PRE_FN_UN_LAB_INFORMATION,TARGET_DM_CP_N_HARMONIZED_AND_CHEMISTRY_CROSSCHECKED,0.0,10.202186734680197,26.11392627067524,11.072301640894858,28.058431691666684,10.771329166049362,27.150101929970276,9.266845067342123,27.15321985880534,36.31611300535543,36.96804570931137,39.13073333256154,34.15342538210526,36.42006492614746,36.86409378851934,37.92143109601964,35.36272761864716
REALV6R_0020,Rapeseed cake::RealV6_菜籽饼_sample4,Rapeseed cake,菜籽饼,4,2,growing,51.20000000000001,1.3611173333333304,64.2855716533332,64.2855716533332,7.804455060824557,15.95888666666664,40.522229925842,23.763341727491195,47.23,0.0265843229166666,1.2555775713541637,29.51875,4.012206148282098,20.61482820976492,8.487793851717901,6.690777576853526,,88.48,26.12,29.520795660036168,-0.0020456600361669,CONSISTENT,51.2±1.7 kg,38.458,陕西汉中市,菜籽饼论文 表2-3,MISSING_IN_TARGET__IMPUTED_906_TRAINING_MEDIAN,REPORTED_INITIAL_BW__NOT_DMI_BACKCALCULATION,RETROSPECTIVE_PRE_FN_UN_LAB_INFORMATION,TARGET_DM_CP_N_HARMONIZED_AND_CHEMISTRY_CROSSCHECKED,0.0,8.487177539844781,22.00315684394398,11.359835984910646,24.86303282528988,10.366184324167817,23.52710933514465,7.772618452707927,23.661975224812824,30.490334383788763,33.79523726954443,36.222868810200524,28.06270284313267,31.434593677520752,32.85097797581244,33.89329365931247,30.392277994020723
REALV6R_0021,Rapeseed cake::RealV6_菜籽饼_sample4,Rapeseed cake,菜籽饼,4,3,growing,51.20000000000001,1.6014880000000002,75.63827824,75.63827824,7.904080886416335,8.57805,59.15614735358367,16.482130886416336,47.23,0.0312790624999999,1.4773101218749998,29.51875,4.012206148282098,20.61482820976492,8.487793851717901,6.690777576853526,,88.48,26.12,29.520795660036168,-0.0020456600361669,CONSISTENT,51.2±1.7 kg,45.25,陕西汉中市,菜籽饼论文 表2-3,MISSING_IN_TARGET__IMPUTED_906_TRAINING_MEDIAN,REPORTED_INITIAL_BW__NOT_DMI_BACKCALCULATION,RETROSPECTIVE_PRE_FN_UN_LAB_INFORMATION,TARGET_DM_CP_N_HARMONIZED_AND_CHEMISTRY_CROSSCHECKED,0.0,10.650850130852271,27.189344278597098,11.186087638354996,28.66188435500003,11.000949151342928,27.97402205220145,9.661932945251465,28.095739364624023,37.84019440944937,37.79808383055064,39.847971993355024,35.79030624664498,37.75767230987549,37.88060593012452,38.97497120354438,36.66330703645563
REALV6R_0022,Rapeseed cake::RealV6_菜籽饼_sample4,Rapeseed cake,菜籽饼,4,4,growing,51.20000000000001,1.5982437333333306,75.4850515253332,75.4850515253332,10.03564190019194,10.82238333333335,54.62702629180792,20.85802523352529,47.23,0.0312156979166666,1.4743174126041638,29.51875,4.012206148282098,20.61482820976492,8.487793851717901,6.690777576853526,,88.48,26.12,29.520795660036168,-0.0020456600361669,CONSISTENT,51.2±1.7 kg,45.158,陕西汉中市,菜籽饼论文 表2-3,MISSING_IN_TARGET__IMPUTED_906_TRAINING_MEDIAN,REPORTED_INITIAL_BW__NOT_DMI_BACKCALCULATION,RETROSPECTIVE_PRE_FN_UN_LAB_INFORMATION,TARGET_DM_CP_N_HARMONIZED_AND_CHEMISTRY_CROSSCHECKED,7.105427357601002e-15,10.62164718790613,27.11934665677961,11.078340685604632,28.70206768833337,10.920370547101736,27.96273695574528,9.636034647623697,28.03415298461914,37.74099384468574,37.744057680647465,39.780408373938,35.7046431513952,37.670187632242836,37.81486389309037,38.88310750284702,36.60194402248619
REALV6R_0023,Rapeseed cake::RealV6_菜籽饼_sample4,Rapeseed cake,菜籽饼,4,5,growing,51.20000000000001,1.7722544,83.703575312,83.703575312,9.71403380725502,10.0108125,63.97872900474498,19.72484630725502,47.23,0.0346143437499999,1.6348354553124995,29.51875,4.012206148282098,20.61482820976492,8.487793851717901,6.690777576853526,,88.48,26.12,29.520795660036168,-0.0020456600361669,CONSISTENT,51.2±1.7 kg,50.075,陕西汉中市,菜籽饼论文 表2-3,MISSING_IN_TARGET__IMPUTED_906_TRAINING_MEDIAN,REPORTED_INITIAL_BW__NOT_DMI_BACKCALCULATION,RETROSPECTIVE_PRE_FN_UN_LAB_INFORMATION,TARGET_DM_CP_N_HARMONIZED_AND_CHEMISTRY_CROSSCHECKED,0.0,12.187986855015852,30.873764554258564,13.183346180484657,29.74573666666669,12.83905170005774,30.27266824076372,11.021944999694824,31.389163970947266,43.061751409274414,40.641823902725584,42.92908284715135,40.77449246484865,42.41110897064209,41.29246634135791,43.11171994082146,40.59185537117854
REALV6R_0024,Rapeseed cake::RealV6_菜籽饼_sample4,Rapeseed cake,菜籽饼,4,6,growing,51.20000000000001,1.7728442666666695,83.73143471466682,83.73143471466682,9.00950997916668,18.18891333333337,56.53301140216677,27.19842331250005,47.23,0.0346258645833333,1.635379584270836,29.51875,4.012206148282098,20.61482820976492,8.487793851717901,6.690777576853526,,88.48,26.12,29.520795660036168,-0.0020456600361669,CONSISTENT,51.2±1.7 kg,50.092,陕西汉中市,菜籽饼论文 表2-3,MISSING_IN_TARGET__IMPUTED_906_TRAINING_MEDIAN,REPORTED_INITIAL_BW__NOT_DMI_BACKCALCULATION,RETROSPECTIVE_PRE_FN_UN_LAB_INFORMATION,TARGET_DM_CP_N_HARMONIZED_AND_CHEMISTRY_CROSSCHECKED,0.0,12.193296481006088,30.886491394589072,13.197443000206876,29.74573666666669,12.85010903220703,30.278613283508143,11.026575088500977,31.4006290435791,43.07978787559516,40.65164683907166,42.94317966687357,40.78825504779325,42.42720413208008,41.30423058258674,43.12872231571517,40.602712398951645
REALV6R_0025,Rapeseed cake::RealV6_菜籽饼_sample5,Rapeseed cake,菜籽饼,5,1,growing,51.20000000000001,1.576943200000003,66.44450173200012,66.44450173200012,7.715116054794533,8.002236666666642,50.72714901053895,15.717352721461175,42.135,0.030799671875,1.297744174453127,26.334375,3.8694481830417233,20.289367429340512,7.884701659937193,6.830417227456259,,89.16,23.48,26.33467922835352,-0.0003042283535243,CONSISTENT,51.2±1.7 kg,44.217,河南许昌市,菜籽饼论文 表2-3,MISSING_IN_TARGET__IMPUTED_906_TRAINING_MEDIAN,REPORTED_INITIAL_BW__NOT_DMI_BACKCALCULATION,RETROSPECTIVE_PRE_FN_UN_LAB_INFORMATION,TARGET_DM_CP_N_HARMONIZED_AND_CHEMISTRY_CROSSCHECKED,0.0,9.711754781844302,23.451334853567023,11.563010599518506,24.5256680272996,10.92266178922003,24.02381867005713,8.824231465657553,24.77910804748535,33.163089635411325,33.281412096588795,36.08867862681811,30.35582310518201,33.603339513142906,32.841162218857214,34.946480459277154,31.498021272722966
REALV6R_0026,Rapeseed cake::RealV6_菜籽饼_sample5,Rapeseed cake,菜籽饼,5,2,growing,51.20000000000001,1.7861719999999968,75.26035721999986,75.26035721999986,10.26291492207103,11.86118416666665,53.13625813126218,22.12409908873768,42.135,0.0348861718749999,1.469928851953122,26.334375,3.8694481830417233,20.289367429340512,7.884701659937193,6.830417227456259,,89.16,23.48,26.33467922835352,-0.0003042283535243,CONSISTENT,51.2±1.7 kg,50.083,河南许昌市,菜籽饼论文 表2-3,MISSING_IN_TARGET__IMPUTED_906_TRAINING_MEDIAN,REPORTED_INITIAL_BW__NOT_DMI_BACKCALCULATION,RETROSPECTIVE_PRE_FN_UN_LAB_INFORMATION,TARGET_DM_CP_N_HARMONIZED_AND_CHEMISTRY_CROSSCHECKED,0.0,11.333978827544204,27.226326707921647,11.624694584166894,28.0516237966667,11.524136094566986,27.666105762180425,10.366512616475424,28.43553924560547,38.56030553546585,36.70005168453401,39.67631838083359,35.58403883916627,38.802051862080894,36.45830535791897,39.19024185674741,36.07011536325245
REALV6R_0027,Rapeseed cake::RealV6_菜籽饼_sample5,Rapeseed cake,菜籽饼,5,3,growing,51.20000000000001,0.6933676000000003,29.215043826000013,29.215043826000013,5.697260981560285,8.414069999999999,15.10371284443973,14.111330981560284,42.135,0.0135423359375,0.5706063247265627,26.334375,3.8694481830417233,20.289367429340512,7.884701659937193,6.830417227456259,,89.16,23.48,26.33467922835352,-0.0003042283535243,CONSISTENT,51.2±1.7 kg,19.442,河南许昌市,菜籽饼论文 表2-3,MISSING_IN_TARGET__IMPUTED_906_TRAINING_MEDIAN,REPORTED_INITIAL_BW__NOT_DMI_BACKCALCULATION,RETROSPECTIVE_PRE_FN_UN_LAB_INFORMATION,TARGET_DM_CP_N_HARMONIZED_AND_CHEMISTRY_CROSSCHECKED,0.0,2.8610842024892373,7.509501354992189,4.585186521351188,11.53939139793468,3.988820066658221,9.656923484575856,3.778794209162394,11.965158144632975,10.370585557481427,18.844458268518586,16.12457791928587,13.090465906714144,15.743952353795368,13.471091472204645,13.645743551234077,15.569300274765936
REALV6R_0028,Rapeseed cake::RealV6_菜籽饼_sample5,Rapeseed cake,菜籽饼,5,4,growing,51.20000000000001,1.3555589200000029,57.11647509420012,57.11647509420012,8.019232678438447,19.63736999999993,29.459872415761744,27.65660267843837,42.135,0.02647576015625,1.115556154183596,26.334375,3.8694481830417233,20.289367429340512,7.884701659937193,6.830417227456259,,89.16,23.48,26.33467922835352,-0.0003042283535243,CONSISTENT,51.2±1.7 kg,38.009,河南许昌市,菜籽饼论文 表2-3,MISSING_IN_TARGET__IMPUTED_906_TRAINING_MEDIAN,REPORTED_INITIAL_BW__NOT_DMI_BACKCALCULATION,RETROSPECTIVE_PRE_FN_UN_LAB_INFORMATION,TARGET_DM_CP_N_HARMONIZED_AND_CHEMISTRY_CROSSCHECKED,-3.552713678800501e-15,7.995285049398434,19.45702884176469,9.742867596030155,23.515395398857464,9.138379337870395,21.61962535477026,7.219732443491618,21.15571467081706,27.452313891163122,29.664161203036997,33.258262994887616,23.858212099312503,28.375447114308677,28.74102797989144,30.758004692640654,26.358470401559465
REALV6R_0029,Rapeseed cake::RealV6_菜籽饼_sample5,Rapeseed cake,菜籽饼,5,5,growing,51.20000000000001,1.608743599999997,67.78441158599988,67.78441158599988,8.537868599673821,20.8950458333333,38.35149715299276,29.43291443300712,42.135,0.0314207734374999,1.3239142887890598,26.334375,3.8694481830417233,20.289367429340512,7.884701659937193,6.830417227456259,,89.16,23.48,26.33467922835352,-0.0003042283535243,CONSISTENT,51.2±1.7 kg,45.108,河南许昌市,菜籽饼论文 表2-3,MISSING_IN_TARGET__IMPUTED_906_TRAINING_MEDIAN,REPORTED_INITIAL_BW__NOT_DMI_BACKCALCULATION,RETROSPECTIVE_PRE_FN_UN_LAB_INFORMATION,TARGET_DM_CP_N_HARMONIZED_AND_CHEMISTRY_CROSSCHECKED,0.0,9.958314402426494,24.02509071779413,11.43478990030642,24.327336928966265,10.924077485806045,24.186149753037668,9.058778444925943,25.319093068440754,33.983405120220624,33.80100646577925,35.76212682927269,32.02228475672719,34.3778715133667,33.40654007263318,35.11022723884371,32.674184347156164
REALV6R_0030,Rapeseed cake::RealV6_菜籽饼_sample5,Rapeseed cake,菜籽饼,5,6,growing,51.20000000000001,1.6084463999999998,67.77188906399999,67.77188906399999,8.721463960294368,10.09,48.96042510370562,18.81146396029437,42.135,0.0314149687499999,1.3236697082812496,26.334375,3.8694481830417233,20.289367429340512,7.884701659937193,6.830417227456259,,89.16,23.48,26.33467922835352,-0.0003042283535243,CONSISTENT,51.2±1.7 kg,45.1,河南许昌市,菜籽饼论文 表2-3,MISSING_IN_TARGET__IMPUTED_906_TRAINING_MEDIAN,REPORTED_INITIAL_BW__NOT_DMI_BACKCALCULATION,RETROSPECTIVE_PRE_FN_UN_LAB_INFORMATION,TARGET_DM_CP_N_HARMONIZED_AND_CHEMISTRY_CROSSCHECKED,-7.105427357601002e-15,9.956010106907058,24.01972851345562,11.46814974789901,24.3242507672996,10.94510111741267,24.182000391816292,9.05659262339274,25.314032236735027,33.97573862036268,33.796150443637316,35.79240051519861,31.979488548801385,34.37062486012777,33.40126420387222,35.127101509228964,32.64478755477103
REALV6R_0031,Rapeseed cake::RealV6_菜籽饼_sample6,Rapeseed cake,菜籽饼,6,1,growing,51.20000000000001,1.7764791666666695,80.19026958333347,80.19026958333347,11.54865120657726,13.7488325,54.89278587675621,25.29748370657726,45.14000000000001,0.0346968587239583,1.5662162027994817,28.2125,4.574647887323944,21.791549295774647,9.23943661971831,6.647887323943663,,88.75,25.04,28.21408450704225,-0.0015845070422528,CONSISTENT,51.2±1.7 kg,50.042,湖北仙桃市,菜籽饼论文 表2-3,MISSING_IN_TARGET__IMPUTED_906_TRAINING_MEDIAN,REPORTED_INITIAL_BW__NOT_DMI_BACKCALCULATION,RETROSPECTIVE_PRE_FN_UN_LAB_INFORMATION,TARGET_DM_CP_N_HARMONIZED_AND_CHEMISTRY_CROSSCHECKED,0.0,12.032984692530126,29.17050484188448,12.94025869113084,29.933881010000032,12.626432897811467,29.5772878704882,10.792298634847006,29.938968658447266,41.20348953441461,38.98678004891887,42.87413970113087,37.3161298822026,40.73126729329427,39.4590022900392,42.20372076829967,37.98654881503381
REALV6R_0032,Rapeseed cake::RealV6_菜籽饼_sample6,Rapeseed cake,菜籽饼,6,2,growing,51.20000000000001,1.4081666666666697,63.56464333333346,63.56464333333346,9.100163371287136,11.0593925,43.40508746204633,20.15955587128713,45.14,0.0275032552083333,1.241496940104169,28.2125,4.574647887323944,21.791549295774647,9.23943661971831,6.647887323943663,,88.75,25.04,28.21408450704225,-0.0015845070422528,CONSISTENT,51.2±1.7 kg,39.667,湖北仙桃市,菜籽饼论文 表2-3,MISSING_IN_TARGET__IMPUTED_906_TRAINING_MEDIAN,REPORTED_INITIAL_BW__NOT_DMI_BACKCALCULATION,RETROSPECTIVE_PRE_FN_UN_LAB_INFORMATION,TARGET_DM_CP_N_HARMONIZED_AND_CHEMISTRY_CROSSCHECKED,-7.105427357601002e-15,8.90621696272393,21.757708558812794,11.369767239641805,24.789456914311582,10.51762596674266,23.37324730566488,8.014247099558512,23.153122584025066,30.663925521536726,32.90071781179673,36.15922415395339,27.40541917938007,31.16736968358358,32.39727364974988,33.89087327240754,29.673770060925918
REALV6R_0033,Rapeseed cake::RealV6_菜籽饼_sample6,Rapeseed cake,菜籽饼,6,3,growing,51.20000000000001,1.7788458333333306,80.29710091666655,80.29710091666655,11.52298709630704,18.1115433333333,50.66257048702621,29.634530429640343,45.14000000000001,0.0347430826822916,1.5683027522786432,28.2125,4.574647887323944,21.791549295774647,9.23943661971831,6.647887323943663,,88.75,25.04,28.21408450704225,-0.0015845070422528,CONSISTENT,51.2±1.7 kg,50.108,湖北仙桃市,菜籽饼论文 表2-3,MISSING_IN_TARGET__IMPUTED_906_TRAINING_MEDIAN,REPORTED_INITIAL_BW__NOT_DMI_BACKCALCULATION,RETROSPECTIVE_PRE_FN_UN_LAB_INFORMATION,TARGET_DM_CP_N_HARMONIZED_AND_CHEMISTRY_CROSSCHECKED,7.105427357601002e-15,12.053076372721598,29.21813726779967,12.94025869113084,29.995455505000034,12.63338260372714,29.63234965734522,10.809957504272461,29.984538396199543,41.27121364052127,39.02588727614528,42.935714196130874,37.36138672053568,40.794495900472,39.50260501619455,42.26573226107236,38.03136865559419
REALV6R_0034,Rapeseed cake::RealV6_菜籽饼_sample6,Rapeseed cake,菜籽饼,6,4,growing,51.20000000000001,1.5383333333333304,69.44036666666653,69.44036666666653,9.292759237772753,13.48287500000001,46.66473242889377,22.775634237772763,45.14,0.0300455729166666,1.3562571614583303,28.2125,4.574647887323944,21.791549295774647,9.23943661971831,6.647887323943663,,88.75,25.04,28.21408450704225,-0.0015845070422528,CONSISTENT,51.2±1.7 kg,43.333,湖北仙桃市,菜籽饼论文 表2-3,MISSING_IN_TARGET__IMPUTED_906_TRAINING_MEDIAN,REPORTED_INITIAL_BW__NOT_DMI_BACKCALCULATION,RETROSPECTIVE_PRE_FN_UN_LAB_INFORMATION,TARGET_DM_CP_N_HARMONIZED_AND_CHEMISTRY_CROSSCHECKED,0.0,10.011259373257792,24.377491984155256,11.310901016518503,26.26681718729959,10.861355377211936,25.384263560545435,8.987869580586752,25.470635732014973,34.38875135741305,35.051615309253485,37.577718203818094,31.86264846284844,34.45850531260172,34.98186135406481,36.24561893775737,33.194747728909164
REALV6R_0035,Rapeseed cake::RealV6_菜籽饼_sample6,Rapeseed cake,菜籽饼,6,5,growing,51.20000000000001,1.60105,72.271397,72.271397,9.121213279878964,14.68226666666669,48.467917053454336,23.803479946545657,45.14,0.0312705078124999,1.4115507226562496,28.2125,4.574647887323944,21.791549295774647,9.23943661971831,6.647887323943663,,88.75,25.04,28.21408450704225,-0.0015845070422528,CONSISTENT,51.2±1.7 kg,45.1,湖北仙桃市,菜籽饼论文 表2-3,MISSING_IN_TARGET__IMPUTED_906_TRAINING_MEDIAN,REPORTED_INITIAL_BW__NOT_DMI_BACKCALCULATION,RETROSPECTIVE_PRE_FN_UN_LAB_INFORMATION,TARGET_DM_CP_N_HARMONIZED_AND_CHEMISTRY_CROSSCHECKED,0.0,10.543688898333254,25.63975127091132,11.08330525118337,26.56967852896626,10.896652122930522,26.135284983139396,9.464910507202148,26.6230042775472,36.18344016924458,36.08795683075542,37.65298378014963,34.61841321985036,36.087914784749344,36.18348221525065,37.03193710606992,35.239459893930075
REALV6R_0036,Rapeseed cake::RealV6_菜籽饼_sample6,Rapeseed cake,菜籽饼,6,6,growing,51.20000000000001,1.5569708333333303,70.28166341666655,70.28166341666655,10.47132691700853,9.795412499999996,50.01492399965802,20.266739417008527,45.14000000000001,0.0304095865885416,1.3726887386067683,28.2125,4.574647887323944,21.791549295774647,9.23943661971831,6.647887323943663,,88.75,25.04,28.21408450704225,-0.0015845070422528,CONSISTENT,51.2±1.7 kg,43.858,湖北仙桃市,菜籽饼论文 表2-3,MISSING_IN_TARGET__IMPUTED_906_TRAINING_MEDIAN,REPORTED_INITIAL_BW__NOT_DMI_BACKCALCULATION,RETROSPECTIVE_PRE_FN_UN_LAB_INFORMATION,TARGET_DM_CP_N_HARMONIZED_AND_CHEMISTRY_CROSSCHECKED,-7.105427357601002e-15,10.16948135476606,24.75259733823841,11.281611352890224,26.295569438966258,10.89692593318915,25.574806480206423,9.129302660624186,25.809375762939453,34.922078693004465,35.35958472366208,37.57718079185648,32.70448262481007,34.93867842356364,35.34298499310291,36.47173241339557,33.809931003270975
REALV6R_0037,Rapeseed cake::RealV6_菜籽饼_sample7,Rapeseed cake,菜籽饼,7,1,growing,51.20000000000001,1.7909848000000028,74.34377904800012,74.34377904800012,18.3705879506682,13.33151625,42.64167484733191,31.7021042006682,41.51,0.034980171875,1.452026934531252,25.94375,4.897685340489768,25.472436542547243,10.00782735100078,6.485519400648551,,89.43,23.2,25.942077602594203,0.0016723974057946,CONSISTENT,51.2±1.7 kg,50.067,湖南怀化市,菜籽饼论文 表2-3,MISSING_IN_TARGET__IMPUTED_906_TRAINING_MEDIAN,REPORTED_INITIAL_BW__NOT_DMI_BACKCALCULATION,RETROSPECTIVE_PRE_FN_UN_LAB_INFORMATION,TARGET_DM_CP_N_HARMONIZED_AND_CHEMISTRY_CROSSCHECKED,7.105427357601002e-15,11.986985034030138,26.1983496338816,11.601837313073943,28.19801028333336,11.73505978970244,27.263916059896275,10.133252461751303,27.834609349568684,38.18533466791174,36.158444380088376,39.799847596407304,34.54393145159281,37.967861811319985,36.37591723668013,38.998975849598715,35.3448031984014
REALV6R_0038,Rapeseed cake::RealV6_菜籽饼_sample7,Rapeseed cake,菜籽饼,7,2,growing,51.20000000000001,1.7909848000000028,74.34377904800012,74.34377904800012,14.89162109119131,20.56002666666663,38.892131290142174,35.45164775785794,41.51,0.034980171875,1.452026934531252,25.94375,4.897685340489768,25.472436542547243,10.00782735100078,6.485519400648551,,89.43,23.2,25.942077602594203,0.0016723974057946,CONSISTENT,51.2±1.7 kg,50.067,湖南怀化市,菜籽饼论文 表2-3,MISSING_IN_TARGET__IMPUTED_906_TRAINING_MEDIAN,REPORTED_INITIAL_BW__NOT_DMI_BACKCALCULATION,RETROSPECTIVE_PRE_FN_UN_LAB_INFORMATION,TARGET_DM_CP_N_HARMONIZED_AND_CHEMISTRY_CROSSCHECKED,0.0,11.986985034030138,26.1983496338816,11.601837313073943,28.19801028333336,11.73505978970244,27.263916059896275,10.133252461751303,27.834609349568684,38.18533466791174,36.158444380088376,39.799847596407304,34.54393145159281,37.967861811319985,36.37591723668013,38.998975849598715,35.3448031984014
REALV6R_0039,Rapeseed cake::RealV6_菜籽饼_sample7,Rapeseed cake,菜籽饼,7,3,growing,51.20000000000001,1.792475299999997,74.40564970299987,74.40564970299987,19.81525491539245,11.31048333333331,43.27991145427411,31.12573824872576,41.50999999999999,0.0350092832031249,1.4532353457617158,25.94375,4.897685340489768,25.472436542547243,10.00782735100078,6.485519400648551,,89.43,23.2,25.942077602594203,0.0016723974057946,CONSISTENT,51.2±1.7 kg,50.108,湖南怀化市,菜籽饼论文 表2-3,MISSING_IN_TARGET__IMPUTED_906_TRAINING_MEDIAN,REPORTED_INITIAL_BW__NOT_DMI_BACKCALCULATION,RETROSPECTIVE_PRE_FN_UN_LAB_INFORMATION,TARGET_DM_CP_N_HARMONIZED_AND_CHEMISTRY_CROSSCHECKED,0.0,11.998313209910371,26.224595808026542,11.601837313073943,28.21634361666669,11.738978202208427,27.2859456898463,10.14324982961019,27.862720489501953,38.222909017936914,36.18274068506295,39.818180929740635,34.58746877325923,38.005970319112144,36.39967938388772,39.02492389205473,35.38072581094514
REALV6R_0040,Rapeseed cake::RealV6_菜籽饼_sample7,Rapeseed cake,菜籽饼,7,4,growing,51.20000000000001,1.493779099999997,62.006770440999865,62.006770440999865,15.17453984919208,14.61504333333336,32.217187258474425,29.78958318252544,41.51,0.0291753730468749,1.2110697351757784,25.94375,4.897685340489768,25.472436542547243,10.00782735100078,6.485519400648551,,89.43,23.2,25.942077602594203,0.0016723974057946,CONSISTENT,51.2±1.7 kg,41.758,湖南怀化市,菜籽饼论文 表2-3,MISSING_IN_TARGET__IMPUTED_906_TRAINING_MEDIAN,REPORTED_INITIAL_BW__NOT_DMI_BACKCALCULATION,RETROSPECTIVE_PRE_FN_UN_LAB_INFORMATION,TARGET_DM_CP_N_HARMONIZED_AND_CHEMISTRY_CROSSCHECKED,0.0,9.728146763502211,20.96486250935736,11.388268798764114,23.08364075324931,10.8140331042258,22.093903560137942,8.180849075317383,22.385971069335938,30.69300927285957,31.313761168140296,34.47190955201342,27.534860888986444,30.56682014465332,31.439950296346545,32.907936664363746,29.09883377663612
REALV6R_0041,Rapeseed cake::RealV6_菜籽饼_sample7,Rapeseed cake,菜籽饼,7,5,growing,51.20000000000001,1.4943753,62.03151870299999,62.03151870299999,15.2420715183116,12.36910416666668,34.42034301802171,27.61117568497828,41.50999999999999,0.0291870175781249,1.2115530996679682,25.94375,4.897685340489768,25.472436542547243,10.00782735100078,6.485519400648551,,89.43,23.2,25.942077602594203,0.0016723974057946,CONSISTENT,51.2±1.7 kg,41.775,湖南怀化市,菜籽饼论文 表2-3,MISSING_IN_TARGET__IMPUTED_906_TRAINING_MEDIAN,REPORTED_INITIAL_BW__NOT_DMI_BACKCALCULATION,RETROSPECTIVE_PRE_FN_UN_LAB_INFORMATION,TARGET_DM_CP_N_HARMONIZED_AND_CHEMISTRY_CROSSCHECKED,0.0,9.732678033854352,20.975360979015456,11.388268798764114,23.08364075324931,10.81560046922821,22.098807672175774,8.18457301457723,22.39657719930013,30.708039012869808,31.32347969013018,34.47190955201342,27.559609150986567,30.581150213877358,31.45036848912263,32.91440814140398,29.117110561596007
REALV6R_0042,Rapeseed cake::RealV6_菜籽饼_sample7,Rapeseed cake,菜籽饼,7,6,growing,51.20000000000001,1.493779099999997,62.006770440999865,62.006770440999865,16.34206442161339,12.74523249999997,32.91947351938651,29.08729692161336,41.51,0.0291753730468749,1.2110697351757784,25.94375,4.897685340489768,25.472436542547243,10.00782735100078,6.485519400648551,,89.43,23.2,25.942077602594203,0.0016723974057946,CONSISTENT,51.2±1.7 kg,41.758,湖南怀化市,菜籽饼论文 表2-3,MISSING_IN_TARGET__IMPUTED_906_TRAINING_MEDIAN,REPORTED_INITIAL_BW__NOT_DMI_BACKCALCULATION,RETROSPECTIVE_PRE_FN_UN_LAB_INFORMATION,TARGET_DM_CP_N_HARMONIZED_AND_CHEMISTRY_CROSSCHECKED,-7.105427357601002e-15,9.728146763502211,20.96486250935736,11.388268798764114,23.08364075324931,10.8140331042258,22.093903560137942,8.180849075317383,22.385971069335938,30.69300927285957,31.313761168140296,34.47190955201342,27.534860888986444,30.56682014465332,31.439950296346545,32.907936664363746,29.09883377663612
REALV6R_0043,Rapeseed cake::RealV6_菜籽饼_sample8,Rapeseed cake,菜籽饼,8,1,growing,51.20000000000001,1.6021830666666697,85.3963574533335,85.3963574533335,7.855403960841066,22.02638583333337,55.514567659159056,29.88178979417444,53.3,0.0312926380208333,1.6678976065104194,33.3125,3.9535931516107223,22.87677404820905,8.346474431178192,6.915972065780581,,88.78,29.57,33.30705113764361,0.0054488623563884,CONSISTENT,51.2±1.7 kg,45.117,重庆市,菜籽饼论文 表2-3,MISSING_IN_TARGET__IMPUTED_906_TRAINING_MEDIAN,REPORTED_INITIAL_BW__NOT_DMI_BACKCALCULATION,RETROSPECTIVE_PRE_FN_UN_LAB_INFORMATION,TARGET_DM_CP_N_HARMONIZED_AND_CHEMISTRY_CROSSCHECKED,7.105427357601002e-15,11.779943593308584,30.92234627848632,12.664882292860112,29.710335000000025,12.35878227251996,30.27649743075298,10.390551567077637,32.25230280558268,42.7022898717949,42.69406758153859,42.375217292860135,43.02114016047336,42.64285437266032,42.75350308067318,42.63527970327294,42.76107775006055
REALV6R_0044,Rapeseed cake::RealV6_菜籽饼_sample8,Rapeseed cake,菜籽饼,8,2,growing,51.20000000000001,1.6018871333333309,85.38058420666653,85.38058420666653,8.757174179187531,20.2291875,56.394222527479,28.98636167918753,53.3,0.0312868580729166,1.6675895352864554,33.3125,3.9535931516107223,22.87677404820905,8.346474431178192,6.915972065780581,,88.78,29.57,33.30705113764361,0.0054488623563884,CONSISTENT,51.2±1.7 kg,45.108,重庆市,菜籽饼论文 表2-3,MISSING_IN_TARGET__IMPUTED_906_TRAINING_MEDIAN,REPORTED_INITIAL_BW__NOT_DMI_BACKCALCULATION,RETROSPECTIVE_PRE_FN_UN_LAB_INFORMATION,TARGET_DM_CP_N_HARMONIZED_AND_CHEMISTRY_CROSSCHECKED,7.105427357601002e-15,11.776839760758444,30.91471553823052,12.658479383470814,29.710335000000025,12.353520512781008,30.272932910745325,10.388055801391602,32.245871225992836,42.691555298988966,42.68902890767756,42.36881438347084,43.011769823195685,42.63392702738444,42.74665717928209,42.626453423526335,42.75413078314019
REALV6R_0045,Rapeseed cake::RealV6_菜籽饼_sample8,Rapeseed cake,菜籽饼,8,3,growing,51.20000000000001,1.904331,101.50084230000002,101.50084230000002,11.87695616739516,20.1927483333333,69.43113779927155,32.06970450072846,53.3,0.0371939648437499,1.982438326171875,33.3125,3.9535931516107223,22.87677404820905,8.346474431178192,6.915972065780581,,88.78,29.57,33.30705113764361,0.0054488623563884,CONSISTENT,51.2±1.7 kg,53.625,重庆市,菜籽饼论文 表2-3,MISSING_IN_TARGET__IMPUTED_906_TRAINING_MEDIAN,REPORTED_INITIAL_BW__NOT_DMI_BACKCALCULATION,RETROSPECTIVE_PRE_FN_UN_LAB_INFORMATION,TARGET_DM_CP_N_HARMONIZED_AND_CHEMISTRY_CROSSCHECKED,0.0,14.948956626934356,38.7133320794872,13.403464474422274,39.254630505000016,13.938049728247474,39.00177573558415,12.9299529393514,38.964271545410156,53.662288706421556,47.83855359357846,52.65809497942229,48.84274732057773,51.89422448476156,49.60661781523846,52.939825463831625,48.56101683616839
REALV6R_0046,Rapeseed cake::RealV6_菜籽饼_sample8,Rapeseed cake,菜籽饼,8,4,growing,51.20000000000001,1.9561193333333304,104.26116046666652,104.26116046666652,12.00660765014577,21.5157525,70.73880031652074,33.52236015014577,53.3,0.0382054557291666,2.03635079036458,33.3125,3.9535931516107223,22.87677404820905,8.346474431178192,6.915972065780581,,88.78,29.57,33.30705113764361,0.0054488623563884,CONSISTENT,51.2±1.7 kg,55.083,重庆市,菜籽饼论文 表2-3,MISSING_IN_TARGET__IMPUTED_906_TRAINING_MEDIAN,REPORTED_INITIAL_BW__NOT_DMI_BACKCALCULATION,RETROSPECTIVE_PRE_FN_UN_LAB_INFORMATION,TARGET_DM_CP_N_HARMONIZED_AND_CHEMISTRY_CROSSCHECKED,0.0,15.49212732319731,40.04871162422282,13.358997952942252,39.186635505000005,14.096846737218671,39.58933399454115,13.354403495788574,40.12426503499349,55.54083894742013,48.7203215192464,52.54563345794226,51.715527008724266,53.478668530782066,50.78249193588446,53.68618073175982,50.574979734906705
REALV6R_0047,Rapeseed cake::RealV6_菜籽饼_sample8,Rapeseed cake,菜籽饼,8,5,growing,51.20000000000001,1.8963408,101.07496464,101.07496464,13.66247537171456,15.63370249999997,71.77878676828547,29.29617787171453,53.3,0.0370379062499999,1.974120403125,33.3125,3.9535931516107223,22.87677404820905,8.346474431178192,6.915972065780581,,88.78,29.57,33.30705113764361,0.0054488623563884,CONSISTENT,51.2±1.7 kg,53.4,重庆市,菜籽饼论文 表2-3,MISSING_IN_TARGET__IMPUTED_906_TRAINING_MEDIAN,REPORTED_INITIAL_BW__NOT_DMI_BACKCALCULATION,RETROSPECTIVE_PRE_FN_UN_LAB_INFORMATION,TARGET_DM_CP_N_HARMONIZED_AND_CHEMISTRY_CROSSCHECKED,0.0,14.86515314808235,38.50730209258512,13.403464474422274,39.25379717166668,13.909062131034046,38.905089634022495,12.864310264587402,38.78476206461588,53.37245524066747,47.702509399332534,52.657261646088955,48.41770299391105,51.649072329203285,49.42589231079672,52.81415176505654,48.26081287494346
REALV6R_0048,Rapeseed cake::RealV6_菜籽饼_sample8,Rapeseed cake,菜籽饼,8,6,growing,51.20000000000001,1.8960448666666696,101.0591913933335,101.0591913933335,11.15948069982932,22.35983,67.53988069350419,33.51931069982932,53.3,0.0370321263020833,1.9738123319010448,33.3125,3.9535931516107223,22.87677404820905,8.346474431178192,6.915972065780581,,88.78,29.57,33.30705113764361,0.0054488623563884,CONSISTENT,51.2±1.7 kg,53.392,重庆市,菜籽饼论文 表2-3,MISSING_IN_TARGET__IMPUTED_906_TRAINING_MEDIAN,REPORTED_INITIAL_BW__NOT_DMI_BACKCALCULATION,RETROSPECTIVE_PRE_FN_UN_LAB_INFORMATION,TARGET_DM_CP_N_HARMONIZED_AND_CHEMISTRY_CROSSCHECKED,0.0,14.862049315532309,38.49967135232956,13.403464474422274,39.25379717166668,13.90798851632245,38.90152511401495,12.861876805623373,38.778116861979164,53.36172066786187,47.69747072547164,52.657261646088955,48.40192974724455,51.63999366760254,49.41919772573097,52.8095136303374,48.24967776299611
REALV6R_0049,Rapeseed cake::RealV6_菜籽饼_sample9,Rapeseed cake,菜籽饼,9,1,growing,51.20000000000001,1.94642633333333,84.58195631499987,84.58195631499987,11.64619027511528,19.62375333333331,53.312012706551286,31.26994360844859,43.455000000000005,0.0380161393229165,1.651991334277341,27.159375,4.043035107587769,29.796149490373725,9.048697621744054,6.693091732729332,,88.3,23.98,27.157417893544736,0.001957106455265,CONSISTENT,51.2±1.7 kg,55.108,湖南湘乡市,菜籽饼论文 表2-3,MISSING_IN_TARGET__IMPUTED_906_TRAINING_MEDIAN,REPORTED_INITIAL_BW__NOT_DMI_BACKCALCULATION,RETROSPECTIVE_PRE_FN_UN_LAB_INFORMATION,TARGET_DM_CP_N_HARMONIZED_AND_CHEMISTRY_CROSSCHECKED,-1.4210854715202004e-14,14.116040851624334,30.273928770736013,13.200167936392448,30.113743658333338,13.516968092294269,30.18857034866051,11.230456034342447,33.597913106282554,44.38996962236035,40.191986692639524,43.31391159472579,41.268044720274084,44.828369140625,39.75358717437487,43.705538440954776,40.876417874045096
REALV6R_0050,Rapeseed cake::RealV6_菜籽饼_sample9,Rapeseed cake,菜籽饼,9,2,growing,51.20000000000001,1.94642633333333,84.58195631499987,84.58195631499987,17.48487953258428,22.36746791666663,44.72960886574896,39.852347449250914,43.455000000000005,0.0380161393229165,1.651991334277341,27.159375,4.043035107587769,29.796149490373725,9.048697621744054,6.693091732729332,,88.3,23.98,27.157417893544736,0.001957106455265,CONSISTENT,51.2±1.7 kg,55.108,湖南湘乡市,菜籽饼论文 表2-3,MISSING_IN_TARGET__IMPUTED_906_TRAINING_MEDIAN,REPORTED_INITIAL_BW__NOT_DMI_BACKCALCULATION,RETROSPECTIVE_PRE_FN_UN_LAB_INFORMATION,TARGET_DM_CP_N_HARMONIZED_AND_CHEMISTRY_CROSSCHECKED,1.4210854715202004e-14,14.116040851624334,30.273928770736013,13.200167936392448,30.113743658333338,13.516968092294269,30.18857034866051,11.230456034342447,33.597913106282554,44.38996962236035,40.191986692639524,43.31391159472579,41.268044720274084,44.828369140625,39.75358717437487,43.705538440954776,40.876417874045096
REALV6R_0051,Rapeseed cake::RealV6_菜籽饼_sample9,Rapeseed cake,菜籽饼,9,3,growing,51.20000000000001,1.9467206666666697,84.59474657000015,84.59474657000015,14.03274583153346,19.365255,51.196745738466696,33.39800083153346,43.455000000000005,0.0380218880208333,1.6522411439453153,27.159375,4.043035107587769,29.796149490373725,9.048697621744054,6.693091732729332,,88.3,23.98,27.157417893544736,0.001957106455265,CONSISTENT,51.2±1.7 kg,55.117,湖南湘乡市,菜籽饼论文 表2-3,MISSING_IN_TARGET__IMPUTED_906_TRAINING_MEDIAN,REPORTED_INITIAL_BW__NOT_DMI_BACKCALCULATION,RETROSPECTIVE_PRE_FN_UN_LAB_INFORMATION,TARGET_DM_CP_N_HARMONIZED_AND_CHEMISTRY_CROSSCHECKED,-7.105427357601002e-15,14.118418091166069,30.27950869203529,13.215041104775556,30.080010325000007,13.527518922786117,30.1732012733161,11.232492764790853,33.603919982910156,44.397926783201356,40.1968197867988,43.29505142977556,41.29969514022459,44.83641274770101,39.75833382229914,43.70072019610222,40.89402637389794
REALV6R_0052,Rapeseed cake::RealV6_菜籽饼_sample9,Rapeseed cake,菜籽饼,9,4,growing,51.20000000000001,2.0347263333333303,88.41903281499988,88.41903281499988,12.52153878571427,26.49303125,49.40446277928561,39.01457003571427,43.455000000000005,0.0397407486979166,1.726934234667966,27.159375,4.043035107587769,29.796149490373725,9.048697621744054,6.693091732729332,,88.3,23.98,27.157417893544736,0.001957106455265,CONSISTENT,51.2±1.7 kg,57.608,湖南湘乡市,菜籽饼论文 表2-3,MISSING_IN_TARGET__IMPUTED_906_TRAINING_MEDIAN,REPORTED_INITIAL_BW__NOT_DMI_BACKCALCULATION,RETROSPECTIVE_PRE_FN_UN_LAB_INFORMATION,TARGET_DM_CP_N_HARMONIZED_AND_CHEMISTRY_CROSSCHECKED,0.0,14.829212714128886,31.94790516047906,13.14458346352881,33.75723199166668,13.72729619621372,32.91204771413167,11.842655817667643,35.41958999633789,46.777117874607946,41.641914940391935,46.90181545519549,41.51721735980439,47.26224581400553,41.15678700099435,46.63934391034539,41.77968890465449
REALV6R_0053,Rapeseed cake::RealV6_菜籽饼_sample9,Rapeseed cake,菜籽饼,9,5,growing,51.20000000000001,1.9720333333333304,85.69470849999988,85.69470849999988,13.20041792350225,21.76561666666669,50.72867390983093,34.966034590168945,43.455000000000005,0.0385162760416665,1.6737247753906224,27.159375,4.043035107587769,29.796149490373725,9.048697621744054,6.693091732729332,,88.3,23.98,27.157417893544736,0.001957106455265,CONSISTENT,51.2±1.7 kg,55.833,湖南湘乡市,菜籽饼论文 表2-3,MISSING_IN_TARGET__IMPUTED_906_TRAINING_MEDIAN,REPORTED_INITIAL_BW__NOT_DMI_BACKCALCULATION,RETROSPECTIVE_PRE_FN_UN_LAB_INFORMATION,TARGET_DM_CP_N_HARMONIZED_AND_CHEMISTRY_CROSSCHECKED,1.4210854715202004e-14,14.322860691750655,30.75938192376151,13.166200660275962,30.046776991666675,13.566289004633006,30.379653547918885,11.407664934794107,34.1250851949056,45.082242615512165,40.61246588448771,43.21297765194264,42.48173084805724,45.53275012969971,40.16195837030017,43.94594255255189,41.748765947447986
REALV6R_0054,Rapeseed cake::RealV6_菜籽饼_sample9,Rapeseed cake,菜籽饼,9,6,growing,51.20000000000001,2.12214333333333,92.21773854999986,92.21773854999986,13.01842586833395,20.47937666666669,58.71993601499923,33.49780253500064,43.455,0.0414481119791666,1.8011277060546844,27.159375,4.043035107587769,29.796149490373725,9.048697621744054,6.693091732729332,,88.3,23.98,27.157417893544736,0.001957106455265,CONSISTENT,51.2±1.7 kg,60.083,湖南湘乡市,菜籽饼论文 表2-3,MISSING_IN_TARGET__IMPUTED_906_TRAINING_MEDIAN,REPORTED_INITIAL_BW__NOT_DMI_BACKCALCULATION,RETROSPECTIVE_PRE_FN_UN_LAB_INFORMATION,TARGET_DM_CP_N_HARMONIZED_AND_CHEMISTRY_CROSSCHECKED,0.0,15.535252858008391,33.60514178632469,13.36899946971166,38.73238550500002,14.118305841503965,36.33731475082892,12.454649607340494,37.250614166259766,49.14039464433308,43.07734390566679,52.10138497471168,40.11635357528819,49.70526377360026,42.51247477639961,50.45562059233288,41.76211795766699
REALV6R_0055,Rapeseed cake::RealV6_菜籽饼_sample10,Rapeseed cake,菜籽饼,10,1,growing,51.20000000000001,1.9509061000000032,86.76654879750015,86.76654879750015,15.26611961674233,15.70929733333335,55.79113184742447,30.97541695007568,44.475,0.038103634765625,1.6946591562011746,27.796875,4.247147859482661,23.235061561052756,9.081667231446966,6.720885575511127,,88.53,24.61,27.79848638879476,-0.0016113887947604,CONSISTENT,51.2±1.7 kg,55.092,湖北汉川市,菜籽饼论文 表2-3,MISSING_IN_TARGET__IMPUTED_906_TRAINING_MEDIAN,REPORTED_INITIAL_BW__NOT_DMI_BACKCALCULATION,RETROSPECTIVE_PRE_FN_UN_LAB_INFORMATION,TARGET_DM_CP_N_HARMONIZED_AND_CHEMISTRY_CROSSCHECKED,0.0,13.53680732262172,31.96644853886834,13.214885429124,30.28537865833334,13.326238111742052,31.070650731888588,11.88098176320394,33.319864908854164,45.50325586149006,41.26329293601009,43.50026408745734,43.26628471004281,45.200846672058105,41.565702125442044,44.39688884363064,42.36965995386951
REALV6R_0056,Rapeseed cake::RealV6_菜籽饼_sample10,Rapeseed cake,菜籽饼,10,2,growing,51.20000000000001,1.8609006,82.763554185,82.763554185,12.00442234149402,22.5643,48.19483184350598,34.56872234149402,44.475,0.0363457148437499,1.616475667675781,27.796875,4.247147859482661,23.235061561052756,9.081667231446966,6.720885575511127,,88.53,24.61,27.79848638879476,-0.0016113887947604,CONSISTENT,51.2±1.7 kg,52.55,湖北汉川市,菜籽饼论文 表2-3,MISSING_IN_TARGET__IMPUTED_906_TRAINING_MEDIAN,REPORTED_INITIAL_BW__NOT_DMI_BACKCALCULATION,RETROSPECTIVE_PRE_FN_UN_LAB_INFORMATION,TARGET_DM_CP_N_HARMONIZED_AND_CHEMISTRY_CROSSCHECKED,0.0,12.787372330978696,30.19647239918489,13.375239057826668,30.22805365833335,13.171896140247563,30.2133012193395,11.226222356160482,31.550485610961914,42.98384473016359,39.779709454836414,43.60329271616002,39.160261468839984,42.7767079671224,39.986846217877606,43.38519735958706,39.37835682541294
REALV6R_0057,Rapeseed cake::RealV6_菜籽饼_sample10,Rapeseed cake,菜籽饼,10,3,growing,51.20000000000001,1.9503159,86.7402996525,86.7402996525,13.21698979953379,16.15076308333335,57.37254676963286,29.367752882867137,44.475,0.0380921074218749,1.6941464775878905,27.796875,4.247147859482661,23.235061561052756,9.081667231446966,6.720885575511127,,88.53,24.61,27.79848638879476,-0.0016113887947604,CONSISTENT,51.2±1.7 kg,55.075,湖北汉川市,菜籽饼论文 表2-3,MISSING_IN_TARGET__IMPUTED_906_TRAINING_MEDIAN,REPORTED_INITIAL_BW__NOT_DMI_BACKCALCULATION,RETROSPECTIVE_PRE_FN_UN_LAB_INFORMATION,TARGET_DM_CP_N_HARMONIZED_AND_CHEMISTRY_CROSSCHECKED,0.0,13.531892994807642,31.95484213795233,13.214885429124,30.28537865833334,13.324538247282955,31.065229075942355,11.876719156901041,33.308213551839195,45.486735132759975,41.253564519740024,43.50026408745734,43.24003556504266,45.184932708740234,41.555366943759765,44.389767323225314,42.350532329274685
REALV6R_0058,Rapeseed cake::RealV6_菜籽饼_sample10,Rapeseed cake,菜籽饼,10,4,growing,51.20000000000001,1.9512012,86.77967337,86.77967337,15.29759310197181,22.3041,49.17798026802819,37.60169310197181,44.475,0.0381093984375,1.694915495507812,27.796875,4.247147859482661,23.235061561052756,9.081667231446966,6.720885575511127,,88.53,24.61,27.79848638879476,-0.0016113887947604,CONSISTENT,51.2±1.7 kg,55.1,湖北汉川市,菜籽饼论文 表2-3,MISSING_IN_TARGET__IMPUTED_906_TRAINING_MEDIAN,REPORTED_INITIAL_BW__NOT_DMI_BACKCALCULATION,RETROSPECTIVE_PRE_FN_UN_LAB_INFORMATION,TARGET_DM_CP_N_HARMONIZED_AND_CHEMISTRY_CROSSCHECKED,-7.105427357601002e-15,13.539264486528712,31.972251739326232,13.214885429124,30.28537865833334,13.327088043971584,31.073361559861645,11.883111953735352,33.325696309407554,45.51151622585495,41.26815714414505,43.50026408745734,43.27940928254266,45.208808263142906,41.57086510685709,44.40044960383323,42.37922376616677
REALV6R_0059,Rapeseed cake::RealV6_菜籽饼_sample10,Rapeseed cake,菜籽饼,10,5,growing,51.20000000000001,2.1276709999999968,94.62816772499986,94.62816772499986,14.80152497797843,19.99512966666668,59.831513080354746,34.79665464464511,44.475,0.0415560742187499,1.848206400878903,27.796875,4.247147859482661,23.235061561052756,9.081667231446966,6.720885575511127,,88.53,24.61,27.79848638879476,-0.0016113887947604,CONSISTENT,51.2±1.7 kg,60.083,湖北汉川市,菜籽饼论文 表2-3,MISSING_IN_TARGET__IMPUTED_906_TRAINING_MEDIAN,REPORTED_INITIAL_BW__NOT_DMI_BACKCALCULATION,RETROSPECTIVE_PRE_FN_UN_LAB_INFORMATION,TARGET_DM_CP_N_HARMONIZED_AND_CHEMISTRY_CROSSCHECKED,-7.105427357601002e-15,15.00864850293037,35.44256561319724,13.37993575862039,38.69980217166668,13.943306989208688,37.17826107694715,13.142788251241049,36.839056650797524,50.45121411612761,44.176953608872246,52.079737930287074,42.54842979471278,49.981844902038574,44.64632282296128,51.12156806615584,43.50659965884402
REALV6R_0060,Rapeseed cake::RealV6_菜籽饼_sample10,Rapeseed cake,菜籽饼,10,6,growing,51.20000000000001,2.127080800000003,94.60191858000012,94.60191858000012,14.76690266945998,17.60042991666666,62.234585993873495,32.36733258612664,44.475,0.041544546875,1.8476937222656271,27.796875,4.247147859482661,23.235061561052756,9.081667231446966,6.720885575511127,,88.53,24.61,27.79848638879476,-0.0016113887947604,CONSISTENT,51.2±1.7 kg,60.067,湖北汉川市,菜籽饼论文 表2-3,MISSING_IN_TARGET__IMPUTED_906_TRAINING_MEDIAN,REPORTED_INITIAL_BW__NOT_DMI_BACKCALCULATION,RETROSPECTIVE_PRE_FN_UN_LAB_INFORMATION,TARGET_DM_CP_N_HARMONIZED_AND_CHEMISTRY_CROSSCHECKED,0.0,15.003734175116366,35.4309592122814,13.37993575862039,38.69980217166668,13.941607124749616,37.17283942100101,13.138683636983236,36.827257792154946,50.434693387397765,44.16722519260235,52.079737930287074,42.52218064971304,49.965941429138184,44.63597715086193,51.114446545750624,43.48747203424949
REALV6R_0241,Sorghum::RealV6_高粱_sample1,Sorghum,高粱,1,1,finishing,70.0,1.7508,41.5346724055476,41.5346724055476,7.270159534727799,9.918241666666656,24.34627120415314,17.188401201394456,23.723253601523645,0.0250114285714285,0.5933524629363942,14.827033500952275,1.7820424948594926,23.783413296778612,4.30660269591044,5.414667580534613,,87.54,12.98,14.82750742517706,-0.0004739242247833,CONSISTENT,70.0±1.8 kg,50.0,"East Panjin, Liaoning",Sorghum paper Table 2,MISSING_IN_TARGET__IMPUTED_906_TRAINING_MEDIAN,REPORTED_INITIAL_BW__NOT_DMI_BACKCALCULATION,RETROSPECTIVE_PRE_FN_UN_LAB_INFORMATION,TARGET_DM_CP_N_HARMONIZED_AND_CHEMISTRY_CROSSCHECKED,3.552713678800501e-15,8.112129823768784,14.802968821176956,6.123038386626472,13.901227780012835,6.811064494735708,14.322454800616796,6.678341070810954,15.675727844238281,22.91509864494574,18.619573760601863,20.024266166639308,21.510406238908296,22.354068915049236,19.180603490498367,21.133519295352507,20.401153110195096
REALV6R_0242,Sorghum::RealV6_高粱_sample1,Sorghum,高粱,1,2,finishing,70.0,1.7508,41.5346724055476,41.5346724055476,7.251135130387699,9.229754999999988,25.05378227515991,16.480890130387685,23.723253601523645,0.0250114285714285,0.5933524629363942,14.827033500952275,1.7820424948594926,23.783413296778612,4.30660269591044,5.414667580534613,,87.54,12.98,14.82750742517706,-0.0004739242247833,CONSISTENT,70.0±1.8 kg,50.0,"East Panjin, Liaoning",Sorghum paper Table 2,MISSING_IN_TARGET__IMPUTED_906_TRAINING_MEDIAN,REPORTED_INITIAL_BW__NOT_DMI_BACKCALCULATION,RETROSPECTIVE_PRE_FN_UN_LAB_INFORMATION,TARGET_DM_CP_N_HARMONIZED_AND_CHEMISTRY_CROSSCHECKED,-3.552713678800501e-15,8.112129823768784,14.802968821176956,6.123038386626472,13.901227780012835,6.811064494735708,14.322454800616796,6.678341070810954,15.675727844238281,22.91509864494574,18.619573760601863,20.024266166639308,21.510406238908296,22.354068915049236,19.180603490498367,21.133519295352507,20.401153110195096
REALV6R_0243,Sorghum::RealV6_高粱_sample1,Sorghum,高粱,1,3,finishing,70.0,1.7508,41.5346724055476,41.5346724055476,6.409718827569582,8.409779999999989,26.715173577978025,14.819498827569571,23.723253601523645,0.0250114285714285,0.5933524629363942,14.827033500952275,1.7820424948594926,23.783413296778612,4.30660269591044,5.414667580534613,,87.54,12.98,14.82750742517706,-0.0004739242247833,CONSISTENT,70.0±1.8 kg,50.0,"East Panjin, Liaoning",Sorghum paper Table 2,MISSING_IN_TARGET__IMPUTED_906_TRAINING_MEDIAN,REPORTED_INITIAL_BW__NOT_DMI_BACKCALCULATION,RETROSPECTIVE_PRE_FN_UN_LAB_INFORMATION,TARGET_DM_CP_N_HARMONIZED_AND_CHEMISTRY_CROSSCHECKED,-3.552713678800501e-15,8.112129823768784,14.802968821176956,6.123038386626472,13.901227780012835,6.811064494735708,14.322454800616796,6.678341070810954,15.675727844238281,22.91509864494574,18.619573760601863,20.024266166639308,21.510406238908296,22.354068915049236,19.180603490498367,21.133519295352507,20.401153110195096
REALV6R_0244,Sorghum::RealV6_高粱_sample1,Sorghum,高粱,1,4,finishing,70.0,1.7508,41.5346724055476,41.5346724055476,7.112574337327518,8.646259999999995,25.77583806822008,15.758834337327514,23.723253601523645,0.0250114285714285,0.5933524629363942,14.827033500952275,1.7820424948594926,23.783413296778612,4.30660269591044,5.414667580534613,,87.54,12.98,14.82750742517706,-0.0004739242247833,CONSISTENT,70.0±1.8 kg,50.0,"East Panjin, Liaoning",Sorghum paper Table 2,MISSING_IN_TARGET__IMPUTED_906_TRAINING_MEDIAN,REPORTED_INITIAL_BW__NOT_DMI_BACKCALCULATION,RETROSPECTIVE_PRE_FN_UN_LAB_INFORMATION,TARGET_DM_CP_N_HARMONIZED_AND_CHEMISTRY_CROSSCHECKED,3.552713678800501e-15,8.112129823768784,14.802968821176956,6.123038386626472,13.901227780012835,6.811064494735708,14.322454800616796,6.678341070810954,15.675727844238281,22.91509864494574,18.619573760601863,20.024266166639308,21.510406238908296,22.354068915049236,19.180603490498367,21.133519295352507,20.401153110195096
REALV6R_0245,Sorghum::RealV6_高粱_sample1,Sorghum,高粱,1,5,finishing,70.0,1.7508,41.5346724055476,41.5346724055476,6.831933410613313,10.06316,24.639578994934283,16.895093410613313,23.723253601523645,0.0250114285714285,0.5933524629363942,14.827033500952275,1.7820424948594926,23.783413296778612,4.30660269591044,5.414667580534613,,87.54,12.98,14.82750742517706,-0.0004739242247833,CONSISTENT,70.0±1.8 kg,50.0,"East Panjin, Liaoning",Sorghum paper Table 2,MISSING_IN_TARGET__IMPUTED_906_TRAINING_MEDIAN,REPORTED_INITIAL_BW__NOT_DMI_BACKCALCULATION,RETROSPECTIVE_PRE_FN_UN_LAB_INFORMATION,TARGET_DM_CP_N_HARMONIZED_AND_CHEMISTRY_CROSSCHECKED,-3.552713678800501e-15,8.112129823768784,14.802968821176956,6.123038386626472,13.901227780012835,6.811064494735708,14.322454800616796,6.678341070810954,15.675727844238281,22.91509864494574,18.619573760601863,20.024266166639308,21.510406238908296,22.354068915049236,19.180603490498367,21.133519295352507,20.401153110195096
REALV6R_0246,Sorghum::RealV6_高粱_sample1,Sorghum,高粱,1,6,finishing,70.0,1.7508,41.5346724055476,41.5346724055476,5.921041841011747,8.890859999999998,26.72277056453585,14.811901841011746,23.723253601523645,0.0250114285714285,0.5933524629363942,14.827033500952275,1.7820424948594926,23.783413296778612,4.30660269591044,5.414667580534613,,87.54,12.98,14.82750742517706,-0.0004739242247833,CONSISTENT,70.0±1.8 kg,50.0,"East Panjin, Liaoning",Sorghum paper Table 2,MISSING_IN_TARGET__IMPUTED_906_TRAINING_MEDIAN,REPORTED_INITIAL_BW__NOT_DMI_BACKCALCULATION,RETROSPECTIVE_PRE_FN_UN_LAB_INFORMATION,TARGET_DM_CP_N_HARMONIZED_AND_CHEMISTRY_CROSSCHECKED,0.0,8.112129823768784,14.802968821176956,6.123038386626472,13.901227780012835,6.811064494735708,14.322454800616796,6.678341070810954,15.675727844238281,22.91509864494574,18.619573760601863,20.024266166639308,21.510406238908296,22.354068915049236,19.180603490498367,21.133519295352507,20.401153110195096
REALV6R_0247,Sorghum::RealV6_高粱_sample2,Sorghum,高粱,2,1,finishing,70.0,1.7386,44.20160528800759,44.20160528800759,5.514513087894736,6.476400000000001,32.210692200112845,11.990913087894736,25.423677262169324,0.0248371428571428,0.6314515041143941,15.88979828885583,0.3451052571034165,28.321638099620383,6.5339928678246855,6.050845507879902,,86.93,13.81,15.886345335327274,0.0034529535285567,CONSISTENT,70.0±1.8 kg,50.0,"West Chaoyang, Liaoning",Sorghum paper Table 2,MISSING_IN_TARGET__IMPUTED_906_TRAINING_MEDIAN,REPORTED_INITIAL_BW__NOT_DMI_BACKCALCULATION,RETROSPECTIVE_PRE_FN_UN_LAB_INFORMATION,TARGET_DM_CP_N_HARMONIZED_AND_CHEMISTRY_CROSSCHECKED,7.105427357601002e-15,8.849491208441286,15.701323377525163,6.848268950837369,17.156020350934927,7.540491105963108,16.476493032094098,6.696971257527669,17.315165837605793,24.55081458596645,19.650790702041142,24.004289301772296,20.197315986235296,24.01213709513346,20.18946819287413,24.016984138057204,20.184621149950388
REALV6R_0248,Sorghum::RealV6_高粱_sample2,Sorghum,高粱,2,2,finishing,70.0,1.7386,44.20160528800759,44.20160528800759,6.200739247887274,5.777519999999999,32.22334604012031,11.978259247887271,25.423677262169324,0.0248371428571428,0.6314515041143941,15.88979828885583,0.3451052571034165,28.321638099620383,6.5339928678246855,6.050845507879902,,86.93,13.81,15.886345335327274,0.0034529535285567,CONSISTENT,70.0±1.8 kg,50.0,"West Chaoyang, Liaoning",Sorghum paper Table 2,MISSING_IN_TARGET__IMPUTED_906_TRAINING_MEDIAN,REPORTED_INITIAL_BW__NOT_DMI_BACKCALCULATION,RETROSPECTIVE_PRE_FN_UN_LAB_INFORMATION,TARGET_DM_CP_N_HARMONIZED_AND_CHEMISTRY_CROSSCHECKED,7.105427357601002e-15,8.849491208441286,15.701323377525163,6.848268950837369,17.156020350934927,7.540491105963108,16.476493032094098,6.696971257527669,17.315165837605793,24.55081458596645,19.650790702041142,24.004289301772296,20.197315986235296,24.01213709513346,20.18946819287413,24.016984138057204,20.184621149950388
REALV6R_0249,Sorghum::RealV6_高粱_sample2,Sorghum,高粱,2,3,finishing,70.0,1.7386,44.20160528800759,44.20160528800759,7.802391007633575,7.034933333333337,29.364280947040672,14.837324340966912,25.423677262169324,0.0248371428571428,0.6314515041143941,15.88979828885583,0.3451052571034165,28.321638099620383,6.5339928678246855,6.050845507879902,,86.93,13.81,15.886345335327274,0.0034529535285567,CONSISTENT,70.0±1.8 kg,50.0,"West Chaoyang, Liaoning",Sorghum paper Table 2,MISSING_IN_TARGET__IMPUTED_906_TRAINING_MEDIAN,REPORTED_INITIAL_BW__NOT_DMI_BACKCALCULATION,RETROSPECTIVE_PRE_FN_UN_LAB_INFORMATION,TARGET_DM_CP_N_HARMONIZED_AND_CHEMISTRY_CROSSCHECKED,3.552713678800501e-15,8.849491208441286,15.701323377525163,6.848268950837369,17.156020350934927,7.540491105963108,16.476493032094098,6.696971257527669,17.315165837605793,24.55081458596645,19.650790702041142,24.004289301772296,20.197315986235296,24.01213709513346,20.18946819287413,24.016984138057204,20.184621149950388
REALV6R_0250,Sorghum::RealV6_高粱_sample2,Sorghum,高粱,2,4,finishing,70.0,1.7386,44.20160528800759,44.20160528800759,8.235975840029154,6.306093333333329,29.659536114645103,14.54206917336248,25.423677262169324,0.0248371428571428,0.6314515041143941,15.88979828885583,0.3451052571034165,28.321638099620383,6.5339928678246855,6.050845507879902,,86.93,13.81,15.886345335327274,0.0034529535285567,CONSISTENT,70.0±1.8 kg,50.0,"West Chaoyang, Liaoning",Sorghum paper Table 2,MISSING_IN_TARGET__IMPUTED_906_TRAINING_MEDIAN,REPORTED_INITIAL_BW__NOT_DMI_BACKCALCULATION,RETROSPECTIVE_PRE_FN_UN_LAB_INFORMATION,TARGET_DM_CP_N_HARMONIZED_AND_CHEMISTRY_CROSSCHECKED,-3.552713678800501e-15,8.849491208441286,15.701323377525163,6.848268950837369,17.156020350934927,7.540491105963108,16.476493032094098,6.696971257527669,17.315165837605793,24.55081458596645,19.650790702041142,24.004289301772296,20.197315986235296,24.01213709513346,20.18946819287413,24.016984138057204,20.184621149950388
REALV6R_0251,Sorghum::RealV6_高粱_sample2,Sorghum,高粱,2,5,finishing,70.0,1.7386,44.20160528800759,44.20160528800759,4.436593953296271,6.385993333333323,33.37901800137799,10.822587286629592,25.423677262169324,0.0248371428571428,0.6314515041143941,15.88979828885583,0.3451052571034165,28.321638099620383,6.5339928678246855,6.050845507879902,,86.93,13.81,15.886345335327274,0.0034529535285567,CONSISTENT,70.0±1.8 kg,50.0,"West Chaoyang, Liaoning",Sorghum paper Table 2,MISSING_IN_TARGET__IMPUTED_906_TRAINING_MEDIAN,REPORTED_INITIAL_BW__NOT_DMI_BACKCALCULATION,RETROSPECTIVE_PRE_FN_UN_LAB_INFORMATION,TARGET_DM_CP_N_HARMONIZED_AND_CHEMISTRY_CROSSCHECKED,0.0,8.849491208441286,15.701323377525163,6.848268950837369,17.156020350934927,7.540491105963108,16.476493032094098,6.696971257527669,17.315165837605793,24.55081458596645,19.650790702041142,24.004289301772296,20.197315986235296,24.01213709513346,20.18946819287413,24.016984138057204,20.184621149950388
REALV6R_0252,Sorghum::RealV6_高粱_sample2,Sorghum,高粱,2,6,finishing,70.0,1.7386,44.20160528800759,44.20160528800759,4.772123994087305,6.834666666666659,32.59481462725362,11.606790660753964,25.423677262169324,0.0248371428571428,0.6314515041143941,15.88979828885583,0.3451052571034165,28.321638099620383,6.5339928678246855,6.050845507879902,,86.93,13.81,15.886345335327274,0.0034529535285567,CONSISTENT,70.0±1.8 kg,50.0,"West Chaoyang, Liaoning",Sorghum paper Table 2,MISSING_IN_TARGET__IMPUTED_906_TRAINING_MEDIAN,REPORTED_INITIAL_BW__NOT_DMI_BACKCALCULATION,RETROSPECTIVE_PRE_FN_UN_LAB_INFORMATION,TARGET_DM_CP_N_HARMONIZED_AND_CHEMISTRY_CROSSCHECKED,7.105427357601002e-15,8.849491208441286,15.701323377525163,6.848268950837369,17.156020350934927,7.540491105963108,16.476493032094098,6.696971257527669,17.315165837605793,24.55081458596645,19.650790702041142,24.004289301772296,20.197315986235296,24.01213709513346,20.18946819287413,24.016984138057204,20.184621149950388
REALV6R_0253,Sorghum::RealV6_高粱_sample3,Sorghum,高粱,3,1,finishing,70.0,1.737,38.5515414258188,38.5515414258188,6.456988808272364,2.992879999999996,29.101672617546445,9.44986880827236,22.194324367195627,0.0248142857142857,0.5507363060831257,13.871452729497266,0.379965457685665,20.771445020149685,7.66839378238342,6.021876799078872,,86.85,12.05,13.874496257915949,-0.0030435284186829,CONSISTENT,70.0±1.8 kg,50.0,"Tsitsihar, Heilongjiang",Sorghum paper Table 2,MISSING_IN_TARGET__IMPUTED_906_TRAINING_MEDIAN,REPORTED_INITIAL_BW__NOT_DMI_BACKCALCULATION,RETROSPECTIVE_PRE_FN_UN_LAB_INFORMATION,TARGET_DM_CP_N_HARMONIZED_AND_CHEMISTRY_CROSSCHECKED,0.0,7.391657161722179,14.341000636388204,6.551992760706445,15.530504693457909,6.842432415295032,14.974855979378138,6.334793408711751,14.400671323140463,21.73265779811038,16.818883627708416,22.082497454164354,16.469043971654443,20.735464731852215,17.816076693966583,21.81728839467317,16.734253031145627
REALV6R_0254,Sorghum::RealV6_高粱_sample3,Sorghum,高粱,3,2,finishing,70.0,1.737,38.5515414258188,38.5515414258188,7.846043070197372,4.332120000000004,26.373378355621423,12.178163070197376,22.194324367195627,0.0248142857142857,0.5507363060831257,13.871452729497266,0.379965457685665,20.771445020149685,7.66839378238342,6.021876799078872,,86.85,12.05,13.874496257915949,-0.0030435284186829,CONSISTENT,70.0±1.8 kg,50.0,"Tsitsihar, Heilongjiang",Sorghum paper Table 2,MISSING_IN_TARGET__IMPUTED_906_TRAINING_MEDIAN,REPORTED_INITIAL_BW__NOT_DMI_BACKCALCULATION,RETROSPECTIVE_PRE_FN_UN_LAB_INFORMATION,TARGET_DM_CP_N_HARMONIZED_AND_CHEMISTRY_CROSSCHECKED,3.552713678800501e-15,7.391657161722179,14.341000636388204,6.551992760706445,15.530504693457909,6.842432415295032,14.974855979378138,6.334793408711751,14.400671323140463,21.73265779811038,16.818883627708416,22.082497454164354,16.469043971654443,20.735464731852215,17.816076693966583,21.81728839467317,16.734253031145627
REALV6R_0255,Sorghum::RealV6_高粱_sample3,Sorghum,高粱,3,3,finishing,70.0,1.737,38.5515414258188,38.5515414258188,6.40199196833102,5.595899999999995,26.55364945748779,11.997891968331016,22.194324367195627,0.0248142857142857,0.5507363060831257,13.871452729497266,0.379965457685665,20.771445020149685,7.66839378238342,6.021876799078872,,86.85,12.05,13.874496257915949,-0.0030435284186829,CONSISTENT,70.0±1.8 kg,50.0,"Tsitsihar, Heilongjiang",Sorghum paper Table 2,MISSING_IN_TARGET__IMPUTED_906_TRAINING_MEDIAN,REPORTED_INITIAL_BW__NOT_DMI_BACKCALCULATION,RETROSPECTIVE_PRE_FN_UN_LAB_INFORMATION,TARGET_DM_CP_N_HARMONIZED_AND_CHEMISTRY_CROSSCHECKED,3.552713678800501e-15,7.391657161722179,14.341000636388204,6.551992760706445,15.530504693457909,6.842432415295032,14.974855979378138,6.334793408711751,14.400671323140463,21.73265779811038,16.818883627708416,22.082497454164354,16.469043971654443,20.735464731852215,17.816076693966583,21.81728839467317,16.734253031145627
REALV6R_0256,Sorghum::RealV6_高粱_sample3,Sorghum,高粱,3,4,finishing,70.0,1.737,38.5515414258188,38.5515414258188,4.536200331517554,3.583280000000002,30.432061094301247,8.119480331517556,22.194324367195627,0.0248142857142857,0.5507363060831257,13.871452729497266,0.379965457685665,20.771445020149685,7.66839378238342,6.021876799078872,,86.85,12.05,13.874496257915949,-0.0030435284186829,CONSISTENT,70.0±1.8 kg,50.0,"Tsitsihar, Heilongjiang",Sorghum paper Table 2,MISSING_IN_TARGET__IMPUTED_906_TRAINING_MEDIAN,REPORTED_INITIAL_BW__NOT_DMI_BACKCALCULATION,RETROSPECTIVE_PRE_FN_UN_LAB_INFORMATION,TARGET_DM_CP_N_HARMONIZED_AND_CHEMISTRY_CROSSCHECKED,0.0,7.391657161722179,14.341000636388204,6.551992760706445,15.530504693457909,6.842432415295032,14.974855979378138,6.334793408711751,14.400671323140463,21.73265779811038,16.818883627708416,22.082497454164354,16.469043971654443,20.735464731852215,17.816076693966583,21.81728839467317,16.734253031145627
REALV6R_0257,Sorghum::RealV6_高粱_sample3,Sorghum,高粱,3,5,finishing,70.0,1.737,38.5515414258188,38.5515414258188,6.437024940536873,4.590391666666658,27.524124818615277,11.02741660720353,22.194324367195627,0.0248142857142857,0.5507363060831257,13.871452729497266,0.379965457685665,20.771445020149685,7.66839378238342,6.021876799078872,,86.85,12.05,13.874496257915949,-0.0030435284186829,CONSISTENT,70.0±1.8 kg,50.0,"Tsitsihar, Heilongjiang",Sorghum paper Table 2,MISSING_IN_TARGET__IMPUTED_906_TRAINING_MEDIAN,REPORTED_INITIAL_BW__NOT_DMI_BACKCALCULATION,RETROSPECTIVE_PRE_FN_UN_LAB_INFORMATION,TARGET_DM_CP_N_HARMONIZED_AND_CHEMISTRY_CROSSCHECKED,0.0,7.391657161722179,14.341000636388204,6.551992760706445,15.530504693457909,6.842432415295032,14.974855979378138,6.334793408711751,14.400671323140463,21.73265779811038,16.818883627708416,22.082497454164354,16.469043971654443,20.735464731852215,17.816076693966583,21.81728839467317,16.734253031145627
REALV6R_0258,Sorghum::RealV6_高粱_sample3,Sorghum,高粱,3,6,finishing,70.0,1.737,38.5515414258188,38.5515414258188,7.705922284317147,3.13093,27.71468914150166,10.836852284317146,22.194324367195627,0.0248142857142857,0.5507363060831257,13.871452729497266,0.379965457685665,20.771445020149685,7.66839378238342,6.021876799078872,,86.85,12.05,13.874496257915949,-0.0030435284186829,CONSISTENT,70.0±1.8 kg,50.0,"Tsitsihar, Heilongjiang",Sorghum paper Table 2,MISSING_IN_TARGET__IMPUTED_906_TRAINING_MEDIAN,REPORTED_INITIAL_BW__NOT_DMI_BACKCALCULATION,RETROSPECTIVE_PRE_FN_UN_LAB_INFORMATION,TARGET_DM_CP_N_HARMONIZED_AND_CHEMISTRY_CROSSCHECKED,0.0,7.391657161722179,14.341000636388204,6.551992760706445,15.530504693457909,6.842432415295032,14.974855979378138,6.334793408711751,14.400671323140463,21.73265779811038,16.818883627708416,22.082497454164354,16.469043971654443,20.735464731852215,17.816076693966583,21.81728839467317,16.734253031145627
REALV6R_0259,Sorghum::RealV6_高粱_sample4,Sorghum,高粱,4,1,finishing,70.0,1.7515999999999998,38.70793950850659,38.70793950850659,8.593147470936863,4.92275,25.192042037569728,13.515897470936864,22.098618125431944,0.0250228571428571,0.552970564407237,13.811636328394966,2.1237725508106875,22.333866179493032,7.387531399862982,5.834665448732587,,87.58,12.1,13.815939712263074,-0.0043033838681072,CONSISTENT,70.0±1.8 kg,50.0,"Changsha, Hunan",Sorghum paper Table 2,MISSING_IN_TARGET__IMPUTED_906_TRAINING_MEDIAN,REPORTED_INITIAL_BW__NOT_DMI_BACKCALCULATION,RETROSPECTIVE_PRE_FN_UN_LAB_INFORMATION,TARGET_DM_CP_N_HARMONIZED_AND_CHEMISTRY_CROSSCHECKED,0.0,7.707401007216358,13.916058967131068,6.567197858418562,13.261581276751157,6.961593772187265,13.567305065494978,6.593064308166504,13.776904741923014,21.623459974347426,17.084479534159165,19.828779135169718,18.879160373336873,20.369969050089516,18.337970458417075,20.52889883768224,18.17904067082435
REALV6R_0260,Sorghum::RealV6_高粱_sample4,Sorghum,高粱,4,2,finishing,70.0,1.7515999999999998,38.70793950850659,38.70793950850659,6.537325866336617,3.118281666666665,29.052331975503307,9.655607533003282,22.098618125431944,0.0250228571428571,0.552970564407237,13.811636328394966,2.1237725508106875,22.333866179493032,7.387531399862982,5.834665448732587,,87.58,12.1,13.815939712263074,-0.0043033838681072,CONSISTENT,70.0±1.8 kg,50.0,"Changsha, Hunan",Sorghum paper Table 2,MISSING_IN_TARGET__IMPUTED_906_TRAINING_MEDIAN,REPORTED_INITIAL_BW__NOT_DMI_BACKCALCULATION,RETROSPECTIVE_PRE_FN_UN_LAB_INFORMATION,TARGET_DM_CP_N_HARMONIZED_AND_CHEMISTRY_CROSSCHECKED,3.552713678800501e-15,7.707401007216358,13.916058967131068,6.567197858418562,13.261581276751157,6.961593772187265,13.567305065494978,6.593064308166504,13.776904741923014,21.623459974347426,17.084479534159165,19.828779135169718,18.879160373336873,20.369969050089516,18.337970458417075,20.52889883768224,18.17904067082435
REALV6R_0261,Sorghum::RealV6_高粱_sample4,Sorghum,高粱,4,3,finishing,70.0,1.7515999999999998,38.70793950850659,38.70793950850659,4.928446661408319,1.562715,32.21677784709827,6.491161661408319,22.098618125431944,0.0250228571428571,0.552970564407237,13.811636328394966,2.1237725508106875,22.333866179493032,7.387531399862982,5.834665448732587,,87.58,12.1,13.815939712263074,-0.0043033838681072,CONSISTENT,70.0±1.8 kg,50.0,"Changsha, Hunan",Sorghum paper Table 2,MISSING_IN_TARGET__IMPUTED_906_TRAINING_MEDIAN,REPORTED_INITIAL_BW__NOT_DMI_BACKCALCULATION,RETROSPECTIVE_PRE_FN_UN_LAB_INFORMATION,TARGET_DM_CP_N_HARMONIZED_AND_CHEMISTRY_CROSSCHECKED,0.0,7.707401007216358,13.916058967131068,6.567197858418562,13.261581276751157,6.961593772187265,13.567305065494978,6.593064308166504,13.776904741923014,21.623459974347426,17.084479534159165,19.828779135169718,18.879160373336873,20.369969050089516,18.337970458417075,20.52889883768224,18.17904067082435
REALV6R_0262,Sorghum::RealV6_高粱_sample4,Sorghum,高粱,4,4,finishing,70.0,1.7515999999999998,38.70793950850659,38.70793950850659,5.350435283752826,4.088243333333335,29.26926089142043,9.43867861708616,22.098618125431944,0.0250228571428571,0.552970564407237,13.811636328394966,2.1237725508106875,22.333866179493032,7.387531399862982,5.834665448732587,,87.58,12.1,13.815939712263074,-0.0043033838681072,CONSISTENT,70.0±1.8 kg,50.0,"Changsha, Hunan",Sorghum paper Table 2,MISSING_IN_TARGET__IMPUTED_906_TRAINING_MEDIAN,REPORTED_INITIAL_BW__NOT_DMI_BACKCALCULATION,RETROSPECTIVE_PRE_FN_UN_LAB_INFORMATION,TARGET_DM_CP_N_HARMONIZED_AND_CHEMISTRY_CROSSCHECKED,3.552713678800501e-15,7.707401007216358,13.916058967131068,6.567197858418562,13.261581276751157,6.961593772187265,13.567305065494978,6.593064308166504,13.776904741923014,21.623459974347426,17.084479534159165,19.828779135169718,18.879160373336873,20.369969050089516,18.337970458417075,20.52889883768224,18.17904067082435
REALV6R_0263,Sorghum::RealV6_高粱_sample4,Sorghum,高粱,4,5,finishing,70.0,1.7515999999999998,38.70793950850659,38.70793950850659,9.598443718137286,2.965560000000003,26.1439357903693,12.56400371813729,22.098618125431944,0.0250228571428571,0.552970564407237,13.811636328394966,2.1237725508106875,22.333866179493032,7.387531399862982,5.834665448732587,,87.58,12.1,13.815939712263074,-0.0043033838681072,CONSISTENT,70.0±1.8 kg,50.0,"Changsha, Hunan",Sorghum paper Table 2,MISSING_IN_TARGET__IMPUTED_906_TRAINING_MEDIAN,REPORTED_INITIAL_BW__NOT_DMI_BACKCALCULATION,RETROSPECTIVE_PRE_FN_UN_LAB_INFORMATION,TARGET_DM_CP_N_HARMONIZED_AND_CHEMISTRY_CROSSCHECKED,0.0,7.707401007216358,13.916058967131068,6.567197858418562,13.261581276751157,6.961593772187265,13.567305065494978,6.593064308166504,13.776904741923014,21.623459974347426,17.084479534159165,19.828779135169718,18.879160373336873,20.369969050089516,18.337970458417075,20.52889883768224,18.17904067082435
REALV6R_0264,Sorghum::RealV6_高粱_sample4,Sorghum,高粱,4,6,finishing,70.0,1.7515999999999998,38.70793950850659,38.70793950850659,4.966474240257549,2.709823333333336,31.031641934915704,7.676297573590885,22.098618125431944,0.0250228571428571,0.552970564407237,13.811636328394966,2.1237725508106875,22.333866179493032,7.387531399862982,5.834665448732587,,87.58,12.1,13.815939712263074,-0.0043033838681072,CONSISTENT,70.0±1.8 kg,50.0,"Changsha, Hunan",Sorghum paper Table 2,MISSING_IN_TARGET__IMPUTED_906_TRAINING_MEDIAN,REPORTED_INITIAL_BW__NOT_DMI_BACKCALCULATION,RETROSPECTIVE_PRE_FN_UN_LAB_INFORMATION,TARGET_DM_CP_N_HARMONIZED_AND_CHEMISTRY_CROSSCHECKED,3.552713678800501e-15,7.707401007216358,13.916058967131068,6.567197858418562,13.261581276751157,6.961593772187265,13.567305065494978,6.593064308166504,13.776904741923014,21.623459974347426,17.084479534159165,19.828779135169718,18.879160373336873,20.369969050089516,18.337970458417075,20.52889883768224,18.17904067082435
REALV6R_0265,Sorghum::RealV6_高粱_sample5,Sorghum,高粱,5,1,finishing,70.0,1.7342,42.693176239568,42.693176239568,7.465296809334026,4.564583333333331,30.663296096900645,12.029880142667356,24.61836941504325,0.0247742857142857,0.6099025177081143,15.38648088440203,1.6376427171029868,23.215315419213468,5.224310921462346,5.98546880405951,,86.71,13.34,15.384615384615383,0.0018654997866445,CONSISTENT,70.0±1.8 kg,50.0,"Zunyi, Guizhou",Sorghum paper Table 2,MISSING_IN_TARGET__IMPUTED_906_TRAINING_MEDIAN,REPORTED_INITIAL_BW__NOT_DMI_BACKCALCULATION,RETROSPECTIVE_PRE_FN_UN_LAB_INFORMATION,TARGET_DM_CP_N_HARMONIZED_AND_CHEMISTRY_CROSSCHECKED,0.0,8.111230060329824,15.441719441247676,6.61424376416424,14.85319111987332,7.132050857398426,15.128108219169958,6.698327859242757,16.537275314331055,23.5529495015775,19.140226737990496,21.467434884037562,21.225741355530435,23.23560317357381,19.457573065994186,22.260159076568385,20.43301716299961
REALV6R_0266,Sorghum::RealV6_高粱_sample5,Sorghum,高粱,5,2,finishing,70.0,1.7342,42.693176239568,42.693176239568,6.782771350043454,4.53045833333333,31.37994655619122,11.313229683376784,24.61836941504325,0.0247742857142857,0.6099025177081143,15.38648088440203,1.6376427171029868,23.215315419213468,5.224310921462346,5.98546880405951,,86.71,13.34,15.384615384615383,0.0018654997866445,CONSISTENT,70.0±1.8 kg,50.0,"Zunyi, Guizhou",Sorghum paper Table 2,MISSING_IN_TARGET__IMPUTED_906_TRAINING_MEDIAN,REPORTED_INITIAL_BW__NOT_DMI_BACKCALCULATION,RETROSPECTIVE_PRE_FN_UN_LAB_INFORMATION,TARGET_DM_CP_N_HARMONIZED_AND_CHEMISTRY_CROSSCHECKED,0.0,8.111230060329824,15.441719441247676,6.61424376416424,14.85319111987332,7.132050857398426,15.128108219169958,6.698327859242757,16.537275314331055,23.5529495015775,19.140226737990496,21.467434884037562,21.225741355530435,23.23560317357381,19.457573065994186,22.260159076568385,20.43301716299961
REALV6R_0267,Sorghum::RealV6_高粱_sample5,Sorghum,高粱,5,3,finishing,70.0,1.7342,42.693176239568,42.693176239568,7.976310673563652,6.326583333333336,28.390282232671016,14.302894006896988,24.61836941504325,0.0247742857142857,0.6099025177081143,15.38648088440203,1.6376427171029868,23.215315419213468,5.224310921462346,5.98546880405951,,86.71,13.34,15.384615384615383,0.0018654997866445,CONSISTENT,70.0±1.8 kg,50.0,"Zunyi, Guizhou",Sorghum paper Table 2,MISSING_IN_TARGET__IMPUTED_906_TRAINING_MEDIAN,REPORTED_INITIAL_BW__NOT_DMI_BACKCALCULATION,RETROSPECTIVE_PRE_FN_UN_LAB_INFORMATION,TARGET_DM_CP_N_HARMONIZED_AND_CHEMISTRY_CROSSCHECKED,0.0,8.111230060329824,15.441719441247676,6.61424376416424,14.85319111987332,7.132050857398426,15.128108219169958,6.698327859242757,16.537275314331055,23.5529495015775,19.140226737990496,21.467434884037562,21.225741355530435,23.23560317357381,19.457573065994186,22.260159076568385,20.43301716299961
REALV6R_0268,Sorghum::RealV6_高粱_sample5,Sorghum,高粱,5,4,finishing,70.0,1.7342,42.693176239568,42.693176239568,7.174586970074809,8.23764,27.280949269493195,15.412226970074808,24.61836941504325,0.0247742857142857,0.6099025177081143,15.38648088440203,1.6376427171029868,23.215315419213468,5.224310921462346,5.98546880405951,,86.71,13.34,15.384615384615383,0.0018654997866445,CONSISTENT,70.0±1.8 kg,50.0,"Zunyi, Guizhou",Sorghum paper Table 2,MISSING_IN_TARGET__IMPUTED_906_TRAINING_MEDIAN,REPORTED_INITIAL_BW__NOT_DMI_BACKCALCULATION,RETROSPECTIVE_PRE_FN_UN_LAB_INFORMATION,TARGET_DM_CP_N_HARMONIZED_AND_CHEMISTRY_CROSSCHECKED,3.552713678800501e-15,8.111230060329824,15.441719441247676,6.61424376416424,14.85319111987332,7.132050857398426,15.128108219169958,6.698327859242757,16.537275314331055,23.5529495015775,19.140226737990496,21.467434884037562,21.225741355530435,23.23560317357381,19.457573065994186,22.260159076568385,20.43301716299961
REALV6R_0269,Sorghum::RealV6_高粱_sample5,Sorghum,高粱,5,5,finishing,70.0,1.7342,42.693176239568,42.693176239568,6.910219055985745,10.36665,25.41630718358226,17.276869055985745,24.61836941504325,0.0247742857142857,0.6099025177081143,15.38648088440203,1.6376427171029868,23.215315419213468,5.224310921462346,5.98546880405951,,86.71,13.34,15.384615384615383,0.0018654997866445,CONSISTENT,70.0±1.8 kg,50.0,"Zunyi, Guizhou",Sorghum paper Table 2,MISSING_IN_TARGET__IMPUTED_906_TRAINING_MEDIAN,REPORTED_INITIAL_BW__NOT_DMI_BACKCALCULATION,RETROSPECTIVE_PRE_FN_UN_LAB_INFORMATION,TARGET_DM_CP_N_HARMONIZED_AND_CHEMISTRY_CROSSCHECKED,3.552713678800501e-15,8.111230060329824,15.441719441247676,6.61424376416424,14.85319111987332,7.132050857398426,15.128108219169958,6.698327859242757,16.537275314331055,23.5529495015775,19.140226737990496,21.467434884037562,21.225741355530435,23.23560317357381,19.457573065994186,22.260159076568385,20.43301716299961
REALV6R_0270,Sorghum::RealV6_高粱_sample5,Sorghum,高粱,5,6,finishing,70.0,1.7342,42.693176239568,42.693176239568,7.282309513719102,5.621213333333326,29.78965339251557,12.903522847052429,24.61836941504325,0.0247742857142857,0.6099025177081143,15.38648088440203,1.6376427171029868,23.215315419213468,5.224310921462346,5.98546880405951,,86.71,13.34,15.384615384615383,0.0018654997866445,CONSISTENT,70.0±1.8 kg,50.0,"Zunyi, Guizhou",Sorghum paper Table 2,MISSING_IN_TARGET__IMPUTED_906_TRAINING_MEDIAN,REPORTED_INITIAL_BW__NOT_DMI_BACKCALCULATION,RETROSPECTIVE_PRE_FN_UN_LAB_INFORMATION,TARGET_DM_CP_N_HARMONIZED_AND_CHEMISTRY_CROSSCHECKED,3.552713678800501e-15,8.111230060329824,15.441719441247676,6.61424376416424,14.85319111987332,7.132050857398426,15.128108219169958,6.698327859242757,16.537275314331055,23.5529495015775,19.140226737990496,21.467434884037562,21.225741355530435,23.23560317357381,19.457573065994186,22.260159076568385,20.43301716299961
REALV6R_0271,Sorghum::RealV6_高粱_sample6,Sorghum,高粱,6,1,finishing,70.0,1.7328,36.12377850162859,36.12377850162859,4.96094323736521,2.141149999999999,29.021685264263382,7.102093237365208,20.847055921992496,0.0247542857142857,0.5160539785946942,13.029409951245311,0.6578947368421052,22.680055401662045,6.128808864265928,6.209602954755309,,86.64,11.29,13.030932594644504,-0.001522643399193,CONSISTENT,70.0±1.8 kg,50.0,"Cangzhou, Hebei",Sorghum paper Table 2,MISSING_IN_TARGET__IMPUTED_906_TRAINING_MEDIAN,REPORTED_INITIAL_BW__NOT_DMI_BACKCALCULATION,RETROSPECTIVE_PRE_FN_UN_LAB_INFORMATION,TARGET_DM_CP_N_HARMONIZED_AND_CHEMISTRY_CROSSCHECKED,0.0,7.439163146943104,13.081950841178616,6.290183272561976,14.364674553414062,6.687615052974254,13.765480480062964,6.247167428334554,12.989107449849447,20.52111398812172,15.602664513506873,20.654857825976038,15.468920675652555,19.236274878184002,16.88750362344459,20.453095533037217,15.670682968591375
REALV6R_0272,Sorghum::RealV6_高粱_sample6,Sorghum,高粱,6,2,finishing,70.0,1.7328,36.12377850162859,36.12377850162859,4.576171620810333,2.572858333333333,28.97474854748493,7.149029954143666,20.847055921992496,0.0247542857142857,0.5160539785946942,13.029409951245311,0.6578947368421052,22.680055401662045,6.128808864265928,6.209602954755309,,86.64,11.29,13.030932594644504,-0.001522643399193,CONSISTENT,70.0±1.8 kg,50.0,"Cangzhou, Hebei",Sorghum paper Table 2,MISSING_IN_TARGET__IMPUTED_906_TRAINING_MEDIAN,REPORTED_INITIAL_BW__NOT_DMI_BACKCALCULATION,RETROSPECTIVE_PRE_FN_UN_LAB_INFORMATION,TARGET_DM_CP_N_HARMONIZED_AND_CHEMISTRY_CROSSCHECKED,-3.552713678800501e-15,7.439163146943104,13.081950841178616,6.290183272561976,14.364674553414062,6.687615052974254,13.765480480062964,6.247167428334554,12.989107449849447,20.52111398812172,15.602664513506873,20.654857825976038,15.468920675652555,19.236274878184002,16.88750362344459,20.453095533037217,15.670682968591375
REALV6R_0273,Sorghum::RealV6_高粱_sample6,Sorghum,高粱,6,3,finishing,70.0,1.7328,36.12377850162859,36.12377850162859,6.195695852957943,2.787566666666665,27.140515982003983,8.983262519624608,20.847055921992496,0.0247542857142857,0.5160539785946942,13.029409951245311,0.6578947368421052,22.680055401662045,6.128808864265928,6.209602954755309,,86.64,11.29,13.030932594644504,-0.001522643399193,CONSISTENT,70.0±1.8 kg,50.0,"Cangzhou, Hebei",Sorghum paper Table 2,MISSING_IN_TARGET__IMPUTED_906_TRAINING_MEDIAN,REPORTED_INITIAL_BW__NOT_DMI_BACKCALCULATION,RETROSPECTIVE_PRE_FN_UN_LAB_INFORMATION,TARGET_DM_CP_N_HARMONIZED_AND_CHEMISTRY_CROSSCHECKED,0.0,7.439163146943104,13.081950841178616,6.290183272561976,14.364674553414062,6.687615052974254,13.765480480062964,6.247167428334554,12.989107449849447,20.52111398812172,15.602664513506873,20.654857825976038,15.468920675652555,19.236274878184002,16.88750362344459,20.453095533037217,15.670682968591375
REALV6R_0274,Sorghum::RealV6_高粱_sample6,Sorghum,高粱,6,4,finishing,70.0,1.7328,36.12377850162859,36.12377850162859,6.216285173987184,5.441445000000001,24.46604832764141,11.657730173987185,20.847055921992496,0.0247542857142857,0.5160539785946942,13.029409951245311,0.6578947368421052,22.680055401662045,6.128808864265928,6.209602954755309,,86.64,11.29,13.030932594644504,-0.001522643399193,CONSISTENT,70.0±1.8 kg,50.0,"Cangzhou, Hebei",Sorghum paper Table 2,MISSING_IN_TARGET__IMPUTED_906_TRAINING_MEDIAN,REPORTED_INITIAL_BW__NOT_DMI_BACKCALCULATION,RETROSPECTIVE_PRE_FN_UN_LAB_INFORMATION,TARGET_DM_CP_N_HARMONIZED_AND_CHEMISTRY_CROSSCHECKED,-3.552713678800501e-15,7.439163146943104,13.081950841178616,6.290183272561976,14.364674553414062,6.687615052974254,13.765480480062964,6.247167428334554,12.989107449849447,20.52111398812172,15.602664513506873,20.654857825976038,15.468920675652555,19.236274878184002,16.88750362344459,20.453095533037217,15.670682968591375
REALV6R_0275,Sorghum::RealV6_高粱_sample6,Sorghum,高粱,6,5,finishing,70.0,1.7328,36.12377850162859,36.12377850162859,6.724846592157381,3.60861,25.79032190947121,10.33345659215738,20.847055921992496,0.0247542857142857,0.5160539785946942,13.029409951245311,0.6578947368421052,22.680055401662045,6.128808864265928,6.209602954755309,,86.64,11.29,13.030932594644504,-0.001522643399193,CONSISTENT,70.0±1.8 kg,50.0,"Cangzhou, Hebei",Sorghum paper Table 2,MISSING_IN_TARGET__IMPUTED_906_TRAINING_MEDIAN,REPORTED_INITIAL_BW__NOT_DMI_BACKCALCULATION,RETROSPECTIVE_PRE_FN_UN_LAB_INFORMATION,TARGET_DM_CP_N_HARMONIZED_AND_CHEMISTRY_CROSSCHECKED,3.552713678800501e-15,7.439163146943104,13.081950841178616,6.290183272561976,14.364674553414062,6.687615052974254,13.765480480062964,6.247167428334554,12.989107449849447,20.52111398812172,15.602664513506873,20.654857825976038,15.468920675652555,19.236274878184002,16.88750362344459,20.453095533037217,15.670682968591375
REALV6R_0276,Sorghum::RealV6_高粱_sample6,Sorghum,高粱,6,6,finishing,70.0,1.7328,36.12377850162859,36.12377850162859,6.400667415261506,6.155819999999999,23.567291086367085,12.556487415261506,20.847055921992496,0.0247542857142857,0.5160539785946942,13.029409951245311,0.6578947368421052,22.680055401662045,6.128808864265928,6.209602954755309,,86.64,11.29,13.030932594644504,-0.001522643399193,CONSISTENT,70.0±1.8 kg,50.0,"Cangzhou, Hebei",Sorghum paper Table 2,MISSING_IN_TARGET__IMPUTED_906_TRAINING_MEDIAN,REPORTED_INITIAL_BW__NOT_DMI_BACKCALCULATION,RETROSPECTIVE_PRE_FN_UN_LAB_INFORMATION,TARGET_DM_CP_N_HARMONIZED_AND_CHEMISTRY_CROSSCHECKED,3.552713678800501e-15,7.439163146943104,13.081950841178616,6.290183272561976,14.364674553414062,6.687615052974254,13.765480480062964,6.247167428334554,12.989107449849447,20.52111398812172,15.602664513506873,20.654857825976038,15.468920675652555,19.236274878184002,16.88750362344459,20.453095533037217,15.670682968591375
REALV6R_0277,Sorghum::RealV6_高粱_sample7,Sorghum,高粱,7,1,finishing,70.0,1.745,35.1763848396502,35.1763848396502,6.071309977989716,6.286086666666658,22.81898819499382,12.357396644656374,20.15838672759324,0.0249285714285714,0.5025197834235743,12.598991704745773,1.512893982808023,23.037249283667624,6.040114613180515,5.627507163323782,,87.25,10.99,12.595988538681947,0.0030031660638236,CONSISTENT,70.0±1.8 kg,50.0,"Jinzhong, Shanxi",Sorghum paper Table 2,MISSING_IN_TARGET__IMPUTED_906_TRAINING_MEDIAN,REPORTED_INITIAL_BW__NOT_DMI_BACKCALCULATION,RETROSPECTIVE_PRE_FN_UN_LAB_INFORMATION,TARGET_DM_CP_N_HARMONIZED_AND_CHEMISTRY_CROSSCHECKED,0.0,7.456110662274316,12.489427769737867,6.238931863909222,13.527918057967607,6.659953630870002,13.042811857774655,6.308651129404704,12.282193501790365,19.945538432012185,15.230846407638012,19.76684992187683,15.409534917773367,18.59084463119507,16.58554020845513,19.70276548864466,15.473619351005539
REALV6R_0278,Sorghum::RealV6_高粱_sample7,Sorghum,高粱,7,2,finishing,70.0,1.745,35.1763848396502,35.1763848396502,7.484124003583136,3.743363333333329,23.948897502733733,11.227487336916464,20.15838672759324,0.0249285714285714,0.5025197834235743,12.598991704745773,1.512893982808023,23.037249283667624,6.040114613180515,5.627507163323782,,87.25,10.99,12.595988538681947,0.0030031660638236,CONSISTENT,70.0±1.8 kg,50.0,"Jinzhong, Shanxi",Sorghum paper Table 2,MISSING_IN_TARGET__IMPUTED_906_TRAINING_MEDIAN,REPORTED_INITIAL_BW__NOT_DMI_BACKCALCULATION,RETROSPECTIVE_PRE_FN_UN_LAB_INFORMATION,TARGET_DM_CP_N_HARMONIZED_AND_CHEMISTRY_CROSSCHECKED,0.0,7.456110662274316,12.489427769737867,6.238931863909222,13.527918057967607,6.659953630870002,13.042811857774655,6.308651129404704,12.282193501790365,19.945538432012185,15.230846407638012,19.76684992187683,15.409534917773367,18.59084463119507,16.58554020845513,19.70276548864466,15.473619351005539
REALV6R_0279,Sorghum::RealV6_高粱_sample7,Sorghum,高粱,7,3,finishing,70.0,1.745,35.1763848396502,35.1763848396502,8.075202933326931,2.68762,24.413561906323267,10.76282293332693,20.15838672759324,0.0249285714285714,0.5025197834235743,12.598991704745773,1.512893982808023,23.037249283667624,6.040114613180515,5.627507163323782,,87.25,10.99,12.595988538681947,0.0030031660638236,CONSISTENT,70.0±1.8 kg,50.0,"Jinzhong, Shanxi",Sorghum paper Table 2,MISSING_IN_TARGET__IMPUTED_906_TRAINING_MEDIAN,REPORTED_INITIAL_BW__NOT_DMI_BACKCALCULATION,RETROSPECTIVE_PRE_FN_UN_LAB_INFORMATION,TARGET_DM_CP_N_HARMONIZED_AND_CHEMISTRY_CROSSCHECKED,0.0,7.456110662274316,12.489427769737867,6.238931863909222,13.527918057967607,6.659953630870002,13.042811857774655,6.308651129404704,12.282193501790365,19.945538432012185,15.230846407638012,19.76684992187683,15.409534917773367,18.59084463119507,16.58554020845513,19.70276548864466,15.473619351005539
REALV6R_0280,Sorghum::RealV6_高粱_sample7,Sorghum,高粱,7,4,finishing,70.0,1.745,35.1763848396502,35.1763848396502,7.457017216850175,4.08578,23.63358762280002,11.542797216850175,20.15838672759324,0.0249285714285714,0.5025197834235743,12.598991704745773,1.512893982808023,23.037249283667624,6.040114613180515,5.627507163323782,,87.25,10.99,12.595988538681947,0.0030031660638236,CONSISTENT,70.0±1.8 kg,50.0,"Jinzhong, Shanxi",Sorghum paper Table 2,MISSING_IN_TARGET__IMPUTED_906_TRAINING_MEDIAN,REPORTED_INITIAL_BW__NOT_DMI_BACKCALCULATION,RETROSPECTIVE_PRE_FN_UN_LAB_INFORMATION,TARGET_DM_CP_N_HARMONIZED_AND_CHEMISTRY_CROSSCHECKED,0.0,7.456110662274316,12.489427769737867,6.238931863909222,13.527918057967607,6.659953630870002,13.042811857774655,6.308651129404704,12.282193501790365,19.945538432012185,15.230846407638012,19.76684992187683,15.409534917773367,18.59084463119507,16.58554020845513,19.70276548864466,15.473619351005539
REALV6R_0281,Sorghum::RealV6_高粱_sample7,Sorghum,高粱,7,5,finishing,70.0,1.745,35.1763848396502,35.1763848396502,7.029190883767868,8.60496000000001,19.54223395588232,15.634150883767878,20.15838672759324,0.0249285714285714,0.5025197834235743,12.598991704745773,1.512893982808023,23.037249283667624,6.040114613180515,5.627507163323782,,87.25,10.99,12.595988538681947,0.0030031660638236,CONSISTENT,70.0±1.8 kg,50.0,"Jinzhong, Shanxi",Sorghum paper Table 2,MISSING_IN_TARGET__IMPUTED_906_TRAINING_MEDIAN,REPORTED_INITIAL_BW__NOT_DMI_BACKCALCULATION,RETROSPECTIVE_PRE_FN_UN_LAB_INFORMATION,TARGET_DM_CP_N_HARMONIZED_AND_CHEMISTRY_CROSSCHECKED,0.0,7.456110662274316,12.489427769737867,6.238931863909222,13.527918057967607,6.659953630870002,13.042811857774655,6.308651129404704,12.282193501790365,19.945538432012185,15.230846407638012,19.76684992187683,15.409534917773367,18.59084463119507,16.58554020845513,19.70276548864466,15.473619351005539
REALV6R_0282,Sorghum::RealV6_高粱_sample7,Sorghum,高粱,7,6,finishing,70.0,1.745,35.1763848396502,35.1763848396502,7.417092009559399,7.670716666666677,20.08857616342412,15.087808676226077,20.15838672759324,0.0249285714285714,0.5025197834235743,12.598991704745773,1.512893982808023,23.037249283667624,6.040114613180515,5.627507163323782,,87.25,10.99,12.595988538681947,0.0030031660638236,CONSISTENT,70.0±1.8 kg,50.0,"Jinzhong, Shanxi",Sorghum paper Table 2,MISSING_IN_TARGET__IMPUTED_906_TRAINING_MEDIAN,REPORTED_INITIAL_BW__NOT_DMI_BACKCALCULATION,RETROSPECTIVE_PRE_FN_UN_LAB_INFORMATION,TARGET_DM_CP_N_HARMONIZED_AND_CHEMISTRY_CROSSCHECKED,0.0,7.456110662274316,12.489427769737867,6.238931863909222,13.527918057967607,6.659953630870002,13.042811857774655,6.308651129404704,12.282193501790365,19.945538432012185,15.230846407638012,19.76684992187683,15.409534917773367,18.59084463119507,16.58554020845513,19.70276548864466,15.473619351005539
REALV6R_0283,Sorghum::RealV6_高粱_sample8,Sorghum,高粱,8,1,finishing,70.0,1.7275999999999998,37.6515224746254,37.6515224746254,7.152822749698983,5.530601666666671,24.96809805825974,12.683424416365654,21.794120441436327,0.0246799999999999,0.5378788924946485,13.621325275897703,1.030331095160917,23.29242880296365,4.931697152118546,5.742069923593425,,86.38,11.77,13.625839314656172,-0.004514038758467,CONSISTENT,70.0±1.8 kg,50.0,"Yibin, Guizhou",Sorghum paper Table 2,MISSING_IN_TARGET__IMPUTED_906_TRAINING_MEDIAN,REPORTED_INITIAL_BW__NOT_DMI_BACKCALCULATION,RETROSPECTIVE_PRE_FN_UN_LAB_INFORMATION,TARGET_DM_CP_N_HARMONIZED_AND_CHEMISTRY_CROSSCHECKED,0.0,7.657482012483927,13.536567906333952,6.072199991071346,13.613062926017877,6.620548548146758,13.577330085034058,6.372910022735596,13.642062822977701,21.19404991881788,16.457472555807524,19.685262917089222,17.96625955753618,20.014972845713295,17.636549628912107,20.197878633180814,17.45364384144459
REALV6R_0284,Sorghum::RealV6_高粱_sample8,Sorghum,高粱,8,2,finishing,70.0,1.7275999999999998,37.6515224746254,37.6515224746254,7.858937148528343,4.41904,25.37354532609705,12.277977148528343,21.794120441436327,0.0246799999999999,0.5378788924946485,13.621325275897703,1.030331095160917,23.29242880296365,4.931697152118546,5.742069923593425,,86.38,11.77,13.625839314656172,-0.004514038758467,CONSISTENT,70.0±1.8 kg,50.0,"Yibin, Guizhou",Sorghum paper Table 2,MISSING_IN_TARGET__IMPUTED_906_TRAINING_MEDIAN,REPORTED_INITIAL_BW__NOT_DMI_BACKCALCULATION,RETROSPECTIVE_PRE_FN_UN_LAB_INFORMATION,TARGET_DM_CP_N_HARMONIZED_AND_CHEMISTRY_CROSSCHECKED,3.552713678800501e-15,7.657482012483927,13.536567906333952,6.072199991071346,13.613062926017877,6.620548548146758,13.577330085034058,6.372910022735596,13.642062822977701,21.19404991881788,16.457472555807524,19.685262917089222,17.96625955753618,20.014972845713295,17.636549628912107,20.197878633180814,17.45364384144459
REALV6R_0285,Sorghum::RealV6_高粱_sample8,Sorghum,高粱,8,3,finishing,70.0,1.7275999999999998,37.6515224746254,37.6515224746254,7.767259020469047,7.59584,22.288423454156348,15.363099020469049,21.794120441436327,0.0246799999999999,0.5378788924946485,13.621325275897703,1.030331095160917,23.29242880296365,4.931697152118546,5.742069923593425,,86.38,11.77,13.625839314656172,-0.004514038758467,CONSISTENT,70.0±1.8 kg,50.0,"Yibin, Guizhou",Sorghum paper Table 2,MISSING_IN_TARGET__IMPUTED_906_TRAINING_MEDIAN,REPORTED_INITIAL_BW__NOT_DMI_BACKCALCULATION,RETROSPECTIVE_PRE_FN_UN_LAB_INFORMATION,TARGET_DM_CP_N_HARMONIZED_AND_CHEMISTRY_CROSSCHECKED,0.0,7.657482012483927,13.536567906333952,6.072199991071346,13.613062926017877,6.620548548146758,13.577330085034058,6.372910022735596,13.642062822977701,21.19404991881788,16.457472555807524,19.685262917089222,17.96625955753618,20.014972845713295,17.636549628912107,20.197878633180814,17.45364384144459
REALV6R_0286,Sorghum::RealV6_高粱_sample8,Sorghum,高粱,8,4,finishing,70.0,1.7275999999999998,37.6515224746254,37.6515224746254,6.121385425190434,7.122351666666674,24.40778538276829,13.243737091857108,21.794120441436327,0.0246799999999999,0.5378788924946485,13.621325275897703,1.030331095160917,23.29242880296365,4.931697152118546,5.742069923593425,,86.38,11.77,13.625839314656172,-0.004514038758467,CONSISTENT,70.0±1.8 kg,50.0,"Yibin, Guizhou",Sorghum paper Table 2,MISSING_IN_TARGET__IMPUTED_906_TRAINING_MEDIAN,REPORTED_INITIAL_BW__NOT_DMI_BACKCALCULATION,RETROSPECTIVE_PRE_FN_UN_LAB_INFORMATION,TARGET_DM_CP_N_HARMONIZED_AND_CHEMISTRY_CROSSCHECKED,0.0,7.657482012483927,13.536567906333952,6.072199991071346,13.613062926017877,6.620548548146758,13.577330085034058,6.372910022735596,13.642062822977701,21.19404991881788,16.457472555807524,19.685262917089222,17.96625955753618,20.014972845713295,17.636549628912107,20.197878633180814,17.45364384144459
REALV6R_0287,Sorghum::RealV6_高粱_sample8,Sorghum,高粱,8,5,finishing,70.0,1.7275999999999998,37.6515224746254,37.6515224746254,5.42674833097305,10.31251,21.912264143652344,15.73925833097305,21.794120441436327,0.0246799999999999,0.5378788924946485,13.621325275897703,1.030331095160917,23.29242880296365,4.931697152118546,5.742069923593425,,86.38,11.77,13.625839314656172,-0.004514038758467,CONSISTENT,70.0±1.8 kg,50.0,"Yibin, Guizhou",Sorghum paper Table 2,MISSING_IN_TARGET__IMPUTED_906_TRAINING_MEDIAN,REPORTED_INITIAL_BW__NOT_DMI_BACKCALCULATION,RETROSPECTIVE_PRE_FN_UN_LAB_INFORMATION,TARGET_DM_CP_N_HARMONIZED_AND_CHEMISTRY_CROSSCHECKED,3.552713678800501e-15,7.657482012483927,13.536567906333952,6.072199991071346,13.613062926017877,6.620548548146758,13.577330085034058,6.372910022735596,13.642062822977701,21.19404991881788,16.457472555807524,19.685262917089222,17.96625955753618,20.014972845713295,17.636549628912107,20.197878633180814,17.45364384144459
REALV6R_0288,Sorghum::RealV6_高粱_sample8,Sorghum,高粱,8,6,finishing,70.0,1.7275999999999998,37.6515224746254,37.6515224746254,7.443532844045375,4.924125,25.28386463058002,12.367657844045375,21.794120441436327,0.0246799999999999,0.5378788924946485,13.621325275897703,1.030331095160917,23.29242880296365,4.931697152118546,5.742069923593425,,86.38,11.77,13.625839314656172,-0.004514038758467,CONSISTENT,70.0±1.8 kg,50.0,"Yibin, Guizhou",Sorghum paper Table 2,MISSING_IN_TARGET__IMPUTED_906_TRAINING_MEDIAN,REPORTED_INITIAL_BW__NOT_DMI_BACKCALCULATION,RETROSPECTIVE_PRE_FN_UN_LAB_INFORMATION,TARGET_DM_CP_N_HARMONIZED_AND_CHEMISTRY_CROSSCHECKED,0.0,7.657482012483927,13.536567906333952,6.072199991071346,13.613062926017877,6.620548548146758,13.577330085034058,6.372910022735596,13.642062822977701,21.19404991881788,16.457472555807524,19.685262917089222,17.96625955753618,20.014972845713295,17.636549628912107,20.197878633180814,17.45364384144459
REALV6R_0289,Sorghum::RealV6_高粱_sample9,Sorghum,高粱,9,1,finishing,70.0,1.741,40.000982318271205,40.000982318271205,5.551007300654229,6.221041666666672,28.228933350950307,11.7720489673209,22.97586577729535,0.0248714285714285,0.5714426045467315,14.359916110809593,1.0568638713383114,25.42217116599656,5.812751292360712,6.065479609419874,,87.05,12.5,14.359563469270537,0.0003526415390577,CONSISTENT,70.0±1.8 kg,50.0,"Zunyi, Guizhou",Sorghum paper Table 2,MISSING_IN_TARGET__IMPUTED_906_TRAINING_MEDIAN,REPORTED_INITIAL_BW__NOT_DMI_BACKCALCULATION,RETROSPECTIVE_PRE_FN_UN_LAB_INFORMATION,TARGET_DM_CP_N_HARMONIZED_AND_CHEMISTRY_CROSSCHECKED,0.0,8.151162074884775,14.214577151400054,6.6629019026402645,13.857001219369844,7.177690632330076,14.024034367039738,6.5305107434590655,14.82492446899414,22.36573922628483,17.635243091986375,20.519903122010106,19.4810791962611,21.355435212453205,18.645547105818,21.201724999369816,18.79925731890139
REALV6R_0290,Sorghum::RealV6_高粱_sample9,Sorghum,高粱,9,2,finishing,70.0,1.741,40.000982318271205,40.000982318271205,6.323112695609268,5.822673333333336,27.855196289328603,12.145786028942604,22.97586577729535,0.0248714285714285,0.5714426045467315,14.359916110809593,1.0568638713383114,25.42217116599656,5.812751292360712,6.065479609419874,,87.05,12.5,14.359563469270537,0.0003526415390577,CONSISTENT,70.0±1.8 kg,50.0,"Zunyi, Guizhou",Sorghum paper Table 2,MISSING_IN_TARGET__IMPUTED_906_TRAINING_MEDIAN,REPORTED_INITIAL_BW__NOT_DMI_BACKCALCULATION,RETROSPECTIVE_PRE_FN_UN_LAB_INFORMATION,TARGET_DM_CP_N_HARMONIZED_AND_CHEMISTRY_CROSSCHECKED,0.0,8.151162074884775,14.214577151400054,6.6629019026402645,13.857001219369844,7.177690632330076,14.024034367039738,6.5305107434590655,14.82492446899414,22.36573922628483,17.635243091986375,20.519903122010106,19.4810791962611,21.355435212453205,18.645547105818,21.201724999369816,18.79925731890139
REALV6R_0291,Sorghum::RealV6_高粱_sample9,Sorghum,高粱,9,3,finishing,70.0,1.741,40.000982318271205,40.000982318271205,6.131251376945267,7.058764999999999,26.81096594132594,13.190016376945266,22.97586577729535,0.0248714285714285,0.5714426045467315,14.359916110809593,1.0568638713383114,25.42217116599656,5.812751292360712,6.065479609419874,,87.05,12.5,14.359563469270537,0.0003526415390577,CONSISTENT,70.0±1.8 kg,50.0,"Zunyi, Guizhou",Sorghum paper Table 2,MISSING_IN_TARGET__IMPUTED_906_TRAINING_MEDIAN,REPORTED_INITIAL_BW__NOT_DMI_BACKCALCULATION,RETROSPECTIVE_PRE_FN_UN_LAB_INFORMATION,TARGET_DM_CP_N_HARMONIZED_AND_CHEMISTRY_CROSSCHECKED,0.0,8.151162074884775,14.214577151400054,6.6629019026402645,13.857001219369844,7.177690632330076,14.024034367039738,6.5305107434590655,14.82492446899414,22.36573922628483,17.635243091986375,20.519903122010106,19.4810791962611,21.355435212453205,18.645547105818,21.201724999369816,18.79925731890139
REALV6R_0292,Sorghum::RealV6_高粱_sample9,Sorghum,高粱,9,4,finishing,70.0,1.741,40.000982318271205,40.000982318271205,7.050687847283719,8.810363333333328,24.13993113765416,15.861051180617046,22.97586577729535,0.0248714285714285,0.5714426045467315,14.359916110809593,1.0568638713383114,25.42217116599656,5.812751292360712,6.065479609419874,,87.05,12.5,14.359563469270537,0.0003526415390577,CONSISTENT,70.0±1.8 kg,50.0,"Zunyi, Guizhou",Sorghum paper Table 2,MISSING_IN_TARGET__IMPUTED_906_TRAINING_MEDIAN,REPORTED_INITIAL_BW__NOT_DMI_BACKCALCULATION,RETROSPECTIVE_PRE_FN_UN_LAB_INFORMATION,TARGET_DM_CP_N_HARMONIZED_AND_CHEMISTRY_CROSSCHECKED,0.0,8.151162074884775,14.214577151400054,6.6629019026402645,13.857001219369844,7.177690632330076,14.024034367039738,6.5305107434590655,14.82492446899414,22.36573922628483,17.635243091986375,20.519903122010106,19.4810791962611,21.355435212453205,18.645547105818,21.201724999369816,18.79925731890139
REALV6R_0293,Sorghum::RealV6_高粱_sample9,Sorghum,高粱,9,5,finishing,70.0,1.741,40.000982318271205,40.000982318271205,7.840789240605464,6.174,25.986193077665742,14.014789240605465,22.97586577729535,0.0248714285714285,0.5714426045467315,14.359916110809593,1.0568638713383114,25.42217116599656,5.812751292360712,6.065479609419874,,87.05,12.5,14.359563469270537,0.0003526415390577,CONSISTENT,70.0±1.8 kg,50.0,"Zunyi, Guizhou",Sorghum paper Table 2,MISSING_IN_TARGET__IMPUTED_906_TRAINING_MEDIAN,REPORTED_INITIAL_BW__NOT_DMI_BACKCALCULATION,RETROSPECTIVE_PRE_FN_UN_LAB_INFORMATION,TARGET_DM_CP_N_HARMONIZED_AND_CHEMISTRY_CROSSCHECKED,-3.552713678800501e-15,8.151162074884775,14.214577151400054,6.6629019026402645,13.857001219369844,7.177690632330076,14.024034367039738,6.5305107434590655,14.82492446899414,22.36573922628483,17.635243091986375,20.519903122010106,19.4810791962611,21.355435212453205,18.645547105818,21.201724999369816,18.79925731890139
REALV6R_0294,Sorghum::RealV6_高粱_sample9,Sorghum,高粱,9,6,finishing,70.0,1.741,40.000982318271205,40.000982318271205,6.851723961775266,5.134209999999994,28.015048356495942,11.98593396177526,22.97586577729535,0.0248714285714285,0.5714426045467315,14.359916110809593,1.0568638713383114,25.42217116599656,5.812751292360712,6.065479609419874,,87.05,12.5,14.359563469270537,0.0003526415390577,CONSISTENT,70.0±1.8 kg,50.0,"Zunyi, Guizhou",Sorghum paper Table 2,MISSING_IN_TARGET__IMPUTED_906_TRAINING_MEDIAN,REPORTED_INITIAL_BW__NOT_DMI_BACKCALCULATION,RETROSPECTIVE_PRE_FN_UN_LAB_INFORMATION,TARGET_DM_CP_N_HARMONIZED_AND_CHEMISTRY_CROSSCHECKED,0.0,8.151162074884775,14.214577151400054,6.6629019026402645,13.857001219369844,7.177690632330076,14.024034367039738,6.5305107434590655,14.82492446899414,22.36573922628483,17.635243091986375,20.519903122010106,19.4810791962611,21.355435212453205,18.645547105818,21.201724999369816,18.79925731890139
REALV6R_0295,Sorghum::RealV6_高粱_sample10,Sorghum,高粱,10,1,finishing,70.0,1.7404000000000002,39.34575772437461,39.34575772437461,7.212187829432797,2.089999999999998,30.04356989494181,9.302187829432796,22.60730735714468,0.0248628571428571,0.5620822532053515,14.129567098215428,1.172144334635716,23.626752470696392,6.5387267294874745,6.10204550678005,,87.02,12.3,14.13468168237187,-0.005114584156443,CONSISTENT,70.0±1.8 kg,50.0,"Shijiazhuang, Hebei",Sorghum paper Table 2,MISSING_IN_TARGET__IMPUTED_906_TRAINING_MEDIAN,REPORTED_INITIAL_BW__NOT_DMI_BACKCALCULATION,RETROSPECTIVE_PRE_FN_UN_LAB_INFORMATION,TARGET_DM_CP_N_HARMONIZED_AND_CHEMISTRY_CROSSCHECKED,0.0,7.869235078341148,14.169021145048518,6.572800026775275,13.66048950164538,7.021236507014091,13.898038043028176,6.5027092297871905,14.442659378051758,22.038256223389666,17.30750150098494,20.233289528420656,19.11246819595395,20.945368607838947,18.40038911653566,20.919274550042267,18.42648317433234
REALV6R_0296,Sorghum::RealV6_高粱_sample10,Sorghum,高粱,10,2,finishing,70.0,1.7404000000000002,39.34575772437461,39.34575772437461,8.418844913465618,5.882560000000001,25.04435281090899,14.301404913465618,22.60730735714468,0.0248628571428571,0.5620822532053515,14.129567098215428,1.172144334635716,23.626752470696392,6.5387267294874745,6.10204550678005,,87.02,12.3,14.13468168237187,-0.005114584156443,CONSISTENT,70.0±1.8 kg,50.0,"Shijiazhuang, Hebei",Sorghum paper Table 2,MISSING_IN_TARGET__IMPUTED_906_TRAINING_MEDIAN,REPORTED_INITIAL_BW__NOT_DMI_BACKCALCULATION,RETROSPECTIVE_PRE_FN_UN_LAB_INFORMATION,TARGET_DM_CP_N_HARMONIZED_AND_CHEMISTRY_CROSSCHECKED,-3.552713678800501e-15,7.869235078341148,14.169021145048518,6.572800026775275,13.66048950164538,7.021236507014091,13.898038043028176,6.5027092297871905,14.442659378051758,22.038256223389666,17.30750150098494,20.233289528420656,19.11246819595395,20.945368607838947,18.40038911653566,20.919274550042267,18.42648317433234
REALV6R_0297,Sorghum::RealV6_高粱_sample10,Sorghum,高粱,10,3,finishing,70.0,1.7404000000000002,39.34575772437461,39.34575772437461,6.058931969636768,7.815079999999995,25.47174575473785,13.87401196963676,22.60730735714468,0.0248628571428571,0.5620822532053515,14.129567098215428,1.172144334635716,23.626752470696392,6.5387267294874745,6.10204550678005,,87.02,12.3,14.13468168237187,-0.005114584156443,CONSISTENT,70.0±1.8 kg,50.0,"Shijiazhuang, Hebei",Sorghum paper Table 2,MISSING_IN_TARGET__IMPUTED_906_TRAINING_MEDIAN,REPORTED_INITIAL_BW__NOT_DMI_BACKCALCULATION,RETROSPECTIVE_PRE_FN_UN_LAB_INFORMATION,TARGET_DM_CP_N_HARMONIZED_AND_CHEMISTRY_CROSSCHECKED,0.0,7.869235078341148,14.169021145048518,6.572800026775275,13.66048950164538,7.021236507014091,13.898038043028176,6.5027092297871905,14.442659378051758,22.038256223389666,17.30750150098494,20.233289528420656,19.11246819595395,20.945368607838947,18.40038911653566,20.919274550042267,18.42648317433234
REALV6R_0298,Sorghum::RealV6_高粱_sample10,Sorghum,高粱,10,4,finishing,70.0,1.7404000000000002,39.34575772437461,39.34575772437461,9.15850865357911,7.783829999999995,22.4034190707955,16.942338653579107,22.60730735714468,0.0248628571428571,0.5620822532053515,14.129567098215428,1.172144334635716,23.626752470696392,6.5387267294874745,6.10204550678005,,87.02,12.3,14.13468168237187,-0.005114584156443,CONSISTENT,70.0±1.8 kg,50.0,"Shijiazhuang, Hebei",Sorghum paper Table 2,MISSING_IN_TARGET__IMPUTED_906_TRAINING_MEDIAN,REPORTED_INITIAL_BW__NOT_DMI_BACKCALCULATION,RETROSPECTIVE_PRE_FN_UN_LAB_INFORMATION,TARGET_DM_CP_N_HARMONIZED_AND_CHEMISTRY_CROSSCHECKED,0.0,7.869235078341148,14.169021145048518,6.572800026775275,13.66048950164538,7.021236507014091,13.898038043028176,6.5027092297871905,14.442659378051758,22.038256223389666,17.30750150098494,20.233289528420656,19.11246819595395,20.945368607838947,18.40038911653566,20.919274550042267,18.42648317433234
REALV6R_0299,Sorghum::RealV6_高粱_sample10,Sorghum,高粱,10,5,finishing,70.0,1.7404000000000002,39.34575772437461,39.34575772437461,6.068623379042716,2.5515,30.72563434533189,8.620123379042717,22.60730735714468,0.0248628571428571,0.5620822532053515,14.129567098215428,1.172144334635716,23.626752470696392,6.5387267294874745,6.10204550678005,,87.02,12.3,14.13468168237187,-0.005114584156443,CONSISTENT,70.0±1.8 kg,50.0,"Shijiazhuang, Hebei",Sorghum paper Table 2,MISSING_IN_TARGET__IMPUTED_906_TRAINING_MEDIAN,REPORTED_INITIAL_BW__NOT_DMI_BACKCALCULATION,RETROSPECTIVE_PRE_FN_UN_LAB_INFORMATION,TARGET_DM_CP_N_HARMONIZED_AND_CHEMISTRY_CROSSCHECKED,-3.552713678800501e-15,7.869235078341148,14.169021145048516,6.572800026775275,13.66048950164538,7.021236507014091,13.898038043028174,6.5027092297871905,14.442659378051758,22.038256223389666,17.30750150098494,20.233289528420656,19.11246819595395,20.945368607838947,18.40038911653566,20.919274550042267,18.42648317433234
REALV6R_0300,Sorghum::RealV6_高粱_sample10,Sorghum,高粱,10,6,finishing,70.0,1.7404000000000002,39.34575772437461,39.34575772437461,7.141746101000711,11.87672,20.327291623373892,19.018466101000712,22.60730735714468,0.0248628571428571,0.5620822532053515,14.129567098215428,1.172144334635716,23.626752470696392,6.5387267294874745,6.10204550678005,,87.02,12.3,14.13468168237187,-0.005114584156443,CONSISTENT,70.0±1.8 kg,50.0,"Shijiazhuang, Hebei",Sorghum paper Table 2,MISSING_IN_TARGET__IMPUTED_906_TRAINING_MEDIAN,REPORTED_INITIAL_BW__NOT_DMI_BACKCALCULATION,RETROSPECTIVE_PRE_FN_UN_LAB_INFORMATION,TARGET_DM_CP_N_HARMONIZED_AND_CHEMISTRY_CROSSCHECKED,0.0,7.869235078341148,14.169021145048516,6.572800026775275,13.66048950164538,7.021236507014091,13.898038043028174,6.5027092297871905,14.442659378051758,22.038256223389666,17.30750150098494,20.233289528420656,19.11246819595395,20.945368607838947,18.40038911653566,20.919274550042267,18.42648317433234
