Record_ID,Study_ID,Analysis_Fecal_N_g_d,Analysis_Urinary_N_g_d,MLR_FN_pred,RF_FN_pred,MLR+RF_FN_pred,MLR_UN_pred,RF_UN_pred,MLR+RF_UN_pred
V44_0af1ffb33304,Antongiovanni2007_IJAS,10.446,23.402,10.62946203293478,10.34926984520502,10.446188235605053,26.396662014792206,27.556928358596622,27.014937351425825
V44_d06f71a3aef3,Antongiovanni2007_IJAS,15.468,25.952,11.612440816676436,11.050938947767037,11.245162269203092,28.99710677461095,29.67901566121313,29.36047803731172
V44_ea5f4d136df5,Antongiovanni2007_IJAS,18.005,25.117,11.745760523176147,11.047230299870174,11.28885168638037,29.83977264454468,29.82197950089191,29.83029114752425
V44_c147ad2cb0cf,Deng2007_LivSci,5.32,6.76,4.627901903435182,5.541313304128855,5.225364585338553,9.644856580911739,8.63173615080777,9.104991421228613
V44_f41d1254fe6c,Deng2007_LivSci,5.55,7.64,4.738041191529337,5.768350170229271,5.41196661564349,10.661531765325702,9.123417607211673,9.841911292865294
V44_b5b70d4e1167,Deng2007_LivSci,5.6,8.93,4.834898815033522,5.871118575656818,5.512690483446132,11.383108207270435,9.76856351245447,10.522759917390509
V44_857bc6e1be7e,Deng2007_LivSci,5.96,9.86,4.85473025361604,6.00897079397883,5.60971935084324,12.445327836376082,10.576455938698695,11.449455287084612
V44_0210e134f840,Deng2007_LivSci,6.44,12.21,5.17201794138509,7.553751887421285,6.729910857872025,13.98000370874093,12.477559881761328,13.179391015061434
V44_938a6c63f57e,GarciaValverde2007_LivSci,8.1374,5.6626,3.683025466622782,3.903897187209047,3.8274977279038054,10.381391860680102,12.119173504641793,11.307409870814896
V44_e624971cc339,GarciaValverde2007_LivSci,7.6635,5.4165,3.803851905105952,3.9003362676688167,3.866962356732424,10.922323519364687,12.009273504641797,11.501530502002456
V44_698ed1bda6d6,GarciaValverde2007_LivSci,5.0244,11.9656,7.306333267618099,4.45256195196085,5.439680560528343,10.693126129491416,12.544961648128856,11.6799204416676
V44_27ae9ea96c00,GarciaValverde2007_LivSci,6.6928,7.3472,7.121165132905982,3.973815033046469,5.062482451561241,16.046820991030213,12.511340759298896,14.16285681150588
V44_4a01b313d0d1,Htoo2007_LPHB,3.27,6.16,5.5207988474539285,4.284369307074769,4.712049899697773,2.8743006408814917,3.737829176790767,3.334452225112949
V44_cbfa33914708,Htoo2007_LPHB,3.62,9.09,5.395858415518965,4.423255770429599,4.759678722206506,5.194360001128524,5.038138602467352,5.111113737576736
V44_8b6c8f7e8935,Htoo2007_LPHB,3.14,7.01,5.582952501018609,4.3065720700406835,4.748071663269139,3.3034949443227557,3.4513453140724693,3.38228050732433
V44_c7736de05ce3,Htoo2007_LPHB,3.21,10.52,5.713286903277313,4.569558846240321,4.965174024670251,5.358356215602889,5.778258869273596,5.582111266275435
V44_c16025c3ec6c,Li2007_LivSci,2.76,5.43,2.6728314125309436,2.9862540363489614,2.8778412484639024,2.441708073596187,3.6491397117598012,3.0851165517736168
V44_129ef2062177,Li2007_LivSci,2.78,4.04,3.300456338439446,3.227490054502655,3.2527290693728554,1.895256941536969,3.2068406421928572,2.594165307168991
V44_be357172baca,Li2007_LivSci,5.2,1.97,1.7065985189037578,1.9459557890679022,1.8631621839256038,4.068478886877081,2.6437861518419807,3.309297699680824
V44_d63fb338451a,Li2007_LivSci,2.67,5.45,2.618069509426774,2.9486576954320634,2.83430734493692,2.41531630639985,3.5980421350931344,3.0455597102401333
V44_14b665d5f504,Liu2007_AJAS,3.27,13.21,3.5942956830717416,3.5425363807197914,3.5604399072699957,6.106170419046068,6.645179617157862,6.393394206231402
V44_58fa123c75c8,Liu2007_AJAS,3.473,12.68,3.64535587669702,3.4585409458106384,3.523160172174166,5.972218601308872,6.626676865958113,6.320962151485375
V44_7c6a1048c9ed,Liu2007_AJAS,3.163,11.96,3.632271183300643,3.44815490193716,3.5118406662718837,6.036339475259834,6.644412951849934,6.360365795116693
V44_f85e307ec6ed,Liu2007_AJAS,3.023,10.82,3.8305372018215187,3.4047307995840526,3.55201710139446,5.800862462275338,6.6846048368514035,6.271785468062805
V44_160e652d923d,Liu2007_AJAS,3.433,12.86,3.587668351112019,3.4583886120700793,3.50310643350829,6.065908757714945,6.629876398104019,6.366432240597941
V44_4937ab380168,Liu2007_AJAS,3.123,12.14,3.6806532555990574,3.43760349450379,3.5216743311082173,5.957571731988884,6.624511285183267,6.312966231680622
V44_04ea431f50f9,Liu2007_AJAS,2.983,11.0,3.688338281844124,3.4336910913869994,3.521773475192783,5.980537299960038,6.623465898296833,6.3231369950133915
V44_f2fe030f8106,Lynch2007_Animal_InulinCP,5.19,22.5,7.693608429585416,6.546697512295606,6.943413641094891,19.036303481887515,23.06568797461077,21.18345621709148
V44_fc30d2159256,Lynch2007_Animal_InulinCP,6.32,20.47,7.2844111618521055,5.974093821857436,6.4273321813366735,18.110675006582188,21.964843144800586,20.164459567191
V44_6c5c47940a08,Lynch2007_Animal_InulinCP,7.26,36.39,9.320773915013785,8.63127746765578,8.869774073881395,24.773169406877194,25.897034196416758,25.37204731520716
V44_239defa8fa3e,Lynch2007_Animal_InulinCP,9.64,34.75,9.190976995510834,8.843873471774927,8.963936472443272,24.397813042348634,25.584681755586576,25.03026408010863
V44_b4e13c0ab937,Paiano2008_RBZ_ThrLysRatio,4.37,8.99,4.311968028169217,4.733277479585168,4.587546671662227,7.347194442939476,6.770984619607799,7.040147423611263
V44_7a05270e8d47,Paiano2008_RBZ_ThrLysRatio,4.31,8.71,4.299149832923201,4.7032866617335936,4.563495858617221,7.3400434321248955,6.728951286274467,7.014408543026084
V44_8bfd38b6ecbd,Paiano2008_RBZ_ThrLysRatio,3.85,8.49,4.208645045280976,4.589634725706027,4.457850514001196,7.239659992637878,6.591601286274467,6.894326598305855
V44_dfada554bc48,Paiano2008_RBZ_ThrLysRatio,4.15,9.5,4.332383286322976,4.770571090980243,4.6190020659321,7.371632972992132,6.7758846196078,7.054174386259471
V44_b76e49e29b49,Paiano2008_RBZ_ThrLysRatio,4.16,9.76,4.052609550826363,4.632547361715998,4.431947053695448,7.071667129472344,6.3951905546775025,6.711190602475417
V44_19158ad5007c,Qiao2008_AJAS_MetCysRatio,3.56,8.85,3.9809102490481223,4.112750416573679,4.0671469437210686,4.466649593767169,4.42602432402861,4.445001458873348
V44_3f35e82e9c5e,Qiao2008_AJAS_MetCysRatio,3.54,10.49,3.969398644544044,4.103562985820354,4.057155581991802,4.3149500400923,4.525181981449344,4.426977097506952
V44_921033fd30a7,Qiao2008_AJAS_MetCysRatio,3.43,7.88,3.9403422282840896,4.1046458582084675,4.0478132838309415,4.298813124651858,4.378804129577909,4.34143822169307
V44_d80151588345,Qiao2008_AJAS_MetCysRatio,3.12,9.62,3.9567909250034323,4.0056512983858354,3.9887505104626033,4.382056401278064,4.423654734247019,4.404223055906213
V44_9f6d1040f56f,Qiao2008_AJAS_MetCysRatio,3.0,7.66,3.9821723238526867,4.113282961748076,4.0679318329671466,4.436421686480982,4.574114987004975,4.50979481514946
V44_aed90b010b75,Qiao2008_AJAS_MetCysRatio,3.19,6.91,3.979493215863114,4.09999912485248,4.058316168494659,4.229675847526305,4.490838788192403,4.368842691345207
V44_5614ccb8e880,Qiao2008_AJAS_MetCysRatio,2.81,7.88,4.070513653470972,4.1632562004807445,4.1311765823778455,3.8804822450534875,4.4907122339443974,4.205657713444955
V44_560f68889cf4,Paiano2009_ABMVZ,5.05,8.11,4.482794638930672,4.464907514515228,4.471094665275127,7.239727517378182,6.57839799798309,6.887322456753004
V44_8d0a362a3b98,Paiano2009_ABMVZ,4.97,8.09,4.616868925152708,4.591699291022711,4.600405459622921,7.439593643965505,6.702383229300657,7.046753655345141
V44_3c61d6e0c390,Paiano2009_ABMVZ,4.34,7.54,4.369049833514001,4.460218228468413,4.428683109070802,7.065886309644283,6.647162997983091,6.8427596992275745
V44_d16c5050c068,Paiano2009_ABMVZ,3.85,8.44,4.21142907853854,4.467654616838774,4.379026283006029,6.827713480668534,6.258222705620159,6.524246864979018
V44_ca8e5af4be1e,Paiano2009_ABMVZ,5.1,8.71,4.454144145343787,4.417162521189407,4.429954453457263,7.1908718266525655,6.649181331316424,6.902219246886242
V44_0acba1bab97b,Yoo2009_AJAS,0.88,1.87,1.9713911909885198,1.6415866756936968,1.7556659547343594,-0.015846756681822782,1.8169032538888887,0.9607773915593385
V44_c5cfe70d21d1,Yoo2009_AJAS,0.87,1.72,1.919839800252345,1.6091742214812428,1.7166333483439424,0.03497008845661753,1.8157499999999998,0.9839007414562924
V44_040132ac7fee,Yoo2009_AJAS,0.97,2.41,1.989559036842457,1.640647886011157,1.7613361443283633,-0.07621069180862072,1.793586587222222,0.9201549688023977
V44_52b44bd88601,Yoo2009_AJAS,0.5,1.96,2.0299858783931777,1.6572387905085115,1.7861718920228338,-0.1709406571237313,1.8396532538888888,0.9004518156500703
V44_fca224ce264a,Galassi2010_AFST,7.82,25.8,8.210013011318527,7.278662997266849,7.600816676826233,24.453838316639775,21.21816813121286,22.72963500434632
V44_03e62c535f95,Galassi2010_AFST,10.82,23.8,10.4055231605468,11.554600201252262,11.157134811038683,25.456627866950313,27.40441665073189,26.494553143688965
V44_72ac0dcd7074,Galassi2010_AFST,9.8,17.8,8.401817738637675,9.30945902998897,8.995506190221658,20.529990638891654,20.917836882104066,20.73666367380704
V44_d63add74c0af,Galassi2010_AFST,9.02,17.8,8.645559728606663,9.218190084645414,9.020117422980057,21.290742903560968,24.708968687503884,23.112225280036135
V44_7011b5923c4e,Acciaioli2011_AFST,6.3,19.6,5.47424745555342,5.3315430255973135,5.3809044434382685,7.378211161711843,11.821747559660425,9.74605452539775
V44_609ec11213ac,Acciaioli2011_AFST,6.6,25.9,6.546660196671651,5.974881879818054,6.172659821394847,11.556236375910162,14.661148336223036,13.210762078332664
V44_503453a3c7d3,Acciaioli2011_AFST,6.8,32.2,7.490502856147885,6.461450591496522,6.81739944908462,16.352741737531833,20.525873874751635,18.576493801645032
V44_37f02e3d6bd2,Acciaioli2011_AFST,6.0,13.4,4.447283593695708,4.729250301583989,4.631718105214241,2.400251980448232,9.479243135093858,6.17245968304683
V44_94a1aff246d9,Acciaioli2011_AFST,6.3,16.9,5.48707893106323,5.332045954013978,5.385671812451653,7.500222824277634,11.839080892993758,9.812285866841552
V44_a91fbc5e5279,Acciaioli2011_AFST,6.8,22.4,6.558689349470147,5.994673329268356,6.189766294852791,11.57809920317327,14.637648336223036,13.208452251233682
V44_9c54a253b704,Acciaioli2011_AFST,7.3,28.0,7.518463545311236,6.457953129794736,6.824783351961603,16.407473196599984,20.649308706851848,18.667835476390028
V44_385340e7b59a,Acciaioli2011_AFST,5.9,11.3,4.46786870358187,4.583126324600343,4.543258749415767,2.6070122937268145,9.500361301760526,6.280296192060332
V44_08ce94e7e7c9,Hernandez2011_Animal_LowCP,6.31,26.5,8.154609713372338,6.729249181342784,7.222280945088013,22.185991215091132,25.92558619679559,24.17872276206123
V44_4ae274573a61,Hernandez2011_Animal_LowCP,6.38,21.6,7.8056239662830045,5.045809273924166,6.000428315778947,20.37534218221228,23.878488670792375,22.242076562701076
V44_c12af4c45317,Hernandez2011_Animal_LowCP,7.45,24.8,7.815013111428668,5.905071371220866,6.565719623831356,21.462821305619194,24.48156298308632,23.07142913675399
V44_17f7219bd99e,Hernandez2011_Animal_LowCP,5.72,20.2,5.9630809111243,5.8441457953580285,5.885285414829597,14.207314267893242,10.998943628130569,12.497658163553922
V44_ea9f1f5bb58b,Hernandez2011_Animal_LowCP,5.01,14.4,5.825624822920821,5.0747135666257535,5.334453536119749,12.068439561214602,10.174303653347623,11.05910448714329
V44_cdd89011e89b,Hernandez2011_Animal_LowCP,6.17,14.3,6.2439430645059435,5.4725110068260365,5.739349115122731,13.629396016859497,11.223179790951056,12.347186845637001
V44_b0f9b92f7870,Liao2011_Boron_PDiet,4.99,29.85,5.572467440475491,6.05451526058038,5.887775069860038,19.578637073493077,16.291591379865377,17.827057107729342
V44_67fb5d211683,Liao2011_Boron_PDiet,5.16,30.21,5.61331373166428,6.047976238832991,5.897626613087307,19.62653237914106,16.127832927892655,17.762167707571216
V44_b2a1bb45e828,Liao2011_Boron_PDiet,4.93,31.84,5.574798020002138,6.05451526058038,5.888581216591865,19.595204163808653,16.33563263372022,17.858264455259715
V44_b3c67d1dbcaa,Murphy2011_AFST,12.2,25.4,10.697221130563026,10.403824225130167,10.505310123267801,24.696585338147468,21.896040601600557,23.204248902645443
V44_0eb428af2b79,Murphy2011_AFST,12.1,21.6,10.393705693715088,10.350997019673759,10.365769936712393,23.82761279067848,19.947388165403144,21.75994341526603
V44_0ed97667dc8e,Murphy2011_AFST,11.1,23.6,10.972243015253856,11.16491426896185,11.098269342359737,23.933061970412048,20.675763412729562,22.197333468916515
V44_580dee3b2d6e,Murphy2011_AFST,11.2,19.2,10.415224592062982,10.68764310266083,10.593413624757677,22.813536575387605,19.16857662900678,20.871233543072343
V44_5778c44e2026,OShea2011_BetaGlucan,7.0,25.9,9.464282149106428,9.036380086795191,9.1843912767719,20.881088378169366,21.315263260060423,21.112448722880274
V44_c59ad41ec29e,OShea2011_BetaGlucan,8.1,24.1,10.241645414552236,9.476342449173046,9.741060506353355,21.06450366611245,21.409903567001184,21.248558164577847
V44_d03fbe92f9a2,OShea2011_BetaGlucan,7.1,30.6,8.325454640582734,7.500977662108029,7.786163991973582,21.151340223924315,20.035167780958442,20.55656136422465
V44_f01b88cef240,OShea2011_BetaGlucan,5.5,33.0,8.603537257390984,7.6500966321901736,7.979891447260416,21.14271334841947,20.102017409001878,20.588153927031037
V44_786cc7020ce8,Osada2011_LowCP_GHG,10.3,20.7,8.71131228851344,8.055747369339821,8.28250707054289,17.680746193986632,13.49363614759533,15.449545670694564
V44_e4ffc1edcb87,Osada2011_LowCP_GHG,9.8,12.3,7.395509023870948,7.267740232330408,7.311935417498846,12.107788737585766,10.15853666666665,11.069083713720618
V44_33ab25cfc887,Varley2011_AAN,5.39,10.21,6.473197636963274,5.077511371158457,5.5602788154659955,17.390586220560863,16.14192968700063,16.725210082789467
V44_506378961d7f,Varley2011_AAN,6.15,21.48,8.396232509872164,7.869420128970826,8.05164436731758,26.602645242403725,27.088512881111374,26.861551294005952
V44_1abb55bb6d13,Varley2011_AAN,5.2,16.46,7.637982501021883,5.512325477309621,6.247589579246014,21.205391689248216,23.564132390248176,22.462302405248437
V44_dbae9ab0792c,Varley2011_AAN,6.34,15.24,7.572507341567177,5.448052669506702,6.182900878381514,20.885125817352943,23.16680300190808,22.100971417721297
V44_253c6d3c5a89,Varley2011_P_PHY,5.446,8.459,3.8166347956632007,4.509376446599428,4.269757325467633,7.060705215664824,8.882831979031534,8.031668515622082
V44_496d7f7f5dcb,Varley2011_P_PHY,5.191,8.348,3.6869560545794586,5.155501673130085,4.647532201417976,7.336094383502036,8.7268965753491,8.07721619397831
V44_69e30aedbe92,Varley2011_P_PHY,5.763,5.989,3.9730194948244075,4.438991427883293,4.2778118814813215,6.957575473844953,8.83952933038852,7.960419054025152
V44_2827901fd5f0,Blank2012_AAN,3.7,15.2,5.743238709137688,6.085657035675332,5.967214643257493,6.100953564437452,7.213132749820456,6.693604522479456
V44_1a047f88589e,Blank2012_AAN,4.1,15.4,6.846875324494114,6.77235078071739,6.798128797180515,8.624873860708709,6.785366067729911,7.64464866843523
V44_581e1615943f,Blank2012_AAN,6.1,16.5,8.4123167871134,8.016340091340771,8.153308306982888,7.842296487225695,7.674399280719164,7.752828493581842
V44_9927b792a8f5,Blank2012_AAN,7.9,17.7,9.803145279454176,8.460215258059614,8.924734333869727,7.243609166665953,8.959193737966944,8.157798942150265
V44_42437784f33f,Blank2012_AAN,4.1,15.1,6.869603955940402,6.204222690081939,6.434377862543546,7.9489938282763895,4.6851333333333285,6.209768643462915
V44_b20fd4bd2a36,Blank2012_AAN,8.8,14.3,8.601110954852947,8.644851441021627,8.629721620489757,9.123516628874873,8.576751490647341,8.832159905737742
V44_43ab48de8c59,Blank2012_AAN,6.6,14.2,8.209720914559586,8.093032257351132,8.13339482750777,6.714617006635957,6.840783333333323,6.7818477149359735
V44_0fa7c76fe191,Blank2012_AAN,7.3,14.9,8.396599563662926,8.60677877716382,8.534077852726561,8.91246647032207,8.15002160799355,8.506179710012317
V44_6b996bfecd0c,Koopmans2012_JAS,2.9,3.7,3.7536877732546854,2.9969310962556164,3.2586929949491137,2.1169346062299947,2.7128561005053498,2.4344854551774944
V44_c75650a8fae4,Koopmans2012_JAS,3.0,3.7,3.88011144455202,3.1929705468479352,3.4306523691824826,2.2798218639949166,2.8331514056481155,2.5746765846043305
V44_58bc6bd76f28,Opapeju2012_Animal,4.43,5.92,3.1312067865788915,3.157813514941971,3.1486102558944786,4.572278399088667,3.7226715633380465,4.11954532173545
V44_cd9f20768a88,Opapeju2012_Animal,5.02,4.39,3.1401664481636784,3.1888337189032003,3.171999725123951,4.581579239748646,3.74904966035559,4.137946181955276
V44_553870a752e7,Opapeju2012_Animal,4.75,4.42,3.122649504275385,3.196269756134269,3.1708045339636577,4.751696917365999,3.989434135765291,4.345507183074353
V44_88be35d31b41,Opapeju2012_Animal,4.34,3.5,3.075849425347199,2.997321432216071,3.0244842405630123,4.824923800200984,3.699005745100404,4.224951760801274
V44_b420c6eb7e04,Opapeju2012_Animal,4.47,5.27,3.1059410165313315,3.1642221205826413,3.144062704857469,4.734486730278979,3.697406159960543,4.181853843740729
V44_56afa7edaca5,Opapeju2012_Animal,4.26,4.68,3.1414206962055817,3.1909272480353863,3.1738029471886113,4.8012452395142144,4.419588004682784,4.597870163951534
V44_38da75e7eaf5,Opapeju2012_Animal,4.2,4.21,3.088270316578309,3.1999785765344573,3.161338724235005,4.83801096215133,3.760438862582958,4.263801207498707
V44_351dd8736c12,Patras2012_JAS,4.5,13.9,4.915920280349586,4.936056070160917,4.929091106741488,10.831969099417392,7.0126568949859776,8.796758346719928
V44_e09e386b914a,Patras2012_JAS,6.3,13.0,7.310867437889657,7.732881340531385,7.586906863149024,13.247591713187484,12.801535526378425,13.009900134413767
V44_4a8434d32668,Patras2012_JAS,4.6,8.0,4.845843377300481,5.1673666845170745,5.0561518727694255,7.894858135755234,6.918545084192679,7.374606657430541
V44_8bc44d01cccb,Patras2012_JAS,5.2,6.7,5.772167293234847,5.329227905382644,5.482440501576851,7.220133550464036,7.514922720786255,7.37721892529211
V44_45649674b8bd,Wochner2012_Semina,4.99,10.03,4.49128373168624,4.689580032541953,4.620989403884768,7.615889923745843,6.678894640372767,7.116589847220261
V44_ccc1fc6ba334,Wochner2012_Semina,5.89,8.22,4.389642530990356,4.354623082713828,4.366736298957144,7.50598896352847,6.5890801218119535,7.017392422051798
V44_20c3371c9112,Wochner2012_Semina,5.61,9.17,4.431494790100429,4.61384965113458,4.550773161542739,7.551242300088547,6.655647724186809,7.074003568775119
V44_20784459e90e,Wochner2012_Semina,4.58,9.19,4.370211124974936,4.326007486519189,4.341297511282791,7.484978485839942,6.388348922999381,6.900613511583723
V44_0fcd09a4a8d9,deRidder2012_JAS,3.4,4.12,2.1066173902954084,3.450436419616836,2.985609836241924,3.6128189891834275,3.5262485883969306,3.5666879055968117
V44_f1a9ed2c8b32,deRidder2012_JAS,2.7,3.28,2.105222977155435,3.450436419616836,2.9851275091714444,3.6200481426043893,3.616416846307832,3.618113120570734
V44_fe13f4ad91be,deRidder2012_JAS,3.08,3.17,2.0982056467440184,3.4433577613972126,2.978070064221564,3.6070292135423845,3.545794411690103,3.574398802489718
V44_b09a7c45efed,deRidder2012_JAS,2.93,3.15,2.2128334306863353,2.6662882869996207,2.509438393542389,1.6381631123330642,3.3040548854240464,2.52587290612557
V44_7632b5fb039c,deRidder2012_JAS,2.61,2.7,2.2202332140236543,2.667445374858156,2.512754827821192,1.6277916481736998,3.315004885424047,2.526863087937447
V44_b153dd2a8ea7,deRidder2012_JAS,2.75,2.5,2.2181018170364943,2.668819239380573,2.512916223480034,1.6251717305711253,3.3040548854240464,2.519804289102166
V44_52bcbfdeb535,deRidder2012_JAS,2.48,3.1,2.3425388731262937,2.4716085142967907,2.426963365646825,-0.29532138292620047,3.226504613749112,1.581366814819633
V44_cba91cf27a41,deRidder2012_JAS,2.33,2.49,2.3576314354355397,2.47532627774135,2.434615668473163,-0.34949583902395,3.2284296137491117,1.5570862794488005
V44_3d66474f86a6,deRidder2012_JAS,2.61,2.3,2.3719151061845536,2.474218334674967,2.4388316798279717,-0.4269860592250936,3.21843247649421,1.515561343254949
V44_b2c65fe39cef,deRidder2012_JAS,2.39,2.87,2.2281849564755163,2.3708108761122446,2.321476614966291,-0.878259651515048,3.011437600283484,1.1944574367641132
V44_96b2b8177ad4,deRidder2012_JAS,2.53,2.27,2.2291008815951616,2.3708108761122446,2.3217934331796832,-0.887609233877436,3.0166376002834845,1.192860943148132
V44_8af15b3edd74,deRidder2012_JAS,2.23,2.2,2.2327307246453465,2.3708108761122446,2.323048994759323,-0.9101416994537121,3.0166376002834845,1.182335434262229
V44_1a9fe2c63143,deRidder2012_JAS,2.92,2.77,2.1912209834966316,2.41264368528098,2.336053641751062,-0.6963169930501998,3.1783405582329287,1.3683858354439709
V44_907baa49f326,deRidder2012_JAS,2.48,2.33,2.2538915010337988,2.39697366527804,2.3474815892645586,-1.0114330818241442,3.046222110087406,1.1507843634361294
V44_a52353c36c05,deRidder2012_JAS,2.88,2.41,2.1713171439013927,2.41318118528098,2.3295204887566188,-0.5962330460219079,3.185219714859434,1.4188034076185554
V44_5c7ab7df53be,Otten2013_ArchTierz,8.343,17.548,8.263202477940965,8.960877965860062,8.719552232053765,17.18719458234897,12.698695646803301,14.795391868107751
V44_c150e2188fda,Otten2013_ArchTierz,6.907,18.104,8.162545031350284,8.721148176504927,8.527927522712112,17.725820644822974,14.12329581236262,15.806130165637743
V44_d75fa77c03dc,Otten2013_ArchTierz,7.256,19.286,8.200615423035988,8.904305092510592,8.660899055178861,17.89791647015699,14.283398495779958,15.971835161921668
V44_b6c03166fb2a,Otten2013_ArchTierz,8.824,18.904,7.445539476786338,7.390463027643702,7.4095139542348525,16.796524032410215,14.605738523341785,15.629112208957665
V44_6b8e3e1a16e8,Otten2013_ArchTierz,6.308,15.286,6.9829255686043545,6.660494959168433,6.772023606470942,15.389085336924897,13.815323322061687,14.550469061690793
V44_d4d11430e5d9,Otten2013_ArchTierz,6.854,16.03,7.135494477586867,6.829843764031285,6.935568250579066,16.399261716832033,15.010844002605529,15.65941053159747
V44_369cd00730ec,Mariscal2014_JASB,4.1,12.6,4.088900283259436,4.259845033176129,4.200715297463294,5.527313680744616,7.600889833333331,6.632267729117273
V44_cc0afc581918,Mariscal2014_JASB,3.7,11.9,4.097032815555853,4.264166992203209,4.206355332596484,5.3101655056898025,7.638034499999996,6.550625503328682
V44_9d3e60b2edc4,Mariscal2014_JASB,3.8,13.2,4.105636517499809,4.2627483080439506,4.208403388666357,5.349684202073631,7.516974055555554,6.504575810280134
V44_b1ee8c6d6ce9,Mariscal2014_JASB,3.8,12.0,4.096899196977853,4.260931237457744,4.204192605784412,5.477415896283811,7.456648055555555,6.532096518611764
V44_4a27eb2cae6c,Mariscal2014_JASB,3.6,10.2,3.9593194127164497,4.315208308366617,4.192106450291522,4.169615789267096,7.609858666666663,6.0028304942212305
V44_f9f7e386b9e7,Mariscal2014_JASB,3.4,12.1,3.900580283274216,4.492170850467932,4.287539857673956,4.225052357839347,7.584143666666666,6.015023531991031
V44_48f0d809c65f,Mariscal2014_JASB,3.5,12.2,3.865179723836023,4.542656183055832,4.308317286980597,5.494549327421991,7.365401666666668,6.4914772017974265
V44_3d3fa5385c49,Norgaard2014_Finisher_LowCP,5.0,13.5,5.698051745186168,5.792695913385792,5.759958525106057,14.38709421971684,11.62563150010631,12.915583560388269
V44_677d704a3bea,Norgaard2014_Finisher_LowCP,5.2,16.1,5.964189180495037,5.520063590853039,5.673686493876597,15.443542167067964,12.588093297586036,13.921948767029962
V44_f900474360de,Norgaard2014_Finisher_LowCP,4.7,17.7,5.711840158053717,5.6165577897120045,5.649515931221961,15.910850644738694,11.256618150199523,13.430732887554658
V44_545964d9d7ee,Norgaard2014_Finisher_LowCP,4.7,22.5,6.277031935286693,5.857189504172083,6.00241287023006,18.049871237961,17.25074605601413,17.62403850264218
V44_91413038d0b1,Prandini2014_JAS,11.27,20.87,3.590049790002128,6.221169727449088,5.311066161204269,23.24590613877386,12.977265507686795,17.774018346064413
V44_6acc656266ad,Prandini2014_JAS,11.7,16.26,3.1943301996043303,5.8710947172240315,4.945202704924842,20.436709537256405,11.818809772398772,15.844458019625291
V44_33f5d1751647,Prandini2014_JAS,9.92,17.79,3.100688766262778,5.893853060474968,4.927698401734158,20.399381631984742,11.673182623848867,15.749420303625627
V44_83623b2f06b4,Prandini2014_JAS,11.2,16.49,3.172017188000071,5.865115272452498,4.933573484477029,20.42369654418025,11.726699581465667,15.789296215724
V44_a8370bb85861,Prandini2014_JAS,5.97,30.5,7.010796560534437,6.902021155101116,6.93964653393529,20.503630104757864,24.100930330178908,22.420536528632642
V44_28ab46fb14f9,Prandini2014_JAS,4.55,22.99,6.107572783637894,6.000595202801372,6.037598714667895,15.652353066343235,15.62850981072372,15.639647624206336
V44_76df424f5221,Prandini2014_JAS,4.57,23.28,6.101327341213983,5.986129707809962,6.025976533297398,15.385740901351586,15.460303882056278,15.425473547430451
V44_913b49187dc7,Prandini2014_JAS,4.69,21.71,6.030639330979354,5.974974832090677,5.994229164905688,15.229471501460589,15.538851347763762,15.394331862740701
V44_fd0e33a1890b,Prandini2014_JAS,5.48,38.72,9.166887977506658,8.437186367043354,8.689589926655174,27.55598546423929,27.604362745675335,27.581764441734418
V44_03f04ebcc446,Prandini2014_JAS,4.26,28.14,7.416823023649832,7.278234226677082,7.326172048351934,20.65617522948679,19.334232096289508,19.95174659544738
V44_4f8c9d8000c6,Prandini2014_JAS,3.85,28.96,7.301974780625168,7.169174778718634,7.215110257984445,20.27180179843954,18.916344575305256,19.54951438968998
V44_d4d4c96cdb9a,Prandini2014_JAS,3.95,27.82,7.315224967794901,7.288572473199841,7.29779156277271,20.219357656070986,18.89300631099961,19.51258000217509
V44_07ff8b3fec88,RojasCano2014_OSS_IBDU,14.27,21.13,10.146089437918576,10.114847353356305,10.125653980668261,19.11802713769172,18.175672137059614,18.61587100918266
V44_5f0b67f9f9f2,RojasCano2014_OSS_IBDU,13.17,20.51,9.714399662084459,9.967427748961704,9.879905412579527,17.777336689103404,16.680109792728715,17.192653411559437
V44_dc8df3c3a0b2,RojasCano2014_OSS_IBDU,13.39,20.37,9.631473466030808,10.604499872510877,10.267930341801012,17.088645864775934,15.181499532383919,16.072377878579818
V44_73fd5e6a3dbf,RojasCano2014_OSS_IBDU,13.25,20.28,9.471553826160202,10.008482068873043,9.822758757078796,16.371214088013915,14.299554057334605,15.267281090475745
V44_9ff5f916ddbe,Zhang2014_ThrLys_Weaned,0.9,1.9,1.3982180070441492,1.393959583386444,1.3954325708022968,2.529380888255597,2.3097361111111137,2.4123379788805464
V44_94663c94bfec,Zhang2014_ThrLys_Weaned,0.87,2.03,1.4593113500007453,1.3874592342649772,1.4123128587017295,2.55629488519153,2.3206277777777795,2.430714098549089
V44_ca2eed467767,Zhang2014_ThrLys_Weaned,0.83,2.1,1.5353995819603083,1.3908879379360408,1.4408744705598653,2.5924851389948333,2.302244444444447,2.4378235269553783
V44_4d7d772ec3ab,Choi2015_AAJS,1.09,7.7,2.7332282747393553,2.1313260391528184,2.3395238348297323,5.115003457983241,6.916495584106975,6.074971103920335
V44_e662dc83f548,Choi2015_AAJS,1.54,8.11,3.1250392162228233,2.2412871647718124,2.5469767239038745,4.863439315351566,7.784913431831626,6.4202158283291695
V44_03e001025790,Choi2015_AAJS,1.37,7.74,2.624729533752027,1.94032453675034,2.177060011884706,4.915944467999948,7.348083333333338,6.211967130152759
V44_379bde713a41,Choi2015_AAJS,2.1,7.83,2.952723092922464,2.369477432309863,2.571221924518533,5.003939611876614,7.58366666666666,6.3786081280669205
V44_f36022163fda,Choi2015_AAJS,2.35,8.23,3.019143833342672,2.3656111802866255,2.591667921273081,4.920277103902718,7.800783333333331,6.455222910256865
V44_0a189c566ab6,Elsbernd2015_JAS,10.9,14.3,10.29162510836698,9.177937543092119,9.563161724785125,24.579645095188255,22.00579034913473,23.20810577746197
V44_5413af89449d,Elsbernd2015_JAS,11.2,25.1,10.653754899206639,9.281588144108431,9.756220196993567,25.328780169851093,22.64612395166326,23.899263416883947
V44_ae311bfb4106,Elsbernd2015_JAS,10.3,11.4,9.567365526687698,9.104697446617948,9.264734191300786,23.081374945862464,18.912636798673663,20.859964323160618
V44_828e879bfb3e,Elsbernd2015_JAS,11.3,22.6,10.884201129740946,9.327431633123295,9.865917716759473,25.805502490091122,23.2085572849966,24.421658875672247
V44_3a66bc44bdcd,Elsbernd2015_JAS,14.1,24.9,13.518246942477873,11.078099489666817,11.922145733002056,31.510513259071836,34.16484124017125,32.92493464155306
V44_1af63ba83153,Elsbernd2015_JAS,14.2,38.0,13.489745370107038,11.078099489666817,11.912287048002902,31.45120198881348,34.16484124017125,32.8972287830874
V44_e882a90d6c32,Elsbernd2015_JAS,14.1,23.2,13.047970998359112,11.225445901838166,11.855856764645074,30.531877299808244,30.02292641112562,30.260670793034596
V44_bf9d1ed3eebf,Elsbernd2015_JAS,16.6,43.4,15.271093643284154,12.432020043786709,13.414054716915793,35.15815637996364,34.16057790683791,34.62657311928929
V44_40771fea2912,Elsbernd2015_JAS,13.3,29.3,12.931929513568948,13.759257111346058,13.473084753152339,31.31373405893494,32.26889276230162,31.822712942978235
V44_1498b1d7d086,Elsbernd2015_JAS,13.9,38.6,12.996449494878,13.687262666901612,13.448310606024585,31.449366480538373,32.36992609563496,31.939908422872865
V44_c94723c37fdc,Elsbernd2015_JAS,14.9,40.6,14.157809158440942,13.668362149001403,13.837661717006279,33.89075006939892,35.714525903364475,34.86259211558981
V44_1d9ae2d05916,Elsbernd2015_JAS,14.0,47.1,14.390081091153533,13.668362149001403,13.91800450613258,34.379026787171014,35.714525903364475,35.0906790470573
V44_bff5c4f01a2d,Galassi2015_IJAS,9.3,32.6,9.492767184133644,10.89194516504575,10.407969937570964,24.033055929922526,24.78394311803154,24.433183910434067
V44_09fac5923a27,Galassi2015_IJAS,8.89,24.3,7.7330399469172875,7.706298261665533,7.715548202258752,16.85094303110209,17.143945541790885,17.007076342128432
V44_19e8b32cb747,Galassi2015_IJAS,7.69,21.0,6.973543819663355,6.072468921540929,6.384150447937115,14.746059951157871,13.885686865217707,14.28758982300096
V44_0a80fab56b2d,Norgaard2015_CAA,4.4,9.2,6.944132340049018,7.156062045851908,7.082755626673017,12.07459360648254,10.770395340943791,11.379620744459338
V44_d1d4d50940e1,Norgaard2015_CAA,6.3,8.9,6.958861835415169,7.437411378466625,7.271881240688655,11.925689965274358,10.010711445743206,10.905248413098427
V44_f66667beb998,Pilcher2015_JAS,11.3,23.0,8.759494331132107,10.046691209847495,9.60145021071813,25.331143098031987,25.94208874332143,25.65669992084529
V44_91b858b71eaa,Pilcher2015_JAS,13.8,26.4,11.236287279259841,11.916046157355176,11.680917773302324,29.53799013925858,29.459824249342773,29.496337597875282
V44_0960f7bbf206,Pilcher2015_JAS,12.5,23.1,8.995131489995138,9.116340918787655,9.07441461514921,23.863220202012265,27.00362398187259,25.536658559098598
V44_6d42746a3894,Pilcher2015_JAS,12.7,26.3,11.083708021300305,12.251778346569067,11.847743185145234,31.107847576001898,29.96703334597828,30.499937757820383
V44_fff9402b4f98,Pilcher2015_JAS,12.9,24.6,10.072006361617532,10.87378203652357,10.59644808048644,27.487692161243075,27.869939039311642,27.69138144213704
V44_1ef962e215ee,Pilcher2015_JAS,12.3,24.8,10.055596377390284,10.87054592541246,10.588655130770743,27.493207224364678,27.919555705978308,27.720397086761768
V44_b90616a6f63e,White2015_AFST,17.0,21.0,11.822662658431849,11.737195598138625,11.766758627654033,24.481131284798813,27.14661430528871,25.901496893595947
V44_120abfe557de,White2015_AFST,15.6,18.4,11.154485363989872,11.550143508970137,11.413285479947806,22.21134636519274,25.749780706847627,24.09688471199099
V44_a27d34879ed8,White2015_AFST,14.8,20.6,11.665390121597511,11.674966776682865,11.671654214673877,25.138928854484544,27.139600971955375,26.20503426513264
V44_8420bfcc3965,White2015_AFST,15.0,20.0,11.805451135510557,11.782988848957169,11.790758546874509,24.43470563467328,26.551604887528033,25.562745420681978
V44_59560b79e4ad,White2015_AFST,12.2,14.8,9.613947379704946,10.33023481911065,10.082471217086468,16.645226314242233,15.157730068733501,15.852578792538214
V44_5bcfca77fc29,White2015_AFST,10.8,15.2,9.382156059113656,10.280255610897353,9.96960325587232,15.963503100408591,13.687193299506268,14.75051763724279
V44_d8c6bef4eff7,White2015_AFST,10.6,18.6,10.066704859062158,9.15839491400048,9.472579040877795,20.16248293937733,18.475611248538303,19.26359350068908
V44_b0df094aeaa2,White2015_AFST,12.4,18.0,10.154396622855508,9.796402789490255,9.92023274486489,18.465702125341576,14.636216890176732,16.425070432844485
V44_1f32d10b6c30,Acosta2016_JAS,12.6,39.2,10.710450236820211,12.370861515323183,11.796525771637938,23.610531239505224,23.13620228102461,23.35777384630352
V44_1fb60cab8c26,Acosta2016_JAS,14.7,39.4,11.925202584243765,12.422338875336953,12.250379587204824,25.89373542730521,27.479374632483466,26.738680744038717
V44_97d2cfccae03,Acosta2016_JAS,11.3,41.7,10.679407963170288,10.891949264828272,10.818431294833736,23.4409121072782,21.906547155623993,22.623289488067982
V44_66ce986dec3e,Acosta2016_JAS,14.6,44.6,12.181288597679927,13.605094626588803,13.11260056498848,26.23298392732691,27.254205034820103,26.777165724363627
V44_dfed0f32e884,Acosta2016_JAS,17.9,43.4,13.247634757877773,13.568569010461067,13.457557952527468,28.250923073460996,32.31204877008249,30.414989859158737
V44_bb483fb33ce7,Acosta2016_JAS,15.0,36.4,12.072379307634609,11.911828684987482,11.967363095317616,22.9925945242948,20.85859066301396,21.855440143530256
V44_2bdee5c5fbc2,Acosta2016_JAS,17.2,33.6,13.139319074089581,11.337649484334525,11.960846433851758,25.010526687327765,22.8163004788066,23.841281405873303
V44_8dfd7a2f4752,Acosta2016_JAS,12.4,36.1,11.502252681146167,9.598885720626361,10.257259758992127,21.812943618701468,17.524013166976943,19.527485686565537
V44_af4d83e5803f,Acosta2016_JAS,17.0,36.6,12.665575662594085,11.792390814338077,12.094425181178776,23.92552021881582,22.17136741258076,22.99077844803788
V44_c3d796c4e30a,Acosta2016_JAS,19.8,39.8,14.479951098305563,11.914405647699517,12.801827019385582,27.220891968860833,26.507659533384683,26.84082921301452
V44_6589a0c43394,Batorek2016_IC_FatContent,8.5,25.5,10.833661697408559,10.63719738996485,10.705154332671853,24.061768905959,24.17921627283142,24.12435351050047
V44_fe64abe43a71,Batorek2016_IC_FatContent,9.0,49.9,14.45098900079049,14.399168800990282,14.417093391948857,38.30583740560849,30.986608333333354,34.40561325214266
V44_c6b7db3674f3,Batorek2016_IC_FatContent,10.0,46.1,14.442171824745309,15.983079949531438,15.450080309467808,37.248437988559026,30.0620866666667,33.41902088408478
V44_1f5b5efe2139,Ceron2016_MVZ,1.46,7.53,2.2733617562165045,5.163011885270582,4.163482806332524,7.598104107181981,11.032329311923101,9.428112153071567
V44_4f9d73cae0fd,Ceron2016_MVZ,4.16,8.32,3.748957103592377,4.754053796357883,4.406391163618169,12.195578993034207,10.846056118667937,11.47645384224536
V44_962416d5a2b3,Ceron2016_MVZ,6.16,12.31,5.177990875580903,5.389299986046994,5.316208230601662,16.475500624961235,11.692105065914724,13.92655527692676
V44_2e2651b9d523,Ceron2016_MVZ,7.27,14.28,6.739572969195632,7.024879522639548,6.926192074733133,21.12078173913,18.309602918049332,19.622778680416843
V44_91c5a182d15c,Kong2016_AFST,1.596,2.7,2.321581702558051,1.9640999846969553,2.0877527994783285,1.8509638543729938,2.611880299348057,2.256436161381769
V44_f5cf6427d5e0,Kong2016_AFST,1.608,2.34,2.345573318665611,1.9482526026898295,2.0856857145012873,1.8070593938627955,2.5973566140806734,2.2281879411829504
V44_730ba1679820,Kong2016_AFST,1.586,1.7,2.339611847228876,1.9469657971342738,2.0827819434745214,1.8514351452857358,2.6141794980251194,2.257881496137423
V44_b00a11c0ca58,Kong2016_AFST,1.826,1.92,2.3358495530689862,1.9444468388009406,2.079832915666329,1.8834052339100378,2.6344678294685395,2.283626684425652
V44_1447c6607c9e,Kong2016_AFST,1.47,1.8,2.3524260237532437,1.9493862611494253,2.0887975894068984,1.7383412278612784,2.6041941241208337,2.199731402426499
V44_bf6e4fe90281,Kong2016_PeerJ,2.0825,3.65,1.8772804009580222,1.6509348567399966,1.7292277099332776,1.2263937489869594,2.8731999999999993,2.1039333713782358
V44_01cd499a3a16,Kong2016_PeerJ,2.06,3.375,1.8684822224725615,1.5126247242194228,1.6357157219446719,1.2977487460468886,2.8893666666666653,2.1458799625714047
V44_cabeff76be68,Kong2016_PeerJ,1.925,3.025,1.8783891481903456,1.672214935744326,1.7435305315650589,1.424547048334297,2.840924999999999,2.1792975067464253
V44_f08fafddb735,Kong2016_PeerJ,1.9625,3.575,1.8795814411305685,1.6516648567399967,1.7305011322392694,1.2800540224517505,2.868799999999999,2.1266548562509353
V44_095bab6526ba,Kong2016_PeerJ,2.0175,2.775,1.8791465213801883,1.6700103107443258,1.7423504608156728,1.4685734321483412,2.8571805555555554,2.2085255485402984
V44_841a7e83884f,Rudar2016_JAS,0.5,2.82,0.7454137088182389,1.847193213603892,1.4660880263223683,3.7476461564049828,2.9403528132120478,3.317460823364909
V44_0e32e9ff570f,Rudar2016_JAS,0.54,5.54,0.6038234711480426,1.8213604336477367,1.4002147778244378,3.4337427171563037,2.919823207205266,3.1598885631387814
V44_349036dd3930,Rudar2016_JAS,0.74,2.86,1.8166209181318926,3.3015894296016595,2.7879392843478232,5.012864753775159,3.558200133344289,4.2377123392554825
V44_25565275aa78,Rudar2016_JAS,0.58,5.46,0.4935174381919465,1.8312695917673947,1.3685415388219764,3.3091457731928022,2.8973667375352083,3.0897195843273413
V44_c0e92faef52b,Rudar2016_JAS,0.86,3.18,1.7266147976384731,3.32018477944953,2.768969419455637,4.855125871529428,3.318964837496999,4.036546167385266
V44_80c10f863897,Rudar2016_JAS,0.62,6.04,0.623553617345074,1.8241095917673948,1.4088376544270984,3.4249843405593383,2.928716737535209,3.1605364222356607
V44_da0af652d6d8,Rudar2016_JAS,0.9,3.8,1.8589199240513885,3.312029902916492,2.8093996141603284,4.933923253931533,3.515541805505869,4.178105184931264
V44_49d946495280,Chen2017_AKG,6.08,14.53,8.990361261510571,7.980929819475339,8.330091840636312,17.485593925099742,13.725540261084923,15.481960485852873
V44_1c22da2d4429,Chen2017_AKG,4.77,10.97,9.197828027983386,8.01439703446412,8.423745446247892,17.342095757993114,14.353466885407336,15.749534246459342
V44_3f8270a621ab,Do2017_RSM_WeaningToFinishing,2.22,3.75,3.340534179328631,3.5103786939106403,3.4516295292571293,4.402967756028673,4.439713333333331,4.422548505137831
V44_a450570e8d69,Do2017_RSM_WeaningToFinishing,2.63,3.2,3.5580221333053785,3.2284120558240925,3.3424240788856587,4.19388779819696,4.3329299999999975,4.2679797207844725
V44_3b11e5e67905,Do2017_RSM_WeaningToFinishing,2.72,3.15,3.6405722916707,3.23537143869274,3.3755302874370186,4.1201145675896385,3.9249108232931733,4.0160956400722645
V44_a729eadad21b,Do2017_RSM_WeaningToFinishing,2.88,4.17,3.5625736024078347,3.2326025369659113,3.3467394256505423,4.157941204581486,3.52512846987952,3.820731986488497
V44_a1af0b81fa68,Do2017_RSM_WeaningToFinishing,2.42,3.57,3.6549266730697503,3.2673860987066567,3.4014362625827483,4.325762016587024,4.07522748995984,4.192258774322093
V44_ad03eef2c909,Lee2017_LivSci,8.59,9.29,9.389238523504321,8.565558454645862,8.850469133723552,14.826466042469347,14.638444554542668,14.72627434996446
V44_ff2ea7f66928,Lee2017_LivSci,9.12,8.51,9.40242011511993,8.569738590021219,8.857762870006665,14.853905279703122,14.634462946549107,14.736970247391838
V44_c39e86ee9d98,Lee2017_LivSci,8.99,9.88,9.393404973108948,8.552019604150138,8.84305454101381,14.657396555600341,14.432002590149821,14.537290055391802
V44_26874a39aa21,Tusnio2017_PLOSOne,2.960924,5.443546,3.700320657823826,3.4238897036751808,3.5195070845518788,1.9469222070937633,4.335098157894733,3.2195181914608497
V44_b1f07415ee1c,Tusnio2017_PLOSOne,3.132974,4.479174,4.056562534533524,3.294621855594332,3.558176898943068,2.8532148342407417,4.320986412796697,3.635351601094951
V44_f6728a45308b,Tusnio2017_PLOSOne,3.986309,4.778619,4.179739823290745,3.3002032742901535,3.604434692438584,3.0381409864203803,4.413008683880327,3.770771725054498
V44_603508636b31,Koo2018_FermentedGrain,2.1,2.4,4.089673858132956,2.732462067716318,3.20192120297955,0.47901177684227925,3.208883876276083,1.9336886277711458
V44_329ed8236096,Koo2018_FermentedGrain,1.8,1.7,3.4466642187220797,2.857688906785898,3.061415283601466,1.4940800100597436,3.2827560984983055,2.4472183274927226
V44_b1d727c87d6e,Koo2018_FermentedGrain,2.4,1.7,3.3533406576781966,2.77323806384584,2.9738953702349145,1.310668481920091,3.1702625872222234,2.3015971403242155
V44_554440c4fc77,Koo2018_FermentedGrain,2.2,2.8,3.516625092284934,2.8223906628198825,3.0625261355794997,1.1027697701495232,3.3841236983333363,2.3184431157223573
V44_89ef2de2d070,Koo2018_FermentedGrain,1.7,2.2,2.790003928054611,2.6894014479798476,2.7241998144799915,1.5873412247573295,3.531153796831641,2.6231476831358993
V44_b4005a6015fc,Koo2018_FermentedGrain,1.8,1.9,2.4532222162297037,2.6276188139643053,2.5672950851671934,1.4407427823103767,3.4701245619966112,2.5221468148358115
V44_b195fb41cc02,Lyu2018_AFST,5.0,10.1,7.138872942260719,6.6609269133057465,6.826248295745858,13.02384578311161,11.890127062362135,12.419716974702965
V44_a5da0da82060,Lyu2018_AFST,8.0,8.9,8.623651260796628,8.001067165530923,8.216418810024342,12.979710303821172,13.680113975321278,13.352936949658575
V44_42b9a024cfeb,Lyu2018_AFST,7.3,7.6,8.090443202356315,7.680265296361814,7.8221457061931705,12.967184850784966,14.08228826833531,13.561394055032517
V44_901abac849f4,Neumann2018_Animals172,9.43654552963016,22.6070883797597,9.545432828313155,10.06978357216281,9.888410813304944,23.192499447848462,19.870303607037755,21.42218889561349
V44_c0bd4ca3ea41,Neumann2018_Animals172,9.28666745698031,19.1755420186795,9.691427811112215,10.06963969924645,9.938816325029176,23.958716179986133,19.95867223018554,21.82719824635113
V44_34dcb468c76c,Neumann2018_Animals172,11.2554385189452,14.4563899495976,8.39068893060467,7.543842938907329,7.836766703474188,20.55890723721714,18.2941870114154,19.352097552987804
V44_397f309a76df,Neumann2018_Animals172,12.5282143208123,15.1245733436024,10.180006257201878,10.295908697374758,10.25581807944566,24.81562075844811,19.94200941333331,22.21860179714468
V44_8ab9bf5a8df6,Neumann2018_Animals172,12.3589514572265,19.8506121553725,9.602936466862486,9.89666682786458,9.795065587549486,22.918784071908487,19.168985573333327,20.920615339880175
V44_8377e6943bf2,Neumann2018_Animals172,6.31210694289821,9.56940062333383,5.025239639822441,6.13777467906462,5.752949155767076,11.859930992974297,8.050367540466775,9.829915093087731
V44_2f6b2d054405,Neumann2018_Animals172,5.57142675005881,7.57534314564448,5.139439887173264,6.249920804776219,5.865805801513415,12.512162096871691,7.102153114343488,9.629310980208288
V44_e1636f47c3cb,Neumann2018_Animals172,7.36508760002504,8.38971928754339,4.655039991632341,5.971092753775024,5.515870513562516,11.185807311008451,7.74271001647466,9.35107156243879
V44_f7bc4a19dd70,Neumann2018_Animals172,6.45561565568935,7.27014971157499,3.8854314698059804,5.001416601178516,4.6153976920884725,9.940381919293394,6.230991112133441,7.963745380408261
V44_ff184715689b,Santosa2018_AFST,3.31,6.05,3.464494782187422,3.871437995868954,3.7306764651004025,5.293635532794074,4.268343230084741,4.747284303190255
V44_bc0f83f66f4d,Santosa2018_AFST,3.48,4.99,3.4211365686685618,3.88017813938184,3.721395803155026,5.259264770223227,4.244034893763473,4.718275542206397
V44_54041b7aaeb7,Santosa2018_AFST,3.48,4.91,3.4390831968371463,3.895269216756559,3.7374746146592694,5.247062843006944,4.272312613423552,4.727644151300966
V44_498303fd128c,Santosa2018_AFST,3.26,4.16,3.4479360890433837,3.8966403417028146,3.741433680568692,5.274471025567836,4.273581288418074,4.741123279618121
V44_1e3df4751846,Santosa2018_AFST,3.35,6.01,3.435189568572978,3.879738452033361,3.7259691318099635,5.290497321988637,4.236940803763472,4.729084837306577
V44_c6ffa54ff679,Santosa2018_AFST,3.56,4.34,3.4382416509699087,3.8917831109484786,3.7349032613104196,5.232099539195776,4.272079164431436,4.720529998674303
V44_becca0774a4f,Santosa2018_AFST,3.61,4.26,3.4290252211326138,3.900130600541829,3.73717539664737,5.21811285718818,4.280481702326173,4.718473941515041
V44_795b9cb117ca,Wu2018_JAFC_LPAA,6.3,10.2,5.943516205731296,6.120524226586499,6.05929720734595,9.010074141194334,9.595835226666685,9.322210776236073
V44_1775283300a2,Wu2018_JAFC_LPAA,7.16,11.2,6.527301092521425,6.80814092252465,6.710998512864096,10.919538069202039,10.67135063904126,10.787285532747568
V44_4c1ba794fefd,Wu2018_JAFC_LPAA,8.91,13.0,7.170652240069131,8.321306242340022,7.9232953816124985,14.519565353014244,12.411112513704419,13.396026438038927
V44_eb05166a08ca,Wu2018_LowProtein_AAUtilization,6.3,10.2,5.862719585111608,6.356488033794787,6.185693681302525,10.251205426880512,9.737883333333352,9.977669620309841
V44_2c4605a519b0,Wu2018_LowProtein_AAUtilization,7.16,11.2,6.410295330747443,6.7506932840398575,6.632949738097794,11.933640250724734,10.768357296492786,11.312691694689894
V44_2b5904c4b63c,Wu2018_LowProtein_AAUtilization,8.91,13.0,6.990960128697039,8.315417126669486,7.857287863903055,15.037717368952986,12.949449142538676,13.924934301890895
V44_a7ed2747120d,Zhou2018_SIDLys_LowCP_Weaned,1.72,2.62,2.1092008741461687,2.2081581093150326,2.1739288325150175,1.7304312338574395,2.6673392120267683,2.2296847877423143
V44_778620c6582d,Zhou2018_SIDLys_LowCP_Weaned,1.62,2.19,1.9765722622432698,2.431213995492165,2.273953561672855,1.5967211788988926,2.752101259313869,2.2123927546304403
V44_49db8cbc5d76,Zhou2018_SIDLys_LowCP_Weaned,1.84,3.05,1.9074234880609877,2.0728467233457493,2.015626877823047,2.5226021001851144,2.3945240484849193,2.4543526840461727
V44_a6a5bccf2ab7,Aquilani2019_Animals,5.2416,15.623712,6.462870518239198,5.27528082489112,5.686067729649416,12.55539341002898,9.819732558259991,11.097631885638854
V44_6e32cf273792,Aquilani2019_Animals,5.6376,17.860752,6.698704226777279,5.345512235804669,5.813580923693181,14.511014994268326,12.915766363574413,13.660949068092624
V44_42966ec0a6fd,Aquilani2019_Animals,6.45568,27.133568,7.421146328315646,6.3163050664412355,6.698469314545413,17.342970728251444,14.475067442099567,15.814740698011844
V44_3f3b7e2bdb94,Aquilani2019_Animals,6.54304,24.750208,7.276338220193477,6.680692701647499,6.886726300850297,18.42006170901434,18.563915488993757,18.496717594723446
V44_34c2cad2f3f1,Arredondo2019_AFST,2.63,3.43,4.9268598563198935,3.500660776712314,3.9939825938034073,4.607003824472828,4.50233604659568,4.551229125889832
V44_b1de809f6029,Arredondo2019_AFST,2.88,2.59,5.240219592756203,3.7013343099920495,4.233634249630798,5.039335223468621,5.0856624416383935,5.064021776312425
V44_5e4ef616b175,Arredondo2019_AFST,2.36,3.23,5.064750033643771,3.6197893108638595,4.119600774480272,4.034254089402642,4.522519356601159,4.29443777399856
V44_92ff2607d12d,Arredondo2019_AFST,2.33,3.11,5.3568540089269465,3.7078141356711245,4.278216513825839,5.4619298001451,5.331197274724556,5.3922658849630745
V44_2dc94d848f48,Arredondo2019_AFST,2.5,3.45,5.1496448908802455,3.700396040847957,4.2016907663443614,4.924906769795513,5.1060555995331285,5.021436203993847
V44_695953f583ed,Arredondo2019_AFST,2.25,3.1,5.081074941544517,3.6166536999412453,4.123196550952829,4.203869955558851,4.483527258262346,4.35289195718316
V44_5f240f67a3a2,Arredondo2019_AFST,2.52,3.29,4.9874356086632305,3.5540742160772063,4.049873474995056,4.669685813047239,4.454700948028429,4.5551260479550235
V44_ac3f391e8a2c,Habeanu2019_Animals,7.95,10.81,10.591307089618208,11.150689095302454,10.957199033895218,19.090126649455232,22.69531762223932,21.011237844508823
V44_1e4216d626c0,McGilvray2019_JAS,6.8,4.5,3.6441500017573127,4.02549495535892,3.893587854773056,6.487446890049439,3.8753549298827643,5.095531969295472
V44_86bbe2732d15,McGilvray2019_JAS,7.0,6.5,3.843584754305143,4.604083495220002,4.341027217784432,9.429148404995152,5.710422276873857,7.447537319756264
V44_15756c09372a,McGilvray2019_JAS,9.5,7.4,4.015430637419278,4.773691542804108,4.511409331980842,12.435899703871891,6.882010046935687,9.476378370167637
V44_c76ddc723239,McGilvray2019_JAS,5.4,5.7,2.5940432613651203,2.346423737396216,2.4320752535542427,5.00556332314285,6.15486516666667,5.617995966727408
V44_44f76eec71d8,McGilvray2019_JAS,5.5,6.4,2.3691936153530606,3.5048415283182752,3.1120212692041984,6.16288921265999,4.427348334356036,5.238065247451822
V44_d123382467e7,McGilvray2019_JAS,6.3,5.8,1.7094795591351222,3.99088582073208,3.2017481059582895,6.778910547568677,5.179329007318984,5.926535728156082
V44_fa156d1aea43,Rocha2019_CR,3.45,16.14,6.010998637944084,5.366847671305038,5.589659289884118,12.499649248094554,11.173207694624631,11.792823524522001
V44_a72dc3016035,Rocha2019_CR,5.43,17.69,8.243537390011705,8.569250971629893,8.456586745272837,15.923546991098611,16.804688825121215,16.39308423740533
V44_970205431028,Rocha2019_CR,4.39,17.14,6.690021000658557,5.341168476416158,5.807736144115298,14.620431997150407,16.038426331782272,15.376043783418737
V44_883e34a5a37b,Rocha2019_CR,7.25,16.5,7.9044838257726,8.413584446845006,8.237486700702338,15.856761751373714,20.91255883654149,18.55086268903764
V44_f4d18cac49cf,Somensi2019_RBZ_FineWheatBranBetaine,7.24,11.2,6.75100180992991,6.9217590225035295,6.862694155899208,15.731679656432918,14.13749668097829,14.882181589831287
V44_2283b3841a70,Somensi2019_RBZ_FineWheatBranBetaine,7.3,10.5,6.8058606411429095,6.972497505043282,6.914857865760727,15.835837033395464,14.224059723958069,14.976963410203636
V44_f0af7a9caf60,Somensi2019_RBZ_FineWheatBranBetaine,9.53,11.1,7.891996153061809,8.328290177292168,8.177376210303402,15.32725392170915,13.692484999149796,14.456128674208271
V44_3a68a66803ba,Somensi2019_RBZ_FineWheatBranBetaine,9.49,10.3,7.864003037785591,8.311469156128148,8.156690765268307,15.303166966742003,13.697752968153353,14.447684184091333
V44_a506ca79eb66,Somensi2019_RBZ_FineWheatBranBetaine,6.19,10.6,6.73689657404241,6.922062208448423,6.85801347322337,15.733702763391602,14.148360014311622,14.888915420294872
V44_ae8e0549776a,Zhao2019_LowProtein_AAPatterns,6.53,17.49,10.18075121662494,9.18446961736332,9.529083112007697,24.95863695266229,23.798160176989896,24.34024948243563
V44_f6f7401c8770,Zhao2019_LowProtein_AAPatterns,5.43,10.82,8.017488455641802,7.11079074808888,7.42441720251445,14.910965082100185,15.530386963620415,15.241038667669695
V44_552c132b7fa4,Zhao2019_LowProtein_AAPatterns,4.86,9.79,7.991209340416297,7.304783896941092,7.5422182438808765,15.460356845483876,13.965486476276814,14.66377984772782
V44_54279744ea3f,Zhao2019_LowProtein_AAPatterns,4.94,10.8,8.047172682880486,7.265629856293206,7.5359652764034415,15.693302767486339,15.83603932351887,15.769363314017035
V44_3a2e1df82308,Zhao2019_LowProtein_AAPatterns,4.5,10.71,7.98514241176956,7.175640618517492,7.455647036482289,15.988300713236939,15.602532515534635,15.782735013972683
V44_5d7f0d564db0,Zhao2019_LowProtein_AAPatterns,5.12,9.62,8.163253633446587,7.3589972349672905,7.6371892725151715,16.685555920587543,15.895846525349087,16.26474060969709
V44_63d6cca2c695,Zhao2019_LowProtein_AAPatterns,5.71,14.18,8.804372850141057,9.389312550275301,9.186982090324125,19.6612196409808,17.013819942330283,18.2504901575073
V44_4de7e60c4104,Zhao2019_LowProtein_AAPatterns,8.53,11.53,8.421525710702497,8.162904781864864,8.252361680537854,18.675555195046687,15.73234416625531,17.107195654733662
V44_aa0f60bf65c3,Zhao2019_LowProtein_AAPatterns,7.17,6.12,7.197449168867369,6.991189089425227,7.062534386613153,10.85341922493218,9.839589858682437,10.31317629187269
V44_12039bbe94ef,Zhao2019_LowProtein_AAPatterns,5.7,6.23,6.813974500849657,6.149427057991804,6.379293811337402,9.470860845015366,8.71208640545211,9.066529956202618
V44_a46c5b602551,Zhao2019_LowProtein_AAPatterns,6.65,7.28,7.625443379103835,7.385840478727588,7.46871904728369,12.32557860357637,12.216806415764596,12.267616773178714
V44_e09cbc44427b,Zhao2019_LowProtein_AAPatterns,7.04,7.49,7.532533933525885,7.361376404958416,7.420579740740232,11.949469160644892,12.428439749097931,12.204699956052092
V44_b97f07787b04,Zhao2019_LowProtein_AAPatterns,6.62,5.98,7.651431040415354,7.420144472394344,7.500146424180964,11.706347688495157,12.337289749097929,12.042560073693194
V44_6739ba9436e7,Zhao2019_LowProtein_AAPatterns,7.07,7.56,7.4503906704252305,6.9719240875957285,7.137425529458783,14.028818033343825,12.152595546313526,13.029028548832358
V44_9baacea27fe0,Zhao2019_LowProtein_AAPatterns,5.21,25.59,9.66490122545014,9.995788880412743,9.88133494369861,24.616325322486404,20.803033333333314,22.58432258374857
V44_71a1c1aca6b3,Zhao2019_LowProtein_AAPatterns,4.66,11.14,7.7777283511287045,7.41344905631685,7.5394531508466915,16.097963730877915,14.873550588420237,15.445506256890152
V44_61e45eeb2eea,Zhao2019_LowProtein_AAPatterns,4.89,9.89,7.990143331183141,7.404230194264394,7.606897365695909,16.01781423079379,16.052296333333334,16.036188833891874
V44_b4c8f710ea0f,Zhao2019_LowProtein_AAPatterns,4.16,11.69,7.492627763450527,7.167745228567696,7.280121996118028,15.421841303530574,13.56504418010834,14.432403083009602
V44_02a40e935dbd,Zhao2019_LowProtein_AAPatterns,4.91,10.71,8.072682257705626,7.4254844455397135,7.649349967036836,16.040966714652065,16.11337966666667,16.079553667141493
V44_530991b6ca6e,Zhao2019_LowProtein_AAPatterns,4.14,10.08,7.952388084718298,7.389036819759933,7.58389984671287,16.086974676821225,16.357734,16.23125517981
V44_0e975f825bbe,Zhao2019_LowProtein_AAPatterns,5.11,15.71,8.44416593334695,7.41497078925418,7.770969068796525,19.273487657040643,19.678679072621566,19.48940347689276
V44_80e5bbf35fa6,Zhao2019_LowProtein_AAPatterns,6.56,10.12,7.8281362773341785,7.936288488893868,7.898878672626333,14.483985721640138,12.847349999999992,13.611865706139422
V44_25f0d61f2406,Zhao2019_LowProtein_AAPatterns,5.67,6.87,6.817779236111857,6.7004530123314945,6.741036116566627,8.455356362200744,7.371266198812569,7.8776733032297575
V44_5649af418338,Zhao2019_LowProtein_AAPatterns,4.5,5.26,6.100865783049764,6.317964280277771,6.2428699777560395,6.110992206929141,7.072353334372224,6.6232761991954385
V44_a1d0f1e8eb7c,Zhao2019_LowProtein_AAPatterns,5.32,5.4,7.235792621046844,6.71436396786459,6.894725976471417,7.463871947503508,7.732990826693263,7.607278301151525
V44_d952ed201b36,Zhao2019_LowProtein_AAPatterns,5.92,4.82,7.549290344944321,6.908368189997643,7.130062963618751,7.633216009676833,10.207266666666653,9.0048597231746
V44_e7d09a569cd6,Zhao2019_LowProtein_AAPatterns,4.79,4.04,6.914992400618493,6.667071695910086,6.752827390392029,8.30303082519929,7.580633333333331,7.918084252499257
V44_257bde9d865a,Zhao2019_LowProtein_AAPatterns,6.32,7.28,7.617759279869463,7.32400045135629,7.425611538574593,11.82431845370703,12.46574060084371,12.166115400643239
V44_1846e8561e5a,Cruz2020_CJYeast,6.1,4.9,5.005032073397615,4.579765733499948,4.726865227915356,6.173848088013222,7.899014709571475,7.093143885386459
V44_0c1103897d4d,Cruz2020_CJYeast,5.4,5.1,4.877474272092771,4.568902337171519,4.6756372732791425,5.9653741430724585,7.612347332756268,6.843002722678962
V44_f36508c0dca7,Cruz2020_CJYeast,6.0,4.8,5.017548363063591,4.730777974956496,4.829971762816628,6.654634039809802,6.41868229033694,6.528901574920503
V44_e21219ca9bad,Cruz2020_CJYeast,6.2,4.7,5.311489301413908,4.692713174011943,4.9067476436082345,7.570420165119733,8.656495108312612,8.149160860907
V44_d801870161f5,Hlatini2020_SAJAS,2.97,0.58,6.664254547439113,5.364304475972902,5.813956800499615,6.431804980519247,10.491137872113049,8.594916427696713
V44_7503b8c2241d,Hlatini2020_SAJAS,4.52,3.36,5.913098831831168,4.334613879533067,4.88061133252042,7.3932764463459755,8.336217153488922,7.895744682408696
V44_99dfe488ea63,Hlatini2020_SAJAS,2.74,3.11,6.0883849682462365,5.515424912363052,5.713611617101832,9.141481605182898,11.27815451558388,10.280058251836701
V44_7ce242f9a210,Hlatini2020_SAJAS,3.1,3.27,7.187067400251661,6.811995992515667,6.941733075542074,11.389775848504035,13.462215496640852,12.494124283625618
V44_93476ae97344,Hlatini2020_SAJAS,3.06,2.06,6.337347736966639,6.842794525093901,6.6679606386280605,12.271559466095024,12.740462250807328,12.52142539439201
V44_04bb8ee05bdb,Hlatini2020_SAJAS,2.38,0.5,6.412351756745698,4.321454592230961,5.044695269705553,5.759951915355321,9.629672214782223,7.822023812538114
V44_549c8db696ba,Jang2020_LivSci,3.92,9.86,3.9432626659337116,4.705494141136264,4.441838511450673,8.439410278892062,8.33965172482773,8.386251576215253
V44_29502dc6a877,Jang2020_LivSci,3.91,9.51,3.9119548004615594,4.778247744647113,4.478597285276182,8.379772598628405,8.384069046932993,8.382062062626074
V44_00b462426fda,Jang2020_LivSci,4.7,9.92,5.4288512083507605,4.875577023708729,5.066954391721265,8.588122275564011,8.337505515325956,8.454575213176472
V44_8a3e2cdfb33a,Jang2020_LivSci,5.55,10.02,6.170773371975201,4.900105666643307,5.339629229851451,8.72582619040668,8.500651585171058,8.605836581471799
V44_05e3cadf1d1b,Jang2020_LivSci,4.07,10.08,4.687891567104167,4.8170088200912184,4.772347202528747,8.529114266348248,8.45990300145651,8.49223340849326
V44_a6742b4a492c,Kim2020_JAST,9.46,3.18,5.648891013949455,5.848098450846511,5.7791926605166255,11.371483649722636,8.902760368027058,10.055966116876851
V44_5c03a27601df,Kim2020_JAST,9.21,2.79,5.915713995710481,5.720799154016205,5.788220137003447,10.675409267330679,8.84687261880069,9.701030308608283
V44_6874df24430d,Kim2020_JAST,8.93,2.54,5.836658852836098,5.735277738126406,5.7703454341040725,10.811727941945875,8.798005952134021,9.738668598472135
V44_e79ac14a2804,Kim2020_JAST,8.07,2.72,5.053011267687232,5.290826508313512,5.2085662907077115,8.924802889513497,6.776613333333334,7.78008932603535
V44_4409bbc28743,Kim2020_JAST,8.05,2.46,5.0707546916628665,5.270511066877643,5.2014153989547625,8.788131384759524,6.793046666666666,7.72500335189177
V44_cff5e1e0a074,Kim2020_JAST,7.51,2.22,5.087411217543516,5.226779721786297,5.178572199609776,8.529079013415569,6.797996666666667,7.606630882094863
V44_1860846f9980,Koo2020_JAS,2.6,2.0,2.466656981615242,2.9586671337495596,2.7884809754854896,-3.4478730566541937,3.5812259999999974,0.29774846265491295
V44_5ed7000db26b,Koo2020_JAS,2.7,1.2,2.49504570968145,3.488742809625706,3.1450232924896184,-2.5362579274773314,3.878842666666666,0.8821800032289446
V44_91d48cc76bdc,Koo2020_JAS,2.7,1.4,1.7737950221475791,2.711768958673091,2.387324066394679,-3.958341343231604,3.061716666666666,-0.21753755931263985
V44_1365ee8d90c3,Koo2020_JAS,2.5,1.0,1.9508129727625088,2.8834172150903132,2.560829698361159,-3.439900653101793,3.0303083333333327,0.007903086564704509
V44_9eaa2c05fbc9,Kwon2020_JAS,4.02,4.19,4.165880850132355,4.472649263017513,4.366538164620018,6.272784607042026,4.476796044929725,5.315749665229311
V44_15665bb29bbf,Kwon2020_JAS,3.92,4.07,4.182897378092854,4.484729327265477,4.380325750127455,6.2946769283727395,4.481429601601871,5.328445246013222
V44_e3c713de1137,Kwon2020_JAS,3.97,4.03,4.188651385077817,4.483299575634676,4.381380858362675,6.327204316192614,4.497729363175341,5.352325359753455
V44_c5cbc69417fc,Kwon2020_JAS,4.01,3.87,4.181615655552328,4.47782503481049,4.37536630285333,6.308364039475783,4.494773904845708,5.341949683848457
V44_1a1f6555915c,Kwon2020_JAS,3.93,4.32,4.176679955449078,4.477256773850872,4.373287346055257,6.288097573321655,4.586332303608458,5.381271739217578
V44_c27df9efc2d0,Kwon2020_JAS,4.06,4.25,4.178680957379608,4.482457799487698,4.377381484489521,6.296273451824223,4.478047644935205,5.3273888686998
V44_2c9d91595513,Kwon2020_JAS,3.9,4.05,4.170105864139952,4.476858155826185,4.370752633746373,6.271204623422241,4.4834946682630585,5.318581132935446
V44_07f0f013dbb0,Kwon2020_JAS,3.95,3.98,4.188651385077817,4.483299575634676,4.381380858362675,6.327204316192614,4.497729363175341,5.352325359753455
V44_b216fec50c98,Nguyen2020_Animal_TofuByproduct,8.22,19.2,6.905536394820185,6.819811721127384,6.849463859037408,17.274492349778193,17.353125637531242,17.31639395514297
V44_caa8605d5b46,Nguyen2020_Animal_TofuByproduct,9.55,16.1,7.696858299046808,8.082190190991057,7.948904009675199,17.006746227927085,17.010442894855796,17.008716084246693
V44_55a2f4b14a9a,Nguyen2020_Animal_TofuByproduct,9.52,14.5,8.161852065314381,8.21770210351311,8.198383592708584,16.60855553883479,16.67804154161577,16.6455827972657
V44_df09f2bfd1b4,Nguyen2020_Animal_TofuByproduct,8.08,12.1,7.638290212941289,7.060274622544042,7.2602100350954295,13.950686385383209,13.777774721262725,13.85854631951572
V44_78bd88357464,Sun2020_JASB,9.03,13.6,7.30895711919531,8.284710798884939,7.9471979052219766,14.722098625553974,12.54553968456566,13.562267765055184
V44_2f17b1fd32b8,Sun2020_JASB,5.87,10.4,5.98902712621634,5.958610922733304,5.969131878037379,8.656802247929068,8.4745143748806,8.559665847588677
V44_7a5fbc7fb7f2,Sun2020_JASB,5.54,7.52,6.00037716652254,5.958249811622193,5.972821650551158,8.698311084307235,8.19110818821393,8.428036036687224
V44_1813d8c5405f,vdPeet2020_JAS,4.0701323708781,12.8415941113266,6.4015712853650335,5.012257630891425,5.492820790925837,17.440767967149732,18.59577408417454,18.05624026765264
V44_b6149a00466e,vdPeet2020_JAS,3.70012033716191,8.96735046418063,5.192736230313947,4.571226231284004,4.786206346224267,11.312059489023579,11.842462342675944,11.594697182208815
V44_40873c1c78ba,Espinosa2021_JAS,2.22,3.44,2.6081741656899706,3.1652904454016713,2.9725840979021148,2.05140143474695,2.014574121319768,2.0317771306136043
V44_c0b018744a27,Espinosa2021_JAS,2.14,2.86,2.698892298608968,3.430510784149711,3.177444178046094,2.2442073186063105,2.183644515312988,2.2119349978640943
V44_c0a3a7d14742,Espinosa2021_JAS,2.02,2.72,2.701400984900842,3.408695159660141,3.164042325073956,2.1726752520031525,2.1580843183163787,2.164900128226478
V44_c40e5e963863,Espinosa2021_JAS,1.98,2.52,2.6667015857164538,3.38076669328188,3.13377179514855,2.1968400610182925,2.1088407879864355,2.1499475690936483
V44_fdc4631f429d,Espinosa2021_JAS,2.2,2.92,2.6674008968174667,3.4269145844959774,3.1641990366678194,2.286001014809351,2.184898242639539,2.2321260137531973
V44_0baa94ee87d5,Espinosa2021_JAS,2.22,2.28,2.758020743744038,3.4024031488405466,3.17951147577117,2.0648023974417473,2.154120886484741,2.112397864789003
V44_dcec348b37f2,Espinosa2021_JAS,2.32,2.14,2.8142674133182264,3.3261592757383376,3.1490960400835255,1.7422246766963791,2.1430907879864374,1.9558356559567145
V44_ade4d3b48e1d,Sobotka2021_Animals960,10.4,24.7,11.086478214917982,12.16347999371356,11.790945414128805,22.398847951799553,24.895703627932537,23.729356495747208
V44_ae91a81c4f1b,Sobotka2021_Animals960,11.1,25.1,11.032951754283449,12.08329744736099,11.719983199517422,22.76908804579842,24.982316961265884,23.948459368654415
V44_860729c2833f,Sobotka2021_Animals960,9.7,24.9,10.829406743096092,11.989801639758044,11.588421406696881,22.471147435323054,24.890570147299613,23.760393994696223
V44_6ee502d28dca,Sobotka2021_Animals960,9.2,26.2,10.884536947108359,11.863713632842158,11.525016722455465,22.925066637100137,25.08345710856548,24.07521599932018
V44_17623afd88ba,Sobotka2021_Animals960,11.5,25.9,12.024210279078515,13.61622250813025,13.065545974330256,21.93542413528118,22.63307210856546,22.307182342211306
V44_e126c3c4abd9,Sobotka2021_Animals960,9.0,28.3,11.903270108081728,13.294567765355131,12.813318339370683,22.07746041480196,22.562093627932526,22.33570867356783
V44_c8c28ba892f7,Sobotka2021_Animals960,9.0,27.1,11.843573483703581,12.962119590554556,12.575214840844774,22.090910999747997,22.429183333333327,22.27116740556215
V44_a19a8dd83260,Sobotka2021_Animals960,8.6,27.5,11.62961283865027,12.81470493690059,12.404781949508111,21.93465152676699,23.3049752945992,22.66486092513279
V44_79b76c8c616d,vdPeet2021_JAS,3.73350447337043,19.1808792319406,7.089545883585021,5.8540716507105985,6.2814218027654825,19.916625408233553,21.484265519283678,20.751979482369535
V44_4163927688c4,vdPeet2021_JAS,3.94351409999752,12.6472464035423,5.943823874048041,4.916450225381619,5.2718184502237495,14.575991408734005,11.334524120570784,12.848698973270748
V44_0db36e1e7043,vdPeet2021_JAS,3.73350447337043,21.9810075869684,7.089545883585021,5.8540716507105985,6.2814218027654825,19.916625408233553,21.484265519283678,20.751979482369535
V44_06d4d6d76f5a,vdPeet2021_JAS,3.94351409999752,12.6939152094595,5.943823874048041,4.916450225381619,5.2718184502237495,14.575991408734005,11.334524120570784,12.848698973270748
V44_78ad11647d3b,Goh2022_MCT_OA,2.14,3.03,-0.5870240846335095,0.651448235041375,0.2230610456967128,0.1490762186886343,4.615387489959836,2.5290557117602805
V44_0772ca6aae0a,Goh2022_MCT_OA,1.96,2.83,-0.899818542759176,0.6865082548826447,0.1377983100351956,-0.3677765424862365,4.470541666666662,2.2104356373965155
V44_ec0444d03ba3,Goh2022_MCT_OA,2.54,3.54,-0.6552488340051434,0.6612327468258866,0.205862178362741,-0.0067946144151544985,4.675316666666663,2.488179012911658
V44_38e761e34131,Goh2022_MCT_OA,1.76,2.52,-0.5827146433345698,0.6497774017080417,0.22345878749463577,0.12410065746102639,4.648970823293169,2.5352846411575087
V44_07cd6ecfed78,Goh2022_MCT_OA,2.63,3.78,-0.8232740723342298,0.6840141278985178,0.16264360925859644,-0.1782946643779919,4.466666666666664,2.296882734274433
V44_e72b635b0e04,CastroDereck2023_TAHP,9.02,5.7,8.270894267000283,6.163705701890586,6.892581569752957,4.246313875956802,7.761286361314018,6.1193500182586895
V44_a9b9bc686f90,CastroDereck2023_TAHP,8.7,7.6,8.25742906111986,6.154201955606978,6.881707555829594,4.237229400139469,7.746469694647352,6.107211009104296
V44_40b06e683a2c,CastroDereck2023_TAHP,8.84,6.8,8.580347403610272,6.5386772690972075,7.244890332238247,4.460962912607842,7.725157475612474,6.200366113481447
V44_d219e8c7e46b,CastroDereck2023_TAHP,8.7,7.57,8.418899422829996,6.209662282804421,6.973836720921731,4.348676179308839,7.758440693287025,6.165649768156298
V44_8eb21703eb26,CastroDereck2023_TAHP,8.53,7.24,8.284358727140983,6.160624265673451,6.895223353928653,4.255396912355142,7.748086361314019,6.1165590121977536
V44_7dbcbf5a0ecf,Buchinski2024_CJAS,4.6,4.6,3.7170280834104523,4.1935674343040175,4.028732621366887,5.037055153336577,3.3981384630266445,4.163719669784328
V44_c9b93d4df52d,Buchinski2024_CJAS,4.1,4.1,3.5954015902286995,4.139513029297123,3.951305052122477,5.129569541385026,3.4170594668850067,4.217018084166818
V44_4ca4c51d2b05,Buchinski2024_CJAS,4.4,4.4,3.632416111701784,4.264338492758867,4.045756738120947,5.315630711591441,3.4741868857716187,4.334373858473096
V44_56856bdbb39a,Buchinski2024_CJAS,4.9,4.9,3.5809842108102843,4.242502815842925,4.013683736556981,5.601086490903107,3.571172813910296,4.5193990243299345
V44_cf1e5ab7580f,Buchinski2024_CJAS,4.7,4.7,3.5387964148180404,4.226572415848124,3.9886709114710746,5.636607762709995,3.6443974077636088,4.57501140216169
V44_36fe68043c49,Buchinski2024_CJAS,4.5,4.2,3.394158659156804,4.114778968210271,3.865516627925479,4.674522779233698,3.8578044480943583,4.239315118668184
V44_355b00e95d0a,Buchinski2024_CJAS,4.3,3.3,3.3721133224403963,4.101449683106207,3.849172463285492,4.864179253909659,3.931180772904472,4.367008967964197
V44_574548c4f027,Buchinski2024_CJAS,4.6,2.2,3.5753300896688804,4.284881557974878,4.0394479262544865,4.7464804775695875,3.8592390982818228,4.2736929444453065
V44_9c89f70de9fc,Buchinski2024_CJAS,4.7,2.1,3.5452637327726544,4.2790053569340065,4.025204357843301,4.860521843354357,3.9042477133669085,4.350948577880344
V44_6acf15c0c280,Buchinski2024_CJAS,4.5,2.0,3.6296973467049733,4.287987128832413,4.060284898382957,4.59131202776156,3.8350103730264724,4.188298820772664
V44_7aaf718e6ff8,Cappelaere2024_JAS,6.05,8.11,7.060120753379213,6.9955093663319055,7.017858424972249,10.416482763635702,10.077783100604066,10.235998645228939
V44_0a9bc626ed8c,Cappelaere2024_JAS,6.5,8.06,7.202081182663246,6.690621683654309,6.867535364939964,8.878762599813967,8.20346254787845,8.518913010822086
V44_8ecb82284f55,Cappelaere2024_JAS,6.4,15.7,7.7095794063832175,7.202492104482442,7.377893444151193,12.742342174892315,10.727747391397322,11.668817742681721
V44_ddfe37ce220d,Cappelaere2024_JAS,9.5,16.4,8.879502276033147,9.340944269416633,9.181331627736403,16.350582480872323,16.620884213333337,16.494619145834964
V44_5a4739229af8,Cappelaere2024_JAS,9.96,15.6,8.619448786273676,9.03661480115792,8.89231720663979,14.187286456545605,16.767120533333337,15.562012001936147
V44_44f9a57e210b,Cappelaere2024_JAS,10.3,20.5,10.265774188613793,9.535447128760593,9.788067031121425,20.125592040281923,19.09771527999999,19.57786362139372
V44_750ce840da9e,Corassa2024_Animals,9.12,6.82,5.419955801436528,5.705012472125715,5.6064114585862725,10.587795842019272,9.254508645894203,9.877322256005751
V44_27877be10e25,Corassa2024_Animals,10.02,9.59,6.866323198799097,6.576039670217212,6.676448652272531,12.334670390258744,13.518225889876076,12.965355903854775
V44_ef39df08b4c3,Corassa2024_Animals,9.97,9.64,6.723593192821578,6.224545896191664,6.397166200543288,10.364708055850443,9.007378898182614,9.641423142553702
V44_5467654bb57a,Corassa2024_Animals,10.99,10.03,6.94256903323102,6.468139398619768,6.632244461352444,15.131244913134104,14.23187194575821,14.651992776646
V44_6ded626598c8,Corassa2024_Animals,9.93,6.26,5.707539338187072,6.254184572353711,6.065100156244374,11.774507750118584,11.564341225768821,11.662515551701967
V44_dd5ac863d388,Lee2024_JASB,7.93,11.55,7.59878458039213,6.237178571607495,6.708157665634543,14.556069389229268,14.391295364299516,14.468265656684656
V44_719c8d88dd6c,Lee2024_JASB,7.91,15.97,7.2822175095277455,5.323512495947628,6.001027949618127,13.724901270381151,14.017496153920396,13.880817367649241
V44_44a5e81e82be,Lee2024_JASB,9.29,12.53,7.756388320669117,6.413715943729142,6.87814590040272,14.994428093393982,14.890121075393504,14.938845634235479
V44_3e2f6bd776eb,Lee2024_JASB,6.89,13.21,7.552126056947871,6.246068421942707,6.697833350793821,15.103727250342349,14.62614300233282,14.849235199197599
V44_8c740ef56a09,Lee2024_JASB,6.63,12.15,7.399203296380322,5.759630554479486,6.326758254849408,14.646250893511722,14.14980251464572,14.381706644509242
V44_9cef8892bf07,Lee2024_JASB,7.49,12.0,7.4706031219040705,6.210522862007128,6.646384231139422,14.93324310469357,14.243595808106155,14.565748247385251
V44_c0f4afa15caa,Yoo2024_Animals_Additives,6.5,17.8,7.026214663384491,7.025967546795617,7.026053024346683,15.295417196161512,13.040032638842142,14.09358224347072
V44_8a7be67a7e2a,Yoo2024_Animals_Additives,6.4,13.3,6.924371646726588,7.1016110450003085,7.040303992382814,15.478773966690852,12.783021653826976,14.042278650234682
V44_8bab123707ce,Yoo2024_Animals_Additives,5.7,15.7,6.706819080482363,7.204989026339291,7.032672197346573,15.520831648592448,12.489874850259922,13.905714701679708
V44_7e6587523c90,Yoo2024_Animals_Additives,6.0,14.2,6.822521266927348,7.111486644372849,7.011533610384738,15.256944413791121,12.724614675510361,13.907532677629632
V44_e3579f3ee31c,Yoo2024_Animals_Additives,7.9,16.2,7.146824461938005,7.076426534046928,7.100777155361471,16.279956061109818,14.955322012469042,15.57409350919408
V44_b05810cfdcee,An2025_JAST,4.4,0.67,2.7541497013713516,3.009838794986687,2.9213960172032385,2.4070367682070835,3.0614345809702677,2.7557481051677146
V44_68734ded490d,An2025_JAST,4.1,0.6,2.7745922035909363,3.0331639820580683,2.943724084482914,2.4378481827385823,3.086714012631455,2.7836116719143864
V44_05173fcef66c,An2025_JAST,3.98,0.6,2.7346888344991194,3.065661602051208,2.9511782249189005,1.298911484895461,2.41535043674703,1.8938323601520737
V44_60fd02309b69,An2025_JAST,3.75,0.58,2.6532008533722253,3.053383094455549,2.9149601820013276,1.3912756273118294,2.4848986931400714,1.9740385185960614
V44_a60580d31d1b,An2025_JAST,4.03,0.53,2.050733745774444,2.513690914500427,2.353554174141507,2.300183490899718,3.165022979765645,2.761033647389961
V44_70975e957400,An2025_JAST,3.95,0.53,2.0481009642147328,2.513690914500427,2.352643495820639,2.2964103716859157,3.168856313098979,2.7613138061448605
V44_58cdb535b818,An2025_JAST,3.61,0.52,2.2198762053101895,2.521828117558879,2.4173830452302387,1.2951365672623378,2.398839146736074,1.8832705655562216
V44_6a60cf9f8f7c,An2025_JAST,3.82,0.49,2.1739831419317177,2.520230741067247,2.400463804451381,1.3482990106816164,2.401818578397262,1.9096918054115948
V44_de30697fb2f9,Cristobal2025_JAS,4.23,1.93,4.47446673714235,3.6893488366037617,3.960920873679407,2.599938892119141,5.159411656253066,3.9638144309551033
V44_55cce46b08b5,Cristobal2025_JAS,4.23,3.46,4.682305546435513,3.4549765161304737,3.8795092451554614,4.687590249749073,7.7874873020051085,6.3394436399188026
V44_2631723963a7,Cristobal2025_JAS,3.79,4.04,4.755885188564992,3.6467024790271445,4.030368432524879,5.612904637220698,8.237914275039419,7.011703047736727
V44_a5ee3fa3347c,Cristobal2025_JAS,4.57,6.76,5.390540966643141,5.791452384806,5.652777250227252,9.24526960854936,8.489082534341213,8.84231745850161
V44_acd066a0407a,Lee2025_Animals_BakeryMeal,2.83,1.53,3.4716850751358095,4.404415853752451,4.08178456816043,3.9955767989609985,8.42086232443228,6.3536947540068835
V44_95d3dd04d9d0,Lee2025_Animals_BakeryMeal,2.93,1.45,3.482706003963135,4.404415853752451,4.085596704006586,4.023969356110081,8.418195657765613,6.3655366698633
V44_b9ae1803038e,Lee2025_Animals_BakeryMeal,2.59,1.49,3.657438690342567,4.1787588553482,3.9984343727678504,2.7015099182928672,8.061981810773643,5.557964026038043
V44_2898dbb8bbcb,Lee2025_Animals_BakeryMeal,2.5,1.56,3.763036114710939,4.198252853902512,4.047711519472874,2.9789412501285284,7.020994029803931,5.132844581367387
V44_8b3f5da61972,Lee2025_Animals_BakeryMeal,2.81,1.65,4.644343291473705,4.386335405103292,4.475580252577956,4.239333281493462,8.336028934880604,6.422354359118015
V44_4ea7b8e5c77e,Lee2025_Animals_BakeryMeal,3.04,1.86,4.620621238469925,4.363165440725207,4.4522193209163285,4.416275903007465,8.25797460154727,6.463415828049554
V44_bda708b57fb3,Lee2025_Animals_BakeryMeal,2.91,1.61,4.365041515329726,4.321109959911627,4.3363058712373155,4.373765746459586,8.230398485291955,6.428863627740335
V44_ca125dcfad4d,Lee2025_Animals_BakeryMeal,3.36,1.9,4.37234585850167,4.290315284331011,4.318689634367774,4.402693193377187,8.201198151958623,6.426816313479765
V44_4c2c31706ad7,Miller2025_TIU_Grower,6.2,12.1,9.246480783257534,8.64703928283346,8.854385910984687,21.632510554819852,15.120900867878452,18.162645473652702
V44_e211d9986ff1,Miller2025_TIU_Grower,6.4,12.2,8.977118234142567,8.479654960863654,8.651727352031905,21.180786065869015,14.676100147878453,17.7146104785855
V44_a36d939106d2,Miller2025_TIU_Grower,7.4,14.7,9.040970009494986,8.844486969368436,8.912450391704596,19.738877064584578,14.805287534545124,17.10989731025032
V44_d145c061403c,Miller2025_TIU_Grower,8.5,14.1,8.751847718081322,8.814769560101732,8.793004914559562,20.112177579608954,14.136869999999996,16.928093748340903
V44_8f0e4e46fc03,Miller2025_TIU_Grower,7.8,6.9,6.847362057041022,7.1955819175905935,7.075132776366362,13.516111271981341,11.528592193296808,12.45701476883692
V44_d77f1d43481e,Sobotka2025_Animals,12.6,29.8,11.719155880008902,12.393149551415732,12.160015350559425,25.13506244507071,25.234194383997423,25.18788724106547
V44_971e5d18e15a,Sobotka2025_Animals,12.5,21.2,10.19614195016907,11.510165086798182,11.055644893418185,20.488765301399894,20.170931462375325,20.319400030343136
V44_f0432cdb6adf,Sobotka2025_Animals,10.8,22.0,10.165346441579254,11.610819682552068,11.110830939052482,20.51017605037054,20.202064124164703,20.345991330273325
V44_717b5c2f36c0,Wang2025_JAS,4.189015720152954,3.169930604730212,3.0765239387047316,3.5023382741661173,3.3550492282560285,6.118167032833925,6.289663905242741,6.209553193508467
V44_72b753cbbf7c,Wang2025_JAS,3.576362726882951,2.522341003287121,3.5497556317964674,4.100339404984154,3.9098926494550765,5.132878009284433,4.193788986225719,4.63246223409546
V44_3042d8c78f24,Wang2025_JAS,3.703587921847248,3.378059098982721,3.5724645354717692,3.7025285836625095,3.657539469934197,2.68182471750887,3.046079531910926,2.8759265021529057
V44_94756bba2a8b,Zhang2025_Animals,11.17,17.24,8.782210916358212,7.729308230673477,8.093506941462861,20.938018859063526,15.092290745914099,17.822984508265087
V44_258f5533022b,Zhang2025_Animals,10.14,14.8,8.667059734160313,7.757214553858769,8.071929718127022,20.884425476916668,18.2533046733225,19.482370587319593
V44_be131f289d4e,Ordaz2026_MineralReduction_Enzymes,5.61,7.36,6.1664606638106925,5.835203327168575,5.949785136660424,11.401535693236315,13.280385827028573,12.402725381412209
V44_9375c6f66b4b,Ordaz2026_MineralReduction_Enzymes,5.0,5.72,6.0144406908746655,5.705794616673962,5.8125551975352385,10.746329957545745,12.320254969286387,11.585033089517358
V44_b39280db07a3,Ordaz2026_MineralReduction_Enzymes,5.41,7.02,6.073325772902756,5.714289616237188,5.838480110916511,11.009533445327982,12.513660892612274,11.811043295868233
V44_63d211a01a79,Ordaz2026_MineralReduction_Enzymes,5.61,8.05,6.014082055277336,5.483558950260826,5.667066726922388,11.841958779441324,13.099009632592939,12.511808028752052
V44_0bbe1ecc87ae,Lynch2008_Animal_SBP_CP,8.08,28.81,9.629519257038634,8.365852929757127,8.802954718479967,20.487438526598268,25.369561326376285,23.088993017631786
V44_62abb880b8ab,Lynch2008_Animal_SBP_CP,10.79,21.63,11.011040957157508,10.052989828905773,10.38437941554424,21.742015779170295,26.369775659041835,24.20802697812087
V44_75115a8a0ca1,Lynch2008_Animal_SBP_CP,7.44,11.82,8.216810257584086,7.4185684950370465,7.694680071890717,15.577822666780765,17.08686551390628,16.381951804269868
V44_03fe515503bc,Lynch2008_Animal_SBP_CP,8.68,11.98,9.569517993526992,8.721624056808922,9.014910305231806,15.309782834589523,15.575413214657134,15.451330259052352
V44_fb59e321050b,Vieira2018_CAB_WeaningEnergy,3.24,1.71,4.933308474614265,2.1593714130299007,3.118875377997859,3.158207980362615,3.072950516759802,3.1127765263770435
V44_3467bab49749,Vieira2018_CAB_WeaningEnergy,2.78,2.04,4.177436356056841,2.0280560016804805,2.7715259962990415,5.011234157081284,3.5496123345047454,4.232374433010132
V44_891c9ae3e685,Vieira2018_CAB_WeaningEnergy,2.87,2.05,4.4729456471213975,2.0645391274771545,2.897606191923617,7.722294530409436,3.724931788322314,5.592205341657435
V44_38d6e718087e,Vieira2018_CAB_WeaningEnergy,3.21,3.85,7.878781576486846,4.163586119641979,5.448671070141019,5.3986285119305,7.042010699162229,6.27434354103046
V44_3bab4c48f07c,Vieira2018_CAB_WeaningEnergy,3.13,4.83,9.736149429556509,5.93950325295798,7.252761982031685,10.007498886588051,8.829541537017539,9.37979647952028
V44_8de533e4f209,Vieira2018_CAB_WeaningEnergy,2.4,4.5,9.050652014663328,5.870605149692516,6.9705823690677295,12.249316517412414,8.635211987275367,10.323455522709429
V44_d357964419a7,Hollis2025_JAS_BenzoicAcid,3.4,4.6,2.3583969766209623,3.1992320794605402,2.9083874794759925,2.963718131850314,2.5329529439593053,2.7341747231532394
V44_50f6a59bd2d2,Hollis2025_JAS_BenzoicAcid,3.6,4.2,2.241200633604626,2.7813700589205594,2.594525623074177,2.5246014294046066,2.505408921137841,2.5143742478847417
V44_370032822e8a,Hollis2025_JAS_BenzoicAcid,3.3,4.1,2.297340066585776,2.969016303102119,2.7366837022520882,2.7358290445244595,2.505395489306203,2.613037079830304
V44_a974f42fd982,Hollis2025_JAS_BenzoicAcid,3.0,3.3,2.2604051024991763,2.7947232432204063,2.609902764891491,2.593148652387832,2.493833434141232,2.540226191676855
V44_74ee2bdf74ee,Liu2020_JAnimalSciBiotech_DCA,9.03,13.6,7.300067964147513,8.153087095310115,7.858028043726385,14.522473667593719,12.482803448976135,13.435587197283477
V44_4e089cd4cad8,Liu2020_JAnimalSciBiotech_DCA,5.87,10.4,6.3441836762958035,6.090297180871681,6.178116440502658,9.926429486738106,9.15004558410698,9.512714979444686
V44_911a2cbe844a,Liu2020_JAnimalSciBiotech_DCA,5.54,7.52,6.351621074574565,6.089330997296801,6.180057053271562,9.968288150228421,9.022812250773645,9.464468977039585
V44_3dec5b046ad5,Li2024_AnimNutr_CPTime,3.74,17.36,5.73620529493042,5.658474524434127,5.685361573720173,11.016223581382624,11.345141771037412,11.191495410579122
V44_84515b3a7732,Li2024_AnimNutr_CPTime,3.37,9.28,5.243708600567777,5.022879758279895,5.099264385995092,5.414867949829374,6.291097201552959,5.881787410581176
V44_bf9cb21d8747,Pi2019_Animal_Antibiotics,6.91,9.56,8.736407041389377,7.790737006889124,8.117843977058131,10.137300902137667,7.9841706961277845,8.989954596657677
V44_5e741f4a0195,Pi2019_Animal_Antibiotics,7.94,12.02,8.773234616679629,7.802815908274483,8.138483437033049,9.498612671873119,7.668882834006237,8.523597894019304
V44_1be465063856,Zhang2016_AnimSciJ_Leucine,5.37,28.74,8.060687130591415,7.547888484157936,7.725265376120328,20.864411162222375,21.716053014354486,21.318228646138824
V44_77e8d2711244,Zhang2016_AnimSciJ_Leucine,4.85,15.08,5.663054794889826,5.024456550259476,5.245347484026527,13.286262661331449,11.479994331621294,12.32374990245887
V44_43d2663a3d2a,Zhang2016_AnimSciJ_Leucine,4.52,11.83,5.709423189621492,5.101826429202572,5.311993959244028,13.523354721572145,11.646554303635051,12.52325727292136
V44_e3eed84abdf3,Li2018_AFST_CornAA,4.7,9.0,3.895635222669409,4.429252949572402,4.244674744164897,2.212462282802834,8.400711816657575,5.5100172658868045
V44_29f024f34f67,Li2018_AFST_CornAA,4.4,6.3,4.00816163859385,4.407270006298428,4.26921854631119,2.2332457449255845,8.563304751003338,5.606367256026763
V44_2fe8b5b0321a,Li2018_AFST_CornAA,4.3,5.0,4.036670975556751,4.398929453779192,4.273624359077742,2.5973385071449666,8.64338808433667,5.819118883351307
V44_56ded8dce385,Wellington2018_JAS_ThrFiber,3.5,3.2,2.988692992722384,4.505521177871018,3.9808507814222978,6.375963297547187,7.4697150191796196,6.958794746116624
V44_50d89889915a,Wellington2018_JAS_ThrFiber,4.3,3.3,3.9044932745580123,4.732544896037651,4.446122098270905,7.696546110399506,7.3185506242527545,7.495122284145035
V44_88647c9f5c9f,Wellington2018_JAS_ThrFiber,3.5,2.5,3.560633451065933,4.33811865635217,4.069186766185208,7.214924282659284,7.497346404742385,7.365419583618514
V44_375550a04f9b,Wellington2018_JAS_ThrFiber,3.9,2.1,3.474871428737701,4.720639698850383,4.289728842523429,7.382740704932631,7.469709345258424,7.429083999867558
V44_f5b49a0e7154,Wellington2018_JAS_ThrFiber,3.8,1.9,3.498428733584811,4.462234856732018,4.128854619153035,7.085211170924727,7.460252977696229,7.285061059333124
V44_7ac694200750,Wellington2018_JAS_ThrFiber,4.2,3.1,4.659596286467521,4.4900478245538595,4.548694584681669,7.888253762451152,8.355692890292723,8.137339746600572
V44_02a8a0fe6506,Wellington2018_JAS_ThrFiber,3.9,2.2,4.596785163627063,4.480088474589086,4.520453822953053,7.742899250877962,8.32768576996747,8.054516565195074
V44_a4912a940338,Wellington2018_JAS_ThrFiber,4.1,2.6,4.626525677388785,4.43967115754507,4.5043040777166,8.130709213030215,8.212598120667002,8.174345652375411
V44_cc75ae592c7a,Wellington2018_JAS_ThrFiber,4.3,1.5,4.643100630500867,4.325123466725842,4.435111668562382,7.903856782941489,8.36636867974972,8.150317175611782
V44_8f68840774dc,Wellington2018_JAS_ThrFiber,4.4,1.4,4.636978750489034,4.517088691468261,4.558558625513906,8.021721634324406,8.384546096897095,8.215061222199115
V44_70645116707a,Wang2026_JASB_ProteinRelease,4.17,8.26,9.318827285367117,9.946037442620481,9.729085644727471,16.187932962883185,14.884047744157328,15.493126915251056
V44_b6d409c84e2f,Wang2026_JASB_ProteinRelease,4.28,7.86,9.208464938791545,9.080640131222,9.12485469231741,15.673453972171131,14.441927684491999,15.017206090679261
V44_82b54c414b18,Wang2026_JASB_ProteinRelease,5.08,6.49,9.531460331822633,9.995121746247476,9.834741407520832,16.159350000079616,14.587777602651407,15.321900514233096
V44_1a93260bfab5,Len2007_JPAN_FibreVietnam,7.414220307608027,17.524520727073522,7.790777725163013,6.878171400115018,7.193841643490422,11.710791219945504,9.744498314705078,10.663005584863125
V44_f5f5b6197b74,Len2007_JPAN_FibreVietnam,8.83757411421787,15.007201326030344,9.107061950001803,8.270414555025846,8.559810628165673,11.340082815273464,9.81453333333333,10.527157727396595
V44_525eec99ae7d,Len2007_JPAN_FibreVietnam,10.800347997329164,15.618964796137558,10.711821058731612,8.09716092641581,9.00157105119627,11.975741528264415,9.956625999999995,10.899808110385075
V44_5910e208da71,Hu2022_AnimBiosci_AARelease,4.74,5.47,5.099598510748825,3.491671780874981,4.047853135548804,0.9262674477751567,4.815710917224853,2.998849302133248
V44_796027df3673,Hu2022_AnimBiosci_AARelease,5.65,5.49,4.902074637289532,3.7448802256324414,4.1451534119280105,2.6777317506011133,5.851293582852626,4.3688391593786795
V44_008cef20890d,Hu2022_AnimBiosci_AARelease,6.96,6.02,4.74475479317891,3.032592396691452,3.6248288359567464,4.4052211966307215,5.69388,5.091913489062952
V44_1f0035f7226d,Hu2022_AnimBiosci_AARelease,3.0,3.7,4.756695131182655,3.5127956560835263,3.9430600967977942,-1.7957392109545331,4.151829285714283,1.373563194536322
V44_57e9b6b00dae,Hu2022_AnimBiosci_AARelease,3.48,3.8,4.779801126036632,3.4240324026304045,3.892992381464538,-0.7228967549906606,3.7940529991645775,1.6840666501964443
V44_fa26110a0eb9,Hu2022_AnimBiosci_AARelease,4.62,3.82,4.796388907188777,3.1706532198849153,3.7329946873827433,0.2744091383763596,3.6411483040757306,2.068455653769598
V44_6a728f5ff196,Phillips2026_TAS_SoybeanMeal,1.85,6.63,4.226322473245796,4.4193520775137465,4.352583197564643,9.899581013943017,10.62886045364519,10.288194795157587
V44_45d5eb601d07,Phillips2026_TAS_SoybeanMeal,3.05,9.51,4.778184220485651,5.0871278186360716,4.9802643243333256,13.6108726244451,11.81842013827058,12.655721964247954
V44_fb89a4f9bec4,Phillips2026_TAS_SoybeanMeal,2.44,12.1,4.977266202919281,5.386251510160548,5.244783619866203,16.435757668812002,13.69636629528891,14.976008247758621
V44_b418e7865d79,Phillips2026_TAS_SoybeanMeal,3.76,12.71,5.191813010389649,5.877480841283876,5.640308552299704,19.630538026703185,23.38712131435567,21.632322193905644
V44_0968bc249604,Phillips2026_TAS_SoybeanMeal,3.27,6.39,4.4618954071309425,4.6368800397572185,4.576352909874367,12.573980039008687,11.827118267361405,12.175997096773276
V44_82d019ab078d,Phillips2026_TAS_SoybeanMeal,3.47,10.78,4.831842793231343,4.928799177328826,4.895261994290737,15.023923409343471,12.84128497602095,13.860852947705196
V44_e0afe4e42e1e,Phillips2026_TAS_SoybeanMeal,4.03,18.22,5.5124171029493985,5.963307874386707,5.807344897088853,18.890926231618067,15.833669806538367,17.261794907172725
V44_5a2738989bd4,Phillips2026_TAS_SoybeanMeal,4.31,22.74,7.052686373791426,7.795867029648932,7.538801072436666,25.27547547525394,27.226880567720514,26.31532778752329
V44_7da8bda013fd,Phillips2026_TAS_SoybeanMeal,2.93,8.56,4.649261026606489,4.7254127364115455,4.699071883726407,15.238456444923534,12.127453678463505,13.58068511252899
V44_58690d9f9834,Phillips2026_TAS_SoybeanMeal,4.39,15.18,5.466266950370587,5.631892501993472,5.574602675312475,18.819793978143412,13.728892409377258,16.106986786928278
V44_29829138b8ef,Phillips2026_TAS_SoybeanMeal,5.06,19.28,6.427677080037775,6.263854793066451,6.32052087106655,23.234859813758078,20.618171537075927,21.840495637144837
V44_76bbaa4057aa,Phillips2026_TAS_SoybeanMeal,5.4,23.88,7.644361590987193,7.461443229822511,7.52471463393386,28.265554286368175,28.668991822265102,28.480535509989153
V44_61f28d56947a,Zhang2008_LivSci_pGHRH,1.7,4.8,2.1506420328852336,1.7908058820017505,1.9152730944316927,-0.6360309190706648,2.912664364999998,1.254975213344371
V44_3b69f0ef66ce,Zhang2008_LivSci_pGHRH,2.2,4.6,2.7739921898367768,1.8195110533490217,2.1496657809490918,-0.11188601192391445,2.853431031666666,1.4682532407065332
V44_e902af412d92,Zhang2008_LivSci_pGHRH,2.5,4.8,3.16467737816588,2.2278159522051744,2.5518760274259886,0.06179923736746673,2.7497143649999987,1.494118324492291
V44_69abc66e88f6,Zhang2008_LivSci_pGHRH,1.8,3.9,2.9932219627256065,1.944382707624893,2.3071758790418313,-0.05672857447993884,2.770247698333332,1.4496925296588092
V44_2c2e41b399d5,Zhang2008_LivSci_pGHRH,1.6,4.2,2.563152128748483,1.8032633397270879,2.0661086349928306,-0.3450588790475848,2.904831031666665,1.3867217498558089
V44_74fef18a733d,Choi2015_AJAS_RapeseedMeal,1.09,7.7,1.861695366201804,1.9082911417777482,1.892173677529897,5.091013580802286,6.989780098498321,6.102816184735311
V44_90f89abd6641,Choi2015_AJAS_RapeseedMeal,1.37,7.74,1.7598671428098118,1.8377263342398014,1.8107948641928187,4.931775861910241,6.900763431831645,5.980997412738726
V44_f802fed3ac32,Choi2015_AJAS_RapeseedMeal,2.1,7.83,2.1733933363476963,2.1485391209803515,2.157136186328876,5.323014989174954,7.529039923059707,6.498547500225422
V44_62e8ae172882,Choi2015_AJAS_RapeseedMeal,2.35,8.23,2.27672699261823,2.1679074643855314,2.2055481052822574,5.377459078515045,7.67876758845815,6.60376569447488
V44_e1c74eee4870,Choi2015_AJAS_RapeseedMeal,1.54,8.11,2.428031649598665,2.055360616353085,2.1842674105914535,5.4905831433545105,7.495207603423456,6.5587946531438845
V44_86ef2a19c33e,Yang2025_Animals_Fishmeal,2.66,14.11,2.924558833113246,6.097210252735724,4.999791115601344,9.09226092669198,9.637927942792798,9.383032489506927
V44_4e54d89e809c,Yang2025_Animals_Fishmeal,2.84,12.22,3.1595089636506812,6.1925155302859425,5.143399504272646,9.539430241487707,9.783335136784912,9.669400728050306
V44_e41f1abda522,Yang2025_Animals_Fishmeal,3.44,6.47,2.4642334294182655,6.043324295422092,4.80531788047127,8.296839884369305,9.605507944769146,8.994194582198727
V44_05da3523d840,Yang2025_Animals_Fishmeal,3.0,8.49,1.3441369532008132,3.9745163497793903,3.0646689363901185,6.284128872954077,9.815641150427933,8.165978634295568
V44_66aa93f63bf7,Yang2025_Animals_Fishmeal,3.23,8.03,5.63418057871237,6.594302310159499,6.26219650252115,13.994228272449057,9.159198484380623,11.417768405441574
V44_6a274232ebe5,Yang2025_Animals_Fishmeal,4.13,7.39,4.049732777348793,6.426553645578482,5.60441204811109,11.220807210619988,10.215674820078823,10.685198666563185
V44_e8c132d953df,Yang2025_Animals_Fishmeal,4.17,11.6,3.679856704594812,6.41058115312777,5.466024417544954,10.538966894388803,9.828824357443693,10.16055066398438
V44_8a9c71290d98,Yang2025_Animals_Fishmeal,4.06,16.35,5.114787952600173,6.600832544461565,6.086810183335679,13.087925012552514,10.036859691396389,11.462092764119262
V44_c87e940593df,Yang2025_Animals_Fishmeal,3.36,9.14,3.5678790234010798,6.354185402034897,5.39040289415504,10.510305690429975,9.534845673102476,9.990508771553339
V44_2c435a068545,Yang2025_Animals_Fishmeal,2.88,13.53,3.260486984399478,6.162420114441145,5.158642349290083,9.976436643238493,9.505460038102477,9.725465630727495
V44_aa2ec641ee01,Ju2008_AJAS_LysineSources,1.0,2.54,1.2761875311344077,0.9966023999246948,1.0933108096636617,3.088274247434734,3.9973249999999965,3.5726834204324076
V44_4bbf048b966d,Ju2008_AJAS_LysineSources,1.08,2.14,1.2779114128198952,0.9883104554802502,1.0884833363556352,2.985839118321767,4.043641666666663,3.549514200480391
V44_8f2aa7fbc626,Ju2008_AJAS_LysineSources,1.0,2.35,1.2786601783748344,0.9883104554802502,1.088742334127699,2.976729259861566,4.043641666666663,3.5452587453528737
V44_5f29676786c9,Ju2008_AJAS_LysineSources,0.98,1.65,1.2786601783748344,0.9883104554802502,1.088742334127699,2.976729259861566,4.043641666666663,3.5452587453528737
V44_164053cc27c6,Myrie2008_JAS_Antinutritive,2.82,5.31,3.032237528836621,2.9014553317812855,2.9466928529780145,1.785407214901813,4.516422648486238,3.2406933184480935
V44_f93b152b733e,Myrie2008_JAS_Antinutritive,3.51,5.49,3.094751217700459,2.8807628926867417,2.954781387608988,2.791986790798884,4.715750027258168,3.8171094869595343
V44_531f93bfe0db,Myrie2008_JAS_Antinutritive,4.25,5.5,2.9958129037617334,2.7325461671336915,2.8236100492732894,1.9401332471264592,3.4179472356982004,2.727621349444528
V44_51af80d37f1e,Myrie2008_JAS_Antinutritive,3.4,6.12,3.166893534490417,2.8757005166419956,2.9764240907511224,2.904923940216234,4.335245686914544,3.6671046792822577
V44_9b4f153302ae,Myrie2008_JAS_Antinutritive,3.26,5.55,3.3743819496554046,2.7062109347552528,2.937331080540818,2.0457887258471583,4.517669940861765,3.3629890380791716
V44_1a6ba40be6e5,Myrie2008_JAS_Antinutritive,4.5,5.41,2.8705140603176713,2.883185894383032,2.878802710929625,1.991770941590346,4.594687460247878,3.3787965115343725
V44_04262ba2b491,Myrie2008_JAS_Antinutritive,3.19,4.91,3.0801925656897344,2.8756915458906165,2.946428384896319,2.0058298715935106,4.481182691475949,3.3248801105081163
V44_545aae511971,Drew2012_JAS_GlycemicIndex,4.3,8.3,6.498086956227308,5.335096218936026,5.737374352461751,8.021511375358829,7.653169003023461,7.825231438887221
V44_a719624d599d,Drew2012_JAS_GlycemicIndex,5.2,8.6,7.37338124324679,6.944210974609501,7.092660836759093,1.2903137578522585,9.149349312006008,5.478186549997185
V44_db03dd303724,Drew2012_JAS_GlycemicIndex,5.6,10.6,7.395117827883338,5.384968499937977,6.08027852591226,6.290545707609749,6.396966088372753,6.3472543220518265
V44_da1473f44169,Zervas2001_MSc_OatHull,6.1,9.5,5.817384404678638,4.811861120196273,5.159671310877879,7.21832798660525,9.734590867878463,8.559178118374756
V44_cf89323e2825,Zervas2001_MSc_OatHull,6.8,14.4,6.616170669332176,5.756928291057693,6.054139961877641,11.506327206747168,11.646430523635367,11.580984569580352
V44_5ef91c756085,Zervas2001_MSc_OatHull,8.0,17.6,7.27657532606379,6.744994359522025,6.9288680501554385,14.759855975209707,14.149011211457513,14.434352909507204
V44_caa9c43aa0da,Zervas2001_MSc_OatHull,6.7,8.8,6.95627034044632,8.168465501881974,7.749167573381691,8.607235799632086,8.104600273229538,8.339394582871828
V44_4f5d57b51f1a,Zervas2001_MSc_OatHull,7.5,13.8,7.6384743611267485,8.755428917943089,8.369074684894203,12.872689154737234,10.402593492276434,11.55644031637342
V44_a2c11cff3d84,Zervas2001_MSc_OatHull,8.6,17.6,8.266230776328122,8.407956729915663,8.358933766745604,16.84193013441023,13.632025682210047,15.131456701871917
V44_a27d3d38cd75,Zervas2001_MSc_FermentableFiber,5.1,14.1,6.2826409080930254,5.332260275782313,5.660996640265668,10.792004067633675,12.685652857442497,11.801079569337835
V44_cc3cad3b696b,Zervas2001_MSc_FermentableFiber,5.7,10.8,7.3509747320744205,7.984174302067039,7.765150768174417,9.98240083987438,9.958905845087825,9.9698809767512
V44_4eb3e5873d37,Zervas2001_MSc_FermentableFiber,5.1,10.3,5.502407117833871,5.050487240015796,5.206806184889986,7.669586225367093,8.440343760945758,8.080302590034073
V44_8ee112b494e5,Zervas2001_MSc_FermentableFiber,6.9,8.8,6.662014581586583,7.339366575514099,7.105070731944672,7.472979733499939,9.400879596349887,8.500306728775074
V44_4d83207a1ec9,Zervas2001_MSc_FermentableFiber,6.8,6.7,7.016202599303291,6.9875634572619445,6.997469727567248,9.226064401526166,9.574173854361431,9.411562748768882
V44_5bc9fb23f13f,Zervas2001_MSc_FermentableFiber,10.7,25.5,11.594465927350381,9.281825881248416,10.081767352346942,20.012383040478795,22.83424666666666,21.516079750059095
V44_88766c1c18fe,Zervas2001_MSc_FermentableFiber,11.9,15.3,10.849567816768939,11.358758580048276,11.182629653744327,15.885745727718994,13.003291897709417,14.349762096377493
V44_cc3bec469281,Zervas2001_MSc_FermentableFiber,11.0,18.4,9.16851458078432,9.446847235739304,9.350572057146453,13.433977286000365,12.989332486831694,13.197037798479784
V44_3f12bcbf9867,Zervas2001_MSc_FermentableFiber,12.9,12.2,9.250468857679461,8.989134342782492,9.079529870027585,11.402826854762997,13.167347730334852,12.343093496268834
V44_562bbb354413,Zervas2001_MSc_FermentableFiber,14.9,11.4,10.134588146522141,11.935568375270707,11.312609875510745,13.942720513177457,13.898137097369705,13.918963186625666
V44_7c9f2dd74a0f,Rakhshandeh2010_LivSci_SAA_ISS,2.1684705882352944,1.0119529411764707,3.0104473713584667,2.5631295036109925,2.7178566146362044,0.5097426101410409,3.485034000170451,2.095196928950127
V44_4de19423f34d,Rakhshandeh2010_LivSci_SAA_ISS,2.225349397590361,2.7174939759036145,2.875000720139863,2.613512838607755,2.7039614153241374,3.2548724358496077,2.931875947485525,3.0827561251066986
V44_bf4a6e520214,Rakhshandeh2010_LivSci_SAA_ISS,2.918175438596492,4.725894736842105,2.763035410667271,3.7177889130564203,3.3875399741759544,5.961824002083011,4.333939407561753,5.094367231443482
V44_199c201dbf0e,Jin2016_AJAS_Mealworm_Weaned,0.73,2.37,0.4470723201279805,1.3406878527765096,1.0315865185726656,-0.8127592909605141,4.863458969811995,2.2119477297376564
V44_034cd80d369d,Jin2016_AJAS_Mealworm_Weaned,0.52,2.55,0.6426303083816469,1.4644878719722836,1.18020759689866,-0.6300855308378797,4.882842303145325,2.3076083276399944
V44_cf075adba218,Jin2016_AJAS_Mealworm_Weaned,0.47,2.55,0.4862060805826802,1.8991303699819282,1.410400298686155,-0.8118515421454457,4.803525636478663,2.1804348703472725
V44_8765e1771255,Jin2016_AJAS_Mealworm_Weaned,0.42,2.51,0.5254623978954642,1.96268558272822,1.4655505310759436,-0.7991946747121297,4.797342303145329,2.183052291636653
V44_9ba53a9fc0d5,Jin2016_AJAS_Mealworm_Weaned,0.37,2.56,0.6333960555061227,1.956284349495269,1.4986977009476987,-0.7209149682715008,4.833362871484137,2.2388132178202595
V44_59025bba940d,Wellington2020_Animals_Thr_Fibre_FermentableProtein,6.93,3.94,5.12548812541204,5.437254392577813,5.329414537942481,6.0446739596834105,5.630716666666661,5.824087034915199
V44_c09960ad3756,Wellington2020_Animals_Thr_Fibre_FermentableProtein,6.47,2.77,5.001994476112547,5.365997934825233,5.240089251916117,6.085130239253434,5.636283333333329,5.845951559860929
V44_e99752083884,Wellington2020_Animals_Thr_Fibre_FermentableProtein,5.75,3.86,5.046781772684094,5.367495313782318,5.25656059988261,6.123046227939812,5.674283333333328,5.8839123159608295
V44_6c4e6032bf04,Wellington2020_Animals_Thr_Fibre_FermentableProtein,7.21,4.08,5.181301171486703,5.447287036101131,5.355282608438593,6.186758537164914,5.6499666666666615,5.900716305390549
V44_b33ccb6fafd9,Wellington2020_Animals_Thr_Fibre_FermentableProtein,7.86,3.13,5.228024893211409,5.449209763373858,5.372701985727823,6.315914680093209,5.72591666666666,6.001520297878882
V44_a6f83d1eb8b6,Wellington2020_Animals_Thr_Fibre_FermentableProtein,8.53,6.61,6.285721671636812,5.97114300232989,6.079955665989222,9.538193301942597,9.750339187918089,9.651240249970803
V44_6318f1e135fd,Wellington2020_Animals_Thr_Fibre_FermentableProtein,8.57,5.5,6.936523946671379,6.460655211034187,6.625258058363168,10.94870147299808,11.118624791666667,11.039249128381448
V44_9ea395c36820,Wellington2020_Animals_Thr_Fibre_FermentableProtein,7.78,4.99,6.303366556572336,5.99168002515905,6.099492299222451,9.866356379977299,9.76147938250095,9.810470193787326
V44_e28a16ce775b,Wellington2020_Animals_Thr_Fibre_FermentableProtein,8.11,5.97,6.352102777394473,6.159653853326382,6.226221876175351,9.988945451394372,10.272603218635366,10.140099195072409
V44_be3d3e5ece41,Wellington2020_Animals_Thr_Fibre_FermentableProtein,8.41,5.27,6.347944896282357,6.175893518023689,6.235406036135078,9.614524001177294,10.249567774507385,9.952922080919345
V44_da7ee9668268,Wellington2020_Animals_Thr_Fibre_FermentableProtein,8.28,3.21,6.648243976465777,7.8670702467193125,7.4454786197458365,7.907551317696802,9.925595785601178,8.982913995755757
V44_f264640db62b,Wellington2020_Animals_Thr_Fibre_FermentableProtein,9.72,2.24,6.684678625580329,7.8493926083276575,7.446518404735819,7.783617978359814,10.034904710874889,8.983269308278238
V44_030b93fd52e7,Wellington2020_Animals_Thr_Fibre_FermentableProtein,8.18,2.65,6.656690604831738,7.8640904491070645,7.446451219317843,7.894031600708319,9.997349161151535,9.014834061000695
V44_580a0b3708b6,Wellington2020_Animals_Thr_Fibre_FermentableProtein,8.62,2.42,6.609342236328208,7.844102959846061,7.416999610455214,7.9805959333368275,9.07560128427691,8.564095407904208
V44_b51481233258,Wellington2020_Animals_Thr_Fibre_FermentableProtein,9.24,3.12,6.847833667971405,7.920495970247345,7.549462414238121,8.307782581091546,10.219654521991362,9.326568719440019
V44_24616a4b598a,Wellington2020_Animals_Thr_Fibre_FermentableProtein,9.92,3.61,7.1028251745688085,8.080801537090862,7.742519818128972,9.288305533306335,10.491256497347834,9.929326378406248
V44_0f0b34411b27,Wellington2020_Animals_Thr_Fibre_FermentableProtein,9.2,3.01,7.366875156184087,8.132737993762008,7.86782627696267,10.014240707375064,10.590867234953963,10.3215097774075
V44_36db91f1cea4,Wellington2020_Animals_Thr_Fibre_FermentableProtein,8.91,3.26,7.406463664683169,8.136833950274358,7.884199096144228,10.267787146439927,10.668450757935412,10.48129021889996
V44_c9cb4c478d15,Wellington2020_Animals_Thr_Fibre_FermentableProtein,9.02,4.29,6.970942334041846,8.032833899949702,7.665525938292968,9.081443680759802,10.185559509757157,9.669797888826807
V44_4f972a6ceeb5,Wellington2020_Animals_Thr_Fibre_FermentableProtein,10.01,3.92,7.738826033851391,8.193349301978182,8.036129845207682,11.075103827355607,10.534471030378162,10.787014867151527
V44_63a0a07a4806,Acosta2020_TAS_LactoseFP,1.16,1.68,-0.10860500581517751,1.8282282436256434,1.1582782263535147,-1.9315012001599143,3.256743522639576,0.8331775907532655
V44_3c92812032e9,Acosta2020_TAS_LactoseFP,1.59,1.29,0.9478013543588455,1.2067183014096035,1.1171590101289617,-0.16603050749957227,3.162786111111112,1.6078080826250745
V44_c76bcfe6d9ec,Acosta2020_TAS_LactoseFP,1.55,1.54,0.5547977424767607,1.656635763512018,1.2755103354779957,-1.008745250891554,3.518036111111112,1.4034571588430644
V44_cc362095061f,Acosta2020_TAS_LactoseFP,1.2,1.44,0.28654578042495427,1.688419686039296,1.2035119390503257,-0.9981939874421215,3.5329361111111113,1.4163257493175285
V44_0b639729858d,Li2018_JAS_Pyruvate,9.31,13.2,6.4809220852242415,6.85131424038492,6.723195709365795,14.421443848166216,11.28675954420421,12.75105324895486
V44_679a1a266cfc,Li2018_JAS_Pyruvate,7.49,10.3,6.160669369953382,6.137382912915371,6.145437691146449,12.240845774375698,9.709395584106973,10.891902726154811
V44_7aa01c13f8e3,Li2018_JAS_Pyruvate,6.36,7.8,5.766696386794839,6.0426370376363145,5.947189252520739,10.824121831299783,8.99217891744031,9.847927763611679
V44_fe210c8d244a,Mayer2026_TAS_SoybeanHulls,6.71,14.83,8.509999747252756,7.589573699250937,7.907948782358667,21.429204587057804,19.794488484180835,20.558107485772734
V44_35be44f41364,Mayer2026_TAS_SoybeanHulls,9.03,12.72,9.078980213645096,9.09259771662108,9.087887426586253,20.05718611774076,21.626959572055227,20.893676994242817
V44_da147dd2de30,Mayer2026_TAS_SoybeanHulls,10.01,10.32,8.980442592578394,8.632507387834826,8.752858066704487,16.997510455822585,17.816332630453473,17.433839199103208
V44_b7ce4270c333,Mayer2026_TAS_SoybeanHulls,13.86,7.43,10.362940248994848,9.065832577574652,9.514501716811422,14.672667839337029,17.33848562486216,16.093211835593177
V44_911a41f0e845,Hu2024_AnimalNutrition_YeastCulture,3.82,1.79,4.39292563366736,3.0766613910164637,3.531956782270845,3.5730688862320523,2.518686091048563,3.0112161003490754
V44_245854f95fd1,Hu2024_AnimalNutrition_YeastCulture,3.93,1.87,4.689919684828755,3.1636490519085108,3.691585588098228,3.6105715456926966,3.2416198634978044,3.4139669240653716
V44_8273179aaaeb,GeicsnekKoltay2022_Agriculture,8.5,14.36,7.430274620014844,7.1491030313601875,7.246360196234862,17.080684586992835,13.29615517333332,15.064008666222874
V44_79eb0c0f8502,GeicsnekKoltay2022_Agriculture,6.71,11.52,6.598890811210715,7.095353837199347,6.923627431257027,14.321172825054944,11.421320986666656,12.775918253860244
V44_5408b729b6df,GeicsnekKoltay2022_Agriculture,6.76,9.49,5.91372801605679,6.58601472055015,6.353470959017152,11.465236067034976,9.860701728774638,10.610222032175288
V44_d35ff514afdf,GeicsnekKoltay2022_Agriculture,8.76,11.22,6.978694490631829,6.974965351209062,6.976255259373027,15.374507674159386,11.584102613333323,13.354700775964082
V44_b7a598b5cce8,GeicsnekKoltay2022_Agriculture,6.41,9.71,5.915576816275198,6.788182564725557,6.486348508327126,11.321886891986509,8.067992524891492,9.587972393881381
V44_782ab5acce86,GeicsnekKoltay2022_Agriculture,14.75,37.5,14.074001951502265,12.632271596938502,13.130965677195851,36.16736291357151,41.61580333333344,39.07069312964159
V44_03c28d8c1694,GeicsnekKoltay2022_Agriculture,13.13,32.71,12.4079428139491,12.47054694244114,12.448892193909403,30.780983224142496,36.66505333333338,33.916449013494955
V44_0cb6dfaa71b7,GeicsnekKoltay2022_Agriculture,6.33,5.6,5.637320074541052,6.151005588905144,5.973321929601989,9.545958495315245,7.4993009063569795,8.455348639617986
V44_e793ac9b2bf4,Zhang2020_Animals_Temperature,6.7,5.4,5.9543906573198475,7.6076800976709755,7.035807795582581,12.339929157288339,9.751777865479246,10.960771587350465
V44_0bd07037a830,Zhang2020_Animals_Temperature,6.6,4.6,5.480880064998437,7.25612282326664,6.642066906523486,11.570641978872514,10.177385284044147,10.82821222848646
V44_8b0c5c754e32,Zhang2020_Animals_Temperature,5.9,3.2,5.379886487283927,7.176654258995106,6.555152846811358,10.969093659615927,10.055287458068449,10.48215043326402
V44_e9b6625f1887,Zhang2020_Animals_Temperature,4.3,4.9,4.374225791692422,4.879544718930085,4.704755059506103,9.83948722815223,9.330220961616606,9.56811266483771
V44_363bec9ef314,GeicsnekKoltay2022_Agriculture,12.92,23.37,10.847886140293063,11.671680898323778,11.386730548297153,26.325592345016645,35.007571666666706,30.951990168587535
V44_08d7412f763e,GeicsnekKoltay2022_Agriculture,19.01,23.97,11.722233916524228,12.117754860672358,11.980944289375097,30.386796563840072,33.85468666666673,32.23474374612512
V44_f741ad4349ab,GeicsnekKoltay2022_Agriculture,8.3,13.71,7.746600860582731,5.722394355832903,6.42256675488224,20.53648990721548,23.23060335018556,21.972111913124728
V44_a1ad26e9fbce,GeicsnekKoltay2022_Agriculture,7.55,15.67,7.127930780876717,5.675707248997735,6.178030916017704,18.303631235490773,19.957487643518878,19.184927700632066
V44_78d702b50bb1,GeicsnekKoltay2022_Agriculture,6.4,16.19,5.650652157340344,7.425143075560897,6.811347220055878,12.850903810925209,8.74245125333333,10.661617789097312
V44_c5ad6a7ea17c,GeicsnekKoltay2022_Agriculture,5.68,13.68,5.346072860807879,6.016451563911107,5.784567779464233,11.71622815027548,7.440582444999998,9.437849309183372
V44_3d5bc674eb74,GeicsnekKoltay2022_Agriculture,5.72,14.28,5.167192649535021,6.604281405743897,6.107192852910719,10.213553375440181,6.396816435349101,8.179714913196063
V44_ef89b2a1b689,GeicsnekKoltay2022_Agriculture,5.88,8.88,6.009392260880351,7.561428238174833,7.024579477397106,12.03881728293925,6.8839,9.291897805832557
V44_c71ed9d826a9,GeicsnekKoltay2022_Agriculture,4.62,5.5,6.3942939386526305,7.49967981755563,7.11732718659102,10.912013364267393,7.169988729267248,8.91798711912966
V44_96c3c8d3e673,GeicsnekKoltay2022_Agriculture,4.86,3.77,4.829166475795548,4.986210827308097,4.9318892350705115,7.7974251337913,7.257249884341213,7.509579988598328
V44_745346950404,Zhang2020_Animals_Temperature,4.6,6.0,5.011322645895146,5.3748157321088454,5.249083586888045,10.857815775088403,10.11222879485886,10.460512135581325
V44_f4b4d5c6f38a,Zhang2020_Animals_Temperature,4.8,3.8,4.023008247931333,4.714873563156574,4.475557566274055,9.303508838041193,5.202720128719852,7.118306678849386
V44_c131f2e81d26,GeicsnekKoltay2022_Agriculture,11.57,30.54,12.015923232318162,12.364983524058433,12.244243677947301,28.818843675160174,31.306520000000045,30.144460784877115
V44_c0d88a876dfd,GeicsnekKoltay2022_Agriculture,13.8,19.47,10.907203191970083,11.502892946662648,11.296844046190534,24.69776251572162,23.967339670185563,24.308539443691515
V44_638302669536,GeicsnekKoltay2022_Agriculture,10.06,17.91,9.61283112211271,9.812113410223914,9.743181728882385,23.233955692649488,19.869116456852172,21.440921599797026
V44_8b684152dfa1,GeicsnekKoltay2022_Agriculture,10.27,14.32,9.187161900347748,8.50467003360424,8.740743757578624,22.822938665179137,19.166185643518855,20.874351414048697
V44_22c0fc2b4f41,GeicsnekKoltay2022_Agriculture,5.19,9.3,7.045070034002339,5.971553937168757,6.342882820449342,16.152518841317097,15.868337231064169,16.001085955512533
V44_79d5098d3975,GeicsnekKoltay2022_Agriculture,8.27,9.3,7.72060620751288,6.527085745452559,6.939924101259804,16.372714251989624,15.309664693333326,15.806243176407659
V44_042502bb6ccd,Zhang2020_Animals_Temperature,11.2,21.1,10.028519164356322,9.653039065632548,9.78291751474424,27.589217862157234,22.94358659350752,25.11368347142234
V44_9d372ab1b7ba,Zhang2020_Animals_Temperature,8.9,12.3,10.072517242902524,10.253739464170481,10.191054754320723,27.236888587921747,22.446241094399408,24.68407887524959
V44_57c55c79219f,Zhang2020_Animals_Temperature,6.9,12.2,6.741269408074741,6.489793105780234,6.576778680358932,21.161179997073496,21.025687541072184,21.088979640411555
V44_4bcfe2acd25e,Zhang2020_Animals_Temperature,5.0,6.5,3.90306118450364,5.480431548044792,4.934819630961051,15.922065561228573,13.398366441018366,14.57725285383442
V44_495f19ece4db,Mihaila2023_Agriculture,8.73,33.34,11.656701427682464,13.50376221046143,12.864864461425627,25.629001661225985,26.292751785520736,25.982696598367177
V44_3828ad1ec57f,Mihaila2023_Agriculture,7.08,33.27,11.377810983128372,13.17065832583632,12.550512988822794,24.00377657480674,25.492217667082098,24.796927580435657
V44_0afd884a1743,Mihaila2023_Agriculture,6.86,29.86,11.04970074221573,12.4482950822446,11.964521735969406,22.563952807582716,20.51847911077868,21.473973816793418
V44_d05cbe2ad9c8,Yang2023_JAS,7.36,15.93,6.969370389696577,6.667748245899052,6.772079251423222,21.493628002067496,22.71490805450811,22.144415935009494
V44_79e52f2d5ca2,Yang2023_JAS,6.33,9.21,5.0746867849879935,4.862292660047253,4.935759721661168,14.7226566541216,14.482552791116879,14.594711637428691
V44_1ca155c7d7cc,Yang2023_JAS,9.48,12.12,7.525144388158291,7.041256775625059,7.208633349972903,17.261479371076504,19.444678679975723,18.424848708518464
V44_ebf3a8c8c64b,Yang2023_JAS,9.11,11.96,7.599514246656943,7.067235376465629,7.251350471753885,17.638541257392117,21.72879107903164,19.818127521264703
V44_577e86e1da4f,deQuelen2024_JAS,6.9,13.0,8.74558983533691,7.804360515731541,8.129931444002574,11.436323934891321,13.978295226666665,12.790873400647714
V44_3b40f8d57795,deQuelen2024_JAS,9.8,11.6,9.267766228619102,9.290035784593153,9.282332752123132,12.025920935302898,13.172359142538674,12.636827622627981
