Study_ID,Analysis_Split,Records_in_historical_906,Author_Year,Year,DOI_or_Link,Persistent_identifier_status,Canonical_Title_v35,Canonical_DOI_v35,Alignment_Status_v35,Evidence_URL_v35,Experiments_n,Records_n,Collection_methods,CLEAR_records,TRACEABLE_CAVEAT_records,REVIEW_FLAG_records,Best_Available_Title,Best_Available_Source_Identifier,Best_Identifier_Source,External_Verification_Date,Metadata_note
Antezana2015_AFST,confirmation,5,Antezana_2015,2015,https://doi.org/10.1016/j.anifeedsci.2015.07.022,available_in_V44_study_index,nutrition digestion efficiency emissions distillate supplementation,10.1016/j.anifeedsci.2015.07.022,SOURCE_VERIFIED_V33,https://doi.org/10.1016/j.anifeedsci.2015.07.022,1,5,metabolism crate total collection,0,0,5,,https://doi.org/10.1016/j.anifeedsci.2015.07.022,V44_reviewer_ready_study_index,,V44 reviewer-ready Study_Index is the scope/identity authority for this public mapping; v35 title fields are supplied only when the same Study_ID was present in that earlier title/DOI registry.
Atakora2011_BarleyCornCP,confirmation,5,Atakora_2011a,2011,https://doi.org/10.1016/j.anifeedsci.2011.04.029,available_in_V44_study_index,available ScienceDirect homepage: www.elsevier.com/locate/anifeedsci,10.1016/j.anifeedsci.2011.04.029,SOURCE_VERIFIED_V33,https://doi.org/10.1016/j.anifeedsci.2011.04.029,1,5,metabolism crates; 7-d total feces/urine collection + indirect calorimetry,0,0,5,,https://doi.org/10.1016/j.anifeedsci.2011.04.029,V44_reviewer_ready_study_index,,V44 reviewer-ready Study_Index is the scope/identity authority for this public mapping; v35 title fields are supplied only when the same Study_ID was present in that earlier title/DOI registry.
Atakora2011_WheatCPP,confirmation,6,Atakora_2011b,2011,https://doi.org/10.1016/j.anifeedsci.2011.04.030,available_in_V44_study_index,Effects of dietary crude protein and phytase–xylanase supplementation of wheat grain based diets on energy metabolism and enteric methane in growing finishing pigs,10.1016/j.anifeedsci.2011.04.030,EXTERNALLY_VERIFIED,https://doi.org/10.1016/j.anifeedsci.2011.04.030,1,6,individual housing; 7-d total feces/urine collection + 24-h gas exchange,0,0,6,Effects of dietary crude protein and phytase–xylanase supplementation of wheat grain based diets on energy metabolism and enteric methane in growing finishing pigs,https://doi.org/10.1016/j.anifeedsci.2011.04.030,V44_reviewer_ready_study_index,,V44 reviewer-ready Study_Index is the scope/identity authority for this public mapping; v35 title fields are supplied only when the same Study_ID was present in that earlier title/DOI registry.
Ball2013_AJAS,confirmation,10,Ball_2013,2013,https://doi.org/10.5713/ajas.2012.12177,available_in_V44_study_index,"The Effect of Level of Crude Protein and Available Lysine on Finishing Pig Performance, Nitrogen Bal",10.5713/ajas.2012.12177,SOURCE_VERIFIED_V33,https://doi.org/10.5713/ajas.2012.12177,1,10,metabolism crate total collection,0,0,10,,https://doi.org/10.5713/ajas.2012.12177,V44_reviewer_ready_study_index,,V44 reviewer-ready Study_Index is the scope/identity authority for this public mapping; v35 title fields are supplied only when the same Study_ID was present in that earlier title/DOI registry.
Berghaus2023_JAS,confirmation,2,Berghaus_2023,2023,https://doi.org/10.1093/jas/skad335,available_in_V44_study_index,"Nitrogen and lysine utilization efficiencies, protein turnover, and blood urea concentrations in crossbred grower pigs at marginal dietary lysine concentration",10.1093/jas/skad335,SOURCE_VERIFIED_V33,https://doi.org/10.1093/jas/skad335,1,2,total collection; 4-d feces/urine collection in metabolism units; feed intake quantified over 5 consecutive days,0,0,2,,https://doi.org/10.1093/jas/skad335,V44_reviewer_ready_study_index,,V44 reviewer-ready Study_Index is the scope/identity authority for this public mapping; v35 title fields are supplied only when the same Study_ID was present in that earlier title/DOI registry.
Brestensky2012_JAS,confirmation,2,Brestensky_2012,2012,https://doi.org/10.2527/jas51697,available_in_V44_study_index,Total tract digestibility of nitrogen in pigs exposed to high environmental temperatures,10.2527/jas.51697,SOURCE_VERIFIED_V33,https://doi.org/10.2527/jas.51697,1,2,total collection,0,2,0,,https://doi.org/10.2527/jas51697,V44_reviewer_ready_study_index,,V44 reviewer-ready Study_Index is the scope/identity authority for this public mapping; v35 title fields are supplied only when the same Study_ID was present in that earlier title/DOI registry.
Camire2023_JAS,confirmation,10,Camire_2023,2023,https://doi.org/10.1093/jas/skad298,available_in_V44_study_index,Effect of the essential amino acid-nitrogen to total nitrogen ratio on lysine requirement for nitrog,10.1093/jas/skad298,SOURCE_VERIFIED_V33,https://doi.org/10.1093/jas/skad298,1,10,total collection,0,10,0,,https://doi.org/10.1093/jas/skad298,V44_reviewer_ready_study_index,,V44 reviewer-ready Study_Index is the scope/identity authority for this public mapping; v35 title fields are supplied only when the same Study_ID was present in that earlier title/DOI registry.
Campos2014_JAS,confirmation,4,Campos_2014,2014,https://doi.org/10.2527/jas2014-8108,available_in_V44_study_index,Effects of ambient temperature on energy and nitrogen utilization in lipopolysaccharide-challenged growing pigs,10.2527/jas.2014-8108,SOURCE_VERIFIED_V33,https://doi.org/10.2527/jas.2014-8108,1,4,respiration chamber total collection,0,0,4,,https://doi.org/10.2527/jas2014-8108,V44_reviewer_ready_study_index,,V44 reviewer-ready Study_Index is the scope/identity authority for this public mapping; v35 title fields are supplied only when the same Study_ID was present in that earlier title/DOI registry.
Dublecz2023_Atmosphere,confirmation,6,Dublecz_2023,2023,https://doi.org/10.3390/atmos14050776,available_in_V44_study_index,Effects of Dietary Protein Content and Using Sugar Beet Pulp or Benzoic Acid Supplementations on the Nitrogen Excretion of Fattening Pigs and its Composition,10.3390/atmos14050776,EXTERNALLY_VERIFIED,https://doi.org/10.3390/atmos14050776,1,6,total collection; 2-d adaptation plus 5-d feces/urine collection in balance cages,0,0,6,Effects of Dietary Protein Content and Using Sugar Beet Pulp or Benzoic Acid Supplementations on the Nitrogen Excretion of Fattening Pigs and its Composition,https://doi.org/10.3390/atmos14050776,V44_reviewer_ready_study_index,,V44 reviewer-ready Study_Index is the scope/identity authority for this public mapping; v35 title fields are supplied only when the same Study_ID was present in that earlier title/DOI registry.
Galli2024_Animals3457,confirmation,3,Galli_2024,2024,https://doi.org/10.3390/ani14233457,available_in_V44_study_index,Effects of β-Mannanase Alone or Combined with Multi-Carbohydrase Complex in Corn-Soybean Meal Diets on Nutrient Metabolism and Gut Health of Growing Pigs,10.3390/ani14233457,EXTERNALLY_VERIFIED,https://doi.org/10.3390/ani14233457,1,3,metabolism crates; 5-d adaptation plus 8-d total collection period,0,0,3,Effects of β-Mannanase Alone or Combined with Multi-Carbohydrase Complex in Corn-Soybean Meal Diets on Nutrient Metabolism and Gut Health of Growing Pigs,https://doi.org/10.3390/ani14233457,V44_reviewer_ready_study_index,,V44 reviewer-ready Study_Index is the scope/identity authority for this public mapping; v35 title fields are supplied only when the same Study_ID was present in that earlier title/DOI registry.
GarciaContreras2025_Animals,confirmation,3,Garcia-Contreras_2025,2025,https://doi.org/10.3390/ani15060780,available_in_V44_study_index,"Effects of Dietary Inclusion of Avocado Seeds on Performance, Nutrient Digestibility, Plasma Biochem",10.3390/ani15060780,SOURCE_VERIFIED_V33,https://doi.org/10.3390/ani15060780,1,3,total collection,0,0,3,,https://doi.org/10.3390/ani15060780,V44_reviewer_ready_study_index,,V44 reviewer-ready Study_Index is the scope/identity authority for this public mapping; v35 title fields are supplied only when the same Study_ID was present in that earlier title/DOI registry.
Hauschild2008_ABMVZ,confirmation,3,Hauschild_2008,2008,Arq. Bras. Med. Vet. Zootec. 60:470-476,available_in_V44_study_index,Utilização do triticale e de enzimas em dietas para suínos: digestibilidade e metabolismo,10.1590/S0102-09352008000200029,EXTERNALLY_VERIFIED,https://doi.org/10.1590/S0102-09352008000200029,1,3,total collection in metabolism cages,0,0,3,Utilização do triticale e de enzimas em dietas para suínos: digestibilidade e metabolismo,Arq. Bras. Med. Vet. Zootec. 60:470-476,V44_reviewer_ready_study_index,,V44 reviewer-ready Study_Index is the scope/identity authority for this public mapping; v35 title fields are supplied only when the same Study_ID was present in that earlier title/DOI registry.
Hellwing2007_BPMPig,confirmation,4,Hellwing2007_BPMPig,2007,https://doi.org/10.1017/S1751731107283879,available_in_V44_study_index,Bacterial protein meal in diets for growing pigs: effects on protein and energy metabolism,10.1017/S1751731107283879,EXTERNALLY_VERIFIED,https://doi.org/10.1017/S1751731107283879,1,4,,0,0,4,Bacterial protein meal in diets for growing pigs: effects on protein and energy metabolism,https://doi.org/10.1017/S1751731107283879,V44_reviewer_ready_study_index,,V44 reviewer-ready Study_Index is the scope/identity authority for this public mapping; v35 title fields are supplied only when the same Study_ID was present in that earlier title/DOI registry.
Hlongwana2021_TAHP,confirmation,5,Hlongwana_2021,2021,https://doi.org/10.1007/s11250-021-02808-x,available_in_V44_study_index,Nitrogen balance in slow‑growing Windsnyer pigs fed on incremental levels of amarula ( Sclerocarya birrea ) nut cake,10.1007/s11250-021-02808-x,SOURCE_VERIFIED_V33,https://doi.org/10.1007/s11250-021-02808-x,1,5,total collection after 31 d feeding,0,0,5,,https://doi.org/10.1007/s11250-021-02808-x,V44_reviewer_ready_study_index,,V44 reviewer-ready Study_Index is the scope/identity authority for this public mapping; v35 title fields are supplied only when the same Study_ID was present in that earlier title/DOI registry.
Humphrey2022_JAS_BenzoicAcid,confirmation,4,Humphrey_2022,2022,10.1093/jas/skac296,available_in_V44_study_index,,,,,1,4,,0,4,0,,10.1093/jas/skac296,V44_reviewer_ready_study_index,,V44 reviewer-ready Study_Index is the scope/identity authority. No canonical title was carried forward here because the same Study_ID was not present in the v35 title registry; use Author_Year and DOI/link where available.
Jin2010_AAJS,confirmation,5,Jin_2010,2010,,not_available_in_V44_study_index,"Effect of Dietary Lysine Restriction and Energy Density on Performance, Nutrient Digestibility and Meat Quality in Finishing Pigs",10.5713/ajas.2010.90585,EXTERNALLY_VERIFIED,https://doi.org/10.5713/ajas.2010.90585,1,5,total collection in metabolic crates; 7 d adaptation + 5 d collection,0,5,0,"Effect of Dietary Lysine Restriction and Energy Density on Performance, Nutrient Digestibility and Meat Quality in Finishing Pigs",10.5713/ajas.2010.90585,v35_verified_metadata_registry,,V44 reviewer-ready Study_Index is the scope/identity authority for this public mapping; v35 title fields are supplied only when the same Study_ID was present in that earlier title/DOI registry.
Kampman2015_BJN,confirmation,4,Kampman-van_de_Hoek_2015,2015,https://doi.org/10.1017/S0007114514003821,available_in_V44_study_index,Induced lung inflammation and dietary protein supply affect nitrogen retention and amino acid metabolism in growing pigs,10.1017/S0007114514003821,EXTERNALLY_VERIFIED,https://doi.org/10.1017/S0007114514003821,1,4,total collection,0,0,4,Induced lung inflammation and dietary protein supply affect nitrogen retention and amino acid metabolism in growing pigs,https://doi.org/10.1017/S0007114514003821,V44_reviewer_ready_study_index,,V44 reviewer-ready Study_Index is the scope/identity authority for this public mapping; v35 title fields are supplied only when the same Study_ID was present in that earlier title/DOI registry.
Kwon2019_JAS,confirmation,5,Kwon_2019,2019,https://doi.org/10.1093/jas/skz259,available_in_V44_study_index,"Excess dietary leucine in diets for growing pigs reduces growth performance, biological",10.1093/jas/skz259,SOURCE_VERIFIED_V33,https://doi.org/10.1093/jas/skz259,1,5,5-d total urine/feces collection in metabolism crates,0,5,0,,https://doi.org/10.1093/jas/skz259,V44_reviewer_ready_study_index,,V44 reviewer-ready Study_Index is the scope/identity authority for this public mapping; v35 title fields are supplied only when the same Study_ID was present in that earlier title/DOI registry.
Kwon2019_LeuExcess,confirmation,5,Kwon_2019,2019,https://doi.org/10.1093/jas/skz259,available_in_V44_study_index,,,,,1,5,7-d adaptation + 5-d total feces/urine collection,0,0,5,,https://doi.org/10.1093/jas/skz259,V44_reviewer_ready_study_index,,V44 reviewer-ready Study_Index is the scope/identity authority. No canonical title was carried forward here because the same Study_ID was not present in the v35 title registry; use Author_Year and DOI/link where available.
Lee2024_Animals_BLM,confirmation,3,Lee_2024,2024,https://doi.org/10.3390/ani14111692,available_in_V44_study_index,"Pelleting and particle size reduction of corn increase net energy and digestibility of fiber, protei",10.3390/ani14111692,SOURCE_VERIFIED_V33,https://doi.org/10.3390/ani14111692,1,3,metabolic cage total collection,0,3,0,,https://doi.org/10.3390/ani14111692,V44_reviewer_ready_study_index,,V44 reviewer-ready Study_Index is the scope/identity authority for this public mapping; v35 title fields are supplied only when the same Study_ID was present in that earlier title/DOI registry.
Li2024_JASB_GlucoseRelease,confirmation,4,Li_2024,2024,10.1186/s40104-024-01000-z,available_in_V44_study_index,,,,,1,4,,0,4,0,,10.1186/s40104-024-01000-z,V44_reviewer_ready_study_index,,V44 reviewer-ready Study_Index is the scope/identity authority. No canonical title was carried forward here because the same Study_ID was not present in the v35 title registry; use Author_Year and DOI/link where available.
Litvak2013_JAS,confirmation,15,Litvak_2013,2013,https://doi.org/10.2527/jas2012-6160,available_in_V44_study_index,Immune system stimulation increases the optimal dietary methionine to methionine plus cysteine ratio in growing pigs,10.2527/jas.2012-6160,SOURCE_VERIFIED_V33,https://doi.org/10.2527/jas.2012-6160,1,15,total collection,0,15,0,,https://doi.org/10.2527/jas2012-6160,V44_reviewer_ready_study_index,,V44 reviewer-ready Study_Index is the scope/identity authority for this public mapping; v35 title fields are supplied only when the same Study_ID was present in that earlier title/DOI registry.
Liu2009_LivSci,confirmation,2,Liu_2009,2009,https://doi.org/10.1016/j.livsci.2008.07.027,available_in_V44_study_index,Effects of dietary cysteamine supplementation on growth performance and whole-body protein turnover in finishing pigs,10.1016/j.livsci.2008.07.027,EXTERNALLY_VERIFIED,https://doi.org/10.1016/j.livsci.2008.07.027,1,2,3-d adaptation + 7-d nitrogen balance,0,0,2,Effects of dietary cysteamine supplementation on growth performance and whole-body protein turnover in finishing pigs,https://doi.org/10.1016/j.livsci.2008.07.027,V44_reviewer_ready_study_index,,V44 reviewer-ready Study_Index is the scope/identity authority for this public mapping; v35 title fields are supplied only when the same Study_ID was present in that earlier title/DOI registry.
Liu2024_SciRep,confirmation,3,Liu_2024,2024,https://doi.org/10.1038/s41598-024-58832-y,available_in_V44_study_index,"Effects of Lactobacillus-fermented low-protein diets on the growth performance, nitrogen excretion,",10.1038/s41598-024-58832-y,SOURCE_VERIFIED_V33,https://doi.org/10.1038/s41598-024-58832-y,1,3,total feces and urine collection,3,0,0,,https://doi.org/10.1038/s41598-024-58832-y,V44_reviewer_ready_study_index,,V44 reviewer-ready Study_Index is the scope/identity authority for this public mapping; v35 title fields are supplied only when the same Study_ID was present in that earlier title/DOI registry.
Lynch2007_Animal_BetaGlucan,confirmation,4,Lynch_2007a,2007,https://doi.org/10.1017/S1751731107000158,available_in_V44_study_index,"Effects of increasing the intake of dietary β-glucans by exchanging wheat for barley on nutrient digestibility, nitrogen excretion, intestinal microflora, volatile fatty acid concentration and manure ammonia emissions in finishing pigs",10.1017/S1751731107000158,EXTERNALLY_VERIFIED,https://doi.org/10.1017/S1751731107000158,1,4,total collection in metabolism crates,0,0,4,"Effects of increasing the intake of dietary β-glucans by exchanging wheat for barley on nutrient digestibility, nitrogen excretion, intestinal microflora, volatile fatty acid concentration and manure ammonia emissions in finishing pigs",https://doi.org/10.1017/S1751731107000158,V44_reviewer_ready_study_index,,V44 reviewer-ready Study_Index is the scope/identity authority for this public mapping; v35 title fields are supplied only when the same Study_ID was present in that earlier title/DOI registry.
Lynch2007_LivSci,confirmation,4,Lynch_2007,2007,https://doi.org/10.1016/j.livsci.2007.01.131,available_in_V44_study_index,The effect of dietary crude protein concentration and inulin supplementation on nitrogen excretion and intestinal microflora from finisher pigs,10.1016/j.livsci.2007.01.131,SOURCE_VERIFIED_V33,https://doi.org/10.1016/j.livsci.2007.01.131,1,4,dietary adaptation followed by total feces and urine collection as described for nitrogen balance,0,0,4,,https://doi.org/10.1016/j.livsci.2007.01.131,V44_reviewer_ready_study_index,,V44 reviewer-ready Study_Index is the scope/identity authority for this public mapping; v35 title fields are supplied only when the same Study_ID was present in that earlier title/DOI registry.
Mathai2016_JAS,confirmation,8,Mathai_2016,2016,https://doi.org/10.2527/jas2016-0680; https://doi.org/10.2527/jas.2016-0680,available_in_V44_study_index,Effects of dietary fiber on the ideal standardized ileal digestible threonine:lysine ratio for twenty-five to fifty kilogram growing gilts,10.2527/jas.2016-0680,SOURCE_VERIFIED_V33,https://doi.org/10.2527/jas.2016-0680,1,8,total collection in metabolism crates; total collection; 5 d collection after 7 d adaptation,0,4,4,,https://doi.org/10.2527/jas2016-0680; https://doi.org/10.2527/jas.2016-0680,V44_reviewer_ready_study_index,,V44 reviewer-ready Study_Index is the scope/identity authority for this public mapping; v35 title fields are supplied only when the same Study_ID was present in that earlier title/DOI registry.
McDonnell2010_AAN,confirmation,4,McDonnell_2010,2010,https://doi.org/10.1080/1745039X.2010.496947,available_in_V44_study_index,"Influence of incrementally substituting dietary soya bean meal for rapeseed meal on nutrient digestibility, nitrogen excretion, growth performance and ammonia emissions from growing-finishing pigs",10.1080/1745039X.2010.496947,EXTERNALLY_VERIFIED,https://doi.org/10.1080/1745039X.2010.496947,1,4,total collection,0,0,4,"Influence of incrementally substituting dietary soya bean meal for rapeseed meal on nutrient digestibility, nitrogen excretion, growth performance and ammonia emissions from growing-finishing pigs",https://doi.org/10.1080/1745039X.2010.496947,V44_reviewer_ready_study_index,,V44 reviewer-ready Study_Index is the scope/identity authority for this public mapping; v35 title fields are supplied only when the same Study_ID was present in that earlier title/DOI registry.
Niyonsaba2023_AB_LowCP,confirmation,6,Niyonsaba_2023,2023,https://doi.org/10.5713/ab.23.0155,available_in_V44_study_index,"Effect of reducing dietary crude protein level on growth performance, blood profiles, nutrient digestibility, carcass traits, and odor emissions in growing-finishing pigs",10.5713/ab.23.0155,EXTERNALLY_VERIFIED,https://doi.org/10.5713/ab.23.0155,1,6,total collection,0,6,0,"Effect of reducing dietary crude protein level on growth performance, blood profiles, nutrient digestibility, carcass traits, and odor emissions in growing-finishing pigs",https://doi.org/10.5713/ab.23.0155,V44_reviewer_ready_study_index,,V44 reviewer-ready Study_Index is the scope/identity authority for this public mapping; v35 title fields are supplied only when the same Study_ID was present in that earlier title/DOI registry.
Panaite2025_Agriculture_Peas,confirmation,3,Panaite_2025,2025,10.3390/agriculture15080897,available_in_V44_study_index,,,,,1,3,,3,0,0,,10.3390/agriculture15080897,V44_reviewer_ready_study_index,,V44 reviewer-ready Study_Index is the scope/identity authority. No canonical title was carried forward here because the same Study_ID was not present in the v35 title registry; use Author_Year and DOI/link where available.
Qi2025_Animals_SongliaoBlack,confirmation,2,Qi_2025,2025,,not_available_in_V44_study_index,,,,,1,2,,0,2,0,Research on Energy Supply Optimization of Diets for Songliao Black Growing and Fattening Pigs at a Low Ambient Temperature,10.3390/ani15060846,publisher_metadata_2026-09-22,2026-09-22,"Study identity retained from the historical analysis matrix and independently resolved against publisher/journal metadata on 2026-09-22. This provenance enrichment does not alter any analysis value, split, or model result."
Rachuonyo2015_RMCP,confirmation,2,Rachuonyo_2015,2015,,not_available_in_V44_study_index,"Nitrogen balance, ammonia and odor emissions in growing pigs fed reduced protein diets",10.22319/rmcp.v6i2.4056,EXTERNALLY_VERIFIED,https://doi.org/10.22319/rmcp.v6i2.4056,1,2,metabolism crate total collection,2,0,0,"Nitrogen balance, ammonia and odor emissions in growing pigs fed reduced protein diets",10.22319/rmcp.v6i2.4056,v35_verified_metadata_registry,,V44 reviewer-ready Study_Index is the scope/identity authority for this public mapping; v35 title fields are supplied only when the same Study_ID was present in that earlier title/DOI registry.
Rachuonyo2015_RevMex_LowProtein,confirmation,2,Rachuonyo_2015,2015,NO_DOI_primary_fulltext_local_v42,available_in_V44_study_index,,,,,1,2,,0,0,2,,NO_DOI_primary_fulltext_local_v42,V44_reviewer_ready_study_index,,V44 reviewer-ready Study_Index is the scope/identity authority. No canonical title was carried forward here because the same Study_ID was not present in the v35 title registry; use Author_Year and DOI/link where available.
Rizzi2007_ItalJAnimSci,confirmation,4,Rizzi_2007,2007,,not_available_in_V44_study_index,Digestibility and nitrogen balance of diets containing non conventional vegetable proteins fed to pigs of genetic strains suitable for outdoor systems,10.4081/ijas.2007.1s.353,EXTERNALLY_VERIFIED,https://doi.org/10.4081/ijas.2007.1s.353,1,4,metabolism cages total collection; Latin square; diet main effect,0,0,4,Digestibility and nitrogen balance of diets containing non conventional vegetable proteins fed to pigs of genetic strains suitable for outdoor systems,10.4081/ijas.2007.1s.353,v35_verified_metadata_registry,,V44 reviewer-ready Study_Index is the scope/identity authority for this public mapping; v35 title fields are supplied only when the same Study_ID was present in that earlier title/DOI registry.
Shuai2023_AnimNutr,confirmation,3,Shuai_2023,2023,https://doi.org/10.1016/j.aninu.2023.06.011,available_in_V44_study_index,"Effect of fermented rapeseed meal on growth performance, nutrient digestibility, and intestinal heal",10.1016/j.aninu.2023.06.011,SOURCE_VERIFIED_V33,https://doi.org/10.1016/j.aninu.2023.06.011,1,3,total feces and urine collection,0,3,0,,https://doi.org/10.1016/j.aninu.2023.06.011,V44_reviewer_ready_study_index,,V44 reviewer-ready Study_Index is the scope/identity authority for this public mapping; v35 title fields are supplied only when the same Study_ID was present in that earlier title/DOI registry.
Shui2026_VetSci_DiversifiedLP,confirmation,4,Shui_2026,2026,10.3390/vetsci13030219,available_in_V44_study_index,,,,,1,4,,4,0,0,,10.3390/vetsci13030219,V44_reviewer_ready_study_index,,V44 reviewer-ready Study_Index is the scope/identity authority. No canonical title was carried forward here because the same Study_ID was not present in the v35 title registry; use Author_Year and DOI/link where available.
Susenbeth2011_AAN,confirmation,3,Susenbeth_2011,2011,https://doi.org/10.1080/1745039X.2010.534896,available_in_V44_study_index,"Effect of xylanase and glucanase supplementation to a cereal-based, threonine-limited diet on the nitrogen balance of growing pigs",10.1080/1745039x.2010.534896,SOURCE_VERIFIED_V33,https://doi.org/10.1080/1745039x.2010.534896,1,3,total collection,0,0,3,,https://doi.org/10.1080/1745039X.2010.534896,V44_reviewer_ready_study_index,,V44 reviewer-ready Study_Index is the scope/identity authority for this public mapping; v35 title fields are supplied only when the same Study_ID was present in that earlier title/DOI registry.
Tian2016_AJAS,confirmation,3,Tian_2016,2016,10.5713/ajas.15.0730,available_in_V44_study_index,"Effect of L- or DL-methionine Supplementation on Nitrogen Retention, Serum Amino Acid Concentrations",10.5713/ajas.15.0730,SOURCE_VERIFIED_V33,https://doi.org/10.5713/ajas.15.0730,1,3,total collection,3,0,0,,10.5713/ajas.15.0730,V44_reviewer_ready_study_index,,V44 reviewer-ready Study_Index is the scope/identity authority for this public mapping; v35 title fields are supplied only when the same Study_ID was present in that earlier title/DOI registry.
Wellington2020_JAS,confirmation,4,Wellington_2020,2020,https://doi.org/10.1093/jas/skaa378,available_in_V44_study_index,"Effect of long-term feeding of graded levels of deoxynivalenol (DON) on growth performance, nutrient",10.1093/jas/skaa378,SOURCE_VERIFIED_V33,https://doi.org/10.1093/jas/skaa378,1,4,total collection,0,4,0,,https://doi.org/10.1093/jas/skaa378,V44_reviewer_ready_study_index,,V44 reviewer-ready Study_Index is the scope/identity authority for this public mapping; v35 title fields are supplied only when the same Study_ID was present in that earlier title/DOI registry.
Wellington2021_DON,confirmation,8,Wellington_2021,2021,https://doi.org/10.1093/jas/skab109,available_in_V44_study_index,"Effect of long-term feeding of graded levels of deoxynivalenol on performance, nutrient",10.1093/jas/skab109,SOURCE_VERIFIED_V33,https://doi.org/10.1093/jas/skab109,2,8,metabolism crate total collection,0,8,0,,https://doi.org/10.1093/jas/skab109,V44_reviewer_ready_study_index,,V44 reviewer-ready Study_Index is the scope/identity authority for this public mapping; v35 title fields are supplied only when the same Study_ID was present in that earlier title/DOI registry.
Wu2008_AJAS,confirmation,5,Wu_2008,2008,,not_available_in_V44_study_index,True Digestibility of Phosphorus in Different Resources of Feed Ingredients in Growing Pigs,10.5713/ajas.2008.70143,SOURCE_VERIFIED_V33,https://doi.org/10.5713/ajas.2008.70143,1,5,reported balance / method detail unclear,5,0,0,,10.5713/ajas.2008.70143,v35_verified_metadata_registry,,V44 reviewer-ready Study_Index is the scope/identity authority for this public mapping; v35 title fields are supplied only when the same Study_ID was present in that earlier title/DOI registry.
Wu2023_Animal,confirmation,8,Wu_2023,2023,https://doi.org/10.1016/j.animal.2023.100869,available_in_V44_study_index,"Effects of dietary niacinamide and CP concentrations on the nitrogen excretion, growth performance,",10.1016/j.animal.2023.100869,SOURCE_VERIFIED_V33,https://doi.org/10.1016/j.animal.2023.100869,2,8,total collection,0,0,8,,https://doi.org/10.1016/j.animal.2023.100869,V44_reviewer_ready_study_index,,V44 reviewer-ready Study_Index is the scope/identity authority for this public mapping; v35 title fields are supplied only when the same Study_ID was present in that earlier title/DOI registry.
Yoo2024_AnimBiosci_BA,confirmation,6,Yoo_2024a,2024,https://doi.org/10.5713/ab.24.0216,available_in_V44_study_index,"Effects of benzoic acid in pig diets on nitrogen utilization, urinary pH, slurry pH, and odorous com",10.5713/ab.24.0216,SOURCE_VERIFIED_V33,https://doi.org/10.5713/ab.24.0216,1,6,total collection,0,0,6,,https://doi.org/10.5713/ab.24.0216,V44_reviewer_ready_study_index,,V44 reviewer-ready Study_Index is the scope/identity authority for this public mapping; v35 title fields are supplied only when the same Study_ID was present in that earlier title/DOI registry.
Zangeronimo2007_RBZ,confirmation,8,Zangeronimo_2007,2007,,not_available_in_V44_study_index,Desempenho e excreção de nitrogênio de leitões dos 9 aos 25 kg alimentados com dietas com diferentes níveis de lisina digestível e proteína bruta,10.1590/S1516-35982007000600022,EXTERNALLY_VERIFIED,https://doi.org/10.1590/S1516-35982007000600022,1,8,total collection in metabolism cages,0,8,0,Desempenho e excreção de nitrogênio de leitões dos 9 aos 25 kg alimentados com dietas com diferentes níveis de lisina digestível e proteína bruta,10.1590/S1516-35982007000600022,v35_verified_metadata_registry,,V44 reviewer-ready Study_Index is the scope/identity authority for this public mapping; v35 title fields are supplied only when the same Study_ID was present in that earlier title/DOI registry.
Zhai2025_LivSci,confirmation,6,Zhai_2025,2025,https://doi.org/10.1016/j.livsci.2025.105678,available_in_V44_study_index,Phytase appeared to counterbalance the inimical effect on N balance of acidosis associated with disp,10.1016/j.livsci.2025.105678,SOURCE_VERIFIED_V33,https://doi.org/10.1016/j.livsci.2025.105678,1,6,total collection,0,6,0,,https://doi.org/10.1016/j.livsci.2025.105678,V44_reviewer_ready_study_index,,V44 reviewer-ready Study_Index is the scope/identity authority for this public mapping; v35 title fields are supplied only when the same Study_ID was present in that earlier title/DOI registry.
Zhang2022_AnimNutr_AARelease,confirmation,4,Zhang_2022,2022,,not_available_in_V44_study_index,,,,,1,4,,0,4,0,Relationship between dietary amino acid release kinetics and nitrogen deposition in growing pigs,10.1016/j.aninu.2022.01.001,publisher_metadata_2026-09-22,2026-09-22,"Study identity retained from the historical analysis matrix and independently resolved against publisher/journal metadata on 2026-09-22. This provenance enrichment does not alter any analysis value, split, or model result."
Zhang2022_JASB_StarchPatterns,confirmation,5,Zhang_2022,2022,,not_available_in_V44_study_index,,,,,1,5,,0,5,0,"Different dietary starch patterns in low-protein diets: effect on nitrogen efficiency, nutrient metabolism, and intestinal flora in growing pigs",10.1186/s40104-022-00704-4,publisher_metadata_2026-09-22,2026-09-22,"Study identity retained from the historical analysis matrix and independently resolved against publisher/journal metadata on 2026-09-22. This provenance enrichment does not alter any analysis value, split, or model result."
Zhao2019_RBZ,confirmation,9,Zhao_2019,2019,https://doi.org/10.1590/rbz4820180021,available_in_V44_study_index,"Effects of varying levels of dietary protein and net energy on growth performance, nitrogen balance",10.1590/rbz4820180021,SOURCE_VERIFIED_V33,https://doi.org/10.1590/rbz4820180021,3,9,total collection,0,9,0,,https://doi.org/10.1590/rbz4820180021,V44_reviewer_ready_study_index,,V44 reviewer-ready Study_Index is the scope/identity authority for this public mapping; v35 title fields are supplied only when the same Study_ID was present in that earlier title/DOI registry.
Acciaioli2011_AFST,development,8,Acciaioli_2011,2011,https://doi.org/10.1016/j.anifeedsci.2011.05.009,available_in_V44_study_index,Comparison of total tract digestibility and nitrogen balance between Cinta Senese and Large White pigs fed on different levels of dietary crude protein,10.1016/j.anifeedsci.2011.05.009,EXTERNALLY_VERIFIED,https://doi.org/10.1016/j.anifeedsci.2011.05.009,2,8,7-d floor adaptation + 3-d cage adaptation + 4-d total feces and urine collection,0,0,8,Comparison of total tract digestibility and nitrogen balance between Cinta Senese and Large White pigs fed on different levels of dietary crude protein,https://doi.org/10.1016/j.anifeedsci.2011.05.009,V44_reviewer_ready_study_index,,V44 reviewer-ready Study_Index is the scope/identity authority for this public mapping; v35 title fields are supplied only when the same Study_ID was present in that earlier title/DOI registry.
Acosta2016_JAS,development,10,Acosta_2016,2016,https://doi.org/10.2527/jas.2016.1161,available_in_V44_study_index,Digestion and nitrogen balance using swine diets containing increasing proportions of coproduct ingredients and formulated using the net energy system,10.2527/jas.2016.1161,SOURCE_VERIFIED_V33,https://doi.org/10.2527/jas.2016.1161,2,10,total collection + TiO2 marker,0,0,10,,https://doi.org/10.2527/jas.2016.1161,V44_reviewer_ready_study_index,,V44 reviewer-ready Study_Index is the scope/identity authority for this public mapping; v35 title fields are supplied only when the same Study_ID was present in that earlier title/DOI registry.
Acosta2020_TAS_LactoseFP,development,4,Acosta_2020,2020,10.1093/tas/txaa045,available_in_V44_study_index,,,,,1,4,,0,4,0,,10.1093/tas/txaa045,V44_reviewer_ready_study_index,,V44 reviewer-ready Study_Index is the scope/identity authority. No canonical title was carried forward here because the same Study_ID was not present in the v35 title registry; use Author_Year and DOI/link where available.
An2025_JAST,development,8,An_2025,2025,https://doi.org/10.5187/jast.2024.e35,available_in_V44_study_index,Supplementation of protease with low protein diets improves incidence of frequency and nitrogen metabolism in weaned pigs,10.5187/jast.2024.e35,SOURCE_VERIFIED_V33,https://doi.org/10.5187/jast.2024.e35,2,8,metabolic cage total collection with Cr2O3 marker,0,8,0,,https://doi.org/10.5187/jast.2024.e35,V44_reviewer_ready_study_index,,V44 reviewer-ready Study_Index is the scope/identity authority for this public mapping; v35 title fields are supplied only when the same Study_ID was present in that earlier title/DOI registry.
Antongiovanni2007_IJAS,development,3,Antongiovanni_2007,2007,https://doi.org/10.4081/ijas.2007.1s.245,available_in_V44_study_index,Effect of tannin supplementation on nitrogen digestibility and retention in growing pigs,10.4081/ijas.2007.1s.245,SOURCE_VERIFIED_V33,https://doi.org/10.4081/ijas.2007.1s.245,1,3,one-week total feces and urine collection in single metabolic cages within a 40-d feeding trial,0,3,0,,https://doi.org/10.4081/ijas.2007.1s.245,V44_reviewer_ready_study_index,,V44 reviewer-ready Study_Index is the scope/identity authority for this public mapping; v35 title fields are supplied only when the same Study_ID was present in that earlier title/DOI registry.
Aquilani2019_Animals,development,4,Aquilani_2019,2019,https://doi.org/10.3390/ani9121021,available_in_V44_study_index,"Effects of Different Protein Levels on the Nitrogen Balance, Performance and Slaughtering Traits of Cinta Senese Growing Pigs",10.3390/ani9121021,SOURCE_VERIFIED_V33,https://doi.org/10.3390/ani9121021,1,4,metabolism crate total collection,0,0,4,,https://doi.org/10.3390/ani9121021,V44_reviewer_ready_study_index,,V44 reviewer-ready Study_Index is the scope/identity authority for this public mapping; v35 title fields are supplied only when the same Study_ID was present in that earlier title/DOI registry.
Arredondo2019_AFST,development,7,Arredondo_2019,2019,https://doi.org/10.1016/j.anifeedsci.2019.01.001,available_in_V44_study_index,Increasing levels of microbial phytase increases the digestibility of energy and minerals in diets f,10.1016/j.anifeedsci.2019.01.001,SOURCE_VERIFIED_V33,https://doi.org/10.1016/j.anifeedsci.2019.01.001,1,7,metabolism crate total collection,0,0,7,,https://doi.org/10.1016/j.anifeedsci.2019.01.001,V44_reviewer_ready_study_index,,V44 reviewer-ready Study_Index is the scope/identity authority for this public mapping; v35 title fields are supplied only when the same Study_ID was present in that earlier title/DOI registry.
Batorek2016_IC_FatContent,development,3,BatorekLukac_2016,2016,https://doi.org/10.1017/S1751731116000719,available_in_V44_study_index,Effect of high dietary fat content on heat production and lipid and protein deposition in growing immunocastrated male pigs,10.1017/S1751731116000719,EXTERNALLY_VERIFIED,https://doi.org/10.1017/S1751731116000719,1,3,respiration chamber balance with total feces/urine collection,0,0,3,Effect of high dietary fat content on heat production and lipid and protein deposition in growing immunocastrated male pigs,https://doi.org/10.1017/S1751731116000719,V44_reviewer_ready_study_index,,V44 reviewer-ready Study_Index is the scope/identity authority for this public mapping; v35 title fields are supplied only when the same Study_ID was present in that earlier title/DOI registry.
Blank2012_AAN,development,8,Blank_2012,2012,https://doi.org/10.1080/1745039X.2012.663669,available_in_V44_study_index,Effect of dietary fibre on nitrogen retention and fibre associated threonine losses in growing pigs,10.1080/1745039x.2012.663669,SOURCE_VERIFIED_V33,https://doi.org/10.1080/1745039x.2012.663669,2,8,total collection,0,0,8,,https://doi.org/10.1080/1745039X.2012.663669,V44_reviewer_ready_study_index,,V44 reviewer-ready Study_Index is the scope/identity authority for this public mapping; v35 title fields are supplied only when the same Study_ID was present in that earlier title/DOI registry.
Buchinski2024_CJAS,development,10,Buchinski_2024,2024,,not_available_in_V44_study_index,Effect of dietary nitrogen content and ammonium phosphate inclusion on lysine requirement for nitrogen retention in growing pigs,10.1139/cjas-2023-0111,EXTERNALLY_VERIFIED,https://doi.org/10.1139/cjas-2023-0111,2,10,total collection,0,10,0,Effect of dietary nitrogen content and ammonium phosphate inclusion on lysine requirement for nitrogen retention in growing pigs,10.1139/cjas-2023-0111,v35_verified_metadata_registry,,V44 reviewer-ready Study_Index is the scope/identity authority for this public mapping; v35 title fields are supplied only when the same Study_ID was present in that earlier title/DOI registry.
Cappelaere2024_JAS,development,6,Cappelaere_2024,2024,https://doi.org/10.1093/jas/skae317,available_in_V44_study_index,Environmental benefits of crude protein reduction in growing pig diets is it worth going further,10.1093/jas/skae317,SOURCE_VERIFIED_V33,https://doi.org/10.1093/jas/skae317,2,6,calculated from performance,0,6,0,,https://doi.org/10.1093/jas/skae317,V44_reviewer_ready_study_index,,V44 reviewer-ready Study_Index is the scope/identity authority for this public mapping; v35 title fields are supplied only when the same Study_ID was present in that earlier title/DOI registry.
CastroDereck2023_TAHP,development,5,CastroDereck_2023,2023,https://doi.org/10.1007/s11250-023-03725-x,available_in_V44_study_index,Effects of dietary xylanase plus β-glucanase levels on total-tract nutrient and energy digestibility,10.1007/s11250-023-03725-x,SOURCE_VERIFIED_V33,https://doi.org/10.1007/s11250-023-03725-x,1,5,total collection,0,0,5,,https://doi.org/10.1007/s11250-023-03725-x,V44_reviewer_ready_study_index,,V44 reviewer-ready Study_Index is the scope/identity authority for this public mapping; v35 title fields are supplied only when the same Study_ID was present in that earlier title/DOI registry.
Ceron2016_MVZ,development,4,Ceron_2016,2016,,not_available_in_V44_study_index,Efficiency of threonine utilization in the growing pigs,10.21897/rmvz.24,EXTERNALLY_VERIFIED,https://doi.org/10.21897/rmvz.24,1,4,total collection metabolic cage,0,4,0,Efficiency of threonine utilization in the growing pigs,10.21897/rmvz.24,v35_verified_metadata_registry,,V44 reviewer-ready Study_Index is the scope/identity authority for this public mapping; v35 title fields are supplied only when the same Study_ID was present in that earlier title/DOI registry.
Chen2017_AKG,development,2,Chen_2017,2017,https://doi.org/10.1016/j.anifeedsci.2016.12.013,available_in_V44_study_index,"Title: Growth performance, nitrogen balance, and metabolism",10.1016/j.anifeedsci.2016.12.013,SOURCE_VERIFIED_V33,https://doi.org/10.1016/j.anifeedsci.2016.12.013,1,2,metabolism crate total collection,2,0,0,,https://doi.org/10.1016/j.anifeedsci.2016.12.013,V44_reviewer_ready_study_index,,V44 reviewer-ready Study_Index is the scope/identity authority for this public mapping; v35 title fields are supplied only when the same Study_ID was present in that earlier title/DOI registry.
Choi2015_AAJS,development,5,Choi_2015,2015,,not_available_in_V44_study_index,"Influence of Rapeseed Meal on Growth Performance, Blood Profiles, Nutrient Digestibility and Economi",10.5713/ajas.14.0802,SOURCE_VERIFIED_V33,https://doi.org/10.5713/ajas.14.0802,1,5,total collection,0,5,0,,10.5713/ajas.14.0802,v35_verified_metadata_registry,,V44 reviewer-ready Study_Index is the scope/identity authority for this public mapping; v35 title fields are supplied only when the same Study_ID was present in that earlier title/DOI registry.
Choi2015_AJAS_RapeseedMeal,development,5,Choi_2015,2015,10.5713/ajas.14.0802,available_in_V44_study_index,,,,,1,5,,5,0,0,,10.5713/ajas.14.0802,V44_reviewer_ready_study_index,,V44 reviewer-ready Study_Index is the scope/identity authority. No canonical title was carried forward here because the same Study_ID was not present in the v35 title registry; use Author_Year and DOI/link where available.
Corassa2024_Animals,development,5,Corassa_2024,2024,https://doi.org/10.3390/ani14142108,available_in_V44_study_index,Brazilian Corn Ethanol Coproducts for Pigs Feeding Value and Blood Parameters,10.3390/ani14142108,SOURCE_VERIFIED_V33,https://doi.org/10.3390/ani14142108,1,5,total collection,0,5,0,,https://doi.org/10.3390/ani14142108,V44_reviewer_ready_study_index,,V44 reviewer-ready Study_Index is the scope/identity authority for this public mapping; v35 title fields are supplied only when the same Study_ID was present in that earlier title/DOI registry.
Cristobal2025_JAS,development,4,Cristobal_2025,2025,https://doi.org/10.1093/jas/skaf197,available_in_V44_study_index,"Replacement of soybean meal in diets for growing pigs with corn and synthetic amino acids results in reduced energy and nitrogen digestibility and reduced daily nitrogen retention, but metabolizable energy is not changed",10.1093/jas/skaf197,EXTERNALLY_VERIFIED,https://doi.org/10.1093/jas/skaf197,1,4,total collection in metabolism crates,0,4,0,"Replacement of soybean meal in diets for growing pigs with corn and synthetic amino acids results in reduced energy and nitrogen digestibility and reduced daily nitrogen retention, but metabolizable energy is not changed",https://doi.org/10.1093/jas/skaf197,V44_reviewer_ready_study_index,,V44 reviewer-ready Study_Index is the scope/identity authority for this public mapping; v35 title fields are supplied only when the same Study_ID was present in that earlier title/DOI registry.
Cruz2020_CJYeast,development,4,Cruz_2020,2020,https://doi.org/10.1016/j.livsci.2019.103855,available_in_V44_study_index,Cyberlindnera jadinii yeast as a protein source for growing pigs: E protein and energy metabolism,10.1016/j.livsci.2019.103855,SOURCE_VERIFIED_V33,https://doi.org/10.1016/j.livsci.2019.103855,1,4,4-d total feces + urine with indirect calorimetry,0,0,4,,https://doi.org/10.1016/j.livsci.2019.103855,V44_reviewer_ready_study_index,,V44 reviewer-ready Study_Index is the scope/identity authority for this public mapping; v35 title fields are supplied only when the same Study_ID was present in that earlier title/DOI registry.
Deng2007_LivSci,development,5,Deng_2007,2007,https://doi.org/10.1016/j.livsci.2007.01.122,available_in_V44_study_index,Nitrogen balance in barrows fed low-protein diets supplemented with essential amino acids,10.1016/j.livsci.2007.01.122,SOURCE_VERIFIED_V33,https://doi.org/10.1016/j.livsci.2007.01.122,1,5,total collection,5,0,0,,https://doi.org/10.1016/j.livsci.2007.01.122,V44_reviewer_ready_study_index,,V44 reviewer-ready Study_Index is the scope/identity authority for this public mapping; v35 title fields are supplied only when the same Study_ID was present in that earlier title/DOI registry.
Do2017_RSM_WeaningToFinishing,development,5,Do_2017,2017,https://doi.org/10.5713/ajas.16.0953,available_in_V44_study_index,Various levels of rapeseed meal in weaning pig diets from weaning to finishing periods,10.5713/ajas.16.0953,EXTERNALLY_VERIFIED,https://doi.org/10.5713/ajas.16.0953,1,5,individual metabolic crates; 5-d adaptation plus 5-d feces and urine collection,0,0,5,Various levels of rapeseed meal in weaning pig diets from weaning to finishing periods,https://doi.org/10.5713/ajas.16.0953,V44_reviewer_ready_study_index,,V44 reviewer-ready Study_Index is the scope/identity authority for this public mapping; v35 title fields are supplied only when the same Study_ID was present in that earlier title/DOI registry.
Drew2012_JAS_GlycemicIndex,development,3,Drew_2012,2012,10.2527/jas.2010-3458,available_in_V44_study_index,,,,,1,3,,0,0,3,,10.2527/jas.2010-3458,V44_reviewer_ready_study_index,,V44 reviewer-ready Study_Index is the scope/identity authority. No canonical title was carried forward here because the same Study_ID was not present in the v35 title registry; use Author_Year and DOI/link where available.
Elsbernd2015_JAS,development,12,Elsbernd_2015,2015,,not_available_in_V44_study_index,"Comparison among gilts, physical castrates, entire males, and immunological castrates in terms of gr",10.2527/jas.2015-9295,SOURCE_VERIFIED_V33,https://doi.org/10.2527/jas.2015-9295,3,12,total collection,0,12,0,,10.2527/jas.2015-9295,v35_verified_metadata_registry,,V44 reviewer-ready Study_Index is the scope/identity authority for this public mapping; v35 title fields are supplied only when the same Study_ID was present in that earlier title/DOI registry.
Espinosa2021_JAS,development,7,Espinosa_2021,2021,https://doi.org/10.1093/jas/skab248,available_in_V44_study_index,"Effects of supplemental D-methionine in comparison to L-methionine on nitrogen retention, gut morpho",10.1093/jas/skab248,SOURCE_VERIFIED_V33,https://doi.org/10.1093/jas/skab248,1,7,total collection,0,7,0,,https://doi.org/10.1093/jas/skab248,V44_reviewer_ready_study_index,,V44 reviewer-ready Study_Index is the scope/identity authority for this public mapping; v35 title fields are supplied only when the same Study_ID was present in that earlier title/DOI registry.
Galassi2010_AFST,development,4,Galassi_2010,2010,https://doi.org/10.1016/j.anifeedsci.2010.08.009,available_in_V44_study_index,"Effects of high fibre and low protein diets on performance, digestibility, nitrogen excretion and ammonia emission in the heavy pig",10.1016/j.anifeedsci.2010.08.009,SOURCE_VERIFIED_V33,https://doi.org/10.1016/j.anifeedsci.2010.08.009,1,4,7-d adaptation + 7-d total feces and urine collection in metabolism cages,0,0,4,,https://doi.org/10.1016/j.anifeedsci.2010.08.009,V44_reviewer_ready_study_index,,V44 reviewer-ready Study_Index is the scope/identity authority for this public mapping; v35 title fields are supplied only when the same Study_ID was present in that earlier title/DOI registry.
Galassi2015_IJAS,development,3,Galassi_2015,2015,https://doi.org/10.4081/ijas.2015.4012,available_in_V44_study_index,Nitrogen and Energy Partitioning in Two Genetic Groups of Pigs Fed Low-Protein Diets at 130 kg Body Weight,10.4081/ijas.2015.4012,EXTERNALLY_VERIFIED,https://doi.org/10.4081/ijas.2015.4012,1,3,metabolic cages + respiration chambers; total separate feces and urine collection,0,0,3,Nitrogen and Energy Partitioning in Two Genetic Groups of Pigs Fed Low-Protein Diets at 130 kg Body Weight,https://doi.org/10.4081/ijas.2015.4012,V44_reviewer_ready_study_index,,V44 reviewer-ready Study_Index is the scope/identity authority for this public mapping; v35 title fields are supplied only when the same Study_ID was present in that earlier title/DOI registry.
GarciaValverde2007_LivSci,development,4,Garcia-Valverde_2007,2007,https://doi.org/10.1016/j.livsci.2007.01.161,available_in_V44_study_index,Effects of herbage ingestion on the digestion site and nitrogen balance in heavy Iberian pigs fed on an acorn-based diet,10.1016/j.livsci.2007.01.161,SOURCE_VERIFIED_V33,https://doi.org/10.1016/j.livsci.2007.01.161,4,4,Spot feces + total urine collection for N balance in metabolism cages,0,4,0,,https://doi.org/10.1016/j.livsci.2007.01.161,V44_reviewer_ready_study_index,,V44 reviewer-ready Study_Index is the scope/identity authority for this public mapping; v35 title fields are supplied only when the same Study_ID was present in that earlier title/DOI registry.
GeicsnekKoltay2022_Agriculture,development,24,GeicsnekKoltay2022_Agriculture,2022,https://doi.org/10.3390/agriculture12010094,available_in_V44_study_index,"Impacts of Age, Genotype and Feeding Low-Protein Diets on the N-Balance Parameters of Fattening Pigs",10.3390/agriculture12010094,SOURCE_VERIFIED_V33,https://doi.org/10.3390/agriculture12010094,4,24,,0,0,24,,https://doi.org/10.3390/agriculture12010094,V44_reviewer_ready_study_index,,V44 reviewer-ready Study_Index is the scope/identity authority for this public mapping; v35 title fields are supplied only when the same Study_ID was present in that earlier title/DOI registry.
Goh2022_MCT_OA,development,5,Goh_2022,2022,https://doi.org/10.5713/ab.21.0469,available_in_V44_study_index,"Effects of medium chain triglycerides with organic acids on growth performance, fecal score, blood profiles, intestinal morphology, and nutrient digestibility in weaning pigs",10.5713/ab.21.0469,EXTERNALLY_VERIFIED,https://doi.org/10.5713/ab.21.0469,1,5,Total collection; 5-d adaptation + 5-d collection,0,0,5,"Effects of medium chain triglycerides with organic acids on growth performance, fecal score, blood profiles, intestinal morphology, and nutrient digestibility in weaning pigs",https://doi.org/10.5713/ab.21.0469,V44_reviewer_ready_study_index,,V44 reviewer-ready Study_Index is the scope/identity authority for this public mapping; v35 title fields are supplied only when the same Study_ID was present in that earlier title/DOI registry.
Habeanu2019_Animals,development,1,Habeanu_2019,2019,https://doi.org/10.3390/ani9050234,available_in_V44_study_index,"Evaluation of Performance, Nitrogen Metabolism and Tissue Composition in Barrows Fed an n-3 PUFA-Rich Diet",10.3390/ani9050234,SOURCE_VERIFIED_V33,https://doi.org/10.3390/ani9050234,1,1,individual metabolic cages; 7-d adaptation followed by two quantitative feces and urine balance periods within a 3-week trial,1,0,0,,https://doi.org/10.3390/ani9050234,V44_reviewer_ready_study_index,,V44 reviewer-ready Study_Index is the scope/identity authority for this public mapping; v35 title fields are supplied only when the same Study_ID was present in that earlier title/DOI registry.
Hernandez2011_Animal_LowCP,development,6,Hernandez_2011,2011,https://doi.org/10.1017/S1751731111000115,available_in_V44_study_index,"Effect of dietary crude protein levels in a commercial range, on the nitrogen balance, ammonia emission and pollutant characteristics of slurry in fattening pigs",10.1017/S1751731111000115,EXTERNALLY_VERIFIED,https://doi.org/10.1017/S1751731111000115,1,6,total collection,6,0,0,"Effect of dietary crude protein levels in a commercial range, on the nitrogen balance, ammonia emission and pollutant characteristics of slurry in fattening pigs",https://doi.org/10.1017/S1751731111000115,V44_reviewer_ready_study_index,,V44 reviewer-ready Study_Index is the scope/identity authority for this public mapping; v35 title fields are supplied only when the same Study_ID was present in that earlier title/DOI registry.
Hlatini2020_SAJAS,development,6,Hlatini_2020,2020,https://doi.org/10.4314/sajas.v50i5.1,available_in_V44_study_index,Nitrogen balance response to varying levels of dietary protein in slow-growing Windsnyer pigs,10.4314/sajas.v50i5.1,SOURCE_VERIFIED_V33,https://doi.org/10.4314/sajas.v50i5.1,1,6,total collection,0,0,6,,https://doi.org/10.4314/sajas.v50i5.1,V44_reviewer_ready_study_index,,V44 reviewer-ready Study_Index is the scope/identity authority for this public mapping; v35 title fields are supplied only when the same Study_ID was present in that earlier title/DOI registry.
Hollis2025_JAS_BenzoicAcid,development,4,"Kim et al., 2025",2025,10.1093/jas/skaf101,available_in_V44_study_index,,,,,1,4,individual metabolic crates; 8-d collection; treatment least-squares means,0,4,0,,10.1093/jas/skaf101,V44_reviewer_ready_study_index,,V44 reviewer-ready Study_Index is the scope/identity authority. No canonical title was carried forward here because the same Study_ID was not present in the v35 title registry; use Author_Year and DOI/link where available.
Htoo2007_LPHB,development,4,Htoo_2007,2007,,not_available_in_V44_study_index,The effect of feeding low-phytate hulless barley-soyabean meal diets differing in protein content to growing pigs on phosphorus and nitrogen excretion,10.22358/jafs/66726/2007,EXTERNALLY_VERIFIED,https://doi.org/10.22358/jafs/66726/2007,1,4,metabolism crate total collection,0,0,4,The effect of feeding low-phytate hulless barley-soyabean meal diets differing in protein content to growing pigs on phosphorus and nitrogen excretion,10.22358/jafs/66726/2007,v35_verified_metadata_registry,,V44 reviewer-ready Study_Index is the scope/identity authority for this public mapping; v35 title fields are supplied only when the same Study_ID was present in that earlier title/DOI registry.
Hu2022_AnimBiosci_AARelease,development,6,Hu_2022,2022,10.5713/ab.21.0142,available_in_V44_study_index,,,,,1,6,,6,0,0,,10.5713/ab.21.0142,V44_reviewer_ready_study_index,,V44 reviewer-ready Study_Index is the scope/identity authority. No canonical title was carried forward here because the same Study_ID was not present in the v35 title registry; use Author_Year and DOI/link where available.
Hu2024_AnimalNutrition_YeastCulture,development,2,Hu_2024,2024,10.1016/j.aninu.2024.05.010,available_in_V44_study_index,,,,,1,2,,2,0,0,,10.1016/j.aninu.2024.05.010,V44_reviewer_ready_study_index,,V44 reviewer-ready Study_Index is the scope/identity authority. No canonical title was carried forward here because the same Study_ID was not present in the v35 title registry; use Author_Year and DOI/link where available.
Jang2020_LivSci,development,5,Jang_2020,2020,https://doi.org/10.1016/j.livsci.2020.104041,available_in_V44_study_index,Effects of increasing levels of palm kernel meal containing β-mannanase to growing-finishing pig die,10.1016/j.livsci.2020.104041,SOURCE_VERIFIED_V33,https://doi.org/10.1016/j.livsci.2020.104041,1,5,total collection,0,0,5,,https://doi.org/10.1016/j.livsci.2020.104041,V44_reviewer_ready_study_index,,V44 reviewer-ready Study_Index is the scope/identity authority for this public mapping; v35 title fields are supplied only when the same Study_ID was present in that earlier title/DOI registry.
Jin2016_AJAS_Mealworm_Weaned,development,5,Jin_2016,2016,10.5713/ajas.15.0535,available_in_V44_study_index,,,,,1,5,,0,5,0,,10.5713/ajas.15.0535,V44_reviewer_ready_study_index,,V44 reviewer-ready Study_Index is the scope/identity authority. No canonical title was carried forward here because the same Study_ID was not present in the v35 title registry; use Author_Year and DOI/link where available.
Ju2008_AJAS_LysineSources,development,4,Ju_2008,2008,No DOI; local primary full text,available_in_V44_study_index,,,,,1,4,,0,4,0,,No DOI; local primary full text,V44_reviewer_ready_study_index,,V44 reviewer-ready Study_Index is the scope/identity authority. No canonical title was carried forward here because the same Study_ID was not present in the v35 title registry; use Author_Year and DOI/link where available.
Kim2020_JAST,development,6,Kim_2020,2020,https://doi.org/10.5187/jast.2020.62.5.659,available_in_V44_study_index,"Effects of different levels of crude protein and protease on nitrogen utilization, nutrient digestibility, and growth performance in growing pigs",10.5187/jast.2020.62.5.659,EXTERNALLY_VERIFIED,https://doi.org/10.5187/jast.2020.62.5.659,1,6,metabolism cage total collection,0,6,0,"Effects of different levels of crude protein and protease on nitrogen utilization, nutrient digestibility, and growth performance in growing pigs",https://doi.org/10.5187/jast.2020.62.5.659,V44_reviewer_ready_study_index,,V44 reviewer-ready Study_Index is the scope/identity authority for this public mapping; v35 title fields are supplied only when the same Study_ID was present in that earlier title/DOI registry.
Kong2016_AFST,development,5,Kong_2016,2016,https://doi.org/10.1016/j.anifeedsci.2016.03.011,available_in_V44_study_index,Relative bioavailability of DL-methionine compared with L-methionine fed to nursery pigs,10.1016/j.anifeedsci.2016.03.011,EXTERNALLY_VERIFIED,https://doi.org/10.1016/j.anifeedsci.2016.03.011,1,5,5-d total urine/feces collection in metabolism cages,0,0,5,Relative bioavailability of DL-methionine compared with L-methionine fed to nursery pigs,https://doi.org/10.1016/j.anifeedsci.2016.03.011,V44_reviewer_ready_study_index,,V44 reviewer-ready Study_Index is the scope/identity authority for this public mapping; v35 title fields are supplied only when the same Study_ID was present in that earlier title/DOI registry.
Kong2016_PeerJ,development,5,Kong_2016,2016,https://doi.org/10.7717/peerj.2368,available_in_V44_study_index,Bioavailability of D-methionine relative to L-methionine for nursery pigs using the slope-ratio assa,10.7717/peerj.2368,SOURCE_VERIFIED_V33,https://doi.org/10.7717/peerj.2368,1,5,total collection,0,0,5,,https://doi.org/10.7717/peerj.2368,V44_reviewer_ready_study_index,,V44 reviewer-ready Study_Index is the scope/identity authority for this public mapping; v35 title fields are supplied only when the same Study_ID was present in that earlier title/DOI registry.
Koo2018_FermentedGrain,development,6,Koo_2018,2018,https://doi.org/10.1093/jas/sky344,available_in_V44_study_index,Energy content and nutrient digestibility of diets containing Lactobacillus–fermented barley or wheat,10.1093/jas/sky344,SOURCE_VERIFIED_V33,https://doi.org/10.1093/jas/sky344,1,6,10-d adaptation + 5-d total feces/urine collection,0,0,6,,https://doi.org/10.1093/jas/sky344,V44_reviewer_ready_study_index,,V44 reviewer-ready Study_Index is the scope/identity authority for this public mapping; v35 title fields are supplied only when the same Study_ID was present in that earlier title/DOI registry.
Koo2020_JAS,development,4,Koo_2020,2020,https://doi.org/10.1093/jas/skaa124,available_in_V44_study_index,"Society of Animal Science. All rights reserved. For permissions, please e-mail:",10.1093/jas/skaa124,SOURCE_VERIFIED_V33,https://doi.org/10.1093/jas/skaa124,1,4,7-d adaptation + 5-d total feces/urine collection,0,0,4,,https://doi.org/10.1093/jas/skaa124,V44_reviewer_ready_study_index,,V44 reviewer-ready Study_Index is the scope/identity authority for this public mapping; v35 title fields are supplied only when the same Study_ID was present in that earlier title/DOI registry.
Koopmans2012_JAS,development,2,Koopmans_2012,2012,https://doi.org/10.2527/jas.2010-3372,available_in_V44_study_index,"Effects of surplus dietary L-tryptophan on stress, immunology, behavior, and nitrogen retention in endotoxemic",10.2527/jas.2010-3372,SOURCE_VERIFIED_V33,https://doi.org/10.2527/jas.2010-3372,1,2,9-d total feces and urine collection in metabolic pens,0,0,2,,https://doi.org/10.2527/jas.2010-3372,V44_reviewer_ready_study_index,,V44 reviewer-ready Study_Index is the scope/identity authority for this public mapping; v35 title fields are supplied only when the same Study_ID was present in that earlier title/DOI registry.
Kwon2020_JAS,development,8,Kwon_2020,2020,https://doi.org/10.1093/jas/skaa346,available_in_V44_study_index,"Society of Animal Science. All rights reserved. For permissions, please e-mail:",10.1093/jas/skaa346,SOURCE_VERIFIED_V33,https://doi.org/10.1093/jas/skaa346,3,8,total collection in metabolism crates,0,0,8,,https://doi.org/10.1093/jas/skaa346,V44_reviewer_ready_study_index,,V44 reviewer-ready Study_Index is the scope/identity authority for this public mapping; v35 title fields are supplied only when the same Study_ID was present in that earlier title/DOI registry.
Lee2017_LivSci,development,3,Lee_2017,2017,https://doi.org/10.1016/j.livsci.2016.12.013,available_in_V44_study_index,Use of digestible rather than total amino acid in diet formulation increases nitrogen retention and reduces nitrogen excretion from pigs,10.1016/j.livsci.2016.12.013,SOURCE_VERIFIED_V33,https://doi.org/10.1016/j.livsci.2016.12.013,1,3,5-d adaptation + 5-d total feces/urine collection,0,0,3,,https://doi.org/10.1016/j.livsci.2016.12.013,V44_reviewer_ready_study_index,,V44 reviewer-ready Study_Index is the scope/identity authority for this public mapping; v35 title fields are supplied only when the same Study_ID was present in that earlier title/DOI registry.
Lee2024_JASB,development,6,Lee_2024,2024,https://doi.org/10.1186/s40104-024-01004-9,available_in_V44_study_index,"Pelleting and particle size reduction of corn increase net energy and digestibility of fiber, protei",10.1186/s40104-024-01004-9,SOURCE_VERIFIED_V33,https://doi.org/10.1186/s40104-024-01004-9,1,6,total collection in calorimeter chambers,0,0,6,,https://doi.org/10.1186/s40104-024-01004-9,V44_reviewer_ready_study_index,,V44 reviewer-ready Study_Index is the scope/identity authority for this public mapping; v35 title fields are supplied only when the same Study_ID was present in that earlier title/DOI registry.
Lee2025_Animals_BakeryMeal,development,8,Lee_2025,2025,https://doi.org/10.3390/ani15071002,available_in_V44_study_index,"Apparent Total Tract Digestibility of Energy, Concentrations of Digestible Energy and Metabolizable Energy, and Nitrogen Balance in Growing Pigs Fed Bakery Meal and Biscuit Meal with Multi-Enzyme",10.3390/ani15071002,EXTERNALLY_VERIFIED,https://doi.org/10.3390/ani15071002,1,8,metabolic cage total collection,0,0,8,"Apparent Total Tract Digestibility of Energy, Concentrations of Digestible Energy and Metabolizable Energy, and Nitrogen Balance in Growing Pigs Fed Bakery Meal and Biscuit Meal with Multi-Enzyme",https://doi.org/10.3390/ani15071002,V44_reviewer_ready_study_index,,V44 reviewer-ready Study_Index is the scope/identity authority for this public mapping; v35 title fields are supplied only when the same Study_ID was present in that earlier title/DOI registry.
Len2007_JPAN_FibreVietnam,development,3,Len_2007,2007,10.1111/j.1439-0396.2006.00653.x,available_in_V44_study_index,,,,,1,3,,0,0,3,,10.1111/j.1439-0396.2006.00653.x,V44_reviewer_ready_study_index,,V44 reviewer-ready Study_Index is the scope/identity authority. No canonical title was carried forward here because the same Study_ID was not present in the v35 title registry; use Author_Year and DOI/link where available.
Li2007_LivSci,development,4,Li_2007,2007,https://doi.org/10.1016/j.livsci.2007.01.073,available_in_V44_study_index,Growth performance and nitrogen metabolism in weaned pigs fed diets containing different sources of starch,10.1016/j.livsci.2007.01.073,SOURCE_VERIFIED_V33,https://doi.org/10.1016/j.livsci.2007.01.073,1,4,5-d adaptation + 5-d total feces and urine collection,0,0,4,,https://doi.org/10.1016/j.livsci.2007.01.073,V44_reviewer_ready_study_index,,V44 reviewer-ready Study_Index is the scope/identity authority for this public mapping; v35 title fields are supplied only when the same Study_ID was present in that earlier title/DOI registry.
Li2018_AFST_CornAA,development,3,Li_2018,2018,10.1016/j.anifeedsci.2018.04.009,available_in_V44_study_index,,,,,1,3,,3,0,0,,10.1016/j.anifeedsci.2018.04.009,V44_reviewer_ready_study_index,,V44 reviewer-ready Study_Index is the scope/identity authority. No canonical title was carried forward here because the same Study_ID was not present in the v35 title registry; use Author_Year and DOI/link where available.
Li2018_JAS_Pyruvate,development,3,Li_2018,2018,10.1093/jas/sky237,available_in_V44_study_index,,,,,1,3,,3,0,0,,10.1093/jas/sky237,V44_reviewer_ready_study_index,,V44 reviewer-ready Study_Index is the scope/identity authority. No canonical title was carried forward here because the same Study_ID was not present in the v35 title registry; use Author_Year and DOI/link where available.
Li2024_AnimNutr_CPTime,development,2,"Li et al., 2024",2024,10.1016/j.aninu.2023.11.007,available_in_V44_study_index,,,,,1,2,individual pens; reported treatment N balance,0,2,0,,10.1016/j.aninu.2023.11.007,V44_reviewer_ready_study_index,,V44 reviewer-ready Study_Index is the scope/identity authority. No canonical title was carried forward here because the same Study_ID was not present in the v35 title registry; use Author_Year and DOI/link where available.
Liao2011_Boron_PDiet,development,3,Liao_2011,2011,https://doi.org/10.1007/s12011-010-8936-2,available_in_V44_study_index,Dietary supplementation of boron differentially alters expression of borate transporter (NaBCl) mRNA by jejunum and kidney of growing pigs,10.1007/s12011-010-8936-2,EXTERNALLY_VERIFIED,https://doi.org/10.1007/s12011-010-8936-2,1,3,total collection (10 d within 18-d supplement period),0,3,0,Dietary supplementation of boron differentially alters expression of borate transporter (NaBCl) mRNA by jejunum and kidney of growing pigs,https://doi.org/10.1007/s12011-010-8936-2,V44_reviewer_ready_study_index,,V44 reviewer-ready Study_Index is the scope/identity authority for this public mapping; v35 title fields are supplied only when the same Study_ID was present in that earlier title/DOI registry.
Liu2007_AJAS,development,7,Liu_2007,2007,,not_available_in_V44_study_index,Bioefficacy of Lysine from L-lysine Sulfate and L-lysine·HCl for 10 to 20 kg Pigs,10.5713/ajas.2007.1580,EXTERNALLY_VERIFIED,https://doi.org/10.5713/ajas.2007.1580,1,7,total collection,0,7,0,Bioefficacy of Lysine from L-lysine Sulfate and L-lysine·HCl for 10 to 20 kg Pigs,10.5713/ajas.2007.1580,v35_verified_metadata_registry,,V44 reviewer-ready Study_Index is the scope/identity authority for this public mapping; v35 title fields are supplied only when the same Study_ID was present in that earlier title/DOI registry.
Liu2020_JAnimalSciBiotech_DCA,development,3,"Liu et al., 2020",2020,10.1186/s40104-020-00437-2,available_in_V44_study_index,,,,,1,3,individual metabolism cages; 7-d collection,0,3,0,,10.1186/s40104-020-00437-2,V44_reviewer_ready_study_index,,V44 reviewer-ready Study_Index is the scope/identity authority. No canonical title was carried forward here because the same Study_ID was not present in the v35 title registry; use Author_Year and DOI/link where available.
Lynch2007_Animal_InulinCP,development,4,Lynch_2007b,2007,https://doi.org/10.1017/S1751731107000407,available_in_V44_study_index,,,,,1,4,total collection in metabolism crates,0,0,4,,https://doi.org/10.1017/S1751731107000407,V44_reviewer_ready_study_index,,V44 reviewer-ready Study_Index is the scope/identity authority. No canonical title was carried forward here because the same Study_ID was not present in the v35 title registry; use Author_Year and DOI/link where available.
Lynch2008_Animal_SBP_CP,development,4,Lynch_2008,2008,,not_available_in_V44_study_index,,,,,1,4,,0,4,0,"Effect of crude protein concentration and sugar-beet pulp on nutrient digestibility, nitrogen excretion, intestinal fermentation and manure ammonia and odour emissions from finisher pigs",10.1017/S1751731107001267,publisher_metadata_2026-09-22,2026-09-22,"Study identity retained from the historical analysis matrix and independently resolved against publisher/journal metadata on 2026-09-22. This provenance enrichment does not alter any analysis value, split, or model result."
Lyu2018_AFST,development,3,Lyu_2018,2018,https://doi.org/10.1016/j.anifeedsci.2018.04.008,available_in_V44_study_index,Adaptation duration for net energy determination of high fiber diets in growing pigs,10.1016/j.anifeedsci.2018.04.008,EXTERNALLY_VERIFIED,https://doi.org/10.1016/j.anifeedsci.2018.04.008,1,3,total collection + indirect calorimetry; diet means pooled across 4 collection periods,0,0,3,Adaptation duration for net energy determination of high fiber diets in growing pigs,https://doi.org/10.1016/j.anifeedsci.2018.04.008,V44_reviewer_ready_study_index,,V44 reviewer-ready Study_Index is the scope/identity authority for this public mapping; v35 title fields are supplied only when the same Study_ID was present in that earlier title/DOI registry.
Mariscal2014_JASB,development,7,Mariscal-Landin_2014,2014,http://www.jasbsci.com/content/5/1/26,available_in_V44_study_index,"Metabolizable energy, nitrogen balance, and ileal digestibility of amino acids in quality protein maize for pigs",10.1186/2049-1891-5-26,EXTERNALLY_VERIFIED,https://doi.org/10.1186/2049-1891-5-26,1,7,total collection,0,0,7,"Metabolizable energy, nitrogen balance, and ileal digestibility of amino acids in quality protein maize for pigs",http://www.jasbsci.com/content/5/1/26,V44_reviewer_ready_study_index,,V44 reviewer-ready Study_Index is the scope/identity authority for this public mapping; v35 title fields are supplied only when the same Study_ID was present in that earlier title/DOI registry.
Mayer2026_TAS_SoybeanHulls,development,4,Mayer_2026,2026,10.1093/tas/txag016,available_in_V44_study_index,,,,,1,4,,0,4,0,,10.1093/tas/txag016,V44_reviewer_ready_study_index,,V44 reviewer-ready Study_Index is the scope/identity authority. No canonical title was carried forward here because the same Study_ID was not present in the v35 title registry; use Author_Year and DOI/link where available.
McGilvray2019_JAS,development,6,McGilvray_2019,2019,https://doi.org/10.1093/jas/sky468,available_in_V44_study_index,"of Animal Science. All rights reserved. For permissions, please e-mail:",10.1093/jas/sky468,SOURCE_VERIFIED_V33,https://doi.org/10.1093/jas/sky468,1,6,72-h total urine/feces collection + TiO2 digestibility marker,0,6,0,,https://doi.org/10.1093/jas/sky468,V44_reviewer_ready_study_index,,V44 reviewer-ready Study_Index is the scope/identity authority for this public mapping; v35 title fields are supplied only when the same Study_ID was present in that earlier title/DOI registry.
Mihaila2023_Agriculture,development,3,Mihaila2023_Agriculture,2023,https://doi.org/10.3390/agriculture13112156,available_in_V44_study_index,"Influence of Guar Meal from Pig Compound Feed on Productive Performance, Nitrogen Metabolism, and Greenhouse Gas Emissions",10.3390/agriculture13112156,EXTERNALLY_VERIFIED,https://doi.org/10.3390/agriculture13112156,1,3,,0,0,3,"Influence of Guar Meal from Pig Compound Feed on Productive Performance, Nitrogen Metabolism, and Greenhouse Gas Emissions",https://doi.org/10.3390/agriculture13112156,V44_reviewer_ready_study_index,,V44 reviewer-ready Study_Index is the scope/identity authority for this public mapping; v35 title fields are supplied only when the same Study_ID was present in that earlier title/DOI registry.
Miller2025_TIU_Grower,development,5,Miller_2025,2025,https://doi.org/10.1093/jas/skaf256,available_in_V44_study_index,Increasing trypsin inhibitor concentrations in growing pig diets compromises growth performance and protein digestibility,10.1093/jas/skaf256,EXTERNALLY_VERIFIED,https://doi.org/10.1093/jas/skaf256,1,5,total collection (72 h) in metabolism stalls,0,0,5,Increasing trypsin inhibitor concentrations in growing pig diets compromises growth performance and protein digestibility,https://doi.org/10.1093/jas/skaf256,V44_reviewer_ready_study_index,,V44 reviewer-ready Study_Index is the scope/identity authority for this public mapping; v35 title fields are supplied only when the same Study_ID was present in that earlier title/DOI registry.
Murphy2011_AFST,development,4,Murphy_2011,2011,https://doi.org/10.1016/j.anifeedsci.2010.10.009,available_in_V44_study_index,"The effect of benzoic acid concentration on nitrogen metabolism, manure ammonia and odour emissions in finishing pigs",10.1016/j.anifeedsci.2010.10.009,SOURCE_VERIFIED_V33,https://doi.org/10.1016/j.anifeedsci.2010.10.009,1,4,14-d dietary adaptation + 5-d crate adaptation + 5-d total feces and urine collection for N balance,0,0,4,,https://doi.org/10.1016/j.anifeedsci.2010.10.009,V44_reviewer_ready_study_index,,V44 reviewer-ready Study_Index is the scope/identity authority for this public mapping; v35 title fields are supplied only when the same Study_ID was present in that earlier title/DOI registry.
Myrie2008_JAS_Antinutritive,development,7,Myrie_2008,2008,10.2527/jas.2006-793,available_in_V44_study_index,,,,,1,7,,0,7,0,,10.2527/jas.2006-793,V44_reviewer_ready_study_index,,V44 reviewer-ready Study_Index is the scope/identity authority. No canonical title was carried forward here because the same Study_ID was not present in the v35 title registry; use Author_Year and DOI/link where available.
Neumann2018_Animals172,development,9,Neumann_2018,2018,https://doi.org/10.3390/ani8100172,available_in_V44_study_index,N Balance Studies Emphasize the Superior Protein Quality of Pig Diets at High Inclusion Level of Algae Meal (Spirulina platensis) or Insect Meal (Hermetia illucens) when Adequate Amino Acid Supplementation Is Ensured,10.3390/ani8100172,EXTERNALLY_VERIFIED,https://doi.org/10.3390/ani8100172,2,9,metabolism cage total collection; values converted from mg/BWkg^0.67/d,0,0,9,N Balance Studies Emphasize the Superior Protein Quality of Pig Diets at High Inclusion Level of Algae Meal (Spirulina platensis) or Insect Meal (Hermetia illucens) when Adequate Amino Acid Supplementation Is Ensured,https://doi.org/10.3390/ani8100172,V44_reviewer_ready_study_index,,V44 reviewer-ready Study_Index is the scope/identity authority for this public mapping; v35 title fields are supplied only when the same Study_ID was present in that earlier title/DOI registry.
Nguyen2020_Animal_TofuByproduct,development,4,Nguyen_2020,2020,https://doi.org/10.1017/S1751731119003070,available_in_V44_study_index,,,,,1,4,total collection,0,0,4,,https://doi.org/10.1017/S1751731119003070,V44_reviewer_ready_study_index,,V44 reviewer-ready Study_Index is the scope/identity authority. No canonical title was carried forward here because the same Study_ID was not present in the v35 title registry; use Author_Year and DOI/link where available.
Norgaard2014_Finisher_LowCP,development,4,Norgaard_2014,2014,https://doi.org/10.1080/09064702.2014.943280,available_in_V44_study_index,"Effect of protein level on performance, nitrogen utilisation and carcass composition in finisher pigs",10.1080/09064702.2014.943280,EXTERNALLY_VERIFIED,https://doi.org/10.1080/09064702.2014.943280,1,4,total collection,4,0,0,"Effect of protein level on performance, nitrogen utilisation and carcass composition in finisher pigs",https://doi.org/10.1080/09064702.2014.943280,V44_reviewer_ready_study_index,,V44 reviewer-ready Study_Index is the scope/identity authority for this public mapping; v35 title fields are supplied only when the same Study_ID was present in that earlier title/DOI registry.
Norgaard2015_CAA,development,2,Norgaard_2015,2015,https://doi.org/10.2527/jas.2015-9777,available_in_V44_study_index,Utilization of crystalline and protein-bound amino acids by growing-finishing pigs,10.2527/jas.2015-9777,SOURCE_VERIFIED_V33,https://doi.org/10.2527/jas.2015-9777,1,2,metabolism crate total collection,2,0,0,,https://doi.org/10.2527/jas.2015-9777,V44_reviewer_ready_study_index,,V44 reviewer-ready Study_Index is the scope/identity authority for this public mapping; v35 title fields are supplied only when the same Study_ID was present in that earlier title/DOI registry.
OShea2011_BetaGlucan,development,4,OShea_2011,2011,https://doi.org/10.2527/jas.2010-2882,available_in_V44_study_index,"Comparison of a wheat-based diet supplemented with purified β-glucans, with an oat-based diet on nutrient digestibility, nitrogen utilization, distal gastrointestinal tract composition, and manure odor and ammonia emissions from finishing pigs",10.2527/jas.2010-2882,SOURCE_VERIFIED_V33,https://doi.org/10.2527/jas.2010-2882,1,4,5-d total feces + urine after adaptation,0,0,4,,https://doi.org/10.2527/jas.2010-2882,V44_reviewer_ready_study_index,,V44 reviewer-ready Study_Index is the scope/identity authority for this public mapping; v35 title fields are supplied only when the same Study_ID was present in that earlier title/DOI registry.
Opapeju2012_Animal,development,7,Opapeju_2012,2012,https://doi.org/10.1017/S1751731112000869,available_in_V44_study_index,Bioavailability of methionine hydroxy analog-calcium salt relative to DL-methionine to support nitrogen retention and growth in starter pigs,10.1017/S1751731112000869,EXTERNALLY_VERIFIED,https://doi.org/10.1017/S1751731112000869,1,7,total collection in metabolism crates,7,0,0,Bioavailability of methionine hydroxy analog-calcium salt relative to DL-methionine to support nitrogen retention and growth in starter pigs,https://doi.org/10.1017/S1751731112000869,V44_reviewer_ready_study_index,,V44 reviewer-ready Study_Index is the scope/identity authority for this public mapping; v35 title fields are supplied only when the same Study_ID was present in that earlier title/DOI registry.
Ordaz2026_MineralReduction_Enzymes,development,4,Ordaz_2026,2026,https://doi.org/10.5713/ab.25.0568,available_in_V44_study_index,Effect of strategic nutrient reduction and exogenous enzyme supplementation on mineral and energy balance in growing pigs,10.5713/ab.25.0568,EXTERNALLY_VERIFIED,https://doi.org/10.5713/ab.25.0568,1,4,total collection,0,4,0,Effect of strategic nutrient reduction and exogenous enzyme supplementation on mineral and energy balance in growing pigs,https://doi.org/10.5713/ab.25.0568,V44_reviewer_ready_study_index,,V44 reviewer-ready Study_Index is the scope/identity authority for this public mapping; v35 title fields are supplied only when the same Study_ID was present in that earlier title/DOI registry.
Osada2011_LowCP_GHG,development,2,Osada_2011,2011,https://doi.org/10.1016/j.anifeedsci.2011.04.079,available_in_V44_study_index,Potential reduction of greenhouse gas emission from swine manure by using a low-protein diet supplemented with synthetic amino acids,10.1016/j.anifeedsci.2011.04.079,EXTERNALLY_VERIFIED,https://doi.org/10.1016/j.anifeedsci.2011.04.079,1,2,total collection (last 6 d of each 20-d period),0,2,0,Potential reduction of greenhouse gas emission from swine manure by using a low-protein diet supplemented with synthetic amino acids,https://doi.org/10.1016/j.anifeedsci.2011.04.079,V44_reviewer_ready_study_index,,V44 reviewer-ready Study_Index is the scope/identity authority for this public mapping; v35 title fields are supplied only when the same Study_ID was present in that earlier title/DOI registry.
Otten2013_ArchTierz,development,6,Otten_2013,2013,https://doi.org/10.7482/0003-9438-56-075,available_in_V44_study_index,Effect of varying supply of amino acids on nitrogen retention and growth performance of boars of dif,10.7482/0003-9438-56-075,SOURCE_VERIFIED_V33,https://doi.org/10.7482/0003-9438-56-075,2,6,total collection,0,0,6,,https://doi.org/10.7482/0003-9438-56-075,V44_reviewer_ready_study_index,,V44 reviewer-ready Study_Index is the scope/identity authority for this public mapping; v35 title fields are supplied only when the same Study_ID was present in that earlier title/DOI registry.
Paiano2008_RBZ_ThrLysRatio,development,5,Paiano_2008,2008,https://rbz.org.br/article/digestible-threoninelysine-ratios-and-net-energy-levels-in-growing-finishing-pigs/,available_in_V44_study_index,,,,,1,5,Total collection (5-d feces + urine),0,5,0,,https://rbz.org.br/article/digestible-threoninelysine-ratios-and-net-energy-levels-in-growing-finishing-pigs/,V44_reviewer_ready_study_index,,V44 reviewer-ready Study_Index is the scope/identity authority. No canonical title was carried forward here because the same Study_ID was not present in the v35 title registry; use Author_Year and DOI/link where available.
Paiano2009_ABMVZ,development,5,Paiano_2009,2009,,not_available_in_V44_study_index,"Relações treonina:lisina digestíveis para suínos na fase inicial, alimentados com rações de baixa proteína, calculadas de acordo com o conceito de energia líquida",10.1590/S0102-09352009000100030,EXTERNALLY_VERIFIED,https://doi.org/10.1590/S0102-09352009000100030,1,5,total collection,0,5,0,"Relações treonina:lisina digestíveis para suínos na fase inicial, alimentados com rações de baixa proteína, calculadas de acordo com o conceito de energia líquida",10.1590/S0102-09352009000100030,v35_verified_metadata_registry,,V44 reviewer-ready Study_Index is the scope/identity authority for this public mapping; v35 title fields are supplied only when the same Study_ID was present in that earlier title/DOI registry.
Patras2012_JAS,development,4,Patras_2012,2012,https://doi.org/10.2527/jas53837,available_in_V44_study_index,Effect of dietary fiber and crude protein content in feed on nitrogen retention in pigs,10.2527/jas.53837,EXTERNALLY_VERIFIED,https://doi.org/10.2527/jas.53837,1,4,total collection with bladder catheters; 6-d adaptation + 4-d collection,0,4,0,Effect of dietary fiber and crude protein content in feed on nitrogen retention in pigs,https://doi.org/10.2527/jas53837,V44_reviewer_ready_study_index,,V44 reviewer-ready Study_Index is the scope/identity authority for this public mapping; v35 title fields are supplied only when the same Study_ID was present in that earlier title/DOI registry.
Phillips2026_TAS_SoybeanMeal,development,12,Phillips_2026,2026,10.1093/tas/txaf156,available_in_V44_study_index,,,,,3,12,,12,0,0,,10.1093/tas/txaf156,V44_reviewer_ready_study_index,,V44 reviewer-ready Study_Index is the scope/identity authority. No canonical title was carried forward here because the same Study_ID was not present in the v35 title registry; use Author_Year and DOI/link where available.
Pi2019_Animal_Antibiotics,development,2,Pi_2019,2019,10.1017/S1751731118001416,available_in_V44_study_index,,,,,1,2,,0,2,0,,10.1017/S1751731118001416,V44_reviewer_ready_study_index,,V44 reviewer-ready Study_Index is the scope/identity authority. No canonical title was carried forward here because the same Study_ID was not present in the v35 title registry; use Author_Year and DOI/link where available.
Pilcher2015_JAS,development,6,Pilcher_2015,2015,https://doi.org/10.2527/jas2013-7309,available_in_V44_study_index,"The interaction of fiber, supplied by distillers dried grains with solubles, with an antimicrobial and a nutrient partitioning agent on nitrogen balance, water utilization, and energy digestibility in finishing pigs",10.2527/jas.2013-7309,SOURCE_VERIFIED_V33,https://doi.org/10.2527/jas.2013-7309,3,6,total collection in metabolism crates,0,0,6,,https://doi.org/10.2527/jas2013-7309,V44_reviewer_ready_study_index,,V44 reviewer-ready Study_Index is the scope/identity authority for this public mapping; v35 title fields are supplied only when the same Study_ID was present in that earlier title/DOI registry.
Prandini2014_JAS,development,12,Prandini_2014,2014,https://doi.org/10.2527/jas.2013-6412,available_in_V44_study_index,"Microencapsulated lysine and low-protein diets: Effects on performance, carcass characteristics and nitrogen excretion in heavy growing–finishing pigs",10.2527/jas.2013-6412,EXTERNALLY_VERIFIED,https://doi.org/10.2527/jas.2013-6412,3,12,total collection + SiO2 marker,0,0,12,"Microencapsulated lysine and low-protein diets: Effects on performance, carcass characteristics and nitrogen excretion in heavy growing–finishing pigs",https://doi.org/10.2527/jas.2013-6412,V44_reviewer_ready_study_index,,V44 reviewer-ready Study_Index is the scope/identity authority for this public mapping; v35 title fields are supplied only when the same Study_ID was present in that earlier title/DOI registry.
Qiao2008_AJAS_MetCysRatio,development,7,Qiao_2008,2008,,not_available_in_V44_study_index,,,,,1,7,Total collection (5-d feces + urine),0,0,7,The Optimum Methionine to Methionine Plus Cystine Ratio for Growing Pigs Determined Using Plasma Urea Nitrogen and Nitrogen Balance,10.5713/ajas.2008.60480,journal_metadata_2026-09-22,2026-09-22,"Study identity retained from the historical analysis matrix and independently resolved against publisher/journal metadata on 2026-09-22. This provenance enrichment does not alter any analysis value, split, or model result."
Rakhshandeh2010_LivSci_SAA_ISS,development,3,Rakhshandeh_2010,2010,10.1016/j.livsci.2010.06.085,available_in_V44_study_index,,,,,1,3,,0,3,0,,10.1016/j.livsci.2010.06.085,V44_reviewer_ready_study_index,,V44 reviewer-ready Study_Index is the scope/identity authority. No canonical title was carried forward here because the same Study_ID was not present in the v35 title registry; use Author_Year and DOI/link where available.
Rocha2019_CR,development,4,Rocha_2019,2019,https://doi.org/10.1590/0103-8478cr20180755,available_in_V44_study_index,Fibrous feedstuffs for the nitrogen retention of growing pigs,10.1590/0103-8478cr20180755,SOURCE_VERIFIED_V33,https://doi.org/10.1590/0103-8478cr20180755,2,4,total collection,0,0,4,,https://doi.org/10.1590/0103-8478cr20180755,V44_reviewer_ready_study_index,,V44 reviewer-ready Study_Index is the scope/identity authority for this public mapping; v35 title fields are supplied only when the same Study_ID was present in that earlier title/DOI registry.
RojasCano2014_OSS_IBDU,development,4,RojasCano_2014,2014,https://doi.org/10.1016/j.anifeedsci.2014.01.018,available_in_V44_study_index,Digestibility and energy value of diets containing increasing proportions of olive soapstocks for Iberian crossbred pigs,10.1016/j.anifeedsci.2014.01.018,EXTERNALLY_VERIFIED,https://doi.org/10.1016/j.anifeedsci.2014.01.018,1,4,total collection (5 d) in metabolic cages,0,0,4,Digestibility and energy value of diets containing increasing proportions of olive soapstocks for Iberian crossbred pigs,https://doi.org/10.1016/j.anifeedsci.2014.01.018,V44_reviewer_ready_study_index,,V44 reviewer-ready Study_Index is the scope/identity authority for this public mapping; v35 title fields are supplied only when the same Study_ID was present in that earlier title/DOI registry.
Rudar2016_JAS,development,7,Rudar_2016,2016,https://doi.org/10.2527/jas2015-0120,available_in_V44_study_index,Effect of supplemental dietary leucine and immune system stimulation on whole-body nitrogen utilization in starter pigs,10.2527/jas.2015-0120,SOURCE_VERIFIED_V33,https://doi.org/10.2527/jas.2015-0120,1,7,total collection,0,0,7,,https://doi.org/10.2527/jas2015-0120,V44_reviewer_ready_study_index,,V44 reviewer-ready Study_Index is the scope/identity authority for this public mapping; v35 title fields are supplied only when the same Study_ID was present in that earlier title/DOI registry.
Santosa2018_AFST,development,7,Santosa_2018,2018,https://doi.org/10.1016/j.anifeedsci.2018.04.020,available_in_V44_study_index,Bioavailability of di-peptide DL-methionyl-DL-methionine in comparison to DL-methionine in weaned and growing pigs,10.1016/j.anifeedsci.2018.04.020,EXTERNALLY_VERIFIED,https://doi.org/10.1016/j.anifeedsci.2018.04.020,1,7,5-d total urine/feces collection in metabolism crates,0,7,0,Bioavailability of di-peptide DL-methionyl-DL-methionine in comparison to DL-methionine in weaned and growing pigs,https://doi.org/10.1016/j.anifeedsci.2018.04.020,V44_reviewer_ready_study_index,,V44 reviewer-ready Study_Index is the scope/identity authority for this public mapping; v35 title fields are supplied only when the same Study_ID was present in that earlier title/DOI registry.
Sobotka2021_Animals960,development,8,Sobotka_2021,2021,https://doi.org/10.3390/ani11040960,available_in_V44_study_index,"The Effect of Replacing Genetically Modified Soybean Meal with 00-Rapeseed Meal, Faba Bean and Yellow Lupine in Grower-Finisher Diets on Nutrient Digestibility, Nitrogen Retention, Selected Blood Biochemical Parameters and Fattening Performance of Pigs",10.3390/ani11040960,EXTERNALLY_VERIFIED,https://doi.org/10.3390/ani11040960,2,8,Individual metabolism pens; 7-d pre-experimental adaptation + 5-d quantitative feces and urine collection; wet crumbled feed (1:1 feed:water).,0,8,0,"The Effect of Replacing Genetically Modified Soybean Meal with 00-Rapeseed Meal, Faba Bean and Yellow Lupine in Grower-Finisher Diets on Nutrient Digestibility, Nitrogen Retention, Selected Blood Biochemical Parameters and Fattening Performance of Pigs",https://doi.org/10.3390/ani11040960,V44_reviewer_ready_study_index,,V44 reviewer-ready Study_Index is the scope/identity authority for this public mapping; v35 title fields are supplied only when the same Study_ID was present in that earlier title/DOI registry.
Sobotka2025_Animals,development,3,Sobotka_2025,2025,https://doi.org/10.3390/ani15111521,available_in_V44_study_index,The Effect of Dietary Protein Restriction in Phase Feeding Systems on Nitrogen Metabolism and Excret,10.3390/ani15111521,SOURCE_VERIFIED_V33,https://doi.org/10.3390/ani15111521,1,3,metabolism crates; total separate feces and urine collection,0,3,0,,https://doi.org/10.3390/ani15111521,V44_reviewer_ready_study_index,,V44 reviewer-ready Study_Index is the scope/identity authority for this public mapping; v35 title fields are supplied only when the same Study_ID was present in that earlier title/DOI registry.
Somensi2019_RBZ_FineWheatBranBetaine,development,5,Somensi_2019,2019,https://doi.org/10.1590/rbz4820180141,available_in_V44_study_index,Availability of betaine present in fine wheat bran in diets for growing pigs,10.1590/rbz4820180141,EXTERNALLY_VERIFIED,https://doi.org/10.1590/rbz4820180141,1,5,Total collection (10-d feces + urine),0,0,5,Availability of betaine present in fine wheat bran in diets for growing pigs,https://doi.org/10.1590/rbz4820180141,V44_reviewer_ready_study_index,,V44 reviewer-ready Study_Index is the scope/identity authority for this public mapping; v35 title fields are supplied only when the same Study_ID was present in that earlier title/DOI registry.
Sun2020_JASB,development,3,Sun_2020,2020,https://doi.org/10.1186/s40104-020-00452-2,available_in_V44_study_index,Effects of adding sodium dichloroacetate to low-protein diets on nitrogen balance and amino acid metabolism in growing pigs,10.1186/s40104-020-00437-2,SOURCE_VERIFIED_V33,https://doi.org/10.1186/s40104-020-00437-2,1,3,total collection in metabolism cages,3,0,0,,https://doi.org/10.1186/s40104-020-00452-2,V44_reviewer_ready_study_index,,V44 reviewer-ready Study_Index is the scope/identity authority for this public mapping; v35 title fields are supplied only when the same Study_ID was present in that earlier title/DOI registry.
Tusnio2017_PLOSOne,development,3,Tusnio_2017,2017,https://doi.org/10.1371/journal.pone.0169467,available_in_V44_study_index,Effect of Replacing Soybean Meal by Raw or Extruded Pea Seeds on Growth Performance and Selected Physiological Parameters of the Ileum and Distal Colon of Pigs,10.1371/journal.pone.0169467,SOURCE_VERIFIED_V33,https://doi.org/10.1371/journal.pone.0169467,1,3,total collection,0,0,3,,https://doi.org/10.1371/journal.pone.0169467,V44_reviewer_ready_study_index,,V44 reviewer-ready Study_Index is the scope/identity authority for this public mapping; v35 title fields are supplied only when the same Study_ID was present in that earlier title/DOI registry.
Varley2011_AAN,development,4,Varley_2011,2011,https://doi.org/10.1080/1745039X.2011.556327,available_in_V44_study_index,"Effect of crude protein and phosphorus level on growth performance, bone mineralisation and phosphor",10.1080/1745039x.2011.556327,SOURCE_VERIFIED_V33,https://doi.org/10.1080/1745039x.2011.556327,1,4,total collection,0,0,4,,https://doi.org/10.1080/1745039X.2011.556327,V44_reviewer_ready_study_index,,V44 reviewer-ready Study_Index is the scope/identity authority for this public mapping; v35 title fields are supplied only when the same Study_ID was present in that earlier title/DOI registry.
Varley2011_P_PHY,development,3,Varley_2011,2011,https://doi.org/10.1016/j.anifeedsci.2011.02.017,available_in_V44_study_index,"Effect of dietary phosphorus and calcium level and phytase addition on performance, bone parameters, apparent nutrient digestibility, mineral and nitrogen utilization of weaner pigs and the subsequent effect on finisher pig bone parameters",10.1016/j.anifeedsci.2011.02.017,SOURCE_VERIFIED_V33,https://doi.org/10.1016/j.anifeedsci.2011.02.017,1,3,metabolism crates; total separate feces and urine collection,0,0,3,,https://doi.org/10.1016/j.anifeedsci.2011.02.017,V44_reviewer_ready_study_index,,V44 reviewer-ready Study_Index is the scope/identity authority for this public mapping; v35 title fields are supplied only when the same Study_ID was present in that earlier title/DOI registry.
Vieira2018_CAB_WeaningEnergy,development,6,Vieira_2018,2018,,not_available_in_V44_study_index,,,,,2,6,,0,6,0,Effect of dietary energy and weaning weight on nitrogen balance and energy metabolizability of piglets,10.1590/1809-6891v19e-49548,journal_metadata_2026-09-22,2026-09-22,"Study identity retained from the historical analysis matrix and independently resolved against publisher/journal metadata on 2026-09-22. This provenance enrichment does not alter any analysis value, split, or model result."
Wang2025_JAS,development,3,Wang_2025,2025,https://doi.org/10.1093/jas/skaf057,available_in_V44_study_index,"Improved quality of cottonseed meal effect of cottonseed protein isolate on growth performance, nut",10.1093/jas/skaf057,SOURCE_VERIFIED_V33,https://doi.org/10.1093/jas/skaf057,1,3,Total feces and urine collection during 4-d digestion-metabolism phase,0,3,0,,https://doi.org/10.1093/jas/skaf057,V44_reviewer_ready_study_index,,V44 reviewer-ready Study_Index is the scope/identity authority for this public mapping; v35 title fields are supplied only when the same Study_ID was present in that earlier title/DOI registry.
Wang2026_JASB_ProteinRelease,development,3,Wang_2026,2026,10.1186/s40104-026-01461-4,available_in_V44_study_index,,,,,1,3,,0,3,0,,10.1186/s40104-026-01461-4,V44_reviewer_ready_study_index,,V44 reviewer-ready Study_Index is the scope/identity authority. No canonical title was carried forward here because the same Study_ID was not present in the v35 title registry; use Author_Year and DOI/link where available.
Wellington2018_JAS_ThrFiber,development,10,Wellington_2018,2018,10.1093/jas/sky381,available_in_V44_study_index,,,,,1,10,,10,0,0,,10.1093/jas/sky381,V44_reviewer_ready_study_index,,V44 reviewer-ready Study_Index is the scope/identity authority. No canonical title was carried forward here because the same Study_ID was not present in the v35 title registry; use Author_Year and DOI/link where available.
Wellington2020_Animals_Thr_Fibre_FermentableProtein,development,20,Wellington_2020,2020,10.3390/ani10112055,available_in_V44_study_index,,,,,1,20,,20,0,0,,10.3390/ani10112055,V44_reviewer_ready_study_index,,V44 reviewer-ready Study_Index is the scope/identity authority. No canonical title was carried forward here because the same Study_ID was not present in the v35 title registry; use Author_Year and DOI/link where available.
White2015_AFST,development,8,White_2015,2015,https://doi.org/10.1016/j.anifeedsci.2015.08.005,available_in_V44_study_index,"Replacement of soya bean meal with peas and faba beans in growing/finishing pig diets: Effect on performance, carcass composition and nutrient excretion",10.1016/j.anifeedsci.2015.08.005,EXTERNALLY_VERIFIED,https://doi.org/10.1016/j.anifeedsci.2015.08.005,2,8,metabolism crate total collection; 5 d collection after 6 d adaptation,0,8,0,"Replacement of soya bean meal with peas and faba beans in growing/finishing pig diets: Effect on performance, carcass composition and nutrient excretion",https://doi.org/10.1016/j.anifeedsci.2015.08.005,V44_reviewer_ready_study_index,,V44 reviewer-ready Study_Index is the scope/identity authority for this public mapping; v35 title fields are supplied only when the same Study_ID was present in that earlier title/DOI registry.
Wochner2012_Semina,development,4,Wochner_2012,2012,https://doi.org/10.5433/1679-0359.2012v33n4p1599,available_in_V44_study_index,"Blood biochemical parameters, nitrogen balance and gross energy metabolizability in pigs fed with di",10.5433/1679-0359.2012v33n4p1599,SOURCE_VERIFIED_V33,https://doi.org/10.5433/1679-0359.2012v33n4p1599,1,4,total collection,0,0,4,,https://doi.org/10.5433/1679-0359.2012v33n4p1599,V44_reviewer_ready_study_index,,V44 reviewer-ready Study_Index is the scope/identity authority for this public mapping; v35 title fields are supplied only when the same Study_ID was present in that earlier title/DOI registry.
Wu2018_JAFC_LPAA,development,3,Wu_2018,2018,https://doi.org/10.1021/acs.jafc.8b03299,available_in_V44_study_index,Low-Protein Diets Decrease Porcine Nitrogen Excretion but with Restrictive Effects on Amino Acid Utilization,10.1021/acs.jafc.8b03299,EXTERNALLY_VERIFIED,https://doi.org/10.1021/acs.jafc.8b03299,1,3,metabolic cages; total separate feces and urine collection (4 d) after 7 d adaptation; TiO2 marker included,0,3,0,Low-Protein Diets Decrease Porcine Nitrogen Excretion but with Restrictive Effects on Amino Acid Utilization,https://doi.org/10.1021/acs.jafc.8b03299,V44_reviewer_ready_study_index,,V44 reviewer-ready Study_Index is the scope/identity authority for this public mapping; v35 title fields are supplied only when the same Study_ID was present in that earlier title/DOI registry.
Wu2018_LowProtein_AAUtilization,development,3,Wu_2018,2018,https://doi.org/10.1021/acs.jafc.8b03299,available_in_V44_study_index,,,,,1,3,metabolic cages; 7-d habituation plus feces/urine collection during the final experimental week,0,3,0,,https://doi.org/10.1021/acs.jafc.8b03299,V44_reviewer_ready_study_index,,V44 reviewer-ready Study_Index is the scope/identity authority. No canonical title was carried forward here because the same Study_ID was not present in the v35 title registry; use Author_Year and DOI/link where available.
Yang2023_JAS,development,4,Yang2023_JAS,2023,https://doi.org/10.1093/jas/skad188,available_in_V44_study_index,"Digestion and utilization of plant-based diets by transgenic pigs secreting β-glucanase, xylanase, a",10.1093/jas/skad188,SOURCE_VERIFIED_V33,https://doi.org/10.1093/jas/skad188,1,4,,0,0,4,,https://doi.org/10.1093/jas/skad188,V44_reviewer_ready_study_index,,V44 reviewer-ready Study_Index is the scope/identity authority for this public mapping; v35 title fields are supplied only when the same Study_ID was present in that earlier title/DOI registry.
Yang2025_Animals_Fishmeal,development,10,Yang_2025,2025,10.3390/ani15131872,available_in_V44_study_index,,,,,1,10,,0,10,0,,10.3390/ani15131872,V44_reviewer_ready_study_index,,V44 reviewer-ready Study_Index is the scope/identity authority. No canonical title was carried forward here because the same Study_ID was not present in the v35 title registry; use Author_Year and DOI/link where available.
Yoo2009_AJAS,development,4,Yoo_2009,2009,,not_available_in_V44_study_index,Effects of Fermented Soy Protein on Nitrogen Balance and Apparent Fecal and Ileal Digestibility in Weaned Pigs,10.5713/ajas.2009.80274,EXTERNALLY_VERIFIED,https://doi.org/10.5713/ajas.2009.80274,1,4,total collection,4,0,0,Effects of Fermented Soy Protein on Nitrogen Balance and Apparent Fecal and Ileal Digestibility in Weaned Pigs,10.5713/ajas.2009.80274,v35_verified_metadata_registry,,V44 reviewer-ready Study_Index is the scope/identity authority for this public mapping; v35 title fields are supplied only when the same Study_ID was present in that earlier title/DOI registry.
Yoo2024_Animals_Additives,development,5,Yoo_2024b,2024,https://doi.org/10.3390/ani14010082,available_in_V44_study_index,"Effects of Supplemental Benzoic Acid, Bromelain, Adipic Acid, and Humic Substances on Nitrogen Utili",10.3390/ani14010082,SOURCE_VERIFIED_V33,https://doi.org/10.3390/ani14010082,1,5,total collection,0,0,5,,https://doi.org/10.3390/ani14010082,V44_reviewer_ready_study_index,,V44 reviewer-ready Study_Index is the scope/identity authority for this public mapping; v35 title fields are supplied only when the same Study_ID was present in that earlier title/DOI registry.
Zervas2001_MSc_FermentableFiber,development,10,Zervas_2001,2001,10.2527/2002.80123247x,available_in_V44_study_index,,,,,2,10,,0,10,0,,10.2527/2002.80123247x,V44_reviewer_ready_study_index,,V44 reviewer-ready Study_Index is the scope/identity authority. No canonical title was carried forward here because the same Study_ID was not present in the v35 title registry; use Author_Year and DOI/link where available.
Zervas2001_MSc_OatHull,development,6,Zervas_2001,2001,10.2527/2002.80123238x,available_in_V44_study_index,,,,,1,6,,0,6,0,,10.2527/2002.80123238x,V44_reviewer_ready_study_index,,V44 reviewer-ready Study_Index is the scope/identity authority. No canonical title was carried forward here because the same Study_ID was not present in the v35 title registry; use Author_Year and DOI/link where available.
Zhang2008_LivSci_pGHRH,development,5,Zhang_2008,2008,10.1016/j.livsci.2007.08.003,available_in_V44_study_index,,,,,1,5,,0,5,0,,10.1016/j.livsci.2007.08.003,V44_reviewer_ready_study_index,,V44 reviewer-ready Study_Index is the scope/identity authority. No canonical title was carried forward here because the same Study_ID was not present in the v35 title registry; use Author_Year and DOI/link where available.
Zhang2014_ThrLys_Weaned,development,3,Zhang_2014,2014,https://doi.org/10.1080/09712119.2013.875915,available_in_V44_study_index,"Effects of dietary threonine:lysine ratios on growth performance, blood urea nitrogen, and nitrogen balance in weaned pigs",10.1080/09712119.2013.875915,EXTERNALLY_VERIFIED,https://doi.org/10.1080/09712119.2013.875915,1,3,metabolic cages; 7-d adaptation + 3-d total feces and urine collection,0,3,0,"Effects of dietary threonine:lysine ratios on growth performance, blood urea nitrogen, and nitrogen balance in weaned pigs",https://doi.org/10.1080/09712119.2013.875915,V44_reviewer_ready_study_index,,V44 reviewer-ready Study_Index is the scope/identity authority for this public mapping; v35 title fields are supplied only when the same Study_ID was present in that earlier title/DOI registry.
Zhang2016_AnimSciJ_Leucine,development,3,Zhang_2016,2016,10.1111/asj.12520,available_in_V44_study_index,,,,,1,3,,3,0,0,,10.1111/asj.12520,V44_reviewer_ready_study_index,,V44 reviewer-ready Study_Index is the scope/identity authority. No canonical title was carried forward here because the same Study_ID was not present in the v35 title registry; use Author_Year and DOI/link where available.
Zhang2020_Animals_Temperature,development,10,Zhang2020_Animals_Temperature,2020,https://doi.org/10.3390/ani10111953,available_in_V44_study_index,Integrative Analysis of Energy Partition Patterns and Plasma Metabolomics Profiles of Modern Growing Pigs Raised at Different Ambient Temperatures,10.3390/ani10111953,EXTERNALLY_VERIFIED,https://doi.org/10.3390/ani10111953,2,10,,0,0,10,Integrative Analysis of Energy Partition Patterns and Plasma Metabolomics Profiles of Modern Growing Pigs Raised at Different Ambient Temperatures,https://doi.org/10.3390/ani10111953,V44_reviewer_ready_study_index,,V44 reviewer-ready Study_Index is the scope/identity authority for this public mapping; v35 title fields are supplied only when the same Study_ID was present in that earlier title/DOI registry.
Zhang2025_Animals,development,2,Zhang_2025,2025,https://doi.org/10.3390/ani15081117,available_in_V44_study_index,Research on the Optimization of Dietary Energy Supply in Growing and Fattening Pigs Under a Low-Temp,10.3390/ani15081117,SOURCE_VERIFIED_V33,https://doi.org/10.3390/ani15081117,1,2,total collection + respiration chamber,0,0,2,,https://doi.org/10.3390/ani15081117,V44_reviewer_ready_study_index,,V44 reviewer-ready Study_Index is the scope/identity authority for this public mapping; v35 title fields are supplied only when the same Study_ID was present in that earlier title/DOI registry.
Zhao2019_LowProtein_AAPatterns,development,28,Zhao_2019,2019,https://doi.org/10.1186/s40104-019-0381-2,available_in_V44_study_index,"Effect of different dietary protein levels and amino acids supplementation patterns on growth performance, carcass characteristics and nitrogen excretion in growing-finishing pigs",10.1186/s40104-019-0381-2,SOURCE_VERIFIED_V33,https://doi.org/10.1186/s40104-019-0381-2,4,28,total collection,28,0,0,,https://doi.org/10.1186/s40104-019-0381-2,V44_reviewer_ready_study_index,,V44 reviewer-ready Study_Index is the scope/identity authority for this public mapping; v35 title fields are supplied only when the same Study_ID was present in that earlier title/DOI registry.
Zhou2018_SIDLys_LowCP_Weaned,development,3,Zhou_2018,2018,https://doi.org/10.1111/asj.13142,available_in_V44_study_index,Evaluation of standardized ileal digestible lysine requirement for 8-20 kg pigs fed low crude protein diets,10.1111/asj.13142,EXTERNALLY_VERIFIED,https://doi.org/10.1111/asj.13142,1,3,metabolic crates; 7-d adaptation + 5-d total feces and urine collection,0,3,0,Evaluation of standardized ileal digestible lysine requirement for 8-20 kg pigs fed low crude protein diets,https://doi.org/10.1111/asj.13142,V44_reviewer_ready_study_index,,V44 reviewer-ready Study_Index is the scope/identity authority for this public mapping; v35 title fields are supplied only when the same Study_ID was present in that earlier title/DOI registry.
deQuelen2024_JAS,development,2,deQuelen2024_JAS,2024,https://doi.org/10.1093/jas/skae203,available_in_V44_study_index,"Eco-friendly diet: nutrient digestibility, nitrogen and energy balances and growth performance of growing pigs",10.1093/jas/skae203,EXTERNALLY_VERIFIED,https://doi.org/10.1093/jas/skae203,1,2,,0,0,2,"Eco-friendly diet: nutrient digestibility, nitrogen and energy balances and growth performance of growing pigs",https://doi.org/10.1093/jas/skae203,V44_reviewer_ready_study_index,,V44 reviewer-ready Study_Index is the scope/identity authority for this public mapping; v35 title fields are supplied only when the same Study_ID was present in that earlier title/DOI registry.
deRidder2012_JAS,development,15,de_Ridder_2012,2012,https://doi.org/10.2527/jas2011-4830,available_in_V44_study_index,Immune system stimulation reduces the efficiency of tryptophan utilization for body protein deposition in growing pigs,10.2527/jas.2011-4830,EXTERNALLY_VERIFIED,https://doi.org/10.2527/jas.2011-4830,1,15,marker-based fecal N + urine collection,0,15,0,Immune system stimulation reduces the efficiency of tryptophan utilization for body protein deposition in growing pigs,https://doi.org/10.2527/jas2011-4830,V44_reviewer_ready_study_index,,V44 reviewer-ready Study_Index is the scope/identity authority for this public mapping; v35 title fields are supplied only when the same Study_ID was present in that earlier title/DOI registry.
vdPeet2020_JAS,development,2,van_der_Peet_Schwering_2020,2020,https://doi.org/10.1093/jas/skaa180,available_in_V44_study_index,Birth weight affects body protein retention but not nitrogen efficiency in the later life of pigs,10.1093/jas/skaa180,SOURCE_VERIFIED_V33,https://doi.org/10.1093/jas/skaa180,1,2,Total feces and urine collection; two 5-d balance periods in crossover design,0,2,0,,https://doi.org/10.1093/jas/skaa180,V44_reviewer_ready_study_index,,V44 reviewer-ready Study_Index is the scope/identity authority for this public mapping; v35 title fields are supplied only when the same Study_ID was present in that earlier title/DOI registry.
vdPeet2021_JAS,development,4,Van_der_Peet_Schwering_2021,2021,https://doi.org/10.1093/jas/skab101,available_in_V44_study_index,The effects of birth weight and estimated breeding value for protein deposition on nitrogen efficiency in growing pigs,10.1093/jas/skab101,SOURCE_VERIFIED_V33,https://doi.org/10.1093/jas/skab101,1,4,Total feces and urine collection; two 5-d balance periods in change-over design,0,4,0,,https://doi.org/10.1093/jas/skab101,V44_reviewer_ready_study_index,,V44 reviewer-ready Study_Index is the scope/identity authority for this public mapping; v35 title fields are supplied only when the same Study_ID was present in that earlier title/DOI registry.
