Record_ID,Source_Record_ID,Study_ID,Experiment_ID,Treatment_ID,Stage_Group_std,Initial_BW_kg,DMI_kg_d,N_Intake_g_d,Fecal_N_g_d,Urinary_N_g_d,Retained_N_g_d,Diet_CP_pct_DM,Diet_EE_pct_DM,Diet_NDF_pct_DM,Diet_ADF_pct_DM,Diet_Starch_pct_DM,Diet_GE_MJ_kg_DM,Diet_Ash_pct_DM,Diet_CF_pct_DM,Diet_DE_MJ_kg_DM,Diet_ME_MJ_kg_DM,Analysis_Split,Split_Resolution_Source,Original_P3_Eligible,Total_N_Excretion_g_d,N_to_DMI_g_kg,DMI_per_BW,N_Intake_per_BW,CP_to_GE_ratio,CP_to_NDF_ratio,SID_Lys_pct_DM,SID_Met_pct_DM,SID_Thr_pct_DM,SID_Trp_pct_DM,Lys_to_N_ratio,Met_to_Lys_ratio,Thr_to_Lys_ratio,Trp_to_Lys_ratio,Analysis_N_Intake_g_d,Analysis_Fecal_N_g_d,Analysis_Urinary_N_g_d,Analysis_Retained_N_g_d,Analysis_Total_N_Excretion_g_d,Analysis_Diet_CP_pct_DM,Analysis_Diet_EE_pct_DM,Analysis_Diet_NDF_pct_DM,Analysis_Diet_ADF_pct_DM,Analysis_Diet_Starch_pct_DM,Analysis_Diet_GE_MJ_kg_DM,Analysis_Daily_NFlow_Eligible,Analysis_P2_Eligible,Analysis_RAW_P2_Eligible,Analysis_P3_Eligible,Formula_Available,Formula_Total_pct,Formula_Complete_95_105,QC_Status,Issue_Code,Correction_Count,Enhanced_Formula_Quality,Enhanced_Formula_Direct,RN_Source,BW_Source_Class,Model_906_Eligible,Model_906_Disposition,Model_906_Exclusion_Code,Model_906_Exclusion_Reason,Analysis_Scope_Version
V44_0af1ffb33304,2,Antongiovanni2007_IJAS,Grower76to110kg_Tannin,Control,finishing,76.0,2.484,71.548,10.446,23.402,37.7,18.0,2.458255229519341,13.98229151575264,5.089623430029755,44.73414984787866,17.69067657777134,,,,,development,Historical Study_ID,1,33.848,28.80354267310789,0.0326842105263157,0.9414210526315788,1.0174851097903923,1.2873426347691974,0.7095884365492415,0.2337184473593295,0.5225926379957874,0.1788707358660886,0.2463848738018199,0.3293718377034329,0.736472877908182,0.252076734417974,71.548,10.446,23.402,37.7,33.848,18.0,2.458255229519341,13.98229151575264,5.089623430029755,44.73414984787866,17.69067657777134,1,1,1,1,1,95.5,1,INCLUDED,,0,EXISTING_REVIEWER_FORMULA,1,MASS_BALANCE_NI_MINUS_FN_MINUS_UN,DIRECT_INITIAL_BW_EXISTING,1,INCLUDED_IN_906_MAIN,,,AIA_906_V1_20260806
V44_d06f71a3aef3,3,Antongiovanni2007_IJAS,Grower76to110kg_Tannin,TAN025,finishing,76.0,2.671,78.92,15.468,25.952,37.5,18.47,2.451028950588529,13.86198711276443,5.081213209973677,44.12044728648134,17.69790755158126,,,,,development,Historical Study_ID,1,41.42,29.5469861475103,0.0351447368421052,1.038421052631579,1.0436261996605218,1.332420803002508,0.7373859550975013,0.2391334437359165,0.5384769347012556,0.1845266470676078,0.2495215061916287,0.3242988859264304,0.7302511405035578,0.2502443202124844,78.92,15.468,25.952,37.5,41.42,18.47,2.451028950588529,13.86198711276443,5.081213209973677,44.12044728648134,17.69790755158126,1,1,1,1,1,95.5,1,INCLUDED,,0,EXISTING_REVIEWER_FORMULA,1,MASS_BALANCE_NI_MINUS_FN_MINUS_UN,DIRECT_INITIAL_BW_EXISTING,1,INCLUDED_IN_906_MAIN,,,AIA_906_V1_20260806
V44_ea5f4d136df5,4,Antongiovanni2007_IJAS,Grower76to110kg_Tannin,TAN050,finishing,76.0,2.636,80.022,18.005,25.117,36.900000000000006,18.97,2.443200699850111,13.73166097388378,5.072102392083224,43.45562136771663,17.70574088829702,,,,,development,Historical Study_ID,1,43.122,30.35735963581184,0.0346842105263157,1.052921052631579,1.071403909030354,1.3814789074736848,0.7674990945410578,0.2449995263753225,0.5556844433795629,0.1906537134960745,0.252866069630027,0.3192180005395643,0.7240196728985668,0.2484090402869854,80.022,18.005,25.117,36.900000000000006,43.122,18.97,2.443200699850111,13.73166097388378,5.072102392083224,43.45562136771663,17.70574088829702,1,1,1,1,1,95.5,1,INCLUDED,,0,EXISTING_REVIEWER_FORMULA,1,MASS_BALANCE_NI_MINUS_FN_MINUS_UN,DIRECT_INITIAL_BW_EXISTING,1,INCLUDED_IN_906_MAIN,,,AIA_906_V1_20260806
V44_c147ad2cb0cf,5,Deng2007_LivSci,Balance,CP13.6,growing,36.0,1.213,29.91,5.32,6.76,17.83,13.6,6.606626876286575,10.53274005452164,3.740279563580669,54.93187166477882,18.89607786773214,,,,,development,Historical Study_ID,1,12.08,24.65787304204452,0.0336944444444444,0.8308333333333333,0.7197260772948031,1.2912119666488495,0.9006586594317264,0.2976745510043022,0.5557539537032613,0.115977306033646,0.4139056339300213,0.3305076211581876,0.6170528067247099,0.1287694342569495,29.91,5.32,6.76,17.83,12.08,13.6,6.606626876286575,10.53274005452164,3.740279563580669,54.93187166477882,18.89607786773214,1,1,1,1,1,97.2,1,INCLUDED,,0,EXISTING_REVIEWER_FORMULA,1,MASS_BALANCE_NI_MINUS_FN_MINUS_UN,DIRECT_INITIAL_BW_EXISTING,1,INCLUDED_IN_906_MAIN,,,AIA_906_V1_20260806
V44_f41d1254fe6c,6,Deng2007_LivSci,Balance,CP14.5,growing,36.0,1.218,32.26,5.55,7.64,19.07,14.5,6.550478567832335,10.51222247042278,3.83731105359868,52.90568544200088,18.91567373829447,,,,,development,Historical Study_ID,1,13.19,26.486042692939243,0.0338333333333333,0.8961111111111111,0.7665600602237598,1.3793467595265647,0.8927152140241342,0.279339594624237,0.5356288899331458,0.1331626193259592,0.384791040527644,0.3129100862581302,0.5999997328584402,0.1491658450915111,32.26,5.55,7.64,19.07,13.19,14.5,6.550478567832335,10.51222247042278,3.83731105359868,52.90568544200088,18.91567373829447,1,1,1,1,1,97.25,1,INCLUDED,,0,EXISTING_REVIEWER_FORMULA,1,MASS_BALANCE_NI_MINUS_FN_MINUS_UN,DIRECT_INITIAL_BW_EXISTING,1,INCLUDED_IN_906_MAIN,,,AIA_906_V1_20260806
V44_b5b70d4e1167,7,Deng2007_LivSci,Balance,CP15.5,growing,36.0,1.207,33.91,5.6,8.93,19.379999999999995,15.5,6.498104733531024,10.49355919155873,3.92839003719524,51.01135046388375,18.93857726360133,,,,,development,Historical Study_ID,1,14.53,28.09444904722452,0.0335277777777777,0.9419444444444444,0.8184352913241247,1.4770965424646931,0.888545240268371,0.2710766491228109,0.5235710360655841,0.1492675516648398,0.358284371075956,0.3050791753056225,0.5892452205443672,0.1679909417102452,33.91,5.6,8.93,19.379999999999995,14.53,15.5,6.498104733531024,10.49355919155873,3.92839003719524,51.01135046388375,18.93857726360133,1,1,1,1,1,97.32,1,INCLUDED,,0,EXISTING_REVIEWER_FORMULA,1,MASS_BALANCE_NI_MINUS_FN_MINUS_UN,DIRECT_INITIAL_BW_EXISTING,1,INCLUDED_IN_906_MAIN,,,AIA_906_V1_20260806
V44_857bc6e1be7e,8,Deng2007_LivSci,Balance,CP16.5,growing,36.0,1.196,36.25,5.96,9.86,20.43,16.5,6.443623738241764,10.46960030521753,4.017826641944316,49.07946934807374,18.95274245840288,,,,,development,Historical Study_ID,1,15.82,30.309364548494983,0.0332222222222222,1.0069444444444444,0.8705864091285938,1.5759913959444296,0.8755510845316397,0.2627228680968205,0.5330605602592785,0.1653277684567791,0.3316481380801665,0.3000657217361102,0.6088286219694762,0.1888270957316193,36.25,5.96,9.86,20.43,15.82,16.5,6.443623738241764,10.46960030521753,4.017826641944316,49.07946934807374,18.95274245840288,1,1,1,1,1,97.35,1,INCLUDED,,0,EXISTING_REVIEWER_FORMULA,1,MASS_BALANCE_NI_MINUS_FN_MINUS_UN,DIRECT_INITIAL_BW_EXISTING,1,INCLUDED_IN_906_MAIN,,,AIA_906_V1_20260806
V44_0210e134f840,9,Deng2007_LivSci,Balance,CP18.2,growing,36.0,1.211,39.98,6.44,12.21,21.33,18.2,6.335597013383255,10.41626733224576,4.18844051535838,45.29684488481286,18.98687074879323,,,,,development,Historical Study_ID,1,18.65,33.01403798513625,0.0336388888888888,1.1105555555555555,0.9585571124803048,1.747266983409503,0.861826133287462,0.2887949149996007,0.6140433091820762,0.1962970833628872,0.295956776541024,0.3350964931847491,0.7124909369361884,0.2277687758366133,39.98,6.44,12.21,21.33,18.65,18.2,6.335597013383255,10.41626733224576,4.18844051535838,45.29684488481286,18.98687074879323,1,1,1,1,1,97.45,1,INCLUDED,,0,EXISTING_REVIEWER_FORMULA,1,MASS_BALANCE_NI_MINUS_FN_MINUS_UN,DIRECT_INITIAL_BW_EXISTING,1,INCLUDED_IN_906_MAIN,,,AIA_906_V1_20260806
V44_938a6c63f57e,15,GarciaValverde2007_LivSci,Exp1_Acorns,Acorns,finishing,106.2,1.525,12.2,8.1374,5.6626,-1.6000000000000003,5.0,3.5,9.4,2.7,72.0,18.8,,,,,development,Historical Study_ID,1,13.8,8.0,0.0143596986817325,0.1148775894538606,0.2659574468085106,0.5319148936170213,0.19,0.16,0.24,0.05,0.1448170731707317,0.8421052631578947,1.263157894736842,0.2631578947368421,12.2,8.1374,5.6626,-1.6000000000000003,13.8,5.0,3.5,9.4,2.7,72.0,18.8,1,1,1,1,1,100.0,1,INCLUDED,NEGATIVE_RN_BIOLOGICAL_CHECK,0,EXISTING_REVIEWER_FORMULA,1,MASS_BALANCE_NI_MINUS_FN_MINUS_UN,DIRECT_INITIAL_BW_EXISTING,1,INCLUDED_IN_906_MAIN,,,AIA_906_V1_20260806
V44_e624971cc339,16,GarciaValverde2007_LivSci,Exp1_Acorns_Lys,Acorns_Lys,finishing,107.3,1.442,11.7,7.6635,5.4165,-1.3800000000000008,5.07108183079,3.497735655672265,9.393918618091227,2.698253220090034,71.9534192024009,18.79948243558223,,,,,development,Historical Study_ID,1,13.08,8.113730929264909,0.0134389561975768,0.1090400745573159,0.2697458213632436,0.5398260339432667,0.2408571736009171,0.1598964871164464,0.2398447306746696,0.0499676522238895,0.1823186511590115,0.6638643338951711,0.9957965008427564,0.2074576043422409,11.7,7.6635,5.4165,-1.3800000000000008,13.08,5.07108183079,3.497735655672265,9.393918618091227,2.698253220090034,71.9534192024009,18.79948243558223,1,1,1,1,1,100.0,1,INCLUDED,NEGATIVE_RN_BIOLOGICAL_CHECK,0,EXISTING_REVIEWER_FORMULA,1,MASS_BALANCE_NI_MINUS_FN_MINUS_UN,DIRECT_INITIAL_BW_EXISTING,1,INCLUDED_IN_906_MAIN,,,AIA_906_V1_20260806
V44_698ed1bda6d6,17,GarciaValverde2007_LivSci,Exp2_Herbage,Herbage,finishing,139.5,0.62,21.2,5.0244,11.9656,4.209999999999999,21.3709677419,3.0,35.0,23.0,5.0,18.0,,,,,development,Historical Study_ID,1,16.990000000000002,34.193548387096776,0.0044444444444444,0.1519713261648745,1.187275985661111,0.6105990783399999,0.6,0.14,0.49,0.14,0.2083333333333333,0.2333333333333333,0.8166666666666667,0.2333333333333333,21.2,5.0244,11.9656,4.209999999999999,16.990000000000002,21.3709677419,3.0,35.0,23.0,5.0,18.0,1,1,1,1,1,100.0,1,INCLUDED,,0,EXISTING_REVIEWER_FORMULA,1,MASS_BALANCE_NI_MINUS_FN_MINUS_UN,DIRECT_INITIAL_BW_EXISTING,1,INCLUDED_IN_906_MAIN,,,AIA_906_V1_20260806
V44_27ae9ea96c00,18,GarciaValverde2007_LivSci,Exp2_Herbage_Acorns,Herbage_Acorns,finishing,142.7,1.176,17.8,6.6928,7.3472,3.7600000000000007,9.46003401361,3.29148567635359,20.07593337069618,11.16568154004423,44.05908063138111,18.46637708216575,,,,,development,Historical Study_ID,1,14.04,15.136054421768709,0.0082410651716888,0.1247372109320252,0.5122842434938798,0.4712126623919928,0.360981745390056,0.1516594270541436,0.3442571618232049,0.0875325782563537,0.1836215355049645,0.4201304608638012,0.953669170864085,0.2424847776215693,17.8,6.6928,7.3472,3.7600000000000007,14.04,9.46003401361,3.29148567635359,20.07593337069618,11.16568154004423,44.05908063138111,18.46637708216575,1,1,1,1,1,100.0,1,INCLUDED,,0,EXISTING_REVIEWER_FORMULA,1,MASS_BALANCE_NI_MINUS_FN_MINUS_UN,DIRECT_INITIAL_BW_EXISTING,1,INCLUDED_IN_906_MAIN,,,AIA_906_V1_20260806
V44_4a01b313d0d1,48,Htoo2007_LPHB,Balance,HB15,growing,20.4,0.991,22.24,3.27,6.16,12.81,14.03,5.986568105093495,15.66400330569318,5.654353577613818,45.01038194265099,17.6,,,,,development,Historical Study_ID,1,9.43,22.441977800201816,0.048578431372549,1.0901960784313725,0.7971590909090908,0.8956841827849148,0.8987146557253871,0.2565794684138102,0.5833897415793778,0.2094393388966807,0.4003539984521504,0.2854960323382231,0.6491378969540689,0.233043199598914,22.24,3.27,6.16,12.81,9.43,14.03,5.986568105093495,15.66400330569318,5.654353577613818,45.01038194265099,17.6,1,1,1,1,1,97.45,1,INCLUDED,,0,EXISTING_REVIEWER_FORMULA,1,MASS_BALANCE_NI_MINUS_FN_MINUS_UN,DIRECT_INITIAL_BW_EXISTING,1,INCLUDED_IN_906_MAIN,,,AIA_906_V1_20260806
V44_cbfa33914708,49,Htoo2007_LPHB,Balance,HB18,growing,20.4,0.925,26.51,3.62,9.09,13.8,17.91,4.7333908072029,14.96573680247747,5.701041716189279,40.71796269413323,17.29,,,,,development,Historical Study_ID,1,12.71,28.65945945945946,0.0453431372549019,1.299509803921569,1.0358588779641411,1.1967335946356563,0.8727155933481412,0.2633626746743117,0.6096552231198638,0.2077730414198828,0.3045489926535947,0.3017737699219175,0.6985726252248387,0.2380764627142379,26.51,3.62,9.09,13.8,12.71,17.91,4.7333908072029,14.96573680247747,5.701041716189279,40.71796269413323,17.29,1,1,1,1,1,97.58,1,INCLUDED,,0,EXISTING_REVIEWER_FORMULA,1,MASS_BALANCE_NI_MINUS_FN_MINUS_UN,DIRECT_INITIAL_BW_EXISTING,1,INCLUDED_IN_906_MAIN,,,AIA_906_V1_20260806
V44_8b6c8f7e8935,50,Htoo2007_LPHB,Balance,LPHB15,growing,20.4,0.994,23.42,3.14,7.01,13.27,14.72,6.557067027092496,16.12042437913191,5.656125167157112,47.56904522196226,17.8,,,,,development,Historical Study_ID,1,10.15,23.561368209255534,0.0487254901960784,1.1480392156862746,0.8269662921348314,0.9131273255470383,0.8427765305072277,0.2517580190463415,0.5281021839435852,0.2138952694992363,0.3578365024232454,0.2987245253434147,0.6266218443764034,0.2537983222794573,23.42,3.14,7.01,13.27,10.15,14.72,6.557067027092496,16.12042437913191,5.656125167157112,47.56904522196226,17.8,1,1,1,1,1,97.55,1,INCLUDED,,0,EXISTING_REVIEWER_FORMULA,1,MASS_BALANCE_NI_MINUS_FN_MINUS_UN,DIRECT_INITIAL_BW_EXISTING,1,INCLUDED_IN_906_MAIN,,,AIA_906_V1_20260806
V44_c7736de05ce3,51,Htoo2007_LPHB,Balance,LPHB18,growing,20.4,0.988,27.92,3.21,10.52,14.19,17.66,5.258639423833978,15.37559692689354,5.699996077120495,43.03578273877766,17.53,,,,,development,Historical Study_ID,1,13.73,28.259109311740893,0.0484313725490196,1.3686274509803924,1.0074158585282371,1.148573293379641,0.8196406089856041,0.2607840786343959,0.560854414206349,0.2252005337326198,0.2900766594654601,0.3181688117639084,0.6842687002788556,0.2747552174255133,27.92,3.21,10.52,14.19,13.73,17.66,5.258639423833978,15.37559692689354,5.699996077120495,43.03578273877766,17.53,1,1,1,1,1,97.65,1,INCLUDED,,0,EXISTING_REVIEWER_FORMULA,1,MASS_BALANCE_NI_MINUS_FN_MINUS_UN,DIRECT_INITIAL_BW_EXISTING,1,INCLUDED_IN_906_MAIN,,,AIA_906_V1_20260806
V44_c16025c3ec6c,52,Li2007_LivSci,NBalance,BrownRice,weaned,9.0,0.604343061035364,19.98,2.76,5.43,11.79,20.6629327035,5.521964387560248,3.855630730263514,1.726088908647837,47.08216940013084,18.43207171468569,,,,,development,Historical Study_ID,1,8.19,33.06069232559757,0.0671492290039293,2.22,1.1210314837825246,5.359157592897333,1.263112277036143,0.4499545384845353,0.7401238636000095,0.2439670329549103,0.3820586285962538,0.3562268744155831,0.5859525531148261,0.193147543088863,19.98,2.76,5.43,11.79,8.19,20.6629327035,5.521964387560248,3.855630730263514,1.726088908647837,47.08216940013084,18.43207171468569,1,1,1,1,1,97.23,1,INCLUDED,,0,EXISTING_REVIEWER_FORMULA,1,MASS_BALANCE_NI_MINUS_FN_MINUS_UN,REPORTED_MEAN_BW_USED,1,INCLUDED_IN_906_MAIN,,,AIA_906_V1_20260806
V44_129ef2062177,53,Li2007_LivSci,NBalance,Corn,weaned,9.0,0.6267033074153079,19.83,2.78,4.04,13.009999999999998,19.7761043437,5.756789995248257,5.728578827650513,2.227197724399825,45.03881113068338,18.20396331951735,,,,,development,Historical Study_ID,1,6.82,31.64176694995312,0.0696337008239231,2.203333333333333,1.0863625682269464,3.452183331796947,1.341571129304548,0.4236179738902893,0.7057580141470143,0.2228490839696988,0.4239874250473676,0.3157625895765117,0.5260682782528792,0.1661105245200235,19.83,2.78,4.04,13.009999999999998,6.82,19.7761043437,5.756789995248257,5.728578827650513,2.227197724399825,45.03881113068338,18.20396331951735,1,1,1,1,1,94.79,0,INCLUDED,,0,EXISTING_REVIEWER_FORMULA,1,MASS_BALANCE_NI_MINUS_FN_MINUS_UN,REPORTED_MEAN_BW_USED,1,INCLUDED_IN_906_MAIN,,,AIA_906_V1_20260806
V44_be357172baca,54,Li2007_LivSci,NBalance,HiMaize1043,weaned,9.0,0.4939780194305541,20.05,5.2,1.97,12.88,25.3680315866,6.363091661392099,6.224208027108975,2.37898534821821,38.17388992230492,18.842234721489,,,,,development,Historical Study_ID,1,7.17,40.58885053855869,0.0548864466033948,2.227777777777778,1.3463387948176089,4.075704326737126,1.491269251711586,0.5934201476510438,0.8434399873963168,0.2424775635090202,0.3674085942135411,0.3979295804362311,0.5655853136033409,0.1625981111262902,20.05,5.2,1.97,12.88,7.17,25.3680315866,6.363091661392099,6.224208027108975,2.37898534821821,38.17388992230492,18.842234721489,1,1,1,1,1,96.83,1,INCLUDED,,0,EXISTING_REVIEWER_FORMULA,1,MASS_BALANCE_NI_MINUS_FN_MINUS_UN,REPORTED_MEAN_BW_USED,1,INCLUDED_IN_906_MAIN,,,AIA_906_V1_20260806
V44_d63fb338451a,55,Li2007_LivSci,NBalance,StickyRice,weaned,9.0,0.6000117886519751,19.87,2.67,5.45,11.750000000000004,20.6975100071,5.531590639957532,3.870580406066833,1.730808833835298,47.36208858335714,18.50045965873787,,,,,development,Historical Study_ID,1,8.120000000000001,33.11601601135407,0.0666679765168861,2.207777777777778,1.1187565276154885,5.347391821303665,1.264368336189876,0.4506745892041447,0.7411974523980059,0.2443015008161288,0.3817996511887637,0.3564424830206004,0.5862195621187217,0.1932201984370485,19.87,2.67,5.45,11.750000000000004,8.120000000000001,20.6975100071,5.531590639957532,3.870580406066833,1.730808833835298,47.36208858335714,18.50045965873787,1,1,1,1,1,97.24,1,INCLUDED,,0,EXISTING_REVIEWER_FORMULA,1,MASS_BALANCE_NI_MINUS_FN_MINUS_UN,REPORTED_MEAN_BW_USED,1,INCLUDED_IN_906_MAIN,,,AIA_906_V1_20260806
V44_14b665d5f504,56,Liu2007_AJAS,Lysine_Bioefficacy_Exp2,Basal,nursery,16.03,0.72009,26.42,3.27,13.21,9.94,23.587,7.362107998656368,9.761644810494063,4.553407587320931,39.11295427165184,19.02884317511336,,,,,development,Historical Study_ID,1,16.48,36.68985821216793,0.0449213973799126,1.6481597005614472,1.2395393552272254,2.416293612183396,0.6326363043229236,0.2858831426625074,0.6362804939124238,0.1696763382789876,0.1676337347699271,0.451891775272797,1.0057603232135095,0.2682051869605918,26.42,3.27,13.21,9.94,16.48,23.587,7.362107998656368,9.761644810494063,4.553407587320931,39.11295427165184,19.02884317511336,1,1,1,1,1,100.0,1,INCLUDED,,0,EXISTING_REVIEWER_FORMULA,1,MASS_BALANCE_NI_MINUS_FN_MINUS_UN,DIRECT_INITIAL_BW_EXISTING,1,INCLUDED_IN_906_MAIN,,,AIA_906_V1_20260806
V44_58fa123c75c8,57,Liu2007_AJAS,Lysine_Bioefficacy_Exp2,HCL_0.1,nursery,16.03,0.71621,26.42,3.473,12.68,10.267000000000005,24.046,7.356581690473922,9.748271698509086,4.549309652122037,39.01575416495556,19.0276759743313,,,,,development,Historical Study_ID,1,16.153,36.8886220521914,0.0446793512164691,1.6481597005614472,1.2637381481815495,2.4666936605467846,0.743963772159914,0.2856379466855147,0.6358822583577705,0.169587925941935,0.1933699399484098,0.3839406667024065,0.8547220740489073,0.2279518604105931,26.42,3.473,12.68,10.267000000000005,16.153,24.046,7.356581690473922,9.748271698509086,4.549309652122037,39.01575416495556,19.0276759743313,1,1,1,1,1,100.0,1,INCLUDED,,0,EXISTING_REVIEWER_FORMULA,1,MASS_BALANCE_NI_MINUS_FN_MINUS_UN,DIRECT_INITIAL_BW_EXISTING,1,INCLUDED_IN_906_MAIN,,,AIA_906_V1_20260806
V44_7c6a1048c9ed,58,Liu2007_AJAS,Lysine_Bioefficacy_Exp2,HCL_0.2,nursery,16.03,0.71787,26.42,3.163,11.96,11.297,23.88,7.351057003889308,9.73490251062835,4.545212919390073,38.91858257991912,19.02650911604377,,,,,development,Historical Study_ID,1,15.123,36.80332093554544,0.0447829070492825,1.6481597005614472,1.2550909814488045,2.453029187906951,0.855258572911698,0.285392822656964,0.6354841396583284,0.1694995395479261,0.2238428006992509,0.3336918584579094,0.7430315927671379,0.1981851394612401,26.42,3.163,11.96,11.297,15.123,23.88,7.351057003889308,9.73490251062835,4.545212919390073,38.91858257991912,19.02650911604377,1,1,1,1,1,100.0,1,INCLUDED,,0,EXISTING_REVIEWER_FORMULA,1,MASS_BALANCE_NI_MINUS_FN_MINUS_UN,DIRECT_INITIAL_BW_EXISTING,1,INCLUDED_IN_906_MAIN,,,AIA_906_V1_20260806
V44_f85e307ec6ed,59,Liu2007_AJAS,Lysine_Bioefficacy_Exp2,HCL_0.3,nursery,16.03,0.72174,26.42,3.023,10.82,12.577000000000002,24.409,7.345533938188884,9.72153724512492,4.54111738859585,38.82143950399057,19.02534260010003,,,,,development,Historical Study_ID,1,13.843,36.60597999279519,0.0450243293824079,1.6481597005614472,1.2829729541833146,2.5108168990702,0.9665207209545376,0.285147770545192,0.6350861377626719,0.1694111790855435,0.2474806221461698,0.2950249946670358,0.6570848653254528,0.1752794072725443,26.42,3.023,10.82,12.577000000000002,13.843,24.409,7.345533938188884,9.72153724512492,4.54111738859585,38.82143950399057,19.02534260010003,1,1,1,1,1,100.0,1,INCLUDED,,0,EXISTING_REVIEWER_FORMULA,1,MASS_BALANCE_NI_MINUS_FN_MINUS_UN,DIRECT_INITIAL_BW_EXISTING,1,INCLUDED_IN_906_MAIN,,,AIA_906_V1_20260806
V44_160e652d923d,60,Liu2007_AJAS,Lysine_Bioefficacy_Exp2,LS_0.1,nursery,16.03,0.7159,26.42,3.433,12.86,10.127000000000002,23.836,7.354176291934585,9.74182699250654,4.547455803075181,38.96644569356983,19.01871688792565,,,,,development,Historical Study_ID,1,16.293,36.90459561391256,0.0446600124766063,1.6481597005614472,1.2532916989333114,2.4467689703722684,0.7469716910611301,0.2855280640997196,0.6357171131223275,0.1695534631875347,0.1958622700592408,0.3822475035086072,0.8510591776500164,0.2269878031745367,26.42,3.433,12.86,10.127000000000002,16.293,23.836,7.354176291934585,9.74182699250654,4.547455803075181,38.96644569356983,19.01871688792565,1,1,1,1,1,100.0,1,INCLUDED,,0,EXISTING_REVIEWER_FORMULA,1,MASS_BALANCE_NI_MINUS_FN_MINUS_UN,DIRECT_INITIAL_BW_EXISTING,1,INCLUDED_IN_906_MAIN,,,AIA_906_V1_20260806
V44_4937ab380168,61,Liu2007_AJAS,Lysine_Bioefficacy_Exp2,LS_0.2,nursery,16.03,0.71693,26.42,3.123,12.14,11.157,24.132,7.34624693719825,9.722015051087729,4.541505783709354,38.81998055961103,19.00859360348135,,,,,development,Historical Study_ID,1,15.263000000000002,36.85157546761888,0.0447242669993761,1.6481597005614472,1.269531060708264,2.4822014647364736,0.8612731739782041,0.2851730908282193,0.6351538993912847,0.1694306245321776,0.2230630423240417,0.3311064357328236,0.7374592853711224,0.196721121301829,26.42,3.123,12.14,11.157,15.263000000000002,24.132,7.34624693719825,9.722015051087729,4.541505783709354,38.81998055961103,19.00859360348135,1,1,1,1,1,100.0,1,INCLUDED,,0,EXISTING_REVIEWER_FORMULA,1,MASS_BALANCE_NI_MINUS_FN_MINUS_UN,DIRECT_INITIAL_BW_EXISTING,1,INCLUDED_IN_906_MAIN,,,AIA_906_V1_20260806
V44_04ea431f50f9,62,Liu2007_AJAS,Lysine_Bioefficacy_Exp2,LS_0.3,nursery,16.03,0.71771,26.42,2.983,11.0,12.437,24.106,7.338319933401372,9.70220898362415,4.535557528438556,38.67355885045455,18.99847332044506,,,,,development,Historical Study_ID,1,13.983,36.81152554652994,0.0447729257641921,1.6481597005614472,1.2688387952761715,2.4845888230904176,0.975540768152137,0.2848182228011805,0.6345908526450001,0.1693078222967124,0.2529299676823552,0.2919593235869387,0.6505016226508279,0.1735527902308113,26.42,2.983,11.0,12.437,13.983,24.106,7.338319933401372,9.70220898362415,4.535557528438556,38.67355885045455,18.99847332044506,1,1,1,1,1,100.0,1,INCLUDED,,0,EXISTING_REVIEWER_FORMULA,1,MASS_BALANCE_NI_MINUS_FN_MINUS_UN,DIRECT_INITIAL_BW_EXISTING,1,INCLUDED_IN_906_MAIN,,,AIA_906_V1_20260806
V44_422b74be5886,63,Lynch2007_LivSci,NBalance,HP_Inulin,finishing,81.0,2.05,66.12,9.64,34.75,21.730000000000004,23.195,1.63346209390153,14.552,4.655,43.29789982502265,18.506,,,,,confirmation,Historical Study_ID,1,44.39,32.25365853658537,0.0253086419753086,0.8162962962962963,1.2533772830433374,1.593938977460143,0.9131789375711572,0.2832354052986501,0.6372396787494574,0.2367792818958322,0.2460602871230753,0.3101641897829906,0.6978256424139241,0.2592912211987825,66.12,9.64,34.75,21.730000000000004,44.39,23.195,1.63346209390153,14.552,4.655,43.29789982502265,18.506,1,1,1,1,1,96.93,1,INCLUDED,,0,EXISTING_REVIEWER_FORMULA,1,MASS_BALANCE_NI_MINUS_FN_MINUS_UN,REPORTED_MEAN_BW_USED,1,INCLUDED_IN_906_MAIN,,,AIA_906_V1_20260806
V44_b8545c2e3d2c,64,Lynch2007_LivSci,NBalance,HP_NoInulin,finishing,81.0,2.07,67.16,7.26,36.39,23.51,23.268,1.658140731866742,14.782,5.183,44.12926723048668,18.463,,,,,confirmation,Historical Study_ID,1,43.65,32.44444444444444,0.0255555555555555,0.8291358024691358,1.26025023019011,1.574076579623867,0.918339212906475,0.2858759449034309,0.6418784869821386,0.2386087119556566,0.2466744060798293,0.311296676528333,0.6989557648863115,0.2598263349775491,67.16,7.26,36.39,23.51,43.65,23.268,1.658140731866742,14.782,5.183,44.12926723048668,18.463,1,1,1,1,1,96.93,1,INCLUDED,,0,EXISTING_REVIEWER_FORMULA,1,MASS_BALANCE_NI_MINUS_FN_MINUS_UN,REPORTED_MEAN_BW_USED,1,INCLUDED_IN_906_MAIN,,,AIA_906_V1_20260806
V44_13fc76878b34,65,Lynch2007_LivSci,NBalance,LP_Inulin,finishing,81.0,2.09,48.31,6.32,20.47,21.520000000000003,16.575,1.675797103477227,11.271,5.899,52.20591338417407,17.869,,,,,confirmation,Historical Study_ID,1,26.79,23.11483253588517,0.0258024691358024,0.5964197530864198,0.9275840841681124,1.4705882352941175,0.9831698593717204,0.2734413209263276,0.6626589239487861,0.1661240607290282,0.3707276996122626,0.2781221559223409,0.674002480479058,0.1689678127797644,48.31,6.32,20.47,21.520000000000003,26.79,16.575,1.675797103477227,11.271,5.899,52.20591338417407,17.869,1,1,1,1,1,97.5,1,INCLUDED,,0,EXISTING_REVIEWER_FORMULA,1,MASS_BALANCE_NI_MINUS_FN_MINUS_UN,REPORTED_MEAN_BW_USED,1,INCLUDED_IN_906_MAIN,,,AIA_906_V1_20260806
V44_a7c4d3424281,66,Lynch2007_LivSci,NBalance,LP_NoInulin,finishing,81.0,2.07,52.3,5.19,22.5,24.61,17.517,1.700589109049634,12.436,6.443,53.05189876965331,18.245,,,,,confirmation,Historical Study_ID,1,27.69,25.265700483091788,0.0255555555555555,0.6456790123456789,0.9600986571663468,1.4085718880669025,0.9884420840223088,0.2760733163308203,0.6673442448361874,0.1678553852190242,0.3526724339292932,0.2793014591278667,0.6751475434155286,0.169818128884156,52.3,5.19,22.5,24.61,27.69,17.517,1.700589109049634,12.436,6.443,53.05189876965331,18.245,1,1,1,1,1,97.5,1,INCLUDED,,0,EXISTING_REVIEWER_FORMULA,1,MASS_BALANCE_NI_MINUS_FN_MINUS_UN,REPORTED_MEAN_BW_USED,1,INCLUDED_IN_906_MAIN,,,AIA_906_V1_20260806
V44_b8d232ec7d05,67,Lynch2007_Animal_BetaGlucan,BarleyBetaGlucan_NBalance,Barley_0,finishing,66.0,1.7574,63.1,7.6,22.2,33.3,22.37,2.328722028574369,11.85,4.3,44.10913833914277,18.28,,,,,confirmation,Historical Study_ID,1,29.8,35.905314669397974,0.0266272727272727,0.956060606060606,1.223741794310722,1.887763713080169,0.9182121107715436,0.2858115237127886,0.6417648453825056,0.2385639433166135,0.2565411574574049,0.3112696079260276,0.6989287527946583,0.2598135447333144,63.1,7.6,22.2,33.3,29.8,22.37,2.328722028574369,11.85,4.3,44.10913833914277,18.28,1,1,1,1,1,97.5,1,INCLUDED,,0,EXISTING_REVIEWER_FORMULA,1,MASS_BALANCE_NI_MINUS_FN_MINUS_UN,DIRECT_INITIAL_BW_EXISTING,1,INCLUDED_IN_906_MAIN,,,AIA_906_V1_20260806
V44_2ae9e553109b,68,Lynch2007_Animal_BetaGlucan,BarleyBetaGlucan_NBalance,Barley_222,finishing,66.0,1.81015,63.1,9.9,25.6,27.6,21.59,3.486386015095214,13.17,4.95,41.59793175965283,18.35,,,,,confirmation,Historical Study_ID,1,35.5,34.85898958649836,0.0274265151515151,0.956060606060606,1.176566757493188,1.639331814730448,0.919045744557614,0.2775292725960382,0.6396155799716631,0.2354220466757559,0.2660507597723524,0.3019754721019114,0.6959561956075911,0.2561592260993245,63.1,9.9,25.6,27.6,35.5,21.59,3.486386015095214,13.17,4.95,41.59793175965283,18.35,1,1,1,1,1,97.5,1,INCLUDED,,0,EXISTING_REVIEWER_FORMULA,1,MASS_BALANCE_NI_MINUS_FN_MINUS_UN,DIRECT_INITIAL_BW_EXISTING,1,INCLUDED_IN_906_MAIN,,,AIA_906_V1_20260806
V44_9d51a9ce9193,69,Lynch2007_Animal_BetaGlucan,BarleyBetaGlucan_NBalance,Barley_444,finishing,66.0,1.83402,66.2,9.0,24.3,32.900000000000006,23.15,4.633559372414361,14.54,5.63,38.99087636172464,18.62,,,,,confirmation,Historical Study_ID,1,33.3,36.09557147686503,0.0277881818181818,1.0030303030303032,1.2432867883995702,1.592159559834938,0.9244864210183076,0.2701531253951248,0.6401100692757655,0.2332218887461819,0.2495913663656338,0.292219679222065,0.6923953177924389,0.2522718381188245,66.2,9.0,24.3,32.900000000000006,33.3,23.15,4.633559372414361,14.54,5.63,38.99087636172464,18.62,1,1,1,1,1,97.5,1,INCLUDED,,0,EXISTING_REVIEWER_FORMULA,1,MASS_BALANCE_NI_MINUS_FN_MINUS_UN,DIRECT_INITIAL_BW_EXISTING,1,INCLUDED_IN_906_MAIN,,,AIA_906_V1_20260806
V44_d67945a6026a,70,Lynch2007_Animal_BetaGlucan,BarleyBetaGlucan_NBalance,Barley_666,finishing,66.0,1.81968,64.4,10.2,23.4,30.800000000000004,22.09,5.771697771455457,15.94,5.66,36.52252510950549,18.95,,,,,confirmation,Historical Study_ID,1,33.599999999999994,35.39083794952959,0.027570909090909,0.9757575757575758,1.1656992084432718,1.3858218318695108,0.9252865255777896,0.2620070595979387,0.6379859824128541,0.2301291314441472,0.2617945126691346,0.2831631633610248,0.6895009975579917,0.2487112100767321,64.4,10.2,23.4,30.800000000000004,33.599999999999994,22.09,5.771697771455457,15.94,5.66,36.52252510950549,18.95,1,1,1,1,1,97.5,1,INCLUDED,,0,EXISTING_REVIEWER_FORMULA,1,MASS_BALANCE_NI_MINUS_FN_MINUS_UN,DIRECT_INITIAL_BW_EXISTING,1,INCLUDED_IN_906_MAIN,,,AIA_906_V1_20260806
V44_f2fe030f8106,71,Lynch2007_Animal_InulinCP,CPxInulin_NBalance,CP140_In0,finishing,74.5,1.79262,52.3,5.19,22.5,24.61,17.52,1.700589109049634,12.44,6.44,53.05189876965331,18.24,,,,,development,New/unmatched study assigned development-only,1,27.69,29.17517376800437,0.0240620134228187,0.7020134228187919,0.9605263157894738,1.4083601286173633,0.9884420840223088,0.2760733163308203,0.6673442448361874,0.1678553852190242,0.3526120448138944,0.2793014591278667,0.6751475434155286,0.169818128884156,52.3,5.19,22.5,24.61,27.69,17.52,1.700589109049634,12.44,6.44,53.05189876965331,18.24,1,1,1,1,1,97.5,1,INCLUDED,,0,EXISTING_REVIEWER_FORMULA,1,MASS_BALANCE_NI_MINUS_FN_MINUS_UN,REPORTED_MEAN_BW_USED,1,INCLUDED_IN_906_MAIN,,,AIA_906_V1_20260806
V44_fc30d2159256,72,Lynch2007_Animal_InulinCP,CPxInulin_NBalance,CP140_In12p5,finishing,74.0,1.82457,48.31,6.32,20.47,21.520000000000003,16.58,1.675797103477227,11.27,5.9,52.20591338417407,17.87,,,,,development,New/unmatched study assigned development-only,1,26.79,26.47747140422127,0.0246563513513513,0.6528378378378379,0.927811975377728,1.471162377994676,0.9831698593717204,0.2734413209263276,0.6626589239487861,0.1661240607290282,0.3706158999441045,0.2781221559223409,0.674002480479058,0.1689678127797644,48.31,6.32,20.47,21.520000000000003,26.79,16.58,1.675797103477227,11.27,5.9,52.20591338417407,17.87,1,1,1,1,1,97.5,1,INCLUDED,,0,EXISTING_REVIEWER_FORMULA,1,MASS_BALANCE_NI_MINUS_FN_MINUS_UN,REPORTED_MEAN_BW_USED,1,INCLUDED_IN_906_MAIN,,,AIA_906_V1_20260806
V44_6c5c47940a08,73,Lynch2007_Animal_InulinCP,CPxInulin_NBalance,CP200_In0,finishing,74.0,1.80504,67.16,7.26,36.39,23.51,23.27,2.295785892626596,14.78,5.18,44.12926723048668,18.46,,,,,development,New/unmatched study assigned development-only,1,43.65,37.20693170234455,0.0243924324324324,0.9075675675675676,1.26056338028169,1.574424898511502,0.918339212906475,0.2858759449034309,0.6418784869821387,0.2386087119556566,0.2466532050135569,0.311296676528333,0.6989557648863117,0.2598263349775491,67.16,7.26,36.39,23.51,43.65,23.27,2.295785892626596,14.78,5.18,44.12926723048668,18.46,1,1,1,1,1,97.5,1,INCLUDED,,0,EXISTING_REVIEWER_FORMULA,1,MASS_BALANCE_NI_MINUS_FN_MINUS_UN,REPORTED_MEAN_BW_USED,1,INCLUDED_IN_906_MAIN,,,AIA_906_V1_20260806
V44_239defa8fa3e,74,Lynch2007_Animal_InulinCP,CPxInulin_NBalance,CP200_In12p5,finishing,73.5,1.7835,66.12,9.64,34.75,21.730000000000004,23.2,2.270190178391101,14.55,5.69,43.29789982502265,18.51,,,,,development,New/unmatched study assigned development-only,1,44.39,37.073170731707314,0.0242653061224489,0.8995918367346939,1.2533765532144785,1.5945017182130583,0.9131789375711572,0.28323540529865,0.6372396787494571,0.2367792818958322,0.2460072568887815,0.3101641897829904,0.6978256424139236,0.2592912211987825,66.12,9.64,34.75,21.730000000000004,44.39,23.2,2.270190178391101,14.55,5.69,43.29789982502265,18.51,1,1,1,1,1,97.5,1,INCLUDED,,0,EXISTING_REVIEWER_FORMULA,1,MASS_BALANCE_NI_MINUS_FN_MINUS_UN,REPORTED_MEAN_BW_USED,1,INCLUDED_IN_906_MAIN,,,AIA_906_V1_20260806
V44_5ac2355c7439,75,Rizzi2007_ItalJAnimSci,DietMain,FieldBean,growing,107.9,2.888,61.6,11.38,33.81,16.409999999999997,13.33,2.92,11.72667027958111,4.275881097636389,55.63639838902993,17.75,,,,,confirmation,Historical Study_ID,1,45.190000000000005,21.32963988919668,0.0267655236329935,0.5708989805375347,0.7509859154929578,1.136725061947948,0.6335106284897043,0.2037294271881556,0.4333412787468434,0.1404553171681646,0.2970323651958478,0.3215880176688568,0.6840315840950189,0.2217094881312591,61.6,11.38,33.81,16.409999999999997,45.190000000000005,13.33,2.92,11.72667027958111,4.275881097636389,55.63639838902993,17.75,1,1,1,1,1,100.0,1,INCLUDED,,0,EXISTING_REVIEWER_FORMULA,1,MASS_BALANCE_NI_MINUS_FN_MINUS_UN,REPORTED_MEAN_BW_USED,1,INCLUDED_IN_906_MAIN,,,AIA_906_V1_20260806
V44_5698ce3cd57c,76,Rizzi2007_ItalJAnimSci,DietMain,FieldPea,growing,107.9,3.009,64.28,11.72,36.49,16.07,13.35,2.93,11.78606017394981,4.406797402673347,55.21899368211762,17.58,,,,,confirmation,Historical Study_ID,1,48.21,21.362578929877035,0.0278869323447636,0.5957367933271548,0.7593856655290103,1.1326940303178576,0.6656765352184268,0.2037342305970837,0.4443656364777299,0.1416483622762369,0.3116463179861549,0.3060558992517783,0.6675398830633579,0.2127885764063445,64.28,11.72,36.49,16.07,48.21,13.35,2.93,11.78606017394981,4.406797402673347,55.21899368211762,17.58,1,1,1,1,1,100.0,1,INCLUDED,,0,EXISTING_REVIEWER_FORMULA,1,MASS_BALANCE_NI_MINUS_FN_MINUS_UN,REPORTED_MEAN_BW_USED,1,INCLUDED_IN_906_MAIN,,,AIA_906_V1_20260806
V44_3c03d438061a,77,Rizzi2007_ItalJAnimSci,DietMain,Soy,growing,107.9,2.728,57.92,10.38,32.47,15.07,13.27,2.94,10.92869395965028,3.596468221845001,52.46644138033102,17.77,,,,,confirmation,Historical Study_ID,1,42.85,21.2316715542522,0.0252826691380908,0.5367933271547729,0.7467642093415869,1.2142347520201435,0.6533505026336974,0.246044251498483,0.4930705391399504,0.1789134232236277,0.3077197167641755,0.3765884475586427,0.7546799721624943,0.2738398799762399,57.92,10.38,32.47,15.07,42.85,13.27,2.94,10.92869395965028,3.596468221845001,52.46644138033102,17.77,1,1,1,1,1,100.0,1,INCLUDED,,0,EXISTING_REVIEWER_FORMULA,1,MASS_BALANCE_NI_MINUS_FN_MINUS_UN,REPORTED_MEAN_BW_USED,1,INCLUDED_IN_906_MAIN,,,AIA_906_V1_20260806
V44_b6a80b743b94,78,Rizzi2007_ItalJAnimSci,DietMain,Sunflower,growing,107.9,3.063,65.62,11.38,36.83,17.410000000000004,13.39,4.9,16.80204155061899,8.014819898455512,44.20195182189291,18.53,,,,,confirmation,Historical Study_ID,1,48.21,21.423441070845577,0.0283873957367933,0.6081556997219648,0.7226119805720453,0.7969269662654006,0.5583486804991049,0.2913258085579883,0.5612072067269891,0.1775085619861143,0.2606183161403588,0.5217632256201872,1.0051196077428337,0.3179170439293245,65.62,11.38,36.83,17.410000000000004,48.21,13.39,4.9,16.80204155061899,8.014819898455512,44.20195182189291,18.53,1,1,1,1,1,100.0,1,INCLUDED,,0,EXISTING_REVIEWER_FORMULA,1,MASS_BALANCE_NI_MINUS_FN_MINUS_UN,REPORTED_MEAN_BW_USED,1,INCLUDED_IN_906_MAIN,,,AIA_906_V1_20260806
V44_71d17daf41f1,79,Zangeronimo2007_RBZ,Metabolism_25kg,CP16_Lys0.7,nursery,25.0,0.907421875,23.23,3.28,6.4,13.55,16.0,5.889116217593039,6.672762869848964,2.412368272500724,51.31289945064781,18.20384023350911,,,,,confirmation,Historical Study_ID,1,9.68,25.6,0.036296875,0.9292,0.8789354221285495,2.3978073718603694,0.7767077969462076,0.2711516570059617,0.5072223155401964,0.1406358166623067,0.3034014831821123,0.3491038175129081,0.6530413593560527,0.1810665699703883,23.23,3.28,6.4,13.55,9.68,16.0,5.889116217593039,6.672762869848964,2.412368272500724,51.31289945064781,18.20384023350911,1,1,1,1,1,100.01,1,INCLUDED,,0,EXISTING_REVIEWER_FORMULA,1,MASS_BALANCE_NI_MINUS_FN_MINUS_UN,DIRECT_INITIAL_BW_EXISTING,1,INCLUDED_IN_906_MAIN,,,AIA_906_V1_20260806
V44_1a453558687d,80,Zangeronimo2007_RBZ,Metabolism_25kg,CP16_Lys0.9,nursery,25.0,0.94453125,24.18,3.49,3.96,16.729999999999997,16.0,5.890115325698567,6.67389492620907,2.412777538782032,51.32160485428818,18.27637627122939,,,,,confirmation,Historical Study_ID,1,7.45,25.6,0.03778125,0.9672,0.8754470668885904,2.397400644886745,1.016260499364626,0.2711976587842136,0.5928158429759396,0.1406596759952122,0.396976757564307,0.2668584078135168,0.5833305961872696,0.1384090753140102,24.18,3.49,3.96,16.729999999999997,7.45,16.0,5.890115325698567,6.67389492620907,2.412777538782032,51.32160485428818,18.27637627122939,1,1,1,1,1,100.0,1,INCLUDED,,0,EXISTING_REVIEWER_FORMULA,1,MASS_BALANCE_NI_MINUS_FN_MINUS_UN,DIRECT_INITIAL_BW_EXISTING,1,INCLUDED_IN_906_MAIN,,,AIA_906_V1_20260806
V44_234b5455b348,81,Zangeronimo2007_RBZ,Metabolism_25kg,CP16_Lys1.1,nursery,25.0,0.97265625,24.9,3.38,4.42,17.1,16.0,5.889927156056789,6.673681717409566,2.41270045854505,51.3199652992936,18.37124633370513,,,,,confirmation,Historical Study_ID,1,7.8,25.6,0.03890625,0.996,0.8709262131358676,2.3974772363298302,1.264191790253508,0.357564010410212,0.7317421131628593,0.1406551823852605,0.4938249180677765,0.2828400035239192,0.5788220733628742,0.1112609522302426,24.9,3.38,4.42,17.1,7.8,16.0,5.889927156056789,6.673681717409566,2.41270045854505,51.3199652992936,18.37124633370513,1,1,1,1,1,100.01,1,INCLUDED,,0,EXISTING_REVIEWER_FORMULA,1,MASS_BALANCE_NI_MINUS_FN_MINUS_UN,DIRECT_INITIAL_BW_EXISTING,1,INCLUDED_IN_906_MAIN,,,AIA_906_V1_20260806
V44_d907c462640a,82,Zangeronimo2007_RBZ,Metabolism_25kg,CP16_Lys1.3,nursery,25.0,1.02109375,26.14,3.82,5.12,17.2,16.0,5.891014163806544,6.674913369950253,2.413145731300856,51.32943658790538,18.46444614613346,,,,,confirmation,Historical Study_ID,1,8.94,25.6,0.04084375,1.0456,0.8665301885239852,2.397034854718908,1.503882568766906,0.4224232174042386,0.8708480104011151,0.1406811408172147,0.5874541284245727,0.2808884324994873,0.5790664966049567,0.0935452965137862,26.14,3.82,5.12,17.2,8.94,16.0,5.891014163806544,6.674913369950253,2.413145731300856,51.32943658790538,18.46444614613346,1,1,1,1,1,99.91,1,INCLUDED,,0,EXISTING_REVIEWER_FORMULA,1,MASS_BALANCE_NI_MINUS_FN_MINUS_UN,DIRECT_INITIAL_BW_EXISTING,1,INCLUDED_IN_906_MAIN,,,AIA_906_V1_20260806
V44_1843a5550d6e,83,Zangeronimo2007_RBZ,Metabolism_25kg,CP18_Lys0.7,nursery,25.0,0.8388888888888889,24.16,3.43,6.61,14.12,18.0,5.981406490302166,7.053382901273498,2.664231420320643,47.51345968732365,18.33540677797325,,,,,confirmation,Historical Study_ID,1,10.04,28.8,0.0335555555555555,0.9664,0.981707153703501,2.551966942947345,0.7666260607871123,0.2986636571845852,0.5804901472654651,0.166682709861586,0.2661896044399695,0.3895819258713179,0.7572011661975889,0.2174237459269896,24.16,3.43,6.61,14.12,10.04,18.0,5.981406490302166,7.053382901273498,2.664231420320643,47.51345968732365,18.33540677797325,1,1,1,1,1,99.96,1,INCLUDED,,0,EXISTING_REVIEWER_FORMULA,1,MASS_BALANCE_NI_MINUS_FN_MINUS_UN,DIRECT_INITIAL_BW_EXISTING,1,INCLUDED_IN_906_MAIN,,,AIA_906_V1_20260806
V44_0a374ea09c82,84,Zangeronimo2007_RBZ,Metabolism_25kg,CP18_Lys0.9,nursery,25.0,0.8631944444444444,24.86,3.47,5.78,15.61,18.0,5.981695379563535,7.053723564724444,2.664360097053846,47.51575448676529,18.39326054792813,,,,,confirmation,Historical Study_ID,1,9.25,28.8,0.0345277777777777,0.9944,0.9786193129323976,2.551843694303205,1.00713497465357,0.2986780820064832,0.5923270710399873,0.1666907602833409,0.349699643976934,0.2965621188055962,0.5881307728824862,0.1655098516866406,24.86,3.47,5.78,15.61,9.25,18.0,5.981695379563535,7.053723564724444,2.664360097053846,47.51575448676529,18.39326054792813,1,1,1,1,1,99.981,1,INCLUDED,,0,EXISTING_REVIEWER_FORMULA,1,MASS_BALANCE_NI_MINUS_FN_MINUS_UN,DIRECT_INITIAL_BW_EXISTING,1,INCLUDED_IN_906_MAIN,,,AIA_906_V1_20260806
V44_f3dd28e34a77,85,Zangeronimo2007_RBZ,Metabolism_25kg,CP18_Lys1.1,nursery,25.0,0.8979166666666667,25.86,3.66,5.99,16.21,18.0,5.982134557928517,7.054241451809229,2.664555715392277,47.5192431116521,18.48275976540888,,,,,confirmation,Historical Study_ID,1,9.65,28.8,0.0359166666666666,1.0344,0.973880536698184,2.5516563507169816,1.247698461878942,0.3529270775699901,0.7308667699457786,0.1667029987827819,0.4332286325968548,0.2828624770751964,0.5857719571483218,0.1336084028922657,25.86,3.66,5.99,16.21,9.65,18.0,5.982134557928517,7.054241451809229,2.664555715392277,47.5192431116521,18.48275976540888,1,1,1,1,1,99.94,1,INCLUDED,,0,EXISTING_REVIEWER_FORMULA,1,MASS_BALANCE_NI_MINUS_FN_MINUS_UN,DIRECT_INITIAL_BW_EXISTING,1,INCLUDED_IN_906_MAIN,,,AIA_906_V1_20260806
V44_a918b75c4c14,86,Zangeronimo2007_RBZ,Metabolism_25kg,CP18_Lys1.3,nursery,25.0,0.9270833333333334,26.7,4.01,6.61,16.08,18.0,5.982607896939949,7.054799621747213,2.664766549527821,47.52300309253194,18.5801034385259,,,,,confirmation,Historical Study_ID,1,10.62,28.8,0.0370833333333333,1.068,0.968778244941142,2.5514544657672453,1.496895350246257,0.4288789032218439,0.8812424574922108,0.1667161892304194,0.519755329946617,0.2865122823391016,0.5887134710834903,0.1113746456644364,26.7,4.01,6.61,16.08,10.62,18.0,5.982607896939949,7.054799621747213,2.664766549527821,47.52300309253194,18.5801034385259,1,1,1,1,1,99.97,1,INCLUDED,,0,EXISTING_REVIEWER_FORMULA,1,MASS_BALANCE_NI_MINUS_FN_MINUS_UN,DIRECT_INITIAL_BW_EXISTING,1,INCLUDED_IN_906_MAIN,,,AIA_906_V1_20260806
V44_09a3cbf1f8bc,108,Hauschild2008_ABMVZ,MainEffect_Triticale,Triticale_0,finishing,59.0,1.80095258042895,49.8,6.16,10.12,33.52,17.283,8.583,8.516733167783116,3.255877732443487,50.50069680898768,18.699756242814,,,,,confirmation,Historical Study_ID,1,16.28,27.65203289702312,0.0305246200072703,0.8440677966101694,0.9242366464879224,2.0292992230140188,0.8502368165273441,0.2622340322024617,0.5753859723903084,0.1811824513188203,0.3074686167503269,0.308424696631598,0.6767361295178679,0.2130964547722491,49.8,6.16,10.12,33.52,16.28,17.283,8.583,8.516733167783116,3.255877732443487,50.50069680898768,18.699756242814,1,1,1,1,1,97.04,1,INCLUDED,,0,EXISTING_REVIEWER_FORMULA,1,MASS_BALANCE_NI_MINUS_FN_MINUS_UN,DIRECT_INITIAL_BW_EXISTING,1,INCLUDED_IN_906_MAIN,,,AIA_906_V1_20260806
V44_25fd5e1f99cc,109,Hauschild2008_ABMVZ,MainEffect_Triticale,Triticale_30,finishing,59.0,1.79561294002608,51.24,6.13,12.58,32.53,17.835,9.266,9.82276691196004,3.533996899321187,49.02411087487175,18.8825836932828,,,,,confirmation,Historical Study_ID,1,18.71,28.536216718986093,0.0304341176275606,0.8684745762711865,0.9445211677438262,1.815679854755018,0.8079224591026143,0.2569888128689128,0.55454501462905,0.1864221809225738,0.283123934364527,0.3180859870566769,0.6863839572488196,0.2307426644998072,51.24,6.13,12.58,32.53,18.71,17.835,9.266,9.82276691196004,3.533996899321187,49.02411087487175,18.8825836932828,1,1,1,1,1,97.02,1,INCLUDED,,0,EXISTING_REVIEWER_FORMULA,1,MASS_BALANCE_NI_MINUS_FN_MINUS_UN,DIRECT_INITIAL_BW_EXISTING,1,INCLUDED_IN_906_MAIN,,,AIA_906_V1_20260806
V44_bd5f016748e1,110,Hauschild2008_ABMVZ,MainEffect_Triticale,Triticale_60,finishing,59.0,1.81068913261889,50.19,5.59,10.55,34.05,17.324,10.118,11.11993903240288,3.828780483938117,47.16861490635867,19.08968718938015,,,,,confirmation,Historical Study_ID,1,16.14,27.718728243211853,0.0306896463155744,0.8506779661016949,0.907505703374625,1.5579222106810868,0.8017693933686126,0.2544143887459139,0.5420038319108342,0.1947965080286246,0.2892552937285747,0.3173161645357883,0.6760096311903596,0.2429582740870068,50.19,5.59,10.55,34.05,16.14,17.324,10.118,11.11993903240288,3.828780483938117,47.16861490635867,19.08968718938015,1,1,1,1,1,97.08,1,INCLUDED,,0,EXISTING_REVIEWER_FORMULA,1,MASS_BALANCE_NI_MINUS_FN_MINUS_UN,DIRECT_INITIAL_BW_EXISTING,1,INCLUDED_IN_906_MAIN,,,AIA_906_V1_20260806
V44_b4e13c0ab937,113,Paiano2008_RBZ_ThrLysRatio,NBalance_Growing,ThrLys_0.574,growing,37.0,1.185,27.86,4.37,8.99,14.499999999999998,14.7,3.597570096472564,8.802629213397276,3.025606482619968,58.3758352391224,18.41104361113721,,,,,development,New/unmatched study assigned development-only,1,13.36,23.51054852320675,0.032027027027027,0.7529729729729729,0.7984338264837781,1.6699556057214295,0.7679258696759477,0.2218504533657501,0.4598358204124057,0.1475419788721535,0.3264990942499777,0.2888956631443702,0.5988023565431505,0.192130496833521,27.86,4.37,8.99,14.499999999999998,13.36,14.7,3.597570096472564,8.802629213397276,3.025606482619968,58.3758352391224,18.41104361113721,1,1,1,1,1,97.564,1,INCLUDED,,0,EXISTING_REVIEWER_FORMULA,1,MASS_BALANCE_NI_MINUS_FN_MINUS_UN,DIRECT_INITIAL_BW_EXISTING,1,INCLUDED_IN_906_MAIN,,,AIA_906_V1_20260806
V44_7a05270e8d47,114,Paiano2008_RBZ_ThrLysRatio,NBalance_Growing,ThrLys_0.624,growing,37.0,1.181,27.78,4.31,8.71,14.760000000000002,14.7,3.597578587572076,8.80264998964308,3.025613623752744,58.39288576668928,18.41237325695473,,,,,development,New/unmatched study assigned development-only,1,13.02,23.52243861134632,0.0319189189189189,0.7508108108108108,0.7983761677461926,1.6699516642483294,0.7679276821590412,0.2218509769842553,0.5056360246008089,0.1475423271054308,0.3264998648635379,0.2888956631443701,0.6584422418256951,0.192130496833521,27.78,4.31,8.71,14.760000000000002,13.02,14.7,3.597578587572076,8.80264998964308,3.025613623752744,58.39288576668928,18.41237325695473,1,1,1,1,1,97.564,1,INCLUDED,,0,EXISTING_REVIEWER_FORMULA,1,MASS_BALANCE_NI_MINUS_FN_MINUS_UN,DIRECT_INITIAL_BW_EXISTING,1,INCLUDED_IN_906_MAIN,,,AIA_906_V1_20260806
V44_8bfd38b6ecbd,115,Paiano2008_RBZ_ThrLysRatio,NBalance_Growing,ThrLys_0.673,growing,37.0,1.152,27.09,3.85,8.49,14.749999999999998,14.7,3.59758707871167,8.802670765986957,3.025620764919229,58.40993637474276,18.41370290904882,,,,,development,New/unmatched study assigned development-only,1,12.34,23.515625,0.0311351351351351,0.7321621621621621,0.7983185170635158,1.669947722775229,0.7679294946506904,0.2218515006052323,0.5514364449879234,0.1475426753403518,0.3265006354807357,0.2888956631443702,0.7180821271082398,0.1921304968335209,27.09,3.85,8.49,14.749999999999998,12.34,14.7,3.59758707871167,8.802670765986957,3.025620764919229,58.40993637474276,18.41370290904882,1,1,1,1,1,97.564,1,INCLUDED,,0,EXISTING_REVIEWER_FORMULA,1,MASS_BALANCE_NI_MINUS_FN_MINUS_UN,DIRECT_INITIAL_BW_EXISTING,1,INCLUDED_IN_906_MAIN,,,AIA_906_V1_20260806
V44_dfada554bc48,116,Paiano2008_RBZ_ThrLysRatio,NBalance_Growing,ThrLys_0.722,growing,37.0,1.192,28.04,4.15,9.5,14.39,14.7,3.597595569891347,8.802691542428908,3.025627906119424,58.42593001160228,18.41500808832793,,,,,development,New/unmatched study assigned development-only,1,13.65,23.523489932885905,0.0322162162162162,0.7578378378378379,0.7982619355631654,1.6699437813021287,0.7679313071508955,0.221852024228681,0.5972370815752801,0.1475430235769168,0.3265014061015712,0.2888956631443702,0.7777220123907845,0.192130496833521,28.04,4.15,9.5,14.39,13.65,14.7,3.597595569891347,8.802691542428908,3.025627906119424,58.42593001160228,18.41500808832793,1,1,1,1,1,97.564,1,INCLUDED,,0,EXISTING_REVIEWER_FORMULA,1,MASS_BALANCE_NI_MINUS_FN_MINUS_UN,DIRECT_INITIAL_BW_EXISTING,1,INCLUDED_IN_906_MAIN,,,AIA_906_V1_20260806
V44_b76e49e29b49,117,Paiano2008_RBZ_ThrLysRatio,NBalance_Growing,ThrLys_0.772,growing,37.0,1.102,25.91,4.16,9.76,11.99,14.7,3.597604061111106,8.802712318968936,3.02563504735333,58.44298077813573,18.41633775291749,,,,,development,New/unmatched study assigned development-only,1,13.92,23.51179673321234,0.0297837837837837,0.7002702702702702,0.7982043008345265,1.6699398398290282,0.7679331196596565,0.2218525478546014,0.6430379343644097,0.1475433718151255,0.3265021767260444,0.2888956631443701,0.8373618976733291,0.1921304968335209,25.91,4.16,9.76,11.99,13.92,14.7,3.597604061111106,8.802712318968936,3.02563504735333,58.44298077813573,18.41633775291749,1,1,1,1,1,97.564,1,INCLUDED,,0,EXISTING_REVIEWER_FORMULA,1,MASS_BALANCE_NI_MINUS_FN_MINUS_UN,DIRECT_INITIAL_BW_EXISTING,1,INCLUDED_IN_906_MAIN,,,AIA_906_V1_20260806
V44_19158ad5007c,118,Qiao2008_AJAS_MetCysRatio,NBalance_2Replicates,MetRatio_29.6,growing,21.95,0.832,24.73,3.56,8.85,12.320000000000002,16.67,4.08,11.0890221051853,4.700805765841308,50.55081271486267,17.81642517573505,,,,,development,New/unmatched study assigned development-only,1,12.41,29.723557692307693,0.0379043280182232,1.1266514806378132,0.9356534678294268,1.5032885534789402,0.9766141283058016,0.1649266494030199,0.6289838020909864,0.198036422159517,0.3661570667013353,0.1688759609582233,0.6440453643468449,0.202778575918274,24.73,3.56,8.85,12.320000000000002,12.41,16.67,4.08,11.0890221051853,4.700805765841308,50.55081271486267,17.81642517573505,1,1,1,1,1,96.88,1,INCLUDED,,0,EXISTING_REVIEWER_FORMULA,1,MASS_BALANCE_NI_MINUS_FN_MINUS_UN,REPORTED_MEAN_BW_USED,1,INCLUDED_IN_906_MAIN,,,AIA_906_V1_20260806
V44_3f35e82e9c5e,119,Qiao2008_AJAS_MetCysRatio,NBalance_2Replicates,MetRatio_35.3,growing,21.95,0.821,26.11,3.54,10.49,12.08,16.66,4.28,11.08907114778992,4.700826555750137,50.56143498313153,17.82396914377615,,,,,development,New/unmatched study assigned development-only,1,14.03,31.8026796589525,0.0374031890660592,1.1895216400911162,0.9346964116473132,1.5023801162390755,0.9766184475054668,0.1974370016183496,0.6289865838515083,0.1980372980006742,0.3663784692022309,0.2021639076372704,0.6440453643468448,0.202778575918274,26.11,3.54,10.49,12.08,14.03,16.66,4.28,11.08907114778992,4.700826555750137,50.56143498313153,17.82396914377615,1,1,1,1,1,96.88,1,INCLUDED,,0,EXISTING_REVIEWER_FORMULA,1,MASS_BALANCE_NI_MINUS_FN_MINUS_UN,REPORTED_MEAN_BW_USED,1,INCLUDED_IN_906_MAIN,,,AIA_906_V1_20260806
V44_921033fd30a7,120,Qiao2008_AJAS_MetCysRatio,NBalance_2Replicates,MetRatio_41.2,growing,21.95,0.818,25.6,3.43,7.88,14.290000000000004,16.66,4.18,11.08912019082834,4.700847345842861,50.57205734535746,17.83151317854587,,,,,development,New/unmatched study assigned development-only,1,11.31,31.2958435207824,0.0372665148063781,1.1662870159453305,0.9343009666753698,1.5023734717727435,0.9766227667433366,0.229947641397251,0.6289893656366359,0.1980381738495785,0.366380089564577,0.2354518543163175,0.6440453643468449,0.202778575918274,25.6,3.43,7.88,14.290000000000004,11.31,16.66,4.18,11.08912019082834,4.700847345842861,50.57205734535746,17.83151317854587,1,1,1,1,1,96.88,1,INCLUDED,,0,EXISTING_REVIEWER_FORMULA,1,MASS_BALANCE_NI_MINUS_FN_MINUS_UN,REPORTED_MEAN_BW_USED,1,INCLUDED_IN_906_MAIN,,,AIA_906_V1_20260806
V44_d80151588345,121,Qiao2008_AJAS_MetCysRatio,NBalance_2Replicates,MetRatio_41.3,growing,21.95,0.828,24.79,3.12,9.62,12.05,16.65,3.85,11.0892550614208,4.700904519546066,50.74945327135506,17.85257158444,,,,,development,New/unmatched study assigned development-only,1,12.739999999999998,29.93961352657005,0.0377220956719817,1.129384965831435,0.932638747378661,1.501453425661104,0.9766346448444748,0.1649301141532038,0.6289970156726112,0.1980405824740119,0.3666045964130912,0.1688759609582233,0.6440453643468449,0.202778575918274,24.79,3.12,9.62,12.05,12.739999999999998,16.65,3.85,11.0892550614208,4.700904519546066,50.74945327135506,17.85257158444,1,1,1,1,1,96.88,1,INCLUDED,,0,EXISTING_REVIEWER_FORMULA,1,MASS_BALANCE_NI_MINUS_FN_MINUS_UN,REPORTED_MEAN_BW_USED,1,INCLUDED_IN_906_MAIN,,,AIA_906_V1_20260806
V44_9f6d1040f56f,122,Qiao2008_AJAS_MetCysRatio,NBalance_2Replicates,MetRatio_46.0,growing,21.95,0.825,26.14,3.0,7.66,15.48,16.83,4.22,11.08916923430056,4.700868136119478,50.57228100866409,17.83903538784954,,,,,development,New/unmatched study assigned development-only,1,10.66,31.684848484848487,0.0375854214123006,1.190888382687927,0.9434366620217138,1.517697101054436,0.9766270860194114,0.2732952055317818,0.6289921474463692,0.1980390497062299,0.3626808845883138,0.2798357832217136,0.6440453643468449,0.2027785759182739,26.14,3.0,7.66,15.48,10.66,16.83,4.22,11.08916923430056,4.700868136119478,50.57228100866409,17.83903538784954,1,1,1,1,1,96.88,1,INCLUDED,,0,EXISTING_REVIEWER_FORMULA,1,MASS_BALANCE_NI_MINUS_FN_MINUS_UN,REPORTED_MEAN_BW_USED,1,INCLUDED_IN_906_MAIN,,,AIA_906_V1_20260806
V44_aed90b010b75,123,Qiao2008_AJAS_MetCysRatio,NBalance_2Replicates,MetRatio_51.6,growing,21.95,0.822,26.16,3.19,6.91,16.06,16.51,4.18,11.08920601718941,4.700883728947625,50.57244875744238,17.84467708849197,,,,,development,New/unmatched study assigned development-only,1,10.1,31.824817518248175,0.0374487471526195,1.1917995444191345,0.925205870530843,1.4888351766941477,0.9766303255015398,0.3058061302552361,0.628994233819817,0.1980397066038026,0.3697116616828966,0.3131237299007606,0.644045364346845,0.2027785759182739,26.16,3.19,6.91,16.06,10.1,16.51,4.18,11.08920601718941,4.700883728947625,50.57244875744238,17.84467708849197,1,1,1,1,1,96.88,1,INCLUDED,,0,EXISTING_REVIEWER_FORMULA,1,MASS_BALANCE_NI_MINUS_FN_MINUS_UN,REPORTED_MEAN_BW_USED,1,INCLUDED_IN_906_MAIN,,,AIA_906_V1_20260806
V44_5614ccb8e880,124,Qiao2008_AJAS_MetCysRatio,NBalance_2Replicates,MetRatio_57.5,growing,21.95,0.835,26.07,2.81,7.88,15.380000000000004,15.62,4.08,11.0892550614208,4.700904519546066,50.58307129757262,17.85222130660047,,,,,development,New/unmatched study assigned development-only,1,10.69,31.221556886227543,0.0380410022779043,1.1876993166287015,0.8749611452679474,1.4085707212508376,0.9766346448444748,0.3383176447264996,0.6289970156726112,0.1980405824740119,0.3907789071880901,0.3464116765798077,0.6440453643468449,0.202778575918274,26.07,2.81,7.88,15.380000000000004,10.69,15.62,4.08,11.0892550614208,4.700904519546066,50.58307129757262,17.85222130660047,1,1,1,1,1,96.88,1,INCLUDED,,0,EXISTING_REVIEWER_FORMULA,1,MASS_BALANCE_NI_MINUS_FN_MINUS_UN,REPORTED_MEAN_BW_USED,1,INCLUDED_IN_906_MAIN,,,AIA_906_V1_20260806
V44_1c18874c43af,126,Wu2008_AJAS,Exp2_TDP,Diet1,growing,21.38,1.029,40.85,6.17,6.07,28.61,17.34,6.183719736122427,11.63485282462857,4.457521515398439,46.00550079810685,18.98971100717738,,,,,confirmation,Historical Study_ID,1,12.24,39.69873663751216,0.0481290926099158,1.91066417212348,0.9131260603937652,1.490349750131331,0.7745309698951856,0.259107727683704,0.5686592474354537,0.1853401721231875,0.2791706206369613,0.3345350124847404,0.7341982045113165,0.239293429607171,40.85,6.17,6.07,28.61,12.24,17.34,6.183719736122427,11.63485282462857,4.457521515398439,46.00550079810685,18.98971100717738,1,1,1,1,1,98.57,1,INCLUDED,,0,EXISTING_REVIEWER_FORMULA,1,MASS_BALANCE_NI_MINUS_FN_MINUS_UN,DIRECT_INITIAL_BW_EXISTING,1,INCLUDED_IN_906_MAIN,,,AIA_906_V1_20260806
V44_d05eda305403,127,Wu2008_AJAS,Exp2_TDP,Diet2,growing,21.58,1.059,40.53,6.92,6.57,27.04,17.34,6.18355408117478,11.63454113991164,4.457402103373836,45.7523189127285,18.94358618318684,,,,,confirmation,Historical Study_ID,1,13.49,38.27195467422096,0.0490732159406858,1.8781278962001853,0.915349386980904,1.4903896760067403,0.7745102210752609,0.2591007864769715,0.5686440136891193,0.1853352070669074,0.2791631419677267,0.3345350124847404,0.7341982045113165,0.239293429607171,40.53,6.92,6.57,27.04,13.49,17.34,6.18355408117478,11.63454113991164,4.457402103373836,45.7523189127285,18.94358618318684,1,1,1,1,1,98.57,1,INCLUDED,,0,EXISTING_REVIEWER_FORMULA,1,MASS_BALANCE_NI_MINUS_FN_MINUS_UN,DIRECT_INITIAL_BW_EXISTING,1,INCLUDED_IN_906_MAIN,,,AIA_906_V1_20260806
V44_9282e44404fb,128,Wu2008_AJAS,Exp2_TDP,Diet3,growing,21.34,1.069,41.73,6.47,6.28,28.98,17.34,6.183381533375226,11.63421648608858,4.457277722651265,45.48860220622621,18.89554211932105,,,,,confirmation,Historical Study_ID,1,12.75,39.03648269410664,0.0500937207122774,1.9554826616682288,0.9176767668533584,1.4904312654602925,0.77448860890326,0.2590935564487414,0.5686281460712407,0.1853300354161481,0.2791553521133434,0.3345350124847405,0.7341982045113165,0.239293429607171,41.73,6.47,6.28,28.98,12.75,17.34,6.183381533375226,11.63421648608858,4.457277722651265,45.48860220622621,18.89554211932105,1,1,1,1,1,98.57,1,INCLUDED,,0,EXISTING_REVIEWER_FORMULA,1,MASS_BALANCE_NI_MINUS_FN_MINUS_UN,DIRECT_INITIAL_BW_EXISTING,1,INCLUDED_IN_906_MAIN,,,AIA_906_V1_20260806
V44_cb9c44329ad1,129,Wu2008_AJAS,Exp2_TDP,Diet4,growing,21.36,1.06,40.41,6.01,5.76,28.64,17.34,6.183208995205056,11.6338918503835,4.457153348870018,45.22490021697783,18.84750073665318,,,,,confirmation,Historical Study_ID,1,11.77,38.122641509433954,0.049625468164794,1.8918539325842696,0.9200158812716474,1.490472854913844,0.7744669979373708,0.2590863268239978,0.5686122793388872,0.1853248640540033,0.279147562693689,0.3345350124847404,0.7341982045113167,0.239293429607171,40.41,6.01,5.76,28.64,11.77,17.34,6.183208995205056,11.6338918503835,4.457153348870018,45.22490021697783,18.84750073665318,1,1,1,1,1,98.57,1,INCLUDED,,0,EXISTING_REVIEWER_FORMULA,1,MASS_BALANCE_NI_MINUS_FN_MINUS_UN,DIRECT_INITIAL_BW_EXISTING,1,INCLUDED_IN_906_MAIN,,,AIA_906_V1_20260806
V44_293eca236969,130,Wu2008_AJAS,Exp2_TDP,Diet5,growing,21.29,1.062,39.85,4.78,5.69,29.38,17.34,6.182429242782544,11.63242472298079,4.45659126595741,44.03315079286249,18.6303871293902,,,,,confirmation,Historical Study_ID,1,10.47,37.52354048964219,0.0498825739783936,1.8717707844058245,0.9307375031754138,1.490660839243897,0.7743693314153003,0.2590536539528176,0.5685405727537421,0.1853014930969792,0.2791123599391941,0.3345350124847404,0.7341982045113166,0.2392934296071709,39.85,4.78,5.69,29.38,10.47,17.34,6.182429242782544,11.63242472298079,4.45659126595741,44.03315079286249,18.6303871293902,1,1,1,1,1,98.57,1,INCLUDED,,0,EXISTING_REVIEWER_FORMULA,1,MASS_BALANCE_NI_MINUS_FN_MINUS_UN,DIRECT_INITIAL_BW_EXISTING,1,INCLUDED_IN_906_MAIN,,,AIA_906_V1_20260806
V44_af38e41e9f9c,136,Liu2009_LivSci,NBalance,CS0,finishing,60.04,2.14060026970059,63.06,10.18,36.65,16.230000000000004,18.4118915418,4.096726461234008,9.52656886690156,3.938655452921132,46.98324708374544,18.58237354916628,,,,,confirmation,Historical Study_ID,1,46.83,29.459026466823875,0.0356529025599698,1.0502998001332446,0.9908256064858878,1.932688652025493,1.101391131209909,0.2712945945482481,0.6131603249074721,0.1855335144066172,0.3738722094052136,0.2463199374505798,0.5567144200933399,0.16845379370615,63.06,10.18,36.65,16.230000000000004,46.83,18.4118915418,4.096726461234008,9.52656886690156,3.938655452921132,46.98324708374544,18.58237354916628,1,1,1,1,1,100.0,1,INCLUDED,,0,EXISTING_REVIEWER_FORMULA,1,MASS_BALANCE_NI_MINUS_FN_MINUS_UN,DIRECT_INITIAL_BW_EXISTING,1,INCLUDED_IN_906_MAIN,,,AIA_906_V1_20260806
V44_9e6ce7c67f11,137,Liu2009_LivSci,NBalance,CS70,finishing,60.04,2.26540210260922,66.71,9.44,30.7,26.57,18.4045693045,4.093944169832024,9.519231028314804,3.936438139276467,46.9294120201373,18.56774080051485,,,,,confirmation,Historical Study_ID,1,40.14,29.44731088717781,0.0377315473452568,1.1110926049300465,0.9912120974884394,1.9334092480533245,1.101159937626269,0.271159742777947,0.6129392423963226,0.1854821855746551,0.3739424431128328,0.2462491900699514,0.5566305324525461,0.1684425479322217,66.71,9.44,30.7,26.57,40.14,18.4045693045,4.093944169832024,9.519231028314804,3.936438139276467,46.9294120201373,18.56774080051485,1,1,1,1,1,99.937,1,INCLUDED,,0,EXISTING_REVIEWER_FORMULA,1,MASS_BALANCE_NI_MINUS_FN_MINUS_UN,DIRECT_INITIAL_BW_EXISTING,1,INCLUDED_IN_906_MAIN,,,AIA_906_V1_20260806
V44_560f68889cf4,138,Paiano2009_ABMVZ,Exp1_NBalance,TL_0p574,nursery,23.0,1.11316,30.83,5.05,8.11,17.669999999999998,17.31,3.191200575955282,8.676075874218041,3.19293836354781,53.95044726155521,18.29473276908438,,,,,development,Historical Study_ID,1,13.16,27.69592870746344,0.0483982608695652,1.3404347826086955,0.9461739735959168,1.9951416113635725,0.926961891448996,0.3343415199546968,0.565696056985857,0.1769280615399845,0.3346916130304001,0.3606852914223531,0.6102689465492263,0.1908687543383433,30.83,5.05,8.11,17.669999999999998,13.16,17.31,3.191200575955282,8.676075874218041,3.19293836354781,53.95044726155521,18.29473276908438,1,1,1,1,1,100.003,1,INCLUDED,,0,EXISTING_REVIEWER_FORMULA,1,MASS_BALANCE_NI_MINUS_FN_MINUS_UN,DIRECT_INITIAL_BW_EXISTING,1,INCLUDED_IN_906_MAIN,,,AIA_906_V1_20260806
V44_8d0a362a3b98,139,Paiano2009_ABMVZ,Exp1_NBalance,TL_0p624,nursery,23.0,1.15035,31.86,4.97,8.09,18.8,17.31,3.191184816521787,8.67603302826164,3.192922595532419,53.97023692043006,18.29476859851556,,,,,development,Historical Study_ID,1,13.06,27.69591863345938,0.0500152173913043,1.3852173913043475,0.946172120559346,1.9951514642249224,0.9269573137379016,0.3343398688416366,0.6201405559193578,0.1769271877979702,0.3346899601884394,0.360685291422353,0.6690065947251411,0.1908687543383433,31.86,4.97,8.09,18.8,13.06,17.31,3.191184816521787,8.67603302826164,3.192922595532419,53.97023692043006,18.29476859851556,1,1,1,1,1,100.003,1,INCLUDED,,0,EXISTING_REVIEWER_FORMULA,1,MASS_BALANCE_NI_MINUS_FN_MINUS_UN,DIRECT_INITIAL_BW_EXISTING,1,INCLUDED_IN_906_MAIN,,,AIA_906_V1_20260806
V44_3c61d6e0c390,140,Paiano2009_ABMVZ,Exp1_NBalance,TL_0p673,nursery,23.0,1.08211,29.97,4.34,7.54,18.09,17.31,3.191204874009612,8.676087559552318,3.192942663942672,53.98957676220011,18.29481673781098,,,,,development,Historical Study_ID,1,11.88,27.695890436277278,0.0470482608695652,1.3030434782608695,0.9461696308891904,1.9951389242195687,0.9269631399235048,0.3343419702610887,0.6724141830694217,0.1769282998347589,0.3346920638083134,0.360685291422353,0.7253947369740192,0.1908687543383434,29.97,4.34,7.54,18.09,11.88,17.31,3.191204874009612,8.676087559552318,3.192942663942672,53.98957676220011,18.29481673781098,1,1,1,1,1,100.002,1,INCLUDED,,0,EXISTING_REVIEWER_FORMULA,1,MASS_BALANCE_NI_MINUS_FN_MINUS_UN,DIRECT_INITIAL_BW_EXISTING,1,INCLUDED_IN_906_MAIN,,,AIA_906_V1_20260806
V44_d16c5050c068,141,Paiano2009_ABMVZ,Exp1_NBalance,TL_0p722,nursery,23.0,1.03878,28.77,3.85,8.44,16.479999999999997,17.31,3.191189114533665,8.676044713480504,3.192926895884807,54.00936625449093,18.29485256687574,,,,,development,Historical Study_ID,1,12.29,27.69595101946514,0.0451643478260869,1.2508695652173911,0.9461677778885798,1.9951487770809189,0.9269585622000792,0.3343403191435809,0.7268582283131015,0.1769274260903909,0.3346904109619004,0.360685291422353,0.784132385149934,0.1908687543383433,28.77,3.85,8.44,16.479999999999997,12.29,17.31,3.191189114533665,8.676044713480504,3.192926895884807,54.00936625449093,18.29485256687574,1,1,1,1,1,100.002,1,INCLUDED,,0,EXISTING_REVIEWER_FORMULA,1,MASS_BALANCE_NI_MINUS_FN_MINUS_UN,DIRECT_INITIAL_BW_EXISTING,1,INCLUDED_IN_906_MAIN,,,AIA_906_V1_20260806
V44_ca8e5af4be1e,142,Paiano2009_ABMVZ,Exp1_NBalance,TL_0p772,nursery,23.0,1.10594,30.63,5.1,8.71,16.82,17.31,3.191173892460364,8.676003328472015,3.192911665522233,54.02705348743192,18.29488416903915,,,,,development,Historical Study_ID,1,13.81,27.69589670325696,0.0480843478260869,1.3317391304347823,0.946166143500056,1.9951582940492685,0.926954140578334,0.3343387243296533,0.7823908094844841,0.1769265821409563,0.3346888144780236,0.3606852914223531,0.8440447862893674,0.1908687543383434,30.63,5.1,8.71,16.82,13.81,17.31,3.191173892460364,8.676003328472015,3.192911665522233,54.02705348743192,18.29488416903915,1,1,1,1,1,100.002,1,INCLUDED,,0,EXISTING_REVIEWER_FORMULA,1,MASS_BALANCE_NI_MINUS_FN_MINUS_UN,DIRECT_INITIAL_BW_EXISTING,1,INCLUDED_IN_906_MAIN,,,AIA_906_V1_20260806
V44_0acba1bab97b,179,Yoo2009_AJAS,WeanedPig_ProteinSource,PSP,weaner,6.58,0.39,13.27,0.88,1.87,10.52,21.19,6.727278934857496,6.346076287963312,2.674232939378914,34.4931598553577,18.97785989842455,,,,,development,Historical Study_ID,1,2.75,34.02564102564102,0.0592705167173252,2.0167173252279635,1.1165642550538109,3.3390711107887814,1.351515166551745,0.5338142916785001,0.8934798697257499,0.2421979097585039,0.3986300042920437,0.3949746957264812,0.6610949635181482,0.1792047294418807,13.27,0.88,1.87,10.52,2.75,21.19,6.727278934857496,6.346076287963312,2.674232939378914,34.4931598553577,18.97785989842455,1,1,1,1,1,99.47,1,INCLUDED,,0,EXISTING_REVIEWER_FORMULA,1,MASS_BALANCE_NI_MINUS_FN_MINUS_UN,DIRECT_INITIAL_BW_EXISTING,1,INCLUDED_IN_906_MAIN,,,AIA_906_V1_20260806
V44_c5cfe70d21d1,180,Yoo2009_AJAS,WeanedPig_ProteinSource,RBP,weaner,6.58,0.383,12.81,0.87,1.72,10.22,21.2,6.727278934857496,6.346076287963312,2.674232939378914,34.4931598553577,18.97785989842455,,,,,development,Historical Study_ID,1,2.59,33.44647519582246,0.0582066869300911,1.946808510638298,1.1170911848579892,3.340646887622565,1.351515166551745,0.5338142916785001,0.8934798697257499,0.2421979097585039,0.3984419712711513,0.3949746957264812,0.6610949635181482,0.1792047294418807,12.81,0.87,1.72,10.22,2.59,21.2,6.727278934857496,6.346076287963312,2.674232939378914,34.4931598553577,18.97785989842455,1,1,1,1,1,99.47,1,INCLUDED,,0,EXISTING_REVIEWER_FORMULA,1,MASS_BALANCE_NI_MINUS_FN_MINUS_UN,DIRECT_INITIAL_BW_EXISTING,1,INCLUDED_IN_906_MAIN,,,AIA_906_V1_20260806
V44_040132ac7fee,181,Yoo2009_AJAS,WeanedPig_ProteinSource,RPP,weaner,6.58,0.392,13.41,0.97,2.41,10.03,21.1,6.727278934857497,6.346076287963312,2.674232939378913,34.4931598553577,18.97785989842456,,,,,development,Historical Study_ID,1,3.38,34.20918367346939,0.0595744680851063,2.0379939209726445,1.111821886816206,3.324889119284723,1.351515166551745,0.5338142916785001,0.8934798697257502,0.2421979097585039,0.400330321845896,0.3949746957264812,0.6610949635181484,0.1792047294418807,13.41,0.97,2.41,10.03,3.38,21.1,6.727278934857497,6.346076287963312,2.674232939378913,34.4931598553577,18.97785989842456,1,1,1,1,1,99.37,1,INCLUDED,,0,EXISTING_REVIEWER_FORMULA,1,MASS_BALANCE_NI_MINUS_FN_MINUS_UN,DIRECT_INITIAL_BW_EXISTING,1,INCLUDED_IN_906_MAIN,,,AIA_906_V1_20260806
V44_52b44bd88601,182,Yoo2009_AJAS,WeanedPig_ProteinSource,SDPP,weaner,6.58,0.397,13.39,0.5,1.96,10.93,20.82,6.685041576913017,6.295482067450934,2.635795200901414,34.87588652948323,18.02493261083562,,,,,development,Historical Study_ID,1,2.46,33.727959697733,0.0603343465045592,2.034954407294833,1.1550667317049572,3.3071335565617934,1.103865794254627,0.5093601917431462,0.7244780400913505,0.202350384664754,0.3313718162387809,0.4614330785447391,0.6563098918927425,0.1833106757342624,13.39,0.5,1.96,10.93,2.46,20.82,6.685041576913017,6.295482067450934,2.635795200901414,34.87588652948323,18.02493261083562,1,1,1,1,1,98.24,1,INCLUDED,,0,EXISTING_REVIEWER_FORMULA,1,MASS_BALANCE_NI_MINUS_FN_MINUS_UN,DIRECT_INITIAL_BW_EXISTING,1,INCLUDED_IN_906_MAIN,,,AIA_906_V1_20260806
V44_fca224ce264a,183,Galassi2010_AFST,NBalance,C,finishing,152.0,2.536,54.7,7.82,25.8,21.08,13.483,3.034,12.809,4.607,54.494,18.06326452513338,,,,,development,Historical Study_ID,1,33.620000000000005,21.569400630914828,0.0166842105263157,0.3598684210526316,0.7464320738501968,1.0526192520883757,0.5988135650451343,0.1858446075231299,0.3624119262544178,0.111866037863269,0.2775780450591181,0.3103547053232207,0.6052166273606407,0.1868127984957009,54.7,7.82,25.8,21.08,33.620000000000005,13.483,3.034,12.809,4.607,54.494,18.06326452513338,1,1,1,1,1,97.7,1,INCLUDED,,0,EXISTING_REVIEWER_FORMULA,1,MASS_BALANCE_NI_MINUS_FN_MINUS_UN,REPORTED_MEAN_BW_USED,1,INCLUDED_IN_906_MAIN,,,AIA_906_V1_20260806
V44_03e62c535f95,184,Galassi2010_AFST,NBalance,HF,finishing,152.0,2.671,58.2,10.82,23.8,23.58,13.616,6.585,21.54,7.366,48.549,18.76301874915696,,,,,development,Historical Study_ID,1,34.620000000000005,21.789591913141148,0.0175723684210526,0.3828947368421053,0.7256828009411748,0.6321262766945218,0.5672341621329975,0.1794072883413515,0.3427977608920462,0.1076494986736208,0.2603711452211541,0.3162843501292619,0.6043320092058764,0.1897796463259922,58.2,10.82,23.8,23.58,34.620000000000005,13.616,6.585,21.54,7.366,48.549,18.76301874915696,1,1,1,1,1,98.1,1,INCLUDED,,0,EXISTING_REVIEWER_FORMULA,1,MASS_BALANCE_NI_MINUS_FN_MINUS_UN,REPORTED_MEAN_BW_USED,1,INCLUDED_IN_906_MAIN,,,AIA_906_V1_20260806
V44_72ac0dcd7074,185,Galassi2010_AFST,NBalance,HFLP,finishing,152.0,2.597,45.6,9.8,17.8,17.999999999999996,10.974,6.047,19.709,6.719,52.744,18.72411212012229,,,,,development,Historical Study_ID,1,27.6,17.558721601848287,0.0170855263157894,0.3,0.586089205704261,0.5568014612613527,0.5894217541809027,0.204783537133609,0.3644592923934543,0.1301107040100701,0.3356921782058175,0.3474312505112557,0.6183336292022844,0.2207429622119734,45.6,9.8,17.8,17.999999999999996,27.6,10.974,6.047,19.709,6.719,52.744,18.72411212012229,1,1,1,1,1,98.1,1,INCLUDED,,0,EXISTING_REVIEWER_FORMULA,1,MASS_BALANCE_NI_MINUS_FN_MINUS_UN,REPORTED_MEAN_BW_USED,1,INCLUDED_IN_906_MAIN,,,AIA_906_V1_20260806
V44_d63add74c0af,186,Galassi2010_AFST,NBalance,HFLPB,finishing,152.0,2.715,48.0,9.02,17.8,21.180000000000003,11.049,6.027,19.531,6.25,51.674,18.51537249302965,,,,,development,Historical Study_ID,1,26.82,17.679558011049725,0.0178618421052631,0.3157894736842105,0.5967473786530375,0.5657160411653269,0.5861357075190028,0.2028908449281414,0.3612474127751662,0.129128245536055,0.3315547264000151,0.3461499484256615,0.6163204325227949,0.2203043491116238,48.0,9.02,17.8,21.180000000000003,26.82,11.049,6.027,19.531,6.25,51.674,18.51537249302965,1,1,1,1,1,98.1,1,INCLUDED,,0,EXISTING_REVIEWER_FORMULA,1,MASS_BALANCE_NI_MINUS_FN_MINUS_UN,REPORTED_MEAN_BW_USED,1,INCLUDED_IN_906_MAIN,,,AIA_906_V1_20260806
V44_d932a3a5c7d6,187,Jin2010_AAJS,MetabolismTrial,CON,finishing,62.97,0.8878461,24.64,4.22,4.75,15.670000000000002,17.5030334649,3.468050769159204,10.95619763380162,4.266176840783555,54.47356157784552,18.54080643030363,,,,,confirmation,Historical Study_ID,1,8.969999999999999,27.752557566001588,0.0140995092901381,0.3912974432269335,0.9440276252651308,1.597546343167482,0.6973360124012484,0.2679221950741238,0.4716445383946609,0.1273527078623198,0.2688168513823493,0.3842081726878618,0.6763519021060909,0.1826274645185552,24.64,4.22,4.75,15.670000000000002,8.969999999999999,17.5030334649,3.468050769159204,10.95619763380162,4.266176840783555,54.47356157784552,18.54080643030363,1,1,1,1,1,98.23,1,INCLUDED,,0,EXISTING_REVIEWER_FORMULA,1,MASS_BALANCE_NI_MINUS_FN_MINUS_UN,DIRECT_INITIAL_BW_EXISTING,1,INCLUDED_IN_906_MAIN,,,AIA_906_V1_20260806
V44_3c0af51c16d1,188,Jin2010_AAJS,MetabolismTrial,EEL,finishing,62.97,0.8918658,24.84,4.35,7.75,12.740000000000002,17.4017212007,7.224425345158429,10.02927653465353,3.888290334711791,53.06508131604554,19.38098736379397,,,,,confirmation,Historical Study_ID,1,12.1,27.851723880431337,0.0141633444497379,0.3944735588375417,0.8978758859937405,1.7350923708776924,0.5831159631863896,0.2792891307189938,0.4490985930842958,0.111008444319762,0.2297650180890313,0.4789598439268257,0.7701702944817925,0.1903711291201246,24.84,4.35,7.75,12.740000000000002,12.1,17.4017212007,7.224425345158429,10.02927653465353,3.888290334711791,53.06508131604554,19.38098736379397,1,1,1,1,1,98.2,1,INCLUDED,,0,EXISTING_REVIEWER_FORMULA,1,MASS_BALANCE_NI_MINUS_FN_MINUS_UN,DIRECT_INITIAL_BW_EXISTING,1,INCLUDED_IN_906_MAIN,,,AIA_906_V1_20260806
V44_978ffb4598d8,189,Jin2010_AAJS,MetabolismTrial,EELL,finishing,62.97,0.8915371,23.71,4.9,8.38,10.43,17.3071877772,7.313887083330574,10.29143496103527,3.891039576479766,53.32957024446877,19.39188341124558,,,,,confirmation,Historical Study_ID,1,13.28,26.594518612854134,0.0141581245037319,0.3765285056376052,0.892496484749045,1.6817079292370107,0.4621297195596233,0.2878904512218279,0.4340879723345218,0.100535378729612,0.1843569968150205,0.6229645898908363,0.9393206148874752,0.2175479621293672,23.71,4.9,8.38,10.43,13.28,17.3071877772,7.313887083330574,10.29143496103527,3.891039576479766,53.32957024446877,19.39188341124558,1,1,1,1,1,98.18,1,INCLUDED,,0,EXISTING_REVIEWER_FORMULA,1,MASS_BALANCE_NI_MINUS_FN_MINUS_UN,DIRECT_INITIAL_BW_EXISTING,1,INCLUDED_IN_906_MAIN,,,AIA_906_V1_20260806
V44_51302ea35a01,190,Jin2010_AAJS,MetabolismTrial,EL,finishing,62.97,0.8895788,24.37,4.29,6.23,13.85,17.4352176558,5.353361692072696,10.62116181275902,4.051465468826369,54.1788927523902,18.95837414290897,,,,,confirmation,Historical Study_ID,1,10.52,27.394987380544592,0.0141270255677306,0.3870096871526123,0.9196578527447894,1.6415546588185268,0.5751192260876719,0.280402248794598,0.4473316630297393,0.1101662101210145,0.2262381015827404,0.4875549904705379,0.7778068315899903,0.1915536903025054,24.37,4.29,6.23,13.85,10.52,17.4352176558,5.353361692072696,10.62116181275902,4.051465468826369,54.1788927523902,18.95837414290897,1,1,1,1,1,98.2,1,INCLUDED,,0,EXISTING_REVIEWER_FORMULA,1,MASS_BALANCE_NI_MINUS_FN_MINUS_UN,DIRECT_INITIAL_BW_EXISTING,1,INCLUDED_IN_906_MAIN,,,AIA_906_V1_20260806
V44_349f92696def,191,Jin2010_AAJS,MetabolismTrial,ELL,finishing,62.97,0.8892608,24.01,5.02,7.41,11.580000000000002,17.3177542516,5.429711407497102,10.85496167153663,4.045408782215521,54.48880913225905,18.96538381091351,,,,,confirmation,Historical Study_ID,1,12.43,26.999953219572934,0.0141219755439097,0.3812926790535176,0.9131243756656592,1.5953768217357966,0.4538759034469977,0.289039595583208,0.4323011966793093,0.0996206568421772,0.1807989562741849,0.6368251616533797,0.9524656263885404,0.2194887547137884,24.01,5.02,7.41,11.580000000000002,12.43,17.3177542516,5.429711407497102,10.85496167153663,4.045408782215521,54.48880913225905,18.96538381091351,1,1,1,1,1,98.17,1,INCLUDED,,0,EXISTING_REVIEWER_FORMULA,1,MASS_BALANCE_NI_MINUS_FN_MINUS_UN,DIRECT_INITIAL_BW_EXISTING,1,INCLUDED_IN_906_MAIN,,,AIA_906_V1_20260806
V44_4f4a7733f6db,198,McDonnell2010_AAN,Digestibility_N_balance,RSM_0,growing-finishing,50.1,2.209,72.2,10.0,24.2,38.0,20.43,6.15467010383649,16.66,5.723312178321961,34.73552910832784,17.15,,,,,confirmation,Historical Study_ID,1,34.2,32.684472612041645,0.0440918163672654,1.441117764471058,1.191253644314869,1.2262905162064826,0.8162082358483926,0.303122255244148,0.63478005883385,0.2019883231818372,0.2496965968699194,0.3713785795472563,0.7777182720706556,0.2474715572697991,72.2,10.0,24.2,38.0,34.2,20.43,6.15467010383649,16.66,5.723312178321961,34.73552910832784,17.15,1,1,1,1,1,99.57,1,INCLUDED,,0,EXISTING_REVIEWER_FORMULA,1,MASS_BALANCE_NI_MINUS_FN_MINUS_UN,DIRECT_INITIAL_BW_EXISTING,1,INCLUDED_IN_906_MAIN,,,AIA_906_V1_20260806
V44_aebfff38ed21,199,McDonnell2010_AAN,Digestibility_N_balance,RSM_140,growing-finishing,50.1,2.152,66.7,11.8,21.4,33.50000000000001,19.37,7.665798017507155,18.72,6.882811539329173,33.8811565868568,18.03,,,,,confirmation,Historical Study_ID,1,33.2,30.99442379182156,0.0429540918163672,1.3313373253493015,1.074320576816417,1.0347222222222223,0.6702860062190649,0.2955224501169945,0.5920319888180678,0.1742448657327748,0.2162771057753823,0.4408900788246667,0.8832527955604942,0.2599559950768651,66.7,11.8,21.4,33.50000000000001,33.2,19.37,7.665798017507155,18.72,6.882811539329173,33.8811565868568,18.03,1,1,1,1,1,98.9,1,INCLUDED,REPORTED_RN_DIFF_GT2_USE_RECOMPUTED,0,EXISTING_REVIEWER_FORMULA,1,MASS_BALANCE_NI_MINUS_FN_MINUS_UN,DIRECT_INITIAL_BW_EXISTING,1,INCLUDED_IN_906_MAIN,,,AIA_906_V1_20260806
V44_42fbb55f0867,200,McDonnell2010_AAN,Digestibility_N_balance,RSM_210,growing-finishing,50.1,2.132,63.0,10.4,16.2,36.400000000000006,18.47,8.310570442625608,19.79,7.467878755406327,33.6202404178853,17.77,,,,,confirmation,Historical Study_ID,1,26.6,29.549718574108816,0.0425548902195608,1.2574850299401197,1.0393922341024198,0.933299646286003,0.5989996640804056,0.2922915151473057,0.571783206070851,0.1608554076164338,0.2026934434489732,0.4879660752331749,0.9545634836851908,0.2685400631457477,63.0,10.4,16.2,36.400000000000006,26.6,18.47,8.310570442625608,19.79,7.467878755406327,33.6202404178853,17.77,1,1,1,1,1,99.29,1,INCLUDED,,0,EXISTING_REVIEWER_FORMULA,1,MASS_BALANCE_NI_MINUS_FN_MINUS_UN,DIRECT_INITIAL_BW_EXISTING,1,INCLUDED_IN_906_MAIN,,,AIA_906_V1_20260806
V44_0593f20ca5c7,201,McDonnell2010_AAN,Digestibility_N_balance,RSM_70,growing-finishing,50.1,2.145,69.4,10.4,22.2,36.80000000000001,20.22,6.804182823625103,17.7,6.308910651580613,34.36570051337932,17.44,,,,,confirmation,Historical Study_ID,1,32.6,32.35431235431236,0.042814371257485,1.3852295409181636,1.1594036697247705,1.1423728813559322,0.7433603902859066,0.2995028104646602,0.6136691613435856,0.1881975020681092,0.2297726231101343,0.4029039136043653,0.8255338451750974,0.2531712807508157,69.4,10.4,22.2,36.80000000000001,32.6,20.22,6.804182823625103,17.7,6.308910651580613,34.36570051337932,17.44,1,1,1,1,1,99.0,1,INCLUDED,,0,EXISTING_REVIEWER_FORMULA,1,MASS_BALANCE_NI_MINUS_FN_MINUS_UN,DIRECT_INITIAL_BW_EXISTING,1,INCLUDED_IN_906_MAIN,,,AIA_906_V1_20260806
V44_7011b5923c4e,237,Acciaioli2011_AFST,CS,CS_CP10,growing-finishing,62.7,1.737,32.2,6.3,19.6,6.300000000000001,12.571,0.686,14.057,8.571,58.19106599195752,19.531,,,,,development,Historical Study_ID,1,25.9,18.53770869314911,0.0277033492822966,0.5135566188197768,0.6436434386360146,0.8942875435725972,0.493724373694656,0.108641818805266,0.3010553933436549,0.1071203981753759,0.2454679290105481,0.2200454840668967,0.6097640898114597,0.2169639658941054,32.2,6.3,19.6,6.300000000000001,25.9,12.571,0.686,14.057,8.571,58.19106599195752,19.531,1,1,1,1,1,95.6,1,INCLUDED,,0,EXISTING_REVIEWER_FORMULA,1,MASS_BALANCE_NI_MINUS_FN_MINUS_UN,REPORTED_MEAN_BW_USED,1,INCLUDED_IN_906_MAIN,,,AIA_906_V1_20260806
V44_609ec11213ac,238,Acciaioli2011_AFST,CS,CS_CP13,growing-finishing,62.7,1.745,41.8,6.6,25.9,9.299999999999995,17.446,0.57,13.911,8.666,53.74017597144377,19.726,,,,,development,Historical Study_ID,1,32.5,23.954154727793693,0.0278309409888357,0.6666666666666666,0.8844165061340364,1.2541154482064554,0.6640392021792904,0.1482086608009519,0.4065100040705139,0.1449942073457119,0.237890921335582,0.2231926372939283,0.61217771893045,0.2183518787292372,41.8,6.6,25.9,9.299999999999995,32.5,17.446,0.57,13.911,8.666,53.74017597144377,19.726,1,1,1,1,1,95.6,1,INCLUDED,,0,EXISTING_REVIEWER_FORMULA,1,MASS_BALANCE_NI_MINUS_FN_MINUS_UN,REPORTED_MEAN_BW_USED,1,INCLUDED_IN_906_MAIN,,,AIA_906_V1_20260806
V44_503453a3c7d3,239,Acciaioli2011_AFST,CS,CS_CP16,growing-finishing,62.7,1.754,51.3,6.8,32.2,12.299999999999995,20.843,0.797,13.326,8.428,49.27196679036417,19.932,,,,,development,Historical Study_ID,1,39.0,29.247434435575823,0.0279744816586921,0.8181818181818181,1.0457053983544051,1.564085246885787,0.8581759859110635,0.1935832442291968,0.526924334863828,0.1882860557267753,0.2573333930789304,0.2255752286329516,0.6140049867562193,0.2194026153352282,51.3,6.8,32.2,12.299999999999995,39.0,20.843,0.797,13.326,8.428,49.27196679036417,19.932,1,1,1,1,1,95.6,1,INCLUDED,,0,EXISTING_REVIEWER_FORMULA,1,MASS_BALANCE_NI_MINUS_FN_MINUS_UN,REPORTED_MEAN_BW_USED,1,INCLUDED_IN_906_MAIN,,,AIA_906_V1_20260806
V44_37f02e3d6bd2,240,Acciaioli2011_AFST,CS,CS_CP7,growing-finishing,62.7,1.728,22.6,6.0,13.4,3.200000000000001,9.674,0.699,13.753,8.392,63.50911458333334,19.685,,,,,development,Historical Study_ID,1,19.4,13.078703703703704,0.0275598086124401,0.3604465709728868,0.4914401828803658,0.7034101650548971,0.3221899801587302,0.0691691468253968,0.1951351686507937,0.0691418650793651,0.2081545768029836,0.214684351112719,0.6056525052537586,0.2145996751522243,22.6,6.0,13.4,3.200000000000001,19.4,9.674,0.699,13.753,8.392,63.50911458333334,19.685,1,1,1,1,1,95.6,1,INCLUDED,,0,EXISTING_REVIEWER_FORMULA,1,MASS_BALANCE_NI_MINUS_FN_MINUS_UN,REPORTED_MEAN_BW_USED,1,INCLUDED_IN_906_MAIN,,,AIA_906_V1_20260806
V44_94a1aff246d9,241,Acciaioli2011_AFST,LW,LW_CP10,growing-finishing,62.7,1.736,32.4,6.3,16.9,9.2,12.571,0.686,14.057,8.571,58.19106599195752,19.531,,,,,development,Historical Study_ID,1,23.2,18.66359447004608,0.0276874003189792,0.5167464114832535,0.6436434386360146,0.8942875435725972,0.493724373694656,0.108641818805266,0.3010553933436549,0.1071203981753759,0.2454679290105481,0.2200454840668967,0.6097640898114597,0.2169639658941054,32.4,6.3,16.9,9.2,23.2,12.571,0.686,14.057,8.571,58.19106599195752,19.531,1,1,1,1,1,95.6,1,INCLUDED,,0,EXISTING_REVIEWER_FORMULA,1,MASS_BALANCE_NI_MINUS_FN_MINUS_UN,REPORTED_MEAN_BW_USED,1,INCLUDED_IN_906_MAIN,,,AIA_906_V1_20260806
V44_a91fbc5e5279,242,Acciaioli2011_AFST,LW,LW_CP13,growing-finishing,62.7,1.749,41.9,6.8,22.4,12.700000000000005,17.446,0.57,13.911,8.666,53.74017597144377,19.726,,,,,development,Historical Study_ID,1,29.2,23.95654659805603,0.0278947368421052,0.668261562998405,0.8844165061340364,1.2541154482064554,0.6640392021792904,0.1482086608009519,0.4065100040705139,0.1449942073457119,0.237890921335582,0.2231926372939283,0.61217771893045,0.2183518787292372,41.9,6.8,22.4,12.700000000000005,29.2,17.446,0.57,13.911,8.666,53.74017597144377,19.726,1,1,1,1,1,95.6,1,INCLUDED,,0,EXISTING_REVIEWER_FORMULA,1,MASS_BALANCE_NI_MINUS_FN_MINUS_UN,REPORTED_MEAN_BW_USED,1,INCLUDED_IN_906_MAIN,,,AIA_906_V1_20260806
V44_9c54a253b704,243,Acciaioli2011_AFST,LW,LW_CP16,growing-finishing,62.7,1.761,51.5,7.3,28.0,16.200000000000003,20.843,0.797,13.326,8.428,49.27196679036417,19.932,,,,,development,Historical Study_ID,1,35.3,29.24474730266894,0.0280861244019138,0.821371610845295,1.0457053983544051,1.564085246885787,0.8581759859110635,0.1935832442291968,0.526924334863828,0.1882860557267753,0.2573333930789304,0.2255752286329516,0.6140049867562193,0.2194026153352282,51.5,7.3,28.0,16.200000000000003,35.3,20.843,0.797,13.326,8.428,49.27196679036417,19.932,1,1,1,1,1,95.6,1,INCLUDED,,0,EXISTING_REVIEWER_FORMULA,1,MASS_BALANCE_NI_MINUS_FN_MINUS_UN,REPORTED_MEAN_BW_USED,1,INCLUDED_IN_906_MAIN,,,AIA_906_V1_20260806
V44_385340e7b59a,244,Acciaioli2011_AFST,LW,LW_CP7,growing-finishing,62.7,1.724,22.9,5.9,11.3,5.699999999999999,9.674,0.699,13.753,8.392,63.50911458333334,19.685,,,,,development,Historical Study_ID,1,17.200000000000003,13.2830626450116,0.0274960127591706,0.365231259968102,0.4914401828803658,0.7034101650548971,0.3221899801587302,0.0691691468253968,0.1951351686507937,0.0691418650793651,0.2081545768029836,0.214684351112719,0.6056525052537586,0.2145996751522243,22.9,5.9,11.3,5.699999999999999,17.200000000000003,9.674,0.699,13.753,8.392,63.50911458333334,19.685,1,1,1,1,1,95.6,1,INCLUDED,,0,EXISTING_REVIEWER_FORMULA,1,MASS_BALANCE_NI_MINUS_FN_MINUS_UN,REPORTED_MEAN_BW_USED,1,INCLUDED_IN_906_MAIN,,,AIA_906_V1_20260806
V44_89c216257b42,263,Atakora2011_BarleyCornCP,NBalance,BB_HP,finishing,74.9,2.192,65.5,8.39,31.1,26.01,19.5,2.24,24.12,8.95,44.65979647060718,16.83834131022846,,,,,confirmation,Historical Study_ID,1,39.49,29.881386861313867,0.0292656875834445,0.8744993324432576,1.1580713112255725,0.808457711442786,0.7388103062205662,0.1958036759526887,0.5337702592437606,0.1673400905874108,0.2367981750706942,0.2650256423118074,0.7224726763413715,0.2264993993430469,65.5,8.39,31.1,26.01,39.49,19.5,2.24,24.12,8.95,44.65979647060718,16.83834131022846,1,1,1,1,1,90.454,0,INCLUDED,,0,EXISTING_REVIEWER_FORMULA,1,MASS_BALANCE_NI_MINUS_FN_MINUS_UN,REPORTED_MEAN_BW_USED,1,INCLUDED_IN_906_MAIN,,,AIA_906_V1_20260806
V44_1249b563f27d,264,Atakora2011_BarleyCornCP,NBalance,BB_LP,finishing,81.2,2.303,45.8,5.89,17.5,22.41,12.04,4.24,16.45,6.98,50.53559805835553,18.50972395555263,,,,,confirmation,Historical Study_ID,1,23.39,19.887103777681286,0.0283620689655172,0.564039408866995,0.650468911849341,0.7319148936170212,0.6469101074014292,0.1609585964552394,0.4276646368855523,0.1135577472994077,0.335812971034795,0.2488113798403821,0.6610881975603021,0.175538681495575,45.8,5.89,17.5,22.41,23.39,12.04,4.24,16.45,6.98,50.53559805835553,18.50972395555263,1,1,1,1,1,97.5,1,INCLUDED,,0,EXISTING_REVIEWER_FORMULA,1,MASS_BALANCE_NI_MINUS_FN_MINUS_UN,REPORTED_MEAN_BW_USED,1,INCLUDED_IN_906_MAIN,,,AIA_906_V1_20260806
V44_144954d0b03b,265,Atakora2011_BarleyCornCP,NBalance,BB_MP,finishing,66.3,2.227,57.1,8.67,18.8,29.63,16.04,2.21,22.57,7.07,51.09271740106293,18.23063946299633,,,,,confirmation,Historical Study_ID,1,27.47,25.639874270318817,0.0335897435897435,0.861236802413273,0.8798374863677829,0.7106778910057598,0.6497115556412852,0.1836922091267157,0.491783109166983,0.1520147437783504,0.2531606747355382,0.2827288625725701,0.7569252923038716,0.2339726644207631,57.1,8.67,18.8,29.63,27.47,16.04,2.21,22.57,7.07,51.09271740106293,18.23063946299633,1,1,1,1,1,97.534,1,INCLUDED,,0,EXISTING_REVIEWER_FORMULA,1,MASS_BALANCE_NI_MINUS_FN_MINUS_UN,REPORTED_MEAN_BW_USED,1,INCLUDED_IN_906_MAIN,,,AIA_906_V1_20260806
V44_00e54b0c519b,266,Atakora2011_BarleyCornCP,NBalance,CS_HP,finishing,63.2,2.067,65.6,9.1,31.9,24.599999999999994,19.83,3.09,25.38,7.45,54.51463765660897,18.50982832380825,,,,,confirmation,Historical Study_ID,1,41.0,31.736816642477013,0.0327056962025316,1.0379746835443036,1.0713227401733207,0.7813238770685579,0.7138052402869072,0.2831423478573839,0.7496483574452253,0.2174180879405193,0.224976437306766,0.3966661098531268,1.0502141412465833,0.3045902098633097,65.6,9.1,31.9,24.599999999999994,41.0,19.83,3.09,25.38,7.45,54.51463765660897,18.50982832380825,1,1,1,1,1,97.804,1,INCLUDED,,0,EXISTING_REVIEWER_FORMULA,1,MASS_BALANCE_NI_MINUS_FN_MINUS_UN,REPORTED_MEAN_BW_USED,1,INCLUDED_IN_906_MAIN,,,AIA_906_V1_20260806
V44_53519c3681c0,267,Atakora2011_BarleyCornCP,NBalance,CS_MP,finishing,63.3,2.079,59.2,8.38,31.7,19.12,17.79,2.54,23.1,6.99,60.60462901125764,18.34728460358532,,,,,confirmation,Historical Study_ID,1,40.08,28.475228475228477,0.0328436018957346,0.9352290679304898,0.969625772116904,0.77012987012987,0.7176007551238253,0.2465170909745008,0.6341078098988939,0.1728367211885039,0.2521081910918442,0.3435295869107094,0.8836498643169289,0.240853594362063,59.2,8.38,31.7,19.12,40.08,17.79,2.54,23.1,6.99,60.60462901125764,18.34728460358532,1,1,1,1,1,97.774,1,INCLUDED,,0,EXISTING_REVIEWER_FORMULA,1,MASS_BALANCE_NI_MINUS_FN_MINUS_UN,REPORTED_MEAN_BW_USED,1,INCLUDED_IN_906_MAIN,,,AIA_906_V1_20260806
V44_be50823f1a8a,268,Atakora2011_WheatCPP,NBalance,Con,growing-finishing,58.0,2.344,71.2,5.72,44.0,21.480000000000004,19.0,2.6,17.9,4.5,49.21100799764652,18.52782906544043,,,,,confirmation,Historical Study_ID,1,49.72,30.37542662116041,0.0404137931034482,1.2275862068965515,1.0254844176774225,1.0614525139664803,0.594180140328785,0.2299595050194941,0.4614485094887408,0.1755539112411016,0.1954539935292056,0.3870198436660098,0.776613821581788,0.2954557032888379,71.2,5.72,44.0,21.480000000000004,49.72,19.0,2.6,17.9,4.5,49.21100799764652,18.52782906544043,1,1,1,1,1,98.22,1,INCLUDED,,0,EXISTING_REVIEWER_FORMULA,1,MASS_BALANCE_NI_MINUS_FN_MINUS_UN,DIRECT_INITIAL_BW_EXISTING,1,INCLUDED_IN_906_MAIN,,,AIA_906_V1_20260806
V44_1c786fed315c,269,Atakora2011_WheatCPP,NBalance,LPminus,growing-finishing,58.0,2.226,57.7,4.4,29.6,23.700000000000003,16.2,2.7,16.9,4.2,55.90131014494314,18.48655450997058,,,,,confirmation,Historical Study_ID,1,34.0,25.92093441150045,0.0383793103448275,0.9948275862068966,0.8763125649651293,0.9585798816568049,0.606500480285075,0.1796006623522395,0.3587863431329,0.1207328486815201,0.233989382826032,0.2961261667390953,0.5915681104889788,0.1990647206491439,57.7,4.4,29.6,23.700000000000003,34.0,16.2,2.7,16.9,4.2,55.90131014494314,18.48655450997058,1,1,1,1,1,98.21,1,INCLUDED,,0,EXISTING_REVIEWER_FORMULA,1,MASS_BALANCE_NI_MINUS_FN_MINUS_UN,DIRECT_INITIAL_BW_EXISTING,1,INCLUDED_IN_906_MAIN,,,AIA_906_V1_20260806
V44_a70dc8d7b2cf,270,Atakora2011_WheatCPP,NBalance,LPplus,growing-finishing,58.0,2.278,59.0,4.0,30.8,24.2,16.2,2.8,19.0,5.0,55.77745380759426,18.44882666491588,,,,,confirmation,Historical Study_ID,1,34.8,25.89991220368745,0.0392758620689655,1.0172413793103448,0.87810462390042,0.8526315789473684,0.6058065538868845,0.1792371287787091,0.3581668824285643,0.1204902649017399,0.2337216643082116,0.2958652850959021,0.5912231885418671,0.1988923099769529,59.0,4.0,30.8,24.2,34.8,16.2,2.8,19.0,5.0,55.77745380759426,18.44882666491588,1,1,1,1,1,98.03,1,INCLUDED,,0,EXISTING_REVIEWER_FORMULA,1,MASS_BALANCE_NI_MINUS_FN_MINUS_UN,DIRECT_INITIAL_BW_EXISTING,1,INCLUDED_IN_906_MAIN,,,AIA_906_V1_20260806
V44_e9bfc4648162,271,Atakora2011_WheatCPP,NBalance,PX,growing-finishing,58.0,2.257,56.4,3.69,30.3,22.41,15.9,2.7,16.8,4.3,55.90131014494314,18.48655450997058,,,,,confirmation,Historical Study_ID,1,33.99,24.988923349579085,0.0389137931034482,0.9724137931034482,0.8600845545028122,0.9464285714285714,0.606500480285075,0.1796006623522395,0.3587863431329,0.1207328486815201,0.2384042768416175,0.2961261667390953,0.5915681104889788,0.1990647206491439,56.4,3.69,30.3,22.41,33.99,15.9,2.7,16.8,4.3,55.90131014494314,18.48655450997058,1,1,1,1,1,98.21,1,INCLUDED,,0,EXISTING_REVIEWER_FORMULA,1,MASS_BALANCE_NI_MINUS_FN_MINUS_UN,DIRECT_INITIAL_BW_EXISTING,1,INCLUDED_IN_906_MAIN,,,AIA_906_V1_20260806
V44_904830a93bf0,272,Atakora2011_WheatCPP,NBalance,Phy,growing-finishing,58.0,2.284,58.1,4.05,30.0,24.050000000000004,15.9,2.7,19.1,4.8,55.90131014494314,18.48655450997058,,,,,confirmation,Historical Study_ID,1,34.05,25.43782837127846,0.0393793103448275,1.0017241379310344,0.8600845545028122,0.8324607329842931,0.606500480285075,0.1796006623522395,0.3587863431329,0.1207328486815201,0.2384042768416175,0.2961261667390953,0.5915681104889788,0.1990647206491439,58.1,4.05,30.0,24.050000000000004,34.05,15.9,2.7,19.1,4.8,55.90131014494314,18.48655450997058,1,1,1,1,1,98.21,1,INCLUDED,,0,EXISTING_REVIEWER_FORMULA,1,MASS_BALANCE_NI_MINUS_FN_MINUS_UN,DIRECT_INITIAL_BW_EXISTING,1,INCLUDED_IN_906_MAIN,,,AIA_906_V1_20260806
V44_823e9fba0f84,273,Atakora2011_WheatCPP,NBalance,Xyl,growing-finishing,58.0,2.294,58.3,3.99,31.0,23.309999999999995,15.6,2.7,19.9,4.9,55.90131014494314,18.48655450997058,,,,,confirmation,Historical Study_ID,1,34.99,25.414123801220573,0.039551724137931,1.0051724137931033,0.8438565440404949,0.7839195979899498,0.606500480285075,0.1796006623522395,0.3587863431329,0.1207328486815201,0.2429889744731871,0.2961261667390953,0.5915681104889788,0.1990647206491439,58.3,3.99,31.0,23.309999999999995,34.99,15.6,2.7,19.9,4.9,55.90131014494314,18.48655450997058,1,1,1,1,1,98.21,1,INCLUDED,,0,EXISTING_REVIEWER_FORMULA,1,MASS_BALANCE_NI_MINUS_FN_MINUS_UN,DIRECT_INITIAL_BW_EXISTING,1,INCLUDED_IN_906_MAIN,,,AIA_906_V1_20260806
V44_08ce94e7e7c9,274,Hernandez2011_Animal_LowCP,PhaseSpecific_NBalance,Finishing_C,finishing,88.0,2.0,55.7,6.31,26.5,22.89,17.3858590459,4.526084209094303,11.40972972948744,4.502068421135792,49.60511299997545,18.71174203080024,,,,,development,Historical Study_ID,1,32.81,27.85,0.0227272727272727,0.6329545454545454,0.9291416596745622,1.5237748358725605,0.8823213659977298,0.2379159105861507,0.521103978220847,0.1616162912439517,0.3171835526175087,0.2696476813945395,0.5906056435928899,0.1831716849123287,55.7,6.31,26.5,22.89,32.81,17.3858590459,4.526084209094303,11.40972972948744,4.502068421135792,49.60511299997545,18.71174203080024,1,1,1,1,1,98.01,1,INCLUDED,,0,EXISTING_REVIEWER_FORMULA,1,MASS_BALANCE_NI_MINUS_FN_MINUS_UN,DIRECT_INITIAL_BW_EXISTING,1,INCLUDED_IN_906_MAIN,,,AIA_906_V1_20260806
V44_4ae274573a61,275,Hernandez2011_Animal_LowCP,PhaseSpecific_NBalance,Finishing_L,finishing,88.0,2.02,51.3,6.38,21.6,23.319999999999997,15.8567191421,4.232704208174126,11.74270590516778,4.519640419046392,53.36683024578817,18.54278601044644,,,,,development,Historical Study_ID,1,27.98,25.396039603960396,0.0229545454545454,0.5829545454545454,0.8551422172033267,1.350346271988444,0.9625401527428878,0.2704718191940189,0.5197374583700988,0.1479357132145782,0.3793897022916136,0.2809979598495429,0.5399644439653108,0.1536930306678796,51.3,6.38,21.6,23.319999999999997,27.98,15.8567191421,4.232704208174126,11.74270590516778,4.519640419046392,53.36683024578817,18.54278601044644,1,1,1,1,1,97.73,1,INCLUDED,,0,EXISTING_REVIEWER_FORMULA,1,MASS_BALANCE_NI_MINUS_FN_MINUS_UN,DIRECT_INITIAL_BW_EXISTING,1,INCLUDED_IN_906_MAIN,,,AIA_906_V1_20260806
V44_c12af4c45317,276,Hernandez2011_Animal_LowCP,PhaseSpecific_NBalance,Finishing_M,finishing,88.0,1.93,53.7,7.45,24.8,21.45,17.3498679527,4.626800148524749,11.43531156874506,4.419718161406974,50.99454838003295,18.62346563348998,,,,,development,Historical Study_ID,1,32.25,27.823834196891195,0.0219318181818181,0.6102272727272727,0.9316132826266388,1.5172186475548752,0.9211147006459034,0.2452829693300873,0.5214998849101207,0.1521132966053806,0.3318161783554665,0.2662892788032697,0.5661617218186127,0.1651404504767059,53.7,7.45,24.8,21.45,32.25,17.3498679527,4.626800148524749,11.43531156874506,4.419718161406974,50.99454838003295,18.62346563348998,1,1,1,1,1,97.566,1,INCLUDED,REPORTED_RN_DIFF_GT2_USE_RECOMPUTED,0,EXISTING_REVIEWER_FORMULA,1,MASS_BALANCE_NI_MINUS_FN_MINUS_UN,DIRECT_INITIAL_BW_EXISTING,1,INCLUDED_IN_906_MAIN,,,AIA_906_V1_20260806
V44_17f7219bd99e,277,Hernandez2011_Animal_LowCP,PhaseSpecific_NBalance,Growing_C,growing,50.0,1.3,40.7,5.72,20.2,14.780000000000005,19.5429740791,5.524923909963459,12.04385315283679,4.730689568151615,45.74908292171911,18.83766941066227,,,,,development,Historical Study_ID,1,25.92,31.30769230769231,0.026,0.8140000000000001,1.037441185162668,1.622651308605243,1.015982166165942,0.24443186645043,0.5637950073695234,0.1740486411963774,0.324919252967129,0.2405867687351773,0.5549260864461255,0.1713107247277702,40.7,5.72,20.2,14.780000000000005,25.92,19.5429740791,5.524923909963459,12.04385315283679,4.730689568151615,45.74908292171911,18.83766941066227,1,1,1,1,1,97.66,1,INCLUDED,,0,EXISTING_REVIEWER_FORMULA,1,MASS_BALANCE_NI_MINUS_FN_MINUS_UN,DIRECT_INITIAL_BW_EXISTING,1,INCLUDED_IN_906_MAIN,,,AIA_906_V1_20260806
V44_ea9f1f5bb58b,278,Hernandez2011_Animal_LowCP,PhaseSpecific_NBalance,Growing_L,growing,50.0,1.35,35.0,5.01,14.4,15.590000000000002,16.1956645103,5.178760695351387,12.40530524907445,4.661260545013159,49.44655986535049,18.70037887464001,,,,,development,Historical Study_ID,1,19.41,25.925925925925924,0.027,0.7,0.86606076908224,1.3055434094625236,1.105536954028189,0.3250023981596593,0.5417254432411559,0.1634289979061985,0.4266330633288842,0.2939769647459224,0.4900111581682533,0.1478277115122389,35.0,5.01,14.4,15.590000000000002,19.41,16.1956645103,5.178760695351387,12.40530524907445,4.661260545013159,49.44655986535049,18.70037887464001,1,1,1,1,1,97.57999999999998,1,INCLUDED,,0,EXISTING_REVIEWER_FORMULA,1,MASS_BALANCE_NI_MINUS_FN_MINUS_UN,DIRECT_INITIAL_BW_EXISTING,1,INCLUDED_IN_906_MAIN,,,AIA_906_V1_20260806
V44_cdd89011e89b,279,Hernandez2011_Animal_LowCP,PhaseSpecific_NBalance,Growing_M,growing,50.0,1.4,39.4,6.17,14.3,18.93,17.5862851953,5.41871981991997,12.34583674761444,4.741489578419118,47.33975063937977,18.78162127554383,,,,,development,Historical Study_ID,1,20.47,28.142857142857142,0.0279999999999999,0.7879999999999999,0.9363560758303482,1.4244709009859668,1.059519429038908,0.2730327580318442,0.5627352731913638,0.1690426647526993,0.3765432186476157,0.2576949044525901,0.531123127871116,0.1595465454616893,39.4,6.17,14.3,18.93,20.47,17.5862851953,5.41871981991997,12.34583674761444,4.741489578419118,47.33975063937977,18.78162127554383,1,1,1,1,1,97.62,1,INCLUDED,,0,EXISTING_REVIEWER_FORMULA,1,MASS_BALANCE_NI_MINUS_FN_MINUS_UN,DIRECT_INITIAL_BW_EXISTING,1,INCLUDED_IN_906_MAIN,,,AIA_906_V1_20260806
V44_b0f9b92f7870,288,Liao2011_Boron_PDiet,GrowingPig_NBalance,B_0mgkg,growing,74.0,1.5459799,46.34,4.99,29.85,11.5,18.7340728039,7.283556953101396,8.471897765294361,3.184831529827782,51.21589472152904,19.42479997314325,,,,,development,Historical Study_ID,1,34.84,29.974516486275142,0.0208916202702702,0.6262162162162163,0.9644409636033188,2.211319508675524,0.7504534315096852,0.2530452200575182,0.5485236619182435,0.1711810257041505,0.276780050617457,0.3371897701213356,0.7309229845411992,0.2281034618760901,46.34,4.99,29.85,11.5,34.84,18.7340728039,7.283556953101396,8.471897765294361,3.184831529827782,51.21589472152904,19.42479997314325,1,1,1,1,1,98.3,1,INCLUDED,,0,EXISTING_REVIEWER_FORMULA,1,MASS_BALANCE_NI_MINUS_FN_MINUS_UN,DIRECT_INITIAL_BW_EXISTING,1,INCLUDED_IN_906_MAIN,,,AIA_906_V1_20260806
V44_67fb5d211683,289,Liao2011_Boron_PDiet,GrowingPig_NBalance,B_100mgkg,growing,74.0,1.5549162,46.51,5.16,30.21,11.139999999999992,18.6947373756,7.283556953101396,8.471897765294361,3.184831529827782,51.21589472152904,19.42479997314325,,,,,development,Historical Study_ID,1,35.370000000000005,29.91157980089216,0.021012381081081,0.6285135135135135,0.962415952877114,2.206676460637204,0.7504534315096852,0.2530452200575182,0.5485236619182435,0.1711810257041505,0.276780050617457,0.3371897701213356,0.7309229845411992,0.2281034618760901,46.51,5.16,30.21,11.139999999999992,35.370000000000005,18.6947373756,7.283556953101396,8.471897765294361,3.184831529827782,51.21589472152904,19.42479997314325,1,1,1,1,1,98.3,1,INCLUDED,,0,EXISTING_REVIEWER_FORMULA,1,MASS_BALANCE_NI_MINUS_FN_MINUS_UN,DIRECT_INITIAL_BW_EXISTING,1,INCLUDED_IN_906_MAIN,,,AIA_906_V1_20260806
V44_b2a1bb45e828,290,Liao2011_Boron_PDiet,GrowingPig_NBalance,B_50mgkg,growing,74.0,1.5459799,46.38,4.93,31.84,9.610000000000005,18.7502437774,7.283556953101396,8.471897765294361,3.184831529827782,51.21589472152904,19.42479997314325,,,,,development,Historical Study_ID,1,36.77,30.000390043880905,0.0208916202702702,0.6267567567567568,0.9652734547240696,2.213228286844006,0.7504534315096852,0.2530452200575182,0.5485236619182435,0.1711810257041505,0.276780050617457,0.3371897701213356,0.7309229845411992,0.2281034618760901,46.38,4.93,31.84,9.610000000000005,36.77,18.7502437774,7.283556953101396,8.471897765294361,3.184831529827782,51.21589472152904,19.42479997314325,1,1,1,1,1,98.3,1,INCLUDED,,0,EXISTING_REVIEWER_FORMULA,1,MASS_BALANCE_NI_MINUS_FN_MINUS_UN,DIRECT_INITIAL_BW_EXISTING,1,INCLUDED_IN_906_MAIN,,,AIA_906_V1_20260806
V44_b3c67d1dbcaa,291,Murphy2011_AFST,NBalance,BA0,finishing,64.0,2.29,69.4,12.2,25.4,31.800000000000004,18.916,3.985455064356223,14.302,4.250133249795569,48.0932352805102,18.454,,,,,development,Historical Study_ID,1,37.6,30.3056768558952,0.03578125,1.084375,1.0250352227159425,1.322612222066844,0.8729496950667196,0.2315437411057643,0.5002491082770949,0.1792030876271392,0.2884296676975575,0.2652429371523721,0.5730560547808666,0.205284552637873,69.4,12.2,25.4,31.800000000000004,37.6,18.916,3.985455064356223,14.302,4.250133249795569,48.0932352805102,18.454,1,1,1,1,1,97.23,1,INCLUDED,,0,EXISTING_REVIEWER_FORMULA,1,MASS_BALANCE_NI_MINUS_FN_MINUS_UN,REPORTED_MEAN_BW_USED,1,INCLUDED_IN_906_MAIN,,,AIA_906_V1_20260806
V44_0eb428af2b79,292,Murphy2011_AFST,NBalance,BA10,finishing,64.0,2.2,66.9,12.1,21.6,33.2,19.048,3.962663736131594,14.866,4.209231964878116,47.42040874951775,18.699,,,,,development,Historical Study_ID,1,33.7,30.40909090909091,0.034375,1.0453125,1.018664099684475,1.28131306336607,0.8687897903364713,0.2294747249700627,0.4966568852264623,0.1777924898358199,0.285065948635182,0.2641314706071649,0.5716651953680456,0.2046438526481338,66.9,12.1,21.6,33.2,33.7,19.048,3.962663736131594,14.866,4.209231964878116,47.42040874951775,18.699,1,1,1,1,1,97.23,1,INCLUDED,,0,EXISTING_REVIEWER_FORMULA,1,MASS_BALANCE_NI_MINUS_FN_MINUS_UN,REPORTED_MEAN_BW_USED,1,INCLUDED_IN_906_MAIN,,,AIA_906_V1_20260806
V44_0ed97667dc8e,293,Murphy2011_AFST,NBalance,BA20,finishing,64.0,2.29,68.2,11.1,23.6,33.5,18.561,3.939929686592135,16.473,4.168433472206854,46.74927315196559,18.91,,,,,development,Historical Study_ID,1,34.7,29.78165938864629,0.03578125,1.065625,0.981544156530936,1.1267528683299946,0.8646403401910128,0.2274109086420549,0.4930736900750006,0.1763854371291046,0.2911482207959608,0.263012142819772,0.5702644986076787,0.2039986210799952,68.2,11.1,23.6,33.5,34.7,18.561,3.939929686592135,16.473,4.168433472206854,46.74927315196559,18.91,1,1,1,1,1,97.23,1,INCLUDED,,0,EXISTING_REVIEWER_FORMULA,1,MASS_BALANCE_NI_MINUS_FN_MINUS_UN,REPORTED_MEAN_BW_USED,1,INCLUDED_IN_906_MAIN,,,AIA_906_V1_20260806
V44_580dee3b2d6e,294,Murphy2011_AFST,NBalance,BA30,finishing,64.0,2.25,64.8,11.2,19.2,34.39999999999999,17.981,3.917252700081465,15.313,4.127737384765149,46.07982212142635,18.794,,,,,development,Historical Study_ID,1,30.4,28.8,0.03515625,1.0125,0.9567415132489092,1.1742310455168812,0.860501305268442,0.2253522725442711,0.4894994888323331,0.1749819161596176,0.2991008930497615,0.2618848700920566,0.5688538597621636,0.2033488096860355,64.8,11.2,19.2,34.39999999999999,30.4,17.981,3.917252700081465,15.313,4.127737384765149,46.07982212142635,18.794,1,1,1,1,1,97.23,1,INCLUDED,,0,EXISTING_REVIEWER_FORMULA,1,MASS_BALANCE_NI_MINUS_FN_MINUS_UN,REPORTED_MEAN_BW_USED,1,INCLUDED_IN_906_MAIN,,,AIA_906_V1_20260806
V44_5778c44e2026,295,OShea2011_BetaGlucan,NBalance,OE,finishing,74.2,1.9,62.3,7.0,25.9,29.4,20.4,3.872,16.6,3.319,71.35,19.5,,,,,development,Historical Study_ID,1,32.9,32.78947368421053,0.0256064690026954,0.8396226415094339,1.046153846153846,1.228915662650602,1.342105580856534,0.4468573487142735,0.8834676404332756,0.235743476328815,0.4111843078604578,0.332952455520741,0.6582698507739198,0.1756519603907489,62.3,7.0,25.9,29.4,32.9,20.4,3.872,16.6,3.319,71.35,19.5,1,1,1,1,1,104.15,1,INCLUDED,,0,EXISTING_REVIEWER_FORMULA,1,MASS_BALANCE_NI_MINUS_FN_MINUS_UN,DIRECT_INITIAL_BW_EXISTING,1,INCLUDED_IN_906_MAIN,,,AIA_906_V1_20260806
V44_c59ad41ec29e,296,OShea2011_BetaGlucan,NBalance,Oat,finishing,74.2,2.0,63.6,8.1,24.1,31.4,20.4,3.872,18.0,3.319,71.35,19.7,,,,,development,Historical Study_ID,1,32.2,31.8,0.0269541778975741,0.8571428571428571,1.035532994923858,1.1333333333333333,1.342177404888274,0.4468812627020066,0.8835149200279311,0.2357560923607933,0.4112063127721428,0.332952455520741,0.6582698507739199,0.1756519603907489,63.6,8.1,24.1,31.4,32.2,20.4,3.872,18.0,3.319,71.35,19.7,1,1,1,1,1,104.145,1,INCLUDED,,0,EXISTING_REVIEWER_FORMULA,1,MASS_BALANCE_NI_MINUS_FN_MINUS_UN,DIRECT_INITIAL_BW_EXISTING,1,INCLUDED_IN_906_MAIN,,,AIA_906_V1_20260806
V44_d03fbe92f9a2,297,OShea2011_BetaGlucan,NBalance,WG,finishing,74.2,1.9,63.1,7.1,30.6,25.4,20.9,3.872,10.5,3.319,71.35,17.4,,,,,development,Historical Study_ID,1,37.7,33.21052631578947,0.0256064690026954,0.8504043126684636,1.2011494252873562,1.9904761904761905,1.338694312195024,0.464988634717274,0.905208602493769,0.2399911151718256,0.4003272464698039,0.3473448945598667,0.6761876809721562,0.17927252919923,63.1,7.1,30.6,25.4,37.7,20.9,3.872,10.5,3.319,71.35,17.4,1,1,1,1,1,104.145,1,INCLUDED,,0,EXISTING_REVIEWER_FORMULA,1,MASS_BALANCE_NI_MINUS_FN_MINUS_UN,DIRECT_INITIAL_BW_EXISTING,1,INCLUDED_IN_906_MAIN,,,AIA_906_V1_20260806
V44_f01b88cef240,298,OShea2011_BetaGlucan,NBalance,WGE,finishing,74.2,1.9,63.2,5.5,33.0,24.700000000000003,21.0,3.872,11.7,3.319,71.35,17.8,,,,,development,Historical Study_ID,1,38.5,33.26315789473684,0.0256064690026954,0.8517520215633423,1.1797752808988764,1.794871794871795,1.338622905887933,0.4649638321010665,0.90516031842857,0.2399783139825526,0.3983996743714086,0.3473448945598667,0.676187680972156,0.17927252919923,63.2,5.5,33.0,24.700000000000003,38.5,21.0,3.872,11.7,3.319,71.35,17.8,1,1,1,1,1,104.15,1,INCLUDED,,0,EXISTING_REVIEWER_FORMULA,1,MASS_BALANCE_NI_MINUS_FN_MINUS_UN,DIRECT_INITIAL_BW_EXISTING,1,INCLUDED_IN_906_MAIN,,,AIA_906_V1_20260806
V44_786cc7020ce8,299,Osada2011_LowCP_GHG,GrowingPig_NBalance,CONT,growing,38.0,2.137,62.7,10.3,20.7,31.700000000000006,18.3376228358,2.752926514768085,8.22580293285541,3.192550026540916,52.72725477147318,18.24303354255581,,,,,development,Historical Study_ID,1,31.0,29.340196537201685,0.0562368421052631,1.65,1.00518495419216,2.229280592482477,0.8158830606109236,0.2686550320567134,0.5874222766382704,0.1870420289155707,0.2818186524677267,0.3292812965813357,0.7199834204161752,0.2292510262138741,62.7,10.3,20.7,31.700000000000006,31.0,18.3376228358,2.752926514768085,8.22580293285541,3.192550026540916,52.72725477147318,18.24303354255581,1,1,1,1,1,97.4,1,INCLUDED,,0,EXISTING_REVIEWER_FORMULA,1,MASS_BALANCE_NI_MINUS_FN_MINUS_UN,DIRECT_INITIAL_BW_EXISTING,1,INCLUDED_IN_906_MAIN,,,AIA_906_V1_20260806
V44_e4ffc1edcb87,300,Osada2011_LowCP_GHG,GrowingPig_NBalance,LOW,growing,38.0,2.11,52.5,9.8,12.3,30.4,15.5509478673,2.890252718328482,8.294328891065774,2.970272849518233,57.66061195671344,18.22264309490081,,,,,development,Historical Study_ID,1,22.1,24.881516587677726,0.0555263157894736,1.381578947368421,0.853385965269307,1.8748892251006208,0.8138785961191288,0.3008442742380311,0.5476023550795868,0.1683780518355668,0.3301574143491971,0.3696426907803778,0.6728305151293513,0.2068834991342136,52.5,9.8,12.3,30.4,22.1,15.5509478673,2.890252718328482,8.294328891065774,2.970272849518233,57.66061195671344,18.22264309490081,1,1,1,1,1,97.4,1,INCLUDED,,0,EXISTING_REVIEWER_FORMULA,1,MASS_BALANCE_NI_MINUS_FN_MINUS_UN,DIRECT_INITIAL_BW_EXISTING,1,INCLUDED_IN_906_MAIN,,,AIA_906_V1_20260806
V44_af2b460209d8,308,Susenbeth2011_AAN,Balance,Enzyme_0,growing,26.0,1.334,41.1,6.6,11.2,23.3,19.25,6.35,14.49,3.671491486486635,48.77583816340263,18.48836411252088,,,,,confirmation,Historical Study_ID,1,17.799999999999997,30.8095952023988,0.0513076923076923,1.580769230769231,1.0411954179852676,1.328502415458937,0.6526146689470688,0.2139922601420442,0.4682064520107883,0.1736202447724572,0.211887879528269,0.3278998623909269,0.7174317009548599,0.2660379133870478,41.1,6.6,11.2,23.3,17.799999999999997,19.25,6.35,14.49,3.671491486486635,48.77583816340263,18.48836411252088,1,1,1,1,1,99.3,1,INCLUDED,,0,EXISTING_REVIEWER_FORMULA,1,MASS_BALANCE_NI_MINUS_FN_MINUS_UN,DIRECT_INITIAL_BW_EXISTING,1,INCLUDED_IN_906_MAIN,,,AIA_906_V1_20260806
V44_d5fcda9842a5,309,Susenbeth2011_AAN,Balance,Enzyme_40,growing,26.0,1.346,41.1,6.6,11.6,22.9,19.08,5.52,13.32,3.671491486486635,48.77583816340263,18.48836411252088,,,,,confirmation,Historical Study_ID,1,18.2,30.53491827637444,0.0517692307692307,1.580769230769231,1.0320004454628002,1.4324324324324322,0.6526146689470688,0.2139922601420442,0.4682064520107883,0.1736202447724572,0.2137757694402086,0.3278998623909269,0.7174317009548599,0.2660379133870478,41.1,6.6,11.6,22.9,18.2,19.08,5.52,13.32,3.671491486486635,48.77583816340263,18.48836411252088,1,1,1,1,1,99.304,1,INCLUDED,,0,EXISTING_REVIEWER_FORMULA,1,MASS_BALANCE_NI_MINUS_FN_MINUS_UN,DIRECT_INITIAL_BW_EXISTING,1,INCLUDED_IN_906_MAIN,,,AIA_906_V1_20260806
V44_1b6b0872d542,310,Susenbeth2011_AAN,Balance,Enzyme_80,growing,26.0,1.331,41.1,6.5,11.0,23.6,19.3,5.72,14.3,3.671491486486636,48.77583816340264,18.48836411252088,,,,,confirmation,Historical Study_ID,1,17.5,30.87903831705485,0.0511923076923076,1.580769230769231,1.0438998216683464,1.3496503496503496,0.6526146689470689,0.2139922601420443,0.4682064520107884,0.1736202447724572,0.2113389471978849,0.327899862390927,0.7174317009548599,0.2660379133870478,41.1,6.5,11.0,23.6,17.5,19.3,5.72,14.3,3.671491486486636,48.77583816340264,18.48836411252088,1,1,1,1,1,99.308,1,INCLUDED,,0,EXISTING_REVIEWER_FORMULA,1,MASS_BALANCE_NI_MINUS_FN_MINUS_UN,DIRECT_INITIAL_BW_EXISTING,1,INCLUDED_IN_906_MAIN,,,AIA_906_V1_20260806
V44_33ab25cfc887,311,Varley2011_AAN,Exp2_MainEffect,CP130_MainEffect,finishing,78.9,1.67,41.78,5.39,10.21,26.18,13.0,1.6720821297484365,13.5077470890917,3.756660753163959,54.15646924410931,17.596203326602804,,,,,development,Historical Study_ID,1,15.6,25.01796407185629,0.0211660329531051,0.529531051964512,0.7387957367113371,0.9624106754632876,0.0,0.0,0.0,0.0,0.0,,,,41.78,5.39,10.21,26.18,15.6,13.0,1.6720821297484365,13.5077470890917,3.756660753163959,54.15646924410931,17.596203326602804,1,1,1,1,1,100.0,1,INCLUDED,,0,STRUCTURED_FROM_REPORTED_TREATMENT,0,MASS_BALANCE_NI_MINUS_FN_MINUS_UN,DIRECT_INITIAL_BW_EXISTING,1,INCLUDED_IN_906_MAIN,,,AIA_906_V1_20260806
V44_506378961d7f,312,Varley2011_AAN,Exp2_MainEffect,CP200_MainEffect,finishing,77.9,1.69,61.17,6.15,21.48,33.540000000000006,20.0,2.468121945119132,13.167588279370216,4.355981398329935,43.98037665521244,18.15029775015161,,,,,development,Historical Study_ID,1,27.630000000000003,36.19526627218935,0.0216944801026957,0.7852374839537869,1.1019102978535402,1.5188810263253891,0.0,0.0,0.0,0.0,0.0,,,,61.17,6.15,21.48,33.540000000000006,27.630000000000003,20.0,2.468121945119132,13.167588279370216,4.355981398329935,43.98037665521244,18.15029775015161,1,1,1,1,1,100.0,1,INCLUDED,,0,STRUCTURED_FROM_REPORTED_TREATMENT,0,MASS_BALANCE_NI_MINUS_FN_MINUS_UN,DIRECT_INITIAL_BW_EXISTING,1,INCLUDED_IN_906_MAIN,,,AIA_906_V1_20260806
V44_1abb55bb6d13,313,Varley2011_AAN,Exp2_MainEffect,P4p0_MainEffect,finishing,78.6,1.68,52.02,5.2,16.46,30.36,19.3526785714,1.971298656359872,13.360753555664514,4.082990880434544,49.50930256610384,17.98300300339755,,,,,development,Historical Study_ID,1,21.66,30.96428571428572,0.0213740458015267,0.6618320610687024,1.0761650080213898,1.4484720858573958,0.0,0.0,0.0,0.0,0.0,,,,52.02,5.2,16.46,30.36,21.66,19.3526785714,1.971298656359872,13.360753555664514,4.082990880434544,49.50930256610384,17.98300300339755,1,1,1,1,1,100.0,1,INCLUDED,,0,STRUCTURED_FROM_REPORTED_TREATMENT,0,MASS_BALANCE_NI_MINUS_FN_MINUS_UN,DIRECT_INITIAL_BW_EXISTING,1,INCLUDED_IN_906_MAIN,,,AIA_906_V1_20260806
V44_dbae9ab0792c,314,Varley2011_AAN,Exp2_MainEffect,P6p0_MainEffect,finishing,78.4,1.68,50.92,6.34,15.24,29.34,18.943452381,2.168905418507696,13.3145818127974,4.02965127105935,48.62754333321792,17.763498073356867,,,,,development,Historical Study_ID,1,21.58,30.30952380952381,0.0214285714285714,0.6494897959183673,1.0664257852124814,1.4227598468614593,0.0,0.0,0.0,0.0,0.0,,,,50.92,6.34,15.24,29.34,21.58,18.943452381,2.168905418507696,13.3145818127974,4.02965127105935,48.62754333321792,17.763498073356867,1,1,1,1,1,100.0,1,INCLUDED,,0,STRUCTURED_FROM_REPORTED_TREATMENT,0,MASS_BALANCE_NI_MINUS_FN_MINUS_UN,DIRECT_INITIAL_BW_EXISTING,1,INCLUDED_IN_906_MAIN,,,AIA_906_V1_20260806
V44_253c6d3c5a89,319,Varley2011_P_PHY,Exp2_mainEffectP,P4p5_avgPHY,weaner,19.0,0.835,30.032,5.446,8.459,16.127,19.74,4.756655958047875,12.445,4.803440598871229,40.89086598331179,17.0,,,,,development,Historical Study_ID,1,13.905,35.966467065868265,0.0439473684210526,1.5806315789473684,1.1611764705882353,1.586179188429088,1.338929085185742,0.4387225067729603,0.7972913989026115,0.2386991279759811,0.4239263820876843,0.32766672382212,0.5954694746152354,0.1782761541421499,30.032,5.446,8.459,16.127,13.905,19.74,4.756655958047875,12.445,4.803440598871229,40.89086598331179,17.0,1,1,1,1,1,98.045,1,INCLUDED,,0,EXISTING_REVIEWER_FORMULA,1,MASS_BALANCE_NI_MINUS_FN_MINUS_UN,DIRECT_INITIAL_BW_EXISTING,1,INCLUDED_IN_906_MAIN,,,AIA_906_V1_20260806
V44_496d7f7f5dcb,320,Varley2011_P_PHY,Exp2_mainEffectP,P5p5_avgPHY,weaner,19.0,0.84,30.597,5.191,8.348,17.058,19.79,4.743512909650896,11.54,4.769816356995205,40.59853966637737,16.8,,,,,development,Historical Study_ID,1,13.539,36.425,0.0442105263157894,1.6103684210526317,1.1779761904761905,1.7149046793760832,1.336582128075009,0.4377282496191226,0.7953478108064778,0.2380165448908052,0.4221141132121681,0.3274982063762544,0.5950609349774598,0.1780785032892851,30.597,5.191,8.348,17.058,13.539,19.79,4.743512909650896,11.54,4.769816356995205,40.59853966637737,16.8,1,1,1,1,1,97.545,1,INCLUDED,,0,EXISTING_REVIEWER_FORMULA,1,MASS_BALANCE_NI_MINUS_FN_MINUS_UN,DIRECT_INITIAL_BW_EXISTING,1,INCLUDED_IN_906_MAIN,,,AIA_906_V1_20260806
V44_69e30aedbe92,321,Varley2011_P_PHY,Exp2_mainEffectP,P6p4_avgPHY,weaner,19.0,0.847,29.445,5.763,5.989,17.693,19.26,4.730384586393957,12.055,4.736229786871993,40.30654086447785,16.6,,,,,development,Historical Study_ID,1,11.752,34.76387249114522,0.044578947368421,1.549736842105263,1.1602409638554216,1.5976773123185402,1.334237800435848,0.4367351064059314,0.7934064002574421,0.2373347265545075,0.4329691720002102,0.3273292858763749,0.5946514182091562,0.177880379702163,29.445,5.763,5.989,17.693,11.752,19.26,4.730384586393957,12.055,4.736229786871993,40.30654086447785,16.6,1,1,1,1,1,97.045,1,INCLUDED,,0,EXISTING_REVIEWER_FORMULA,1,MASS_BALANCE_NI_MINUS_FN_MINUS_UN,DIRECT_INITIAL_BW_EXISTING,1,INCLUDED_IN_906_MAIN,,,AIA_906_V1_20260806
V44_2827901fd5f0,328,Blank2012_AAN,Exp1,B1150,growing,30.0,1.427,32.3,3.7,15.2,13.4,14.106,2.137,11.541,2.921,53.52852941472995,18.43059126405029,,,,,development,Historical Study_ID,1,18.9,22.634898388227047,0.0475666666666666,1.0766666666666669,0.7653579745710274,1.2222511047569533,0.8546152402492775,0.231387160984648,0.380819548972837,0.1278795473718675,0.3786576812390461,0.2707500990938988,0.445603507915162,0.1496340591054368,32.3,3.7,15.2,13.4,18.9,14.106,2.137,11.541,2.921,53.52852941472995,18.43059126405029,1,1,1,1,1,99.76,1,INCLUDED,,0,EXISTING_REVIEWER_FORMULA,1,MASS_BALANCE_NI_MINUS_FN_MINUS_UN,DIRECT_INITIAL_BW_EXISTING,1,INCLUDED_IN_906_MAIN,,,AIA_906_V1_20260806
V44_1a047f88589e,329,Blank2012_AAN,Exp1,B1350,growing,30.0,1.474,37.9,4.1,15.4,18.4,16.044,2.431,13.127,3.322,47.55790966672929,18.60788700340703,,,,,development,Historical Study_ID,1,19.5,25.7123473541384,0.0491333333333333,1.2633333333333332,0.8622150380138491,1.2222137579035577,0.977751647899503,0.2647019062279256,0.4356544515169373,0.1462944046403779,0.3808867987641419,0.2707250934289734,0.4455675962836276,0.1496232759665106,37.9,4.1,15.4,18.4,19.5,16.044,2.431,13.127,3.322,47.55790966672929,18.60788700340703,1,1,1,1,1,99.88,1,INCLUDED,,0,EXISTING_REVIEWER_FORMULA,1,MASS_BALANCE_NI_MINUS_FN_MINUS_UN,DIRECT_INITIAL_BW_EXISTING,1,INCLUDED_IN_906_MAIN,,,AIA_906_V1_20260806
V44_581e1615943f,330,Blank2012_AAN,Exp1,WBF150,growing,30.0,1.611,40.9,6.1,16.5,18.3,15.852,2.891,19.333,5.102,44.86539931673349,18.55826455272628,,,,,development,Historical Study_ID,1,22.6,25.387957790192427,0.0537,1.3633333333333333,0.8541746969369117,0.8199451714684737,0.9193490869592752,0.2574032519353637,0.428262730004092,0.1466564550999135,0.3624736180605267,0.2799842362238251,0.465832550528288,0.1595220544406871,40.9,6.1,16.5,18.3,22.6,15.852,2.891,19.333,5.102,44.86539931673349,18.55826455272628,1,1,1,1,1,99.757,1,INCLUDED,,0,EXISTING_REVIEWER_FORMULA,1,MASS_BALANCE_NI_MINUS_FN_MINUS_UN,DIRECT_INITIAL_BW_EXISTING,1,INCLUDED_IN_906_MAIN,,,AIA_906_V1_20260806
V44_9927b792a8f5,331,Blank2012_AAN,Exp1,WBF300,growing,30.0,1.75,44.0,7.9,17.7,18.4,15.69,3.278,24.56,6.6,42.65210738259153,18.51770831259741,,,,,development,Historical Study_ID,1,25.6,25.142857142857142,0.0583333333333333,1.4666666666666666,0.8472970701955733,0.6388436482084691,0.871730652199062,0.2514011164188474,0.4221814511822923,0.1469524624741757,0.3472477104043427,0.2883931129238751,0.484302634210786,0.1685755366103826,44.0,7.9,17.7,18.4,25.6,15.69,3.278,24.56,6.6,42.65210738259153,18.51770831259741,1,1,1,1,1,99.78,1,INCLUDED,,0,EXISTING_REVIEWER_FORMULA,1,MASS_BALANCE_NI_MINUS_FN_MINUS_UN,DIRECT_INITIAL_BW_EXISTING,1,INCLUDED_IN_906_MAIN,,,AIA_906_V1_20260806
V44_42437784f33f,332,Blank2012_AAN,Exp2,B1350_ctrl,growing,26.0,1.385,37.4,4.1,15.1,18.2,16.877,2.596,14.021,4.241,47.55790966672929,18.60788700340703,,,,,development,Historical Study_ID,1,19.2,27.00361010830325,0.0532692307692307,1.4384615384615385,0.9069810020294022,1.203694458312531,0.977751647899503,0.2647019062279256,0.4356544515169373,0.1462944046403779,0.3620873259093378,0.2707250934289734,0.4455675962836276,0.1496232759665106,37.4,4.1,15.1,18.2,19.2,16.877,2.596,14.021,4.241,47.55790966672929,18.60788700340703,1,1,1,1,1,99.88,1,INCLUDED,,0,EXISTING_REVIEWER_FORMULA,1,MASS_BALANCE_NI_MINUS_FN_MINUS_UN,DIRECT_INITIAL_BW_EXISTING,1,INCLUDED_IN_906_MAIN,,,AIA_906_V1_20260806
V44_b20fd4bd2a36,333,Blank2012_AAN,Exp2,CLF150,growing,26.0,1.523,42.7,8.8,14.3,19.600000000000005,17.522,2.742,18.666,8.133,42.3619939343887,18.43221810972827,,,,,development,Historical Study_ID,1,23.1,28.036769533814844,0.058576923076923,1.6423076923076925,0.9506180914141922,0.938712096860602,0.8709278786202347,0.2357820313093605,0.388057241413217,0.1303110823297232,0.3106551330542442,0.2707250934289733,0.4455675962836277,0.1496232759665108,42.7,8.8,14.3,19.600000000000005,23.1,17.522,2.742,18.666,8.133,42.3619939343887,18.43221810972827,1,1,1,1,1,99.757,1,INCLUDED,,0,EXISTING_REVIEWER_FORMULA,1,MASS_BALANCE_NI_MINUS_FN_MINUS_UN,DIRECT_INITIAL_BW_EXISTING,1,INCLUDED_IN_906_MAIN,,,AIA_906_V1_20260806
V44_43ab48de8c59,334,Blank2012_AAN,Exp2,CRF150,growing,26.0,1.522,38.7,6.6,14.2,17.900000000000002,15.898,2.498,19.248,9.412,42.3619939343887,18.43221810972827,,,,,development,Historical Study_ID,1,20.8,25.42706964520368,0.0585384615384615,1.4884615384615385,0.8625114951091672,0.8259559434746466,0.8709278786202347,0.2357820313093605,0.388057241413217,0.1303110823297232,0.3423889320277057,0.2707250934289733,0.4455675962836277,0.1496232759665108,38.7,6.6,14.2,17.900000000000002,20.8,15.898,2.498,19.248,9.412,42.3619939343887,18.43221810972827,1,1,1,1,1,99.757,1,INCLUDED,,0,EXISTING_REVIEWER_FORMULA,1,MASS_BALANCE_NI_MINUS_FN_MINUS_UN,DIRECT_INITIAL_BW_EXISTING,1,INCLUDED_IN_906_MAIN,,,AIA_906_V1_20260806
V44_0fa7c76fe191,335,Blank2012_AAN,Exp2,RSF150,growing,26.0,1.519,42.0,7.3,14.9,19.800000000000004,17.267,2.773,17.926,8.25,42.3619939343887,18.43221810972827,,,,,development,Historical Study_ID,1,22.2,27.64976958525346,0.0584230769230769,1.6153846153846154,0.9367836197037356,0.9632377552158876,0.8709278786202347,0.2357820313093605,0.388057241413217,0.1303110823297232,0.3152429050429413,0.2707250934289733,0.4455675962836277,0.1496232759665108,42.0,7.3,14.9,19.800000000000004,22.2,17.267,2.773,17.926,8.25,42.3619939343887,18.43221810972827,1,1,1,1,1,99.757,1,INCLUDED,,0,EXISTING_REVIEWER_FORMULA,1,MASS_BALANCE_NI_MINUS_FN_MINUS_UN,DIRECT_INITIAL_BW_EXISTING,1,INCLUDED_IN_906_MAIN,,,AIA_906_V1_20260806
V44_9d2ec3d5d7d4,336,Brestensky2012_JAS,Temp,HT,growing,50.5,1.92,55.5,8.3,21.5,25.700000000000003,18.07,7.140829501238061,11.7753272019809,5.360541209762999,44.78957375309515,19.10336045277679,,,,,confirmation,Historical Study_ID,1,29.8,28.90625,0.038019801980198,1.099009900990099,0.9459068756341984,1.534564576427242,0.7138857446055891,0.2410231694375663,0.5388888397594623,0.1671369826671383,0.2469167627993874,0.337621490916208,0.7548670691795227,0.2341228746057661,55.5,8.3,21.5,25.700000000000003,29.8,18.07,7.140829501238061,11.7753272019809,5.360541209762999,44.78957375309515,19.10336045277679,1,1,1,1,1,100.7,1,INCLUDED,,0,EXISTING_REVIEWER_FORMULA,1,MASS_BALANCE_NI_MINUS_FN_MINUS_UN,DIRECT_INITIAL_BW_EXISTING,1,INCLUDED_IN_906_MAIN,,,AIA_906_V1_20260806
V44_4fdaf7ad5e3b,337,Brestensky2012_JAS,Temp,NT,growing,50.5,1.999,57.8,7.2,18.1,32.49999999999999,18.07,7.140829501238061,11.7753272019809,5.360541209762999,44.78957375309515,19.10336045277679,,,,,confirmation,Historical Study_ID,1,25.3,28.914457228614303,0.0395841584158415,1.1445544554455445,0.9459068756341984,1.534564576427242,0.7138857446055891,0.2410231694375663,0.5388888397594623,0.1671369826671383,0.2469167627993874,0.337621490916208,0.7548670691795227,0.2341228746057661,57.8,7.2,18.1,32.49999999999999,25.3,18.07,7.140829501238061,11.7753272019809,5.360541209762999,44.78957375309515,19.10336045277679,1,1,1,1,1,100.7,1,INCLUDED,,0,EXISTING_REVIEWER_FORMULA,1,MASS_BALANCE_NI_MINUS_FN_MINUS_UN,DIRECT_INITIAL_BW_EXISTING,1,INCLUDED_IN_906_MAIN,,,AIA_906_V1_20260806
V44_6b996bfecd0c,361,Koopmans2012_JAS,LPS_Tryptophan,Basal,weaned,15.4,0.613,17.6,2.9,3.7,11.0,20.0,5.5367,11.96201838722433,4.362633424127641,50.8475,18.67172372242715,,,,,development,Historical Study_ID,1,6.6,28.711256117455143,0.0398051948051948,1.142857142857143,1.0711383853638226,1.6719586404716107,1.03873161305103,0.3597970345176245,0.5490920110186769,0.1686604828876775,0.3246036290784468,0.3463811344499329,0.5286177912751189,0.1623715700654156,17.6,2.9,3.7,11.0,6.6,20.0,5.5367,11.96201838722433,4.362633424127641,50.8475,18.67172372242715,1,1,1,1,1,97.3,1,INCLUDED,,0,EXISTING_REVIEWER_FORMULA,1,MASS_BALANCE_NI_MINUS_FN_MINUS_UN,DIRECT_INITIAL_BW_EXISTING,1,INCLUDED_IN_906_MAIN,,,AIA_906_V1_20260806
V44_c75650a8fae4,362,Koopmans2012_JAS,LPS_Tryptophan,TrpEnriched,weaned,15.8,0.627,18.3,3.0,3.7,11.6,20.612,5.5367,11.96135965892883,4.362393181219939,50.2825,18.57692516104731,,,,,development,Historical Study_ID,1,6.7,29.1866028708134,0.0396835443037974,1.1582278481012658,1.1095485297652972,1.7232154694565764,1.038674411842773,0.3597772210982165,0.5490617734423098,0.1686511950376832,0.3149483346602626,0.3463811344499328,0.5286177912751188,0.1623715700654156,18.3,3.0,3.7,11.6,6.7,20.612,5.5367,11.96135965892883,4.362393181219939,50.2825,18.57692516104731,1,1,1,1,1,97.3,1,INCLUDED,,0,EXISTING_REVIEWER_FORMULA,1,MASS_BALANCE_NI_MINUS_FN_MINUS_UN,DIRECT_INITIAL_BW_EXISTING,1,INCLUDED_IN_906_MAIN,,,AIA_906_V1_20260806
V44_58bc6bd76f28,364,Opapeju2012_Animal,Exp1_NBalance,Basal,starter,19.3,0.7019124168514413,20.26,4.43,5.92,9.910000000000002,18.04,3.577226642738457,9.541427711657809,3.695814489504878,43.53380004971718,18.13707320636554,,,,,development,Historical Study_ID,1,10.35,28.864,0.0363685190078467,1.0497409326424871,0.9946478020317264,1.8907023712980136,1.30427140346363,0.2036657533679027,0.8483486809683509,0.2217349278446731,0.4518678642820226,0.1561528933526004,0.6504387650572355,0.1700067388243218,20.26,4.43,5.92,9.910000000000002,10.35,18.04,3.577226642738457,9.541427711657809,3.695814489504878,43.53380004971718,18.13707320636554,1,1,1,1,1,97.12,1,INCLUDED,,0,EXISTING_REVIEWER_FORMULA,1,MASS_BALANCE_NI_MINUS_FN_MINUS_UN,DIRECT_INITIAL_BW_EXISTING,1,INCLUDED_IN_906_MAIN,,,AIA_906_V1_20260806
V44_cd9f20768a88,365,Opapeju2012_Animal,Exp1_NBalance,DLMet_0p020,starter,19.3,0.7032982261640799,20.3,5.02,4.39,10.89,18.04,3.577226642738457,9.541427711657809,3.695814489504878,43.51329171336738,18.1370300309206,,,,,development,Historical Study_ID,1,9.41,28.864,0.0364403225991751,1.0518134715025906,0.9946501698042524,1.8907023712980136,1.30427140346363,0.2250375986166413,0.8483486809683509,0.2217349278446731,0.4518678642820226,0.1725389347792417,0.6504387650572355,0.1700067388243218,20.3,5.02,4.39,10.89,9.41,18.04,3.577226642738457,9.541427711657809,3.695814489504878,43.51329171336738,18.1370300309206,1,1,1,1,1,97.12,1,INCLUDED,,0,EXISTING_REVIEWER_FORMULA,1,MASS_BALANCE_NI_MINUS_FN_MINUS_UN,DIRECT_INITIAL_BW_EXISTING,1,INCLUDED_IN_906_MAIN,,,AIA_906_V1_20260806
V44_553870a752e7,366,Opapeju2012_Animal,Exp1_NBalance,DLMet_0p040,starter,19.9,0.706069844789357,20.38,4.75,4.42,11.21,18.04,3.577226642738458,9.541427711657809,3.695814489504879,43.49278337701759,18.13698685547565,,,,,development,Historical Study_ID,1,9.17,28.864,0.0354808967230832,1.0241206030150751,0.994652537588052,1.8907023712980136,1.30427140346363,0.2464094438653799,0.8483486809683511,0.2217349278446731,0.4518678642820226,0.188924976205883,0.6504387650572357,0.1700067388243218,20.38,4.75,4.42,11.21,9.17,18.04,3.577226642738458,9.541427711657809,3.695814489504879,43.49278337701759,18.13698685547565,1,1,1,1,1,97.12,1,INCLUDED,,0,EXISTING_REVIEWER_FORMULA,1,MASS_BALANCE_NI_MINUS_FN_MINUS_UN,DIRECT_INITIAL_BW_EXISTING,1,INCLUDED_IN_906_MAIN,,,AIA_906_V1_20260806
V44_88be35d31b41,367,Opapeju2012_Animal,Exp1_NBalance,DLMet_0p060,starter,20.3,0.7015659645232817,20.25,4.34,3.5,12.41,18.04,3.577226642738457,9.541427711657809,3.695814489504878,43.47227504066778,18.1369436800307,,,,,development,Historical Study_ID,1,7.84,28.864,0.0345598997302109,0.9975369458128078,0.9946549053831248,1.8907023712980136,1.30427140346363,0.2677812891141184,0.8483486809683509,0.2217349278446731,0.4518678642820226,0.2053110176325241,0.6504387650572355,0.1700067388243218,20.25,4.34,3.5,12.41,7.84,18.04,3.577226642738457,9.541427711657809,3.695814489504878,43.47227504066778,18.1369436800307,1,1,1,1,1,97.12,1,INCLUDED,,0,EXISTING_REVIEWER_FORMULA,1,MASS_BALANCE_NI_MINUS_FN_MINUS_UN,DIRECT_INITIAL_BW_EXISTING,1,INCLUDED_IN_906_MAIN,,,AIA_906_V1_20260806
V44_b420c6eb7e04,368,Opapeju2012_Animal,Exp1_NBalance,MHACa_0p024,starter,19.9,0.7032982261640799,20.3,4.47,5.27,10.560000000000002,18.04,3.57721728225677,9.541402744729996,3.69580481871594,43.50907619617476,18.13257005306641,,,,,development,Historical Study_ID,1,9.739999999999998,28.864,0.0353416194052301,1.020100502512563,0.99489481894759,1.8907073186868704,1.304267990593883,0.2036652204384172,0.8483464611055677,0.2217343476338173,0.451866681885353,0.1561528933526005,0.6504387650572357,0.1700067388243218,20.3,4.47,5.27,10.560000000000002,9.739999999999998,18.04,3.57721728225677,9.541402744729996,3.69580481871594,43.50907619617476,18.13257005306641,1,1,1,1,1,97.12,1,INCLUDED,,0,EXISTING_REVIEWER_FORMULA,1,MASS_BALANCE_NI_MINUS_FN_MINUS_UN,DIRECT_INITIAL_BW_EXISTING,1,INCLUDED_IN_906_MAIN,,,AIA_906_V1_20260806
V44_56afa7edaca5,369,Opapeju2012_Animal,Exp1_NBalance,MHACa_0p048,starter,20.0,0.7102272727272727,20.5,4.26,4.68,11.560000000000002,18.04,3.57720792182407,9.54137777793284,3.695795147977612,43.48435247202115,18.12806692333389,,,,,development,Historical Study_ID,1,8.94,28.864,0.0355113636363636,1.025,0.995141957291622,1.8907122660757285,1.304264577741997,0.2036646875117205,0.8483442412544013,0.2217337674259981,0.4518654994948715,0.1561528933526004,0.6504387650572355,0.1700067388243218,20.5,4.26,4.68,11.560000000000002,8.94,18.04,3.57720792182407,9.54137777793284,3.695795147977612,43.48435247202115,18.12806692333389,1,1,1,1,1,97.12,1,INCLUDED,,0,EXISTING_REVIEWER_FORMULA,1,MASS_BALANCE_NI_MINUS_FN_MINUS_UN,DIRECT_INITIAL_BW_EXISTING,1,INCLUDED_IN_906_MAIN,,,AIA_906_V1_20260806
V44_38da75e7eaf5,370,Opapeju2012_Animal,Exp1_NBalance,MHACa_0p071,starter,20.3,0.7036446784922394,20.31,4.2,4.21,11.9,18.04,3.577198951455367,9.54135385154151,3.695785880234206,43.46065902445402,18.1237514461209,,,,,development,Historical Study_ID,1,8.41,28.864,0.0346622994331152,1.0004926108374383,0.9953789122318368,1.8907170073233832,1.304261307109033,0.2036641767929201,0.848342113907935,0.2217332113963539,0.4518643663764665,0.1561528933526004,0.6504387650572354,0.1700067388243217,20.31,4.2,4.21,11.9,8.41,18.04,3.577198951455367,9.54135385154151,3.695785880234206,43.46065902445402,18.1237514461209,1,1,1,1,1,97.12,1,INCLUDED,,0,EXISTING_REVIEWER_FORMULA,1,MASS_BALANCE_NI_MINUS_FN_MINUS_UN,DIRECT_INITIAL_BW_EXISTING,1,INCLUDED_IN_906_MAIN,,,AIA_906_V1_20260806
V44_351dd8736c12,371,Patras2012_JAS,DoubleLatinSquare,HP,growing,29.9,1.12,36.6,4.5,13.9,18.200000000000003,20.74,3.419231859909827,9.323555479487684,3.44255963916981,49.42585647670395,18.19477950664392,,,,,development,Historical Study_ID,1,18.4,32.67857142857142,0.0374581939799331,1.2240802675585285,1.1398874051992045,2.2244732758472985,0.8495215498605331,0.2556140942581621,0.5865601157126582,0.1869769564684819,0.2560033600110092,0.3008918305840818,0.6904593718769753,0.2200967785916415,36.6,4.5,13.9,18.200000000000003,18.4,20.74,3.419231859909827,9.323555479487684,3.44255963916981,49.42585647670395,18.19477950664392,1,1,1,1,1,98.94,1,INCLUDED,,0,EXISTING_REVIEWER_FORMULA,1,MASS_BALANCE_NI_MINUS_FN_MINUS_UN,DIRECT_INITIAL_BW_EXISTING,1,INCLUDED_IN_906_MAIN,,,AIA_906_V1_20260806
V44_e09e386b914a,372,Patras2012_JAS,DoubleLatinSquare,HPBP,growing,29.9,1.29,44.7,6.3,13.0,25.40000000000001,21.67,4.583953202698677,14.43183653523242,6.578173383421232,37.45323338067658,18.39817358424886,,,,,development,Historical Study_ID,1,19.3,34.65116279069768,0.0431438127090301,1.4949832775919734,1.1778343051699565,1.5015413975274086,0.9075281577077088,0.2355318529361558,0.5867964980123642,0.1873326854782654,0.2617466998464781,0.2595311792099948,0.6465876491309442,0.2064207968504712,44.7,6.3,13.0,25.40000000000001,19.3,21.67,4.583953202698677,14.43183653523242,6.578173383421232,37.45323338067658,18.39817358424886,1,1,1,1,1,98.94,1,INCLUDED,,0,EXISTING_REVIEWER_FORMULA,1,MASS_BALANCE_NI_MINUS_FN_MINUS_UN,DIRECT_INITIAL_BW_EXISTING,1,INCLUDED_IN_906_MAIN,,,AIA_906_V1_20260806
V44_4a8434d32668,373,Patras2012_JAS,DoubleLatinSquare,LPAA,growing,29.9,1.23,31.1,4.6,8.0,18.5,15.76,3.508923400246234,9.410812936269751,3.029327409418891,58.05927051160978,18.08817401610705,,,,,development,Historical Study_ID,1,12.6,25.284552845528456,0.0411371237458194,1.0401337792642142,0.871287504530094,1.674669351811272,0.9309067913287694,0.2924087635396957,0.6015322191265813,0.1569261515953008,0.369173061282031,0.3141117523939358,0.6461787847395105,0.1685734308279194,31.1,4.6,8.0,18.5,12.6,15.76,3.508923400246234,9.410812936269751,3.029327409418891,58.05927051160978,18.08817401610705,1,1,1,1,1,99.03,1,INCLUDED,,0,EXISTING_REVIEWER_FORMULA,1,MASS_BALANCE_NI_MINUS_FN_MINUS_UN,DIRECT_INITIAL_BW_EXISTING,1,INCLUDED_IN_906_MAIN,,,AIA_906_V1_20260806
V44_8bc44d01cccb,374,Patras2012_JAS,DoubleLatinSquare,LPAABP,growing,29.9,1.14,29.0,5.2,6.7,17.1,15.86,4.653304483800631,14.58542495238766,6.170974040448566,46.26366484038623,18.29197939414864,,,,,development,Historical Study_ID,1,11.9,25.438596491228072,0.0381270903010033,0.9698996655518396,0.8670466797635581,1.0873868983435886,0.9328264664853236,0.3027364485688923,0.6052757772865242,0.1662253760802514,0.3676018546994497,0.3245367272967006,0.6488621399938025,0.1781953900885236,29.0,5.2,6.7,17.1,11.9,15.86,4.653304483800631,14.58542495238766,6.170974040448566,46.26366484038623,18.29197939414864,1,1,1,1,1,98.98,1,INCLUDED,,0,EXISTING_REVIEWER_FORMULA,1,MASS_BALANCE_NI_MINUS_FN_MINUS_UN,DIRECT_INITIAL_BW_EXISTING,1,INCLUDED_IN_906_MAIN,,,AIA_906_V1_20260806
V44_45649674b8bd,381,Wochner2012_Semina,DEB,DEB160,growing,27.95,1.10568250150331,29.42,4.99,10.03,14.4,16.63,4.465494591536399,8.409468124042032,3.158301664265651,50.89418716382657,16.074,,,,,development,Historical Study_ID,1,15.02,26.607999999999937,0.039559302379367,1.0525939177101968,1.034590021152171,1.977532913461684,0.9769088712490116,0.3164955182095694,0.6407720338155753,0.1801453032922896,0.3671485535361589,0.3239765013136987,0.6559179189317078,0.1844033856115643,29.42,4.99,10.03,14.4,15.02,16.63,4.465494591536399,8.409468124042032,3.158301664265651,50.89418716382657,16.074,1,1,1,1,1,95.59,1,INCLUDED,,0,EXISTING_REVIEWER_FORMULA,1,MASS_BALANCE_NI_MINUS_FN_MINUS_UN,DIRECT_INITIAL_BW_EXISTING,1,INCLUDED_IN_906_MAIN,,,AIA_906_V1_20260806
V44_ccc1fc6ba334,382,Wochner2012_Semina,DEB,DEB208,growing,27.95,1.08012627781119,28.74,5.89,8.22,14.629999999999995,16.63,4.465494591536399,8.409468124042032,3.158301664265651,50.89418716382657,16.074,,,,,development,Historical Study_ID,1,14.11,26.607999999999866,0.0386449473277706,1.0282647584973166,1.034590021152171,1.977532913461684,0.9769088712490116,0.3164955182095694,0.6407720338155753,0.1801453032922896,0.3671485535361589,0.3239765013136987,0.6559179189317078,0.1844033856115643,28.74,5.89,8.22,14.629999999999995,14.11,16.63,4.465494591536399,8.409468124042032,3.158301664265651,50.89418716382657,16.074,1,1,1,1,1,95.59,1,INCLUDED,,0,EXISTING_REVIEWER_FORMULA,1,MASS_BALANCE_NI_MINUS_FN_MINUS_UN,DIRECT_INITIAL_BW_EXISTING,1,INCLUDED_IN_906_MAIN,,,AIA_906_V1_20260806
V44_20c3371c9112,383,Wochner2012_Semina,DEB,DEB257,growing,27.95,1.09064942874324,29.02,5.61,9.17,14.24,16.63,4.465494591536399,8.409468124042032,3.158301664265651,50.89418716382657,16.074,,,,,development,Historical Study_ID,1,14.78,26.60799999999988,0.0390214464666633,1.0382826475849731,1.034590021152171,1.977532913461684,0.9769088712490116,0.3164955182095694,0.6407720338155753,0.1801453032922896,0.3671485535361589,0.3239765013136987,0.6559179189317078,0.1844033856115643,29.02,5.61,9.17,14.24,14.78,16.63,4.465494591536399,8.409468124042032,3.158301664265651,50.89418716382657,16.074,1,1,1,1,1,95.59,1,INCLUDED,,0,EXISTING_REVIEWER_FORMULA,1,MASS_BALANCE_NI_MINUS_FN_MINUS_UN,DIRECT_INITIAL_BW_EXISTING,1,INCLUDED_IN_906_MAIN,,,AIA_906_V1_20260806
V44_20784459e90e,384,Wochner2012_Semina,DEB,DEB305,growing,27.95,1.07524052916416,28.61,4.58,9.19,14.840000000000002,16.63,4.465494591536399,8.409468124042032,3.158301664265651,50.89418716382657,16.074,,,,,development,Historical Study_ID,1,13.77,26.60800000000003,0.0384701441561416,1.023613595706619,1.034590021152171,1.977532913461684,0.9769088712490116,0.3164955182095694,0.6407720338155753,0.1801453032922896,0.3671485535361589,0.3239765013136987,0.6559179189317078,0.1844033856115643,28.61,4.58,9.19,14.840000000000002,13.77,16.63,4.465494591536399,8.409468124042032,3.158301664265651,50.89418716382657,16.074,1,1,1,1,1,95.59,1,INCLUDED,,0,EXISTING_REVIEWER_FORMULA,1,MASS_BALANCE_NI_MINUS_FN_MINUS_UN,DIRECT_INITIAL_BW_EXISTING,1,INCLUDED_IN_906_MAIN,,,AIA_906_V1_20260806
V44_0fcd09a4a8d9,385,deRidder2012_JAS,TrpLim_ISS,Diet1_ISS1,growing,20.0,0.727,19.184,3.4,4.12,11.664,15.1,3.351657494314785,4.158988802129874,3.681060993572163,56.26328861169828,17.42785991466528,,,,,development,Historical Study_ID,1,7.52,26.3878954607978,0.03635,0.9592,0.8664288142053276,3.6306902274579542,0.8969356333031352,0.4161536107019674,0.5908571270098544,0.1328419500029787,0.3712481925923573,0.4639726589626091,0.6587508680348791,0.1481064471859179,19.184,3.4,4.12,11.664,7.52,15.1,3.351657494314785,4.158988802129874,3.681060993572163,56.26328861169828,17.42785991466528,1,1,1,1,1,95.68,1,INCLUDED,,0,EXISTING_REVIEWER_FORMULA,1,MASS_BALANCE_NI_MINUS_FN_MINUS_UN,DIRECT_INITIAL_BW_EXISTING,1,INCLUDED_IN_906_MAIN,,,AIA_906_V1_20260806
V44_f1a9ed2c8b32,386,deRidder2012_JAS,TrpLim_ISS,Diet1_ISS2,growing,20.0,0.727,19.196,2.7,3.28,13.216000000000005,15.1,3.351657494314785,4.158988802129874,3.681060993572163,56.26328861169828,17.42785991466528,,,,,development,Historical Study_ID,1,5.98,26.404401650618983,0.03635,0.9598,0.8664288142053276,3.6306902274579542,0.8969356333031352,0.4161536107019674,0.5908571270098544,0.1328419500029787,0.3712481925923573,0.4639726589626091,0.6587508680348791,0.1481064471859179,19.196,2.7,3.28,13.216000000000005,5.98,15.1,3.351657494314785,4.158988802129874,3.681060993572163,56.26328861169828,17.42785991466528,1,1,1,1,1,95.68,1,INCLUDED,,0,EXISTING_REVIEWER_FORMULA,1,MASS_BALANCE_NI_MINUS_FN_MINUS_UN,DIRECT_INITIAL_BW_EXISTING,1,INCLUDED_IN_906_MAIN,,,AIA_906_V1_20260806
V44_fe13f4ad91be,387,deRidder2012_JAS,TrpLim_ISS,Diet1_PreISS,growing,20.0,0.725,19.13,3.08,3.17,12.879999999999995,15.1,3.351657494314785,4.158988802129874,3.681060993572163,56.26328861169828,17.42785991466528,,,,,development,Historical Study_ID,1,6.25,26.386206896551723,0.03625,0.9565,0.8664288142053276,3.6306902274579542,0.8969356333031352,0.4161536107019674,0.5908571270098544,0.1328419500029787,0.3712481925923573,0.4639726589626091,0.6587508680348791,0.1481064471859179,19.13,3.08,3.17,12.879999999999995,6.25,15.1,3.351657494314785,4.158988802129874,3.681060993572163,56.26328861169828,17.42785991466528,1,1,1,1,1,95.68,1,INCLUDED,,0,EXISTING_REVIEWER_FORMULA,1,MASS_BALANCE_NI_MINUS_FN_MINUS_UN,DIRECT_INITIAL_BW_EXISTING,1,INCLUDED_IN_906_MAIN,,,AIA_906_V1_20260806
V44_b09a7c45efed,388,deRidder2012_JAS,TrpLim_ISS,Diet2_ISS1,growing,20.0,0.717,14.848,2.93,3.15,8.768,12.231,3.28926949598769,3.929408020122877,3.52047473421563,60.45766991530438,17.3440660649221,,,,,development,Historical Study_ID,1,6.08,20.708507670850768,0.03585,0.7424000000000001,0.7051979595913132,3.112682606989112,0.7240870442699495,0.3359565912503049,0.4769929689456391,0.1072419595801747,0.3700060523822405,0.4639726589626091,0.6587508680348789,0.1481064471859179,14.848,2.93,3.15,8.768,6.08,12.231,3.28926949598769,3.929408020122877,3.52047473421563,60.45766991530438,17.3440660649221,1,1,1,1,1,95.5888,1,INCLUDED,,0,EXISTING_REVIEWER_FORMULA,1,MASS_BALANCE_NI_MINUS_FN_MINUS_UN,DIRECT_INITIAL_BW_EXISTING,1,INCLUDED_IN_906_MAIN,,,AIA_906_V1_20260806
V44_7632b5fb039c,389,deRidder2012_JAS,TrpLim_ISS,Diet2_ISS2,growing,20.0,0.719,14.878,2.61,2.7,9.568,12.231,3.28926949598769,3.929408020122877,3.52047473421563,60.45766991530438,17.3440660649221,,,,,development,Historical Study_ID,1,5.3100000000000005,20.692628650904037,0.0359499999999999,0.7439,0.7051979595913132,3.112682606989112,0.7240870442699495,0.3359565912503049,0.4769929689456391,0.1072419595801747,0.3700060523822405,0.4639726589626091,0.6587508680348789,0.1481064471859179,14.878,2.61,2.7,9.568,5.3100000000000005,12.231,3.28926949598769,3.929408020122877,3.52047473421563,60.45766991530438,17.3440660649221,1,1,1,1,1,95.5888,1,INCLUDED,,0,EXISTING_REVIEWER_FORMULA,1,MASS_BALANCE_NI_MINUS_FN_MINUS_UN,DIRECT_INITIAL_BW_EXISTING,1,INCLUDED_IN_906_MAIN,,,AIA_906_V1_20260806
V44_b153dd2a8ea7,390,deRidder2012_JAS,TrpLim_ISS,Diet2_PreISS,growing,20.0,0.718,14.85,2.75,2.5,9.6,12.231,3.28926949598769,3.929408020122877,3.52047473421563,60.45766991530438,17.3440660649221,,,,,development,Historical Study_ID,1,5.25,20.682451253481894,0.0359,0.7424999999999999,0.7051979595913132,3.112682606989112,0.7240870442699495,0.3359565912503049,0.4769929689456391,0.1072419595801747,0.3700060523822405,0.4639726589626091,0.6587508680348789,0.1481064471859179,14.85,2.75,2.5,9.6,5.25,12.231,3.28926949598769,3.929408020122877,3.52047473421563,60.45766991530438,17.3440660649221,1,1,1,1,1,95.5888,1,INCLUDED,,0,EXISTING_REVIEWER_FORMULA,1,MASS_BALANCE_NI_MINUS_FN_MINUS_UN,DIRECT_INITIAL_BW_EXISTING,1,INCLUDED_IN_906_MAIN,,,AIA_906_V1_20260806
V44_52bcbfdeb535,391,deRidder2012_JAS,TrpLim_ISS,Diet3_ISS1,growing,20.0,0.706,10.476,2.48,3.1,4.896000000000001,9.211,3.224047354795502,3.689397912721009,3.352593411491278,64.84259228712644,17.25646565385692,,,,,development,Historical Study_ID,1,5.58,14.838526912181305,0.0353,0.5238,0.5337709461926399,2.4966133276761933,0.5433863425149934,0.2521164061806485,0.35795622481005,0.080479020639246,0.3687074846073943,0.4639726589626091,0.658750868034879,0.1481064471859179,10.476,2.48,3.1,4.896000000000001,5.58,9.211,3.224047354795502,3.689397912721009,3.352593411491278,64.84259228712644,17.25646565385692,1,1,1,1,1,95.4928,1,INCLUDED,,0,EXISTING_REVIEWER_FORMULA,1,MASS_BALANCE_NI_MINUS_FN_MINUS_UN,DIRECT_INITIAL_BW_EXISTING,1,INCLUDED_IN_906_MAIN,,,AIA_906_V1_20260806
V44_cba91cf27a41,392,deRidder2012_JAS,TrpLim_ISS,Diet3_ISS2,growing,20.0,0.715,10.612,2.33,2.49,5.792,9.211,3.224047354795502,3.689397912721009,3.352593411491278,64.84259228712644,17.25646565385692,,,,,development,Historical Study_ID,1,4.82,14.841958041958042,0.03575,0.5306,0.5337709461926399,2.4966133276761933,0.5433863425149934,0.2521164061806485,0.35795622481005,0.080479020639246,0.3687074846073943,0.4639726589626091,0.658750868034879,0.1481064471859179,10.612,2.33,2.49,5.792,4.82,9.211,3.224047354795502,3.689397912721009,3.352593411491278,64.84259228712644,17.25646565385692,1,1,1,1,1,95.4928,1,INCLUDED,,0,EXISTING_REVIEWER_FORMULA,1,MASS_BALANCE_NI_MINUS_FN_MINUS_UN,DIRECT_INITIAL_BW_EXISTING,1,INCLUDED_IN_906_MAIN,,,AIA_906_V1_20260806
V44_3d66474f86a6,393,deRidder2012_JAS,TrpLim_ISS,Diet3_PreISS,growing,20.0,0.711,10.382,2.61,2.3,5.472,9.211,3.224047354795502,3.689397912721009,3.352593411491278,64.84259228712644,17.25646565385692,,,,,development,Historical Study_ID,1,4.91,14.60196905766526,0.03555,0.5191,0.5337709461926399,2.4966133276761933,0.5433863425149934,0.2521164061806485,0.35795622481005,0.080479020639246,0.3687074846073943,0.4639726589626091,0.658750868034879,0.1481064471859179,10.382,2.61,2.3,5.472,4.91,9.211,3.224047354795502,3.689397912721009,3.352593411491278,64.84259228712644,17.25646565385692,1,1,1,1,1,95.4928,1,INCLUDED,,0,EXISTING_REVIEWER_FORMULA,1,MASS_BALANCE_NI_MINUS_FN_MINUS_UN,DIRECT_INITIAL_BW_EXISTING,1,INCLUDED_IN_906_MAIN,,,AIA_906_V1_20260806
V44_b2c65fe39cef,394,deRidder2012_JAS,TrpLim_ISS,Diet4_ISS1,growing,20.0,0.71,8.764,2.39,2.87,3.5039999999999987,6.342,3.162508953742869,3.4629435526524,3.194194009413768,68.97985467332612,17.17381290541956,,,,,development,Historical Study_ID,1,5.26,12.343661971830986,0.0355,0.4382,0.3692831658832528,1.831389944298232,0.3728915986775973,0.1730115065432629,0.245642664311781,0.055227649865616,0.3674822598131478,0.4639726589626089,0.6587508680348791,0.1481064471859177,8.764,2.39,2.87,3.5039999999999987,5.26,6.342,3.162508953742869,3.4629435526524,3.194194009413768,68.97985467332612,17.17381290541956,1,1,1,1,1,95.4016,1,INCLUDED,,0,EXISTING_REVIEWER_FORMULA,1,MASS_BALANCE_NI_MINUS_FN_MINUS_UN,DIRECT_INITIAL_BW_EXISTING,1,INCLUDED_IN_906_MAIN,,,AIA_906_V1_20260806
V44_96b2b8177ad4,395,deRidder2012_JAS,TrpLim_ISS,Diet4_ISS2,growing,20.0,0.712,8.8,2.53,2.27,4.000000000000002,6.342,3.162508953742869,3.4629435526524,3.194194009413768,68.97985467332612,17.17381290541956,,,,,development,Historical Study_ID,1,4.8,12.359550561797754,0.0356,0.44,0.3692831658832528,1.831389944298232,0.3728915986775973,0.1730115065432629,0.245642664311781,0.055227649865616,0.3674822598131478,0.4639726589626089,0.6587508680348791,0.1481064471859177,8.8,2.53,2.27,4.000000000000002,4.8,6.342,3.162508953742869,3.4629435526524,3.194194009413768,68.97985467332612,17.17381290541956,1,1,1,1,1,95.4016,1,INCLUDED,,0,EXISTING_REVIEWER_FORMULA,1,MASS_BALANCE_NI_MINUS_FN_MINUS_UN,DIRECT_INITIAL_BW_EXISTING,1,INCLUDED_IN_906_MAIN,,,AIA_906_V1_20260806
V44_8af15b3edd74,396,deRidder2012_JAS,TrpLim_ISS,Diet4_PreISS,growing,20.0,0.714,8.814,2.23,2.2,4.384,6.342,3.162508953742869,3.4629435526524,3.194194009413768,68.97985467332612,17.17381290541956,,,,,development,Historical Study_ID,1,4.43,12.344537815126053,0.0356999999999999,0.4407,0.3692831658832528,1.831389944298232,0.3728915986775973,0.1730115065432629,0.245642664311781,0.055227649865616,0.3674822598131478,0.4639726589626089,0.6587508680348791,0.1481064471859177,8.814,2.23,2.2,4.384,4.43,6.342,3.162508953742869,3.4629435526524,3.194194009413768,68.97985467332612,17.17381290541956,1,1,1,1,1,95.4016,1,INCLUDED,,0,EXISTING_REVIEWER_FORMULA,1,MASS_BALANCE_NI_MINUS_FN_MINUS_UN,DIRECT_INITIAL_BW_EXISTING,1,INCLUDED_IN_906_MAIN,,,AIA_906_V1_20260806
V44_1a9fe2c63143,397,deRidder2012_JAS,TrpLim_ISS,Diet5_ISS1,growing,20.0,0.718,9.898,2.92,2.77,4.208,7.44,3.162853073022736,3.463864823398673,3.194837439745899,68.83568893276653,17.15818474637103,,,,,development,Historical Study_ID,1,5.69,13.785515320334262,0.0359,0.4949,0.4336123028150496,2.1478898222997125,0.3745964538408591,0.1771366173110886,0.2438049886990199,0.0847105210448348,0.3146811608206141,0.4728731825804791,0.6508470280463368,0.2261380751907027,9.898,2.92,2.77,4.208,5.69,7.44,3.162853073022736,3.463864823398673,3.194837439745899,68.83568893276653,17.15818474637103,1,1,1,1,1,95.31,1,INCLUDED,,0,EXISTING_REVIEWER_FORMULA,1,MASS_BALANCE_NI_MINUS_FN_MINUS_UN,DIRECT_INITIAL_BW_EXISTING,1,INCLUDED_IN_906_MAIN,,,AIA_906_V1_20260806
V44_907baa49f326,398,deRidder2012_JAS,TrpLim_ISS,Diet5_ISS2,growing,20.0,0.721,9.45,2.48,2.33,4.639999999999999,7.44,3.162853073022736,3.463864823398673,3.194837439745899,68.83568893276653,17.15818474637103,,,,,development,Historical Study_ID,1,4.8100000000000005,13.106796116504851,0.03605,0.4725,0.4336123028150496,2.1478898222997125,0.3745964538408591,0.1771366173110886,0.2438049886990199,0.0847105210448348,0.3146811608206141,0.4728731825804791,0.6508470280463368,0.2261380751907027,9.45,2.48,2.33,4.639999999999999,4.8100000000000005,7.44,3.162853073022736,3.463864823398673,3.194837439745899,68.83568893276653,17.15818474637103,1,1,1,1,1,95.31,1,INCLUDED,,0,EXISTING_REVIEWER_FORMULA,1,MASS_BALANCE_NI_MINUS_FN_MINUS_UN,DIRECT_INITIAL_BW_EXISTING,1,INCLUDED_IN_906_MAIN,,,AIA_906_V1_20260806
V44_a52353c36c05,399,deRidder2012_JAS,TrpLim_ISS,Diet5_PreISS,growing,20.0,0.719,10.09,2.88,2.41,4.8,7.44,3.162853073022736,3.463864823398673,3.194837439745899,68.83568893276653,17.15818474637103,,,,,development,Historical Study_ID,1,5.29,14.033379694019471,0.0359499999999999,0.5045,0.4336123028150496,2.1478898222997125,0.3745964538408591,0.1771366173110886,0.2438049886990199,0.0847105210448348,0.3146811608206141,0.4728731825804791,0.6508470280463368,0.2261380751907027,10.09,2.88,2.41,4.8,5.29,7.44,3.162853073022736,3.463864823398673,3.194837439745899,68.83568893276653,17.15818474637103,1,1,1,1,1,95.31,1,INCLUDED,,0,EXISTING_REVIEWER_FORMULA,1,MASS_BALANCE_NI_MINUS_FN_MINUS_UN,DIRECT_INITIAL_BW_EXISTING,1,INCLUDED_IN_906_MAIN,,,AIA_906_V1_20260806
V44_f479928e0e11,403,Ball2013_AJAS,Balance,Lys6.9_CP144,finishing,39.1,1.546,39.6,8.6,6.7,24.3,16.01,6.640909606366444,15.39932411008309,5.06434558949421,44.7505170845813,18.6,,,,,confirmation,Historical Study_ID,1,15.3,25.614489003880983,0.039539641943734,1.0127877237851663,0.860752688172043,1.0396560190272934,0.8881670202097687,0.2713494818036479,0.5584468762576906,0.1748995070408443,0.3467235400569052,0.3055162774897452,0.6287633559347833,0.1969218661142543,39.6,8.6,6.7,24.3,15.3,16.01,6.640909606366444,15.39932411008309,5.06434558949421,44.7505170845813,18.6,1,1,1,1,1,96.38,1,INCLUDED,,0,EXISTING_REVIEWER_FORMULA,1,MASS_BALANCE_NI_MINUS_FN_MINUS_UN,REPORTED_MEAN_BW_USED,1,INCLUDED_IN_906_MAIN,,,AIA_906_V1_20260806
V44_e73b3014dcc9,404,Ball2013_AJAS,Balance,Lys6.9_CP155,finishing,39.1,1.583,43.4,9.4,7.6,26.4,17.14,5.510313161105055,16.05032572682129,5.306510027250524,43.04829926351621,18.7,,,,,confirmation,Historical Study_ID,1,17.0,27.41629816803537,0.0404859335038363,1.1099744245524297,0.916577540106952,1.067891100263329,0.8662627523027893,0.2501553566335521,0.5475740970765441,0.1708543032191513,0.3158776080450661,0.288775381336163,0.6321108643086939,0.1972315013718051,43.4,9.4,7.6,26.4,17.0,17.14,5.510313161105055,16.05032572682129,5.306510027250524,43.04829926351621,18.7,1,1,1,1,1,96.72,1,INCLUDED,,0,EXISTING_REVIEWER_FORMULA,1,MASS_BALANCE_NI_MINUS_FN_MINUS_UN,REPORTED_MEAN_BW_USED,1,INCLUDED_IN_906_MAIN,,,AIA_906_V1_20260806
V44_b81ce652379a,405,Ball2013_AJAS,Balance,Lys6.9_CP168,finishing,39.1,1.6,47.7,9.6,12.3,25.8,18.63,4.839365272165253,15.59274819222028,5.24746799609802,41.82406168419108,18.6,,,,,confirmation,Historical Study_ID,1,21.9,29.8125,0.0409207161125319,1.2199488491048591,1.0016129032258063,1.1947861769033823,0.8561442486410368,0.2487515558417896,0.5373558086428609,0.1800676951072877,0.2872196217931551,0.2905486502264478,0.6276463452225595,0.2103240141986707,47.7,9.6,12.3,25.8,21.9,18.63,4.839365272165253,15.59274819222028,5.24746799609802,41.82406168419108,18.6,1,1,1,1,1,96.72,1,INCLUDED,,0,EXISTING_REVIEWER_FORMULA,1,MASS_BALANCE_NI_MINUS_FN_MINUS_UN,REPORTED_MEAN_BW_USED,1,INCLUDED_IN_906_MAIN,,,AIA_906_V1_20260806
V44_63c46b5844c2,406,Ball2013_AJAS,Balance,Lys6.9_CP182,finishing,39.1,1.565,50.0,9.2,13.2,27.6,19.97,4.761068111610021,15.45713307535115,5.326959801347346,39.75982438649915,18.6,,,,,confirmation,Historical Study_ID,1,22.4,31.94888178913738,0.0400255754475703,1.278772378516624,1.0736559139784945,1.2919601521607738,0.831122841830652,0.2444330177755074,0.5386249761769372,0.1982321930805594,0.2601160621653267,0.2940997473214827,0.6480690327202996,0.2385113043505436,50.0,9.2,13.2,27.6,22.4,19.97,4.761068111610021,15.45713307535115,5.326959801347346,39.75982438649915,18.6,1,1,1,1,1,96.78,1,INCLUDED,,0,EXISTING_REVIEWER_FORMULA,1,MASS_BALANCE_NI_MINUS_FN_MINUS_UN,REPORTED_MEAN_BW_USED,1,INCLUDED_IN_906_MAIN,,,AIA_906_V1_20260806
V44_ce834e988f96,407,Ball2013_AJAS,Balance,Lys6.9_CP193,finishing,39.1,1.552,53.1,8.5,17.2,27.4,21.38,3.506482796033707,15.04382629443994,5.266479376238214,38.61286968184207,18.6,,,,,confirmation,Historical Study_ID,1,25.7,34.2139175257732,0.039693094629156,1.358056265984655,1.1494623655913978,1.4211809935549342,0.8339256411698819,0.2661299054432116,0.5960885671335374,0.2201948336581396,0.2437808820070983,0.3191290593605783,0.7147982238527981,0.2640461244832774,53.1,8.5,17.2,27.4,25.7,21.38,3.506482796033707,15.04382629443994,5.266479376238214,38.61286968184207,18.6,1,1,1,1,1,96.73,1,INCLUDED,,0,EXISTING_REVIEWER_FORMULA,1,MASS_BALANCE_NI_MINUS_FN_MINUS_UN,REPORTED_MEAN_BW_USED,1,INCLUDED_IN_906_MAIN,,,AIA_906_V1_20260806
V44_7233acdce6b4,408,Ball2013_AJAS,Balance,Lys8.2_CP144,finishing,39.1,1.493,37.7,7.1,6.4,24.200000000000003,15.78,7.575883719628729,13.38567180157222,4.827470586638165,45.96805309670767,18.9,,,,,confirmation,Historical Study_ID,1,13.5,25.25117213663764,0.0381841432225063,0.9641943734015346,0.834920634920635,1.1788724715442789,0.9932024566868752,0.3408711563705356,0.6154444461067642,0.2055487422612092,0.3933786663050044,0.3432041011130939,0.619656588607084,0.2069555314501322,37.7,7.1,6.4,24.200000000000003,13.5,15.78,7.575883719628729,13.38567180157222,4.827470586638165,45.96805309670767,18.9,1,1,1,1,1,96.17,1,INCLUDED,,0,EXISTING_REVIEWER_FORMULA,1,MASS_BALANCE_NI_MINUS_FN_MINUS_UN,REPORTED_MEAN_BW_USED,1,INCLUDED_IN_906_MAIN,,,AIA_906_V1_20260806
V44_d5aee7497897,409,Ball2013_AJAS,Balance,Lys8.2_CP155,finishing,39.1,1.631,45.2,9.8,8.5,26.90000000000001,17.32,5.812477520498342,16.05465980382635,5.298883480625425,42.93062068008712,18.7,,,,,confirmation,Historical Study_ID,1,18.3,27.713059472716125,0.0417135549872122,1.1560102301790285,0.9262032085561498,1.0788145131466491,0.98134744155718,0.3118637062112404,0.6141812733251016,0.1889558700869879,0.3541236437489824,0.3177913275204366,0.6258550716253284,0.1925473711809519,45.2,9.8,8.5,26.90000000000001,18.3,17.32,5.812477520498342,16.05465980382635,5.298883480625425,42.93062068008712,18.7,1,1,1,1,1,96.77,1,INCLUDED,,0,EXISTING_REVIEWER_FORMULA,1,MASS_BALANCE_NI_MINUS_FN_MINUS_UN,REPORTED_MEAN_BW_USED,1,INCLUDED_IN_906_MAIN,,,AIA_906_V1_20260806
V44_a070e5fa802d,410,Ball2013_AJAS,Balance,Lys8.2_CP162,finishing,39.1,1.551,46.5,9.0,9.7,27.8,18.74,5.351173975831572,15.7911540137278,5.317897979589432,41.27615039480519,18.7,,,,,confirmation,Historical Study_ID,1,18.7,29.98065764023211,0.0396675191815856,1.1892583120204605,1.0021390374331551,1.1867403727244168,0.96417979953712,0.2874419298136696,0.6045634075557684,0.19787831846097,0.3215647677218249,0.2981206720485782,0.6270235155787386,0.2052296869898817,46.5,9.0,9.7,27.8,18.7,18.74,5.351173975831572,15.7911540137278,5.317897979589432,41.27615039480519,18.7,1,1,1,1,1,96.78,1,INCLUDED,,0,EXISTING_REVIEWER_FORMULA,1,MASS_BALANCE_NI_MINUS_FN_MINUS_UN,REPORTED_MEAN_BW_USED,1,INCLUDED_IN_906_MAIN,,,AIA_906_V1_20260806
V44_586e94d21e03,411,Ball2013_AJAS,Balance,Lys8.2_CP175,finishing,39.1,1.596,52.2,9.5,12.9,29.800000000000004,20.44,4.910828711206808,15.52717490351987,5.336489047804893,39.60532669892599,18.7,,,,,confirmation,Historical Study_ID,1,22.4,32.70676691729323,0.0408184143222506,1.3350383631713556,1.0930481283422462,1.3164017361179103,0.9461278907367514,0.284540042477039,0.594387416732824,0.195936548478321,0.2893003579796818,0.3007416283389206,0.6282315768854182,0.2070930900533382,52.2,9.5,12.9,29.800000000000004,22.4,20.44,4.910828711206808,15.52717490351987,5.336489047804893,39.60532669892599,18.7,1,1,1,1,1,96.78,1,INCLUDED,,0,EXISTING_REVIEWER_FORMULA,1,MASS_BALANCE_NI_MINUS_FN_MINUS_UN,REPORTED_MEAN_BW_USED,1,INCLUDED_IN_906_MAIN,,,AIA_906_V1_20260806
V44_c1418da5d27a,412,Ball2013_AJAS,Balance,Lys8.2_CP188,finishing,39.1,1.552,53.3,9.5,13.7,30.1,21.46,4.565666095410427,15.19742622249595,5.338289871641357,37.96966230205848,18.6,,,,,confirmation,Historical Study_ID,1,23.2,34.342783505154635,0.039693094629156,1.363171355498721,1.153763440860215,1.4120812093980684,0.9295529112886464,0.2709534983041884,0.58511040648886,0.2147624034747263,0.2707225394013998,0.2914879777295985,0.6294535785786707,0.2310383850845021,53.3,9.5,13.7,30.1,23.2,21.46,4.565666095410427,15.19742622249595,5.338289871641357,37.96966230205848,18.6,1,1,1,1,1,96.78,1,INCLUDED,,0,EXISTING_REVIEWER_FORMULA,1,MASS_BALANCE_NI_MINUS_FN_MINUS_UN,REPORTED_MEAN_BW_USED,1,INCLUDED_IN_906_MAIN,,,AIA_906_V1_20260806
V44_b5b742f20bbe,413,Litvak2013_JAS,MetCysRatio_ISS,MMC042_ISS1,growing,17.3,0.8,14.7,1.33,6.42,6.949999999999999,11.9,4.09834636522684,3.973832147049225,3.813273272420973,46.36940299263903,17.09302450752823,,,,,confirmation,Historical Study_ID,1,7.75,18.375,0.0462427745664739,0.8497109826589595,0.6961904252087697,2.994590500969288,0.7010829615003336,0.1139562558156979,0.5085669410898949,0.1628395404610392,0.3682158411241247,0.1625431825811726,0.7254019410221438,0.2322685750521719,14.7,1.33,6.42,6.949999999999999,7.75,11.9,4.09834636522684,3.973832147049225,3.813273272420973,46.36940299263903,17.09302450752823,1,1,1,1,1,93.89,0,INCLUDED,,0,EXISTING_REVIEWER_FORMULA,1,MASS_BALANCE_NI_MINUS_FN_MINUS_UN,DIRECT_INITIAL_BW_EXISTING,1,INCLUDED_IN_906_MAIN,,,AIA_906_V1_20260806
V44_5ce006c09672,414,Litvak2013_JAS,MetCysRatio_ISS,MMC042_ISS2,growing,17.3,0.8,13.0,1.13,4.61,7.260000000000001,11.9,4.09834636522684,3.973832147049225,3.813273272420973,46.36940299263903,17.09302450752823,,,,,confirmation,Historical Study_ID,1,5.74,16.25,0.0462427745664739,0.7514450867052023,0.6961904252087697,2.994590500969288,0.7010829615003336,0.1139562558156979,0.5085669410898949,0.1628395404610392,0.3682158411241247,0.1625431825811726,0.7254019410221438,0.2322685750521719,13.0,1.13,4.61,7.260000000000001,5.74,11.9,4.09834636522684,3.973832147049225,3.813273272420973,46.36940299263903,17.09302450752823,1,1,1,1,1,93.89,0,INCLUDED,,0,EXISTING_REVIEWER_FORMULA,1,MASS_BALANCE_NI_MINUS_FN_MINUS_UN,DIRECT_INITIAL_BW_EXISTING,1,INCLUDED_IN_906_MAIN,,,AIA_906_V1_20260806
V44_3737d45c283a,415,Litvak2013_JAS,MetCysRatio_ISS,MMC042_Prechallenge,growing,17.3,0.8,14.2,1.06,5.59,7.549999999999999,11.9,4.09834636522684,3.973832147049225,3.813273272420973,46.36940299263903,17.09302450752823,,,,,confirmation,Historical Study_ID,1,6.65,17.749999999999996,0.0462427745664739,0.8208092485549132,0.6961904252087697,2.994590500969288,0.7010829615003336,0.1139562558156979,0.5085669410898949,0.1628395404610392,0.3682158411241247,0.1625431825811726,0.7254019410221438,0.2322685750521719,14.2,1.06,5.59,7.549999999999999,6.65,11.9,4.09834636522684,3.973832147049225,3.813273272420973,46.36940299263903,17.09302450752823,1,1,1,1,1,93.89,0,INCLUDED,,0,EXISTING_REVIEWER_FORMULA,1,MASS_BALANCE_NI_MINUS_FN_MINUS_UN,DIRECT_INITIAL_BW_EXISTING,1,INCLUDED_IN_906_MAIN,,,AIA_906_V1_20260806
V44_e00c3daf84d6,416,Litvak2013_JAS,MetCysRatio_ISS,MMC047_ISS1,growing,17.3,0.8,15.9,1.32,6.38,8.2,13.3,4.098360904991686,3.973846245073112,3.813286800827734,46.38625062781886,17.09909107541885,,,,,confirmation,Historical Study_ID,1,7.7,19.875,0.0462427745664739,0.9190751445086704,0.7778191215742273,3.3468833920008154,0.7010854487428674,0.1313422374222101,0.5085687453404567,0.1628401181693183,0.3294574477175128,0.1873412686823309,0.7254019410221438,0.2322685750521718,15.9,1.32,6.38,8.2,7.7,13.3,4.098360904991686,3.973846245073112,3.813286800827734,46.38625062781886,17.09909107541885,1,1,1,1,1,93.905,0,INCLUDED,,0,EXISTING_REVIEWER_FORMULA,1,MASS_BALANCE_NI_MINUS_FN_MINUS_UN,DIRECT_INITIAL_BW_EXISTING,1,INCLUDED_IN_906_MAIN,,,AIA_906_V1_20260806
V44_b1259c368762,417,Litvak2013_JAS,MetCysRatio_ISS,MMC047_ISS2,growing,17.3,0.8,15.6,1.11,5.2,9.29,13.3,4.098360904991686,3.973846245073112,3.813286800827734,46.38625062781886,17.09909107541885,,,,,confirmation,Historical Study_ID,1,6.3100000000000005,19.5,0.0462427745664739,0.9017341040462428,0.7778191215742273,3.3468833920008154,0.7010854487428674,0.1313422374222101,0.5085687453404567,0.1628401181693183,0.3294574477175128,0.1873412686823309,0.7254019410221438,0.2322685750521718,15.6,1.11,5.2,9.29,6.3100000000000005,13.3,4.098360904991686,3.973846245073112,3.813286800827734,46.38625062781886,17.09909107541885,1,1,1,1,1,93.905,0,INCLUDED,,0,EXISTING_REVIEWER_FORMULA,1,MASS_BALANCE_NI_MINUS_FN_MINUS_UN,DIRECT_INITIAL_BW_EXISTING,1,INCLUDED_IN_906_MAIN,,,AIA_906_V1_20260806
V44_9add1895cfcf,418,Litvak2013_JAS,MetCysRatio_ISS,MMC047_Prechallenge,growing,17.3,0.8,16.1,1.21,5.06,9.830000000000002,13.3,4.098360904991686,3.973846245073112,3.813286800827734,46.38625062781886,17.09909107541885,,,,,confirmation,Historical Study_ID,1,6.27,20.125,0.0462427745664739,0.930635838150289,0.7778191215742273,3.3468833920008154,0.7010854487428674,0.1313422374222101,0.5085687453404567,0.1628401181693183,0.3294574477175128,0.1873412686823309,0.7254019410221438,0.2322685750521718,16.1,1.21,5.06,9.830000000000002,6.27,13.3,4.098360904991686,3.973846245073112,3.813286800827734,46.38625062781886,17.09909107541885,1,1,1,1,1,93.905,0,INCLUDED,,0,EXISTING_REVIEWER_FORMULA,1,MASS_BALANCE_NI_MINUS_FN_MINUS_UN,DIRECT_INITIAL_BW_EXISTING,1,INCLUDED_IN_906_MAIN,,,AIA_906_V1_20260806
V44_efc744a380bd,419,Litvak2013_JAS,MetCysRatio_ISS,MMC052_ISS1,growing,17.3,0.8,16.3,1.45,6.23,8.620000000000001,12.9,4.098375444859698,3.973860343197031,3.813300329330484,46.40309838254033,17.10515768635453,,,,,confirmation,Historical Study_ID,1,7.680000000000001,20.375,0.0462427745664739,0.9421965317919077,0.7541584963166312,3.246213728191,0.7010879360030491,0.1487283423901751,0.5085705496038204,0.1628406958816965,0.3396743875983765,0.2121393547834893,0.725401941022144,0.2322685750521719,16.3,1.45,6.23,8.620000000000001,7.680000000000001,12.9,4.098375444859698,3.973860343197031,3.813300329330484,46.40309838254033,17.10515768635453,1,1,1,1,1,93.92,0,INCLUDED,,0,EXISTING_REVIEWER_FORMULA,1,MASS_BALANCE_NI_MINUS_FN_MINUS_UN,DIRECT_INITIAL_BW_EXISTING,1,INCLUDED_IN_906_MAIN,,,AIA_906_V1_20260806
V44_a69a6712e722,420,Litvak2013_JAS,MetCysRatio_ISS,MMC052_ISS2,growing,17.3,0.8,16.1,1.09,5.05,9.96,12.9,4.098375444859698,3.973860343197031,3.813300329330484,46.40309838254033,17.10515768635453,,,,,confirmation,Historical Study_ID,1,6.14,20.125,0.0462427745664739,0.930635838150289,0.7541584963166312,3.246213728191,0.7010879360030491,0.1487283423901751,0.5085705496038204,0.1628406958816965,0.3396743875983765,0.2121393547834893,0.725401941022144,0.2322685750521719,16.1,1.09,5.05,9.96,6.14,12.9,4.098375444859698,3.973860343197031,3.813300329330484,46.40309838254033,17.10515768635453,1,1,1,1,1,93.92,0,INCLUDED,,0,EXISTING_REVIEWER_FORMULA,1,MASS_BALANCE_NI_MINUS_FN_MINUS_UN,DIRECT_INITIAL_BW_EXISTING,1,INCLUDED_IN_906_MAIN,,,AIA_906_V1_20260806
V44_398cb29f6833,421,Litvak2013_JAS,MetCysRatio_ISS,MMC052_Prechallenge,growing,17.3,0.8,16.2,1.1,4.78,10.32,12.9,4.098375444859698,3.973860343197031,3.813300329330484,46.40309838254033,17.10515768635453,,,,,confirmation,Historical Study_ID,1,5.880000000000001,20.25,0.0462427745664739,0.936416184971098,0.7541584963166312,3.246213728191,0.7010879360030491,0.1487283423901751,0.5085705496038204,0.1628406958816965,0.3396743875983765,0.2121393547834893,0.725401941022144,0.2322685750521719,16.2,1.1,4.78,10.32,5.880000000000001,12.9,4.098375444859698,3.973860343197031,3.813300329330484,46.40309838254033,17.10515768635453,1,1,1,1,1,93.92,0,INCLUDED,,0,EXISTING_REVIEWER_FORMULA,1,MASS_BALANCE_NI_MINUS_FN_MINUS_UN,DIRECT_INITIAL_BW_EXISTING,1,INCLUDED_IN_906_MAIN,,,AIA_906_V1_20260806
V44_cae393845f68,422,Litvak2013_JAS,MetCysRatio_ISS,MMC057_ISS1,growing,17.3,0.8,16.5,1.32,5.55,9.63,12.5,4.098389984830876,3.973874441420982,3.813313857929225,46.41994625680469,17.11122434033573,,,,,confirmation,Historical Study_ID,1,6.87,20.625,0.0462427745664739,0.953757225433526,0.7305146464905002,3.1455447785940205,0.7010904232808791,0.1661145707209059,0.5085723538799861,0.1628412735981739,0.3505452116404395,0.2369374408846476,0.7254019410221438,0.232268575052172,16.5,1.32,5.55,9.63,6.87,12.5,4.098389984830876,3.973874441420982,3.813313857929225,46.41994625680469,17.11122434033573,1,1,1,1,1,93.935,0,INCLUDED,,0,EXISTING_REVIEWER_FORMULA,1,MASS_BALANCE_NI_MINUS_FN_MINUS_UN,DIRECT_INITIAL_BW_EXISTING,1,INCLUDED_IN_906_MAIN,,,AIA_906_V1_20260806
V44_7d31175efece,423,Litvak2013_JAS,MetCysRatio_ISS,MMC057_ISS2,growing,17.3,0.8,16.5,1.2,4.77,10.53,12.5,4.098389984830876,3.973874441420982,3.813313857929225,46.41994625680469,17.11122434033573,,,,,confirmation,Historical Study_ID,1,5.97,20.625,0.0462427745664739,0.953757225433526,0.7305146464905002,3.1455447785940205,0.7010904232808791,0.1661145707209059,0.5085723538799861,0.1628412735981739,0.3505452116404395,0.2369374408846476,0.7254019410221438,0.232268575052172,16.5,1.2,4.77,10.53,5.97,12.5,4.098389984830876,3.973874441420982,3.813313857929225,46.41994625680469,17.11122434033573,1,1,1,1,1,93.935,0,INCLUDED,,0,EXISTING_REVIEWER_FORMULA,1,MASS_BALANCE_NI_MINUS_FN_MINUS_UN,DIRECT_INITIAL_BW_EXISTING,1,INCLUDED_IN_906_MAIN,,,AIA_906_V1_20260806
V44_0e5bde71f2c3,424,Litvak2013_JAS,MetCysRatio_ISS,MMC057_Prechallenge,growing,17.3,0.8,16.6,1.2,4.62,10.78,12.5,4.098389984830876,3.973874441420982,3.813313857929225,46.41994625680469,17.11122434033573,,,,,confirmation,Historical Study_ID,1,5.82,20.75,0.0462427745664739,0.9595375722543352,0.7305146464905002,3.1455447785940205,0.7010904232808791,0.1661145707209059,0.5085723538799861,0.1628412735981739,0.3505452116404395,0.2369374408846476,0.7254019410221438,0.232268575052172,16.6,1.2,4.62,10.78,5.82,12.5,4.098389984830876,3.973874441420982,3.813313857929225,46.41994625680469,17.11122434033573,1,1,1,1,1,93.935,0,INCLUDED,,0,EXISTING_REVIEWER_FORMULA,1,MASS_BALANCE_NI_MINUS_FN_MINUS_UN,DIRECT_INITIAL_BW_EXISTING,1,INCLUDED_IN_906_MAIN,,,AIA_906_V1_20260806
V44_1718fc362938,425,Litvak2013_JAS,MetCysRatio_ISS,MMC062_ISS1,growing,17.3,0.8,16.9,1.13,5.93,9.84,12.4,4.098404524905224,3.973888539744968,3.813327386623959,46.43679425061326,17.11729103736291,,,,,confirmation,Historical Study_ID,1,7.06,21.125,0.0462427745664739,0.9768786127167628,0.7244136921510417,3.120369350066319,0.7010929105763577,0.1835009224157156,0.5085741581689542,0.1628418513187504,0.3533734428308254,0.2617355269858061,0.725401941022144,0.2322685750521719,16.9,1.13,5.93,9.84,7.06,12.4,4.098404524905224,3.973888539744968,3.813327386623959,46.43679425061326,17.11729103736291,1,1,1,1,1,93.95,0,INCLUDED,,0,EXISTING_REVIEWER_FORMULA,1,MASS_BALANCE_NI_MINUS_FN_MINUS_UN,DIRECT_INITIAL_BW_EXISTING,1,INCLUDED_IN_906_MAIN,,,AIA_906_V1_20260806
V44_9c362afd5dc5,426,Litvak2013_JAS,MetCysRatio_ISS,MMC062_ISS2,growing,17.3,0.8,16.9,1.09,5.13,10.68,12.4,4.098404524905224,3.973888539744968,3.813327386623959,46.43679425061326,17.11729103736291,,,,,confirmation,Historical Study_ID,1,6.22,21.125,0.0462427745664739,0.9768786127167628,0.7244136921510417,3.120369350066319,0.7010929105763577,0.1835009224157156,0.5085741581689542,0.1628418513187504,0.3533734428308254,0.2617355269858061,0.725401941022144,0.2322685750521719,16.9,1.09,5.13,10.68,6.22,12.4,4.098404524905224,3.973888539744968,3.813327386623959,46.43679425061326,17.11729103736291,1,1,1,1,1,93.95,0,INCLUDED,,0,EXISTING_REVIEWER_FORMULA,1,MASS_BALANCE_NI_MINUS_FN_MINUS_UN,DIRECT_INITIAL_BW_EXISTING,1,INCLUDED_IN_906_MAIN,,,AIA_906_V1_20260806
V44_67a109638b83,427,Litvak2013_JAS,MetCysRatio_ISS,MMC062_Prechallenge,growing,17.3,0.8,16.9,1.1,4.79,11.009999999999998,12.4,4.098404524905224,3.973888539744968,3.813327386623959,46.43679425061326,17.11729103736291,,,,,confirmation,Historical Study_ID,1,5.890000000000001,21.125,0.0462427745664739,0.9768786127167628,0.7244136921510417,3.120369350066319,0.7010929105763577,0.1835009224157156,0.5085741581689542,0.1628418513187504,0.3533734428308254,0.2617355269858061,0.725401941022144,0.2322685750521719,16.9,1.1,4.79,11.009999999999998,5.890000000000001,12.4,4.098404524905224,3.973888539744968,3.813327386623959,46.43679425061326,17.11729103736291,1,1,1,1,1,93.95,0,INCLUDED,,0,EXISTING_REVIEWER_FORMULA,1,MASS_BALANCE_NI_MINUS_FN_MINUS_UN,DIRECT_INITIAL_BW_EXISTING,1,INCLUDED_IN_906_MAIN,,,AIA_906_V1_20260806
V44_5c7ab7df53be,434,Otten2013_ArchTierz,NBalance_Study1,Diet1,grower,43.6,1.70277,52.601,8.343,17.548,26.71,19.307,4.164,13.06396245800127,4.940093410712798,44.52898342265292,18.57311937355955,,,,,development,Historical Study_ID,1,25.891,30.891429846661616,0.0390543577981651,1.2064449541284403,1.0395130517216828,1.4778823853841574,0.9961387387887708,0.3392676866687029,0.6794270402354705,0.1916234359814511,0.3224668315859438,0.340582765691079,0.6820606545847241,0.192366212174873,52.601,8.343,17.548,26.71,25.891,19.307,4.164,13.06396245800127,4.940093410712798,44.52898342265292,18.57311937355955,1,1,1,1,1,97.37,1,INCLUDED,,0,EXISTING_REVIEWER_FORMULA,1,MASS_BALANCE_NI_MINUS_FN_MINUS_UN,DIRECT_INITIAL_BW_EXISTING,1,INCLUDED_IN_906_MAIN,,,AIA_906_V1_20260806
V44_c150e2188fda,435,Otten2013_ArchTierz,NBalance_Study1,Diet2,grower,43.6,1.64225,53.711,6.907,18.104,28.700000000000003,20.441,3.656,12.9840795031442,4.915425405865284,44.13207347170278,18.52800119430087,,,,,development,Historical Study_ID,1,25.011,32.70573907748516,0.0376662844036697,1.2319036697247705,1.103249065327541,1.5743126029881476,1.140079383270131,0.4467564575215704,0.8064145389482493,0.2121024301691945,0.3485884323388444,0.3918643421479324,0.7073319198485822,0.186041808387775,53.711,6.907,18.104,28.700000000000003,25.011,20.441,3.656,12.9840795031442,4.915425405865284,44.13207347170278,18.52800119430087,1,1,1,1,1,97.18,1,INCLUDED,,0,EXISTING_REVIEWER_FORMULA,1,MASS_BALANCE_NI_MINUS_FN_MINUS_UN,DIRECT_INITIAL_BW_EXISTING,1,INCLUDED_IN_906_MAIN,,,AIA_906_V1_20260806
V44_d75fa77c03dc,436,Otten2013_ArchTierz,NBalance_Study1,Diet3,grower,43.6,1.6456,54.192,7.256,19.286,27.65,20.582,3.384,12.90432797653412,4.890799493547051,43.73578263119277,18.4848331982903,,,,,development,Historical Study_ID,1,26.542,32.9314535731648,0.037743119266055,1.2429357798165137,1.1134533798175508,1.594968760669083,1.283824030338373,0.5649692950421183,0.922467222256422,0.2432062154177544,0.3898503638914989,0.440067549517056,0.7185308893254557,0.1894389025835989,54.192,7.256,19.286,27.65,26.542,20.582,3.384,12.90432797653412,4.890799493547051,43.73578263119277,18.4848331982903,1,1,1,1,1,97.0,1,INCLUDED,,0,EXISTING_REVIEWER_FORMULA,1,MASS_BALANCE_NI_MINUS_FN_MINUS_UN,DIRECT_INITIAL_BW_EXISTING,1,INCLUDED_IN_906_MAIN,,,AIA_906_V1_20260806
V44_b6c03166fb2a,437,Otten2013_ArchTierz,NBalance_Study2,Diet1,grower,45.6,1.50364,50.108,8.824,18.904,22.38,20.828,4.263,13.06396245800127,4.940093410712798,44.52898342265292,18.57311937355955,,,,,development,Historical Study_ID,1,27.728,33.32446596259743,0.0329745614035087,1.0988596491228069,1.121405595963081,1.594309541761083,0.9961387387887708,0.3392676866687029,0.6794270402354705,0.1916234359814511,0.2989181446816698,0.340582765691079,0.6820606545847241,0.192366212174873,50.108,8.824,18.904,22.38,27.728,20.828,4.263,13.06396245800127,4.940093410712798,44.52898342265292,18.57311937355955,1,1,1,1,1,97.37,1,INCLUDED,,0,EXISTING_REVIEWER_FORMULA,1,MASS_BALANCE_NI_MINUS_FN_MINUS_UN,DIRECT_INITIAL_BW_EXISTING,1,INCLUDED_IN_906_MAIN,,,AIA_906_V1_20260806
V44_6b8e3e1a16e8,438,Otten2013_ArchTierz,NBalance_Study2,Diet2,grower,45.6,1.43594,46.315,6.308,15.286,24.721,20.159,3.681,12.9840795031442,4.915425405865284,44.13207347170278,18.52800119430087,,,,,development,Historical Study_ID,1,21.594,32.25413318105213,0.0314899122807017,1.0156798245614034,1.088028859054738,1.5525936971595355,1.140079383270131,0.4467564575215704,0.8064145389482493,0.2121024301691945,0.3534647624107505,0.3918643421479324,0.7073319198485822,0.186041808387775,46.315,6.308,15.286,24.721,21.594,20.159,3.681,12.9840795031442,4.915425405865284,44.13207347170278,18.52800119430087,1,1,1,1,1,97.18,1,INCLUDED,,0,EXISTING_REVIEWER_FORMULA,1,MASS_BALANCE_NI_MINUS_FN_MINUS_UN,DIRECT_INITIAL_BW_EXISTING,1,INCLUDED_IN_906_MAIN,,,AIA_906_V1_20260806
V44_d4d11430e5d9,439,Otten2013_ArchTierz,NBalance_Study2,Diet3,grower,45.6,1.43744,48.994,6.854,16.03,26.11,21.303,3.714,12.90432797653412,4.890799493547051,43.73578263119277,18.4848331982903,,,,,development,Historical Study_ID,1,22.884,34.0842052537845,0.0315228070175438,1.0744298245614037,1.1524583301065632,1.6508414881223143,1.283824030338373,0.5649692950421183,0.922467222256422,0.2432062154177544,0.3766558789661001,0.440067549517056,0.7185308893254557,0.1894389025835989,48.994,6.854,16.03,26.11,22.884,21.303,3.714,12.90432797653412,4.890799493547051,43.73578263119277,18.4848331982903,1,1,1,1,1,97.0,1,INCLUDED,,0,EXISTING_REVIEWER_FORMULA,1,MASS_BALANCE_NI_MINUS_FN_MINUS_UN,DIRECT_INITIAL_BW_EXISTING,1,INCLUDED_IN_906_MAIN,,,AIA_906_V1_20260806
V44_f2c72960edbb,452,Campos2014_JAS,AmbientTemp_LPS,HT_Baseline,growing,63.6,1.5,42.8,4.9,18.4,19.5,18.0,3.5,13.9,4.2,39.5,15.98,,,,,confirmation,Historical Study_ID,1,23.3,28.53333333333333,0.0235849056603773,0.6729559748427673,1.1264080100125156,1.2949640287769784,1.005438540235586,0.2812758392306647,0.5543807831458971,0.1860871691392877,0.3491106042484674,0.2797543837585124,0.551382069575331,0.1850806008447669,42.8,4.9,18.4,19.5,23.3,18.0,3.5,13.9,4.2,39.5,15.98,1,1,1,1,1,97.155,1,INCLUDED,,0,EXISTING_REVIEWER_FORMULA,1,MASS_BALANCE_NI_MINUS_FN_MINUS_UN,REPORTED_MEAN_BW_USED,1,INCLUDED_IN_906_MAIN,,,AIA_906_V1_20260806
V44_e170cd14f1f6,453,Campos2014_JAS,AmbientTemp_LPS,HT_LPS,growing,66.1,1.221,35.4,4.3,18.0,13.099999999999998,18.0,3.5,13.9,4.2,39.5,15.98,,,,,confirmation,Historical Study_ID,1,22.3,28.99262899262899,0.0184720121028744,0.5355521936459909,1.1264080100125156,1.2949640287769784,1.005438540235586,0.2812758392306647,0.5543807831458971,0.1860871691392877,0.3491106042484674,0.2797543837585124,0.551382069575331,0.1850806008447669,35.4,4.3,18.0,13.099999999999998,22.3,18.0,3.5,13.9,4.2,39.5,15.98,1,1,1,1,1,97.155,1,INCLUDED,,0,EXISTING_REVIEWER_FORMULA,1,MASS_BALANCE_NI_MINUS_FN_MINUS_UN,REPORTED_MEAN_BW_USED,1,INCLUDED_IN_906_MAIN,,,AIA_906_V1_20260806
V44_b5e061da18da,454,Campos2014_JAS,AmbientTemp_LPS,TN_Baseline,growing,64.5,2.003,57.1,7.9,19.9,29.300000000000004,18.0,3.5,13.9,4.2,39.5,15.98,,,,,confirmation,Historical Study_ID,1,27.8,28.507239141288068,0.0310542635658914,0.8852713178294573,1.1264080100125156,1.2949640287769784,1.005438540235586,0.2812758392306647,0.5543807831458971,0.1860871691392877,0.3491106042484674,0.2797543837585124,0.551382069575331,0.1850806008447669,57.1,7.9,19.9,29.300000000000004,27.8,18.0,3.5,13.9,4.2,39.5,15.98,1,1,1,1,1,97.155,1,INCLUDED,,0,EXISTING_REVIEWER_FORMULA,1,MASS_BALANCE_NI_MINUS_FN_MINUS_UN,REPORTED_MEAN_BW_USED,1,INCLUDED_IN_906_MAIN,,,AIA_906_V1_20260806
V44_b1858f6115a9,455,Campos2014_JAS,AmbientTemp_LPS,TN_LPS,growing,67.9,1.499,43.4,6.1,20.7,16.599999999999998,18.0,3.5,13.9,4.2,39.5,15.98,,,,,confirmation,Historical Study_ID,1,26.8,28.95263509006004,0.0220765832106038,0.6391752577319587,1.1264080100125156,1.2949640287769784,1.005438540235586,0.2812758392306647,0.5543807831458971,0.1860871691392877,0.3491106042484674,0.2797543837585124,0.551382069575331,0.1850806008447669,43.4,6.1,20.7,16.599999999999998,26.8,18.0,3.5,13.9,4.2,39.5,15.98,1,1,1,1,1,97.155,1,INCLUDED,,0,EXISTING_REVIEWER_FORMULA,1,MASS_BALANCE_NI_MINUS_FN_MINUS_UN,REPORTED_MEAN_BW_USED,1,INCLUDED_IN_906_MAIN,,,AIA_906_V1_20260806
V44_369cd00730ec,456,Mariscal2014_JASB,Exp1,334Ce,growing,61.2,1.66,24.6,4.1,12.6,7.9,9.0,3.371730176674063,9.055503903067484,2.601048993434278,69.36130649158073,16.2,,,,,development,Historical Study_ID,1,16.7,14.819277108433736,0.0271241830065359,0.4019607843137255,0.5555555555555556,0.9938706996693268,0.1830367810194492,0.1541362366479572,0.2312043549719358,0.0481675739524866,0.1271088757079508,0.8421052631578946,1.263157894736842,0.2631578947368419,24.6,4.1,12.6,7.9,16.7,9.0,3.371730176674063,9.055503903067484,2.601048993434278,69.36130649158073,16.2,1,1,1,1,1,100.0,1,INCLUDED,,0,EXISTING_REVIEWER_FORMULA,1,MASS_BALANCE_NI_MINUS_FN_MINUS_UN,REPORTED_MEAN_BW_USED,1,INCLUDED_IN_906_MAIN,,,AIA_906_V1_20260806
V44_cc0afc581918,457,Mariscal2014_JASB,Exp1,537Ig,growing,61.2,1.68,24.6,3.7,11.9,9.000000000000002,9.087,3.371730176674063,9.055503903067484,2.601048993434278,69.36130649158073,15.9,,,,,development,Historical Study_ID,1,15.6,14.642857142857144,0.0274509803921568,0.4019607843137255,0.5715094339622642,1.003478116432797,0.1830367810194492,0.1541362366479572,0.2312043549719358,0.0481675739524866,0.1258919204766763,0.8421052631578946,1.263157894736842,0.2631578947368419,24.6,3.7,11.9,9.000000000000002,15.6,9.087,3.371730176674063,9.055503903067484,2.601048993434278,69.36130649158073,15.9,1,1,1,1,1,100.0,1,INCLUDED,,0,EXISTING_REVIEWER_FORMULA,1,MASS_BALANCE_NI_MINUS_FN_MINUS_UN,REPORTED_MEAN_BW_USED,1,INCLUDED_IN_906_MAIN,,,AIA_906_V1_20260806
V44_9d3e60b2edc4,458,Mariscal2014_JASB,Exp1,537Ta,growing,61.2,1.66,24.5,3.8,13.2,7.5,9.337,3.371730176674063,9.055503903067484,2.601048993434278,69.36130649158073,16.1,,,,,development,Historical Study_ID,1,17.0,14.759036144578314,0.0271241830065359,0.4003267973856209,0.5799378881987577,1.031085635868056,0.1830367810194492,0.1541362366479572,0.2312043549719358,0.0481675739524866,0.1225211396992136,0.8421052631578946,1.263157894736842,0.2631578947368419,24.5,3.8,13.2,7.5,17.0,9.337,3.371730176674063,9.055503903067484,2.601048993434278,69.36130649158073,16.1,1,1,1,1,1,100.0,1,INCLUDED,,0,EXISTING_REVIEWER_FORMULA,1,MASS_BALANCE_NI_MINUS_FN_MINUS_UN,REPORTED_MEAN_BW_USED,1,INCLUDED_IN_906_MAIN,,,AIA_906_V1_20260806
V44_b1ee8c6d6ce9,459,Mariscal2014_JASB,Exp1,538Ta,growing,61.2,1.64,24.4,3.8,12.0,8.599999999999998,9.341,3.371730176674063,9.055503903067484,2.601048993434278,69.36130649158073,16.1,,,,,development,Historical Study_ID,1,15.8,14.878048780487806,0.026797385620915,0.3986928104575163,0.5801863354037267,1.03152735617902,0.1830367810194492,0.1541362366479572,0.2312043549719358,0.0481675739524866,0.1224686737363834,0.8421052631578946,1.263157894736842,0.2631578947368419,24.4,3.8,12.0,8.599999999999998,15.8,9.341,3.371730176674063,9.055503903067484,2.601048993434278,69.36130649158073,16.1,1,1,1,1,1,100.0,1,INCLUDED,,0,EXISTING_REVIEWER_FORMULA,1,MASS_BALANCE_NI_MINUS_FN_MINUS_UN,REPORTED_MEAN_BW_USED,1,INCLUDED_IN_906_MAIN,,,AIA_906_V1_20260806
V44_4a27eb2cae6c,460,Mariscal2014_JASB,Exp1,QPM1,growing,61.2,1.67,22.4,3.6,10.2,8.599999999999998,9.067,3.371730176674063,9.055503903067484,2.601048993434278,69.36130649158073,16.5,,,,,development,Historical Study_ID,1,13.8,13.41317365269461,0.0272875816993464,0.3660130718954248,0.5495151515151515,1.0012695148779762,0.1830367810194492,0.1541362366479572,0.2312043549719358,0.0481675739524866,0.1261696130331485,0.8421052631578946,1.263157894736842,0.2631578947368419,22.4,3.6,10.2,8.599999999999998,13.8,9.067,3.371730176674063,9.055503903067484,2.601048993434278,69.36130649158073,16.5,1,1,1,1,1,100.0,1,INCLUDED,,0,EXISTING_REVIEWER_FORMULA,1,MASS_BALANCE_NI_MINUS_FN_MINUS_UN,REPORTED_MEAN_BW_USED,1,INCLUDED_IN_906_MAIN,,,AIA_906_V1_20260806
V44_f9f7e386b9e7,461,Mariscal2014_JASB,Exp1,White,growing,61.2,1.66,22.0,3.4,12.1,6.500000000000002,8.547,3.371730176674063,9.055503903067484,2.601048993434278,69.36130649158073,16.0,,,,,development,Historical Study_ID,1,15.5,13.253012048192772,0.0271241830065359,0.3594771241830065,0.5341875,0.9438458744526376,0.1830367810194492,0.1541362366479572,0.2312043549719358,0.0481675739524866,0.1338457799662522,0.8421052631578946,1.263157894736842,0.2631578947368419,22.0,3.4,12.1,6.500000000000002,15.5,8.547,3.371730176674063,9.055503903067484,2.601048993434278,69.36130649158073,16.0,1,1,1,1,1,100.0,1,INCLUDED,,0,EXISTING_REVIEWER_FORMULA,1,MASS_BALANCE_NI_MINUS_FN_MINUS_UN,REPORTED_MEAN_BW_USED,1,INCLUDED_IN_906_MAIN,,,AIA_906_V1_20260806
V44_48f0d809c65f,462,Mariscal2014_JASB,Exp1,Yellow,growing,61.2,1.55,22.1,3.5,12.2,6.400000000000002,8.024,3.371730176674063,9.055503903067484,2.601048993434278,69.36130649158073,16.0,,,,,development,Historical Study_ID,1,15.7,14.258064516129032,0.0253267973856209,0.3611111111111111,0.5015,0.8860909437940753,0.1830367810194492,0.1541362366479572,0.2312043549719358,0.0481675739524866,0.1425697758439129,0.8421052631578946,1.263157894736842,0.2631578947368419,22.1,3.5,12.2,6.400000000000002,15.7,8.024,3.371730176674063,9.055503903067484,2.601048993434278,69.36130649158073,16.0,1,1,1,1,1,100.0,1,INCLUDED,,0,EXISTING_REVIEWER_FORMULA,1,MASS_BALANCE_NI_MINUS_FN_MINUS_UN,REPORTED_MEAN_BW_USED,1,INCLUDED_IN_906_MAIN,,,AIA_906_V1_20260806
V44_3d3fa5385c49,463,Norgaard2014_Finisher_LowCP,Finisher_NBalance,CP136,finishing,75.1,1.3899,34.7,5.0,13.5,16.200000000000003,15.604,1.843506477620413,13.89701399122318,4.834562645195658,50.4480208529484,18.05330839768191,,,,,development,Historical Study_ID,1,18.5,24.965824879487737,0.0185073235685752,0.4620505992010653,0.8643291111120437,1.122831135512628,0.8242532108069177,0.258337509677853,0.5610427666781038,0.1747567266546335,0.3301449992016942,0.3134200829196028,0.6806679783859875,0.2120182540551491,34.7,5.0,13.5,16.200000000000003,18.5,15.604,1.843506477620413,13.89701399122318,4.834562645195658,50.4480208529484,18.05330839768191,1,1,1,1,1,100.012,1,INCLUDED,,0,EXISTING_REVIEWER_FORMULA,1,MASS_BALANCE_NI_MINUS_FN_MINUS_UN,DIRECT_INITIAL_BW_EXISTING,1,INCLUDED_IN_906_MAIN,,,AIA_906_V1_20260806
V44_677d704a3bea,464,Norgaard2014_Finisher_LowCP,Finisher_NBalance,CP148,finishing,74.7,1.4551,38.0,5.2,16.1,16.699999999999996,16.322,1.818492098889041,13.40355750479454,4.744078771417691,49.05312003782461,18.09551964517797,,,,,development,Historical Study_ID,1,21.3,26.115043639612395,0.019479250334672,0.5087014725568942,0.9019912287707874,1.2177364102150876,0.8167906152235063,0.2590988376029718,0.5573607341872592,0.1736691902955823,0.3127644495249916,0.3172157377592691,0.6823789644482426,0.212623880660112,38.0,5.2,16.1,16.699999999999996,21.3,16.322,1.818492098889041,13.40355750479454,4.744078771417691,49.05312003782461,18.09551964517797,1,1,1,1,1,100.072,1,INCLUDED,,0,EXISTING_REVIEWER_FORMULA,1,MASS_BALANCE_NI_MINUS_FN_MINUS_UN,DIRECT_INITIAL_BW_EXISTING,1,INCLUDED_IN_906_MAIN,,,AIA_906_V1_20260806
V44_f900474360de,465,Norgaard2014_Finisher_LowCP,Finisher_NBalance,CP159,finishing,75.1,1.3767,39.2,4.7,17.7,16.8,17.796,1.79368330804639,12.91821213736457,4.654325210631415,47.68482275315103,18.13805611219427,,,,,development,Historical Study_ID,1,22.4,28.473886830827343,0.0183315579227696,0.5219707057256991,0.9811415231004658,1.3775900109680768,0.809059372009649,0.2594312526537904,0.5524846059935827,0.1903366192880655,0.2841436881917457,0.3206578671839381,0.6828727595371007,0.2352566769176434,39.2,4.7,17.7,16.8,22.4,17.796,1.79368330804639,12.91821213736457,4.654325210631415,47.68482275315103,18.13805611219427,1,1,1,1,1,100.052,1,INCLUDED,,0,EXISTING_REVIEWER_FORMULA,1,MASS_BALANCE_NI_MINUS_FN_MINUS_UN,DIRECT_INITIAL_BW_EXISTING,1,INCLUDED_IN_906_MAIN,,,AIA_906_V1_20260806
V44_545964d9d7ee,466,Norgaard2014_Finisher_LowCP,Finisher_NBalance,CP159+DAA,finishing,74.9,1.47,45.8,4.7,22.5,18.599999999999994,19.473,1.766479731635275,12.73562250067302,4.598548743654326,46.76590326862714,17.85607814764037,,,,,development,Historical Study_ID,1,27.2,31.156462585034014,0.019626168224299,0.6114819759679572,1.0905530228413174,1.5290183105671464,0.8037324322633684,0.2566081437974692,0.5476252915806045,0.188432238413826,0.2579637293506934,0.3192706098406931,0.6813527358084235,0.2344464785167213,45.8,4.7,22.5,18.599999999999994,27.2,19.473,1.766479731635275,12.73562250067302,4.598548743654326,46.76590326862714,17.85607814764037,1,1,1,1,1,100.009,1,INCLUDED,,0,EXISTING_REVIEWER_FORMULA,1,MASS_BALANCE_NI_MINUS_FN_MINUS_UN,DIRECT_INITIAL_BW_EXISTING,1,INCLUDED_IN_906_MAIN,,,AIA_906_V1_20260806
V44_91413038d0b1,467,Prandini2014_JAS,120to160,Control,growing-finishing,163.9,1.624,37.6,11.27,20.87,5.460000000000001,15.64,3.8,13.9504530779038,4.634521386815295,52.41,18.01624714177204,,,,,development,Historical Study_ID,1,32.14,23.15270935960591,0.009908480780964,0.2294081757169005,0.8681053205435593,1.1211105411889657,0.4780609467113465,0.2001073116180054,0.396874517546839,0.1253280176234701,0.191040979344368,0.4185811725357903,0.8301755671049869,0.2621590792672366,37.6,11.27,20.87,5.460000000000001,32.14,15.64,3.8,13.9504530779038,4.634521386815295,52.41,18.01624714177204,1,1,1,1,1,96.95,1,INCLUDED,REPORTED_RN_DIFF_GT2_USE_RECOMPUTED,0,EXISTING_REVIEWER_FORMULA,1,MASS_BALANCE_NI_MINUS_FN_MINUS_UN,REPORTED_MEAN_BW_USED,1,INCLUDED_IN_906_MAIN,,,AIA_906_V1_20260806
V44_6acc656266ad,468,Prandini2014_JAS,120to160,FLys,growing-finishing,163.9,1.626,31.02,11.7,16.26,3.0599999999999987,12.74,3.33,14.59004684825394,4.669052298746113,56.6,17.97482972614839,,,,,development,Historical Study_ID,1,27.96,19.07749077490775,0.0099206833435021,0.1892617449664429,0.7087688837167028,0.8731980186564416,0.4865563485283761,0.1693228418272761,0.3068729820554425,0.0932774052293694,0.2386952259264011,0.3480025331894342,0.630703890687279,0.1917093580455655,31.02,11.7,16.26,3.0599999999999987,27.96,12.74,3.33,14.59004684825394,4.669052298746113,56.6,17.97482972614839,1,1,1,1,1,96.95,1,INCLUDED,REPORTED_RN_DIFF_GT2_USE_RECOMPUTED,0,EXISTING_REVIEWER_FORMULA,1,MASS_BALANCE_NI_MINUS_FN_MINUS_UN,REPORTED_MEAN_BW_USED,1,INCLUDED_IN_906_MAIN,,,AIA_906_V1_20260806
V44_33f5d1751647,469,Prandini2014_JAS,120to160,FLys_m50,growing-finishing,163.9,1.62,31.2,9.92,17.79,3.490000000000002,12.68,3.18,14.57736322527585,4.672973466082452,58.74,17.97701123614429,,,,,development,Historical Study_ID,1,27.71,19.259259259259256,0.0098840756558877,0.1903599755948749,0.7053452786693372,0.8698418091149714,0.4154588910938891,0.1708379250044209,0.3111737181448432,0.0948102935769001,0.2047806048372876,0.4112029581425264,0.7489879860930004,0.2282061970734765,31.2,9.92,17.79,3.490000000000002,27.71,12.68,3.18,14.57736322527585,4.672973466082452,58.74,17.97701123614429,1,1,1,1,1,96.95,1,INCLUDED,REPORTED_RN_DIFF_GT2_USE_RECOMPUTED,0,EXISTING_REVIEWER_FORMULA,1,MASS_BALANCE_NI_MINUS_FN_MINUS_UN,REPORTED_MEAN_BW_USED,1,INCLUDED_IN_906_MAIN,,,AIA_906_V1_20260806
V44_83623b2f06b4,470,Prandini2014_JAS,120to160,MLys_m80,growing-finishing,163.9,1.615,30.97,11.2,16.49,3.280000000000001,12.7,3.27,14.57736322527585,4.672973466082452,56.66,17.97701123614429,,,,,development,Historical Study_ID,1,27.69,19.176470588235293,0.0098535692495424,0.1889566809029896,0.7064578106546201,0.8712137993501685,0.4366927617673559,0.1708379250044209,0.3111737181448432,0.0948102935769001,0.2149078552004704,0.3912085107914687,0.7125689853101301,0.2171098352837124,30.97,11.2,16.49,3.280000000000001,27.69,12.7,3.27,14.57736322527585,4.672973466082452,56.66,17.97701123614429,1,1,1,1,1,96.95,1,INCLUDED,REPORTED_RN_DIFF_GT2_USE_RECOMPUTED,0,EXISTING_REVIEWER_FORMULA,1,MASS_BALANCE_NI_MINUS_FN_MINUS_UN,REPORTED_MEAN_BW_USED,1,INCLUDED_IN_906_MAIN,,,AIA_906_V1_20260806
V44_a8370bb85861,471,Prandini2014_JAS,35to80,Control,growing-finishing,59.4,1.535,55.1,5.97,30.5,18.630000000000003,18.73,5.99,10.49592673057733,3.79776180580201,50.12,18.35470755951604,,,,,development,Historical Study_ID,1,36.47,35.8957654723127,0.0258417508417508,0.9276094276094276,1.0204466586714638,1.7845017863391426,0.8075780311069095,0.2644941598289026,0.577895605856246,0.1801020911156639,0.2694801224996361,0.3275152983871698,0.7155910433375107,0.2230150947380358,55.1,5.97,30.5,18.630000000000003,36.47,18.73,5.99,10.49592673057733,3.79776180580201,50.12,18.35470755951604,1,1,1,1,1,94.44,0,INCLUDED,,0,EXISTING_REVIEWER_FORMULA,1,MASS_BALANCE_NI_MINUS_FN_MINUS_UN,REPORTED_MEAN_BW_USED,1,INCLUDED_IN_906_MAIN,,,AIA_906_V1_20260806
V44_28ab46fb14f9,472,Prandini2014_JAS,35to80,FLys,growing-finishing,59.4,1.531,43.23,4.55,22.99,15.69,15.71,6.13,10.80017980559773,3.573992633900109,52.75,18.32432770183211,,,,,development,Historical Study_ID,1,27.54,28.23644676681907,0.0257744107744107,0.7277777777777777,0.8573302254592007,1.4546054123892929,0.8325893945460008,0.2217817027184395,0.4441631705705539,0.1328955411065111,0.3312338456978042,0.2663758440490032,0.5334720493440224,0.1596171437890788,43.23,4.55,22.99,15.69,27.54,15.71,6.13,10.80017980559773,3.573992633900109,52.75,18.32432770183211,1,1,1,1,1,94.44,0,INCLUDED,,0,EXISTING_REVIEWER_FORMULA,1,MASS_BALANCE_NI_MINUS_FN_MINUS_UN,REPORTED_MEAN_BW_USED,1,INCLUDED_IN_906_MAIN,,,AIA_906_V1_20260806
V44_76df424f5221,473,Prandini2014_JAS,35to80,FLys_m50,growing-finishing,59.4,1.538,42.84,4.57,23.28,14.990000000000002,15.27,6.04,10.81590124032622,3.578588838245685,52.95,18.32556424018509,,,,,development,Historical Study_ID,1,27.85,27.85435630689207,0.0258922558922558,0.7212121212121213,0.8332622013632345,1.4118102283577656,0.7032214826525781,0.2220557742134058,0.4445932937972987,0.1329920342299804,0.2878280462723387,0.3157693268638538,0.63222370869598,0.1891182756936398,42.84,4.57,23.28,14.990000000000002,27.85,15.27,6.04,10.81590124032622,3.578588838245685,52.95,18.32556424018509,1,1,1,1,1,94.44,0,INCLUDED,,0,EXISTING_REVIEWER_FORMULA,1,MASS_BALANCE_NI_MINUS_FN_MINUS_UN,REPORTED_MEAN_BW_USED,1,INCLUDED_IN_906_MAIN,,,AIA_906_V1_20260806
V44_913b49187dc7,474,Prandini2014_JAS,35to80,MLys_m80,growing-finishing,59.4,1.532,42.31,4.69,21.71,15.910000000000004,15.32,5.86,10.81590124032622,3.578588838245685,53.27,18.32556424018509,,,,,development,Historical Study_ID,1,26.4,27.617493472584854,0.0257912457912457,0.7122895622895623,0.8359906303133434,1.4164330516333312,0.7348455539574569,0.2220557742134058,0.4445932937972987,0.1329920342299804,0.2997901248194586,0.3021801969373573,0.6050159675090556,0.1809795725288961,42.31,4.69,21.71,15.910000000000004,26.4,15.32,5.86,10.81590124032622,3.578588838245685,53.27,18.32556424018509,1,1,1,1,1,94.44,0,INCLUDED,,0,EXISTING_REVIEWER_FORMULA,1,MASS_BALANCE_NI_MINUS_FN_MINUS_UN,REPORTED_MEAN_BW_USED,1,INCLUDED_IN_906_MAIN,,,AIA_906_V1_20260806
V44_fd0e33a1890b,475,Prandini2014_JAS,80to120,Control,growing-finishing,89.9,2.096,67.61,5.48,38.72,23.41,17.69,6.26,11.95778409753479,4.119774051018182,49.34,18.70993888731732,,,,,development,Historical Study_ID,1,44.2,32.25667938931298,0.0233147942157953,0.7520578420467185,0.9454867868110092,1.4793710821093486,0.7038117508423708,0.2474602499744736,0.5216313119224132,0.1595710729954253,0.2486615852326069,0.3516000545292061,0.7411517515842675,0.2267240818364279,67.61,5.48,38.72,23.41,44.2,17.69,6.26,11.95778409753479,4.119774051018182,49.34,18.70993888731732,1,1,1,1,1,96.35,1,INCLUDED,,0,EXISTING_REVIEWER_FORMULA,1,MASS_BALANCE_NI_MINUS_FN_MINUS_UN,REPORTED_MEAN_BW_USED,1,INCLUDED_IN_906_MAIN,,,AIA_906_V1_20260806
V44_03f04ebcc446,476,Prandini2014_JAS,80to120,FLys,growing-finishing,89.9,2.085,52.19,4.26,28.14,19.79,14.68,6.37,12.62470955535692,4.222413098014855,53.26,18.72437348434874,,,,,development,Historical Study_ID,1,32.4,25.03117505995204,0.0231924360400444,0.5805339265850945,0.7840048700305334,1.1627990280196965,0.7185876876563744,0.2019054060760433,0.4043086455619055,0.1242706946861525,0.3059382185185518,0.2809753208192924,0.5626434358770201,0.1729374115655294,52.19,4.26,28.14,19.79,32.4,14.68,6.37,12.62470955535692,4.222413098014855,53.26,18.72437348434874,1,1,1,1,1,96.35,1,INCLUDED,,0,EXISTING_REVIEWER_FORMULA,1,MASS_BALANCE_NI_MINUS_FN_MINUS_UN,REPORTED_MEAN_BW_USED,1,INCLUDED_IN_906_MAIN,,,AIA_906_V1_20260806
V44_4f8c9d8000c6,477,Prandini2014_JAS,80to120,FLys_m50,growing-finishing,89.9,2.079,51.4,3.85,28.96,18.59,14.41,6.37,12.63754245518246,4.226180533193926,53.9,18.72541785402499,,,,,development,Historical Study_ID,1,32.81,24.72342472342472,0.0231256952169076,0.5717463848720801,0.7695422399827836,1.1402533404816126,0.6150229515357034,0.202122065920402,0.4046474854920976,0.1243467526156274,0.2667518006313772,0.3286415009646487,0.657938837049412,0.2021822962950168,51.4,3.85,28.96,18.59,32.81,14.41,6.37,12.63754245518246,4.226180533193926,53.9,18.72541785402499,1,1,1,1,1,96.35,1,INCLUDED,,0,EXISTING_REVIEWER_FORMULA,1,MASS_BALANCE_NI_MINUS_FN_MINUS_UN,REPORTED_MEAN_BW_USED,1,INCLUDED_IN_906_MAIN,,,AIA_906_V1_20260806
V44_d4d4c96cdb9a,478,Prandini2014_JAS,80to120,MLys_m80,growing-finishing,89.9,2.09,51.28,3.95,27.82,19.51,14.46,6.74,12.63754245518246,4.226180533193926,53.52,18.72541785402499,,,,,development,Historical Study_ID,1,31.77,24.53588516746412,0.0232480533926585,0.5704115684093437,0.7722124073664852,1.1442098059239498,0.6424450035920506,0.202122065920402,0.4046474854920976,0.1243467526156274,0.2776819690491228,0.3146138031898346,0.6298554479054627,0.1935523693395971,51.28,3.95,27.82,19.51,31.77,14.46,6.74,12.63754245518246,4.226180533193926,53.52,18.72541785402499,1,1,1,1,1,96.35,1,INCLUDED,,0,EXISTING_REVIEWER_FORMULA,1,MASS_BALANCE_NI_MINUS_FN_MINUS_UN,REPORTED_MEAN_BW_USED,1,INCLUDED_IN_906_MAIN,,,AIA_906_V1_20260806
V44_07ff8b3fec88,479,RojasCano2014_OSS_IBDU,Growing_IBDU_NBalance,Diet_A,growing,57.1,2.30496,60.19,14.27,21.13,24.790000000000003,16.274,2.334,15.96808775601014,5.881,48.49622253335477,18.182,,,,,development,Historical Study_ID,1,35.4,26.113251423018188,0.0403670753064798,1.0541155866900174,0.8950610493895063,1.019157725625269,0.8875609933351151,0.322736038102226,0.4892987771093731,0.1369573309549931,0.340866179694265,0.3636212502867068,0.5512846787810889,0.1543075146197669,60.19,14.27,21.13,24.790000000000003,35.4,16.274,2.334,15.96808775601014,5.881,48.49622253335477,18.182,1,1,1,1,1,94.845,0,INCLUDED,,0,EXISTING_REVIEWER_FORMULA,1,MASS_BALANCE_NI_MINUS_FN_MINUS_UN,DIRECT_INITIAL_BW_EXISTING,1,INCLUDED_IN_906_MAIN,,,AIA_906_V1_20260806
V44_5f0b67f9f9f2,480,RojasCano2014_OSS_IBDU,Growing_IBDU_NBalance,Diet_B,growing,58.4,2.32254,57.28,13.17,20.51,23.6,15.454,5.174,15.52669938449901,5.924,47.15569453679602,18.589,,,,,development,Historical Study_ID,1,33.68,24.662653818664047,0.0397695205479452,0.9808219178082191,0.8313518747646459,0.995317782440511,0.8629842061284027,0.3137879072389282,0.4757468077314426,0.1331981166426525,0.349013283829592,0.3636079374461228,0.5512810134333521,0.1543459494354107,57.28,13.17,20.51,23.6,33.68,15.454,5.174,15.52669938449901,5.924,47.15569453679602,18.589,1,1,1,1,1,94.9738,0,INCLUDED,,0,EXISTING_REVIEWER_FORMULA,1,MASS_BALANCE_NI_MINUS_FN_MINUS_UN,DIRECT_INITIAL_BW_EXISTING,1,INCLUDED_IN_906_MAIN,,,AIA_906_V1_20260806
V44_dc8df3c3a0b2,481,RojasCano2014_OSS_IBDU,Growing_IBDU_NBalance,Diet_C,growing,56.8,2.332,56.47,13.39,20.37,22.71,15.213,6.286,15.08769664516621,5.414,45.82241187548157,19.016,,,,,development,Historical Study_ID,1,33.760000000000005,24.215265866209265,0.041056338028169,0.9941901408450704,0.800010517458982,1.0083050022664617,0.8386258408732974,0.3049962140036548,0.4622680845329617,0.1293533181261271,0.344535036183403,0.3636856857237419,0.5512208925634606,0.1542443743343585,56.47,13.39,20.37,22.71,33.760000000000005,15.213,6.286,15.08769664516621,5.414,45.82241187548157,19.016,1,1,1,1,1,95.1027,1,INCLUDED,,0,EXISTING_REVIEWER_FORMULA,1,MASS_BALANCE_NI_MINUS_FN_MINUS_UN,DIRECT_INITIAL_BW_EXISTING,1,INCLUDED_IN_906_MAIN,,,AIA_906_V1_20260806
V44_73fd5e6a3dbf,482,RojasCano2014_OSS_IBDU,Growing_IBDU_NBalance,Diet_D,growing,56.4,2.33714,55.33,13.25,20.28,21.8,14.827,9.654,14.65106056491706,4.894,44.49631692676834,19.844,,,,,development,Historical Study_ID,1,33.53,23.674234320579853,0.0414386524822695,0.9810283687943262,0.7471779883088087,1.012008648404897,0.8143987913459265,0.2961441335873641,0.448968722174603,0.1256348635435039,0.3432921323202293,0.3636352813072545,0.5512885418611797,0.1542670063837789,55.33,13.25,20.28,21.8,33.53,14.827,9.654,14.65106056491706,4.894,44.49631692676834,19.844,1,1,1,1,1,95.2317,1,INCLUDED,,0,EXISTING_REVIEWER_FORMULA,1,MASS_BALANCE_NI_MINUS_FN_MINUS_UN,DIRECT_INITIAL_BW_EXISTING,1,INCLUDED_IN_906_MAIN,,,AIA_906_V1_20260806
V44_9ff5f916ddbe,483,Zhang2014_ThrLys_Weaned,NBalance,TL62,weaned,8.57,0.34263959390863,10.8,0.9,1.9,8.0,19.7,5.781351204845616,6.305245402009861,2.798234351186109,30.32996391561046,18.80752268190588,,,,,development,Historical Study_ID,1,2.8,31.51999999999995,0.0399812828364795,1.2602100350058345,1.0474532097176597,3.1243827549868914,1.188570172363747,0.3393253136304451,0.801460180118423,0.2538859548764879,0.3770844455468741,0.2854903492619356,0.6743061526813633,0.2136061974124564,10.8,0.9,1.9,8.0,2.8,19.7,5.781351204845616,6.305245402009861,2.798234351186109,30.32996391561046,18.80752268190588,1,1,1,1,1,100.0,1,INCLUDED,,0,EXISTING_REVIEWER_FORMULA,1,MASS_BALANCE_NI_MINUS_FN_MINUS_UN,DIRECT_INITIAL_BW_EXISTING,1,INCLUDED_IN_906_MAIN,,,AIA_906_V1_20260806
V44_94663c94bfec,484,Zhang2014_ThrLys_Weaned,NBalance,TL67,weaned,8.57,0.354969574036511,11.2,0.87,2.03,8.3,19.72,5.760817377414154,6.303994318797551,2.793755750590305,30.39534870724923,18.79238599655039,,,,,development,Historical Study_ID,1,2.9,31.55200000000001,0.0414200203076442,1.306884480746791,1.049361161675792,3.1281754079628468,1.185365366908617,0.3387060756804804,0.799604104079261,0.2531871449316953,0.3756862851510577,0.2857398108093976,0.6745634100687409,0.2135941811696394,11.2,0.87,2.03,8.3,2.9,19.72,5.760817377414154,6.303994318797551,2.793755750590305,30.39534870724923,18.79238599655039,1,1,1,1,1,100.0,1,INCLUDED,,0,EXISTING_REVIEWER_FORMULA,1,MASS_BALANCE_NI_MINUS_FN_MINUS_UN,DIRECT_INITIAL_BW_EXISTING,1,INCLUDED_IN_906_MAIN,,,AIA_906_V1_20260806
V44_ca2eed467767,485,Zhang2014_ThrLys_Weaned,NBalance,TL72,weaned,8.57,0.370253164556962,11.7,0.83,2.1,8.77,19.75,5.740284134968494,6.302743271227206,2.789277277584827,30.46073163614832,18.77724974242215,,,,,development,Historical Study_ID,1,2.93,31.6,0.0432034030988287,1.365227537922987,1.051804724915608,3.133556159610874,1.182160652754815,0.3380868553719131,0.7977480809176313,0.2524883548952174,0.3741014723907642,0.2859906177591529,0.6748220549031313,0.2135821001205193,11.7,0.83,2.1,8.77,2.93,19.75,5.740284134968494,6.302743271227206,2.789277277584827,30.46073163614832,18.77724974242215,1,1,1,1,1,100.0,1,INCLUDED,,0,EXISTING_REVIEWER_FORMULA,1,MASS_BALANCE_NI_MINUS_FN_MINUS_UN,DIRECT_INITIAL_BW_EXISTING,1,INCLUDED_IN_906_MAIN,,,AIA_906_V1_20260806
V44_3479252f2e91,486,Antezana2015_AFST,CSP_OP,35CSP,growing,61.5,1.53728495488772,39.310572418,6.08325617862712,8.41114482459995,24.81617141477293,16.0220994475,5.69060773480663,17.3480662983425,4.93922651933702,42.14512703780287,18.5635359116022,,,,,confirmation,Historical Study_ID,1,14.494401003227068,25.571428571530618,0.0249965033315076,0.6391962994796748,0.8630952380944945,0.9235668789800978,0.82444943576492,0.2691288592776549,0.540826696849402,0.1839088189178438,0.3216063531758171,0.3264346454770249,0.6559852834972538,0.2230686454982095,39.310572418,6.08325617862712,8.41114482459995,24.81617141477293,14.494401003227068,16.0220994475,5.69060773480663,17.3480662983425,4.93922651933702,42.14512703780287,18.5635359116022,1,1,1,1,1,97.906,1,INCLUDED,,0,EXISTING_REVIEWER_FORMULA,1,MASS_BALANCE_NI_MINUS_FN_MINUS_UN,REPORTED_MEAN_BW_USED,1,INCLUDED_IN_906_MAIN,,,AIA_906_V1_20260806
V44_380e18d696e6,487,Antezana2015_AFST,CSP_OP,35CSP_OP,growing,61.4,1.48934754076015,38.82393442,8.86150819539173,9.19052458878499,20.771901635823284,16.2402669633,6.0734149054505,18.7986651835373,6.70745272525028,32.37319766992051,18.5761957730812,,,,,confirmation,Historical Study_ID,1,18.05203278417672,26.067746686031796,0.0242564746052141,0.632311635504886,0.8742514970063894,0.8639053254441819,0.8293163486185926,0.255691204414981,0.5227052492057077,0.180340112396954,0.319158988616341,0.3083156443749005,0.630284510942522,0.2174563575134504,38.82393442,8.86150819539173,9.19052458878499,20.771901635823284,18.05203278417672,16.2402669633,6.0734149054505,18.7986651835373,6.70745272525028,32.37319766992051,18.5761957730812,1,1,1,1,1,96.482,1,INCLUDED,,0,EXISTING_REVIEWER_FORMULA,1,MASS_BALANCE_NI_MINUS_FN_MINUS_UN,REPORTED_MEAN_BW_USED,1,INCLUDED_IN_906_MAIN,,,AIA_906_V1_20260806
V44_67f8ef046b5c,488,Antezana2015_AFST,CSP_OP,70CSP,growing,65.0,1.74437554219325,45.326293616,8.90501425082905,6.77605197492391,29.645227390247044,16.1716171617,9.1969196919692,17.9317931793179,5.28052805280528,39.50171999325327,19.4719471947195,,,,,confirmation,Historical Study_ID,1,15.68106622575296,25.98425196847809,0.026836546802973,0.6973275940923077,0.8305084745754394,0.9018404907966456,0.8619739337300713,0.2896860563904672,0.5649872585252687,0.1925033962040499,0.3331353340822356,0.3360728730356049,0.655457475471869,0.22332855863868,45.326293616,8.90501425082905,6.77605197492391,29.645227390247044,15.68106622575296,16.1716171617,9.1969196919692,17.9317931793179,5.28052805280528,39.50171999325327,19.4719471947195,1,1,1,1,1,98.548,1,INCLUDED,,0,EXISTING_REVIEWER_FORMULA,1,MASS_BALANCE_NI_MINUS_FN_MINUS_UN,REPORTED_MEAN_BW_USED,1,INCLUDED_IN_906_MAIN,,,AIA_906_V1_20260806
V44_9c3bfb11e544,489,Antezana2015_AFST,CSP_OP,70CSP_OP,growing,62.8,1.54151508912835,39.932156433,10.0834272110856,7.89719741753164,21.951531804382764,16.1979752531,8.49268841394826,18.6726659167604,6.71541057367829,29.75590980424182,19.347581552306,,,,,confirmation,Historical Study_ID,1,17.98062462861724,25.90448625162641,0.0245464186166934,0.6358623635828026,0.8372093023259228,0.8674698795184279,0.8623284175075168,0.2855633941730826,0.5448035947991579,0.1887924873630702,0.3327300187343178,0.3311538717446863,0.6317820261262687,0.2189333942035193,39.932156433,10.0834272110856,7.89719741753164,21.951531804382764,17.98062462861724,16.1979752531,8.49268841394826,18.6726659167604,6.71541057367829,29.75590980424182,19.347581552306,1,1,1,1,1,96.624,1,INCLUDED,,0,EXISTING_REVIEWER_FORMULA,1,MASS_BALANCE_NI_MINUS_FN_MINUS_UN,REPORTED_MEAN_BW_USED,1,INCLUDED_IN_906_MAIN,,,AIA_906_V1_20260806
V44_3ad687c0e9d7,490,Antezana2015_AFST,CSP_OP,Control,growing,62.5,1.64268560502346,42.234135988,8.78025458706718,9.913907710967,23.53997368996581,16.1325966851,3.4475138121547,18.4530386740332,5.61325966850829,44.86739273832942,18.0110497237569,,,,,confirmation,Historical Study_ID,1,18.69416229803418,25.71041948553316,0.0262829696803753,0.675746175808,0.8957055214733438,0.8742514970069138,0.7843114201549838,0.2468966651150876,0.5140686976359602,0.1758648033128036,0.3038535253593779,0.3147941732970044,0.6554395160207889,0.2242282832985548,42.234135988,8.78025458706718,9.913907710967,23.53997368996581,18.69416229803418,16.1325966851,3.4475138121547,18.4530386740332,5.61325966850829,44.86739273832942,18.0110497237569,1,1,1,1,1,97.263,1,INCLUDED,,0,EXISTING_REVIEWER_FORMULA,1,MASS_BALANCE_NI_MINUS_FN_MINUS_UN,REPORTED_MEAN_BW_USED,1,INCLUDED_IN_906_MAIN,,,AIA_906_V1_20260806
V44_4d7d772ec3ab,494,Choi2015_AAJS,Growing_metabolism,RSM0,growing,31.14,0.622759856630824,13.9,1.09,7.7,5.11,13.95,3.212107097851574,8.829230535908597,3.088791380169222,57.56872447914435,18.32863265605995,,,,,development,Historical Study_ID,1,8.790000000000001,22.32000000000001,0.0199987108744644,0.4463712267180475,0.7611042384761717,1.5799791321865666,0.892489906891914,0.3184979130248453,0.4698061671304701,0.1397354628158442,0.3998610693960188,0.3568644424607676,0.5263994175200981,0.1565681154899234,13.9,1.09,7.7,5.11,8.790000000000001,13.95,3.212107097851574,8.829230535908597,3.088791380169222,57.56872447914435,18.32863265605995,1,1,1,1,1,97.45,1,INCLUDED,,0,EXISTING_REVIEWER_FORMULA,1,MASS_BALANCE_NI_MINUS_FN_MINUS_UN,DIRECT_INITIAL_BW_EXISTING,1,INCLUDED_IN_906_MAIN,,,AIA_906_V1_20260806
V44_e662dc83f548,495,Choi2015_AAJS,Growing_metabolism,RSM12,growing,31.14,0.619623655913979,13.83,1.54,8.11,4.18,13.95,5.064521079878145,10.67439369628961,4.204048654700177,54.87125574167008,18.76498082692564,,,,,development,Historical Study_ID,1,9.65,22.31999999999998,0.0198979979420031,0.4441233140655106,0.7434060353519422,1.3068657946211018,0.825848939170339,0.236940451784386,0.4729867612650821,0.1316329244321519,0.3700040050046322,0.2869053171181889,0.5727279394949059,0.1593910437959664,13.83,1.54,8.11,4.18,9.65,13.95,5.064521079878145,10.67439369628961,4.204048654700177,54.87125574167008,18.76498082692564,1,1,1,1,1,97.86,1,INCLUDED,,0,EXISTING_REVIEWER_FORMULA,1,MASS_BALANCE_NI_MINUS_FN_MINUS_UN,DIRECT_INITIAL_BW_EXISTING,1,INCLUDED_IN_906_MAIN,,,AIA_906_V1_20260806
V44_03e001025790,496,Choi2015_AAJS,Growing_metabolism,RSM3,growing,31.14,0.55152329749104,12.31,1.37,7.74,3.200000000000001,13.95,3.666951045175209,9.29439271063046,3.368998402054709,56.91179981848419,18.43739988987816,,,,,development,Historical Study_ID,1,9.11,22.31999999999998,0.0177110885514142,0.3953114964675658,0.7566142776812216,1.5009049471349205,0.8776710634951725,0.2979898218686699,0.4704763807745909,0.1376440437950387,0.3932218026412064,0.3395233524983462,0.53605091969308,0.1568287363228032,12.31,1.37,7.74,3.200000000000001,9.11,13.95,3.666951045175209,9.29439271063046,3.368998402054709,56.91179981848419,18.43739988987816,1,1,1,1,1,97.56,1,INCLUDED,,0,EXISTING_REVIEWER_FORMULA,1,MASS_BALANCE_NI_MINUS_FN_MINUS_UN,DIRECT_INITIAL_BW_EXISTING,1,INCLUDED_IN_906_MAIN,,,AIA_906_V1_20260806
V44_379bde713a41,497,Choi2015_AAJS,Growing_metabolism,RSM6,growing,31.14,0.629032258064516,14.04,2.1,7.83,4.109999999999999,13.95,4.152042133950878,9.753631515775629,3.647661683858407,56.21146955614478,18.54890865055758,,,,,development,Historical Study_ID,1,9.93,22.320000000000004,0.0202001367393871,0.4508670520231213,0.7520658095203172,1.4302365203603518,0.8632649283905077,0.2665684279378733,0.4713018600434354,0.1356384420857117,0.3867674410351737,0.3087909854450707,0.5459527481582532,0.1571226139565282,14.04,2.1,7.83,4.109999999999999,9.93,13.95,4.152042133950878,9.753631515775629,3.647661683858407,56.21146955614478,18.54890865055758,1,1,1,1,1,97.65,1,INCLUDED,,0,EXISTING_REVIEWER_FORMULA,1,MASS_BALANCE_NI_MINUS_FN_MINUS_UN,DIRECT_INITIAL_BW_EXISTING,1,INCLUDED_IN_906_MAIN,,,AIA_906_V1_20260806
V44_f36022163fda,498,Choi2015_AAJS,Growing_metabolism,RSM9,growing,31.14,0.617831541218638,13.79,2.35,8.23,3.209999999999999,13.95,4.593107063815081,10.21614296931096,3.925900860471321,55.56556404696376,18.65445491545697,,,,,development,Historical Study_ID,1,10.58,22.32,0.0198404476948824,0.4428387925497751,0.7478106470128544,1.3654859805609076,0.8482915434139161,0.2571253758015159,0.471829761689464,0.1335064709932262,0.3800589352212886,0.3031096770889933,0.5562117945802024,0.1573827677875163,13.79,2.35,8.23,3.209999999999999,10.58,13.95,4.593107063815081,10.21614296931096,3.925900860471321,55.56556404696376,18.65445491545697,1,1,1,1,1,97.76,1,INCLUDED,,0,EXISTING_REVIEWER_FORMULA,1,MASS_BALANCE_NI_MINUS_FN_MINUS_UN,DIRECT_INITIAL_BW_EXISTING,1,INCLUDED_IN_906_MAIN,,,AIA_906_V1_20260806
V44_0a189c566ab6,499,Elsbernd2015_JAS,C1,C1_EM,grow-finish,35.0,1.7578125,67.5,10.9,14.3,42.3,24.0,5.576017950310067,14.06641708415875,5.416752871713885,31.10094974825553,18.75737805191576,,,,,development,Historical Study_ID,1,25.200000000000003,38.4,0.0502232142857142,1.9285714285714288,1.279496523105413,1.7061914101088471,1.23626556456266,0.3499937528156108,0.7527544283235137,0.2227300474623169,0.3219441574381927,0.2831056391507792,0.6088937926454397,0.1801635941717018,67.5,10.9,14.3,42.3,25.200000000000003,24.0,5.576017950310067,14.06641708415875,5.416752871713885,31.10094974825553,18.75737805191576,1,1,1,1,1,96.36,1,INCLUDED,,0,EXISTING_REVIEWER_FORMULA,1,MASS_BALANCE_NI_MINUS_FN_MINUS_UN,DIRECT_INITIAL_BW_EXISTING,1,INCLUDED_IN_906_MAIN,,,AIA_906_V1_20260806
V44_5413af89449d,500,Elsbernd2015_JAS,C1,C1_G,grow-finish,35.0,1.81510416666667,69.7,11.2,25.1,33.4,24.0,5.576017950310067,14.06641708415875,5.416752871713885,31.10094974825553,18.75737805191576,,,,,development,Historical Study_ID,1,36.3,38.39999999999993,0.0518601190476191,1.9914285714285715,1.279496523105413,1.7061914101088471,1.23626556456266,0.3499937528156108,0.7527544283235137,0.2227300474623169,0.3219441574381927,0.2831056391507792,0.6088937926454397,0.1801635941717018,69.7,11.2,25.1,33.4,36.3,24.0,5.576017950310067,14.06641708415875,5.416752871713885,31.10094974825553,18.75737805191576,1,1,1,1,1,96.36,1,INCLUDED,,0,EXISTING_REVIEWER_FORMULA,1,MASS_BALANCE_NI_MINUS_FN_MINUS_UN,DIRECT_INITIAL_BW_EXISTING,1,INCLUDED_IN_906_MAIN,,,AIA_906_V1_20260806
V44_ae311bfb4106,501,Elsbernd2015_JAS,C1,C1_IC,grow-finish,35.0,1.64322916666667,63.1,10.3,11.4,41.4,24.0,5.576017950310067,14.06641708415875,5.416752871713885,31.10094974825553,18.75737805191576,,,,,development,Historical Study_ID,1,21.700000000000003,38.39999999999992,0.0469494047619048,1.802857142857143,1.279496523105413,1.7061914101088471,1.23626556456266,0.3499937528156108,0.7527544283235137,0.2227300474623169,0.3219441574381927,0.2831056391507792,0.6088937926454397,0.1801635941717018,63.1,10.3,11.4,41.4,21.700000000000003,24.0,5.576017950310067,14.06641708415875,5.416752871713885,31.10094974825553,18.75737805191576,1,1,1,1,1,96.36,1,INCLUDED,,0,EXISTING_REVIEWER_FORMULA,1,MASS_BALANCE_NI_MINUS_FN_MINUS_UN,DIRECT_INITIAL_BW_EXISTING,1,INCLUDED_IN_906_MAIN,,,AIA_906_V1_20260806
V44_828e879bfb3e,502,Elsbernd2015_JAS,C1,C1_PC,grow-finish,35.0,1.8515625,71.1,11.3,22.6,37.2,24.0,5.576017950310067,14.06641708415875,5.416752871713885,31.10094974825553,18.75737805191576,,,,,development,Historical Study_ID,1,33.900000000000006,38.4,0.0529017857142857,2.031428571428571,1.279496523105413,1.7061914101088471,1.23626556456266,0.3499937528156108,0.7527544283235137,0.2227300474623169,0.3219441574381927,0.2831056391507792,0.6088937926454397,0.1801635941717018,71.1,11.3,22.6,37.2,33.900000000000006,24.0,5.576017950310067,14.06641708415875,5.416752871713885,31.10094974825553,18.75737805191576,1,1,1,1,1,96.36,1,INCLUDED,,0,EXISTING_REVIEWER_FORMULA,1,MASS_BALANCE_NI_MINUS_FN_MINUS_UN,DIRECT_INITIAL_BW_EXISTING,1,INCLUDED_IN_906_MAIN,,,AIA_906_V1_20260806
V44_3a66bc44bdcd,503,Elsbernd2015_JAS,C2,C2_EM,grow-finish,60.0,2.90155440414508,89.6,14.1,24.9,50.6,19.3,5.391259339450748,14.33351859855251,5.098129177895568,40.1708206048824,18.69924673383603,,,,,development,Historical Study_ID,1,39.0,30.87999999999997,0.0483592400690846,1.4933333333333332,1.0321271372432834,1.3464942238222677,0.9365595246115216,0.2969799613205792,0.5840694837454447,0.1575205141708533,0.3032900014933684,0.317096728522156,0.6236330616441199,0.1681906061829777,89.6,14.1,24.9,50.6,39.0,19.3,5.391259339450748,14.33351859855251,5.098129177895568,40.1708206048824,18.69924673383603,1,1,1,1,1,96.67,1,INCLUDED,,0,EXISTING_REVIEWER_FORMULA,1,MASS_BALANCE_NI_MINUS_FN_MINUS_UN,DIRECT_INITIAL_BW_EXISTING,1,INCLUDED_IN_906_MAIN,,,AIA_906_V1_20260806
V44_1af63ba83153,504,Elsbernd2015_JAS,C2,C2_G,grow-finish,60.0,2.89507772020725,89.4,14.2,38.0,37.2,19.3,5.391259339450748,14.33351859855251,5.098129177895568,40.1708206048824,18.69924673383603,,,,,development,Historical Study_ID,1,52.2,30.880000000000045,0.0482512953367875,1.49,1.0321271372432834,1.3464942238222677,0.9365595246115216,0.2969799613205792,0.5840694837454447,0.1575205141708533,0.3032900014933684,0.317096728522156,0.6236330616441199,0.1681906061829777,89.4,14.2,38.0,37.2,52.2,19.3,5.391259339450748,14.33351859855251,5.098129177895568,40.1708206048824,18.69924673383603,1,1,1,1,1,96.67,1,INCLUDED,,0,EXISTING_REVIEWER_FORMULA,1,MASS_BALANCE_NI_MINUS_FN_MINUS_UN,DIRECT_INITIAL_BW_EXISTING,1,INCLUDED_IN_906_MAIN,,,AIA_906_V1_20260806
V44_e882a90d6c32,505,Elsbernd2015_JAS,C2,C2_IC,grow-finish,60.0,2.79468911917098,86.3,14.1,23.2,49.0,19.3,5.391259339450748,14.33351859855251,5.098129177895568,40.1708206048824,18.69924673383603,,,,,development,Historical Study_ID,1,37.3,30.880000000000045,0.046578151986183,1.4383333333333332,1.0321271372432834,1.3464942238222677,0.9365595246115216,0.2969799613205792,0.5840694837454447,0.1575205141708533,0.3032900014933684,0.317096728522156,0.6236330616441199,0.1681906061829777,86.3,14.1,23.2,49.0,37.3,19.3,5.391259339450748,14.33351859855251,5.098129177895568,40.1708206048824,18.69924673383603,1,1,1,1,1,96.67,1,INCLUDED,,0,EXISTING_REVIEWER_FORMULA,1,MASS_BALANCE_NI_MINUS_FN_MINUS_UN,DIRECT_INITIAL_BW_EXISTING,1,INCLUDED_IN_906_MAIN,,,AIA_906_V1_20260806
V44_bf9d1ed3eebf,506,Elsbernd2015_JAS,C2,C2_PC,grow-finish,60.0,3.29987046632124,101.9,16.6,43.4,41.90000000000001,19.3,5.391259339450748,14.33351859855251,5.098129177895568,40.1708206048824,18.69924673383603,,,,,development,Historical Study_ID,1,60.0,30.880000000000035,0.054997841105354,1.6983333333333337,1.0321271372432834,1.3464942238222677,0.9365595246115216,0.2969799613205792,0.5840694837454447,0.1575205141708533,0.3032900014933684,0.317096728522156,0.6236330616441199,0.1681906061829777,101.9,16.6,43.4,41.90000000000001,60.0,19.3,5.391259339450748,14.33351859855251,5.098129177895568,40.1708206048824,18.69924673383603,1,1,1,1,1,96.67,1,INCLUDED,,0,EXISTING_REVIEWER_FORMULA,1,MASS_BALANCE_NI_MINUS_FN_MINUS_UN,DIRECT_INITIAL_BW_EXISTING,1,INCLUDED_IN_906_MAIN,,,AIA_906_V1_20260806
V44_40771fea2912,507,Elsbernd2015_JAS,C3,C3_EM,grow-finish,85.0,3.22058823529412,87.6,13.3,29.3,45.0,17.0,5.21663427705157,14.488637293978,4.943897445580009,44.87805340749104,18.67527922098089,,,,,development,Historical Study_ID,1,42.6,27.199999999999974,0.0378892733564014,1.0305882352941176,0.9102942879108986,1.1733332579914753,0.7862551453294542,0.2706559684700467,0.5106079407234726,0.1248220850944124,0.2890643916652405,0.3442342731590485,0.6494176143159219,0.1587551901388318,87.6,13.3,29.3,45.0,42.6,17.0,5.21663427705157,14.488637293978,4.943897445580009,44.87805340749104,18.67527922098089,1,1,1,1,1,96.94,1,INCLUDED,,0,EXISTING_REVIEWER_FORMULA,1,MASS_BALANCE_NI_MINUS_FN_MINUS_UN,DIRECT_INITIAL_BW_EXISTING,1,INCLUDED_IN_906_MAIN,,,AIA_906_V1_20260806
V44_1498b1d7d086,508,Elsbernd2015_JAS,C3,C3_G,grow-finish,85.0,3.23897058823529,88.1,13.9,38.6,35.59999999999999,17.0,5.21663427705157,14.488637293978,4.943897445580009,44.87805340749104,18.67527922098089,,,,,development,Historical Study_ID,1,52.5,27.200000000000035,0.0381055363321798,1.036470588235294,0.9102942879108986,1.1733332579914753,0.7862551453294542,0.2706559684700467,0.5106079407234726,0.1248220850944124,0.2890643916652405,0.3442342731590485,0.6494176143159219,0.1587551901388318,88.1,13.9,38.6,35.59999999999999,52.5,17.0,5.21663427705157,14.488637293978,4.943897445580009,44.87805340749104,18.67527922098089,1,1,1,1,1,96.94,1,INCLUDED,,0,EXISTING_REVIEWER_FORMULA,1,MASS_BALANCE_NI_MINUS_FN_MINUS_UN,DIRECT_INITIAL_BW_EXISTING,1,INCLUDED_IN_906_MAIN,,,AIA_906_V1_20260806
V44_c94723c37fdc,509,Elsbernd2015_JAS,C3,C3_IC,grow-finish,85.0,3.56985294117647,97.1,14.9,40.6,41.59999999999999,17.0,5.21663427705157,14.488637293978,4.943897445580009,44.87805340749104,18.67527922098089,,,,,development,Historical Study_ID,1,55.5,27.200000000000003,0.0419982698961937,1.1423529411764706,0.9102942879108986,1.1733332579914753,0.7862551453294542,0.2706559684700467,0.5106079407234726,0.1248220850944124,0.2890643916652405,0.3442342731590485,0.6494176143159219,0.1587551901388318,97.1,14.9,40.6,41.59999999999999,55.5,17.0,5.21663427705157,14.488637293978,4.943897445580009,44.87805340749104,18.67527922098089,1,1,1,1,1,96.94,1,INCLUDED,,0,EXISTING_REVIEWER_FORMULA,1,MASS_BALANCE_NI_MINUS_FN_MINUS_UN,DIRECT_INITIAL_BW_EXISTING,1,INCLUDED_IN_906_MAIN,,,AIA_906_V1_20260806
V44_1d9ae2d05916,510,Elsbernd2015_JAS,C3,C3_PC,grow-finish,85.0,3.63602941176471,98.9,14.0,47.1,37.8,17.0,5.21663427705157,14.488637293978,4.943897445580009,44.87805340749104,18.67527922098089,,,,,development,Historical Study_ID,1,61.1,27.19999999999997,0.0427768166089965,1.163529411764706,0.9102942879108986,1.1733332579914753,0.7862551453294542,0.2706559684700467,0.5106079407234726,0.1248220850944124,0.2890643916652405,0.3442342731590485,0.6494176143159219,0.1587551901388318,98.9,14.0,47.1,37.8,61.1,17.0,5.21663427705157,14.488637293978,4.943897445580009,44.87805340749104,18.67527922098089,1,1,1,1,1,96.94,1,INCLUDED,,0,EXISTING_REVIEWER_FORMULA,1,MASS_BALANCE_NI_MINUS_FN_MINUS_UN,DIRECT_INITIAL_BW_EXISTING,1,INCLUDED_IN_906_MAIN,,,AIA_906_V1_20260806
V44_bff5c4f01a2d,511,Galassi2015_IJAS,DietMainEffect_130kg,CONV,late finishing,101.0,2.623,62.8,9.3,32.6,20.9,14.966,4.535,13.719,4.308,50.227,18.26333713220595,,,,,development,Historical Study_ID,1,41.900000000000006,23.94205108654213,0.0259702970297029,0.6217821782178218,0.8194559346773839,1.090895837889059,0.477046559941948,0.1964286530906955,0.3918839191106218,0.1306026621272619,0.1992209675021499,0.4117599194397272,0.8214793942928974,0.2737734072396518,62.8,9.3,32.6,20.9,41.900000000000006,14.966,4.535,13.719,4.308,50.227,18.26333713220595,1,1,1,1,1,97.67,1,INCLUDED,,0,EXISTING_REVIEWER_FORMULA,1,MASS_BALANCE_NI_MINUS_FN_MINUS_UN,DIRECT_INITIAL_BW_EXISTING,1,INCLUDED_IN_906_MAIN,,,AIA_906_V1_20260806
V44_09fac5923a27,512,Galassi2015_IJAS,DietMainEffect_130kg,LP1,late finishing,101.0,2.6,49.0,8.89,24.3,15.81,11.778,4.304,14.609,4.417,55.04,18.15275574805764,,,,,development,Historical Study_ID,1,33.19,18.846153846153847,0.0257425742574257,0.4851485148514851,0.648827107215402,0.8062153467040866,0.384240584566989,0.1574803121333895,0.3241134989448392,0.0988144892942673,0.2038974064818883,0.40984820047278,0.843517087894532,0.2571682775405518,49.0,8.89,24.3,15.81,33.19,11.778,4.304,14.609,4.417,55.04,18.15275574805764,1,1,1,1,1,97.63,1,INCLUDED,,0,EXISTING_REVIEWER_FORMULA,1,MASS_BALANCE_NI_MINUS_FN_MINUS_UN,DIRECT_INITIAL_BW_EXISTING,1,INCLUDED_IN_906_MAIN,,,AIA_906_V1_20260806
V44_19e8b32cb747,513,Galassi2015_IJAS,DietMainEffect_130kg,LP2,late finishing,101.0,2.566,45.0,7.69,21.0,16.310000000000002,10.96,3.955,13.559,4.068,58.644,18.08123437514794,,,,,development,Historical Study_ID,1,28.69,17.537022603273577,0.0254059405940594,0.4455445544554455,0.6061533063840021,0.8083191975809426,0.473553114465553,0.2009350497583206,0.4118870448025514,0.1252073300929072,0.2700462559680389,0.4243136485019083,0.8697800356933619,0.2643997605933071,45.0,7.69,21.0,16.310000000000002,28.69,10.96,3.955,13.559,4.068,58.644,18.08123437514794,1,1,1,1,1,97.46,1,INCLUDED,,0,EXISTING_REVIEWER_FORMULA,1,MASS_BALANCE_NI_MINUS_FN_MINUS_UN,DIRECT_INITIAL_BW_EXISTING,1,INCLUDED_IN_906_MAIN,,,AIA_906_V1_20260806
V44_100282609d7d,514,Kampman2015_BJN,CFA_Protein,Ad_Post,growing,28.5,1.2681748702,39.837381034,2.0605541914,12.5350379979,25.241788844700004,19.6332254585,3.883495145631068,12.18574917396926,10.77359985223798,47.75340673548546,17.83998583947298,,,,,confirmation,Historical Study_ID,1,14.5955921893,31.41316073209791,0.0444973638666666,1.3978028432982457,1.1005179956510545,1.6111627753211726,1.029696369569232,0.4104120918587231,0.5631443552855707,0.1615428817698606,0.3277913923726411,0.398575836516173,0.5469033124018483,0.1568839966265406,39.837381034,2.0605541914,12.5350379979,25.241788844700004,14.5955921893,19.6332254585,3.883495145631068,12.18574917396926,10.77359985223798,47.75340673548546,17.83998583947298,1,1,1,1,1,100.02,1,INCLUDED,,0,EXISTING_REVIEWER_FORMULA,1,MASS_BALANCE_NI_MINUS_FN_MINUS_UN,DIRECT_INITIAL_BW_EXISTING,1,INCLUDED_IN_906_MAIN,,,AIA_906_V1_20260806
V44_c299a3bb8209,515,Kampman2015_BJN,CFA_Protein,Ad_Pre,growing,28.5,1.1503726541,36.136841086,1.8691469527,9.9687837478,24.2989103855,19.6332254585,3.883495145631068,12.18574917396926,10.77359985223798,47.75340673548546,17.83998583947298,,,,,confirmation,Historical Study_ID,1,11.8379307005,31.4131607329208,0.0403639527754385,1.267959336350877,1.1005179956510545,1.6111627753211726,1.029696369569232,0.4104120918587231,0.5631443552855707,0.1615428817698606,0.3277913923726411,0.398575836516173,0.5469033124018483,0.1568839966265406,36.136841086,1.8691469527,9.9687837478,24.2989103855,11.8379307005,19.6332254585,3.883495145631068,12.18574917396926,10.77359985223798,47.75340673548546,17.83998583947298,1,1,1,1,1,100.02,1,INCLUDED,,0,EXISTING_REVIEWER_FORMULA,1,MASS_BALANCE_NI_MINUS_FN_MINUS_UN,DIRECT_INITIAL_BW_EXISTING,1,INCLUDED_IN_906_MAIN,,,AIA_906_V1_20260806
V44_4e17dec14561,516,Kampman2015_BJN,CFA_Protein,Res_Post,growing,28.5,1.1903420019,28.147029862,1.9300820477,6.9161273375,19.3008204768,14.7788565264,3.991370010787486,12.87035130205508,11.39201161931394,50.3858519090189,17.62422798911764,,,,,confirmation,Historical Study_ID,1,8.8462093852,23.64617044267301,0.0417663860315789,0.987615082877193,0.8385534126956052,1.1482869565526297,0.7656834330610015,0.2972382020769831,0.4186279649619137,0.1201187315377577,0.3238086416281741,0.3881998607292608,0.5467376553889235,0.1568777987758655,28.147029862,1.9300820477,6.9161273375,19.3008204768,8.8462093852,14.7788565264,3.991370010787486,12.87035130205508,11.39201161931394,50.3858519090189,17.62422798911764,1,1,1,1,1,100.0,1,INCLUDED,,0,EXISTING_REVIEWER_FORMULA,1,MASS_BALANCE_NI_MINUS_FN_MINUS_UN,DIRECT_INITIAL_BW_EXISTING,1,INCLUDED_IN_906_MAIN,,,AIA_906_V1_20260806
V44_a88ae59eb19d,517,Kampman2015_BJN,CFA_Protein,Res_Pre,growing,28.5,1.1229585955,26.55367035,1.9502695737,6.3008709305,18.3025298458,14.7788565264,3.991370010787486,12.87035130205508,11.39201161931394,50.3858519090189,17.62422798911764,,,,,confirmation,Historical Study_ID,1,8.2511405042,23.646170443334032,0.0394020559824561,0.9317077315789474,0.8385534126956052,1.1482869565526297,0.7656834330610015,0.2972382020769831,0.4186279649619137,0.1201187315377577,0.3238086416281741,0.3881998607292608,0.5467376553889235,0.1568777987758655,26.55367035,1.9502695737,6.3008709305,18.3025298458,8.2511405042,14.7788565264,3.991370010787486,12.87035130205508,11.39201161931394,50.3858519090189,17.62422798911764,1,1,1,1,1,100.0,1,INCLUDED,,0,EXISTING_REVIEWER_FORMULA,1,MASS_BALANCE_NI_MINUS_FN_MINUS_UN,DIRECT_INITIAL_BW_EXISTING,1,INCLUDED_IN_906_MAIN,,,AIA_906_V1_20260806
V44_0a80fab56b2d,518,Norgaard2015_CAA,Balance,C-AA,growing,44.7,1.4183564814814813,35.5,4.4,9.2,21.9,15.643105446118192,3.036672007915676,15.85131941676859,5.459898910220292,47.55395825030577,17.12331534899061,,,,,development,Historical Study_ID,1,13.6,25.028968713789112,0.0317305700555141,0.7941834451901566,0.9135558813988862,0.9868645653288562,0.8876668599777371,0.379924251377685,0.2641886569461431,0.0968691742135858,0.4109568796193227,0.4280031941118243,0.2976214037693927,0.1091278480487773,35.5,4.4,9.2,21.9,13.6,15.643105446118192,3.036672007915676,15.85131941676859,5.459898910220292,47.55395825030577,17.12331534899061,1,1,1,1,1,92.58,0,INCLUDED,NI_DMI_CP_INCONSISTENT,0,EXISTING_REVIEWER_FORMULA,1,MASS_BALANCE_NI_MINUS_FN_MINUS_UN,DIRECT_INITIAL_BW_EXISTING,1,INCLUDED_IN_906_MAIN,,,AIA_906_V1_20260806
V44_d1d4d50940e1,519,Norgaard2015_CAA,Balance,P-AA,growing,44.7,1.419473684210526,34.8,6.3,8.9,19.599999999999994,15.322580645161292,3.520650833893923,16.07827119730634,5.790505689697622,46.30322976972436,18.1635978806952,,,,,development,Historical Study_ID,1,15.2,24.516129032258068,0.0317555634051571,0.7785234899328858,0.8435873082968092,0.952999265725058,0.8237235603984391,0.3022874263445133,0.404715057208886,0.1471077984284617,0.3870881392849807,0.3669767879387781,0.4913238817803431,0.1785887954416466,34.8,6.3,8.9,19.599999999999994,15.2,15.322580645161292,3.520650833893923,16.07827119730634,5.790505689697622,46.30322976972436,18.1635978806952,1,1,1,1,1,96.92,1,INCLUDED,NI_DMI_CP_INCONSISTENT,0,EXISTING_REVIEWER_FORMULA,1,MASS_BALANCE_NI_MINUS_FN_MINUS_UN,DIRECT_INITIAL_BW_EXISTING,1,INCLUDED_IN_906_MAIN,,,AIA_906_V1_20260806
V44_f66667beb998,520,Pilcher2015_JAS,MainEffect_DDGS,DDGS_0,finishing,107.2,3.19,68.2,11.3,23.0,33.900000000000006,13.3620689655,3.8954128721727006,8.726838306213846,3.0282840931849586,57.35038381174852,18.29450662513505,,,,,development,Historical Study_ID,1,34.3,21.379310344827587,0.0297574626865671,0.6361940298507462,0.7303869538160537,1.5311466188144784,0.0,0.0,0.0,0.0,0.0,,,,68.2,11.3,23.0,33.900000000000006,34.3,13.3620689655,3.8954128721727006,8.726838306213846,3.0282840931849586,57.35038381174852,18.29450662513505,1,1,1,1,1,100.0,1,INCLUDED,,0,STRUCTURED_FROM_REPORTED_TREATMENT,0,MASS_BALANCE_NI_MINUS_FN_MINUS_UN,DIRECT_INITIAL_BW_EXISTING,1,INCLUDED_IN_906_MAIN,,,AIA_906_V1_20260806
V44_91b858b71eaa,521,Pilcher2015_JAS,MainEffect_DDGS,DDGS_30,finishing,107.4,2.8,73.8,13.8,26.4,33.6,16.4732142857,5.284327462486596,15.70171185499532,5.365325081817142,42.44483811371516,18.72797959673266,,,,,development,Historical Study_ID,1,40.2,26.357142857142858,0.026070763500931,0.6871508379888267,0.8796044549607458,1.049134924766769,0.0,0.0,0.0,0.0,0.0,,,,73.8,13.8,26.4,33.6,40.2,16.4732142857,5.284327462486596,15.70171185499532,5.365325081817142,42.44483811371516,18.72797959673266,1,1,1,1,1,100.0,1,INCLUDED,,0,STRUCTURED_FROM_REPORTED_TREATMENT,0,MASS_BALANCE_NI_MINUS_FN_MINUS_UN,DIRECT_INITIAL_BW_EXISTING,1,INCLUDED_IN_906_MAIN,,,AIA_906_V1_20260806
V44_0960f7bbf206,522,Pilcher2015_JAS,MainEffect_RAC,RAC_0,finishing,107.0,3.03,64.5,12.5,23.1,28.9,13.3044554455,4.641588835504115,12.280991106657948,4.091639924806283,52.64523268879105,18.51045536703723,,,,,development,Historical Study_ID,1,35.6,21.28712871287129,0.0283177570093457,0.602803738317757,0.7187535466681229,1.0833372754652673,0.0,0.0,0.0,0.0,0.0,,,,64.5,12.5,23.1,28.9,35.6,13.3044554455,4.641588835504115,12.280991106657948,4.091639924806283,52.64523268879105,18.51045536703723,1,1,1,1,1,100.0,1,INCLUDED,,0,STRUCTURED_FROM_REPORTED_TREATMENT,0,MASS_BALANCE_NI_MINUS_FN_MINUS_UN,DIRECT_INITIAL_BW_EXISTING,1,INCLUDED_IN_906_MAIN,,,AIA_906_V1_20260806
V44_6d42746a3894,523,Pilcher2015_JAS,MainEffect_RAC,RAC_5,finishing,107.6,2.96,77.5,12.7,26.3,38.5,16.3640202703,4.538151499155181,12.14755905455122,4.3019692501958176,47.149989236672624,18.512030854830485,,,,,development,Historical Study_ID,1,39.0,26.18243243243243,0.0275092936802974,0.7202602230483272,0.8839667780712461,1.3471035783249834,0.0,0.0,0.0,0.0,0.0,,,,77.5,12.7,26.3,38.5,39.0,16.3640202703,4.538151499155181,12.14755905455122,4.3019692501958176,47.149989236672624,18.512030854830485,1,1,1,1,1,100.0,1,INCLUDED,,0,STRUCTURED_FROM_REPORTED_TREATMENT,0,MASS_BALANCE_NI_MINUS_FN_MINUS_UN,DIRECT_INITIAL_BW_EXISTING,1,INCLUDED_IN_906_MAIN,,,AIA_906_V1_20260806
V44_fff9402b4f98,524,Pilcher2015_JAS,MainEffect_TP,TP_0,finishing,107.0,3.0,71.1,12.9,24.6,33.599999999999994,14.8125,4.589870167329648,12.214275080604583,4.19680458750105,49.89761096273183,18.51124311093385,,,,,development,Historical Study_ID,1,37.5,23.7,0.02803738317757,0.6644859813084112,0.8001893720066184,1.2127203540324072,0.0,0.0,0.0,0.0,0.0,,,,71.1,12.9,24.6,33.599999999999994,37.5,14.8125,4.589870167329648,12.214275080604583,4.19680458750105,49.89761096273183,18.51124311093385,1,1,1,1,1,100.0,1,INCLUDED,,0,STRUCTURED_FROM_REPORTED_TREATMENT,0,MASS_BALANCE_NI_MINUS_FN_MINUS_UN,DIRECT_INITIAL_BW_EXISTING,1,INCLUDED_IN_906_MAIN,,,AIA_906_V1_20260806
V44_1ef962e215ee,525,Pilcher2015_JAS,MainEffect_TP,TP_44,finishing,107.0,2.99,71.0,12.3,24.8,33.900000000000006,14.8411371237,4.589870167329648,12.214275080604583,4.19680458750105,49.89761096273183,18.51124311093385,,,,,development,Historical Study_ID,1,37.1,23.74581939799331,0.0279439252336448,0.6635514018691588,0.8017363844643115,1.215064915908656,0.0,0.0,0.0,0.0,0.0,,,,71.0,12.3,24.8,33.900000000000006,37.1,14.8411371237,4.589870167329648,12.214275080604583,4.19680458750105,49.89761096273183,18.51124311093385,1,1,1,1,1,100.0,1,INCLUDED,,0,STRUCTURED_FROM_REPORTED_TREATMENT,0,MASS_BALANCE_NI_MINUS_FN_MINUS_UN,DIRECT_INITIAL_BW_EXISTING,1,INCLUDED_IN_906_MAIN,,,AIA_906_V1_20260806
V44_4bcc6f077d61,526,Rachuonyo2015_RMCP,Exp1,CP14,growing,17.58,0.851,18.96,3.43,3.71,11.82,14.0,4.03743420624027,8.75673325979858,2.997556953864057,58.29485488867572,18.42924264446546,,,,,confirmation,Historical Study_ID,1,7.140000000000001,22.27967097532315,0.0484072810011376,1.0784982935153584,0.7596622536306114,1.598769722068938,0.6359723098973133,0.3179956463232998,0.611191959401628,0.12753206287446,0.2839162097755863,0.5000149241948044,0.9610354883223036,0.2005308421290415,18.96,3.43,3.71,11.82,7.140000000000001,14.0,4.03743420624027,8.75673325979858,2.997556953864057,58.29485488867572,18.42924264446546,1,1,1,1,1,97.52,1,INCLUDED,,0,EXISTING_REVIEWER_FORMULA,1,MASS_BALANCE_NI_MINUS_FN_MINUS_UN,DIRECT_INITIAL_BW_EXISTING,1,INCLUDED_IN_906_MAIN,,,AIA_906_V1_20260806
V44_4aed56c55224,527,Rachuonyo2015_RMCP,Exp1,CP19,growing,17.82,0.859,25.83,3.58,8.5,13.75,19.0,3.955603837459754,8.669396086821274,3.343611231669419,50.87137904881943,18.58372419090917,,,,,confirmation,Historical Study_ID,1,12.08,30.06984866123399,0.0482042648709315,1.4494949494949494,1.0224000208362145,2.191617479432359,0.833109803834027,0.2711890985325888,0.5986858013921745,0.1893599200766657,0.2740492775769825,0.325514232679244,0.7186157198450702,0.2272928720862708,25.83,3.58,8.5,13.75,12.08,19.0,3.955603837459754,8.669396086821274,3.343611231669419,50.87137904881943,18.58372419090917,1,1,1,1,1,97.61,1,INCLUDED,,0,EXISTING_REVIEWER_FORMULA,1,MASS_BALANCE_NI_MINUS_FN_MINUS_UN,DIRECT_INITIAL_BW_EXISTING,1,INCLUDED_IN_906_MAIN,,,AIA_906_V1_20260806
V44_b90616a6f63e,528,White2015_AFST,Trial1_Finisher,Finisher_Fuego,finishing,55.0,2.39579257011,72.6,17.0,21.0,34.599999999999994,18.9394526747,2.525359451185706,19.73875114310124,8.090845178862516,37.91635708843978,17.8081228538092,,,,,development,Historical Study_ID,1,38.0,30.30312427952252,0.0435598649110909,1.3199999999999998,1.0635288643378158,0.9595061276872828,0.7699065608735921,0.2425421314455309,0.5265212954653504,0.1644585415083235,0.2575554843162894,0.3150280095942096,0.6838768783421212,0.2136084427202657,72.6,17.0,21.0,34.599999999999994,38.0,18.9394526747,2.525359451185706,19.73875114310124,8.090845178862516,37.91635708843978,17.8081228538092,1,1,1,1,1,99.991,1,INCLUDED,,0,EXISTING_REVIEWER_FORMULA,1,MASS_BALANCE_NI_MINUS_FN_MINUS_UN,DIRECT_INITIAL_BW_EXISTING,1,INCLUDED_IN_906_MAIN,,,AIA_906_V1_20260806
V44_120abfe557de,529,White2015_AFST,Trial1_Finisher,Finisher_Prophet,finishing,55.0,2.3972023825,68.0,15.6,18.4,34.0,17.7289995664,3.263362853486503,19.02872175064841,7.460597686407742,39.75138272367555,17.99607125420198,,,,,development,Historical Study_ID,1,34.0,28.36639930629637,0.0435854978636363,1.2363636363636363,0.9851594448571868,0.9316968211906236,0.8134015366772813,0.2441367078872565,0.5295129034590653,0.1514688009219839,0.2963854102149055,0.3001429145124891,0.6509858656305325,0.1862165168026716,68.0,15.6,18.4,34.0,34.0,17.7289995664,3.263362853486503,19.02872175064841,7.460597686407742,39.75138272367555,17.99607125420198,1,1,1,1,1,100.01,1,INCLUDED,,0,EXISTING_REVIEWER_FORMULA,1,MASS_BALANCE_NI_MINUS_FN_MINUS_UN,DIRECT_INITIAL_BW_EXISTING,1,INCLUDED_IN_906_MAIN,,,AIA_906_V1_20260806
V44_a27d34879ed8,530,White2015_AFST,Trial1_Finisher,Finisher_SBM,finishing,55.0,2.40929444996,72.4,14.8,20.6,37.00000000000001,18.7814320499,3.400599768804204,17.76051019439434,6.259424020908143,36.7917730037025,18.18258883447163,,,,,development,Historical Study_ID,1,35.400000000000006,30.050291279757037,0.0438053536356363,1.3163636363636364,1.0329349808698884,1.0574826873964405,0.7993993376854734,0.2569823252489264,0.55850683256175,0.2023870351652157,0.2597261870189003,0.3214692746593656,0.6986581127009848,0.2531738839704238,72.4,14.8,20.6,37.00000000000001,35.400000000000006,18.7814320499,3.400599768804204,17.76051019439434,6.259424020908143,36.7917730037025,18.18258883447163,1,1,1,1,1,100.02,1,INCLUDED,,0,EXISTING_REVIEWER_FORMULA,1,MASS_BALANCE_NI_MINUS_FN_MINUS_UN,DIRECT_INITIAL_BW_EXISTING,1,INCLUDED_IN_906_MAIN,,,AIA_906_V1_20260806
V44_8420bfcc3965,531,White2015_AFST,Trial1_Finisher,Finisher_Tattoo,finishing,55.0,2.39736652514,72.0,15.0,20.0,37.0,18.7705966227,3.844810768023849,19.56562152551376,8.035610116913915,37.11920555219646,18.09222548270268,,,,,development,Historical Study_ID,1,35.0,30.0329545962086,0.0435884822752727,1.309090909090909,1.037495173860501,0.959366233177053,0.7617937472400921,0.2455182009499267,0.5221428310081049,0.1627772816177093,0.2576277562784868,0.3222895985158927,0.6854123349000695,0.2136763162042695,72.0,15.0,20.0,37.0,35.0,18.7705966227,3.844810768023849,19.56562152551376,8.035610116913915,37.11920555219646,18.09222548270268,1,1,1,1,1,99.993,1,INCLUDED,,0,EXISTING_REVIEWER_FORMULA,1,MASS_BALANCE_NI_MINUS_FN_MINUS_UN,DIRECT_INITIAL_BW_EXISTING,1,INCLUDED_IN_906_MAIN,,,AIA_906_V1_20260806
V44_59560b79e4ad,532,White2015_AFST,Trial1_Grower,Grower_Fuego,growing,35.0,1.8900062375,57.8,12.2,14.8,30.799999999999997,19.1136935335,2.360613241096467,17.59747753311308,7.350676323563636,40.7980760243742,17.85385000546009,,,,,development,Historical Study_ID,1,27.0,30.581909653618272,0.0540001782142857,1.6514285714285712,1.0705642495962846,1.0861609851488014,0.922489738933422,0.2798696164913544,0.5997388204549258,0.178147638972545,0.2979206967185993,0.3033850726783565,0.650130614079611,0.1931161198372986,57.8,12.2,14.8,30.799999999999997,27.0,19.1136935335,2.360613241096467,17.59747753311308,7.350676323563636,40.7980760243742,17.85385000546009,1,1,1,1,1,100.025,1,INCLUDED,,0,EXISTING_REVIEWER_FORMULA,1,MASS_BALANCE_NI_MINUS_FN_MINUS_UN,DIRECT_INITIAL_BW_EXISTING,1,INCLUDED_IN_906_MAIN,,,AIA_906_V1_20260806
V44_5bcfca77fc29,533,White2015_AFST,Trial1_Grower,Grower_Prophet,growing,35.0,1.89526250836,56.4,10.8,15.2,30.399999999999995,18.5990066519,3.209071936188981,16.8672117883739,6.7140615235521,42.51515854215224,18.05204521706516,,,,,development,Historical Study_ID,1,26.0,29.758410642968816,0.0541503573817142,1.6114285714285714,1.030299139419271,1.1026722664809236,0.9632310111852326,0.2723010158848159,0.6075878897860707,0.171377842560032,0.3383165071293321,0.2826954414079298,0.6307810719657462,0.1779197726920728,56.4,10.8,15.2,30.399999999999995,26.0,18.5990066519,3.209071936188981,16.8672117883739,6.7140615235521,42.51515854215224,18.05204521706516,1,1,1,1,1,99.955,1,INCLUDED,,0,EXISTING_REVIEWER_FORMULA,1,MASS_BALANCE_NI_MINUS_FN_MINUS_UN,DIRECT_INITIAL_BW_EXISTING,1,INCLUDED_IN_906_MAIN,,,AIA_906_V1_20260806
V44_d8c6bef4eff7,534,White2015_AFST,Trial1_Grower,Grower_SBM,growing,35.0,1.90238714322,63.0,10.6,18.6,33.8,20.6976798284,3.344944505894168,15.52225019764883,5.540257287777639,38.47481173925204,18.25884127808039,,,,,development,Historical Study_ID,1,29.200000000000003,33.11628772541301,0.0543539183777142,1.8,1.1335702804562642,1.3334200624813466,0.9357437958855596,0.274115502990171,0.5842332207435692,0.2115710414449708,0.2856015719983046,0.2929386272133991,0.6243516904011835,0.2260993258787747,63.0,10.6,18.6,33.8,29.200000000000003,20.6976798284,3.344944505894168,15.52225019764883,5.540257287777639,38.47481173925204,18.25884127808039,1,1,1,1,1,99.951,1,INCLUDED,,0,EXISTING_REVIEWER_FORMULA,1,MASS_BALANCE_NI_MINUS_FN_MINUS_UN,DIRECT_INITIAL_BW_EXISTING,1,INCLUDED_IN_906_MAIN,,,AIA_906_V1_20260806
V44_b0df094aeaa2,535,White2015_AFST,Trial1_Grower,Grower_Tattoo,growing,35.0,1.93914446526,61.6,12.4,18.0,31.200000000000003,19.8541164362,3.792712290700297,17.41512244011551,7.292784905169095,39.93297246822977,18.16368704174041,,,,,development,Historical Study_ID,1,30.4,31.76658629801503,0.0554041275788571,1.76,1.0930664237153482,1.1400503501753338,0.9213930305822512,0.288109745490215,0.5894897009787803,0.1666198133123534,0.3009589294561627,0.3126893040510099,0.6397809419138617,0.1808346794278031,61.6,12.4,18.0,31.200000000000003,30.4,19.8541164362,3.792712290700297,17.41512244011551,7.292784905169095,39.93297246822977,18.16368704174041,1,1,1,1,1,100.015,1,INCLUDED,,0,EXISTING_REVIEWER_FORMULA,1,MASS_BALANCE_NI_MINUS_FN_MINUS_UN,DIRECT_INITIAL_BW_EXISTING,1,INCLUDED_IN_906_MAIN,,,AIA_906_V1_20260806
V44_1f32d10b6c30,541,Acosta2016_JAS,FP,CONS-18,finishing,70.0,2.975995319899983,73.7,12.6,39.2,21.9,15.4780149323,6.115477910904139,12.22817911024998,4.066654662838274,48.83804388477308,18.78057998410481,,,,,development,Historical Study_ID,1,51.8,24.764823891751583,0.042514218855714,1.052857142857143,0.8241499967200172,1.265766128607482,0.8215385632872196,0.2354084080663041,0.5268607541731583,0.1346255353882783,0.3317360813388316,0.2865457795728604,0.6413098273379061,0.1638700134167793,73.7,12.6,39.2,21.9,51.8,15.4780149323,6.115477910904139,12.22817911024998,4.066654662838274,48.83804388477308,18.78057998410481,1,1,1,1,1,97.13,1,INCLUDED,,0,EXISTING_REVIEWER_FORMULA,1,MASS_BALANCE_NI_MINUS_FN_MINUS_UN,DIRECT_INITIAL_BW_EXISTING,1,INCLUDED_IN_906_MAIN,,,AIA_906_V1_20260806
V44_1fb60cab8c26,542,Acosta2016_JAS,FP,CONS-36,finishing,70.0,2.9841017624091783,76.0,14.7,39.4,21.9,15.9176877271,9.170032692090826,15.62595173453728,5.047890904382376,40.32498777584578,19.36168428564361,,,,,development,Historical Study_ID,1,54.1,25.468300363403934,0.0426300251772739,1.0857142857142856,0.822123090753149,1.0186699663175018,0.780663972152552,0.2414344849964943,0.5101032734880938,0.1303307731326239,0.3065237809412893,0.3092681276564852,0.6534223323788957,0.1669486203817736,76.0,14.7,39.4,21.9,54.1,15.9176877271,9.170032692090826,15.62595173453728,5.047890904382376,40.32498777584578,19.36168428564361,1,1,1,1,1,97.28,1,INCLUDED,,0,EXISTING_REVIEWER_FORMULA,1,MASS_BALANCE_NI_MINUS_FN_MINUS_UN,DIRECT_INITIAL_BW_EXISTING,1,INCLUDED_IN_906_MAIN,,,AIA_906_V1_20260806
V44_97d2cfccae03,543,Acosta2016_JAS,FP,CTL,finishing,70.0,3.372051749504285,81.2,11.3,41.7,28.200000000000003,15.0501842113,3.022058435161608,8.797222648637215,3.075814774166997,57.39240306038852,18.18736748014661,,,,,development,Historical Study_ID,1,53.0,24.08029473804397,0.0481721678500612,1.16,0.8275075668718318,1.7107881444414093,0.8626443724421186,0.2622987976146033,0.5436393302315294,0.1389302923488713,0.3582366336562955,0.3040636512495222,0.6302009815383179,0.1610516416580381,81.2,11.3,41.7,28.200000000000003,53.0,15.0501842113,3.022058435161608,8.797222648637215,3.075814774166997,57.39240306038852,18.18736748014661,1,1,1,1,1,96.96,1,INCLUDED,,0,EXISTING_REVIEWER_FORMULA,1,MASS_BALANCE_NI_MINUS_FN_MINUS_UN,DIRECT_INITIAL_BW_EXISTING,1,INCLUDED_IN_906_MAIN,,,AIA_906_V1_20260806
V44_66ce986dec3e,544,Acosta2016_JAS,FP,DECL-18,finishing,70.0,3.4546595539477005,86.2,14.6,44.6,27.000000000000007,15.5948796571,4.31607084477527,12.41125017453803,4.11625825235423,50.21801075434634,18.38671884769574,,,,,development,Historical Study_ID,1,59.2,24.951807451329824,0.04935227934211,1.2314285714285715,0.8481600108359943,1.256511587293056,0.8232654172454226,0.2379759532860533,0.5301500662543551,0.1350473762097799,0.3299421971134802,0.2890634639826133,0.6439600827983192,0.1640386847070986,86.2,14.6,44.6,27.000000000000007,59.2,15.5948796571,4.31607084477527,12.41125017453803,4.11625825235423,50.21801075434634,18.38671884769574,1,1,1,1,1,97.12,1,INCLUDED,,0,EXISTING_REVIEWER_FORMULA,1,MASS_BALANCE_NI_MINUS_FN_MINUS_UN,DIRECT_INITIAL_BW_EXISTING,1,INCLUDED_IN_906_MAIN,,,AIA_906_V1_20260806
V44_dfed0f32e884,545,Acosta2016_JAS,FP,DECL-36,finishing,70.0,3.393805723644036,87.7,17.9,43.4,26.400000000000013,16.1507477043,5.603858527594233,16.0083783981014,5.152146096254675,43.05021093400585,18.58489656107953,,,,,development,Historical Study_ID,1,61.3,25.841196326887488,0.0484829389092005,1.252857142857143,0.8690254288594147,1.0088934245966776,0.7842322879680091,0.2466673501558221,0.5059340349394285,0.131220169168043,0.3034814170550808,0.3145335303586535,0.6451328805274424,0.1673230893209485,87.7,17.9,43.4,26.400000000000013,61.3,16.1507477043,5.603858527594233,16.0083783981014,5.152146096254675,43.05021093400585,18.58489656107953,1,1,1,1,1,97.28,1,INCLUDED,,0,EXISTING_REVIEWER_FORMULA,1,MASS_BALANCE_NI_MINUS_FN_MINUS_UN,DIRECT_INITIAL_BW_EXISTING,1,INCLUDED_IN_906_MAIN,,,AIA_906_V1_20260806
V44_bb483fb33ce7,546,Acosta2016_JAS,GP,CONS-18,growing,39.0,2.710680124490026,79.0,15.0,36.4,27.6,18.2149858089,5.950682451857225,12.10038504388723,4.253138268562749,43.85405603246596,18.74166468916063,,,,,development,Historical Study_ID,1,51.4,29.143977294208653,0.0695046185766673,2.025641025641025,0.9718979669631356,1.505322825913023,0.9907570496414346,0.2765991186356147,0.6223259895239105,0.171444511180618,0.3399525876782944,0.2791795614633465,0.6281317803886803,0.1730439477999834,79.0,15.0,36.4,27.6,51.4,18.2149858089,5.950682451857225,12.10038504388723,4.253138268562749,43.85405603246596,18.74166468916063,1,1,1,1,1,96.89,1,INCLUDED,,0,EXISTING_REVIEWER_FORMULA,1,MASS_BALANCE_NI_MINUS_FN_MINUS_UN,DIRECT_INITIAL_BW_EXISTING,1,INCLUDED_IN_906_MAIN,,,AIA_906_V1_20260806
V44_2bdee5c5fbc2,547,Acosta2016_JAS,GP,CONS-36,growing,39.0,2.6913914104540857,80.3,17.2,33.6,29.499999999999996,18.647417765,9.006023773979296,15.50552797926072,5.235650509842181,35.45876427514153,19.34317833577694,,,,,development,Historical Study_ID,1,50.8,29.83586842407733,0.0690100361654893,2.0589743589743588,0.9640307007101274,1.2026302999769944,0.9495738595491972,0.2717490296681271,0.6055375882806452,0.1670788590546153,0.3182658691393608,0.2861799816152667,0.6376940373739011,0.1759514095448401,80.3,17.2,33.6,29.499999999999996,50.8,18.647417765,9.006023773979296,15.50552797926072,5.235650509842181,35.45876427514153,19.34317833577694,1,1,1,1,1,97.14,1,INCLUDED,,0,EXISTING_REVIEWER_FORMULA,1,MASS_BALANCE_NI_MINUS_FN_MINUS_UN,DIRECT_INITIAL_BW_EXISTING,1,INCLUDED_IN_906_MAIN,,,AIA_906_V1_20260806
V44_8dfd7a2f4752,548,Acosta2016_JAS,GP,CTL,growing,39.0,2.848960518208332,81.2,12.4,36.1,32.7,17.8135146751,2.871924226056322,8.671560470648318,3.263510787738067,52.35704641334116,18.15311873450859,,,,,development,Historical Study_ID,1,48.5,28.5016234802248,0.0730502696976495,2.082051282051282,0.9812922471132736,2.0542455692254653,1.032170642493942,0.3255080711561809,0.650131748724141,0.1758229877756059,0.3621445084391199,0.3153626520220384,0.6298684751905804,0.1703429457660028,81.2,12.4,36.1,32.7,48.5,17.8135146751,2.871924226056322,8.671560470648318,3.263510787738067,52.35704641334116,18.15311873450859,1,1,1,1,1,96.73,1,INCLUDED,,0,EXISTING_REVIEWER_FORMULA,1,MASS_BALANCE_NI_MINUS_FN_MINUS_UN,DIRECT_INITIAL_BW_EXISTING,1,INCLUDED_IN_906_MAIN,,,AIA_906_V1_20260806
V44_af4d83e5803f,549,Acosta2016_JAS,GP,DECL-18,growing,39.0,2.852732917191239,83.7,17.0,36.6,30.1,18.3376788219,4.16505748220389,12.2828751459099,4.303070756156209,45.22080052401599,18.35280832827139,,,,,development,Historical Study_ID,1,53.6,29.34028611497562,0.0731469978766984,2.146153846153846,0.9991756299035672,1.4929467737858022,0.9928532559252714,0.2792530532609638,0.6258198806967845,0.1719466410630358,0.3383924928449587,0.2812631691485153,0.6303246496518392,0.1731843452563322,83.7,17.0,36.6,30.1,53.6,18.3376788219,4.16505748220389,12.2828751459099,4.303070756156209,45.22080052401599,18.35280832827139,1,1,1,1,1,96.89,1,INCLUDED,,0,EXISTING_REVIEWER_FORMULA,1,MASS_BALANCE_NI_MINUS_FN_MINUS_UN,DIRECT_INITIAL_BW_EXISTING,1,INCLUDED_IN_906_MAIN,,,AIA_906_V1_20260806
V44_c3d796c4e30a,550,Acosta2016_JAS,GP,DECL-36,growing,39.0,2.997827074328612,90.6,19.8,39.8,31.0,18.8886812335,5.451049275726372,15.87439210304684,5.336889185179458,38.07487641595486,18.55073171565685,,,,,development,Historical Study_ID,1,59.6,30.221889973520444,0.0768673608802208,2.323076923076923,1.0182175842453656,1.189883751824085,0.9535404690466928,0.276894823689295,0.612291216182769,0.1680509361032578,0.3155131826234718,0.2903860220700671,0.6421239958435225,0.1762389133533762,90.6,19.8,39.8,31.0,59.6,18.8886812335,5.451049275726372,15.87439210304684,5.336889185179458,38.07487641595486,18.55073171565685,1,1,1,1,1,97.05,1,INCLUDED,,0,EXISTING_REVIEWER_FORMULA,1,MASS_BALANCE_NI_MINUS_FN_MINUS_UN,DIRECT_INITIAL_BW_EXISTING,1,INCLUDED_IN_906_MAIN,,,AIA_906_V1_20260806
V44_6589a0c43394,551,Batorek2016_IC_FatContent,RespirationChamber_NBalance,Stage1_LF_pooled,finishing,85.7,2.196,62.6,8.5,25.5,28.6,19.7,2.8,15.6,5.4,42.76853614247327,18.06,,,,,development,Historical Study_ID,1,34.0,28.5063752276867,0.0256242707117853,0.7304550758459744,1.0908084163898115,1.2628205128205128,0.8076767478181519,0.2531006312979144,0.5375676458752875,0.1901188107657065,0.2562426230387538,0.3133687232938639,0.6655727645093983,0.2353897289717589,62.6,8.5,25.5,28.6,34.0,19.7,2.8,15.6,5.4,42.76853614247327,18.06,1,1,1,1,1,97.5,1,INCLUDED,,0,EXISTING_REVIEWER_FORMULA,1,MASS_BALANCE_NI_MINUS_FN_MINUS_UN,REPORTED_MEAN_BW_USED,1,INCLUDED_IN_906_MAIN,,,AIA_906_V1_20260806
V44_fe64abe43a71,552,Batorek2016_IC_FatContent,RespirationChamber_NBalance,Stage2_HF,finishing,133.0,2.848,91.2,9.0,49.9,32.300000000000004,21.7,8.9,13.7,4.8,35.88889656700522,19.5,,,,,development,Historical Study_ID,1,58.9,32.022471910112365,0.0214135338345864,0.6857142857142857,1.1128205128205129,1.583941605839416,0.8597487569253514,0.2855206892293317,0.5735117744904543,0.2057952869047051,0.2476234898978546,0.3320978215198773,0.6670690360070507,0.2393667745920027,91.2,9.0,49.9,32.300000000000004,58.9,21.7,8.9,13.7,4.8,35.88889656700522,19.5,1,1,1,1,1,97.53,1,INCLUDED,,0,EXISTING_REVIEWER_FORMULA,1,MASS_BALANCE_NI_MINUS_FN_MINUS_UN,REPORTED_MEAN_BW_USED,1,INCLUDED_IN_906_MAIN,,,AIA_906_V1_20260806
V44_c6b7db3674f3,553,Batorek2016_IC_FatContent,RespirationChamber_NBalance,Stage2_LF,finishing,132.7,3.06,90.9,10.0,46.1,34.800000000000004,19.7,2.8,15.6,5.4,42.76853614247327,18.06,,,,,development,Historical Study_ID,1,56.1,29.705882352941178,0.0230595327807083,0.6850037678975133,1.0908084163898115,1.2628205128205128,0.8076767478181519,0.2531006312979144,0.5375676458752875,0.1901188107657065,0.2562426230387538,0.3133687232938639,0.6655727645093983,0.2353897289717589,90.9,10.0,46.1,34.800000000000004,56.1,19.7,2.8,15.6,5.4,42.76853614247327,18.06,1,1,1,1,1,97.5,1,INCLUDED,,0,EXISTING_REVIEWER_FORMULA,1,MASS_BALANCE_NI_MINUS_FN_MINUS_UN,REPORTED_MEAN_BW_USED,1,INCLUDED_IN_906_MAIN,,,AIA_906_V1_20260806
V44_1f5b5efe2139,554,Ceron2016_MVZ,Balance,Thr30,finishing,72.0,2.241,26.47,1.46,7.53,17.479999999999997,6.35,1.682509560903578,2.119193150991763,0.919505487668301,68.96542209004255,17.22909874484623,,,,,development,Historical Study_ID,1,8.99,11.81169120928157,0.031125,0.3676388888888888,0.3685625170555996,2.9964234251268023,0.3424692018615764,0.1319079913391902,0.1915203703242827,0.0783759737189219,0.3370759860842288,0.3851674562914608,0.5592338501775522,0.2288555388130956,26.47,1.46,7.53,17.479999999999997,8.99,6.35,1.682509560903578,2.119193150991763,0.919505487668301,68.96542209004255,17.22909874484623,1,1,1,1,1,96.995,1,INCLUDED,,0,EXISTING_REVIEWER_FORMULA,1,MASS_BALANCE_NI_MINUS_FN_MINUS_UN,DIRECT_INITIAL_BW_EXISTING,1,INCLUDED_IN_906_MAIN,,,AIA_906_V1_20260806
V44_4f9d73cae0fd,555,Ceron2016_MVZ,Balance,Thr45,finishing,72.0,2.228,35.97,4.16,8.32,23.49,8.6,2.485950519260959,2.999130036630037,1.301304945054945,63.20608357988166,17.51141413912705,,,,,development,Historical Study_ID,1,12.48,16.14452423698384,0.0309444444444444,0.4995833333333333,0.4911082526901343,2.867498206134257,0.4806226519207288,0.1866791701887856,0.2710439560439561,0.1099127101530948,0.3492897179656459,0.3884110943226526,0.563943365883347,0.2286881604806741,35.97,4.16,8.32,23.49,12.48,8.6,2.485950519260959,2.999130036630037,1.301304945054945,63.20608357988166,17.51141413912705,1,1,1,1,1,97.0,1,INCLUDED,,0,EXISTING_REVIEWER_FORMULA,1,MASS_BALANCE_NI_MINUS_FN_MINUS_UN,DIRECT_INITIAL_BW_EXISTING,1,INCLUDED_IN_906_MAIN,,,AIA_906_V1_20260806
V44_962416d5a2b3,556,Ceron2016_MVZ,Balance,Thr60,finishing,72.0,2.256,45.32,6.16,12.31,26.849999999999994,10.74,3.29170969561665,3.852063366576573,1.671452184959769,57.57428952186549,17.78756211791616,,,,,development,Historical Study_ID,1,18.47,20.088652482269502,0.0313333333333333,0.6294444444444445,0.6037926911401958,2.788116128407543,0.6156287204816107,0.2408374847664277,0.3481556197979985,0.1407517891040213,0.3582569369655555,0.3912057328612265,0.5655285535178312,0.2286309660697931,45.32,6.16,12.31,26.849999999999994,18.47,10.74,3.29170969561665,3.852063366576573,1.671452184959769,57.57428952186549,17.78756211791616,1,1,1,1,1,96.985,1,INCLUDED,,0,EXISTING_REVIEWER_FORMULA,1,MASS_BALANCE_NI_MINUS_FN_MINUS_UN,DIRECT_INITIAL_BW_EXISTING,1,INCLUDED_IN_906_MAIN,,,AIA_906_V1_20260806
V44_2e2651b9d523,557,Ceron2016_MVZ,Balance,Thr70,finishing,72.0,2.287,55.38,7.27,14.28,33.83,12.95,4.12271953003047,4.747165150992807,2.059636805714665,51.69589986488482,18.07774978640668,,,,,development,Historical Study_ID,1,21.55,24.21512898994316,0.0317638888888888,0.7691666666666667,0.7163502179755566,2.727943854511082,0.7565393225826482,0.3023055016070353,0.4289635959906554,0.1780714879156504,0.3651251556866062,0.3995899387952962,0.5670076666025423,0.2353763811083289,55.38,7.27,14.28,33.83,21.55,12.95,4.12271953003047,4.747165150992807,2.059636805714665,51.69589986488482,18.07774978640668,1,1,1,1,1,96.99,1,INCLUDED,,0,EXISTING_REVIEWER_FORMULA,1,MASS_BALANCE_NI_MINUS_FN_MINUS_UN,DIRECT_INITIAL_BW_EXISTING,1,INCLUDED_IN_906_MAIN,,,AIA_906_V1_20260806
V44_91c5a182d15c,558,Kong2016_AFST,MetBioavailability_NBalance,Basal,weaned,14.1,0.4844,11.62,1.596,2.7,7.323999999999999,14.98,5.12,6.825734881316644,2.088155590405555,53.08294128928497,18.51702367381287,,,,,development,Historical Study_ID,1,4.296,23.98843930635838,0.034354609929078,0.8241134751773049,0.8089853025994131,2.1946354876752032,1.147864987743171,0.2054481077029504,0.6559103723727719,0.2165790283003218,0.4789156324028583,0.1789828158334927,0.5714177010158346,0.1886798801365481,11.62,1.596,2.7,7.323999999999999,4.296,14.98,5.12,6.825734881316644,2.088155590405555,53.08294128928497,18.51702367381287,1,1,1,1,1,100.0,1,INCLUDED,,0,EXISTING_REVIEWER_FORMULA,1,MASS_BALANCE_NI_MINUS_FN_MINUS_UN,DIRECT_INITIAL_BW_EXISTING,1,INCLUDED_IN_906_MAIN,,,AIA_906_V1_20260806
V44_f5cf6427d5e0,559,Kong2016_AFST,MetBioavailability_NBalance,DLMet_0.3,weaned,14.0,0.489,11.74,1.608,2.34,7.792,15.0,5.12,6.825734881316644,2.088155590405555,53.05171683587336,18.51695793812147,,,,,development,Historical Study_ID,1,3.948,24.008179959100204,0.0349285714285714,0.8385714285714286,0.8100682655393954,2.1975655751086816,1.147864987743171,0.2379872749424066,0.6559103723727719,0.2165790283003218,0.4782770782263212,0.2073303720242533,0.5714177010158346,0.1886798801365481,11.74,1.608,2.34,7.792,3.948,15.0,5.12,6.825734881316644,2.088155590405555,53.05171683587336,18.51695793812147,1,1,1,1,1,100.0,1,INCLUDED,,0,EXISTING_REVIEWER_FORMULA,1,MASS_BALANCE_NI_MINUS_FN_MINUS_UN,DIRECT_INITIAL_BW_EXISTING,1,INCLUDED_IN_906_MAIN,,,AIA_906_V1_20260806
V44_730ba1679820,560,Kong2016_AFST,MetBioavailability_NBalance,DLMet_0.6,weaned,14.1,0.4892,11.76,1.586,1.7,8.474,15.02,5.12,6.825734881316644,2.088155590405555,53.02049238246177,18.51689220243008,,,,,development,Historical Study_ID,1,3.286,24.039247751430903,0.0346950354609929,0.8340425531914893,0.811151236168499,2.20049566254216,1.147864987743171,0.2705264421818628,0.6559103723727719,0.2165790283003218,0.4776402245935299,0.2356779282150138,0.5714177010158346,0.1886798801365481,11.76,1.586,1.7,8.474,3.286,15.02,5.12,6.825734881316644,2.088155590405555,53.02049238246177,18.51689220243008,1,1,1,1,1,100.0,1,INCLUDED,,0,EXISTING_REVIEWER_FORMULA,1,MASS_BALANCE_NI_MINUS_FN_MINUS_UN,DIRECT_INITIAL_BW_EXISTING,1,INCLUDED_IN_906_MAIN,,,AIA_906_V1_20260806
V44_b00a11c0ca58,561,Kong2016_AFST,MetBioavailability_NBalance,LMet_0.3,weaned,14.2,0.489,11.74,1.826,1.92,7.994,15.0,5.12,6.825734881316644,2.088155590405555,53.05171683587336,18.51695793812147,,,,,development,Historical Study_ID,1,3.746,24.008179959100204,0.0344366197183098,0.8267605633802817,0.8100682655393954,2.1975655751086816,1.147864987743171,0.2379872749424066,0.6559103723727719,0.2165790283003218,0.4782770782263212,0.2073303720242533,0.5714177010158346,0.1886798801365481,11.74,1.826,1.92,7.994,3.746,15.0,5.12,6.825734881316644,2.088155590405555,53.05171683587336,18.51695793812147,1,1,1,1,1,100.0,1,INCLUDED,,0,EXISTING_REVIEWER_FORMULA,1,MASS_BALANCE_NI_MINUS_FN_MINUS_UN,DIRECT_INITIAL_BW_EXISTING,1,INCLUDED_IN_906_MAIN,,,AIA_906_V1_20260806
V44_1447c6607c9e,562,Kong2016_AFST,MetBioavailability_NBalance,LMet_0.6,weaned,13.8,0.489,11.76,1.47,1.8,8.489999999999998,15.02,5.12,6.825734881316644,2.088155590405555,53.02049238246177,18.51689220243008,,,,,development,Historical Study_ID,1,3.27,24.049079754601227,0.0354347826086956,0.8521739130434782,0.811151236168499,2.20049566254216,1.147864987743171,0.2705264421818628,0.6559103723727719,0.2165790283003218,0.4776402245935299,0.2356779282150138,0.5714177010158346,0.1886798801365481,11.76,1.47,1.8,8.489999999999998,3.27,15.02,5.12,6.825734881316644,2.088155590405555,53.02049238246177,18.51689220243008,1,1,1,1,1,100.0,1,INCLUDED,,0,EXISTING_REVIEWER_FORMULA,1,MASS_BALANCE_NI_MINUS_FN_MINUS_UN,DIRECT_INITIAL_BW_EXISTING,1,INCLUDED_IN_906_MAIN,,,AIA_906_V1_20260806
V44_bf6e4fe90281,563,Kong2016_PeerJ,DMet_Bioavailability,BD,nursery,13.9,0.49325,11.125,2.0825,3.65,5.3925,14.08,4.48,4.952547815615609,1.422540330017249,58.25917528233724,18.26025320850104,,,,,development,Historical Study_ID,1,5.7325,22.5544855549924,0.0354856115107913,0.8003597122302158,0.7710736449944228,2.842981132984748,1.126562049101186,0.1762001366935353,0.6222018507870726,0.2110466819271619,0.5000719323069895,0.156405177002114,0.5523014478283631,0.187336935498176,11.125,2.0825,3.65,5.3925,5.7325,14.08,4.48,4.952547815615609,1.422540330017249,58.25917528233724,18.26025320850104,1,1,1,1,1,100.0,1,INCLUDED,,0,EXISTING_REVIEWER_FORMULA,1,MASS_BALANCE_NI_MINUS_FN_MINUS_UN,DIRECT_INITIAL_BW_EXISTING,1,INCLUDED_IN_906_MAIN,,,AIA_906_V1_20260806
V44_01cd499a3a16,564,Kong2016_PeerJ,DMet_Bioavailability,DMet04,nursery,14.0,0.48875,11.025,2.06,3.375,5.59,14.1,4.48,4.952526324239997,1.422534156962552,58.2181098620703,18.25278473899242,,,,,development,Historical Study_ID,1,5.4350000000000005,22.55754475703325,0.0349107142857142,0.7875,0.7724848674667677,2.8470318130340786,1.126557160431949,0.176199372080358,0.6221991507679754,0.2110457660988485,0.4993604434538782,0.156405177002114,0.5523014478283634,0.1873369354981761,11.025,2.06,3.375,5.59,5.4350000000000005,14.1,4.48,4.952526324239997,1.422534156962552,58.2181098620703,18.25278473899242,1,1,1,1,1,100.0,1,INCLUDED,,0,EXISTING_REVIEWER_FORMULA,1,MASS_BALANCE_NI_MINUS_FN_MINUS_UN,DIRECT_INITIAL_BW_EXISTING,1,INCLUDED_IN_906_MAIN,,,AIA_906_V1_20260806
V44_cabeff76be68,565,Kong2016_PeerJ,DMet_Bioavailability,DMet08,nursery,14.3,0.49325,11.15,1.925,3.025,6.199999999999999,14.13,4.48,4.952504833050908,1.422527983961431,58.1770447982052,18.24531633430176,,,,,development,Historical Study_ID,1,4.95,22.605169792194623,0.0344930069930069,0.7797202797202797,0.7744453283846422,2.853101708392569,1.126552271805142,0.1761986074738169,0.6221964507723116,0.2110448502784835,0.4982980678543621,0.156405177002114,0.5523014478283631,0.1873369354981759,11.15,1.925,3.025,6.199999999999999,4.95,14.13,4.48,4.952504833050908,1.422527983961431,58.1770447982052,18.24531633430176,1,1,1,1,1,100.0,1,INCLUDED,,0,EXISTING_REVIEWER_FORMULA,1,MASS_BALANCE_NI_MINUS_FN_MINUS_UN,DIRECT_INITIAL_BW_EXISTING,1,INCLUDED_IN_906_MAIN,,,AIA_906_V1_20260806
V44_f08fafddb735,566,Kong2016_PeerJ,DMet_Bioavailability,LMet04,nursery,14.0,0.49325,11.125,1.9625,3.575,5.5875,14.1,4.48,4.952526324239997,1.422534156962552,58.2181098620703,18.25278473899242,,,,,development,Historical Study_ID,1,5.5375,22.5544855549924,0.0352321428571428,0.7946428571428571,0.7724848674667677,2.8470318130340786,1.126557160431949,0.176199372080358,0.6221991507679754,0.2110457660988485,0.4993604434538782,0.156405177002114,0.5523014478283634,0.1873369354981761,11.125,1.9625,3.575,5.5875,5.5375,14.1,4.48,4.952526324239997,1.422534156962552,58.2181098620703,18.25278473899242,1,1,1,1,1,100.0,1,INCLUDED,,0,EXISTING_REVIEWER_FORMULA,1,MASS_BALANCE_NI_MINUS_FN_MINUS_UN,DIRECT_INITIAL_BW_EXISTING,1,INCLUDED_IN_906_MAIN,,,AIA_906_V1_20260806
V44_095bab6526ba,567,Kong2016_PeerJ,DMet_Bioavailability,LMet08,nursery,14.4,0.49325,11.15,2.0175,2.775,6.3575,14.13,4.48,4.952504833050908,1.422527983961431,58.1770447982052,18.24531633430176,,,,,development,Historical Study_ID,1,4.7925,22.605169792194623,0.0342534722222222,0.7743055555555556,0.7744453283846422,2.853101708392569,1.126552271805142,0.1761986074738169,0.6221964507723116,0.2110448502784835,0.4982980678543621,0.156405177002114,0.5523014478283631,0.1873369354981759,11.15,2.0175,2.775,6.3575,4.7925,14.13,4.48,4.952504833050908,1.422527983961431,58.1770447982052,18.24531633430176,1,1,1,1,1,100.0,1,INCLUDED,,0,EXISTING_REVIEWER_FORMULA,1,MASS_BALANCE_NI_MINUS_FN_MINUS_UN,DIRECT_INITIAL_BW_EXISTING,1,INCLUDED_IN_906_MAIN,,,AIA_906_V1_20260806
V44_806f0f3eff06,568,Mathai2016_JAS,Exp4_NBalance,HF_045,growing,29.0,1.62,32.4,8.2,5.2,19.0,13.92,8.655555852728012,17.83,9.49,46.39023387286848,19.31969712925831,,,,,confirmation,Historical Study_ID,1,13.4,20.0,0.0558620689655172,1.1172413793103448,0.7205081894849764,0.7807066741447,0.9288948639126576,0.4885743912747192,0.4038552331791564,0.1768566824520962,0.4170684554205539,0.5259738321910444,0.4347695835867278,0.1903947253052372,32.4,8.2,5.2,19.0,13.4,13.92,8.655555852728012,17.83,9.49,46.39023387286848,19.31969712925831,1,1,1,1,1,97.57,1,INCLUDED,,0,EXISTING_REVIEWER_FORMULA,1,MASS_BALANCE_NI_MINUS_FN_MINUS_UN,DIRECT_INITIAL_BW_EXISTING,1,INCLUDED_IN_906_MAIN,,,AIA_906_V1_20260806
V44_d0daa7a56476,569,Mathai2016_JAS,Exp4_NBalance,HF_060,growing,29.0,1.62,34.2,9.4,3.0,21.800000000000004,13.86,8.649361383484479,16.97,10.07,46.28369937824023,19.31732323604995,,,,,confirmation,Historical Study_ID,1,12.4,21.11111111111111,0.0558620689655172,1.1793103448275863,0.7174907118670818,0.8167354154390101,0.9284857492809726,0.488276474275156,0.5575093358394364,0.1767597466453416,0.4186894612558498,0.5258847264519477,0.6004500728968393,0.1903742160633331,34.2,9.4,3.0,21.800000000000004,12.4,13.86,8.649361383484479,16.97,10.07,46.28369937824023,19.31732323604995,1,1,1,1,1,97.5725,1,INCLUDED,,0,EXISTING_REVIEWER_FORMULA,1,MASS_BALANCE_NI_MINUS_FN_MINUS_UN,DIRECT_INITIAL_BW_EXISTING,1,INCLUDED_IN_906_MAIN,,,AIA_906_V1_20260806
V44_2459b1070a19,570,Mathai2016_JAS,Exp4_NBalance,HF_Thr0.45,growing,29.0,1.30538089978,32.4,8.2,5.2,19.0,15.5127135715,8.65572947922639,16.75156901848096,9.59281483871291,46.39116443977871,19.33679427322323,,,,,confirmation,Historical Study_ID,1,13.4,24.820341714407245,0.0450131344751724,1.1172413793103448,0.8022381244951934,0.9260454083068752,0.9289134971195048,0.4885841918539307,0.4038633343307382,0.1768602301163955,0.4164578841119513,0.5259738321910445,0.4347695835867278,0.1903947253052373,32.4,8.2,5.2,19.0,13.4,15.5127135715,8.65572947922639,16.75156901848096,9.59281483871291,46.39116443977871,19.33679427322323,1,1,1,1,1,97.66,1,INCLUDED,,0,EXISTING_REVIEWER_FORMULA,1,MASS_BALANCE_NI_MINUS_FN_MINUS_UN,DIRECT_INITIAL_BW_EXISTING,1,INCLUDED_IN_906_MAIN,,,AIA_906_V1_20260806
V44_744c74829d8c,571,Mathai2016_JAS,Exp4_NBalance,HF_Thr0.60,growing,29.0,1.38408723214,34.2,9.4,3.0,21.800000000000004,15.4433907803,8.649531244063176,16.7359558127374,9.58756944093922,46.28460832117972,19.33394309099354,,,,,confirmation,Historical Study_ID,1,12.4,24.709425248524138,0.047727145935862,1.1793103448275863,0.7987708822570239,0.9227671818149964,0.928503983358576,0.4882860632980686,0.5548176214660009,0.1767632179435709,0.413326513690897,0.5258847264519478,0.5975393012953156,0.190374216063333,34.2,9.4,3.0,21.800000000000004,12.4,15.4433907803,8.649531244063176,16.7359558127374,9.58756944093922,46.28460832117972,19.33394309099354,1,1,1,1,1,97.66,1,INCLUDED,,0,EXISTING_REVIEWER_FORMULA,1,MASS_BALANCE_NI_MINUS_FN_MINUS_UN,DIRECT_INITIAL_BW_EXISTING,1,INCLUDED_IN_906_MAIN,,,AIA_906_V1_20260806
V44_ef050928a064,572,Mathai2016_JAS,Exp4_NBalance,LF_045,growing,29.0,1.62,36.4,7.6,5.8,23.0,14.37,3.606199659872501,8.39,3.64,62.81288398378084,18.17401625357591,,,,,confirmation,Historical Study_ID,1,13.4,22.469135802469133,0.0558620689655172,1.2551724137931033,0.7906892895604495,1.7127532777115613,0.9066146469721018,0.4405709888187718,0.3830613857768635,0.1635766548892887,0.3943174351827165,0.4859517660454575,0.4225184173410459,0.1804257800550648,36.4,7.6,5.8,23.0,13.4,14.37,3.606199659872501,8.39,3.64,62.81288398378084,18.17401625357591,1,1,1,1,1,97.32,1,INCLUDED,,0,EXISTING_REVIEWER_FORMULA,1,MASS_BALANCE_NI_MINUS_FN_MINUS_UN,DIRECT_INITIAL_BW_EXISTING,1,INCLUDED_IN_906_MAIN,,,AIA_906_V1_20260806
V44_536e347afb77,573,Mathai2016_JAS,Exp4_NBalance,LF_060,growing,29.0,1.62,37.0,7.04,4.6,25.36,14.89,3.60008467436931,8.54,4.21,62.68917458538016,18.16724609656342,,,,,confirmation,Historical Study_ID,1,11.64,22.839506172839503,0.0558620689655172,1.2758620689655171,0.8196068859779824,1.7435597189695553,0.9061523832024224,0.4402409044815319,0.5324341239583353,0.1634687560731828,0.3803527464751605,0.4858353988163467,0.5875768069788286,0.1803987487131798,37.0,7.04,4.6,25.36,11.64,14.89,3.60008467436931,8.54,4.21,62.68917458538016,18.16724609656342,1,1,1,1,1,97.3,1,INCLUDED,,0,EXISTING_REVIEWER_FORMULA,1,MASS_BALANCE_NI_MINUS_FN_MINUS_UN,DIRECT_INITIAL_BW_EXISTING,1,INCLUDED_IN_906_MAIN,,,AIA_906_V1_20260806
V44_4620bd46a42b,574,Mathai2016_JAS,Exp4_NBalance,LF_Thr0.45,growing,29.0,1.43507949896,36.4,7.6,5.8,23.0,15.852780293,3.606271269422689,7.692872559091043,2.956609682706106,62.81413128087816,18.190918309531,,,,,confirmation,Historical Study_ID,1,13.4,25.36444846879844,0.0494854999641379,1.2551724137931033,0.8714667408898237,2.060710114619798,0.9066326499317788,0.4405797373888209,0.3830689923588937,0.1635799030873317,0.4305025142798501,0.4859517660454574,0.4225184173410459,0.1804257800550648,36.4,7.6,5.8,23.0,13.4,15.852780293,3.606271269422689,7.692872559091043,2.956609682706106,62.81413128087816,18.190918309531,1,1,1,1,1,97.41,1,INCLUDED,,0,EXISTING_REVIEWER_FORMULA,1,MASS_BALANCE_NI_MINUS_FN_MINUS_UN,DIRECT_INITIAL_BW_EXISTING,1,INCLUDED_IN_906_MAIN,,,AIA_906_V1_20260806
V44_e3bd6151c8df,575,Mathai2016_JAS,Exp4_NBalance,LF_Thr0.60,growing,29.0,1.40804972297,37.0,7.04,4.6,25.36,16.423425695,3.600156149387215,7.676814358375693,2.95186029212741,62.69041919773827,18.18414491969067,,,,,confirmation,Historical Study_ID,1,11.64,26.277481111928264,0.0485534387231034,1.2758620689655171,0.9031728336709371,2.1393542852943197,0.9061703736842232,0.4402496448944323,0.5324446947481878,0.1634720015335884,0.4271480176828664,0.4858353988163465,0.5875768069788286,0.1803987487131798,37.0,7.04,4.6,25.36,11.64,16.423425695,3.600156149387215,7.676814358375693,2.95186029212741,62.69041919773827,18.18414491969067,1,1,1,1,1,97.39,1,INCLUDED,,0,EXISTING_REVIEWER_FORMULA,1,MASS_BALANCE_NI_MINUS_FN_MINUS_UN,DIRECT_INITIAL_BW_EXISTING,1,INCLUDED_IN_906_MAIN,,,AIA_906_V1_20260806
V44_841a7e83884f,590,Rudar2016_JAS,Leu_ISS_MainStudy,CON_ISSminus,nursery,14.8,0.4254,14.36,0.5,2.82,11.04,21.1,4.03,4.098409488078799,3.873535054809421,40.83116926761907,17.88846975603596,,,,,development,Historical Study_ID,1,3.32,33.756464503996234,0.0287432432432432,0.97027027027027,1.1795307417438767,5.148338657075234,1.590117501130406,0.569128915176771,0.8487809435937546,0.2782199261060667,0.4710063688182482,0.357916263906397,0.5337850460675773,0.1749681554402625,14.36,0.5,2.82,11.04,3.32,21.1,4.03,4.098409488078799,3.873535054809421,40.83116926761907,17.88846975603596,1,1,1,1,1,94.96,0,INCLUDED,,0,EXISTING_REVIEWER_FORMULA,1,MASS_BALANCE_NI_MINUS_FN_MINUS_UN,REPORTED_MEAN_BW_USED,1,INCLUDED_IN_906_MAIN,,,AIA_906_V1_20260806
V44_0e32e9ff570f,591,Rudar2016_JAS,Leu_ISS_MainStudy,CON_ISSplus,nursery,14.3,0.4011,13.54,0.54,5.54,7.46,21.1,4.03,4.098409488078799,3.873535054809421,40.83116926761907,17.88846975603596,,,,,development,Historical Study_ID,1,6.08,33.7571677885814,0.028048951048951,0.9468531468531468,1.1795307417438767,5.148338657075234,1.590117501130406,0.569128915176771,0.8487809435937546,0.2782199261060667,0.4710063688182482,0.357916263906397,0.5337850460675773,0.1749681554402625,13.54,0.54,5.54,7.46,6.08,21.1,4.03,4.098409488078799,3.873535054809421,40.83116926761907,17.88846975603596,1,1,1,1,1,94.96,0,INCLUDED,,0,EXISTING_REVIEWER_FORMULA,1,MASS_BALANCE_NI_MINUS_FN_MINUS_UN,REPORTED_MEAN_BW_USED,1,INCLUDED_IN_906_MAIN,,,AIA_906_V1_20260806
V44_349036dd3930,592,Rudar2016_JAS,Leu_ISS_MainStudy,CON_Prechallenge,nursery,14.5,0.577,19.48,0.74,2.86,15.880000000000004,21.1,4.03,4.098409488078799,3.873535054809421,40.83116926761907,17.88846975603596,,,,,development,Historical Study_ID,1,3.6,33.76083188908146,0.0397931034482758,1.343448275862069,1.1795307417438767,5.148338657075234,1.590117501130406,0.569128915176771,0.8487809435937546,0.2782199261060667,0.4710063688182482,0.357916263906397,0.5337850460675773,0.1749681554402625,19.48,0.74,2.86,15.880000000000004,3.6,21.1,4.03,4.098409488078799,3.873535054809421,40.83116926761907,17.88846975603596,1,1,1,1,1,94.96,0,INCLUDED,,0,EXISTING_REVIEWER_FORMULA,1,MASS_BALANCE_NI_MINUS_FN_MINUS_UN,REPORTED_MEAN_BW_USED,1,INCLUDED_IN_906_MAIN,,,AIA_906_V1_20260806
V44_25565275aa78,593,Rudar2016_JAS,Leu_ISS_MainStudy,LEUH_ISSplus,nursery,14.2,0.3886,13.18,0.58,5.46,7.14,21.2,4.03,4.098371924636211,3.873499552424394,40.91699534704676,17.88864308722276,,,,,development,Historical Study_ID,1,6.04,33.9166237776634,0.0273661971830985,0.928169014084507,1.185109451657763,5.172785776850109,1.590102927113916,0.5691236988992389,0.848773164201691,0.2782173761172841,0.4687803440783951,0.3579162639063971,0.5337850460675773,0.1749681554402625,13.18,0.58,5.46,7.14,6.04,21.2,4.03,4.098371924636211,3.873499552424394,40.91699534704676,17.88864308722276,1,1,1,1,1,94.96,0,INCLUDED,,0,EXISTING_REVIEWER_FORMULA,1,MASS_BALANCE_NI_MINUS_FN_MINUS_UN,REPORTED_MEAN_BW_USED,1,INCLUDED_IN_906_MAIN,,,AIA_906_V1_20260806
V44_c0e92faef52b,594,Rudar2016_JAS,Leu_ISS_MainStudy,LEUH_Prechallenge,nursery,14.2,0.5637,19.12,0.86,3.18,15.080000000000002,21.2,4.03,4.098371924636211,3.873499552424394,40.91699534704676,17.88864308722276,,,,,development,Historical Study_ID,1,4.04,33.91875110874579,0.0396971830985915,1.3464788732394368,1.185109451657763,5.172785776850109,1.590102927113916,0.5691236988992389,0.848773164201691,0.2782173761172841,0.4687803440783951,0.3579162639063971,0.5337850460675773,0.1749681554402625,19.12,0.86,3.18,15.080000000000002,4.04,21.2,4.03,4.098371924636211,3.873499552424394,40.91699534704676,17.88864308722276,1,1,1,1,1,94.96,0,INCLUDED,,0,EXISTING_REVIEWER_FORMULA,1,MASS_BALANCE_NI_MINUS_FN_MINUS_UN,REPORTED_MEAN_BW_USED,1,INCLUDED_IN_906_MAIN,,,AIA_906_V1_20260806
V44_80c10f863897,595,Rudar2016_JAS,Leu_ISS_MainStudy,LEUM_ISSplus,nursery,14.6,0.396,13.18,0.62,6.04,6.5200000000000005,20.8,4.03,4.098401140587607,3.873527165334285,40.86939762717044,17.89027985131626,,,,,development,Historical Study_ID,1,6.66,33.282828282828284,0.0271232876712328,0.9027397260273972,1.162642517214154,5.075149866129943,1.590114262436988,0.5691277559957229,0.8487792148276391,0.2782193594378533,0.4777987567418834,0.357916263906397,0.5337850460675772,0.1749681554402625,13.18,0.62,6.04,6.5200000000000005,6.66,20.8,4.03,4.098401140587607,3.873527165334285,40.86939762717044,17.89027985131626,1,1,1,1,1,94.97,0,INCLUDED,,0,EXISTING_REVIEWER_FORMULA,1,MASS_BALANCE_NI_MINUS_FN_MINUS_UN,REPORTED_MEAN_BW_USED,1,INCLUDED_IN_906_MAIN,,,AIA_906_V1_20260806
V44_da0af652d6d8,596,Rudar2016_JAS,Leu_ISS_MainStudy,LEUM_Prechallenge,nursery,14.6,0.5787,19.26,0.9,3.8,14.560000000000002,20.8,4.03,4.098401140587607,3.873527165334285,40.86939762717044,17.89027985131626,,,,,development,Historical Study_ID,1,4.7,33.28149300155521,0.0396369863013698,1.319178082191781,1.162642517214154,5.075149866129943,1.590114262436988,0.5691277559957229,0.8487792148276391,0.2782193594378533,0.4777987567418834,0.357916263906397,0.5337850460675772,0.1749681554402625,19.26,0.9,3.8,14.560000000000002,4.7,20.8,4.03,4.098401140587607,3.873527165334285,40.86939762717044,17.89027985131626,1,1,1,1,1,94.97,0,INCLUDED,,0,EXISTING_REVIEWER_FORMULA,1,MASS_BALANCE_NI_MINUS_FN_MINUS_UN,REPORTED_MEAN_BW_USED,1,INCLUDED_IN_906_MAIN,,,AIA_906_V1_20260806
V44_741204834a45,597,Tian2016_AJAS,StarterPig_MetSource,Basal,nursery,15.43,0.7819969371700105,26.48,5.76,8.34,12.38,21.1637657558,4.3794472122716765,9.53134049772618,3.548785452380521,47.490593745313845,18.55164421452594,,,,,confirmation,Historical Study_ID,1,14.1,33.86202520924081,0.0506802940486072,1.7161373946856773,1.1408026971123546,2.220439586734823,1.315655672173636,0.2613325215588484,0.7461041105247053,0.1989241864765791,0.3885342545350997,0.1986329151966431,0.5670967915883669,0.1511977568932836,26.48,5.76,8.34,12.38,14.1,21.1637657558,4.3794472122716765,9.53134049772618,3.548785452380521,47.490593745313845,18.55164421452594,1,1,1,1,1,100.0,1,INCLUDED,,0,EXISTING_REVIEWER_FORMULA,1,MASS_BALANCE_NI_MINUS_FN_MINUS_UN,DIRECT_INITIAL_BW_EXISTING,1,INCLUDED_IN_906_MAIN,,,AIA_906_V1_20260806
V44_6fc41f42f447,598,Tian2016_AJAS,StarterPig_MetSource,DL-Met,nursery,15.45,0.8599667492575592,28.47,5.04,5.37,18.06,20.6912069744,4.374616871914055,9.518717475869382,3.545032467989518,47.39790911554922,18.52647833199377,,,,,confirmation,Historical Study_ID,1,10.41,33.10593115905841,0.0556612782690976,1.8427184466019415,1.1168451231591012,2.173738954523408,1.315241961021196,0.39252178705106,0.7457129148601577,0.1988364484508885,0.3972828780144588,0.2984407422238061,0.566977740187944,0.1511786076962641,28.47,5.04,5.37,18.06,10.41,20.6912069744,4.374616871914055,9.518717475869382,3.545032467989518,47.39790911554922,18.52647833199377,1,1,1,1,1,100.0,1,INCLUDED,,0,EXISTING_REVIEWER_FORMULA,1,MASS_BALANCE_NI_MINUS_FN_MINUS_UN,DIRECT_INITIAL_BW_EXISTING,1,INCLUDED_IN_906_MAIN,,,AIA_906_V1_20260806
V44_7d4671332ef6,599,Tian2016_AJAS,StarterPig_MetSource,L-Met,nursery,15.47,0.8643058386792453,28.66,4.9,5.33,18.43,20.7247240483,4.374616871914055,9.518717475869382,3.545032467989518,47.39790911554922,18.52647833199377,,,,,confirmation,Historical Study_ID,1,10.23,33.159558477350615,0.0558698021124269,1.852617970265029,1.1186542675253093,2.1772601299322765,1.315241961021196,0.39252178705106,0.7457129148601577,0.1988364484508885,0.3966403720129033,0.2984407422238061,0.566977740187944,0.1511786076962641,28.66,4.9,5.33,18.43,10.23,20.7247240483,4.374616871914055,9.518717475869382,3.545032467989518,47.39790911554922,18.52647833199377,1,1,1,1,1,100.0,1,INCLUDED,,0,EXISTING_REVIEWER_FORMULA,1,MASS_BALANCE_NI_MINUS_FN_MINUS_UN,DIRECT_INITIAL_BW_EXISTING,1,INCLUDED_IN_906_MAIN,,,AIA_906_V1_20260806
V44_49d946495280,614,Chen2017_AKG,Balance,AKG0,growing,40.01,2.35,62.78,6.08,14.53,42.17,15.99,5.899638513629323,8.291886275722295,3.13470785025259,49.8082965443292,18.66611169676504,,,,,development,Historical Study_ID,1,20.61,26.714893617021275,0.0587353161709572,1.5691077230692327,0.8566326109990637,1.9283911366243545,1.189952198580562,0.3487040143031315,0.663795247348618,0.1919365503990095,0.4651157749298631,0.293040354662216,0.5578335399862516,0.1612976980318718,62.78,6.08,14.53,42.17,20.61,15.99,5.899638513629323,8.291886275722295,3.13470785025259,49.8082965443292,18.66611169676504,1,1,1,1,1,96.03,1,INCLUDED,,0,EXISTING_REVIEWER_FORMULA,1,MASS_BALANCE_NI_MINUS_FN_MINUS_UN,DIRECT_INITIAL_BW_EXISTING,1,INCLUDED_IN_906_MAIN,,,AIA_906_V1_20260806
V44_1c22da2d4429,615,Chen2017_AKG,Balance,AKG10,growing,40.17,2.44,64.07,4.77,10.97,48.33,15.99,5.899638513629323,8.291886275722295,3.13470785025259,49.8082965443292,18.66611169676504,,,,,development,Historical Study_ID,1,15.74,26.258196721311474,0.0607418471496141,1.5949713716704006,0.8566326109990637,1.9283911366243545,1.189952198580562,0.3487040143031315,0.663795247348618,0.1919365503990095,0.4651157749298631,0.293040354662216,0.5578335399862516,0.1612976980318718,64.07,4.77,10.97,48.33,15.74,15.99,5.899638513629323,8.291886275722295,3.13470785025259,49.8082965443292,18.66611169676504,1,1,1,1,1,97.03,1,INCLUDED,,0,EXISTING_REVIEWER_FORMULA,1,MASS_BALANCE_NI_MINUS_FN_MINUS_UN,DIRECT_INITIAL_BW_EXISTING,1,INCLUDED_IN_906_MAIN,,,AIA_906_V1_20260806
V44_3f8270a621ab,616,Do2017_RSM_WeaningToFinishing,MetabolicTrial_13kg,CON,weaned,13.41,0.655258,20.14,2.22,3.75,14.170000000000002,19.21,2.67,8.613041290982801,3.630500382735312,35.11740035017827,18.15910671352909,,,,,development,Historical Study_ID,1,5.970000000000001,30.73598490976073,0.0488633855331841,1.5018642803877704,1.0578714197261676,2.230338779417139,1.284286433750297,0.3661018692234834,0.8015958877370017,0.2382575174165791,0.4178443628807577,0.2850624748518245,0.6241566263346947,0.1855174290993899,20.14,2.22,3.75,14.170000000000002,5.970000000000001,19.21,2.67,8.613041290982801,3.630500382735312,35.11740035017827,18.15910671352909,1,1,1,1,1,97.0,1,INCLUDED,,0,EXISTING_REVIEWER_FORMULA,1,MASS_BALANCE_NI_MINUS_FN_MINUS_UN,DIRECT_INITIAL_BW_EXISTING,1,INCLUDED_IN_906_MAIN,,,AIA_906_V1_20260806
V44_a450570e8d69,617,Do2017_RSM_WeaningToFinishing,MetabolicTrial_13kg,RSM2,weaned,13.41,0.674404,19.93,2.63,3.2,14.1,18.47,2.6,8.906614546882198,3.810697642660839,34.61715690944141,18.23590868869258,,,,,development,Historical Study_ID,1,5.83,29.55201926441717,0.0502911260253542,1.4862043251304995,1.0128368328282191,2.073739679962406,1.282961020840021,0.3669266598864693,0.8123657033610433,0.2368337671448229,0.4341367829047175,0.2859998502886887,0.633195935157208,0.1845993473673546,19.93,2.63,3.2,14.1,5.83,18.47,2.6,8.906614546882198,3.810697642660839,34.61715690944141,18.23590868869258,1,1,1,1,1,97.05,1,INCLUDED,,0,EXISTING_REVIEWER_FORMULA,1,MASS_BALANCE_NI_MINUS_FN_MINUS_UN,DIRECT_INITIAL_BW_EXISTING,1,INCLUDED_IN_906_MAIN,,,AIA_906_V1_20260806
V44_3b11e5e67905,618,Do2017_RSM_WeaningToFinishing,MetabolicTrial_13kg,RSM4,weaned,13.41,0.6735,19.58,2.72,3.15,13.71,18.17,2.88,9.19835384473057,3.990450163173383,34.10379756666117,18.31299408391293,,,,,development,Historical Study_ID,1,5.87,29.07201187824796,0.0502237136465324,1.460104399701715,0.9921916600170508,1.9753534498359169,1.281841726822883,0.3569906839311701,0.8232122435424492,0.2354571687330601,0.4409196913947725,0.2784982548633298,0.6422105212496297,0.1836866157545471,19.58,2.72,3.15,13.71,5.87,18.17,2.88,9.19835384473057,3.990450163173383,34.10379756666117,18.31299408391293,1,1,1,1,1,97.09,1,INCLUDED,,0,EXISTING_REVIEWER_FORMULA,1,MASS_BALANCE_NI_MINUS_FN_MINUS_UN,DIRECT_INITIAL_BW_EXISTING,1,INCLUDED_IN_906_MAIN,,,AIA_906_V1_20260806
V44_a729eadad21b,619,Do2017_RSM_WeaningToFinishing,MetabolicTrial_13kg,RSM6,weaned,13.41,0.649577,19.03,2.88,4.17,11.980000000000002,18.31,3.18,9.494450700609953,4.171642153339935,33.62187940779459,18.3895253987866,,,,,development,Historical Study_ID,1,7.05,29.2959880045014,0.0484397464578672,1.419090231170768,0.9956755056445422,1.928494925864822,1.272607510079825,0.3472196648131128,0.8343383423681447,0.2341746685514281,0.434396337411191,0.2728411250624579,0.6556132474149947,0.1840116977910489,19.03,2.88,4.17,11.980000000000002,7.05,18.31,3.18,9.494450700609953,4.171642153339935,33.62187940779459,18.3895253987866,1,1,1,1,1,97.15,1,INCLUDED,,0,EXISTING_REVIEWER_FORMULA,1,MASS_BALANCE_NI_MINUS_FN_MINUS_UN,DIRECT_INITIAL_BW_EXISTING,1,INCLUDED_IN_906_MAIN,,,AIA_906_V1_20260806
V44_a1af0b81fa68,620,Do2017_RSM_WeaningToFinishing,MetabolicTrial_13kg,RSM8,weaned,13.41,0.657948,19.57,2.42,3.57,13.579999999999998,18.59,3.55,9.783877234730076,4.35028768308103,33.1034561483615,18.46794512398582,,,,,development,Historical Study_ID,1,5.99,29.74399192641364,0.0490639821029082,1.459358687546607,1.0066090122747688,1.9000647242394464,1.271471091198061,0.3480664535843491,0.8557537823574866,0.2327968920129255,0.4274714534689554,0.2737509771113858,0.6730422644144751,0.1830925560356779,19.57,2.42,3.57,13.579999999999998,5.99,18.59,3.55,9.783877234730076,4.35028768308103,33.1034561483615,18.46794512398582,1,1,1,1,1,97.2,1,INCLUDED,,0,EXISTING_REVIEWER_FORMULA,1,MASS_BALANCE_NI_MINUS_FN_MINUS_UN,DIRECT_INITIAL_BW_EXISTING,1,INCLUDED_IN_906_MAIN,,,AIA_906_V1_20260806
V44_ad03eef2c909,628,Lee2017_LivSci,NBalance,DietAID,growing,40.9,1.467,44.9,8.59,9.29,27.020000000000003,19.183,8.428,27.139,6.792,43.13737620203026,19.55370779020979,,,,,development,Historical Study_ID,1,17.88,30.60668029993183,0.0358679706601467,1.097799511002445,0.9810415602919362,0.706842551309923,0.860435988270097,0.3457764542704672,0.5667911404120569,0.1576079196944247,0.2803380559186835,0.401861915336258,0.6587255160626047,0.1831721613728579,44.9,8.59,9.29,27.020000000000003,17.88,19.183,8.428,27.139,6.792,43.13737620203026,19.55370779020979,1,1,1,1,1,100.0,1,INCLUDED,,0,EXISTING_REVIEWER_FORMULA,1,MASS_BALANCE_NI_MINUS_FN_MINUS_UN,DIRECT_INITIAL_BW_EXISTING,1,INCLUDED_IN_906_MAIN,,,AIA_906_V1_20260806
V44_ff2ea7f66928,629,Lee2017_LivSci,NBalance,DietSID,growing,40.9,1.47,45.0,9.12,8.51,27.370000000000005,19.183,8.428,27.139,6.792,43.21033595162903,19.55363443567213,,,,,development,Historical Study_ID,1,17.63,30.612244897959183,0.0359413202933985,1.1002444987775062,0.981045240623095,0.706842551309923,0.843195653967457,0.3240091626098981,0.5452424173007167,0.1469430743600936,0.274720994489736,0.3842633214312121,0.6466380782861105,0.1742692501659464,45.0,9.12,8.51,27.370000000000005,17.63,19.183,8.428,27.139,6.792,43.21033595162903,19.55363443567213,1,1,1,1,1,100.0,1,INCLUDED,,0,EXISTING_REVIEWER_FORMULA,1,MASS_BALANCE_NI_MINUS_FN_MINUS_UN,DIRECT_INITIAL_BW_EXISTING,1,INCLUDED_IN_906_MAIN,,,AIA_906_V1_20260806
V44_c39e86ee9d98,630,Lee2017_LivSci,NBalance,DietTotal,growing,40.9,1.481,44.7,8.99,9.88,25.83,18.854,8.428,27.139,6.792,43.51254082616819,19.55292126265259,,,,,development,Historical Study_ID,1,18.87,30.18230925050641,0.0362102689486552,1.0929095354523228,0.9642548930022248,0.6947197759681639,0.739759756585319,0.2804726785852689,0.426728427893553,0.1256125507530314,0.2452263964494666,0.3791402223336828,0.5768473130564746,0.1698018169207398,44.7,8.99,9.88,25.83,18.87,18.854,8.428,27.139,6.792,43.51254082616819,19.55292126265259,1,1,1,1,1,100.0,1,INCLUDED,,0,EXISTING_REVIEWER_FORMULA,1,MASS_BALANCE_NI_MINUS_FN_MINUS_UN,DIRECT_INITIAL_BW_EXISTING,1,INCLUDED_IN_906_MAIN,,,AIA_906_V1_20260806
V44_26874a39aa21,635,Tusnio2017_PLOSOne,PeaSeeds_NBalance,C,nursery,11.0,0.719313,22.776341,2.960924,5.443546,14.371871,19.79,4.061735023603346,8.728677983004717,3.499630941432866,48.1,18.40038841363866,,,,,development,Historical Study_ID,1,8.40447,31.66401969657159,0.0653920909090909,2.0705764545454546,1.0755207746229605,2.267239098352851,1.772109232587817,0.2969605976671125,0.6771087459772617,0.2098218786666652,0.5596605711810944,0.1675746574794715,0.3820919915802693,0.1184023393187008,22.776341,2.960924,5.443546,14.371871,8.40447,19.79,4.061735023603346,8.728677983004717,3.499630941432866,48.1,18.40038841363866,1,1,1,1,1,96.71,1,INCLUDED,,0,EXISTING_REVIEWER_FORMULA,1,MASS_BALANCE_NI_MINUS_FN_MINUS_UN,DIRECT_INITIAL_BW_EXISTING,1,INCLUDED_IN_906_MAIN,,,AIA_906_V1_20260806
V44_b1f07415ee1c,636,Tusnio2017_PLOSOne,PeaSeeds_NBalance,PE,nursery,11.0,0.726388,24.47636,3.132974,4.479174,16.864212,21.06,5.400393969751399,10.43692252204809,4.385717517824615,45.3,18.67879776717284,,,,,development,Historical Study_ID,1,7.612148,33.695986167172364,0.0660352727272727,2.2251236363636364,1.1274815575664092,2.0178361921831427,1.5941783695007,0.336450864692245,0.6115364156497045,0.2243246284199225,0.4731061163048136,0.2110496987847239,0.3836060175883825,0.1407148865595143,24.47636,3.132974,4.479174,16.864212,7.612148,21.06,5.400393969751399,10.43692252204809,4.385717517824615,45.3,18.67879776717284,1,1,1,1,1,96.49,1,INCLUDED,,0,EXISTING_REVIEWER_FORMULA,1,MASS_BALANCE_NI_MINUS_FN_MINUS_UN,DIRECT_INITIAL_BW_EXISTING,1,INCLUDED_IN_906_MAIN,,,AIA_906_V1_20260806
V44_f6728a45308b,637,Tusnio2017_PLOSOne,PeaSeeds_NBalance,PR,nursery,11.0,0.733751,24.759686,3.986309,4.778619,15.994758,21.09,5.432326609894575,10.69829894375527,4.531737786997113,44.0,18.70072763032876,,,,,development,Historical Study_ID,1,8.764928,33.74398944601097,0.0667046363636363,2.250880545454545,1.1277636045453294,1.9713414357625976,1.621309257856977,0.3402391656475998,0.6242821205606844,0.2275339396365064,0.4804733457376058,0.2098545752445298,0.3850481439832469,0.1403396289349864,24.759686,3.986309,4.778619,15.994758,8.764928,21.09,5.432326609894575,10.69829894375527,4.531737786997113,44.0,18.70072763032876,1,1,1,1,1,96.49,1,INCLUDED,,0,EXISTING_REVIEWER_FORMULA,1,MASS_BALANCE_NI_MINUS_FN_MINUS_UN,DIRECT_INITIAL_BW_EXISTING,1,INCLUDED_IN_906_MAIN,,,AIA_906_V1_20260806
V44_603508636b31,651,Koo2018_FermentedGrain,NBalance,Barley_Control,nursery,8.14,0.4379,16.7,2.1,2.4,12.2,23.838,4.888,17.294,7.734,25.37016772566216,18.457,,,,,development,Historical Study_ID,1,4.5,38.13656085864352,0.0537960687960688,2.051597051597051,1.291542504198949,1.3783971319532786,1.681753705703187,0.5238850903147821,0.9245260785793152,0.2273712734941751,0.4409329918887876,0.3115111853407402,0.5497392843221033,0.1351989133266722,16.7,2.1,2.4,12.2,4.5,23.838,4.888,17.294,7.734,25.37016772566216,18.457,1,1,1,1,1,96.18,1,INCLUDED,,0,EXISTING_REVIEWER_FORMULA,1,MASS_BALANCE_NI_MINUS_FN_MINUS_UN,DIRECT_INITIAL_BW_EXISTING,1,INCLUDED_IN_906_MAIN,,,AIA_906_V1_20260806
V44_329ed8236096,652,Koo2018_FermentedGrain,NBalance,Barley_Hetero,nursery,8.14,0.4382,17.6,1.8,1.7,14.1,25.105,5.679,13.759,7.494,25.37016772566216,18.666,,,,,development,Historical Study_ID,1,3.5,40.16430853491557,0.0538329238329238,2.1621621621621623,1.3449587485267331,1.824623882549604,1.681753705703187,0.5238850903147821,0.9245260785793152,0.2273712734941751,0.4186799705494889,0.3115111853407402,0.5497392843221033,0.1351989133266722,17.6,1.8,1.7,14.1,3.5,25.105,5.679,13.759,7.494,25.37016772566216,18.666,1,1,1,1,1,96.18,1,INCLUDED,,0,EXISTING_REVIEWER_FORMULA,1,MASS_BALANCE_NI_MINUS_FN_MINUS_UN,DIRECT_INITIAL_BW_EXISTING,1,INCLUDED_IN_906_MAIN,,,AIA_906_V1_20260806
V44_b1d727c87d6e,653,Koo2018_FermentedGrain,NBalance,Barley_Homo,nursery,8.14,0.4487,17.1,2.4,1.7,13.000000000000002,23.818,5.228,12.195,7.189,25.37016772566216,18.457,,,,,development,Historical Study_ID,1,4.1,38.11009583240473,0.0551228501228501,2.100737100737101,1.290458904480685,1.9530955309553093,1.681753705703187,0.5238850903147821,0.9245260785793152,0.2273712734941751,0.4413032437922965,0.3115111853407402,0.5497392843221033,0.1351989133266722,17.1,2.4,1.7,13.000000000000002,4.1,23.818,5.228,12.195,7.189,25.37016772566216,18.457,1,1,1,1,1,96.18,1,INCLUDED,,0,EXISTING_REVIEWER_FORMULA,1,MASS_BALANCE_NI_MINUS_FN_MINUS_UN,DIRECT_INITIAL_BW_EXISTING,1,INCLUDED_IN_906_MAIN,,,AIA_906_V1_20260806
V44_554440c4fc77,654,Koo2018_FermentedGrain,NBalance,Wheat_Control,nursery,8.14,0.4618,17.8,2.2,2.8,12.8,24.091,4.147,13.53,6.765,29.96262353974534,18.301,,,,,development,Historical Study_ID,1,5.0,38.54482459939368,0.0567321867321867,2.1867321867321867,1.316376154308508,1.7805617147080564,1.683577439242451,0.5034579910531308,0.9057434689326038,0.2280385931150336,0.4367755176317013,0.2990405901849509,0.537987411698838,0.1354488292606503,17.8,2.2,2.8,12.8,5.0,24.091,4.147,13.53,6.765,29.96262353974534,18.301,1,1,1,1,1,96.24,1,INCLUDED,,0,EXISTING_REVIEWER_FORMULA,1,MASS_BALANCE_NI_MINUS_FN_MINUS_UN,DIRECT_INITIAL_BW_EXISTING,1,INCLUDED_IN_906_MAIN,,,AIA_906_V1_20260806
V44_89ef2de2d070,655,Koo2018_FermentedGrain,NBalance,Wheat_Hetero,nursery,8.14,0.4277,17.8,1.7,2.2,13.900000000000002,26.012,4.131,11.826,6.645,29.96262353974534,18.616,,,,,development,Historical Study_ID,1,3.9,41.61795651157353,0.0525429975429975,2.1867321867321867,1.3972926514825956,2.199560290884492,1.683577439242451,0.5034579910531308,0.9057434689326038,0.2280385931150336,0.4045194139345424,0.2990405901849509,0.537987411698838,0.1354488292606503,17.8,1.7,2.2,13.900000000000002,3.9,26.012,4.131,11.826,6.645,29.96262353974534,18.616,1,1,1,1,1,96.24,1,INCLUDED,,0,EXISTING_REVIEWER_FORMULA,1,MASS_BALANCE_NI_MINUS_FN_MINUS_UN,DIRECT_INITIAL_BW_EXISTING,1,INCLUDED_IN_906_MAIN,,,AIA_906_V1_20260806
V44_b4005a6015fc,656,Koo2018_FermentedGrain,NBalance,Wheat_Homo,nursery,8.14,0.4151,17.0,1.8,1.9,13.3,25.595,3.96,10.568,5.795,29.96262353974534,18.464,,,,,development,Historical Study_ID,1,3.7,40.95398699108648,0.0509950859950859,2.0884520884520885,1.3862110051993068,2.4219341408024224,1.683577439242451,0.5034579910531308,0.9057434689326038,0.2280385931150336,0.4111099431633255,0.2990405901849509,0.537987411698838,0.1354488292606503,17.0,1.8,1.9,13.3,3.7,25.595,3.96,10.568,5.795,29.96262353974534,18.464,1,1,1,1,1,96.24,1,INCLUDED,,0,EXISTING_REVIEWER_FORMULA,1,MASS_BALANCE_NI_MINUS_FN_MINUS_UN,DIRECT_INITIAL_BW_EXISTING,1,INCLUDED_IN_906_MAIN,,,AIA_906_V1_20260806
V44_b195fb41cc02,659,Lyu2018_AFST,DietMeans,Basal,growing,36.1,1.38,43.5,5.0,10.1,28.4,20.56,3.83,13.2,4.14,51.87089818996425,19.393,,,,,development,Historical Study_ID,1,15.1,31.521739130434785,0.0382271468144044,1.2049861495844876,1.060176352292064,1.5575757575757576,1.233206364590398,0.5067792501128164,0.8508477011413629,0.2463300378531499,0.3748803394304468,0.4109444004379106,0.6899475429029,0.1997476212628589,43.5,5.0,10.1,28.4,15.1,20.56,3.83,13.2,4.14,51.87089818996425,19.393,1,1,1,1,1,100.0,1,INCLUDED,,0,EXISTING_REVIEWER_FORMULA,1,MASS_BALANCE_NI_MINUS_FN_MINUS_UN,DIRECT_INITIAL_BW_EXISTING,1,INCLUDED_IN_906_MAIN,,,AIA_906_V1_20260806
V44_a5da0da82060,660,Lyu2018_AFST,DietMeans,SoybeanHulls,growing,36.1,1.51,44.2,8.0,8.9,27.300000000000004,18.55,2.83,21.43,12.21,41.3553274771478,18.433,,,,,development,Historical Study_ID,1,16.9,29.27152317880795,0.0418282548476454,1.2243767313019391,1.006347311886291,0.8656089594027065,1.085186628278098,0.4277059323455772,0.7488381048362499,0.2160202969312389,0.3656289178834562,0.3941312224093956,0.6900546738439419,0.1990628075412296,44.2,8.0,8.9,27.300000000000004,16.9,18.55,2.83,21.43,12.21,41.3553274771478,18.433,1,1,1,1,1,100.01,1,INCLUDED,,0,EXISTING_REVIEWER_FORMULA,1,MASS_BALANCE_NI_MINUS_FN_MINUS_UN,DIRECT_INITIAL_BW_EXISTING,1,INCLUDED_IN_906_MAIN,,,AIA_906_V1_20260806
V44_42b9a024cfeb,661,Lyu2018_AFST,DietMeans,SugarBeetPulp,growing,36.1,1.38,41.5,7.3,7.6,26.6,19.03,2.83,19.84,9.55,40.19524572805428,18.329,,,,,development,Historical Study_ID,1,14.9,30.072463768115945,0.0382271468144044,1.149584487534626,1.0382454034589994,0.9591733870967742,1.014975323731545,0.3965745164955075,0.6838472154082256,0.2034586724683764,0.3333471241892883,0.3907233084618312,0.6737574790430069,0.2004567674811668,41.5,7.3,7.6,26.6,14.9,19.03,2.83,19.84,9.55,40.19524572805428,18.329,1,1,1,1,1,100.0,1,INCLUDED,,0,EXISTING_REVIEWER_FORMULA,1,MASS_BALANCE_NI_MINUS_FN_MINUS_UN,DIRECT_INITIAL_BW_EXISTING,1,INCLUDED_IN_906_MAIN,,,AIA_906_V1_20260806
V44_901abac849f4,663,Neumann2018_Animals172,Growing60kg_Nbalance,HM_A,growing,60.5,2.064,58.884669042,9.43654552963016,22.6070883797597,26.84103513261014,18.28,9.8,12.95016963249262,4.680187298787167,45.89815722482194,19.65001172110907,,,,,development,Historical Study_ID,1,32.04363390938986,28.52939391569767,0.0341157024793388,0.9733003147438016,0.9302793433126896,1.411564521451099,0.7526339915260641,0.2297870132324075,0.4624445598178698,0.1465915590092847,0.2573283614353337,0.305310437502941,0.6144348581442658,0.1947713771365163,58.884669042,9.43654552963016,22.6070883797597,26.84103513261014,32.04363390938986,18.28,9.8,12.95016963249262,4.680187298787167,45.89815722482194,19.65001172110907,1,1,1,1,1,100.01,1,INCLUDED,,0,EXISTING_REVIEWER_FORMULA,1,MASS_BALANCE_NI_MINUS_FN_MINUS_UN,REPORTED_MEAN_BW_USED,1,INCLUDED_IN_906_MAIN,,,AIA_906_V1_20260806
V44_c0bd4ca3ea41,664,Neumann2018_Animals172,Growing60kg_Nbalance,HM_AA,growing,61.8,2.109,61.013088241,9.28666745698031,19.1755420186795,32.55087876534019,17.87,9.5,12.89987607861597,4.663653318314704,45.70492951390608,19.64726243682265,,,,,development,Historical Study_ID,1,28.46220947565981,28.929866401612134,0.034126213592233,0.9872668000161812,0.9095414721242931,1.3852846253013988,0.9660970548651862,0.2508964955598892,0.5043201932129482,0.1461962671835293,0.3378906879075217,0.2597011286768703,0.5220181457683084,0.1513266875696357,61.013088241,9.28666745698031,19.1755420186795,32.55087876534019,28.46220947565981,17.87,9.5,12.89987607861597,4.663653318314704,45.70492951390608,19.64726243682265,1,1,1,1,1,100.0,1,INCLUDED,,0,EXISTING_REVIEWER_FORMULA,1,MASS_BALANCE_NI_MINUS_FN_MINUS_UN,REPORTED_MEAN_BW_USED,1,INCLUDED_IN_906_MAIN,,,AIA_906_V1_20260806
V44_34dcb468c76c,665,Neumann2018_Animals172,Growing60kg_Nbalance,SM1_AA,growing,56.3,1.864,54.222628421,11.2554385189452,14.4563899495976,28.510799952457205,18.12,6.84,12.25129836180334,4.050581316067112,46.37955392776873,19.12902378981969,,,,,development,Historical Study_ID,1,25.7118284685428,29.08939292972103,0.0331083481349911,0.9631017481527532,0.9472516840949988,1.4790269133020129,1.221355822628899,0.251625520821544,0.5698836374115906,0.1956030819495826,0.4212733935668112,0.2060214690588156,0.4665991898945129,0.1601524128558687,54.222628421,11.2554385189452,14.4563899495976,28.510799952457205,25.7118284685428,18.12,6.84,12.25129836180334,4.050581316067112,46.37955392776873,19.12902378981969,1,1,1,1,1,100.01,1,INCLUDED,,0,EXISTING_REVIEWER_FORMULA,1,MASS_BALANCE_NI_MINUS_FN_MINUS_UN,REPORTED_MEAN_BW_USED,1,INCLUDED_IN_906_MAIN,,,AIA_906_V1_20260806
V44_397f309a76df,666,Neumann2018_Animals172,Growing60kg_Nbalance,SM2_AA,growing,60.6,2.229,65.362556363,12.5282143208123,15.1245733436024,37.7097686985853,18.67,6.54,12.23531282173011,4.045352595508129,46.31794181049352,19.12729209851531,,,,,development,Historical Study_ID,1,27.6527876644147,29.32371303858232,0.0367821782178217,1.0785900389933991,0.9760921673512372,1.525911128879499,1.220927907612221,0.2514387729472066,0.5695331204336749,0.1954709452689629,0.4087198405236412,0.2059407204795142,0.4664756345421865,0.1601003171851867,65.362556363,12.5282143208123,15.1245733436024,37.7097686985853,27.6527876644147,18.67,6.54,12.23531282173011,4.045352595508129,46.31794181049352,19.12729209851531,1,1,1,1,1,100.01,1,INCLUDED,,0,EXISTING_REVIEWER_FORMULA,1,MASS_BALANCE_NI_MINUS_FN_MINUS_UN,REPORTED_MEAN_BW_USED,1,INCLUDED_IN_906_MAIN,,,AIA_906_V1_20260806
V44_8ab9bf5a8df6,667,Neumann2018_Animals172,Growing60kg_Nbalance,SM_A,growing,58.4,2.106,60.375766563,12.3589514572265,19.8506121553725,28.166202950401004,18.9,6.97,12.2898390693494,4.063188194641786,46.5280879554983,19.13059859204318,,,,,development,Historical Study_ID,1,32.209563612599,28.66845515811966,0.0360616438356164,1.033831619229452,0.9879460859034964,1.5378557760887366,1.016661523677391,0.2520772029324537,0.5707327169329995,0.19592291016177,0.3361975938086611,0.2479460440488189,0.5613792827219313,0.1927120340436338,60.375766563,12.3589514572265,19.8506121553725,28.166202950401004,32.209563612599,18.9,6.97,12.2898390693494,4.063188194641786,46.5280879554983,19.13059859204318,1,1,1,1,1,100.01,1,INCLUDED,,0,EXISTING_REVIEWER_FORMULA,1,MASS_BALANCE_NI_MINUS_FN_MINUS_UN,REPORTED_MEAN_BW_USED,1,INCLUDED_IN_906_MAIN,,,AIA_906_V1_20260806
V44_8377e6943bf2,668,Neumann2018_Animals172,Piglet25kg_Nbalance,HM_A,piglet,25.7,0.944,32.352849394,6.31210694289821,9.56940062333383,16.47134182776796,21.07,13.37,11.68916404140377,4.538376385668279,38.56582626409306,20.5468982366513,,,,,development,Historical Study_ID,1,15.881507566232042,34.27208622245763,0.0367315175097276,1.2588657351750974,1.025458916344638,1.8025241091123971,1.012505925577709,0.2688104404808456,0.5602281483306755,0.1655833837631979,0.3003399162249967,0.2654902393064707,0.5533085132425514,0.1635381873629237,32.352849394,6.31210694289821,9.56940062333383,16.47134182776796,15.881507566232042,21.07,13.37,11.68916404140377,4.538376385668279,38.56582626409306,20.5468982366513,1,1,1,1,1,100.01,1,INCLUDED,,0,EXISTING_REVIEWER_FORMULA,1,MASS_BALANCE_NI_MINUS_FN_MINUS_UN,REPORTED_MEAN_BW_USED,1,INCLUDED_IN_906_MAIN,,,AIA_906_V1_20260806
V44_2f6b2d054405,669,Neumann2018_Animals172,Piglet25kg_Nbalance,HM_AA,piglet,26.5,0.935,32.754597587,5.57142675005881,7.57534314564448,19.607827691296706,22.73,13.96,11.59492858986719,4.507216304303925,38.20541761713352,20.53967222283685,,,,,development,Historical Study_ID,1,13.14676989570329,35.03165517326203,0.0352830188679245,1.2360225504528302,1.106638886609293,1.9603398006145336,1.299782874299552,0.418302284017933,0.6753151576853038,0.1648236236449811,0.3573974027440475,0.3218247387998203,0.5195599750067706,0.1268085823440349,32.754597587,5.57142675005881,7.57534314564448,19.607827691296706,13.14676989570329,22.73,13.96,11.59492858986719,4.507216304303925,38.20541761713352,20.53967222283685,1,1,1,1,1,100.0,1,INCLUDED,,0,EXISTING_REVIEWER_FORMULA,1,MASS_BALANCE_NI_MINUS_FN_MINUS_UN,REPORTED_MEAN_BW_USED,1,INCLUDED_IN_906_MAIN,,,AIA_906_V1_20260806
V44_e1636f47c3cb,670,Neumann2018_Animals172,Piglet25kg_Nbalance,SM_A,piglet,25.5,0.928,32.105126209,7.36508760002504,8.38971928754339,16.350319321431567,22.18,10.01,10.63874556328886,3.551729897067315,39.60959022854107,19.70719475224783,,,,,development,Historical Study_ID,1,15.75480688756843,34.59604117349137,0.0363921568627451,1.2590245572156862,1.1254772827304669,2.0848322641098376,1.433538080887586,0.3044587012544958,0.7335153449504919,0.2445861604949074,0.4039500904214342,0.2123827091262116,0.5116817995489386,0.1706171351537937,32.105126209,7.36508760002504,8.38971928754339,16.350319321431567,15.75480688756843,22.18,10.01,10.63874556328886,3.551729897067315,39.60959022854107,19.70719475224783,1,1,1,1,1,100.01,1,INCLUDED,,0,EXISTING_REVIEWER_FORMULA,1,MASS_BALANCE_NI_MINUS_FN_MINUS_UN,REPORTED_MEAN_BW_USED,1,INCLUDED_IN_906_MAIN,,,AIA_906_V1_20260806
V44_f7bc4a19dd70,671,Neumann2018_Animals172,Piglet25kg_Nbalance,SM_AA,piglet,25.1,0.832,29.123925126,6.45561565568935,7.27014971157499,15.39815975873566,22.21,9.91,10.57052466620108,3.529409240206144,39.34677152451108,19.7031718903085,,,,,development,Historical Study_ID,1,13.72576536726434,35.00471769951923,0.0331474103585657,1.1603157420717132,1.1272296726459838,2.101125601741962,1.712120286178578,0.3787576178148124,0.7638423598291968,0.2440086503013953,0.4817988198386362,0.2212213831425317,0.4461382567541906,0.1425184038009492,29.123925126,6.45561565568935,7.27014971157499,15.39815975873566,13.72576536726434,22.21,9.91,10.57052466620108,3.529409240206144,39.34677152451108,19.7031718903085,1,1,1,1,1,100.0,1,INCLUDED,,0,EXISTING_REVIEWER_FORMULA,1,MASS_BALANCE_NI_MINUS_FN_MINUS_UN,REPORTED_MEAN_BW_USED,1,INCLUDED_IN_906_MAIN,,,AIA_906_V1_20260806
V44_ff184715689b,672,Santosa2018_AFST,Exp1_NBalance,Basal,growing,20.95,0.8304,22.64,3.31,6.05,13.28,17.04,3.802469238189262,8.550049429368453,3.154152453598538,52.78137739437688,18.3416030984778,,,,,development,Historical Study_ID,1,9.36,27.263969171483623,0.0396372315035799,1.0806682577565634,0.9290354778974678,1.9929709343515047,1.193574879189155,0.2466800039852814,0.7771209233659311,0.2810772542756319,0.4377842133176184,0.2066732538413186,0.6510868625970594,0.235491931990542,22.64,3.31,6.05,13.28,9.36,17.04,3.802469238189262,8.550049429368453,3.154152453598538,52.78137739437688,18.3416030984778,1,1,1,1,1,100.0,1,INCLUDED,,0,EXISTING_REVIEWER_FORMULA,1,MASS_BALANCE_NI_MINUS_FN_MINUS_UN,DIRECT_INITIAL_BW_EXISTING,1,INCLUDED_IN_906_MAIN,,,AIA_906_V1_20260806
V44_bc0f83f66f4d,673,Santosa2018_AFST,Exp1_NBalance,DLMetMet_0.306,growing,21.05,0.8172,22.28,3.48,4.99,13.81,17.04,3.801178696189626,8.547147578703433,3.153081947577414,52.76346361781245,18.34114776405247,,,,,development,Historical Study_ID,1,8.47,27.263827704356338,0.0388218527315914,1.0584323040380048,0.9290585419848894,1.993647569916524,1.193169784916245,0.2801964637052886,0.7768571718067266,0.2809818578426663,0.4376356312046087,0.2348336902655954,0.6510868625970598,0.2354919319905422,22.28,3.48,4.99,13.81,8.47,17.04,3.801178696189626,8.547147578703433,3.153081947577414,52.76346361781245,18.34114776405247,1,1,1,1,1,100.0306,1,INCLUDED,,0,EXISTING_REVIEWER_FORMULA,1,MASS_BALANCE_NI_MINUS_FN_MINUS_UN,DIRECT_INITIAL_BW_EXISTING,1,INCLUDED_IN_906_MAIN,,,AIA_906_V1_20260806
V44_54041b7aaeb7,674,Santosa2018_AFST,Exp1_NBalance,DLMetMet_0.612,growing,20.88,0.8231,22.44,3.48,4.91,14.05,17.04,3.799889029901784,8.544247697121829,3.152012167960193,52.74556199684264,18.34069273859943,,,,,development,Historical Study_ID,1,8.39,27.26278702466286,0.0394204980842911,1.074712643678161,0.9290815915659488,1.9943242054815435,1.192764965524613,0.3136901804544209,0.7765935992191103,0.2808865261420235,0.4374871499136638,0.262994126689872,0.6510868625970596,0.2354919319905421,22.44,3.48,4.91,14.05,8.39,17.04,3.799889029901784,8.544247697121829,3.152012167960193,52.74556199684264,18.34069273859943,1,1,1,1,1,100.0612,1,INCLUDED,,0,EXISTING_REVIEWER_FORMULA,1,MASS_BALANCE_NI_MINUS_FN_MINUS_UN,DIRECT_INITIAL_BW_EXISTING,1,INCLUDED_IN_906_MAIN,,,AIA_906_V1_20260806
V44_498303fd128c,675,Santosa2018_AFST,Exp1_NBalance,DLMetMet_0.919,growing,20.93,0.8256,22.51,3.26,4.16,15.09,17.04,3.798596028131027,8.541340315533782,3.150939621556194,52.72761407664687,18.34023653630736,,,,,development,Historical Study_ID,1,7.42,27.26501937984496,0.0394457716196846,1.0754897276636408,0.929104701908651,1.9950030522738984,1.192359099142625,0.3472705224965294,0.7763293449498283,0.2807909478835993,0.4373382846033689,0.291246590684163,0.6510868625970598,0.2354919319905423,22.51,3.26,4.16,15.09,7.42,17.04,3.798596028131027,8.541340315533782,3.150939621556194,52.72761407664687,18.34023653630736,1,1,1,1,1,100.0919,1,INCLUDED,,0,EXISTING_REVIEWER_FORMULA,1,MASS_BALANCE_NI_MINUS_FN_MINUS_UN,DIRECT_INITIAL_BW_EXISTING,1,INCLUDED_IN_906_MAIN,,,AIA_906_V1_20260806
V44_1e3df4751846,676,Santosa2018_AFST,Exp1_NBalance,DLMet_0.3,growing,21.1,0.8212,22.39,3.35,6.01,13.03,17.04,3.801203992514735,8.547204458803314,3.153102930907169,52.7638147514571,18.34115668920769,,,,,development,Historical Study_ID,1,9.36,27.264978080857283,0.0389194312796208,1.061137440758294,0.929058089887356,1.993634302552504,1.193177725298217,0.2795394968945651,0.7768623416851121,0.2809837277385575,0.437638543609968,0.2342815248455114,0.6510868625970595,0.2354919319905421,22.39,3.35,6.01,13.03,9.36,17.04,3.801203992514735,8.547204458803314,3.153102930907169,52.7638147514571,18.34115668920769,1,1,1,1,1,100.03,1,INCLUDED,,0,EXISTING_REVIEWER_FORMULA,1,MASS_BALANCE_NI_MINUS_FN_MINUS_UN,DIRECT_INITIAL_BW_EXISTING,1,INCLUDED_IN_906_MAIN,,,AIA_906_V1_20260806
V44_c6ffa54ff679,677,Santosa2018_AFST,Exp1_NBalance,DLMet_0.6,growing,20.82,0.8231,22.44,3.56,4.34,14.540000000000004,17.04,3.799939588563849,8.544361380897463,3.152054106426493,52.74626379234861,18.34071057691801,,,,,development,Historical Study_ID,1,7.9,27.26278702466286,0.0395341018251681,1.0778097982708934,0.929080687933925,1.9942976707535036,1.192780835619855,0.3123771295339237,0.7766039320296305,0.280890263421413,0.4374929708112731,0.2618897958497044,0.6510868625970596,0.2354919319905422,22.44,3.56,4.34,14.540000000000004,7.9,17.04,3.799939588563849,8.544361380897463,3.152054106426493,52.74626379234861,18.34071057691801,1,1,1,1,1,100.06,1,INCLUDED,,0,EXISTING_REVIEWER_FORMULA,1,MASS_BALANCE_NI_MINUS_FN_MINUS_UN,DIRECT_INITIAL_BW_EXISTING,1,INCLUDED_IN_906_MAIN,,,AIA_906_V1_20260806
V44_becca0774a4f,678,Santosa2018_AFST,Exp1_NBalance,DLMet_0.9,growing,20.8,0.8205,22.37,3.61,4.26,14.500000000000002,17.04,3.798676025496925,8.54152019376285,3.151005979459999,52.72872450539607,18.34026476131254,,,,,development,Historical Study_ID,1,7.869999999999999,27.26386349786716,0.0394471153846153,1.0754807692307693,0.9291032720500658,1.9949610389545027,1.192384209890499,0.3451929237104112,0.776345694227879,0.2807968612621298,0.4373474948248603,0.2894980668538973,0.6510868625970597,0.2354919319905422,22.37,3.61,4.26,14.500000000000002,7.869999999999999,17.04,3.798676025496925,8.54152019376285,3.151005979459999,52.72872450539607,18.34026476131254,1,1,1,1,1,100.09,1,INCLUDED,,0,EXISTING_REVIEWER_FORMULA,1,MASS_BALANCE_NI_MINUS_FN_MINUS_UN,DIRECT_INITIAL_BW_EXISTING,1,INCLUDED_IN_906_MAIN,,,AIA_906_V1_20260806
V44_795b9cb117ca,679,Wu2018_JAFC_LPAA,NBalance,CP13p5,growing,40.0,1.6682,36.3,6.3,10.2,19.8,13.6,6.248207180126224,9.71356839197624,3.224157591973872,53.5534347482776,18.68250185060845,,,,,development,Historical Study_ID,1,16.5,21.759980817647765,0.041705,0.9075,0.7279538955087579,1.4001033864376855,1.106181921373352,0.3307036355701521,0.6732589172965957,0.1902418619863298,0.5083556623958418,0.2989595374688238,0.6086330867356142,0.1719806284215347,36.3,6.3,10.2,19.8,16.5,13.6,6.248207180126224,9.71356839197624,3.224157591973872,53.5534347482776,18.68250185060845,1,1,1,1,1,99.7,1,INCLUDED,,0,EXISTING_REVIEWER_FORMULA,1,MASS_BALANCE_NI_MINUS_FN_MINUS_UN,DIRECT_INITIAL_BW_EXISTING,1,INCLUDED_IN_906_MAIN,,,AIA_906_V1_20260806
V44_1775283300a2,680,Wu2018_JAFC_LPAA,NBalance,CP15,growing,40.0,1.6625,39.9,7.16,11.2,21.54,15.0,5.611383077389511,10.43239052618992,3.600376783997327,51.13160726689078,18.67453359349424,,,,,development,Historical Study_ID,1,18.36,24.0,0.0415625,0.9975,0.8032329120779563,1.4378296098428598,1.104569986614282,0.3241165762119359,0.6188585417583792,0.1654621946397119,0.4602374944226175,0.2934323584197821,0.5602710097667046,0.1497978368458889,39.9,7.16,11.2,21.54,18.36,15.0,5.611383077389511,10.43239052618992,3.600376783997327,51.13160726689078,18.67453359349424,1,1,1,1,1,100.0,1,INCLUDED,,0,EXISTING_REVIEWER_FORMULA,1,MASS_BALANCE_NI_MINUS_FN_MINUS_UN,DIRECT_INITIAL_BW_EXISTING,1,INCLUDED_IN_906_MAIN,,,AIA_906_V1_20260806
V44_4c1ba794fefd,681,Wu2018_JAFC_LPAA,NBalance,CP18,growing,40.0,1.5694,45.2,8.91,13.0,23.290000000000006,18.0,4.613485803311487,10.78481771132513,4.011095301208534,45.92706435514559,18.55777650127914,,,,,development,Historical Study_ID,1,21.91,28.800815598317836,0.039235,1.13,0.9699437860327343,1.6690129107233969,1.039070990447743,0.3260466544683213,0.6149915125294568,0.1961315179654729,0.3607885383499108,0.3137866974111417,0.5918666945599671,0.1887566102494675,45.2,8.91,13.0,23.290000000000006,21.91,18.0,4.613485803311487,10.78481771132513,4.011095301208534,45.92706435514559,18.55777650127914,1,1,1,1,1,100.0,1,INCLUDED,,0,EXISTING_REVIEWER_FORMULA,1,MASS_BALANCE_NI_MINUS_FN_MINUS_UN,DIRECT_INITIAL_BW_EXISTING,1,INCLUDED_IN_906_MAIN,,,AIA_906_V1_20260806
V44_eb05166a08ca,682,Wu2018_LowProtein_AAUtilization,NitrogenBalance_40kg,CP13p5,growing,40.0,1.668199,36.3,6.3,10.2,19.8,13.6,6.248207180126224,9.71356839197624,3.224157591973872,53.5534347482776,18.68250185060845,,,,,development,Historical DOI,1,16.5,21.759993861643604,0.041704975,0.9075,0.7279538955087579,1.4001033864376855,1.106181921373352,0.3307036355701521,0.6732589172965957,0.1902418619863298,0.5083556623958418,0.2989595374688238,0.6086330867356142,0.1719806284215347,36.3,6.3,10.2,19.8,16.5,13.6,6.248207180126224,9.71356839197624,3.224157591973872,53.5534347482776,18.68250185060845,1,1,1,1,1,96.58,1,INCLUDED,,0,EXISTING_REVIEWER_FORMULA,1,MASS_BALANCE_NI_MINUS_FN_MINUS_UN,DIRECT_INITIAL_BW_EXISTING,1,INCLUDED_IN_906_MAIN,,,AIA_906_V1_20260806
V44_2c4605a519b0,683,Wu2018_LowProtein_AAUtilization,NitrogenBalance_40kg,CP15,growing,40.0,1.6625,39.9,7.16,11.2,21.54,15.0,5.611383077389511,10.43239052618992,3.600376783997327,51.13160726689078,18.67453359349424,,,,,development,Historical DOI,1,18.36,24.0,0.0415625,0.9975,0.8032329120779563,1.4378296098428598,1.104569986614282,0.3241165762119359,0.6188585417583792,0.1654621946397119,0.4602374944226175,0.2934323584197821,0.5602710097667046,0.1497978368458889,39.9,7.16,11.2,21.54,18.36,15.0,5.611383077389511,10.43239052618992,3.600376783997327,51.13160726689078,18.67453359349424,1,1,1,1,1,97.02,1,INCLUDED,,0,EXISTING_REVIEWER_FORMULA,1,MASS_BALANCE_NI_MINUS_FN_MINUS_UN,DIRECT_INITIAL_BW_EXISTING,1,INCLUDED_IN_906_MAIN,,,AIA_906_V1_20260806
V44_2b5904c4b63c,684,Wu2018_LowProtein_AAUtilization,NitrogenBalance_40kg,CP18,growing,40.0,1.569444,45.2,8.91,13.0,23.290000000000006,18.0,4.613485803311487,10.78481771132513,4.011095301208534,45.92706435514559,18.55777650127914,,,,,development,Historical DOI,1,21.91,28.80000815575452,0.0392361,1.13,0.9699437860327343,1.6690129107233969,1.039070990447743,0.3260466544683213,0.6149915125294568,0.1961315179654729,0.3607885383499108,0.3137866974111417,0.5918666945599671,0.1887566102494675,45.2,8.91,13.0,23.290000000000006,21.91,18.0,4.613485803311487,10.78481771132513,4.011095301208534,45.92706435514559,18.55777650127914,1,1,1,1,1,97.14,1,INCLUDED,,0,EXISTING_REVIEWER_FORMULA,1,MASS_BALANCE_NI_MINUS_FN_MINUS_UN,DIRECT_INITIAL_BW_EXISTING,1,INCLUDED_IN_906_MAIN,,,AIA_906_V1_20260806
V44_a7ed2747120d,685,Zhou2018_SIDLys_LowCP_Weaned,NBalance,CP18p5_Lys12p3,weaned,11.96,0.501526082130966,14.46,1.72,2.62,10.12,18.02,4.7470802260952,7.571548442683519,2.840730657025819,45.8754613620662,18.51335178040633,,,,,development,Historical Study_ID,1,4.34,28.831999999999976,0.0419336189072714,1.209030100334448,0.973351568842954,2.379962320311501,1.375164392051279,0.5419941866823634,0.8690911734134529,0.3020800749382702,0.4769576831476412,0.3941304689208043,0.6319907484784881,0.2196683368798323,14.46,1.72,2.62,10.12,4.34,18.02,4.7470802260952,7.571548442683519,2.840730657025819,45.8754613620662,18.51335178040633,1,1,1,1,1,96.93,1,INCLUDED,,0,EXISTING_REVIEWER_FORMULA,1,MASS_BALANCE_NI_MINUS_FN_MINUS_UN,DIRECT_INITIAL_BW_EXISTING,1,INCLUDED_IN_906_MAIN,,,AIA_906_V1_20260806
V44_778620c6582d,686,Zhou2018_SIDLys_LowCP_Weaned,NBalance,CP18p5_Lys13p5,weaned,11.94,0.499931842966194,14.67,1.62,2.19,10.86,18.34,4.275267573667162,7.56209704175422,2.793187493018549,46.61891474488043,18.39616363354454,,,,,development,Historical Study_ID,1,3.81,29.34400000000001,0.0418703386068839,1.228643216080402,0.9969469920651212,2.425253193490568,1.512976251673464,0.6224960500963928,0.95687731152027,0.3372078141125068,0.5155998676640757,0.4114380839804101,0.6324470132706265,0.2228771362006045,14.67,1.62,2.19,10.86,3.81,18.34,4.275267573667162,7.56209704175422,2.793187493018549,46.61891474488043,18.39616363354454,1,1,1,1,1,96.93,1,INCLUDED,,0,EXISTING_REVIEWER_FORMULA,1,MASS_BALANCE_NI_MINUS_FN_MINUS_UN,DIRECT_INITIAL_BW_EXISTING,1,INCLUDED_IN_906_MAIN,,,AIA_906_V1_20260806
V44_49db8cbc5d76,687,Zhou2018_SIDLys_LowCP_Weaned,NBalance,CP20_Lys12p3,weaned,11.94,0.499249249249249,15.96,1.84,3.05,11.07,19.98,5.630685377424602,7.458492609773655,2.958799353576441,42.26973413428657,18.75026293831977,,,,,development,Historical Study_ID,1,4.89,31.968000000000018,0.0418131699538734,1.3366834170854274,1.0655850568989635,2.678825473905824,1.367222214146058,0.5178737179197661,0.8675645516377036,0.3051949307928853,0.4276846265471903,0.3787780161568108,0.6345453889363322,0.2232226244096717,15.96,1.84,3.05,11.07,4.89,19.98,5.630685377424602,7.458492609773655,2.958799353576441,42.26973413428657,18.75026293831977,1,1,1,1,1,96.99,1,INCLUDED,,0,EXISTING_REVIEWER_FORMULA,1,MASS_BALANCE_NI_MINUS_FN_MINUS_UN,DIRECT_INITIAL_BW_EXISTING,1,INCLUDED_IN_906_MAIN,,,AIA_906_V1_20260806
V44_a6a5bccf2ab7,688,Aquilani2019_Animals,Balance,CP12,growing,55.0,1.752,37.44,5.2416,15.623712,16.574688000000002,13.356,4.5,11.3,3.7,54.59776484662387,18.15963668251465,,,,,development,Historical Study_ID,1,20.865312,21.36986301369863,0.0318545454545454,0.6807272727272727,0.7354772693696058,1.1819469026548672,0.8055673753897791,0.2443616028778511,0.356868319824729,0.1037060176559746,0.376968860151701,0.3033409871640037,0.4430024486183491,0.1287366157371949,37.44,5.2416,15.623712,16.574688000000002,20.865312,13.356,4.5,11.3,3.7,54.59776484662387,18.15963668251465,1,1,1,1,1,95.0,1,INCLUDED,,0,EXISTING_REVIEWER_FORMULA,1,MASS_BALANCE_NI_MINUS_FN_MINUS_UN,DIRECT_INITIAL_BW_EXISTING,1,INCLUDED_IN_906_MAIN,,,AIA_906_V1_20260806
V44_6e32cf273792,689,Aquilani2019_Animals,Balance,CP14,growing,55.0,1.673,41.76,5.6376,17.860752,18.261648,15.601,4.4,11.2,3.8,50.79237742333623,18.17138986921611,,,,,development,Historical Study_ID,1,23.498352,24.961147638971905,0.0304181818181818,0.7592727272727272,0.8585474260518415,1.3929464285714288,0.9401345061809592,0.2686556938431097,0.4332180449865241,0.1330195042358532,0.376632309700083,0.2857630393064184,0.4608043233583188,0.141489864866474,41.76,5.6376,17.860752,18.261648,23.498352,15.601,4.4,11.2,3.8,50.79237742333623,18.17138986921611,1,1,1,1,1,95.0,1,INCLUDED,,0,EXISTING_REVIEWER_FORMULA,1,MASS_BALANCE_NI_MINUS_FN_MINUS_UN,DIRECT_INITIAL_BW_EXISTING,1,INCLUDED_IN_906_MAIN,,,AIA_906_V1_20260806
V44_42966ec0a6fd,690,Aquilani2019_Animals,Balance,CP16,growing,55.0,1.723,49.28,6.45568,27.133568,15.690752,17.876,4.2,11.1,3.9,47.26281564184585,18.17062241851784,,,,,development,Historical Study_ID,1,33.589248,28.601276842716192,0.0313272727272727,0.896,0.9837857828019372,1.6104504504504509,1.061903381626305,0.3453041081735728,0.5021883979448228,0.159545564086177,0.3712741181004926,0.3251746949376313,0.4729134558133917,0.1502448968962063,49.28,6.45568,27.133568,15.690752,33.589248,17.876,4.2,11.1,3.9,47.26281564184585,18.17062241851784,1,1,1,1,1,94.95,0,INCLUDED,,0,EXISTING_REVIEWER_FORMULA,1,MASS_BALANCE_NI_MINUS_FN_MINUS_UN,DIRECT_INITIAL_BW_EXISTING,1,INCLUDED_IN_906_MAIN,,,AIA_906_V1_20260806
V44_3f3b7e2bdb94,691,Aquilani2019_Animals,Balance,CP18,growing,55.0,1.58,51.52,6.54304,24.750208,20.226752000000005,20.38,4.1,11.1,4.1,43.47351805325768,18.1923948536402,,,,,development,Historical Study_ID,1,31.293248,32.607594936708864,0.0287272727272727,0.9367272727272729,1.1202483325565062,1.836036036036036,1.239282025387725,0.3694443767964725,0.5782293832255123,0.1887401874754931,0.3800545956169422,0.2981116236886331,0.4665841764666973,0.1522980109523038,51.52,6.54304,24.750208,20.226752000000005,31.293248,20.38,4.1,11.1,4.1,43.47351805325768,18.1923948536402,1,1,1,1,1,95.0,1,INCLUDED,,0,EXISTING_REVIEWER_FORMULA,1,MASS_BALANCE_NI_MINUS_FN_MINUS_UN,DIRECT_INITIAL_BW_EXISTING,1,INCLUDED_IN_906_MAIN,,,AIA_906_V1_20260806
V44_34c2cad2f3f1,692,Arredondo2019_AFST,PhytaseDose,NC,growing,13.6,0.8285454035874439,23.65,2.63,3.43,17.59,20.4869085898,5.551324228735503,7.280930914213979,3.108917572122448,38.32871247536756,19.30408819476343,,,,,development,Historical Study_ID,1,6.0600000000000005,28.544,0.0609224561461355,1.7389705882352942,1.0612730517547797,2.8137759897989207,1.257005848226812,0.4011038507419439,0.7535597738743011,0.2095205901698458,0.3834783816690164,0.3190946576006457,0.5994878822062012,0.1666822715784535,23.65,2.63,3.43,17.59,6.0600000000000005,20.4869085898,5.551324228735503,7.280930914213979,3.108917572122448,38.32871247536756,19.30408819476343,1,1,1,1,1,98.39,1,INCLUDED,,0,EXISTING_REVIEWER_FORMULA,1,MASS_BALANCE_NI_MINUS_FN_MINUS_UN,DIRECT_INITIAL_BW_EXISTING,1,INCLUDED_IN_906_MAIN,,,AIA_906_V1_20260806
V44_b1de809f6029,693,Arredondo2019_AFST,PhytaseDose,PC,growing,13.6,0.8686499171728327,25.17,2.88,2.59,19.700000000000003,20.7326846022,5.551090698761044,7.281093175678547,3.108858869212688,37.252596488073,19.01545506582713,,,,,development,Historical Study_ID,1,5.47,28.976000000000003,0.0638713174391788,1.8507352941176471,1.0903070439507343,2.8474686564174974,1.24833064586865,0.4010779280171365,0.7535051692551099,0.209503777988754,0.376317234664881,0.321291421743513,0.6036102468114799,0.1678271527516421,25.17,2.88,2.59,19.700000000000003,5.47,20.7326846022,5.551090698761044,7.281093175678547,3.108858869212688,37.252596488073,19.01545506582713,1,1,1,1,1,97.35,1,INCLUDED,,0,EXISTING_REVIEWER_FORMULA,1,MASS_BALANCE_NI_MINUS_FN_MINUS_UN,DIRECT_INITIAL_BW_EXISTING,1,INCLUDED_IN_906_MAIN,,,AIA_906_V1_20260806
V44_5e4ef616b175,694,Arredondo2019_AFST,PhytaseDose,Phy1000,growing,13.6,0.8621570344424985,23.63,2.36,3.23,18.04,19.5503309747,5.543485251468013,7.261748356585847,3.103158146138377,38.18605908237974,19.11664003652134,,,,,development,Historical Study_ID,1,5.59,27.408,0.0633938995913601,1.7375,1.022686567166098,2.692234709148156,1.256345950400277,0.400709368039828,0.7529307984472094,0.209376671958098,0.4016383252111271,0.3189482705079443,0.5993021255071683,0.1666552687111298,23.63,2.36,3.23,18.04,5.59,19.5503309747,5.543485251468013,7.261748356585847,3.103158146138377,38.18605908237974,19.11664003652134,1,1,1,1,1,98.2,1,INCLUDED,,0,EXISTING_REVIEWER_FORMULA,1,MASS_BALANCE_NI_MINUS_FN_MINUS_UN,DIRECT_INITIAL_BW_EXISTING,1,INCLUDED_IN_906_MAIN,,,AIA_906_V1_20260806
V44_92ff2607d12d,695,Arredondo2019_AFST,PhytaseDose,Phy1500,growing,13.6,0.8871293800539084,26.33,2.33,3.11,20.89,21.2072710644,5.539361018029724,7.251656052079497,3.100128003759042,38.11100644816867,19.14942265919744,,,,,development,Historical Study_ID,1,5.44,29.68,0.065230101474552,1.9360294117647057,1.1074626865689958,2.924472825530462,1.255998765737127,0.4005018232676751,0.7525998826402418,0.2093009538789385,0.370155700939504,0.3188711917504365,0.5992043170508629,0.1666410506033442,26.33,2.33,3.11,20.89,5.44,21.2072710644,5.539361018029724,7.251656052079497,3.100128003759042,38.11100644816867,19.14942265919744,1,1,1,1,1,98.1,1,INCLUDED,,0,EXISTING_REVIEWER_FORMULA,1,MASS_BALANCE_NI_MINUS_FN_MINUS_UN,DIRECT_INITIAL_BW_EXISTING,1,INCLUDED_IN_906_MAIN,,,AIA_906_V1_20260806
V44_2dc94d848f48,696,Arredondo2019_AFST,PhytaseDose,Phy250,growing,13.6,0.8609729132117192,24.92,2.5,3.45,18.97,20.7501720578,5.549673598165773,7.276891699027333,3.107704826598509,38.29867436665686,19.25900435879789,,,,,development,Historical Study_ID,1,5.95,28.944000000000003,0.0633068318538028,1.8323529411764707,1.077427039904112,2.851515855399301,1.256866895467006,0.4010207856704272,0.7534273323539166,0.2094902857319395,0.3785712270137987,0.3190638460737105,0.5994487841721461,0.1666765880201662,24.92,2.5,3.45,18.97,5.95,20.7501720578,5.549673598165773,7.276891699027333,3.107704826598509,38.29867436665686,19.25900435879789,1,1,1,1,1,98.35,1,INCLUDED,,0,EXISTING_REVIEWER_FORMULA,1,MASS_BALANCE_NI_MINUS_FN_MINUS_UN,DIRECT_INITIAL_BW_EXISTING,1,INCLUDED_IN_906_MAIN,,,AIA_906_V1_20260806
V44_695953f583ed,697,Arredondo2019_AFST,PhytaseDose,Phy2500,growing,13.6,0.8593749999999999,23.76,2.25,3.1,18.41,19.8096984982,5.531115743763011,7.231479255619464,3.094070064663538,37.96095927873248,19.15625358248309,,,,,development,Historical Study_ID,1,5.35,27.648000000000007,0.0631893382352941,1.747058823529412,1.0341113105912545,2.7393701617557995,1.255304665169907,0.4000868943858287,0.7519383071915029,0.209149576334733,0.3960511644346738,0.3187169660774553,0.5990086136497607,0.166612601815213,23.76,2.25,3.1,18.41,5.35,19.8096984982,5.531115743763011,7.231479255619464,3.094070064663538,37.96095927873248,19.15625358248309,1,1,1,1,1,97.9,1,INCLUDED,,0,EXISTING_REVIEWER_FORMULA,1,MASS_BALANCE_NI_MINUS_FN_MINUS_UN,DIRECT_INITIAL_BW_EXISTING,1,INCLUDED_IN_906_MAIN,,,AIA_906_V1_20260806
V44_5f240f67a3a2,698,Arredondo2019_AFST,PhytaseDose,Phy500,growing,13.6,0.8398546674119619,24.04,2.52,3.29,18.23,20.4597438243,5.547610549659083,7.271843266621064,3.106189070809152,38.26113109291908,19.15599268069533,,,,,development,Historical Study_ID,1,5.8100000000000005,28.624,0.0617540196626442,1.7676470588235291,1.068059701490622,2.813556766028433,1.256693224696044,0.4009169663937863,0.7532617996866657,0.2094524095853836,0.383892033145679,0.3190253265595157,0.5993999051509623,0.1666694826305312,24.04,2.52,3.29,18.23,5.8100000000000005,20.4597438243,5.547610549659083,7.271843266621064,3.106189070809152,38.26113109291908,19.15599268069533,1,1,1,1,1,98.3,1,INCLUDED,,0,EXISTING_REVIEWER_FORMULA,1,MASS_BALANCE_NI_MINUS_FN_MINUS_UN,DIRECT_INITIAL_BW_EXISTING,1,INCLUDED_IN_906_MAIN,,,AIA_906_V1_20260806
V44_ac3f391e8a2c,702,Habeanu2019_Animals,Grower31to55kg_n3PUFA_Nbalance,SM,growing,32.4,2.46,70.76,7.95,10.81,52.0,16.0,2.993821702564158,6.973262621003205,2.636545870736721,60.32217977253536,17.99611990938931,,,,,development,Historical Study_ID,1,18.76,28.764227642276424,0.0759259259259259,2.183950617283951,0.8890805396141057,2.294478333830222,0.7815472860379273,0.2480540163757586,0.4244081264205601,0.132681610407462,0.3052919086085653,0.317388366394661,0.5430357625219419,0.169767860214952,70.76,7.95,10.81,52.0,18.76,16.0,2.993821702564158,6.973262621003205,2.636545870736721,60.32217977253536,17.99611990938931,1,1,1,1,1,96.84,1,INCLUDED,REPORTED_RN_DIFF_GT2_USE_RECOMPUTED,0,EXISTING_REVIEWER_FORMULA,1,MASS_BALANCE_NI_MINUS_FN_MINUS_UN,DIRECT_INITIAL_BW_EXISTING,1,INCLUDED_IN_906_MAIN,,,AIA_906_V1_20260806
V44_d6b347824c0e,703,Kwon2019_JAS,LeuExcess,Leu100,growing,30.0,1.22726480318,33.0,5.8,5.6,21.6,16.8056640642,5.31025185248807,11.6823666544026,4.13722428792843,49.57055074937833,18.7210564113393,,,,,confirmation,Historical Study_ID,1,11.4,26.88906250264228,0.0409088267726666,1.1,0.8976878064434892,1.4385496159604476,0.9910137771064372,0.305687674344374,0.6646786133599871,0.1849627800176608,0.3728245826573024,0.3084595607105696,0.6707057244962994,0.1866399683743199,33.0,5.8,5.6,21.6,11.4,16.8056640642,5.31025185248807,11.6823666544026,4.13722428792843,49.57055074937833,18.7210564113393,1,1,1,1,1,100.0,1,INCLUDED,,0,EXISTING_REVIEWER_FORMULA,1,MASS_BALANCE_NI_MINUS_FN_MINUS_UN,DIRECT_INITIAL_BW_EXISTING,1,INCLUDED_IN_906_MAIN,,,AIA_906_V1_20260806
V44_b36e90c18890,704,Kwon2019_JAS,LeuExcess,Leu150,growing,30.0,1.21623139644,33.0,5.8,6.0,21.2,16.9581216702,5.310547266371802,11.68301655452042,4.137454445278538,49.36402510197973,18.72732050507927,,,,,confirmation,Historical Study_ID,1,11.8,27.132994672390023,0.040541046548,1.1,0.905528458574764,1.4515190996317235,0.991068908056317,0.3057046800129554,0.6647155900036683,0.1849730696564027,0.3692598150620921,0.3084595607105695,0.6707057244962993,0.1866399683743198,33.0,5.8,6.0,21.2,11.8,16.9581216702,5.310547266371802,11.68301655452042,4.137454445278538,49.36402510197973,18.72732050507927,1,1,1,1,1,100.0,1,INCLUDED,,0,EXISTING_REVIEWER_FORMULA,1,MASS_BALANCE_NI_MINUS_FN_MINUS_UN,DIRECT_INITIAL_BW_EXISTING,1,INCLUDED_IN_906_MAIN,,,AIA_906_V1_20260806
V44_dc7397c302f7,705,Kwon2019_JAS,LeuExcess,Leu200,growing,30.0,1.20304225362,32.6,5.4,6.0,21.200000000000003,16.9362297448,5.31084271312562,11.68366652695126,4.137684628237772,49.15747647490347,18.73358529581187,,,,,confirmation,Historical Study_ID,1,11.4,27.097967591666343,0.040101408454,1.086666666666667,0.9040570439330856,1.4495646298815876,0.991124045140502,0.305721687573722,0.6647525707616633,0.1849833604400513,0.3657625709936961,0.3084595607105695,0.6707057244962993,0.1866399683743198,32.6,5.4,6.0,21.200000000000003,11.4,16.9362297448,5.31084271312562,11.68366652695126,4.137684628237772,49.15747647490347,18.73358529581187,1,1,1,1,1,100.0,1,INCLUDED,,0,EXISTING_REVIEWER_FORMULA,1,MASS_BALANCE_NI_MINUS_FN_MINUS_UN,DIRECT_INITIAL_BW_EXISTING,1,INCLUDED_IN_906_MAIN,,,AIA_906_V1_20260806
V44_3315587db62b,706,Kwon2019_JAS,LeuExcess,Leu250,growing,30.0,1.1997400695,32.6,5.8,6.0,20.8,16.9828452996,5.311138192755012,11.68431657170721,4.13791483681041,48.95090486431404,18.73985078365344,,,,,confirmation,Historical Study_ID,1,11.8,27.17255247929352,0.03999133565,1.086666666666667,0.906242290595715,1.453473568212181,0.9911791883600172,0.3057386970269897,0.6647895556346591,0.1849936523687976,0.3623309499145225,0.3084595607105694,0.6707057244962992,0.1866399683743198,32.6,5.8,6.0,20.8,11.8,16.9828452996,5.311138192755012,11.68431657170721,4.13791483681041,48.95090486431404,18.73985078365344,1,1,1,1,1,100.0,1,INCLUDED,,0,EXISTING_REVIEWER_FORMULA,1,MASS_BALANCE_NI_MINUS_FN_MINUS_UN,DIRECT_INITIAL_BW_EXISTING,1,INCLUDED_IN_906_MAIN,,,AIA_906_V1_20260806
V44_0a9cb109db1b,707,Kwon2019_JAS,LeuExcess,Leu300,growing,30.0,1.15528091352,31.8,5.2,6.2,20.4,17.2036080294,5.311433705265462,11.68496668880032,4.138145071000723,48.74431026637499,18.74611696872034,,,,,confirmation,Historical Study_ID,1,11.4,27.525772846977347,0.038509363784,1.06,0.9177158159263512,1.472285586050419,0.9912343377158852,0.3057557083730744,0.6648265446233423,0.1850039454428327,0.3589631219461029,0.3084595607105697,0.6707057244962994,0.1866399683743198,31.8,5.2,6.2,20.4,11.4,17.2036080294,5.311433705265462,11.68496668880032,4.138145071000723,48.74431026637499,18.74611696872034,1,1,1,1,1,100.0,1,INCLUDED,,0,EXISTING_REVIEWER_FORMULA,1,MASS_BALANCE_NI_MINUS_FN_MINUS_UN,DIRECT_INITIAL_BW_EXISTING,1,INCLUDED_IN_906_MAIN,,,AIA_906_V1_20260806
V44_e029d732b3b6,708,Kwon2019_LeuExcess,NBalance,SIDLeu_100,growing,30.0,1.2089,33.0,5.8,5.6,21.6,17.111,6.799,11.6823666544026,4.13722428792843,49.57055074937833,18.916,,,,,confirmation,Historical DOI,1,11.4,27.297543221110097,0.0402966666666666,1.1,0.9045781349122436,1.4646860953941705,0.9910137771064372,0.305687674344374,0.6646786133599871,0.1849627800176608,0.361979785337808,0.3084595607105696,0.6707057244962994,0.1866399683743199,33.0,5.8,5.6,21.6,11.4,17.111,6.799,11.6823666544026,4.13722428792843,49.57055074937833,18.916,1,1,1,1,1,97.3,1,INCLUDED,,0,EXISTING_REVIEWER_FORMULA,1,MASS_BALANCE_NI_MINUS_FN_MINUS_UN,DIRECT_INITIAL_BW_EXISTING,1,INCLUDED_IN_906_MAIN,,,AIA_906_V1_20260806
V44_c293d0c37276,709,Kwon2019_LeuExcess,NBalance,SIDLeu_150,growing,30.0,1.197,33.0,5.8,6.0,21.2,17.228,6.76,11.68301655452042,4.137454445278538,49.36402510197973,18.957,,,,,confirmation,Historical DOI,1,11.8,27.56892230576441,0.0399,1.1,0.9087935854829352,1.474619155044688,0.991068908056317,0.3057046800129554,0.6647155900036683,0.1849730696564027,0.3595414833615034,0.3084595607105695,0.6707057244962993,0.1866399683743198,33.0,5.8,6.0,21.2,11.8,17.228,6.76,11.68301655452042,4.137454445278538,49.36402510197973,18.957,1,1,1,1,1,97.3,1,INCLUDED,,0,EXISTING_REVIEWER_FORMULA,1,MASS_BALANCE_NI_MINUS_FN_MINUS_UN,DIRECT_INITIAL_BW_EXISTING,1,INCLUDED_IN_906_MAIN,,,AIA_906_V1_20260806
V44_e82aa50c02e1,710,Kwon2019_LeuExcess,NBalance,SIDLeu_200,growing,30.0,1.1875,32.6,5.4,6.0,21.200000000000003,17.168,6.831,11.68366652695126,4.137684628237772,49.15747647490347,18.932,,,,,confirmation,Historical DOI,1,11.4,27.45263157894737,0.0395833333333333,1.086666666666667,0.9068244242552292,1.4694017464806763,0.991124045140502,0.305721687573722,0.6647525707616633,0.1849833604400513,0.3608181082320676,0.3084595607105695,0.6707057244962993,0.1866399683743198,32.6,5.4,6.0,21.200000000000003,11.4,17.168,6.831,11.68366652695126,4.137684628237772,49.15747647490347,18.932,1,1,1,1,1,97.3,1,INCLUDED,,0,EXISTING_REVIEWER_FORMULA,1,MASS_BALANCE_NI_MINUS_FN_MINUS_UN,DIRECT_INITIAL_BW_EXISTING,1,INCLUDED_IN_906_MAIN,,,AIA_906_V1_20260806
V44_79bb965c71d6,711,Kwon2019_LeuExcess,NBalance,SIDLeu_250,growing,30.0,1.1809,32.6,5.8,6.0,20.8,17.217,6.613,11.68431657170721,4.13791483681041,48.95090486431404,19.014,,,,,confirmation,Historical DOI,1,11.8,27.60606317215683,0.0393633333333333,1.086666666666667,0.905490691069738,1.473513653480582,0.9911791883600172,0.3057386970269897,0.6647895556346591,0.1849936523687976,0.3598112288581116,0.3084595607105694,0.6707057244962992,0.1866399683743198,32.6,5.8,6.0,20.8,11.8,17.217,6.613,11.68431657170721,4.13791483681041,48.95090486431404,19.014,1,1,1,1,1,97.3,1,INCLUDED,,0,EXISTING_REVIEWER_FORMULA,1,MASS_BALANCE_NI_MINUS_FN_MINUS_UN,DIRECT_INITIAL_BW_EXISTING,1,INCLUDED_IN_906_MAIN,,,AIA_906_V1_20260806
V44_953ed01f2f1f,712,Kwon2019_LeuExcess,NBalance,SIDLeu_300,growing,30.0,1.1357,31.8,5.2,6.2,20.4,17.523,6.713,11.68496668880032,4.138145071000723,48.74431026637499,19.078,,,,,confirmation,Historical DOI,1,11.4,28.000352205688124,0.0378566666666666,1.06,0.9184925044553937,1.4996191659489502,0.9912343377158852,0.3057557083730744,0.6648265446233423,0.1850039454428327,0.3535476009087646,0.3084595607105697,0.6707057244962994,0.1866399683743198,31.8,5.2,6.2,20.4,11.4,17.523,6.713,11.68496668880032,4.138145071000723,48.74431026637499,19.078,1,1,1,1,1,97.3,1,INCLUDED,,0,EXISTING_REVIEWER_FORMULA,1,MASS_BALANCE_NI_MINUS_FN_MINUS_UN,DIRECT_INITIAL_BW_EXISTING,1,INCLUDED_IN_906_MAIN,,,AIA_906_V1_20260806
V44_1e4216d626c0,713,McGilvray2019_JAS,ISS_Thr,ISSneg_L1,growing,32.0,0.9728107101,23.0,6.8,4.5,11.7,14.7767698801,4.111030027853577,8.542131211810847,2.840326634907414,58.39075636076897,18.18529666028782,,,,,development,Historical Study_ID,1,11.3,23.64283180808702,0.030400334690625,0.71875,0.8125668861024854,1.7298692227612682,1.150812356275151,0.4514203106536191,0.81949091667272,0.2594640889584381,0.5213026312865294,0.3922623077447108,0.7120977735459642,0.2254616815188262,23.0,6.8,4.5,11.7,11.3,14.7767698801,4.111030027853577,8.542131211810847,2.840326634907414,58.39075636076897,18.18529666028782,1,1,1,1,1,101.03,1,INCLUDED,,0,EXISTING_REVIEWER_FORMULA,1,MASS_BALANCE_NI_MINUS_FN_MINUS_UN,DIRECT_INITIAL_BW_EXISTING,1,INCLUDED_IN_906_MAIN,,,AIA_906_V1_20260806
V44_86bbe2732d15,714,McGilvray2019_JAS,ISS_Thr,ISSneg_L2,growing,32.0,0.983545772,29.7,7.0,6.5,16.2,18.873041325,3.929103055907991,8.400670611374588,3.06607242404342,52.45932412827966,18.23150434309365,,,,,development,Historical Study_ID,1,13.5,30.196866120024357,0.030735805375,0.928125,1.0351883733691658,2.2466112764194945,1.542050084667305,0.5564453957913925,1.054274433451388,0.3396506281260873,0.552192916921696,0.3608478098890314,0.6836836519994395,0.2202591417122268,29.7,7.0,6.5,16.2,13.5,18.873041325,3.929103055907991,8.400670611374588,3.06607242404342,52.45932412827966,18.23150434309365,1,1,1,1,1,101.415,1,INCLUDED,,0,EXISTING_REVIEWER_FORMULA,1,MASS_BALANCE_NI_MINUS_FN_MINUS_UN,DIRECT_INITIAL_BW_EXISTING,1,INCLUDED_IN_906_MAIN,,,AIA_906_V1_20260806
V44_15756c09372a,715,McGilvray2019_JAS,ISS_Thr,ISSneg_L3,growing,32.0,0.985342292,36.4,9.5,7.4,19.5,23.0884233679,3.749213035131997,8.260793879082936,3.28929064321938,46.59430336680046,18.27719466009862,,,,,development,Historical Study_ID,1,16.9,36.94147738865146,0.030791946625,1.1375,1.2632367164259015,2.794940014949645,1.928907307299842,0.6602945641988419,1.286429189062929,0.4189393561390935,0.5721951898312163,0.342315341799989,0.6669212067342528,0.2171899886291274,36.4,9.5,7.4,19.5,16.9,23.0884233679,3.749213035131997,8.260793879082936,3.28929064321938,46.59430336680046,18.27719466009862,1,1,1,1,1,101.8,1,INCLUDED,,0,EXISTING_REVIEWER_FORMULA,1,MASS_BALANCE_NI_MINUS_FN_MINUS_UN,DIRECT_INITIAL_BW_EXISTING,1,INCLUDED_IN_906_MAIN,,,AIA_906_V1_20260806
V44_c76ddc723239,716,McGilvray2019_JAS,ISS_Thr,ISSpos_L1,growing,32.0,0.6062605688,13.0,5.4,5.7,1.8999999999999997,13.4018282206,4.193951267186375,8.623190599810568,2.75385435288532,61.00911027096147,18.20529773142381,,,,,development,Historical Study_ID,1,11.1,21.442925153010545,0.018945642775,0.40625,0.7361499063795791,1.5541611965406874,0.9742430556315572,0.4003397067137963,0.7231657779096525,0.2193411607505302,0.4958448378108035,0.410923849443581,0.7422847653154245,0.2251400812996725,13.0,5.4,5.7,1.8999999999999997,11.1,13.4018282206,4.193951267186375,8.623190599810568,2.75385435288532,61.00911027096147,18.20529773142381,1,1,1,1,1,100.948,1,INCLUDED,,0,EXISTING_REVIEWER_FORMULA,1,MASS_BALANCE_NI_MINUS_FN_MINUS_UN,DIRECT_INITIAL_BW_EXISTING,1,INCLUDED_IN_906_MAIN,,,AIA_906_V1_20260806
V44_44f76eec71d8,717,McGilvray2019_JAS,ISS_Thr,ISSpos_L2,growing,32.0,0.66974007,18.1,5.5,6.4,6.200000000000001,16.8908812638,4.036341432790597,8.500117790618427,2.949004153715735,55.87146895599366,18.24526433889995,,,,,development,Historical Study_ID,1,11.9,27.02541002212993,0.0209293771875,0.565625,0.9257679664189722,1.987134964463957,1.313974954303266,0.491297001041456,0.928460552084988,0.2923393415855508,0.5315529613310565,0.3739013437299235,0.7066044516634667,0.2224847137520695,18.1,5.5,6.4,6.200000000000001,11.9,16.8908812638,4.036341432790597,8.500117790618427,2.949004153715735,55.87146895599366,18.24526433889995,1,1,1,1,1,101.2735,1,INCLUDED,,0,EXISTING_REVIEWER_FORMULA,1,MASS_BALANCE_NI_MINUS_FN_MINUS_UN,DIRECT_INITIAL_BW_EXISTING,1,INCLUDED_IN_906_MAIN,,,AIA_906_V1_20260806
V44_d123382467e7,718,McGilvray2019_JAS,ISS_Thr,ISSpos_L3,growing,32.0,0.626083304,20.4,6.3,5.8,8.299999999999997,20.3647021387,3.880239626391917,8.37822255541876,3.142286740076895,50.78298515059184,18.28484854153914,,,,,development,Historical Study_ID,1,12.1,32.58352342198858,0.01956510325,0.6375,1.1137473790081385,2.430670945298389,1.650456261305565,0.5813840061075841,1.131791043585317,0.3646390679056075,0.5549163968726187,0.3522565364123556,0.6857443424099182,0.2209322818510598,20.4,6.3,5.8,8.299999999999997,12.1,20.3647021387,3.880239626391917,8.37822255541876,3.142286740076895,50.78298515059184,18.28484854153914,1,1,1,1,1,101.599,1,INCLUDED,,0,EXISTING_REVIEWER_FORMULA,1,MASS_BALANCE_NI_MINUS_FN_MINUS_UN,DIRECT_INITIAL_BW_EXISTING,1,INCLUDED_IN_906_MAIN,,,AIA_906_V1_20260806
V44_fa156d1aea43,719,Rocha2019_CR,Exp1,CT1,growing,57.2,1.7003,39.31,3.45,16.14,19.72,14.45,4.752,10.156,3.162,64.68751272466956,18.09905545171345,,,,,development,Historical Study_ID,1,19.59,23.119449508910197,0.0297255244755244,0.6872377622377622,0.7983842051067923,1.4228042536431664,0.6765100836074307,0.1845442737638378,0.3820480806311971,0.1150359612029845,0.2926081676502728,0.2727886519884103,0.5647337562124118,0.1700432321563713,39.31,3.45,16.14,19.72,19.59,14.45,4.752,10.156,3.162,64.68751272466956,18.09905545171345,1,1,1,1,1,99.674,1,INCLUDED,,0,EXISTING_REVIEWER_FORMULA,1,MASS_BALANCE_NI_MINUS_FN_MINUS_UN,DIRECT_INITIAL_BW_EXISTING,1,INCLUDED_IN_906_MAIN,,,AIA_906_V1_20260806
V44_a72dc3016035,720,Rocha2019_CR,Exp1,WB15,growing,57.52,1.7354,45.3,5.43,17.69,22.18,16.32,8.449,16.36,5.328,48.72479413355963,19.25114323547567,,,,,development,Historical Study_ID,1,23.12,26.10349199031923,0.0301703755215577,0.7875521557719053,0.8477418613729801,0.9975550122249388,0.5646559469898801,0.2159355123967455,0.4421412514563206,0.1392363071620817,0.2162438522479626,0.3824196195008206,0.7830277070724712,0.2465860988524701,45.3,5.43,17.69,22.18,23.12,16.32,8.449,16.36,5.328,48.72479413355963,19.25114323547567,1,1,1,1,1,99.507,1,INCLUDED,,0,EXISTING_REVIEWER_FORMULA,1,MASS_BALANCE_NI_MINUS_FN_MINUS_UN,DIRECT_INITIAL_BW_EXISTING,1,INCLUDED_IN_906_MAIN,,,AIA_906_V1_20260806
V44_970205431028,721,Rocha2019_CR,Exp2,CT2,growing,72.62,1.9553,42.08,4.39,17.14,20.55,13.45,4.338,11.426,3.415,62.34982512190983,18.33745540202835,,,,,development,Historical Study_ID,1,21.53,21.520994220835675,0.0269250895070228,0.5794546956761222,0.7334714498344336,1.1771398564677051,0.6897302382865483,0.1935251762402423,0.3823741388140849,0.1106764814265836,0.3205066163041582,0.2805809655685159,0.5543821592685162,0.1604634323435346,42.08,4.39,17.14,20.55,21.53,13.45,4.338,11.426,3.415,62.34982512190983,18.33745540202835,1,1,1,1,1,99.69,1,INCLUDED,,0,EXISTING_REVIEWER_FORMULA,1,MASS_BALANCE_NI_MINUS_FN_MINUS_UN,DIRECT_INITIAL_BW_EXISTING,1,INCLUDED_IN_906_MAIN,,,AIA_906_V1_20260806
V44_883e34a5a37b,722,Rocha2019_CR,Exp2,SH6,growing,72.75,1.981,44.8,7.25,16.5,21.05,14.131,9.718,15.584,6.248,53.82702779111695,18.96902853771259,,,,,development,Historical Study_ID,1,23.75,22.61484098939929,0.0272302405498281,0.615807560137457,0.7449511698454121,0.9067633470225872,0.5091778009246781,0.2006722402633349,0.4063038438492307,0.1167452702002992,0.2252042499313027,0.3941103478959799,0.7979606399009814,0.2292819325357217,44.8,7.25,16.5,21.05,23.75,14.131,9.718,15.584,6.248,53.82702779111695,18.96902853771259,1,1,1,1,1,99.49,1,INCLUDED,,0,EXISTING_REVIEWER_FORMULA,1,MASS_BALANCE_NI_MINUS_FN_MINUS_UN,DIRECT_INITIAL_BW_EXISTING,1,INCLUDED_IN_906_MAIN,,,AIA_906_V1_20260806
V44_f4d18cac49cf,723,Somensi2019_RBZ_FineWheatBranBetaine,2Periods_15d_TotalCollection,NC,growing,38.45,1.7969191357555014,49.6,7.24,11.2,31.16,17.2517501668,5.178199833062758,5.572648656533378,2.531713159678983,47.79122796117764,17.51180613669945,,,,,development,Historical Study_ID,1,18.44,27.602800266883488,0.0467339177049545,1.2899869960988295,0.9851496774307904,3.095790032729595,1.073539301834959,0.2508978792487284,0.7845580782227934,0.1859111450868317,0.3889240553332828,0.2337109398974759,0.7308144907985937,0.173175909600199,49.6,7.24,11.2,31.16,18.44,17.2517501668,5.178199833062758,5.572648656533378,2.531713159678983,47.79122796117764,17.51180613669945,1,1,1,1,1,91.6,0,INCLUDED,,0,EXISTING_REVIEWER_FORMULA,1,MASS_BALANCE_NI_MINUS_FN_MINUS_UN,REPORTED_MEAN_BW_USED,1,INCLUDED_IN_906_MAIN,,,AIA_906_V1_20260806
V44_2283b3841a70,724,Somensi2019_RBZ_FineWheatBranBetaine,2Periods_15d_TotalCollection,PCBet,growing,38.45,1.8114104191083684,50.0,7.3,10.5,32.2,17.2517501668,5.178199833062758,5.572648656533378,2.531713159678983,47.79122796117764,17.51180613669945,,,,,development,Historical Study_ID,1,17.8,27.602800266883488,0.0471108041380589,1.3003901170351104,0.9851496774307904,3.095790032729595,1.073539301834959,0.2508978792487284,0.7845580782227934,0.1859111450868317,0.3889240553332828,0.2337109398974759,0.7308144907985937,0.173175909600199,50.0,7.3,10.5,32.2,17.8,17.2517501668,5.178199833062758,5.572648656533378,2.531713159678983,47.79122796117764,17.51180613669945,1,1,1,1,1,91.69,0,INCLUDED,,0,EXISTING_REVIEWER_FORMULA,1,MASS_BALANCE_NI_MINUS_FN_MINUS_UN,REPORTED_MEAN_BW_USED,1,INCLUDED_IN_906_MAIN,,,AIA_906_V1_20260806
V44_f0af7a9caf60,725,Somensi2019_RBZ_FineWheatBranBetaine,2Periods_15d_TotalCollection,PCFWB,growing,38.45,1.7731102612051766,48.7,9.53,11.1,28.07,17.1661631349,5.80880588407326,11.98183830824694,4.353404087255274,45.25525802951329,18.49358103583523,,,,,development,Historical Study_ID,1,20.63,27.46586101582808,0.0461147012016951,1.2665799739921977,0.9282227764129036,1.4326819218620863,1.080424414202898,0.2233839980976798,0.7959365783928127,0.1802016568771883,0.3933699415357123,0.2067557851906607,0.7366888122201763,0.166787842359278,48.7,9.53,11.1,28.07,20.63,17.1661631349,5.80880588407326,11.98183830824694,4.353404087255274,45.25525802951329,18.49358103583523,1,1,1,1,1,97.02,1,INCLUDED,,0,EXISTING_REVIEWER_FORMULA,1,MASS_BALANCE_NI_MINUS_FN_MINUS_UN,REPORTED_MEAN_BW_USED,1,INCLUDED_IN_906_MAIN,,,AIA_906_V1_20260806
V44_3a68a66803ba,726,Somensi2019_RBZ_FineWheatBranBetaine,2Periods_15d_TotalCollection,PCFWB+Met,growing,38.45,1.7592977973007926,48.5,9.49,10.3,28.71,17.2298857229,5.808869391715524,11.98196930561819,4.353451682997828,45.25575280499638,18.51218345564621,,,,,development,Historical Study_ID,1,19.79,27.56781715660149,0.0457554693706317,1.261378413524057,0.9307322263838572,1.437984465109682,1.080436226476979,0.3305407185710577,0.7959452803629754,0.1802036270208957,0.391919396569541,0.305932650600642,0.7366888122201767,0.1667878423592781,48.5,9.49,10.3,28.71,19.79,17.2298857229,5.808869391715524,11.98196930561819,4.353451682997828,45.25575280499638,18.51218345564621,1,1,1,1,1,97.12,1,INCLUDED,,0,EXISTING_REVIEWER_FORMULA,1,MASS_BALANCE_NI_MINUS_FN_MINUS_UN,REPORTED_MEAN_BW_USED,1,INCLUDED_IN_906_MAIN,,,AIA_906_V1_20260806
V44_a506ca79eb66,727,Somensi2019_RBZ_FineWheatBranBetaine,2Periods_15d_TotalCollection,PCMet,growing,38.45,1.786773628901675,49.5,6.19,10.6,32.71,17.3147283459,5.178255784113778,5.57270886964978,2.531740515133917,47.79174435095019,17.53018036440254,,,,,development,Historical Study_ID,1,16.79,27.703565353394836,0.0464700553680539,1.287386215864759,0.9877096519246292,3.107057761477526,1.073550901551885,0.3568015343265036,0.7845665554640122,0.1859131538783614,0.3875136242774543,0.3323564199990188,0.730814490798594,0.173175909600199,49.5,6.19,10.6,32.71,16.79,17.3147283459,5.178255784113778,5.57270886964978,2.531740515133917,47.79174435095019,17.53018036440254,1,1,1,1,1,91.7,0,INCLUDED,,0,EXISTING_REVIEWER_FORMULA,1,MASS_BALANCE_NI_MINUS_FN_MINUS_UN,REPORTED_MEAN_BW_USED,1,INCLUDED_IN_906_MAIN,,,AIA_906_V1_20260806
V44_ae8e0549776a,729,Zhao2019_LowProtein_AAPatterns,PhaseIII_75_100kg,HCP_10EAAs,finishing,75.8,2.734,67.57,6.53,17.49,43.55,15.4466898317,5.02050050311209,8.851633553604763,3.542363134380489,48.571601565655286,18.85151948353871,,,,,development,Historical Study_ID,1,24.02,24.714703730797364,0.0360686015831134,0.8914248021108179,0.819386991334474,1.7450665730970585,0.0,0.0,0.0,0.0,0.0,,,,67.57,6.53,17.49,43.55,24.02,15.4466898317,5.02050050311209,8.851633553604763,3.542363134380489,48.571601565655286,18.85151948353871,1,1,1,1,1,100.0,1,INCLUDED,,0,DIRECT_SUPPLEMENT_EXACT,1,MASS_BALANCE_NI_MINUS_FN_MINUS_UN,DIRECT_INITIAL_BW_EXISTING,1,INCLUDED_IN_906_MAIN,,,AIA_906_V1_20260806
V44_f6f7401c8770,730,Zhao2019_LowProtein_AAPatterns,PhaseIII_75_100kg,LCP_LysMetThrTrp,finishing,77.0,2.949,45.51,5.43,10.82,29.26,9.64521871821,4.6393690318917,8.929391808077453,3.366677661809204,52.76985859948019,18.70981492879012,,,,,development,Historical Study_ID,1,16.25,15.4323499491353,0.0382987012987013,0.591038961038961,0.5155165219388791,1.0801652481510573,0.0,0.0,0.0,0.0,0.0,,,,45.51,5.43,10.82,29.26,16.25,9.64521871821,4.6393690318917,8.929391808077453,3.366677661809204,52.76985859948019,18.70981492879012,1,1,1,1,1,100.0,1,INCLUDED,,0,DIRECT_SUPPLEMENT_EXACT,1,MASS_BALANCE_NI_MINUS_FN_MINUS_UN,DIRECT_INITIAL_BW_EXISTING,1,INCLUDED_IN_906_MAIN,,,AIA_906_V1_20260806
V44_552c132b7fa4,731,Zhao2019_LowProtein_AAPatterns,PhaseIII_75_100kg,LCP_plusIle,finishing,71.7,2.703,47.42,4.86,9.79,32.77,10.9646688864,3.131033079343468,9.687783592996125,3.3085997867878083,58.51304514863629,18.280009863029694,,,,,development,Historical Study_ID,1,14.65,17.543470218275992,0.0376987447698744,0.6613668061366806,0.5998174491456613,1.1318036557223483,0.0,0.0,0.0,0.0,0.0,,,,47.42,4.86,9.79,32.77,14.65,10.9646688864,3.131033079343468,9.687783592996125,3.3085997867878083,58.51304514863629,18.280009863029694,1,1,1,1,1,100.0,1,INCLUDED,,0,DIRECT_SUPPLEMENT_EXACT,1,MASS_BALANCE_NI_MINUS_FN_MINUS_UN,DIRECT_INITIAL_BW_EXISTING,1,INCLUDED_IN_906_MAIN,,,AIA_906_V1_20260806
V44_54279744ea3f,732,Zhao2019_LowProtein_AAPatterns,PhaseIII_75_100kg,LCP_plusIleVal,finishing,76.0,2.753,47.11,4.94,10.8,31.37,10.6951507446,3.1457171115259555,10.008580275288644,3.4403560522704506,57.832719270542405,18.291159361488585,,,,,development,Historical Study_ID,1,15.740000000000002,17.112241191427533,0.0362236842105263,0.6198684210526316,0.5847169407488886,1.068598187797575,0.0,0.0,0.0,0.0,0.0,,,,47.11,4.94,10.8,31.37,15.740000000000002,10.6951507446,3.1457171115259555,10.008580275288644,3.4403560522704506,57.832719270542405,18.291159361488585,1,1,1,1,1,100.01,1,INCLUDED,,0,DIRECT_SUPPLEMENT_EXACT,1,MASS_BALANCE_NI_MINUS_FN_MINUS_UN,DIRECT_INITIAL_BW_EXISTING,1,INCLUDED_IN_906_MAIN,,,AIA_906_V1_20260806
V44_3a2e1df82308,733,Zhao2019_LowProtein_AAPatterns,PhaseIII_75_100kg,LCP_plusVal,finishing,76.8,2.709,47.18,4.5,10.71,31.97,10.8850129199,3.1390921857092886,9.900371976378604,3.40083341002544,57.9894258160349,18.289826514028587,,,,,development,Historical Study_ID,1,15.21,17.416020671834623,0.0352734375,0.6143229166666667,0.5951403044501828,1.0994549443061998,0.0,0.0,0.0,0.0,0.0,,,,47.18,4.5,10.71,31.97,15.21,10.8850129199,3.1390921857092886,9.900371976378604,3.40083341002544,57.9894258160349,18.289826514028587,1,1,1,1,1,100.0,1,INCLUDED,,0,DIRECT_SUPPLEMENT_EXACT,1,MASS_BALANCE_NI_MINUS_FN_MINUS_UN,DIRECT_INITIAL_BW_EXISTING,1,INCLUDED_IN_906_MAIN,,,AIA_906_V1_20260806
V44_5d7f0d564db0,734,Zhao2019_LowProtein_AAPatterns,PhaseIII_75_100kg,LCPminus4_10EAAs,finishing,76.0,2.703,49.04,5.12,9.62,34.300000000000004,11.3392526822,3.138447960960003,9.8727692846574,3.3880961202395263,58.07272037902764,18.28889838832801,,,,,development,Historical Study_ID,1,14.739999999999998,18.14280429152793,0.0355657894736842,0.6452631578947369,0.6200074187867279,1.1485382019228954,0.0,0.0,0.0,0.0,0.0,,,,49.04,5.12,9.62,34.300000000000004,14.739999999999998,11.3392526822,3.138447960960003,9.8727692846574,3.3880961202395263,58.07272037902764,18.28889838832801,1,1,1,1,1,100.0,1,INCLUDED,,0,DIRECT_SUPPLEMENT_EXACT,1,MASS_BALANCE_NI_MINUS_FN_MINUS_UN,DIRECT_INITIAL_BW_EXISTING,1,INCLUDED_IN_906_MAIN,,,AIA_906_V1_20260806
V44_63d6cca2c695,735,Zhao2019_LowProtein_AAPatterns,PhaseIII_75_100kg,MCPminus2_10EAAs,finishing,77.0,2.699,55.85,5.71,14.18,35.96,12.9330307521,3.1325895174486584,9.775536639638526,3.350962991969516,58.22465607670372,18.28522429785077,,,,,development,Historical Study_ID,1,19.89,20.69284920340867,0.035051948051948,0.7253246753246754,0.7072940720568649,1.3229995680910496,0.0,0.0,0.0,0.0,0.0,,,,55.85,5.71,14.18,35.96,19.89,12.9330307521,3.1325895174486584,9.775536639638526,3.350962991969516,58.22465607670372,18.28522429785077,1,1,1,1,1,100.0,1,INCLUDED,,0,DIRECT_SUPPLEMENT_EXACT,1,MASS_BALANCE_NI_MINUS_FN_MINUS_UN,DIRECT_INITIAL_BW_EXISTING,1,INCLUDED_IN_906_MAIN,,,AIA_906_V1_20260806
V44_4de7e60c4104,736,Zhao2019_LowProtein_AAPatterns,PhaseII_50_75kg,HCP_10EAAs,growing,51.5,2.132,55.82,8.53,11.53,35.76,16.3637429644,4.572905489234256,9.1603557370539,3.5394794644513947,52.08458542987229,18.76085915292207,,,,,development,Historical Study_ID,1,20.06,26.18198874296435,0.0413980582524271,1.083883495145631,0.872227803162804,1.7863654462902785,0.0,0.0,0.0,0.0,0.0,,,,55.82,8.53,11.53,35.76,20.06,16.3637429644,4.572905489234256,9.1603557370539,3.5394794644513947,52.08458542987229,18.76085915292207,1,1,1,1,1,100.0,1,INCLUDED,,0,DIRECT_SUPPLEMENT_EXACT,1,MASS_BALANCE_NI_MINUS_FN_MINUS_UN,DIRECT_INITIAL_BW_EXISTING,1,INCLUDED_IN_906_MAIN,,,AIA_906_V1_20260806
V44_aa0f60bf65c3,737,Zhao2019_LowProtein_AAPatterns,PhaseII_50_75kg,LCP_LysMetThrTrp,growing,47.4,2.28,41.45,7.17,6.12,28.16,11.3623903509,4.0869612592809705,9.260950726969208,3.3216482233008096,57.343083412372046,18.584046537161363,,,,,development,Historical Study_ID,1,13.29,18.17982456140351,0.0481012658227848,0.8744725738396625,0.6114056122373206,1.2269140270675558,0.0,0.0,0.0,0.0,0.0,,,,41.45,7.17,6.12,28.16,13.29,11.3623903509,4.0869612592809705,9.260950726969208,3.3216482233008096,57.343083412372046,18.584046537161363,1,1,1,1,1,100.0,1,INCLUDED,,0,DIRECT_SUPPLEMENT_EXACT,1,MASS_BALANCE_NI_MINUS_FN_MINUS_UN,DIRECT_INITIAL_BW_EXISTING,1,INCLUDED_IN_906_MAIN,,,AIA_906_V1_20260806
V44_12039bbe94ef,738,Zhao2019_LowProtein_AAPatterns,PhaseII_50_75kg,LCP_plusIle,growing,48.3,2.155,37.32,5.7,6.23,25.39,10.8236658933,3.2899952050590664,10.78643690683128,3.5342257013781846,60.614197298325145,18.29608908694384,,,,,development,Historical Study_ID,1,11.93,17.31786542923434,0.0446169772256728,0.7726708074534162,0.5915835806147123,1.0034514628686273,0.0,0.0,0.0,0.0,0.0,,,,37.32,5.7,6.23,25.39,11.93,10.8236658933,3.2899952050590664,10.78643690683128,3.5342257013781846,60.614197298325145,18.29608908694384,1,1,1,1,1,100.0,1,INCLUDED,,0,DIRECT_SUPPLEMENT_EXACT,1,MASS_BALANCE_NI_MINUS_FN_MINUS_UN,DIRECT_INITIAL_BW_EXISTING,1,INCLUDED_IN_906_MAIN,,,AIA_906_V1_20260806
V44_a46c5b602551,739,Zhao2019_LowProtein_AAPatterns,PhaseII_50_75kg,LCP_plusIleVal,growing,52.3,2.307,43.87,6.65,7.28,29.94,11.8850238405,3.3056677240917343,11.090771884287356,3.657027453887893,60.02936391538078,18.306776456108985,,,,,development,Historical Study_ID,1,13.93,19.016038144776765,0.0441108986615678,0.8388145315487572,0.6492144517629678,1.0716137672381385,0.0,0.0,0.0,0.0,0.0,,,,43.87,6.65,7.28,29.94,13.93,11.8850238405,3.3056677240917343,11.090771884287356,3.657027453887893,60.02936391538078,18.306776456108985,1,1,1,1,1,100.01,1,INCLUDED,,0,DIRECT_SUPPLEMENT_EXACT,1,MASS_BALANCE_NI_MINUS_FN_MINUS_UN,DIRECT_INITIAL_BW_EXISTING,1,INCLUDED_IN_906_MAIN,,,AIA_906_V1_20260806
V44_e09cbc44427b,740,Zhao2019_LowProtein_AAPatterns,PhaseII_50_75kg,LCP_plusVal,growing,52.0,2.306,43.1,7.04,7.49,28.57,11.6814830876,3.299701903382849,10.993261483943478,3.619924911562869,60.17851996317926,18.304906357740464,,,,,development,Historical Study_ID,1,14.53,18.690372940156116,0.0443461538461538,0.8288461538461539,0.6381613136556875,1.0626039510350704,0.0,0.0,0.0,0.0,0.0,,,,43.1,7.04,7.49,28.57,14.53,11.6814830876,3.299701903382849,10.993261483943478,3.619924911562869,60.17851996317926,18.304906357740464,1,1,1,1,1,100.01,1,INCLUDED,,0,DIRECT_SUPPLEMENT_EXACT,1,MASS_BALANCE_NI_MINUS_FN_MINUS_UN,DIRECT_INITIAL_BW_EXISTING,1,INCLUDED_IN_906_MAIN,,,AIA_906_V1_20260806
V44_b97f07787b04,741,Zhao2019_LowProtein_AAPatterns,PhaseII_50_75kg,LCPminus4_10EAAs,growing,50.5,2.351,43.69,6.62,5.98,31.09,11.6147384092,3.2989849290226583,10.976080416347292,3.6129164955193422,60.216575926240296,18.302701534481297,,,,,development,Historical Study_ID,1,12.6,18.583581454700127,0.0465544554455445,0.8651485148514851,0.63459147751049,1.0581863441799786,0.0,0.0,0.0,0.0,0.0,,,,43.69,6.62,5.98,31.09,12.6,11.6147384092,3.2989849290226583,10.976080416347292,3.6129164955193422,60.216575926240296,18.302701534481297,1,1,1,1,1,100.02,1,INCLUDED,,0,DIRECT_SUPPLEMENT_EXACT,1,MASS_BALANCE_NI_MINUS_FN_MINUS_UN,DIRECT_INITIAL_BW_EXISTING,1,INCLUDED_IN_906_MAIN,,,AIA_906_V1_20260806
V44_6739ba9436e7,742,Zhao2019_LowProtein_AAPatterns,PhaseII_50_75kg,MCPminus2_10EAAs,growing,51.8,2.076,45.71,7.07,7.56,31.08,13.7614402697,3.292781150083377,10.872780767640862,3.573997474754575,60.375796113146734,18.29905702049161,,,,,development,Historical Study_ID,1,14.63,22.01830443159923,0.04007722007722,0.8824324324324325,0.752030022874386,1.265678078477978,0.0,0.0,0.0,0.0,0.0,,,,45.71,7.07,7.56,31.08,14.63,13.7614402697,3.292781150083377,10.872780767640862,3.573997474754575,60.375796113146734,18.29905702049161,1,1,1,1,1,100.0,1,INCLUDED,,0,DIRECT_SUPPLEMENT_EXACT,1,MASS_BALANCE_NI_MINUS_FN_MINUS_UN,DIRECT_INITIAL_BW_EXISTING,1,INCLUDED_IN_906_MAIN,,,AIA_906_V1_20260806
V44_9baacea27fe0,743,Zhao2019_LowProtein_AAPatterns,PhaseIV_100_125kg,HCP_10EAAs,finishing,103.2,3.08,63.49,5.21,25.59,32.69,12.8835227273,3.668059326672559,9.02271305260618,3.1852620496190966,57.29300843909965,18.62833285469156,,,,,development,Historical Study_ID,1,30.8,20.613636363636363,0.02984496124031,0.6152131782945737,0.6916090037576967,1.427898975860552,0.0,0.0,0.0,0.0,0.0,,,,63.49,5.21,25.59,32.69,30.8,12.8835227273,3.668059326672559,9.02271305260618,3.1852620496190966,57.29300843909965,18.62833285469156,1,1,1,1,1,100.0,1,INCLUDED,,0,DIRECT_SUPPLEMENT_EXACT,1,MASS_BALANCE_NI_MINUS_FN_MINUS_UN,DIRECT_INITIAL_BW_EXISTING,1,INCLUDED_IN_906_MAIN,,,AIA_906_V1_20260806
V44_71a1c1aca6b3,744,Zhao2019_LowProtein_AAPatterns,PhaseIV_100_125kg,LCP_LysMetThrTrp,finishing,99.4,3.146,44.61,4.66,11.14,28.81,8.86244437381,3.6591911902274536,9.558190437246797,3.303499444169702,60.9840109878317,18.47880706109548,,,,,development,Historical Study_ID,1,15.8,14.179910998092817,0.0316498993963782,0.4487927565392354,0.4796004603819164,0.9272094369740131,0.0,0.0,0.0,0.0,0.0,,,,44.61,4.66,11.14,28.81,15.8,8.86244437381,3.6591911902274536,9.558190437246797,3.303499444169702,60.9840109878317,18.47880706109548,1,1,1,1,1,100.0,1,INCLUDED,,0,DIRECT_SUPPLEMENT_EXACT,1,MASS_BALANCE_NI_MINUS_FN_MINUS_UN,DIRECT_INITIAL_BW_EXISTING,1,INCLUDED_IN_906_MAIN,,,AIA_906_V1_20260806
V44_61e45eeb2eea,745,Zhao2019_LowProtein_AAPatterns,PhaseIV_100_125kg,LCP_plusIle,finishing,101.7,3.083,44.24,4.89,9.89,29.46,8.96853713915,3.4209255187561816,11.671117428037396,3.773057166181639,62.771273585096814,18.294930681665186,,,,,development,Historical Study_ID,1,14.78,14.349659422640284,0.0303146509341199,0.4350049164208456,0.4902197934063827,0.7684386001982109,0.0,0.0,0.0,0.0,0.0,,,,44.24,4.89,9.89,29.46,14.78,8.96853713915,3.4209255187561816,11.671117428037396,3.773057166181639,62.771273585096814,18.294930681665186,1,1,1,1,1,100.02,1,INCLUDED,,0,DIRECT_SUPPLEMENT_EXACT,1,MASS_BALANCE_NI_MINUS_FN_MINUS_UN,DIRECT_INITIAL_BW_EXISTING,1,INCLUDED_IN_906_MAIN,,,AIA_906_V1_20260806
V44_b4c8f710ea0f,746,Zhao2019_LowProtein_AAPatterns,PhaseIV_100_125kg,LCP_plusIleVal,finishing,104.0,2.829,40.38,4.16,11.69,24.53,8.92099681866,3.4529071753880483,12.057692479700188,3.84272760340622,62.17634117989381,18.30140040844636,,,,,development,Historical Study_ID,1,15.85,14.273594909862142,0.027201923076923,0.3882692307692308,0.4874488629046569,0.7398593747252227,0.0,0.0,0.0,0.0,0.0,,,,40.38,4.16,11.69,24.53,15.85,8.92099681866,3.4529071753880483,12.057692479700188,3.84272760340622,62.17634117989381,18.30140040844636,1,1,1,1,1,100.0,1,INCLUDED,,0,DIRECT_SUPPLEMENT_EXACT,1,MASS_BALANCE_NI_MINUS_FN_MINUS_UN,DIRECT_INITIAL_BW_EXISTING,1,INCLUDED_IN_906_MAIN,,,AIA_906_V1_20260806
V44_02a40e935dbd,747,Zhao2019_LowProtein_AAPatterns,PhaseIV_100_125kg,LCP_plusVal,finishing,102.4,3.104,44.34,4.91,10.71,28.72000000000001,8.92799613402,3.447667622180551,11.96894966944836,3.8077406198221952,62.32380961820403,18.299278774920893,,,,,development,Historical Study_ID,1,15.62,14.284793814432993,0.0303125,0.4330078125,0.4878878694528548,0.7459297917184311,0.0,0.0,0.0,0.0,0.0,,,,44.34,4.91,10.71,28.72000000000001,15.62,8.92799613402,3.447667622180551,11.96894966944836,3.8077406198221952,62.32380961820403,18.299278774920893,1,1,1,1,1,100.01,1,INCLUDED,,0,DIRECT_SUPPLEMENT_EXACT,1,MASS_BALANCE_NI_MINUS_FN_MINUS_UN,DIRECT_INITIAL_BW_EXISTING,1,INCLUDED_IN_906_MAIN,,,AIA_906_V1_20260806
V44_530991b6ca6e,748,Zhao2019_LowProtein_AAPatterns,PhaseIV_100_125kg,LCPminus4_10EAAs,finishing,104.1,3.049,43.62,4.14,10.08,29.4,8.94145621515,3.448779363959125,11.973372239366032,3.80812222939812,62.34745022969006,18.29933887376744,,,,,development,Historical Study_ID,1,14.22,14.306329944244014,0.0292891450528338,0.4190201729106628,0.4886218172596279,0.746778437719684,0.0,0.0,0.0,0.0,0.0,,,,43.62,4.14,10.08,29.4,14.22,8.94145621515,3.448779363959125,11.973372239366032,3.80812222939812,62.34745022969006,18.29933887376744,1,1,1,1,1,100.0,1,INCLUDED,,0,DIRECT_SUPPLEMENT_EXACT,1,MASS_BALANCE_NI_MINUS_FN_MINUS_UN,DIRECT_INITIAL_BW_EXISTING,1,INCLUDED_IN_906_MAIN,,,AIA_906_V1_20260806
V44_0e975f825bbe,749,Zhao2019_LowProtein_AAPatterns,PhaseIV_100_125kg,MCPminus2_10EAAs,finishing,103.9,2.866,50.22,5.11,15.71,29.4,10.9516748081,3.440742052688687,11.846824796762014,3.762260085390295,62.52055202949734,18.295860341748085,,,,,development,Historical Study_ID,1,20.82,17.522679692951847,0.0275842155919153,0.48334937439846,0.598587582301889,0.9244396702054142,0.0,0.0,0.0,0.0,0.0,,,,50.22,5.11,15.71,29.4,20.82,10.9516748081,3.440742052688687,11.846824796762014,3.762260085390295,62.52055202949734,18.295860341748085,1,1,1,1,1,100.01,1,INCLUDED,,0,DIRECT_SUPPLEMENT_EXACT,1,MASS_BALANCE_NI_MINUS_FN_MINUS_UN,DIRECT_INITIAL_BW_EXISTING,1,INCLUDED_IN_906_MAIN,,,AIA_906_V1_20260806
V44_80e5bbf35fa6,750,Zhao2019_LowProtein_AAPatterns,PhaseI_25_50kg,HCP_10EAAs,growing,25.4,1.641,53.0,6.56,10.12,36.32,20.1858622791,3.718294830522499,9.758830698682107,3.509583307162665,59.301433171312986,18.561796997341432,,,,,development,Historical Study_ID,1,16.68,32.297379646556976,0.0646062992125984,2.0866141732283467,1.087495045980256,2.068471408344652,0.0,0.0,0.0,0.0,0.0,,,,53.0,6.56,10.12,36.32,16.68,20.1858622791,3.718294830522499,9.758830698682107,3.509583307162665,59.301433171312986,18.561796997341432,1,1,1,1,1,100.01,1,INCLUDED,,0,DIRECT_SUPPLEMENT_EXACT,1,MASS_BALANCE_NI_MINUS_FN_MINUS_UN,DIRECT_INITIAL_BW_EXISTING,1,INCLUDED_IN_906_MAIN,,,AIA_906_V1_20260806
V44_25f0d61f2406,751,Zhao2019_LowProtein_AAPatterns,PhaseI_25_50kg,LCP_LysMetThrTrp,growing,25.5,1.55,40.42,5.67,6.87,27.88,16.2983870968,3.4550108051923463,12.180796735131455,4.058754075173505,62.33445262888805,18.346438295538608,,,,,development,Historical Study_ID,1,12.54,26.07741935483871,0.0607843137254901,1.5850980392156864,0.8883679128478772,1.3380394937379363,0.0,0.0,0.0,0.0,0.0,,,,40.42,5.67,6.87,27.88,12.54,16.2983870968,3.4550108051923463,12.180796735131455,4.058754075173505,62.33445262888805,18.346438295538608,1,1,1,1,1,100.01,1,INCLUDED,,0,DIRECT_SUPPLEMENT_EXACT,1,MASS_BALANCE_NI_MINUS_FN_MINUS_UN,DIRECT_INITIAL_BW_EXISTING,1,INCLUDED_IN_906_MAIN,,,AIA_906_V1_20260806
V44_5649af418338,752,Zhao2019_LowProtein_AAPatterns,PhaseI_25_50kg,LCP_plusIle,growing,25.4,1.461,34.4,4.5,5.26,24.64,14.7159479808,3.4314887611419413,12.260791894176425,4.196851023472372,64.25862754469073,18.298607299537554,,,,,development,Historical Study_ID,1,9.76,23.545516769336068,0.05751968503937,1.3543307086614174,0.8042113664667749,1.200244495446474,0.0,0.0,0.0,0.0,0.0,,,,34.4,4.5,5.26,24.64,9.76,14.7159479808,3.4314887611419413,12.260791894176425,4.196851023472372,64.25862754469073,18.298607299537554,1,1,1,1,1,100.01,1,INCLUDED,,0,DIRECT_SUPPLEMENT_EXACT,1,MASS_BALANCE_NI_MINUS_FN_MINUS_UN,DIRECT_INITIAL_BW_EXISTING,1,INCLUDED_IN_906_MAIN,,,AIA_906_V1_20260806
V44_a1d0f1e8eb7c,753,Zhao2019_LowProtein_AAPatterns,PhaseI_25_50kg,LCP_plusIleVal,growing,25.8,1.715,41.04,5.32,5.4,30.32,14.9562682216,3.4806446203910912,12.679350445223806,4.180985059088413,63.81109096205827,18.298187601482343,,,,,development,Historical Study_ID,1,10.72,23.930029154518948,0.0664728682170542,1.5906976744186043,0.8173633666532301,1.1795768471115875,0.0,0.0,0.0,0.0,0.0,,,,41.04,5.32,5.4,30.32,10.72,14.9562682216,3.4806446203910912,12.679350445223806,4.180985059088413,63.81109096205827,18.298187601482343,1,1,1,1,1,100.02,1,INCLUDED,,0,DIRECT_SUPPLEMENT_EXACT,1,MASS_BALANCE_NI_MINUS_FN_MINUS_UN,DIRECT_INITIAL_BW_EXISTING,1,INCLUDED_IN_906_MAIN,,,AIA_906_V1_20260806
V44_d952ed201b36,754,Zhao2019_LowProtein_AAPatterns,PhaseI_25_50kg,LCP_plusVal,growing,25.4,1.795,42.97,5.92,4.82,32.23,14.9616991643,3.4637935990557738,12.532363489195252,4.176944662544822,63.93852289218818,18.29654074177152,,,,,development,Historical Study_ID,1,10.74,23.938718662952645,0.0706692913385826,1.691732283464567,0.817733765932159,1.1938449740305723,0.0,0.0,0.0,0.0,0.0,,,,42.97,5.92,4.82,32.23,10.74,14.9616991643,3.4637935990557738,12.532363489195252,4.176944662544822,63.93852289218818,18.29654074177152,1,1,1,1,1,100.0,1,INCLUDED,,0,DIRECT_SUPPLEMENT_EXACT,1,MASS_BALANCE_NI_MINUS_FN_MINUS_UN,DIRECT_INITIAL_BW_EXISTING,1,INCLUDED_IN_906_MAIN,,,AIA_906_V1_20260806
V44_e7d09a569cd6,755,Zhao2019_LowProtein_AAPatterns,PhaseI_25_50kg,LCPminus4_10EAAs,growing,25.4,1.573,40.72,4.79,4.04,31.89,16.1792752702,3.463894915013952,12.533833914324529,4.182643585942977,63.95977367755461,18.298876537151003,,,,,development,Historical Study_ID,1,8.83,25.886840432294974,0.0619291338582677,1.6031496062992123,0.8841676830461305,1.290848066185815,0.0,0.0,0.0,0.0,0.0,,,,40.72,4.79,4.04,31.89,8.83,16.1792752702,3.463894915013952,12.533833914324529,4.182643585942977,63.95977367755461,18.298876537151003,1,1,1,1,1,100.0,1,INCLUDED,,0,DIRECT_SUPPLEMENT_EXACT,1,MASS_BALANCE_NI_MINUS_FN_MINUS_UN,DIRECT_INITIAL_BW_EXISTING,1,INCLUDED_IN_906_MAIN,,,AIA_906_V1_20260806
V44_257bde9d865a,756,Zhao2019_LowProtein_AAPatterns,PhaseI_25_50kg,MCPminus2_10EAAs,growing,25.5,1.607,48.23,6.32,7.28,34.629999999999995,18.7577784692,3.44715123819171,12.389037018679746,4.184601397019889,64.1068434925136,18.2995778425098,,,,,development,Historical Study_ID,1,13.6,30.01244555071562,0.0630196078431372,1.891372549019608,1.0250388632258938,1.5140626701589233,0.0,0.0,0.0,0.0,0.0,,,,48.23,6.32,7.28,34.629999999999995,13.6,18.7577784692,3.44715123819171,12.389037018679746,4.184601397019889,64.1068434925136,18.2995778425098,1,1,1,1,1,100.01,1,INCLUDED,,0,DIRECT_SUPPLEMENT_EXACT,1,MASS_BALANCE_NI_MINUS_FN_MINUS_UN,DIRECT_INITIAL_BW_EXISTING,1,INCLUDED_IN_906_MAIN,,,AIA_906_V1_20260806
V44_c78f773ba014,757,Zhao2019_RBZ,P25_50,HCP_HNE,growing-finishing,24.17,1.65953,61.2,10.41,10.17,40.620000000000005,17.04,4.830827530721603,8.526815932403236,3.39760996035543,48.05120145835583,18.82749992861626,,,,,confirmation,Historical Study_ID,1,20.58,36.877911215826174,0.0686607364501448,2.53206454282168,0.90505909252989,1.998401294819245,1.01640630729945,0.3922623383298219,0.6913467228703991,0.2045384103316629,0.3728016091914062,0.3859306416270151,0.6801873600206979,0.2012368566219478,61.2,10.41,10.17,40.620000000000005,20.58,17.04,4.830827530721603,8.526815932403236,3.39760996035543,48.05120145835583,18.82749992861626,1,1,1,1,1,97.79,1,INCLUDED,,0,EXISTING_REVIEWER_FORMULA,1,MASS_BALANCE_NI_MINUS_FN_MINUS_UN,DIRECT_INITIAL_BW_EXISTING,1,INCLUDED_IN_906_MAIN,,,AIA_906_V1_20260806
V44_9ae6bb58baca,758,Zhao2019_RBZ,P25_50,LCP_HNE,growing-finishing,24.18,1.71336,51.35,8.88,5.55,36.92,13.78,4.061389921873483,8.682501700464032,3.056980958955102,56.25675216924895,18.49377877616641,,,,,confirmation,Historical Study_ID,1,14.43,29.97035065602092,0.0708585607940446,2.1236559139784945,0.7451154340484908,1.5871001786574408,1.036346608717531,0.4383295287753528,0.6775048915344667,0.1406896381841233,0.4700410961164418,0.4229564945629352,0.6537435312041716,0.1357553901374998,51.35,8.88,5.55,36.92,14.43,13.78,4.061389921873483,8.682501700464032,3.056980958955102,56.25675216924895,18.49377877616641,1,1,1,1,1,97.65,1,INCLUDED,,0,EXISTING_REVIEWER_FORMULA,1,MASS_BALANCE_NI_MINUS_FN_MINUS_UN,DIRECT_INITIAL_BW_EXISTING,1,INCLUDED_IN_906_MAIN,,,AIA_906_V1_20260806
V44_c3ad096fd4c4,759,Zhao2019_RBZ,P25_50,LCP_LNE,growing-finishing,24.18,1.66574,47.42,8.24,5.4,33.78,13.51,3.146276175970334,11.01003230839482,3.707028839283876,54.80840826003222,18.20739075765486,,,,,confirmation,Historical Study_ID,1,13.64,28.467828112430517,0.068889164598842,1.961124896608768,0.7420063742148251,1.227062702595253,1.020409496163863,0.4320258732654585,0.67770841580867,0.1357597535206633,0.4720621281291002,0.4233848027577366,0.6641533799483966,0.133044384662275,47.42,8.24,5.4,33.78,13.64,13.51,3.146276175970334,11.01003230839482,3.707028839283876,54.80840826003222,18.20739075765486,1,1,1,1,1,97.68,1,INCLUDED,,0,EXISTING_REVIEWER_FORMULA,1,MASS_BALANCE_NI_MINUS_FN_MINUS_UN,DIRECT_INITIAL_BW_EXISTING,1,INCLUDED_IN_906_MAIN,,,AIA_906_V1_20260806
V44_060c527bce6c,760,Zhao2019_RBZ,P50_75,HCP_HNE,growing-finishing,52.42,2.66669,75.46,11.11,14.43,49.92,15.43,4.033483771737788,8.726491753954619,3.239375568354046,53.50419318985551,18.64194256396439,,,,,confirmation,Historical Study_ID,1,25.54,28.297252399041508,0.050871613887829,1.4395268981304843,0.8277034406181897,1.7681790615349549,0.9068398953667216,0.3317101703097459,0.5794848607322083,0.1694160969092766,0.3673201131589119,0.3657869178501503,0.6390156230365973,0.1868202951533859,75.46,11.11,14.43,49.92,25.54,15.43,4.033483771737788,8.726491753954619,3.239375568354046,53.50419318985551,18.64194256396439,1,1,1,1,1,97.94,1,INCLUDED,,0,EXISTING_REVIEWER_FORMULA,1,MASS_BALANCE_NI_MINUS_FN_MINUS_UN,DIRECT_INITIAL_BW_EXISTING,1,INCLUDED_IN_906_MAIN,,,AIA_906_V1_20260806
V44_f895772186b0,761,Zhao2019_RBZ,P50_75,LCP_HNE,growing-finishing,53.08,2.7041,61.96,9.84,10.79,41.330000000000005,12.2,3.33064226726769,8.868548331756529,2.924070313827088,61.07322857056074,18.33446439479419,,,,,confirmation,Historical Study_ID,1,20.63,22.913353796087424,0.0509438583270535,1.1672946495855314,0.6654134932604857,1.3756479125579322,0.91495938370781,0.3819323253038207,0.5785365647875139,0.1104022368490622,0.4687291924732633,0.4174309068847037,0.6323084664622316,0.1206635385296172,61.96,9.84,10.79,41.330000000000005,20.63,12.2,3.33064226726769,8.868548331756529,2.924070313827088,61.07322857056074,18.33446439479419,1,1,1,1,1,97.8,1,INCLUDED,,0,EXISTING_REVIEWER_FORMULA,1,MASS_BALANCE_NI_MINUS_FN_MINUS_UN,DIRECT_INITIAL_BW_EXISTING,1,INCLUDED_IN_906_MAIN,,,AIA_906_V1_20260806
V44_53ec9ef1d2be,762,Zhao2019_RBZ,P50_75,LCP_LNE,growing-finishing,51.83,2.64264,58.97,9.41,10.46,39.1,12.16,3.264045010270827,11.1711258819759,3.585813586329297,58.54384857191296,18.23807961735187,,,,,confirmation,Historical Study_ID,1,19.87,22.31480640571549,0.0509866872467682,1.1377580551803974,0.6667368634815514,1.0885205420180255,0.9017986647643906,0.3764472346496626,0.5732455417515997,0.1081096441005127,0.4635067150310396,0.417440443591714,0.6356690957192416,0.1198822401547446,58.97,9.41,10.46,39.1,19.87,12.16,3.264045010270827,11.1711258819759,3.585813586329297,58.54384857191296,18.23807961735187,1,1,1,1,1,97.84,1,INCLUDED,,0,EXISTING_REVIEWER_FORMULA,1,MASS_BALANCE_NI_MINUS_FN_MINUS_UN,DIRECT_INITIAL_BW_EXISTING,1,INCLUDED_IN_906_MAIN,,,AIA_906_V1_20260806
V44_0bec704d0c4b,763,Zhao2019_RBZ,P75_105,HCP_HNE,growing-finishing,80.08,3.16583,71.45,12.0,15.19,44.260000000000005,13.62,7.389434649165626,8.706032386410572,3.084361959087177,56.06167712626928,19.75692056547673,,,,,confirmation,Historical Study_ID,1,27.19,22.569120894046744,0.0395333416583416,0.8922327672327672,0.6893786890958911,1.564432498695932,0.7630485206439293,0.276030690139408,0.5124915506701376,0.144276040081474,0.3501507528652392,0.3617472318883056,0.671636910111104,0.1890784611700981,71.45,12.0,15.19,44.260000000000005,27.19,13.62,7.389434649165626,8.706032386410572,3.084361959087177,56.06167712626928,19.75692056547673,1,1,1,1,1,101.64,1,INCLUDED,,0,EXISTING_REVIEWER_FORMULA,1,MASS_BALANCE_NI_MINUS_FN_MINUS_UN,DIRECT_INITIAL_BW_EXISTING,1,INCLUDED_IN_906_MAIN,,,AIA_906_V1_20260806
V44_738a69bd9521,764,Zhao2019_RBZ,P75_105,LCP_HNE,growing-finishing,79.75,3.28967,59.48,9.71,11.54,38.23,10.34,3.264804403493247,9.62427904415054,3.005028296484692,63.53685258537678,18.29472387124486,,,,,confirmation,Historical Study_ID,1,21.25,18.08084093541297,0.0412497805642633,0.7458307210031347,0.5651902741342888,1.074366189152055,0.7773233066898149,0.3292905518158178,0.5162436785587846,0.0873742162494588,0.4698520954363001,0.4236210968870624,0.6641299368176385,0.1124039579123604,59.48,9.71,11.54,38.23,21.25,10.34,3.264804403493247,9.62427904415054,3.005028296484692,63.53685258537678,18.29472387124486,1,1,1,1,1,97.92,1,INCLUDED,,0,EXISTING_REVIEWER_FORMULA,1,MASS_BALANCE_NI_MINUS_FN_MINUS_UN,DIRECT_INITIAL_BW_EXISTING,1,INCLUDED_IN_906_MAIN,,,AIA_906_V1_20260806
V44_c953db3b6a8f,765,Zhao2019_RBZ,P75_105,LCP_LNE,growing-finishing,77.75,3.22367,59.16,9.94,11.41,37.81,10.2,3.409226315787099,12.19516647058532,3.745002565529304,60.5025801959189,18.23362170153485,,,,,confirmation,Historical Study_ID,1,21.35,18.35175436691721,0.0414619935691318,0.7609003215434084,0.5594061436045585,0.8363969466593464,0.7605976509950508,0.3228173212263817,0.5088164448397661,0.0848651483787524,0.4660524822273596,0.4244258719495864,0.6689692561817772,0.1115769267335071,59.16,9.94,11.41,37.81,21.35,10.2,3.409226315787099,12.19516647058532,3.745002565529304,60.5025801959189,18.23362170153485,1,1,1,1,1,97.97,1,INCLUDED,,0,EXISTING_REVIEWER_FORMULA,1,MASS_BALANCE_NI_MINUS_FN_MINUS_UN,DIRECT_INITIAL_BW_EXISTING,1,INCLUDED_IN_906_MAIN,,,AIA_906_V1_20260806
V44_1846e8561e5a,766,Cruz2020_CJYeast,NBalance,CU10,growing,16.64,0.9898477157360408,31.2,6.1,4.9,20.200000000000003,19.7,5.3,10.5,3.319,49.0,18.4,,,,,development,Historical Study_ID,1,11.0,31.519999999999992,0.059486040609137,1.875,1.0706521739130437,1.876190476190476,1.477225095553559,0.5290141854663934,0.8748575515113756,0.3046940369668923,0.4686627841223221,0.3581134568175992,0.5922303609278592,0.2062610755016415,31.2,6.1,4.9,20.200000000000003,11.0,19.7,5.3,10.5,3.319,49.0,18.4,1,1,1,1,1,96.556,1,INCLUDED,,0,EXISTING_REVIEWER_FORMULA,1,MASS_BALANCE_NI_MINUS_FN_MINUS_UN,DIRECT_INITIAL_BW_EXISTING,1,INCLUDED_IN_906_MAIN,,,AIA_906_V1_20260806
V44_0c1103897d4d,767,Cruz2020_CJYeast,NBalance,CU20,growing,16.58,0.9753787878787878,30.9,5.4,5.1,20.4,19.8,5.4,10.9,3.319,51.6,19.6,,,,,development,Historical Study_ID,1,10.5,31.68,0.0588286361808677,1.8636911942098917,1.010204081632653,1.81651376146789,1.509546405386964,0.5575999697376549,0.8862760709048518,0.31545100156936,0.4764982340236628,0.369382463333227,0.5871141607453,0.2089707215648636,30.9,5.4,5.1,20.4,10.5,19.8,5.4,10.9,3.319,51.6,19.6,1,1,1,1,1,96.636,1,INCLUDED,,0,EXISTING_REVIEWER_FORMULA,1,MASS_BALANCE_NI_MINUS_FN_MINUS_UN,DIRECT_INITIAL_BW_EXISTING,1,INCLUDED_IN_906_MAIN,,,AIA_906_V1_20260806
V44_f36508c0dca7,768,Cruz2020_CJYeast,NBalance,CU40,growing,16.58,1.0321969696969695,32.7,6.0,4.8,21.9,19.8,5.5,9.6,3.319,51.6,18.8,,,,,development,Historical Study_ID,1,10.8,31.68000000000001,0.0622555470263552,1.972255729794934,1.053191489361702,2.0625,1.571136644531264,0.6214931045831432,0.9233799441925974,0.3453513995201342,0.4959395973899191,0.3955690975361094,0.5877145997495847,0.2198099068736106,32.7,6.0,4.8,21.9,10.8,19.8,5.5,9.6,3.319,51.6,18.8,1,1,1,1,1,96.646,1,INCLUDED,,0,EXISTING_REVIEWER_FORMULA,1,MASS_BALANCE_NI_MINUS_FN_MINUS_UN,DIRECT_INITIAL_BW_EXISTING,1,INCLUDED_IN_906_MAIN,,,AIA_906_V1_20260806
V44_e21219ca9bad,769,Cruz2020_CJYeast,NBalance,Control,growing,16.97,1.0167464114832536,34.0,6.2,4.7,23.1,20.9,4.4,11.1,3.319,50.5,18.8,,,,,development,Historical Study_ID,1,10.9,33.44,0.0599143436348411,2.003535651149087,1.1117021276595744,1.8828828828828827,1.437192919191751,0.5042927149590701,1.154464737864294,0.2961921011480437,0.4297825715286337,0.3508872804930562,0.8032775018913552,0.2060907044508793,34.0,6.2,4.7,23.1,10.9,20.9,4.4,11.1,3.319,50.5,18.8,1,1,1,1,1,97.118,1,INCLUDED,,0,EXISTING_REVIEWER_FORMULA,1,MASS_BALANCE_NI_MINUS_FN_MINUS_UN,DIRECT_INITIAL_BW_EXISTING,1,INCLUDED_IN_906_MAIN,,,AIA_906_V1_20260806
V44_d801870161f5,770,Hlatini2020_SAJAS,Balance,CP116,growing,34.7,1.3688,26.5,2.97,0.58,22.950000000000003,12.1,2.72,19.9,4.53,57.53218482040801,18.27246504013561,,,,,development,Historical Study_ID,1,3.5500000000000003,19.36002337814144,0.0394466858789625,0.7636887608069164,0.6621985579626096,0.6080402010050252,0.7222183113468652,0.3006004257771503,0.469125737209081,0.1216299073802311,0.3730466484229676,0.4162182279989003,0.6495622304760015,0.1684115529463708,26.5,2.97,0.58,22.950000000000003,3.5500000000000003,12.1,2.72,19.9,4.53,57.53218482040801,18.27246504013561,1,1,1,1,1,97.31,1,INCLUDED,,0,EXISTING_REVIEWER_FORMULA,1,MASS_BALANCE_NI_MINUS_FN_MINUS_UN,DIRECT_INITIAL_BW_EXISTING,1,INCLUDED_IN_906_MAIN,,,AIA_906_V1_20260806
V44_7503b8c2241d,771,Hlatini2020_SAJAS,Balance,CP135,growing,34.7,1.0431,24.2,4.52,3.36,16.32,14.5,3.12,17.3,4.78,54.60753658104118,18.28140002870757,,,,,development,Historical Study_ID,1,7.879999999999999,23.20007669446841,0.0300605187319884,0.6974063400576368,0.7931558839711632,0.838150289017341,0.8256240940932771,0.3192114987883717,0.5276671160433091,0.1441263470745018,0.3558724543505505,0.3866305514484027,0.6391130295474329,0.1745665468166663,24.2,4.52,3.36,16.32,7.879999999999999,14.5,3.12,17.3,4.78,54.60753658104118,18.28140002870757,1,1,1,1,1,97.31,1,INCLUDED,,0,EXISTING_REVIEWER_FORMULA,1,MASS_BALANCE_NI_MINUS_FN_MINUS_UN,DIRECT_INITIAL_BW_EXISTING,1,INCLUDED_IN_906_MAIN,,,AIA_906_V1_20260806
V44_99dfe488ea63,772,Hlatini2020_SAJAS,Balance,CP154,growing,34.7,1.1685,30.1,2.74,3.11,24.25,16.1,2.2,15.8,4.72,51.64565117090668,18.24353116976025,,,,,development,Historical Study_ID,1,5.85,25.75952075310227,0.0336743515850144,0.8674351585014409,0.8825045902674106,1.018987341772152,0.9534982884997636,0.3418579289020716,0.5994130827066824,0.1707905832925432,0.3701468511256846,0.358530196671828,0.6286462072730097,0.179119968386378,30.1,2.74,3.11,24.25,5.85,16.1,2.2,15.8,4.72,51.64565117090668,18.24353116976025,1,1,1,1,1,97.01,1,INCLUDED,,0,EXISTING_REVIEWER_FORMULA,1,MASS_BALANCE_NI_MINUS_FN_MINUS_UN,DIRECT_INITIAL_BW_EXISTING,1,INCLUDED_IN_906_MAIN,,,AIA_906_V1_20260806
V44_7ce242f9a210,773,Hlatini2020_SAJAS,Balance,CP174,growing,34.7,1.31,37.1,3.1,3.27,30.73,17.7,2.17,17.4,5.05,48.20066256081947,18.25838377630454,,,,,development,Historical Study_ID,1,6.37,28.3206106870229,0.0377521613832853,1.0691642651296829,0.9694176777558372,1.017241379310345,1.04599692258083,0.3585799379010743,0.6521487273203252,0.1920616854572001,0.3693491958265643,0.3428116566694438,0.6234709808813323,0.1836159182794903,37.1,3.1,3.27,30.73,6.37,17.7,2.17,17.4,5.05,48.20066256081947,18.25838377630454,1,1,1,1,1,97.11,1,INCLUDED,,0,EXISTING_REVIEWER_FORMULA,1,MASS_BALANCE_NI_MINUS_FN_MINUS_UN,DIRECT_INITIAL_BW_EXISTING,1,INCLUDED_IN_906_MAIN,,,AIA_906_V1_20260806
V44_93476ae97344,774,Hlatini2020_SAJAS,Balance,CP193,growing,34.7,1.1788,38.1,3.06,2.06,32.98,20.2,2.72,14.2,4.42,45.42583100337364,18.2985114992975,,,,,development,Historical Study_ID,1,5.12,32.32100441126569,0.0339711815561959,1.0979827089337175,1.1039149277675129,1.4225352112676055,1.200679935050913,0.3975429951176009,0.7393191451174609,0.2237162880306909,0.3714975046568419,0.3310982248576876,0.6157503957006754,0.1863246661327813,38.1,3.06,2.06,32.98,5.12,20.2,2.72,14.2,4.42,45.42583100337364,18.2985114992975,1,1,1,1,1,97.12,1,INCLUDED,,0,EXISTING_REVIEWER_FORMULA,1,MASS_BALANCE_NI_MINUS_FN_MINUS_UN,DIRECT_INITIAL_BW_EXISTING,1,INCLUDED_IN_906_MAIN,,,AIA_906_V1_20260806
V44_04bb8ee05bdb,775,Hlatini2020_SAJAS,Balance,CP97,growing,34.7,1.0619,17.5,2.38,0.5,14.62,10.3,2.41,19.7,4.65,54.55629010512543,17.42192120838423,,,,,development,Historical Study_ID,1,2.88,16.479894528675015,0.0306023054755043,0.5043227665706052,0.5912091942559795,0.5228426395939086,0.5003054960678253,0.2558069781024683,0.4166125900287654,0.1093126085997844,0.303583432079991,0.5113015549759004,0.8327163968878051,0.2184917204766528,17.5,2.38,0.5,14.62,2.88,10.3,2.41,19.7,4.65,54.55629010512543,17.42192120838423,1,1,1,1,1,93.395,0,INCLUDED,,0,EXISTING_REVIEWER_FORMULA,1,MASS_BALANCE_NI_MINUS_FN_MINUS_UN,DIRECT_INITIAL_BW_EXISTING,1,INCLUDED_IN_906_MAIN,,,AIA_906_V1_20260806
V44_549c8db696ba,776,Jang2020_LivSci,NRetention_approxEFphase,NC,early finishing,51.22,0.789,22.71,3.92,9.86,8.93,17.985,3.668,13.201,4.416,53.94318446215694,18.514,,,,,development,Historical Study_ID,1,13.78,28.783269961977187,0.0154041390081999,0.4433814916048418,0.9714270281948796,1.362396788122112,0.7580140720232327,0.27347144709372,0.533753828138466,0.1654191623166713,0.2634188462688465,0.360773575566732,0.7041476508659152,0.2182270335366561,22.71,3.92,9.86,8.93,13.78,17.985,3.668,13.201,4.416,53.94318446215694,18.514,1,1,1,1,1,97.94,1,INCLUDED,,0,EXISTING_REVIEWER_FORMULA,1,MASS_BALANCE_NI_MINUS_FN_MINUS_UN,DIRECT_INITIAL_BW_EXISTING,1,INCLUDED_IN_906_MAIN,,,AIA_906_V1_20260806
V44_29502dc6a877,777,Jang2020_LivSci,NRetention_approxEFphase,PC,early finishing,51.22,0.781,22.5,3.91,9.51,9.08,18.004,3.782,13.21,4.449,53.78174164801221,18.51,,,,,development,Historical Study_ID,1,13.42,28.809218950064015,0.0152479500195236,0.439281530652089,0.9726634251755808,1.362906888720666,0.758507379314433,0.2733174109121864,0.5337857451624483,0.1655114643794412,0.2633121040166188,0.3603358627298007,0.70373177601107,0.2182067952048621,22.5,3.91,9.51,9.08,13.42,18.004,3.782,13.21,4.449,53.78174164801221,18.51,1,1,1,1,1,97.94,1,INCLUDED,,0,EXISTING_REVIEWER_FORMULA,1,MASS_BALANCE_NI_MINUS_FN_MINUS_UN,DIRECT_INITIAL_BW_EXISTING,1,INCLUDED_IN_906_MAIN,,,AIA_906_V1_20260806
V44_00b462426fda,778,Jang2020_LivSci,NRetention_approxEFphase,PKM12,early finishing,51.22,0.813,23.18,4.7,9.92,8.56,17.827,6.771,20.369,9.358,45.36543399887071,19.15,,,,,development,Historical Study_ID,1,14.62,28.51168511685117,0.0158727059742288,0.4525575946895744,0.9309138381201046,0.8752025136236439,0.7073950673806069,0.2442175907840299,0.5338303909216138,0.1701156631653764,0.2480069092460196,0.3452350773215543,0.7546425124199964,0.2404818339987764,23.18,4.7,9.92,8.56,14.62,17.827,6.771,20.369,9.358,45.36543399887071,19.15,1,1,1,1,1,98.02,1,INCLUDED,,0,EXISTING_REVIEWER_FORMULA,1,MASS_BALANCE_NI_MINUS_FN_MINUS_UN,DIRECT_INITIAL_BW_EXISTING,1,INCLUDED_IN_906_MAIN,,,AIA_906_V1_20260806
V44_8a3e2cdfb33a,779,Jang2020_LivSci,NRetention_approxEFphase,PKM18,early finishing,51.22,0.832,23.61,5.55,10.02,8.04,17.728,8.217,23.845,11.781,41.18970492346076,19.521,,,,,development,Historical Study_ID,1,15.57,28.377403846153847,0.016243654822335,0.4609527528309254,0.908150197223503,0.7434682323338228,0.6775575483982965,0.2406944917191635,0.5337836167936036,0.1723754338925534,0.2388726690822062,0.355238447698133,0.7878055791060621,0.2544070747939242,23.61,5.55,10.02,8.04,15.57,17.728,8.217,23.845,11.781,41.18970492346076,19.521,1,1,1,1,1,98.06,1,INCLUDED,,0,EXISTING_REVIEWER_FORMULA,1,MASS_BALANCE_NI_MINUS_FN_MINUS_UN,DIRECT_INITIAL_BW_EXISTING,1,INCLUDED_IN_906_MAIN,,,AIA_906_V1_20260806
V44_05e3cadf1d1b,780,Jang2020_LivSci,NRetention_approxEFphase,PKM6,early finishing,51.22,0.801,22.96,4.07,10.08,8.81,17.914,5.288,16.781,6.88,49.54486546588509,18.773,,,,,development,Historical Study_ID,1,14.15,28.66416978776529,0.0156384224912143,0.4482623975009762,0.9542427955041816,1.0675168345152255,0.7286031145416874,0.2697164462605322,0.5338160968711164,0.1678312550345226,0.2542017118390948,0.3701829444281084,0.7326568967618294,0.2303466066571693,22.96,4.07,10.08,8.81,14.15,17.914,5.288,16.781,6.88,49.54486546588509,18.773,1,1,1,1,1,97.97,1,INCLUDED,,0,EXISTING_REVIEWER_FORMULA,1,MASS_BALANCE_NI_MINUS_FN_MINUS_UN,DIRECT_INITIAL_BW_EXISTING,1,INCLUDED_IN_906_MAIN,,,AIA_906_V1_20260806
V44_a6742b4a492c,783,Kim2020_JAST,LatinSquare_6x6,HP_PT0,growing,27.91,1.35,39.77,9.46,3.18,27.130000000000003,17.3,2.852098153638277,9.819676778591033,3.566854951346064,51.95959872787098,18.17285027773769,,,,,development,Historical Study_ID,1,12.64,29.45925925925926,0.0483697599426728,1.4249372984593336,0.9519695444359128,1.7617687822187438,0.7400925792286693,0.254649723666306,0.5463979912806485,0.1739818110035903,0.2673744867155597,0.3440782015835155,0.7382832994354693,0.2350811450979762,39.77,9.46,3.18,27.130000000000003,12.64,17.3,2.852098153638277,9.819676778591033,3.566854951346064,51.95959872787098,18.17285027773769,1,1,1,1,1,96.95,1,INCLUDED,,0,EXISTING_REVIEWER_FORMULA,1,MASS_BALANCE_NI_MINUS_FN_MINUS_UN,DIRECT_INITIAL_BW_EXISTING,1,INCLUDED_IN_906_MAIN,,,AIA_906_V1_20260806
V44_5c03a27601df,784,Kim2020_JAST,LatinSquare_6x6,HP_PT150,growing,27.91,1.415,39.65,9.21,2.79,27.65,17.3,2.852098153638277,9.819676778591033,3.566854951346064,51.95959872787098,18.17285027773769,,,,,development,Historical Study_ID,1,12.0,28.02120141342756,0.050698674310283,1.420637764242207,0.9519695444359128,1.7617687822187438,0.7400925792286693,0.254649723666306,0.5463979912806485,0.1739818110035903,0.2673744867155597,0.3440782015835155,0.7382832994354693,0.2350811450979762,39.65,9.21,2.79,27.65,12.0,17.3,2.852098153638277,9.819676778591033,3.566854951346064,51.95959872787098,18.17285027773769,1,1,1,1,1,96.965,1,INCLUDED,,0,EXISTING_REVIEWER_FORMULA,1,MASS_BALANCE_NI_MINUS_FN_MINUS_UN,DIRECT_INITIAL_BW_EXISTING,1,INCLUDED_IN_906_MAIN,,,AIA_906_V1_20260806
V44_6874df24430d,785,Kim2020_JAST,LatinSquare_6x6,HP_PT300,growing,27.91,1.394,39.53,8.93,2.54,28.06,17.3,2.852098153638277,9.819676778591033,3.566854951346064,51.95959872787098,18.17285027773769,,,,,development,Historical Study_ID,1,11.47,28.357245337159256,0.0499462558222859,1.4163382300250806,0.9519695444359128,1.7617687822187438,0.7400925792286693,0.254649723666306,0.5463979912806485,0.1739818110035903,0.2673744867155597,0.3440782015835155,0.7382832994354693,0.2350811450979762,39.53,8.93,2.54,28.06,11.47,17.3,2.852098153638277,9.819676778591033,3.566854951346064,51.95959872787098,18.17285027773769,1,1,1,1,1,96.98,1,INCLUDED,,0,EXISTING_REVIEWER_FORMULA,1,MASS_BALANCE_NI_MINUS_FN_MINUS_UN,DIRECT_INITIAL_BW_EXISTING,1,INCLUDED_IN_906_MAIN,,,AIA_906_V1_20260806
V44_e79ac14a2804,786,Kim2020_JAST,LatinSquare_6x6,LP_PT0,growing,27.91,1.374,35.16,8.07,2.72,24.37,15.1,2.963943320208515,9.538983611381866,3.330167777875327,55.77858307041167,18.16787400983535,,,,,development,Historical Study_ID,1,10.79,25.589519650655017,0.0492296667860981,1.259763525618058,0.8311374237748165,1.582977874286602,0.6251572623202973,0.2339662420838256,0.4813936176443245,0.1475649484047034,0.2587571450001231,0.3742518181992321,0.7700360319859549,0.236044523992267,35.16,8.07,2.72,24.37,10.79,15.1,2.963943320208515,9.538983611381866,3.330167777875327,55.77858307041167,18.16787400983535,1,1,1,1,1,96.93,1,INCLUDED,,0,EXISTING_REVIEWER_FORMULA,1,MASS_BALANCE_NI_MINUS_FN_MINUS_UN,DIRECT_INITIAL_BW_EXISTING,1,INCLUDED_IN_906_MAIN,,,AIA_906_V1_20260806
V44_4409bbc28743,787,Kim2020_JAST,LatinSquare_6x6,LP_PT150,growing,27.91,1.38,35.03,8.05,2.46,24.52,15.1,2.963943320208515,9.538983611381866,3.330167777875327,55.77858307041167,18.16787400983535,,,,,development,Historical Study_ID,1,10.510000000000002,25.384057971014496,0.0494446434969544,1.2551056968828378,0.8311374237748165,1.582977874286602,0.6251572623202973,0.2339662420838256,0.4813936176443245,0.1475649484047034,0.2587571450001231,0.3742518181992321,0.7700360319859549,0.236044523992267,35.03,8.05,2.46,24.52,10.510000000000002,15.1,2.963943320208515,9.538983611381866,3.330167777875327,55.77858307041167,18.16787400983535,1,1,1,1,1,96.945,1,INCLUDED,,0,EXISTING_REVIEWER_FORMULA,1,MASS_BALANCE_NI_MINUS_FN_MINUS_UN,DIRECT_INITIAL_BW_EXISTING,1,INCLUDED_IN_906_MAIN,,,AIA_906_V1_20260806
V44_cff5e1e0a074,788,Kim2020_JAST,LatinSquare_6x6,LP_PT300,growing,27.91,1.386,34.69,7.51,2.22,24.96,15.1,2.963943320208515,9.538983611381866,3.330167777875327,55.77858307041167,18.16787400983535,,,,,development,Historical Study_ID,1,9.73,25.02886002886003,0.0496596202078108,1.242923683267646,0.8311374237748165,1.582977874286602,0.6251572623202973,0.2339662420838256,0.4813936176443245,0.1475649484047034,0.2587571450001231,0.3742518181992321,0.7700360319859549,0.236044523992267,34.69,7.51,2.22,24.96,9.73,15.1,2.963943320208515,9.538983611381866,3.330167777875327,55.77858307041167,18.16787400983535,1,1,1,1,1,96.96,1,INCLUDED,,0,EXISTING_REVIEWER_FORMULA,1,MASS_BALANCE_NI_MINUS_FN_MINUS_UN,DIRECT_INITIAL_BW_EXISTING,1,INCLUDED_IN_906_MAIN,,,AIA_906_V1_20260806
V44_1860846f9980,789,Koo2020_JAS,NBalance,Complex_STD,nursery,7.23,0.564,19.7,2.6,2.0,15.099999999999998,21.81,3.064,8.397,3.272,69.902,18.433326063249726,,,,,development,Historical Study_ID,1,4.6,34.9290780141844,0.0780082987551867,2.7247579529737203,1.183183106790603,2.597356198642372,1.413959257669696,0.4187674864114361,0.782376768406911,0.2472273236612255,0.4051923594881064,0.2961665862293615,0.5533234173213185,0.1748475582448347,19.7,2.6,2.0,15.099999999999998,4.6,21.81,3.064,8.397,3.272,69.902,18.433326063249726,1,1,1,1,1,100.0,1,CORRECTED,FIELD_REPAIRED,1,EXISTING_REVIEWER_FORMULA,1,MASS_BALANCE_NI_MINUS_FN_MINUS_UN,DIRECT_INITIAL_BW_EXISTING,1,INCLUDED_IN_906_MAIN,,,AIA_906_V1_20260806
V44_5ed7000db26b,790,Koo2020_JAS,NBalance,Complex_SUP,nursery,7.23,0.548,20.2,2.7,1.2,16.3,23.035,3.122,9.498,2.62,68.231,18.453449781659387,,,,,development,Historical Study_ID,1,3.9,36.86131386861314,0.0757952973720608,2.793914246196404,1.2482760823883536,2.425247420509581,1.413541558074888,0.4196054072637774,0.9107830287763318,0.2471344580880594,0.3835309198162817,0.2968468842438851,0.6443270263781515,0.1748335283644815,20.2,2.7,1.2,16.3,3.9,23.035,3.122,9.498,2.62,68.231,18.453449781659387,1,1,1,1,1,100.0,1,CORRECTED,FIELD_REPAIRED,1,EXISTING_REVIEWER_FORMULA,1,MASS_BALANCE_NI_MINUS_FN_MINUS_UN,DIRECT_INITIAL_BW_EXISTING,1,INCLUDED_IN_906_MAIN,,,AIA_906_V1_20260806
V44_91d48cc76bdc,791,Koo2020_JAS,NBalance,Simple_STD,nursery,7.23,0.476,16.9,2.7,1.4,12.8,22.21,3.602,9.503,3.757,72.376,18.44658563535912,,,,,development,Historical Study_ID,1,4.1,35.50420168067227,0.0658367911479944,2.337482710926694,1.2040168537979747,2.337156687361886,1.431480534116414,0.4902868528299733,0.8352543883656567,0.2411476973258554,0.4028254542200624,0.3425033321410859,0.5834898683279827,0.168460339891876,16.9,2.7,1.4,12.8,4.1,22.21,3.602,9.503,3.757,72.376,18.44658563535912,1,1,1,1,1,100.0,1,CORRECTED,FIELD_REPAIRED,1,EXISTING_REVIEWER_FORMULA,1,MASS_BALANCE_NI_MINUS_FN_MINUS_UN,DIRECT_INITIAL_BW_EXISTING,1,INCLUDED_IN_906_MAIN,,,AIA_906_V1_20260806
V44_1365ee8d90c3,792,Koo2020_JAS,NBalance,Simple_SUP,nursery,7.23,0.505,18.1,2.5,1.0,14.6,22.235,3.872,8.85,3.319,71.35,18.374424778761064,,,,,development,Historical Study_ID,1,3.5,35.84158415841584,0.0698478561549101,2.503457814661134,1.2101059090405573,2.5124293785310736,1.431060739989889,0.4900309351559108,0.9646591204470985,0.2410557235835816,0.4022545367635172,0.3424249729325766,0.674086775977038,0.1684454872162063,18.1,2.5,1.0,14.6,3.5,22.235,3.872,8.85,3.319,71.35,18.374424778761064,1,1,1,1,1,100.0,1,CORRECTED,FIELD_REPAIRED,1,EXISTING_REVIEWER_FORMULA,1,MASS_BALANCE_NI_MINUS_FN_MINUS_UN,DIRECT_INITIAL_BW_EXISTING,1,INCLUDED_IN_906_MAIN,,,AIA_906_V1_20260806
V44_9eaa2c05fbc9,793,Kwon2020_JAS,MainEffect_Ile,Ile_43,growing,28.5,0.962,23.8,4.02,4.19,15.59,15.4625779626,5.494799336394092,10.731243952941549,3.4358358040834425,51.876484360719935,18.34861152865071,,,,,development,Historical Study_ID,1,8.21,24.74012474012474,0.0337543859649122,0.8350877192982457,0.8427110650010617,1.4408933419467684,0.0,0.0,0.0,0.0,0.0,,,,23.8,4.02,4.19,15.59,8.21,15.4625779626,5.494799336394092,10.731243952941549,3.4358358040834425,51.876484360719935,18.34861152865071,1,1,1,1,1,100.0,1,INCLUDED,,0,STRUCTURED_FROM_REPORTED_TREATMENT,0,MASS_BALANCE_NI_MINUS_FN_MINUS_UN,DIRECT_INITIAL_BW_EXISTING,1,INCLUDED_IN_906_MAIN,,,AIA_906_V1_20260806
V44_15665bb29bbf,794,Kwon2020_JAS,MainEffect_Ile,Ile_53,growing,28.5,0.966,23.9,3.92,4.07,15.909999999999997,15.4632505176,5.491751812163025,10.725292193109397,3.4339302216907304,51.82191540140428,18.333764368756054,,,,,development,Historical Study_ID,1,7.99,24.74120082815735,0.0338947368421052,0.8385964912280701,0.8434301983258871,1.4417556407026904,0.0,0.0,0.0,0.0,0.0,,,,23.9,3.92,4.07,15.909999999999997,7.99,15.4632505176,5.491751812163025,10.725292193109397,3.4339302216907304,51.82191540140428,18.333764368756054,1,1,1,1,1,100.0,1,INCLUDED,,0,STRUCTURED_FROM_REPORTED_TREATMENT,0,MASS_BALANCE_NI_MINUS_FN_MINUS_UN,DIRECT_INITIAL_BW_EXISTING,1,INCLUDED_IN_906_MAIN,,,AIA_906_V1_20260806
V44_e3c713de1137,795,Kwon2020_JAS,MainEffect_Ile,Ile_63,growing,28.5,0.967,24.0,3.97,4.03,16.0,15.5118924509,5.488710978246544,10.71935349934091,3.432028822675972,51.767409386536805,18.31893950998467,,,,,development,Historical Study_ID,1,8.0,24.819027921406413,0.0339298245614035,0.8421052631578947,0.8467680371151016,1.4470921638934442,0.0,0.0,0.0,0.0,0.0,,,,24.0,3.97,4.03,16.0,8.0,15.5118924509,5.488710978246544,10.71935349934091,3.432028822675972,51.767409386536805,18.31893950998467,1,1,1,1,1,100.0,1,INCLUDED,,0,STRUCTURED_FROM_REPORTED_TREATMENT,0,MASS_BALANCE_NI_MINUS_FN_MINUS_UN,DIRECT_INITIAL_BW_EXISTING,1,INCLUDED_IN_906_MAIN,,,AIA_906_V1_20260806
V44_c5cbc69417fc,796,Kwon2020_JAS,MainEffect_Leu,Leu_100,growing,28.5,0.968,24.0,4.01,3.87,16.12,15.4958677686,5.498049096582581,10.737590675949294,3.4378678423302875,52.27127948721999,18.42538716555256,,,,,development,Historical Study_ID,1,7.88,24.793388429752067,0.0339649122807017,0.8421052631578947,0.841006358746725,1.4431419706944673,0.0,0.0,0.0,0.0,0.0,,,,24.0,4.01,3.87,16.12,7.88,15.4958677686,5.498049096582581,10.737590675949294,3.4378678423302875,52.27127948721999,18.42538716555256,1,1,1,1,1,100.0,1,INCLUDED,,0,STRUCTURED_FROM_REPORTED_TREATMENT,0,MASS_BALANCE_NI_MINUS_FN_MINUS_UN,DIRECT_INITIAL_BW_EXISTING,1,INCLUDED_IN_906_MAIN,,,AIA_906_V1_20260806
V44_1a1f6555915c,797,Kwon2020_JAS,MainEffect_Leu,Leu_300,growing,28.5,0.962,23.8,3.93,4.32,15.55,15.4625779626,5.485458987953192,10.71300242097861,3.429995389969809,51.37259327855404,18.242156439375066,,,,,development,Historical Study_ID,1,8.25,24.74012474012474,0.0337543859649122,0.8350877192982457,0.8476288433326093,1.4433468186584733,0.0,0.0,0.0,0.0,0.0,,,,23.8,3.93,4.32,15.55,8.25,15.4625779626,5.485458987953192,10.71300242097861,3.429995389969809,51.37259327855404,18.242156439375066,1,1,1,1,1,100.0,1,INCLUDED,,0,STRUCTURED_FROM_REPORTED_TREATMENT,0,MASS_BALANCE_NI_MINUS_FN_MINUS_UN,DIRECT_INITIAL_BW_EXISTING,1,INCLUDED_IN_906_MAIN,,,AIA_906_V1_20260806
V44_c27df9efc2d0,798,Kwon2020_JAS,MainEffect_Val,Val_60,growing,28.5,0.965,23.9,4.06,4.25,15.59,15.4792746114,5.494799336394092,10.731243952941549,3.4358358040834425,51.876484360719935,18.34861152865071,,,,,development,Historical Study_ID,1,8.309999999999999,24.76683937823834,0.033859649122807,0.8385964912280701,0.8436210329718767,1.442449233218388,0.0,0.0,0.0,0.0,0.0,,,,23.9,4.06,4.25,15.59,8.309999999999999,15.4792746114,5.494799336394092,10.731243952941549,3.4358358040834425,51.876484360719935,18.34861152865071,1,1,1,1,1,100.0,1,INCLUDED,,0,STRUCTURED_FROM_REPORTED_TREATMENT,0,MASS_BALANCE_NI_MINUS_FN_MINUS_UN,DIRECT_INITIAL_BW_EXISTING,1,INCLUDED_IN_906_MAIN,,,AIA_906_V1_20260806
V44_2c9d91595513,799,Kwon2020_JAS,MainEffect_Val,Val_70,growing,28.5,0.963,23.8,3.9,4.05,15.85,15.4465212876,5.491751812163025,10.725292193109397,3.4339302216907304,51.82191540140428,18.333764368756054,,,,,development,Historical Study_ID,1,7.949999999999999,24.714434060228456,0.0337894736842105,0.8350877192982457,0.8425177163247269,1.4401958482328172,0.0,0.0,0.0,0.0,0.0,,,,23.8,3.9,4.05,15.85,7.949999999999999,15.4465212876,5.491751812163025,10.725292193109397,3.4339302216907304,51.82191540140428,18.333764368756054,1,1,1,1,1,100.0,1,INCLUDED,,0,STRUCTURED_FROM_REPORTED_TREATMENT,0,MASS_BALANCE_NI_MINUS_FN_MINUS_UN,DIRECT_INITIAL_BW_EXISTING,1,INCLUDED_IN_906_MAIN,,,AIA_906_V1_20260806
V44_07f0f013dbb0,800,Kwon2020_JAS,MainEffect_Val,Val_80,growing,28.5,0.967,24.0,3.95,3.98,16.07,15.5118924509,5.488710978246544,10.71935349934091,3.432028822675972,51.767409386536805,18.31893950998467,,,,,development,Historical Study_ID,1,7.93,24.819027921406413,0.0339298245614035,0.8421052631578947,0.8467680371151016,1.4470921638934442,0.0,0.0,0.0,0.0,0.0,,,,24.0,3.95,3.98,16.07,7.93,15.5118924509,5.488710978246544,10.71935349934091,3.432028822675972,51.767409386536805,18.31893950998467,1,1,1,1,1,100.0,1,INCLUDED,,0,STRUCTURED_FROM_REPORTED_TREATMENT,0,MASS_BALANCE_NI_MINUS_FN_MINUS_UN,DIRECT_INITIAL_BW_EXISTING,1,INCLUDED_IN_906_MAIN,,,AIA_906_V1_20260806
V44_b216fec50c98,803,Nguyen2020_Animal_TofuByproduct,NBalance_50to80kg,Con,growing,62.8,1.542555031446541,44.9,8.22,19.2,17.48,18.1922196796,4.897025171624714,14.64530892448513,9.91990846681922,47.7116704805492,18.22600139285153,,,,,development,Historical DOI,1,27.42,29.107551487414185,0.0245629782077474,0.714968152866242,0.9981465098941132,1.2421874999976872,0.7461977399860714,0.2945081212230135,0.5034980792128143,0.160173432480399,0.2563588147598429,0.3946783881019404,0.674751546717647,0.2146527976396562,44.9,8.22,19.2,17.48,27.42,18.1922196796,4.897025171624714,14.64530892448513,9.91990846681922,47.7116704805492,18.22600139285153,1,1,1,1,1,100.0,1,INCLUDED,,0,EXISTING_REVIEWER_FORMULA,1,MASS_BALANCE_NI_MINUS_FN_MINUS_UN,DIRECT_INITIAL_BW_EXISTING,1,INCLUDED_IN_906_MAIN,,,AIA_906_V1_20260806
V44_caa8605d5b46,804,Nguyen2020_Animal_TofuByproduct,NBalance_50to80kg,TF122,growing,62.8,1.586942675159236,45.3,9.55,16.1,19.65,17.8409090909,6.420454545454546,17.5,12.27272727272727,43.29545454545455,18.2949537985143,,,,,development,Historical DOI,1,25.65,28.54545454545454,0.0252697878210069,0.7213375796178344,0.9751819702517548,1.0194805194799998,0.9517216295918982,0.3150583755466422,0.6254659964975904,0.2060296280675916,0.3334056664177139,0.3310404699762265,0.6571942646357555,0.2164809768544799,45.3,9.55,16.1,19.65,25.65,17.8409090909,6.420454545454546,17.5,12.27272727272727,43.29545454545455,18.2949537985143,1,1,1,1,1,100.01,1,INCLUDED,,0,EXISTING_REVIEWER_FORMULA,1,MASS_BALANCE_NI_MINUS_FN_MINUS_UN,DIRECT_INITIAL_BW_EXISTING,1,INCLUDED_IN_906_MAIN,,,AIA_906_V1_20260806
V44_55a2f4b14a9a,805,Nguyen2020_Animal_TofuByproduct,NBalance_50to80kg,TF246,growing,62.8,1.534001572327044,44.6,9.52,14.5,20.58,18.1714285714,4.697142857142858,20.68571428571428,14.62857142857143,39.31428571428571,18.38379819569128,,,,,development,Historical DOI,1,24.02,29.07428571428572,0.0244267766294115,0.7101910828025478,0.9884480006780616,0.8784530386726522,1.164429115820774,0.3426107104591292,0.749694742458929,0.2508152741883528,0.4005013664877277,0.2942306283861962,0.6438302961279784,0.2153976320074752,44.6,9.52,14.5,20.58,24.02,18.1714285714,4.697142857142858,20.68571428571428,14.62857142857143,39.31428571428571,18.38379819569128,1,1,1,1,1,100.0,1,INCLUDED,,0,EXISTING_REVIEWER_FORMULA,1,MASS_BALANCE_NI_MINUS_FN_MINUS_UN,DIRECT_INITIAL_BW_EXISTING,1,INCLUDED_IN_906_MAIN,,,AIA_906_V1_20260806
V44_df09f2bfd1b4,806,Nguyen2020_Animal_TofuByproduct,NBalance_50to80kg,TF360,growing,62.8,1.32911525974026,37.3,8.08,12.1,17.119999999999997,17.5398633257,7.642369020501139,23.12072892938496,16.62870159453303,35.42141230068337,18.38346496462021,,,,,development,Historical DOI,1,20.18,28.063781321184504,0.021164255728348,0.5939490445859873,0.9541108468646275,0.7586206896534288,1.369664255298059,0.3766945743927911,0.8632859412439811,0.2896080240605992,0.4880540649977516,0.2750269439650499,0.630290188200989,0.2114445368201394,37.3,8.08,12.1,17.119999999999997,20.18,17.5398633257,7.642369020501139,23.12072892938496,16.62870159453303,35.42141230068337,18.38346496462021,1,1,1,1,1,99.66,1,INCLUDED,,0,EXISTING_REVIEWER_FORMULA,1,MASS_BALANCE_NI_MINUS_FN_MINUS_UN,DIRECT_INITIAL_BW_EXISTING,1,INCLUDED_IN_906_MAIN,,,AIA_906_V1_20260806
V44_78bd88357464,816,Sun2020_JASB,DCA_NBalance,Control,growing,40.0,1.6,46.0,9.03,13.6,23.37,18.0,5.110054770058737,10.75822239847822,3.987250417581088,45.89891344896773,18.65046754518334,,,,,development,Historical Study_ID,1,22.63,28.75,0.04,1.15,0.9651232579769118,1.6731388637723412,1.025482360769895,0.2680540553257132,0.5958262728241253,0.1931835978853761,0.3560702641562135,0.2613931410038763,0.5810204988575332,0.1883831504818287,46.0,9.03,13.6,23.37,22.63,18.0,5.110054770058737,10.75822239847822,3.987250417581088,45.89891344896773,18.65046754518334,1,1,1,1,1,100.0,1,INCLUDED,,0,EXISTING_REVIEWER_FORMULA,1,MASS_BALANCE_NI_MINUS_FN_MINUS_UN,DIRECT_INITIAL_BW_EXISTING,1,INCLUDED_IN_906_MAIN,,,AIA_906_V1_20260806
V44_2f17b1fd32b8,817,Sun2020_JASB,DCA_NBalance,LP,growing,40.0,1.66,35.8,5.87,10.4,19.529999999999998,13.5,3.108313704978478,10.74347484821824,3.533973097653955,54.99032550420583,17.62135625593086,,,,,development,Historical Study_ID,1,16.27,21.56626506024096,0.0414999999999999,0.8949999999999999,0.7661158314903415,1.2565766840547794,1.084050761764167,0.2050616966482915,0.4007784205002825,0.1184853832426469,0.5018753526685958,0.1891624487349442,0.369704477535777,0.1092987408171049,35.8,5.87,10.4,19.529999999999998,16.27,13.5,3.108313704978478,10.74347484821824,3.533973097653955,54.99032550420583,17.62135625593086,1,1,1,1,1,98.0,1,INCLUDED,,0,EXISTING_REVIEWER_FORMULA,1,MASS_BALANCE_NI_MINUS_FN_MINUS_UN,DIRECT_INITIAL_BW_EXISTING,1,INCLUDED_IN_906_MAIN,,,AIA_906_V1_20260806
V44_7a5fbc7fb7f2,818,Sun2020_JASB,DCA_NBalance,LP_DCA,growing,40.0,1.66,35.9,5.54,7.52,22.84,13.5,3.107926172325831,10.74240260250955,3.533659230428252,54.98247091434622,17.61926250636272,,,,,development,Historical Study_ID,1,13.06,21.626506024096383,0.0414999999999999,0.8975,0.7662068713219319,1.2567021084134609,1.084017709379179,0.2050431543266575,0.4007493838101351,0.1184788746363136,0.5018600506385087,0.1891511112342311,0.3696889638820068,0.1092960692534874,35.9,5.54,7.52,22.84,13.06,13.5,3.107926172325831,10.74240260250955,3.533659230428252,54.98247091434622,17.61926250636272,1,1,1,1,1,98.0,1,INCLUDED,,0,EXISTING_REVIEWER_FORMULA,1,MASS_BALANCE_NI_MINUS_FN_MINUS_UN,DIRECT_INITIAL_BW_EXISTING,1,INCLUDED_IN_906_MAIN,,,AIA_906_V1_20260806
V44_0c0188d94321,820,Wellington2020_JAS,NBalance_d43,CONT,finishing,119.7,2.58786,67.84,14.1,25.53,28.21,16.3842,5.66919454440446,13.43649206983873,4.692291972100048,48.45599537962593,18.89529077257986,,,,,confirmation,Historical Study_ID,1,39.63,26.214710223891554,0.0216195488721804,0.566750208855472,0.8671049415008812,1.2193807665602,0.5256421875694166,0.196807943489271,0.4119552179128348,0.1535914523079657,0.2005141338795213,0.3744142843619842,0.7837179504516687,0.2921977267809812,67.84,14.1,25.53,28.21,39.63,16.3842,5.66919454440446,13.43649206983873,4.692291972100048,48.45599537962593,18.89529077257986,1,1,1,1,1,97.5,1,INCLUDED,,0,EXISTING_REVIEWER_FORMULA,1,MASS_BALANCE_NI_MINUS_FN_MINUS_UN,DIRECT_INITIAL_BW_EXISTING,1,INCLUDED_IN_906_MAIN,,,AIA_906_V1_20260806
V44_e2016dbf1743,821,Wellington2020_JAS,NBalance_d43,DON1,finishing,119.8,2.58153,68.45,8.82,15.19,44.440000000000005,16.5721,5.666710051273053,13.42298547541126,4.688157001931207,48.38884230843123,18.87449940198096,,,,,confirmation,Historical Study_ID,1,24.01,26.515283572145204,0.0215486644407345,0.5713689482470785,0.8780153394828945,1.2346061187622834,0.525270863201895,0.1966059393230002,0.4116080104567266,0.1534539736338568,0.1981005964851674,0.3742943938000841,0.7836109696770284,0.2921425580289129,68.45,8.82,15.19,44.440000000000005,24.01,16.5721,5.666710051273053,13.42298547541126,4.688157001931207,48.38884230843123,18.87449940198096,1,1,1,1,1,97.4,1,INCLUDED,,0,EXISTING_REVIEWER_FORMULA,1,MASS_BALANCE_NI_MINUS_FN_MINUS_UN,DIRECT_INITIAL_BW_EXISTING,1,INCLUDED_IN_906_MAIN,,,AIA_906_V1_20260806
V44_eef06f168757,822,Wellington2020_JAS,NBalance_d43,DON3,finishing,114.9,2.50149,63.48,9.28,28.38,25.82,15.8605,5.669194544404461,13.43649206983874,4.692291972100049,48.45599537962595,18.89529077257986,,,,,confirmation,Historical Study_ID,1,37.66,25.376875382272164,0.0217710182767624,0.5524804177545691,0.839389040946444,1.180404819767095,0.5256421875694167,0.196807943489271,0.411955217912835,0.1535914523079657,0.2071349372534822,0.3744142843619841,0.7837179504516689,0.2921977267809812,63.48,9.28,28.38,25.82,37.66,15.8605,5.669194544404461,13.43649206983874,4.692291972100049,48.45599537962595,18.89529077257986,1,1,1,1,1,97.5,1,INCLUDED,,0,EXISTING_REVIEWER_FORMULA,1,MASS_BALANCE_NI_MINUS_FN_MINUS_UN,DIRECT_INITIAL_BW_EXISTING,1,INCLUDED_IN_906_MAIN,,,AIA_906_V1_20260806
V44_89c7f53d7ee9,823,Wellington2020_JAS,NBalance_d43,DON5,finishing,110.4,2.38796,63.32,9.26,22.69,31.37,16.5727,5.66919454440446,13.43649206983873,4.692291972100048,48.45599537962593,18.89529077257986,,,,,confirmation,Historical Study_ID,1,31.950000000000003,26.516357057907168,0.0216300724637681,0.5735507246376811,0.877080972156813,1.23340972583173,0.5256421875694166,0.1968079434892709,0.4119552179128348,0.1535914523079657,0.1982334605893339,0.374414284361984,0.7837179504516687,0.2921977267809812,63.32,9.26,22.69,31.37,31.950000000000003,16.5727,5.66919454440446,13.43649206983873,4.692291972100048,48.45599537962593,18.89529077257986,1,1,1,1,1,97.5,1,INCLUDED,,0,EXISTING_REVIEWER_FORMULA,1,MASS_BALANCE_NI_MINUS_FN_MINUS_UN,DIRECT_INITIAL_BW_EXISTING,1,INCLUDED_IN_906_MAIN,,,AIA_906_V1_20260806
V44_1813d8c5405f,827,vdPeet2020_JAS,Diet,Adequate,growing,60.77,1.625626639942623,46.665047076,4.0701323708781,12.8415941113266,29.7533205937953,17.9411764706,2.8959276018099547,8.870965979944552,4.580259092454988,46.68552036199095,18.49547511312217,,,,,development,Historical Study_ID,1,16.9117264822047,28.705882352941178,0.0267504795119733,0.7678961177554714,0.9700305810403916,2.0224602947594823,0.0,0.0,0.0,0.0,0.0,,,,46.665047076,4.0701323708781,12.8415941113266,29.7533205937953,16.9117264822047,17.9411764706,2.8959276018099547,8.870965979944552,4.580259092454988,46.68552036199095,18.49547511312217,1,1,1,1,1,100.0,1,CORRECTED,FIELD_REPAIRED,2,STRUCTURED_FROM_REPORTED_TREATMENT,0,MASS_BALANCE_NI_MINUS_FN_MINUS_UN,REPORTED_MEAN_BW_USED,1,INCLUDED_IN_906_MAIN,,,AIA_906_V1_20260806
V44_b6149a00466e,828,vdPeet2020_JAS,Diet,Restricted,growing,60.77,1.5820782188382347,32.952836414,3.70012033716191,8.96735046418063,20.285365612657458,13.018018018,2.9504504504504507,9.316139567345836,4.811662536580931,50.29279279279279,18.17567567567568,,,,,development,Historical Study_ID,1,12.66747080134254,20.828828828828836,0.0260338689951988,0.5422550010531512,0.7162329615851298,1.397361849711836,0.0,0.0,0.0,0.0,0.0,,,,32.952836414,3.70012033716191,8.96735046418063,20.285365612657458,12.66747080134254,13.018018018,2.9504504504504507,9.316139567345836,4.811662536580931,50.29279279279279,18.17567567567568,1,1,1,1,1,100.0,1,CORRECTED,FIELD_REPAIRED,2,STRUCTURED_FROM_REPORTED_TREATMENT,0,MASS_BALANCE_NI_MINUS_FN_MINUS_UN,REPORTED_MEAN_BW_USED,1,INCLUDED_IN_906_MAIN,,,AIA_906_V1_20260806
V44_40873c1c78ba,829,Espinosa2021_JAS,Met_balance,Basal,nursery,10.5,0.5514,17.72,2.22,3.44,12.06,20.09,4.848796954645067,8.035529813464692,3.491149148976248,41.81934945849184,18.49422480357601,,,,,development,Historical Study_ID,1,5.66,32.136380123322446,0.0525142857142857,1.6876190476190476,1.0862850545709508,2.500146283613596,1.275951819205111,0.2462738515644462,0.8489609409238528,0.2935663650853818,0.3969486744664979,0.1930118738479241,0.6653550143082488,0.23007637174597,17.72,2.22,3.44,12.06,5.66,20.09,4.848796954645067,8.035529813464692,3.491149148976248,41.81934945849184,18.49422480357601,1,1,1,1,1,97.25,1,INCLUDED,,0,EXISTING_REVIEWER_FORMULA,1,MASS_BALANCE_NI_MINUS_FN_MINUS_UN,DIRECT_INITIAL_BW_EXISTING,1,INCLUDED_IN_906_MAIN,,,AIA_906_V1_20260806
V44_c0b018744a27,830,Espinosa2021_JAS,Met_balance,dMet_0.036,nursery,10.6,0.5678,18.36,2.14,2.86,13.36,20.2,4.848796954645067,8.035529813464692,3.491149148976248,41.81934945849184,18.49422480357601,,,,,development,Historical Study_ID,1,5.0,32.33532934131737,0.053566037735849,1.7320754716981133,1.092232857258995,2.513835486759315,1.275951819205111,0.2462738515644462,0.8489609409238528,0.2935663650853818,0.3947870727738586,0.1930118738479241,0.6653550143082488,0.23007637174597,18.36,2.14,2.86,13.36,5.0,20.2,4.848796954645067,8.035529813464692,3.491149148976248,41.81934945849184,18.49422480357601,1,1,1,1,1,97.286,1,INCLUDED,,0,EXISTING_REVIEWER_FORMULA,1,MASS_BALANCE_NI_MINUS_FN_MINUS_UN,DIRECT_INITIAL_BW_EXISTING,1,INCLUDED_IN_906_MAIN,,,AIA_906_V1_20260806
V44_c0a3a7d14742,831,Espinosa2021_JAS,Met_balance,dMet_0.072,nursery,10.6,0.5668,18.22,2.02,2.72,13.48,20.08,4.848796954645067,8.035529813464692,3.491149148976248,41.81934945849184,18.49422480357601,,,,,development,Historical Study_ID,1,4.74,32.1453775582216,0.0534716981132075,1.7188679245283018,1.085744345235674,2.4989018106003487,1.275951819205111,0.2462738515644462,0.8489609409238528,0.2935663650853818,0.3971463580693199,0.1930118738479241,0.6653550143082488,0.23007637174597,18.22,2.02,2.72,13.48,4.74,20.08,4.848796954645067,8.035529813464692,3.491149148976248,41.81934945849184,18.49422480357601,1,1,1,1,1,97.322,1,INCLUDED,,0,EXISTING_REVIEWER_FORMULA,1,MASS_BALANCE_NI_MINUS_FN_MINUS_UN,DIRECT_INITIAL_BW_EXISTING,1,INCLUDED_IN_906_MAIN,,,AIA_906_V1_20260806
V44_c40e5e963863,832,Espinosa2021_JAS,Met_balance,dMet_0.108,nursery,10.7,0.5626,18.08,1.98,2.52,13.579999999999998,20.08,4.848796954645067,8.035529813464692,3.491149148976248,41.81934945849184,18.49422480357601,,,,,development,Historical Study_ID,1,4.5,32.1365090650551,0.0525794392523364,1.6897196261682244,1.085744345235674,2.4989018106003487,1.275951819205111,0.2462738515644462,0.8489609409238528,0.2935663650853818,0.3971463580693199,0.1930118738479241,0.6653550143082488,0.23007637174597,18.08,1.98,2.52,13.579999999999998,4.5,20.08,4.848796954645067,8.035529813464692,3.491149148976248,41.81934945849184,18.49422480357601,1,1,1,1,1,97.358,1,INCLUDED,,0,EXISTING_REVIEWER_FORMULA,1,MASS_BALANCE_NI_MINUS_FN_MINUS_UN,DIRECT_INITIAL_BW_EXISTING,1,INCLUDED_IN_906_MAIN,,,AIA_906_V1_20260806
V44_fdc4631f429d,833,Espinosa2021_JAS,Met_balance,lMet_0.036,nursery,10.4,0.5638,18.48,2.2,2.92,13.36,20.48,4.848816307117678,8.035561884795392,3.491163082817759,41.81951636748443,18.5010157912563,,,,,development,Historical Study_ID,1,5.12,32.77758070237673,0.0542115384615384,1.7769230769230768,1.1069662461279008,2.548670558900372,1.275956911771961,0.2853924931248971,0.8489643292887421,0.2935675367646855,0.3893911473913454,0.2236693813810403,0.6653550143082488,0.2300763717459699,18.48,2.2,2.92,13.36,5.12,20.48,4.848816307117678,8.035561884795392,3.491163082817759,41.81951636748443,18.5010157912563,1,1,1,1,1,97.286,1,INCLUDED,,0,EXISTING_REVIEWER_FORMULA,1,MASS_BALANCE_NI_MINUS_FN_MINUS_UN,DIRECT_INITIAL_BW_EXISTING,1,INCLUDED_IN_906_MAIN,,,AIA_906_V1_20260806
V44_0baa94ee87d5,834,Espinosa2021_JAS,Met_balance,lMet_0.072,nursery,10.5,0.5726,18.26,2.22,2.28,13.760000000000003,19.93,4.848835659744768,8.0355939563821,3.491177016770496,41.81968327780936,18.50780683314506,,,,,development,Historical Study_ID,1,4.5,31.889626266154387,0.0545333333333333,1.7390476190476192,1.0768428793144726,2.4802149173019155,1.275962004379462,0.3245114469464998,0.8489677176806789,0.293568708453342,0.4001386115088629,0.2543268889141564,0.665355014308249,0.2300763717459699,18.26,2.22,2.28,13.760000000000003,4.5,19.93,4.848835659744768,8.0355939563821,3.491177016770496,41.81968327780936,18.50780683314506,1,1,1,1,1,97.322,1,INCLUDED,,0,EXISTING_REVIEWER_FORMULA,1,MASS_BALANCE_NI_MINUS_FN_MINUS_UN,DIRECT_INITIAL_BW_EXISTING,1,INCLUDED_IN_906_MAIN,,,AIA_906_V1_20260806
V44_dcec348b37f2,835,Espinosa2021_JAS,Met_balance,lMet_0.108,nursery,10.4,0.5752,17.9,2.32,2.14,13.439999999999998,19.44,4.84885501252634,8.035626028224815,3.491190950834459,41.81985018946664,18.51459792924295,,,,,development,Historical Study_ID,1,4.46,31.11961057023644,0.0553076923076923,1.721153846153846,1.049982293663284,2.419226570738581,1.275967097027615,0.3636307130329932,0.8489711060996632,0.2935698801513515,0.4102260471410798,0.2849843964472724,0.6653550143082486,0.2300763717459698,17.9,2.32,2.14,13.439999999999998,4.46,19.44,4.84885501252634,8.035626028224815,3.491190950834459,41.81985018946664,18.51459792924295,1,1,1,1,1,97.358,1,INCLUDED,,0,EXISTING_REVIEWER_FORMULA,1,MASS_BALANCE_NI_MINUS_FN_MINUS_UN,DIRECT_INITIAL_BW_EXISTING,1,INCLUDED_IN_906_MAIN,,,AIA_906_V1_20260806
V44_4bd44cad9bfc,836,Hlongwana2021_TAHP,ANC_NBalance,ANC_0,growing,30.7,0.9616,32.3,7.4,5.8,19.1,19.49,4.44,30.59,8.58,40.6483111454185,17.65,,,,,confirmation,Historical Study_ID,1,13.2,33.589850249584025,0.0313224755700325,1.0521172638436482,1.1042492917847029,0.6371363190585158,1.943453314218799,0.1111375543130212,0.177427997456678,0.0476858321239541,0.6232213039439454,0.0571856053859954,0.0912952197814939,0.0245366491569786,32.3,7.4,5.8,19.1,13.2,19.49,4.44,30.59,8.58,40.6483111454185,17.65,1,1,1,1,1,100.0,1,INCLUDED,,0,EXISTING_REVIEWER_FORMULA,1,MASS_BALANCE_NI_MINUS_FN_MINUS_UN,DIRECT_INITIAL_BW_EXISTING,1,INCLUDED_IN_906_MAIN,,,AIA_906_V1_20260806
V44_e221f203252e,837,Hlongwana2021_TAHP,ANC_NBalance,ANC_100,growing,30.7,1.2712,35.5,5.6,4.5,25.4,16.26,7.24,32.75,9.95,45.45316283853713,17.77,,,,,confirmation,Historical Study_ID,1,10.1,27.92636878539962,0.0414071661237785,1.1563517915309447,0.915025323579066,0.4964885496183207,1.779348345117333,0.1397720991828491,0.2377145265414171,0.0639479871299482,0.6839438595930707,0.0785524091257309,0.133596396227711,0.0359389926685386,35.5,5.6,4.5,25.4,10.1,16.26,7.24,32.75,9.95,45.45316283853713,17.77,1,1,1,1,1,100.0,1,INCLUDED,,0,EXISTING_REVIEWER_FORMULA,1,MASS_BALANCE_NI_MINUS_FN_MINUS_UN,DIRECT_INITIAL_BW_EXISTING,1,INCLUDED_IN_906_MAIN,,,AIA_906_V1_20260806
V44_42e91d65a2b6,838,Hlongwana2021_TAHP,ANC_NBalance,ANC_150,growing,30.7,1.0851,29.7,5.1,3.8,20.8,15.7,7.81,34.13,11.12,47.90212375542189,18.09,,,,,confirmation,Historical Study_ID,1,8.899999999999999,27.37074923970141,0.0353452768729641,0.96742671009772,0.8678828081813156,0.4600058599472604,1.695706501151236,0.1543666976715855,0.2684416671427819,0.0722365638806183,0.6750423969551099,0.0910338537752754,0.1583066804075667,0.0425996856363857,29.7,5.1,3.8,20.8,8.899999999999999,15.7,7.81,34.13,11.12,47.90212375542189,18.09,1,1,1,1,1,100.0,1,INCLUDED,,0,EXISTING_REVIEWER_FORMULA,1,MASS_BALANCE_NI_MINUS_FN_MINUS_UN,DIRECT_INITIAL_BW_EXISTING,1,INCLUDED_IN_906_MAIN,,,AIA_906_V1_20260806
V44_90bfb789915b,839,Hlongwana2021_TAHP,ANC_NBalance,ANC_200,growing,30.7,1.0575,25.6,4.5,2.3,18.8,14.03,9.68,35.3,12.11,50.38291449134543,18.5,,,,,confirmation,Historical Study_ID,1,6.8,24.2080378250591,0.0344462540716612,0.8338762214983714,0.7583783783783783,0.3974504249291785,1.610977541119235,0.1691509861735994,0.299568176847254,0.0806328695444957,0.71764858389132,0.1049989722737418,0.1859542850231962,0.0500521375912389,25.6,4.5,2.3,18.8,6.8,14.03,9.68,35.3,12.11,50.38291449134543,18.5,1,1,1,1,1,100.0,1,INCLUDED,,0,EXISTING_REVIEWER_FORMULA,1,MASS_BALANCE_NI_MINUS_FN_MINUS_UN,DIRECT_INITIAL_BW_EXISTING,1,INCLUDED_IN_906_MAIN,,,AIA_906_V1_20260806
V44_c8a3758ff274,840,Hlongwana2021_TAHP,ANC_NBalance,ANC_50,growing,30.7,1.1446,34.8,6.1,5.0,23.7,17.68,5.6,31.23,9.34,43.03542305617412,17.67,,,,,confirmation,Historical Study_ID,1,11.1,30.40363445745238,0.0372833876221498,1.1335504885993484,1.0005659309564232,0.5661223182837015,1.86192386203668,0.125363563248058,0.2073791178715703,0.0557650791827049,0.6582027227222427,0.0673301233225122,0.1113789463145539,0.0299502467956481,34.8,6.1,5.0,23.7,11.1,17.68,5.6,31.23,9.34,43.03542305617412,17.67,1,1,1,1,1,100.0,1,INCLUDED,,0,EXISTING_REVIEWER_FORMULA,1,MASS_BALANCE_NI_MINUS_FN_MINUS_UN,DIRECT_INITIAL_BW_EXISTING,1,INCLUDED_IN_906_MAIN,,,AIA_906_V1_20260806
V44_ade4d3b48e1d,842,Sobotka2021_Animals960,Finisher75kg_Nbalance,R,finishing,75.0,2.90540540540541,68.8,10.4,24.7,33.7,14.8,4.226815327689851,15.45897477332532,5.876979669390249,47.8641126039707,18.59522294017281,,,,,development,Historical Study_ID,1,35.1,23.67999999999996,0.0387387387387388,0.9173333333333332,0.7959033375193544,0.9573726729626088,0.8991814185024334,0.209086852851743,0.4221458076546549,0.1457472054952215,0.3797218828135275,0.2325302197636295,0.4694779039781864,0.1620887648434286,68.8,10.4,24.7,33.7,35.1,14.8,4.226815327689851,15.45897477332532,5.876979669390249,47.8641126039707,18.59522294017281,1,1,1,1,1,100.27,1,INCLUDED,,0,EXISTING_REVIEWER_FORMULA,1,MASS_BALANCE_NI_MINUS_FN_MINUS_UN,DIRECT_INITIAL_BW_EXISTING,1,INCLUDED_IN_906_MAIN,,,AIA_906_V1_20260806
V44_ae91a81c4f1b,843,Sobotka2021_Animals960,Finisher75kg_Nbalance,R+FB,finishing,75.0,2.90941058271936,69.5,11.1,25.1,33.3,14.93,3.538427910542402,15.04915677752909,5.863278290030935,50.05386048871468,18.42112516228238,,,,,development,Historical Study_ID,1,36.2,23.887999999999973,0.0387921411029248,0.9266666666666666,0.8104825231071917,0.9920821625230848,0.6646924947977207,0.1841170513372469,0.4052762458687455,0.1371165196947164,0.2782537235422475,0.2769958330780873,0.6097199066345396,0.2062856445166327,69.5,11.1,25.1,33.3,36.2,14.93,3.538427910542402,15.04915677752909,5.863278290030935,50.05386048871468,18.42112516228238,1,1,1,1,1,100.0,1,INCLUDED,,0,EXISTING_REVIEWER_FORMULA,1,MASS_BALANCE_NI_MINUS_FN_MINUS_UN,DIRECT_INITIAL_BW_EXISTING,1,INCLUDED_IN_906_MAIN,,,AIA_906_V1_20260806
V44_860729c2833f,844,Sobotka2021_Animals960,Finisher75kg_Nbalance,R+YL,finishing,75.0,2.89172831203766,68.8,9.7,24.9,34.2,14.87,3.341704141945969,14.85977381257166,5.471839553858655,51.60698264634838,18.39894698175584,,,,,development,Historical Study_ID,1,34.599999999999994,23.792,0.0385563774938354,0.9173333333333332,0.8081984265047831,1.0006881792116975,0.6715470240546768,0.1837383539076327,0.3769337244119906,0.1304023119650033,0.2822574916167942,0.2736045985257361,0.5612916309808573,0.1941819519616932,68.8,9.7,24.9,34.2,34.599999999999994,14.87,3.341704141945969,14.85977381257166,5.471839553858655,51.60698264634838,18.39894698175584,1,1,1,1,1,100.0,1,INCLUDED,,0,EXISTING_REVIEWER_FORMULA,1,MASS_BALANCE_NI_MINUS_FN_MINUS_UN,DIRECT_INITIAL_BW_EXISTING,1,INCLUDED_IN_906_MAIN,,,AIA_906_V1_20260806
V44_6ee502d28dca,845,Sobotka2021_Animals960,Finisher75kg_Nbalance,S-c,finishing,75.0,2.95010114632502,70.0,9.2,26.2,34.599999999999994,14.83,2.941667245451722,13.76494807325696,4.756985065123042,50.68091904028733,18.36892029824192,,,,,development,Historical Study_ID,1,35.4,23.727999999999973,0.0393346819510002,0.9333333333333332,0.8073419536487058,1.077374205923251,0.915961943539842,0.1974110805574339,0.4066051506128361,0.1521654321412954,0.3860257685181397,0.2155232342890969,0.4439105286857912,0.1661263693480913,70.0,9.2,26.2,34.599999999999994,35.4,14.83,2.941667245451722,13.76494807325696,4.756985065123042,50.68091904028733,18.36892029824192,1,1,1,1,1,100.27,1,INCLUDED,,0,EXISTING_REVIEWER_FORMULA,1,MASS_BALANCE_NI_MINUS_FN_MINUS_UN,DIRECT_INITIAL_BW_EXISTING,1,INCLUDED_IN_906_MAIN,,,AIA_906_V1_20260806
V44_17623afd88ba,846,Sobotka2021_Animals960,Grower50kg_Nbalance,R,growing,50.0,2.59440866510539,70.9,11.5,25.9,33.50000000000001,17.08,3.964564135949376,14.80272849464747,5.827881490414008,44.14937521375549,18.52349064260437,,,,,development,Historical Study_ID,1,37.4,27.327999999999964,0.0518881733021078,1.418,0.9220724284393614,1.1538413344658702,0.8405305389030556,0.2402947200844212,0.5176672675447845,0.1803432702684503,0.3075711866594905,0.2858845799916094,0.6158815695386539,0.2145588552960959,70.9,11.5,25.9,33.50000000000001,37.4,17.08,3.964564135949376,14.80272849464747,5.827881490414008,44.14937521375549,18.52349064260437,1,1,1,1,1,100.0,1,INCLUDED,,0,EXISTING_REVIEWER_FORMULA,1,MASS_BALANCE_NI_MINUS_FN_MINUS_UN,DIRECT_INITIAL_BW_EXISTING,1,INCLUDED_IN_906_MAIN,,,AIA_906_V1_20260806
V44_e126c3c4abd9,847,Sobotka2021_Animals960,Grower50kg_Nbalance,R+FB,growing,50.0,2.58746355685131,71.0,9.0,28.3,33.7,17.15,3.397662634771624,14.430227777449,5.796952251321853,45.89690212702338,18.37914290786785,,,,,development,Historical Study_ID,1,37.3,27.44000000000002,0.0517492711370262,1.42,0.9331229473523668,1.1884774283882995,0.8191409678594899,0.2183274780825776,0.5012307595444184,0.1724371277108391,0.2985207608817383,0.2665322412735534,0.6118980483349433,0.2105097101435877,71.0,9.0,28.3,33.7,37.3,17.15,3.397662634771624,14.430227777449,5.796952251321853,45.89690212702338,18.37914290786785,1,1,1,1,1,100.0,1,INCLUDED,,0,EXISTING_REVIEWER_FORMULA,1,MASS_BALANCE_NI_MINUS_FN_MINUS_UN,DIRECT_INITIAL_BW_EXISTING,1,INCLUDED_IN_906_MAIN,,,AIA_906_V1_20260806
V44_c8c28ba892f7,848,Sobotka2021_Animals960,Grower50kg_Nbalance,R+YL,growing,50.0,2.58808969132207,71.1,9.0,27.1,34.99999999999999,17.17,3.306119961165411,14.28065862252842,5.481572560685716,47.09601331725751,18.37479487536418,,,,,development,Historical Study_ID,1,36.1,27.472000000000037,0.0517617938264413,1.422,0.9344322000035225,1.202325498693282,0.836316264407868,0.2177621768361373,0.4779230788730853,0.1667646322388461,0.3044249652037958,0.2603825682982719,0.571462136051445,0.1994037893749674,71.1,9.0,27.1,34.99999999999999,36.1,17.17,3.306119961165411,14.28065862252842,5.481572560685716,47.09601331725751,18.37479487536418,1,1,1,1,1,100.0,1,INCLUDED,,0,EXISTING_REVIEWER_FORMULA,1,MASS_BALANCE_NI_MINUS_FN_MINUS_UN,DIRECT_INITIAL_BW_EXISTING,1,INCLUDED_IN_906_MAIN,,,AIA_906_V1_20260806
V44_a19a8dd83260,849,Sobotka2021_Animals960,Grower50kg_Nbalance,S-c,growing,50.0,2.59558823529412,70.6,8.6,27.5,34.49999999999999,17.0,2.90372682495741,13.24591427031402,4.791156249982653,46.62196349280276,18.33781486389043,,,,,development,Historical Study_ID,1,36.1,27.19999999999997,0.0519117647058824,1.412,0.9270461135189688,1.2834146177511825,1.07629523501307,0.227159465165064,0.4978304735122149,0.1842386895467159,0.3956967775783345,0.211056834384578,0.4625408134471296,0.1711785795878568,70.6,8.6,27.5,34.49999999999999,36.1,17.0,2.90372682495741,13.24591427031402,4.791156249982653,46.62196349280276,18.33781486389043,1,1,1,1,1,100.27,1,INCLUDED,,0,EXISTING_REVIEWER_FORMULA,1,MASS_BALANCE_NI_MINUS_FN_MINUS_UN,DIRECT_INITIAL_BW_EXISTING,1,INCLUDED_IN_906_MAIN,,,AIA_906_V1_20260806
V44_79b76c8c616d,851,vdPeet2021_JAS,EBVxDiet,HBV_A,growing,66.68,1.7443636098353437,51.359020912,3.73350447337043,19.1808792319406,28.444637206688967,18.4017758047,2.719200887902331,8.88948529548464,4.597928333433174,46.659267480577135,18.546059933407328,,,,,development,Historical Study_ID,1,22.91438370531103,29.442841287458386,0.0261602221031095,0.7702312674265146,0.9922202274108138,2.0700608857575897,0.0,0.0,0.0,0.0,0.0,,,,51.359020912,3.73350447337043,19.1808792319406,28.444637206688967,22.91438370531103,18.4017758047,2.719200887902331,8.88948529548464,4.597928333433174,46.659267480577135,18.546059933407328,1,1,1,1,1,100.0,1,CORRECTED,FIELD_REPAIRED,2,STRUCTURED_FROM_REPORTED_TREATMENT,0,MASS_BALANCE_NI_MINUS_FN_MINUS_UN,REPORTED_MEAN_BW_USED,1,INCLUDED_IN_906_MAIN,,,AIA_906_V1_20260806
V44_4163927688c4,852,vdPeet2021_JAS,EBVxDiet,HBV_R,growing,66.68,1.6912487771070075,37.661726375,3.94351409999752,12.6472464035423,21.07096587146018,13.9178690344,2.752497225305216,9.362802992628666,4.841692482153238,48.62375138734739,18.34628190899001,,,,,development,Historical Study_ID,1,16.59076050353982,22.268590455049942,0.0253636589248201,0.5648129330383923,0.7586206896548336,1.4865066631603312,0.0,0.0,0.0,0.0,0.0,,,,37.661726375,3.94351409999752,12.6472464035423,21.07096587146018,16.59076050353982,13.9178690344,2.752497225305216,9.362802992628666,4.841692482153238,48.62375138734739,18.34628190899001,1,1,1,1,1,100.0,1,CORRECTED,FIELD_REPAIRED,2,STRUCTURED_FROM_REPORTED_TREATMENT,0,MASS_BALANCE_NI_MINUS_FN_MINUS_UN,REPORTED_MEAN_BW_USED,1,INCLUDED_IN_906_MAIN,,,AIA_906_V1_20260806
V44_0db36e1e7043,853,vdPeet2021_JAS,EBVxDiet,LBV_A,growing,66.68,1.7443636098353437,51.359020912,3.73350447337043,21.9810075869684,25.64450885166117,18.4017758047,2.719200887902331,8.88948529548464,4.597928333433174,46.659267480577135,18.546059933407328,,,,,development,Historical Study_ID,1,25.71451206033883,29.442841287458386,0.0261602221031095,0.7702312674265146,0.9922202274108138,2.0700608857575897,0.0,0.0,0.0,0.0,0.0,,,,51.359020912,3.73350447337043,21.9810075869684,25.64450885166117,25.71451206033883,18.4017758047,2.719200887902331,8.88948529548464,4.597928333433174,46.659267480577135,18.546059933407328,1,1,1,1,1,100.0,1,CORRECTED,FIELD_REPAIRED,2,STRUCTURED_FROM_REPORTED_TREATMENT,0,MASS_BALANCE_NI_MINUS_FN_MINUS_UN,REPORTED_MEAN_BW_USED,1,INCLUDED_IN_906_MAIN,,,AIA_906_V1_20260806
V44_06d4d6d76f5a,854,vdPeet2021_JAS,EBVxDiet,LBV_R,growing,66.68,1.6912487771070075,37.661726375,3.94351409999752,12.6939152094595,21.02429706554298,13.9178690344,2.752497225305216,9.362802992628666,4.841692482153238,48.62375138734739,18.34628190899001,,,,,development,Historical Study_ID,1,16.63742930945702,22.268590455049942,0.0253636589248201,0.5648129330383923,0.7586206896548336,1.4865066631603312,0.0,0.0,0.0,0.0,0.0,,,,37.661726375,3.94351409999752,12.6939152094595,21.02429706554298,16.63742930945702,13.9178690344,2.752497225305216,9.362802992628666,4.841692482153238,48.62375138734739,18.34628190899001,1,1,1,1,1,100.0,1,CORRECTED,FIELD_REPAIRED,2,STRUCTURED_FROM_REPORTED_TREATMENT,0,MASS_BALANCE_NI_MINUS_FN_MINUS_UN,REPORTED_MEAN_BW_USED,1,INCLUDED_IN_906_MAIN,,,AIA_906_V1_20260806
V44_c65357cfb151,884,Wellington2021_DON,Finisher,Finisher_CONT,finisher,85.2,3.043,77.9,6.9,35.7,35.3,16.0,5.670361988009895,13.44154499521304,4.693881972423272,48.47975232907948,18.99370533438651,,,,,confirmation,Historical Study_ID,1,42.6,25.59973710154453,0.0357159624413145,0.9143192488262912,0.8423843435663573,1.1903393550144798,0.7844449347971044,0.2730912667253238,0.5198618153373845,0.1536441364491622,0.3064238026551189,0.3481331252345436,0.6627129480692562,0.1958635076009535,77.9,6.9,35.7,35.3,42.6,16.0,5.670361988009895,13.44154499521304,4.693881972423272,48.47975232907948,18.99370533438651,1,1,1,1,1,98.0,1,INCLUDED,,0,EXISTING_REVIEWER_FORMULA,1,MASS_BALANCE_NI_MINUS_FN_MINUS_UN,DIRECT_INITIAL_BW_EXISTING,1,INCLUDED_IN_906_MAIN,,,AIA_906_V1_20260806
V44_f3d9be2fb4ca,885,Wellington2021_DON,Finisher,Finisher_DON1,finisher,83.7,3.332,83.7,9.9,32.5,41.3,15.7,5.670361988009895,13.44154499521304,4.693881972423272,48.47975232907948,18.99370533438651,,,,,confirmation,Historical Study_ID,1,42.4,25.120048019207687,0.0398088410991636,1.0,0.8265896371244881,1.1680204921079584,0.7844449347971044,0.2730912667253238,0.5198618153373845,0.1536441364491622,0.3122790345529874,0.3481331252345436,0.6627129480692562,0.1958635076009535,83.7,9.9,32.5,41.3,42.4,15.7,5.670361988009895,13.44154499521304,4.693881972423272,48.47975232907948,18.99370533438651,1,1,1,1,1,98.0,1,INCLUDED,,0,EXISTING_REVIEWER_FORMULA,1,MASS_BALANCE_NI_MINUS_FN_MINUS_UN,DIRECT_INITIAL_BW_EXISTING,1,INCLUDED_IN_906_MAIN,,,AIA_906_V1_20260806
V44_daa620d896f3,886,Wellington2021_DON,Finisher,Finisher_DON3,finisher,81.9,2.848,75.2,9.4,31.5,34.3,16.5,5.670361988009895,13.44154499521304,4.693881972423272,48.47975232907948,18.99370533438651,,,,,confirmation,Historical Study_ID,1,40.9,26.404494382022477,0.0347741147741147,0.9181929181929182,0.868708854302806,1.2275374598586823,0.7844449347971044,0.2730912667253238,0.5198618153373845,0.1536441364491622,0.297138232877691,0.3481331252345436,0.6627129480692562,0.1958635076009535,75.2,9.4,31.5,34.3,40.9,16.5,5.670361988009895,13.44154499521304,4.693881972423272,48.47975232907948,18.99370533438651,1,1,1,1,1,98.0,1,INCLUDED,,0,EXISTING_REVIEWER_FORMULA,1,MASS_BALANCE_NI_MINUS_FN_MINUS_UN,DIRECT_INITIAL_BW_EXISTING,1,INCLUDED_IN_906_MAIN,,,AIA_906_V1_20260806
V44_8ca2fc550e18,887,Wellington2021_DON,Finisher,Finisher_DON5,finisher,81.6,3.045,80.4,9.8,34.5,36.10000000000001,16.5,5.670361988009896,13.44154499521304,4.693881972423272,48.47975232907948,18.99370533438651,,,,,confirmation,Historical Study_ID,1,44.3,26.40394088669951,0.0373161764705882,0.985294117647059,0.868708854302806,1.2275374598586823,0.7844449347971046,0.2730912667253239,0.5198618153373846,0.1536441364491622,0.2971382328776911,0.3481331252345437,0.6627129480692562,0.1958635076009535,80.4,9.8,34.5,36.10000000000001,44.3,16.5,5.670361988009896,13.44154499521304,4.693881972423272,48.47975232907948,18.99370533438651,1,1,1,1,1,98.0,1,INCLUDED,,0,EXISTING_REVIEWER_FORMULA,1,MASS_BALANCE_NI_MINUS_FN_MINUS_UN,DIRECT_INITIAL_BW_EXISTING,1,INCLUDED_IN_906_MAIN,,,AIA_906_V1_20260806
V44_013d05888b01,888,Wellington2021_DON,Grower,Grower_CONT,grower,36.0,2.267,68.2,10.3,21.6,36.3,18.8,5.843782936625415,12.87219668344577,4.607915220632392,45.89615894533557,18.96044728786183,,,,,confirmation,Historical Study_ID,1,31.9,30.083811204234674,0.0629722222222222,1.8944444444444448,0.9915377899357604,1.4605121769291838,1.010831091508614,0.3002722502120505,0.6124065413197773,0.1712557251417109,0.3360475703153637,0.2970548222491944,0.6058445831991492,0.1694207138861552,68.2,10.3,21.6,36.3,31.9,18.8,5.843782936625415,12.87219668344577,4.607915220632392,45.89615894533557,18.96044728786183,1,1,1,1,1,97.5,1,INCLUDED,,0,EXISTING_REVIEWER_FORMULA,1,MASS_BALANCE_NI_MINUS_FN_MINUS_UN,DIRECT_INITIAL_BW_EXISTING,1,INCLUDED_IN_906_MAIN,,,AIA_906_V1_20260806
V44_a599b842682a,889,Wellington2021_DON,Grower,Grower_DON1,grower,35.6,2.297,66.9,13.4,21.6,31.90000000000001,18.2,5.843782936625415,12.87219668344577,4.607915220632392,45.89615894533557,18.96044728786183,,,,,confirmation,Historical Study_ID,1,35.0,29.12494558119286,0.0645224719101123,1.8792134831460676,0.9598929668527042,1.4139000861761246,1.010831091508614,0.3002722502120505,0.6124065413197773,0.1712557251417109,0.3471260616444416,0.2970548222491944,0.6058445831991492,0.1694207138861552,66.9,13.4,21.6,31.90000000000001,35.0,18.2,5.843782936625415,12.87219668344577,4.607915220632392,45.89615894533557,18.96044728786183,1,1,1,1,1,97.5,1,INCLUDED,,0,EXISTING_REVIEWER_FORMULA,1,MASS_BALANCE_NI_MINUS_FN_MINUS_UN,DIRECT_INITIAL_BW_EXISTING,1,INCLUDED_IN_906_MAIN,,,AIA_906_V1_20260806
V44_f6fc56afd446,890,Wellington2021_DON,Grower,Grower_DON3,grower,35.7,2.262,62.6,10.2,21.5,30.90000000000001,17.3,5.843782936625415,12.87219668344577,4.607915220632392,45.89615894533557,18.96044728786183,,,,,confirmation,Historical Study_ID,1,31.7,27.674624226348364,0.0633613445378151,1.753501400560224,0.91242573222812,1.3439819500465362,1.010831091508614,0.3002722502120504,0.6124065413197773,0.1712557251417109,0.3651846428860599,0.2970548222491943,0.6058445831991492,0.1694207138861552,62.6,10.2,21.5,30.90000000000001,31.7,17.3,5.843782936625415,12.87219668344577,4.607915220632392,45.89615894533557,18.96044728786183,1,1,1,1,1,97.5,1,INCLUDED,,0,EXISTING_REVIEWER_FORMULA,1,MASS_BALANCE_NI_MINUS_FN_MINUS_UN,DIRECT_INITIAL_BW_EXISTING,1,INCLUDED_IN_906_MAIN,,,AIA_906_V1_20260806
V44_0c62434e68fa,891,Wellington2021_DON,Grower,Grower_DON5,grower,36.4,2.289,58.6,10.1,20.6,27.9,16.0,5.843782936625417,12.87219668344577,4.607915220632393,45.89615894533557,18.96044728786184,,,,,confirmation,Historical Study_ID,1,30.700000000000003,25.600698995194406,0.0628846153846153,1.60989010989011,0.8438619488814977,1.2429890867482414,1.010831091508614,0.3002722502120505,0.6124065413197775,0.171255725141711,0.3948558951205523,0.2970548222491944,0.6058445831991494,0.1694207138861553,58.6,10.1,20.6,27.9,30.700000000000003,16.0,5.843782936625417,12.87219668344577,4.607915220632393,45.89615894533557,18.96044728786184,1,1,1,1,1,97.5,1,INCLUDED,,0,EXISTING_REVIEWER_FORMULA,1,MASS_BALANCE_NI_MINUS_FN_MINUS_UN,DIRECT_INITIAL_BW_EXISTING,1,INCLUDED_IN_906_MAIN,,,AIA_906_V1_20260806
V44_78ad11647d3b,907,Goh2022_MCT_OA,Phase2_NRetention,CON,weaned,12.48,0.21704419328641,7.05,2.14,3.03,1.8800000000000003,20.3011650912,4.36579468014948,7.850889963016459,3.289108923543566,41.31516107431624,18.52666826533831,,,,,development,Historical Study_ID,1,5.17,32.481864145966206,0.0173913616415392,0.5649038461538461,1.095780676830146,2.5858425206357003,1.069015217901981,0.2977645281136927,0.6751336761365367,0.2198546849709384,0.3291114121712926,0.278540962866812,0.6315473015075829,0.2056609497125953,7.05,2.14,3.03,1.8800000000000003,5.17,20.3011650912,4.36579468014948,7.850889963016459,3.289108923543566,41.31516107431624,18.52666826533831,1,1,1,1,1,100.0,1,INCLUDED,,0,EXISTING_REVIEWER_FORMULA,1,MASS_BALANCE_NI_MINUS_FN_MINUS_UN,DIRECT_INITIAL_BW_EXISTING,1,INCLUDED_IN_906_MAIN,,,AIA_906_V1_20260806
V44_0772ca6aae0a,908,Goh2022_MCT_OA,Phase2_NRetention,HM,weaned,12.48,0.207987334217507,6.91,1.96,2.83,2.12,20.7644855695,3.62414628772858,7.835115805631054,3.285331105270736,41.18063260920188,18.47339981228636,,,,,development,Historical Study_ID,1,4.79,33.22317691121386,0.0166656517802489,0.5536858974358975,1.1240207964150637,2.6501823437729763,1.069254137121617,0.297602233721263,0.6750603670015058,0.2198962631030701,0.3218398228380009,0.2783269415467444,0.6313376245788838,0.2056538810268443,6.91,1.96,2.83,2.12,4.79,20.7644855695,3.62414628772858,7.835115805631054,3.285331105270736,41.18063260920188,18.47339981228636,1,1,1,1,1,100.0,1,INCLUDED,,0,EXISTING_REVIEWER_FORMULA,1,MASS_BALANCE_NI_MINUS_FN_MINUS_UN,DIRECT_INITIAL_BW_EXISTING,1,INCLUDED_IN_906_MAIN,,,AIA_906_V1_20260806
V44_ec0444d03ba3,909,Goh2022_MCT_OA,Phase2_NRetention,HMO,weaned,12.48,0.218949986609534,7.17,2.54,3.54,1.09,20.4670028503,3.95878184608507,7.817300863802493,3.280939886153302,41.03096795462482,18.46890199960369,,,,,development,Historical Study_ID,1,6.08,32.747204560403425,0.0175440694398665,0.5745192307692307,1.1081873113376843,2.618167473260641,1.069427893018581,0.2974008884165518,0.6749224657069258,0.2199223002062428,0.326570743173965,0.2780934463726247,0.6311060989833367,0.2056448140561279,7.17,2.54,3.54,1.09,6.08,20.4670028503,3.95878184608507,7.817300863802493,3.280939886153302,41.03096795462482,18.46890199960369,1,1,1,1,1,100.0,1,INCLUDED,,0,EXISTING_REVIEWER_FORMULA,1,MASS_BALANCE_NI_MINUS_FN_MINUS_UN,DIRECT_INITIAL_BW_EXISTING,1,INCLUDED_IN_906_MAIN,,,AIA_906_V1_20260806
V44_38e761e34131,910,Goh2022_MCT_OA,Phase2_NRetention,LM,weaned,12.48,0.215536472509526,6.98,1.76,2.52,2.7000000000000006,20.240193918,4.16629942744491,7.843445665667891,3.287513087513089,41.24826924826927,18.49887858776748,,,,,development,Historical Study_ID,1,4.28,32.38431026884096,0.017270550681853,0.5592948717948718,1.0941308589042786,2.5805232522480277,1.06927212927213,0.2977150266039156,0.6751817685151021,0.2199056976834755,0.3301821531466422,0.2784277439332256,0.6314405379430481,0.2056592439505261,6.98,1.76,2.52,2.7000000000000006,4.28,20.240193918,4.16629942744491,7.843445665667891,3.287513087513089,41.24826924826927,18.49887858776748,1,1,1,1,1,100.0,1,INCLUDED,,0,EXISTING_REVIEWER_FORMULA,1,MASS_BALANCE_NI_MINUS_FN_MINUS_UN,DIRECT_INITIAL_BW_EXISTING,1,INCLUDED_IN_906_MAIN,,,AIA_906_V1_20260806
V44_07cd6ecfed78,911,Goh2022_MCT_OA,Phase2_NRetention,LMO,weaned,12.48,0.197468091572123,6.45,2.63,3.78,0.0400000000000004,20.4146906364,3.89157663046554,7.824740208735023,3.282534568759331,41.09781695023102,18.49667959730869,,,,,development,Historical Study_ID,1,6.41,32.66350501819789,0.0158227637477662,0.5168269230769231,1.1036948836682223,2.6089927705983627,1.069171081824959,0.2974503437019524,0.6748743647476362,0.2198713060274285,0.3273289505299296,0.2782064991827472,0.6312126994640549,0.2056465141688382,6.45,2.63,3.78,0.0400000000000004,6.41,20.4146906364,3.89157663046554,7.824740208735023,3.282534568759331,41.09781695023102,18.49667959730869,1,1,1,1,1,100.0,1,INCLUDED,,0,EXISTING_REVIEWER_FORMULA,1,MASS_BALANCE_NI_MINUS_FN_MINUS_UN,DIRECT_INITIAL_BW_EXISTING,1,INCLUDED_IN_906_MAIN,,,AIA_906_V1_20260806
V44_6a9bcdd7f977,917,Berghaus2023_JAS,NMetabolism_Period,P1,growing,40.0,1.69,59.0,10.1,21.0,27.9,21.5,2.092171528575092,12.43941099753653,4.718725685813335,43.31600361159725,14.9,,,,,confirmation,Historical Study_ID,1,31.1,34.9112426035503,0.0422499999999999,1.475,1.4429530201342282,1.728377654236025,0.8612334050450895,0.2660864331018493,0.6077883425666865,0.2237364425767186,0.2503585479782237,0.3089597216539905,0.7057184951329959,0.2597860710767541,59.0,10.1,21.0,27.9,31.1,21.5,2.092171528575092,12.43941099753653,4.718725685813335,43.31600361159725,14.9,1,1,1,1,1,97.3,1,INCLUDED,,0,EXISTING_REVIEWER_FORMULA,1,MASS_BALANCE_NI_MINUS_FN_MINUS_UN,REPORTED_MEAN_BW_USED,1,INCLUDED_IN_906_MAIN,,,AIA_906_V1_20260806
V44_7837983b0c3d,918,Berghaus2023_JAS,NMetabolism_Period,P2,growing,59.4,2.21,62.0,11.6,23.7,26.7,17.7,2.380078902061534,13.48124013166698,4.802302834051436,48.55098527220989,14.8,,,,,confirmation,Historical Study_ID,1,35.3,28.054298642533936,0.0372053872053872,1.043771043771044,1.1959459459459458,1.3129355925070494,0.6303071114441443,0.2212998768967271,0.4760912034683009,0.1768527711617203,0.2225660704251922,0.3510984929071959,0.7553321148122418,0.2805819067414923,62.0,11.6,23.7,26.7,35.3,17.7,2.380078902061534,13.48124013166698,4.802302834051436,48.55098527220989,14.8,1,1,1,1,1,97.7,1,INCLUDED,,0,EXISTING_REVIEWER_FORMULA,1,MASS_BALANCE_NI_MINUS_FN_MINUS_UN,REPORTED_MEAN_BW_USED,1,INCLUDED_IN_906_MAIN,,,AIA_906_V1_20260806
V44_650b45ee0b50,919,Camire2023_JAS,N_balance,HR_0.82,growing,19.3,0.8027,24.4,4.2,4.9,15.3,17.74,5.701089065466438,7.965294127192156,2.484291671947767,56.88523607477849,18.58859129663234,,,,,confirmation,Historical Study_ID,1,9.1,30.39740874548399,0.0415906735751295,1.2642487046632125,0.9543488108867034,2.227161949919547,0.9324835730148732,0.2306424380497026,0.4756074305617398,0.1330249970320824,0.3285243704251949,0.2473420923695176,0.5100437630488466,0.1426566653630054,24.4,4.2,4.9,15.3,9.1,17.74,5.701089065466438,7.965294127192156,2.484291671947767,56.88523607477849,18.58859129663234,1,1,1,1,1,98.797,1,INCLUDED,,0,EXISTING_REVIEWER_FORMULA,1,MASS_BALANCE_NI_MINUS_FN_MINUS_UN,DIRECT_INITIAL_BW_EXISTING,1,INCLUDED_IN_906_MAIN,,,AIA_906_V1_20260806
V44_e97a9fdda11c,920,Camire2023_JAS,N_balance,HR_0.92,growing,19.3,0.7928,24.3,3.8,4.1,16.4,17.43,5.695973709842614,7.952596483383413,2.480616654001257,56.78856199183877,18.58812543940981,,,,,confirmation,Historical Study_ID,1,7.899999999999999,30.65085771947528,0.0410777202072538,1.2590673575129534,0.9376954151087016,2.1917370051931075,1.069894683817286,0.2304128403283008,0.4752446672862776,0.1329446130378084,0.383639803434196,0.2153603002364765,0.4441976154051427,0.1242595323153436,24.3,3.8,4.1,16.4,7.899999999999999,17.43,5.695973709842614,7.952596483383413,2.480616654001257,56.78856199183877,18.58812543940981,1,1,1,1,1,98.8,1,INCLUDED,,0,EXISTING_REVIEWER_FORMULA,1,MASS_BALANCE_NI_MINUS_FN_MINUS_UN,DIRECT_INITIAL_BW_EXISTING,1,INCLUDED_IN_906_MAIN,,,AIA_906_V1_20260806
V44_e91fea8c6664,921,Camire2023_JAS,N_balance,HR_1.02,growing,19.3,0.8081,24.7,4.3,3.6,16.799999999999997,18.1,5.690858851676509,7.939901108975798,2.476942262951923,56.69190581571495,18.58745893059043,,,,,confirmation,Historical Study_ID,1,7.9,30.565524068803363,0.0418704663212435,1.2797927461139895,0.9737748482775024,2.2796253695828206,1.20619043339885,0.2301832691567773,0.4748819273637412,0.1328642295964654,0.4165022214775034,0.1908349318508173,0.3937039411145059,0.110151951066363,24.7,4.3,3.6,16.799999999999997,7.9,18.1,5.690858851676509,7.939901108975798,2.476942262951923,56.69190581571495,18.58745893059043,1,1,1,1,1,98.802,1,INCLUDED,,0,EXISTING_REVIEWER_FORMULA,1,MASS_BALANCE_NI_MINUS_FN_MINUS_UN,DIRECT_INITIAL_BW_EXISTING,1,INCLUDED_IN_906_MAIN,,,AIA_906_V1_20260806
V44_d1ed6b7e1763,922,Camire2023_JAS,N_balance,HR_1.12,growing,19.3,0.8061,25.3,4.3,3.0,18.0,18.12,5.685746394795185,7.927210660453738,2.473269327506853,56.59528651432539,18.58699336578216,,,,,confirmation,Historical Study_ID,1,7.3,31.385684158293014,0.0417668393782383,1.310880829015544,0.9748752605334292,2.2857977132353446,1.343523832880694,0.2299538015419924,0.4745193696587302,0.1327838911547943,0.4634119180741908,0.171157217992137,0.3531901392782125,0.0988325535469571,25.3,4.3,3.0,18.0,7.3,18.12,5.685746394795185,7.927210660453738,2.473269327506853,56.59528651432539,18.58699336578216,1,1,1,1,1,98.805,1,INCLUDED,,0,EXISTING_REVIEWER_FORMULA,1,MASS_BALANCE_NI_MINUS_FN_MINUS_UN,DIRECT_INITIAL_BW_EXISTING,1,INCLUDED_IN_906_MAIN,,,AIA_906_V1_20260806
V44_02334aa866f1,923,Camire2023_JAS,N_balance,HR_1.22,growing,19.3,0.8024,25.0,4.5,2.5,18.0,18.38,5.680634436119048,7.914522482894898,2.46959701941955,56.49868513146652,18.58632720634562,,,,,confirmation,Historical Study_ID,1,7.0,31.15653040877368,0.0415751295336787,1.2953367875647668,0.988898979122934,2.322313195739023,1.479742163495558,0.229724360509438,0.4741568353630336,0.1327035532798596,0.5031767422114929,0.1552462085467416,0.3204320638150532,0.0896801865578914,25.0,4.5,2.5,18.0,7.0,18.38,5.680634436119048,7.914522482894898,2.46959701941955,56.49868513146652,18.58632720634562,1,1,1,1,1,98.807,1,INCLUDED,,0,EXISTING_REVIEWER_FORMULA,1,MASS_BALANCE_NI_MINUS_FN_MINUS_UN,DIRECT_INITIAL_BW_EXISTING,1,INCLUDED_IN_906_MAIN,,,AIA_906_V1_20260806
V44_ba538335b111,924,Camire2023_JAS,N_balance,LR_0.82,growing,19.3,0.8045,26.1,4.7,6.1,15.300000000000002,18.94,5.63199638193051,7.978547435439515,2.648823583701177,54.06162261605721,18.73381319597161,,,,,confirmation,Historical Study_ID,1,10.8,32.442510876320696,0.0416839378238341,1.3523316062176165,1.011006131099499,2.3738656883672022,0.8822751567500167,0.2541537227832703,0.5470193615233813,0.1600756515578249,0.291141485199979,0.2880662805008371,0.6200099337925407,0.1814350662977815,26.1,4.7,6.1,15.300000000000002,10.8,18.94,5.63199638193051,7.978547435439515,2.648823583701177,54.06162261605721,18.73381319597161,1,1,1,1,1,99.375,1,INCLUDED,,0,EXISTING_REVIEWER_FORMULA,1,MASS_BALANCE_NI_MINUS_FN_MINUS_UN,DIRECT_INITIAL_BW_EXISTING,1,INCLUDED_IN_906_MAIN,,,AIA_906_V1_20260806
V44_58e979d592c6,925,Camire2023_JAS,N_balance,LR_0.92,growing,19.3,0.8055,25.8,4.9,5.1,15.8,19.2,5.626890463410822,7.965847040238519,2.645125001979397,53.96534193161035,18.73332673162657,,,,,confirmation,Historical Study_ID,1,10.0,32.02979515828678,0.0417357512953367,1.3367875647668397,1.024911393211627,2.4102898163890805,1.019702835656086,0.2539207781806455,0.5466464556306202,0.1599914294903148,0.3319345168151321,0.2490144866737284,0.5360840791218384,0.1569000535213525,25.8,4.9,5.1,15.8,10.0,19.2,5.626890463410822,7.965847040238519,2.645125001979397,53.96534193161035,18.73332673162657,1,1,1,1,1,99.378,1,INCLUDED,,0,EXISTING_REVIEWER_FORMULA,1,MASS_BALANCE_NI_MINUS_FN_MINUS_UN,DIRECT_INITIAL_BW_EXISTING,1,INCLUDED_IN_906_MAIN,,,AIA_906_V1_20260806
V44_dd9c084d65de,926,Camire2023_JAS,N_balance,LR_1.02,growing,19.3,0.8069,26.4,4.8,4.2,17.4,19.01,5.621785051261897,7.953148913158616,2.641427026364058,53.86907951586918,18.73263958343787,,,,,confirmation,Historical Study_ID,1,9.0,32.71780889825257,0.0418082901554404,1.3678756476683938,1.0148062645056897,2.3902482158416074,1.156015080307516,0.2536878571468393,0.5462735640258011,0.1599072045402597,0.3800680826892148,0.219450300838078,0.4725488216645796,0.1383262271091845,26.4,4.8,4.2,17.4,9.0,19.01,5.621785051261897,7.953148913158616,2.641427026364058,53.86907951586918,18.73263958343787,1,1,1,1,1,99.38,1,INCLUDED,,0,EXISTING_REVIEWER_FORMULA,1,MASS_BALANCE_NI_MINUS_FN_MINUS_UN,DIRECT_INITIAL_BW_EXISTING,1,INCLUDED_IN_906_MAIN,,,AIA_906_V1_20260806
V44_2641a2e67a47,927,Camire2023_JAS,N_balance,LR_1.12,growing,19.3,0.8071,26.1,4.8,3.5,17.8,18.87,5.616682026334571,7.940455715298706,2.637730540644146,53.77285339373969,18.73215342321039,,,,,confirmation,Historical Study_ID,1,8.3,32.33800024780077,0.0418186528497409,1.3523316062176165,1.0073588216835128,2.376437911950517,1.293365033168354,0.2534550445569724,0.545900869467015,0.1598230302041139,0.4283800454320197,0.1959655921237363,0.4220779559268914,0.1235714791303702,26.1,4.8,3.5,17.8,8.3,18.87,5.616682026334571,7.940455715298706,2.637730540644146,53.77285339373969,18.73215342321039,1,1,1,1,1,99.383,1,INCLUDED,,0,EXISTING_REVIEWER_FORMULA,1,MASS_BALANCE_NI_MINUS_FN_MINUS_UN,DIRECT_INITIAL_BW_EXISTING,1,INCLUDED_IN_906_MAIN,,,AIA_906_V1_20260806
V44_0ed2b4914574,928,Camire2023_JAS,N_balance,LR_1.22,growing,19.3,0.8027,26.9,5.0,3.2,18.7,19.05,5.611579508521306,7.927764787122785,2.634034661501245,53.67664555185949,18.73146663612447,,,,,confirmation,Historical Study_ID,1,8.2,33.51189734645571,0.0415906735751295,1.393782383419689,1.017005254850745,2.402947175090672,1.429599844167875,0.2532222555697028,0.5455281892568911,0.1597388530008692,0.4690288202650508,0.1771280660128327,0.381595025686664,0.1117367588227796,26.9,5.0,3.2,18.7,8.2,19.05,5.611579508521306,7.927764787122785,2.634034661501245,53.67664555185949,18.73146663612447,1,1,1,1,1,99.385,1,INCLUDED,,0,EXISTING_REVIEWER_FORMULA,1,MASS_BALANCE_NI_MINUS_FN_MINUS_UN,DIRECT_INITIAL_BW_EXISTING,1,INCLUDED_IN_906_MAIN,,,AIA_906_V1_20260806
V44_e72b635b0e04,929,CastroDereck2023_TAHP,Exp2,Enz0,growing,29.69,1.5341,35.1,9.02,5.7,20.380000000000003,14.3,4.07,23.55,5.44,46.81851304963736,18.48394321743563,,,,,development,Historical Study_ID,1,14.72,22.87986441561828,0.0516705961603233,1.1822162344223643,0.7736444454401387,0.6072186836518046,1.083911610501174,0.5862498394697484,0.4450617754057,0.2266102796563167,0.4737375920022613,0.5408649873200279,0.4106070745011343,0.2090671208434954,35.1,9.02,5.7,20.380000000000003,14.72,14.3,4.07,23.55,5.44,46.81851304963736,18.48394321743563,1,1,1,1,1,96.84,1,INCLUDED,,0,EXISTING_REVIEWER_FORMULA,1,MASS_BALANCE_NI_MINUS_FN_MINUS_UN,DIRECT_INITIAL_BW_EXISTING,1,INCLUDED_IN_906_MAIN,,,AIA_906_V1_20260806
V44_a9b9bc686f90,930,CastroDereck2023_TAHP,Exp2,Enz100,growing,29.69,1.5297,35.0,8.7,7.6,18.700000000000003,14.3,4.07,23.55,5.44,46.81851304963736,18.48394321743563,,,,,development,Historical Study_ID,1,16.299999999999997,22.880303327449827,0.051522398113843,1.1788480970023576,0.7736444454401387,0.6072186836518046,1.083911610501174,0.5862498394697484,0.4450617754057,0.2266102796563167,0.4737375920022613,0.5408649873200279,0.4106070745011343,0.2090671208434954,35.0,8.7,7.6,18.700000000000003,16.299999999999997,14.3,4.07,23.55,5.44,46.81851304963736,18.48394321743563,1,1,1,1,1,96.84,1,INCLUDED,,0,EXISTING_REVIEWER_FORMULA,1,MASS_BALANCE_NI_MINUS_FN_MINUS_UN,DIRECT_INITIAL_BW_EXISTING,1,INCLUDED_IN_906_MAIN,,,AIA_906_V1_20260806
V44_40b06e683a2c,931,CastroDereck2023_TAHP,Exp2,Enz200,growing,29.69,1.6346,37.4,8.84,6.8,21.76,14.3,4.07,23.55,5.44,46.81851304963736,18.48394321743563,,,,,development,Historical Study_ID,1,15.64,22.88021534320323,0.0550555742674301,1.2596833950825193,0.7736444454401387,0.6072186836518046,1.083911610501174,0.5862498394697484,0.4450617754057,0.2266102796563167,0.4737375920022613,0.5408649873200279,0.4106070745011343,0.2090671208434954,37.4,8.84,6.8,21.76,15.64,14.3,4.07,23.55,5.44,46.81851304963736,18.48394321743563,1,1,1,1,1,96.84,1,INCLUDED,,0,EXISTING_REVIEWER_FORMULA,1,MASS_BALANCE_NI_MINUS_FN_MINUS_UN,DIRECT_INITIAL_BW_EXISTING,1,INCLUDED_IN_906_MAIN,,,AIA_906_V1_20260806
V44_d219e8c7e46b,932,CastroDereck2023_TAHP,Exp2,Enz400,growing,29.69,1.5822,36.2,8.7,7.57,19.930000000000003,14.3,4.07,23.55,5.44,46.81851304963736,18.48394321743563,,,,,development,Historical Study_ID,1,16.27,22.87953482492732,0.0532906702593465,1.2192657460424383,0.7736444454401387,0.6072186836518046,1.083911610501174,0.5862498394697484,0.4450617754057,0.2266102796563167,0.4737375920022613,0.5408649873200279,0.4106070745011343,0.2090671208434954,36.2,8.7,7.57,19.930000000000003,16.27,14.3,4.07,23.55,5.44,46.81851304963736,18.48394321743563,1,1,1,1,1,96.84,1,INCLUDED,,0,EXISTING_REVIEWER_FORMULA,1,MASS_BALANCE_NI_MINUS_FN_MINUS_UN,DIRECT_INITIAL_BW_EXISTING,1,INCLUDED_IN_906_MAIN,,,AIA_906_V1_20260806
V44_8eb21703eb26,933,CastroDereck2023_TAHP,Exp2,Enz50,growing,29.69,1.5385,35.2,8.53,7.24,19.43,14.3,4.07,23.55,5.44,46.81851304963736,18.48394321743563,,,,,development,Historical Study_ID,1,15.77,22.879428014299645,0.0518187942068036,1.1855843718423713,0.7736444454401387,0.6072186836518046,1.083911610501174,0.5862498394697484,0.4450617754057,0.2266102796563167,0.4737375920022613,0.5408649873200279,0.4106070745011343,0.2090671208434954,35.2,8.53,7.24,19.43,15.77,14.3,4.07,23.55,5.44,46.81851304963736,18.48394321743563,1,1,1,1,1,96.84,1,INCLUDED,,0,EXISTING_REVIEWER_FORMULA,1,MASS_BALANCE_NI_MINUS_FN_MINUS_UN,DIRECT_INITIAL_BW_EXISTING,1,INCLUDED_IN_906_MAIN,,,AIA_906_V1_20260806
V44_60989981240b,934,Dublecz2023_Atmosphere,FatteningBalance_55to60kg,C,fattening,58.65,1.6777,50.64,6.79,19.22,24.630000000000003,18.6862967157,2.9445073612684,10.49654148195981,3.999479705841865,49.37563134209928,18.23829942486735,,,,,confirmation,Historical Study_ID,1,26.01,30.184180723609703,0.0286052855924978,0.8634271099744246,1.0245635451198822,1.7802336843822086,1.018573315143369,0.3694767624698807,0.5795505258339648,0.1891632989492273,0.3406819080581841,0.3627394876507983,0.5689826320969251,0.1857139747693092,50.64,6.79,19.22,24.630000000000003,26.01,18.6862967157,2.9445073612684,10.49654148195981,3.999479705841865,49.37563134209928,18.23829942486735,1,1,1,1,1,97.5,1,INCLUDED,,0,EXISTING_REVIEWER_FORMULA,1,MASS_BALANCE_NI_MINUS_FN_MINUS_UN,DIRECT_INITIAL_BW_EXISTING,1,INCLUDED_IN_906_MAIN,,,AIA_906_V1_20260806
V44_415cbf5b5a04,935,Dublecz2023_Atmosphere,FatteningBalance_55to60kg,C+B,fattening,55.97,1.6796,50.92,7.1,18.96,24.86,19.2307692308,3.61990950226244,10.40846615383067,3.979557474933007,48.61738417870035,18.07117293066652,,,,,confirmation,Historical Study_ID,1,26.06,30.316742081447966,0.0300089333571556,0.9097730927282474,1.064168291930053,1.84760837443108,1.020885530847856,0.3687040512999956,0.5798128346131873,0.1896317284570314,0.3317877975250223,0.3611610118460422,0.5679508790095661,0.1857521952530175,50.92,7.1,18.96,24.86,26.06,19.2307692308,3.61990950226244,10.40846615383067,3.979557474933007,48.61738417870035,18.07117293066652,1,1,1,1,1,97.2,1,INCLUDED,,0,EXISTING_REVIEWER_FORMULA,1,MASS_BALANCE_NI_MINUS_FN_MINUS_UN,DIRECT_INITIAL_BW_EXISTING,1,INCLUDED_IN_906_MAIN,,,AIA_906_V1_20260806
V44_35cafd8ffd16,936,Dublecz2023_Atmosphere,FatteningBalance_55to60kg,C+S,fattening,54.9,1.6777,50.59,10.22,15.77,24.600000000000005,19.0260475651,3.39750849377123,13.96594818819606,6.101201201536786,41.63578416143861,18.35827319316894,,,,,confirmation,Historical Study_ID,1,25.99,30.154378017523992,0.0305591985428051,0.9214936247723132,1.036374574280741,1.3623169231846863,1.02794166422679,0.3550740567735071,0.6777146439530917,0.1886960889709382,0.337675777348645,0.3454223805984079,0.6592929030295348,0.1835669236277858,50.59,10.22,15.77,24.600000000000005,25.99,19.0260475651,3.39750849377123,13.96594818819606,6.101201201536786,41.63578416143861,18.35827319316894,1,1,1,1,1,97.8,1,INCLUDED,,0,EXISTING_REVIEWER_FORMULA,1,MASS_BALANCE_NI_MINUS_FN_MINUS_UN,DIRECT_INITIAL_BW_EXISTING,1,INCLUDED_IN_906_MAIN,,,AIA_906_V1_20260806
V44_1d55a30fbf02,937,Dublecz2023_Atmosphere,FatteningBalance_55to60kg,LP,fattening,60.88,1.6701,43.56,7.23,15.34,20.99,16.268486917,3.41296928327645,13.24761755271499,4.579835052286138,50.16586035278987,18.12605942916341,,,,,confirmation,Historical Study_ID,1,22.57,26.082270522723192,0.0274326544021024,0.7155059132720105,0.8975192308387382,1.2280311423744197,1.143934359510224,0.3322811824840596,0.575483311825401,0.2587568489963775,0.4394747823454822,0.2904722458256485,0.503073718383452,0.2261990356747081,43.56,7.23,15.34,20.99,22.57,16.268486917,3.41296928327645,13.24761755271499,4.579835052286138,50.16586035278987,18.12605942916341,1,1,1,1,1,97.4,1,INCLUDED,,0,EXISTING_REVIEWER_FORMULA,1,MASS_BALANCE_NI_MINUS_FN_MINUS_UN,DIRECT_INITIAL_BW_EXISTING,1,INCLUDED_IN_906_MAIN,,,AIA_906_V1_20260806
V44_298e8e6e09f3,938,Dublecz2023_Atmosphere,FatteningBalance_55to60kg,LP+B,fattening,59.69,1.6796,44.47,7.13,17.21,20.129999999999995,16.5158371041,3.16742081447964,13.21997508156753,4.575390807070382,49.65651106091571,18.02070269083217,,,,,confirmation,Historical Study_ID,1,24.34,26.476542033817577,0.0281387167029653,0.745015915563746,0.916492402513374,1.249309246212412,1.144882668244236,0.3317434387436808,0.5754249802803771,0.2589704116023089,0.4332518316464953,0.2897619537314111,0.5026060715573892,0.2261982112101143,44.47,7.13,17.21,20.129999999999995,24.34,16.5158371041,3.16742081447964,13.21997508156753,4.575390807070382,49.65651106091571,18.02070269083217,1,1,1,1,1,97.4,1,INCLUDED,,0,EXISTING_REVIEWER_FORMULA,1,MASS_BALANCE_NI_MINUS_FN_MINUS_UN,DIRECT_INITIAL_BW_EXISTING,1,INCLUDED_IN_906_MAIN,,,AIA_906_V1_20260806
V44_f413b361a2d9,939,Dublecz2023_Atmosphere,FatteningBalance_55to60kg,LP+S,fattening,56.98,1.6758,43.68,7.28,14.3,22.1,16.3265306122,2.94784580498866,13.16218641327865,5.583848756415229,47.49859980403983,18.13130609472006,,,,,confirmation,Historical Study_ID,1,21.58,26.06516290726817,0.0294103194103194,0.7665847665847666,0.900460812194571,1.2404117446421368,1.093182895412424,0.3316399781170336,0.5936809795318031,0.2600333737660003,0.4184840771512194,0.3033709908092882,0.54307562076136,0.2378681324572845,43.68,7.28,14.3,22.1,21.58,16.3265306122,2.94784580498866,13.16218641327865,5.583848756415229,47.49859980403983,18.13130609472006,1,1,1,1,1,97.5,1,INCLUDED,,0,EXISTING_REVIEWER_FORMULA,1,MASS_BALANCE_NI_MINUS_FN_MINUS_UN,DIRECT_INITIAL_BW_EXISTING,1,INCLUDED_IN_906_MAIN,,,AIA_906_V1_20260806
V44_44dca7027ccb,944,Niyonsaba2023_AB_LowCP,Digestibility_EarlyGrowing,CP14,growing,41.35,0.793341118661,19.94,2.47,9.53,7.940000000000003,15.7088794553,4.593026357143395,9.79339758040618,3.362009264423865,54.65764169100701,18.56833969599055,,,,,confirmation,Historical Study_ID,1,12.0,25.13420712852336,0.0191860004512938,0.4822249093107618,0.8460034506311843,1.6040275426710977,1.242906030492955,0.3000815088872424,0.7043907305492935,0.222942728679488,0.5012306169872791,0.2414353953759687,0.5667288702991663,0.1793721514015549,19.94,2.47,9.53,7.940000000000003,12.0,15.7088794553,4.593026357143395,9.79339758040618,3.362009264423865,54.65764169100701,18.56833969599055,1,1,1,1,1,97.39,1,INCLUDED,,0,EXISTING_REVIEWER_FORMULA,1,MASS_BALANCE_NI_MINUS_FN_MINUS_UN,DIRECT_INITIAL_BW_EXISTING,1,INCLUDED_IN_906_MAIN,,,AIA_906_V1_20260806
V44_17f89cd36cb4,945,Niyonsaba2023_AB_LowCP,Digestibility_EarlyGrowing,CP15,growing,41.35,0.80615717,21.7,2.77,10.25,8.68,16.8236424666,4.658071972439734,9.764928470358534,3.456057352470114,52.58364131814808,18.61197470980339,,,,,confirmation,Historical Study_ID,1,13.02,26.91782794662733,0.0194959412333736,0.524788391777509,0.903914964903674,1.722863871217102,1.190277629355865,0.3033883982367028,0.6943595441196657,0.2183714904760238,0.4495425927772266,0.2548887677582293,0.5833593163432197,0.1834626519816209,21.7,2.77,10.25,8.68,13.02,16.8236424666,4.658071972439734,9.764928470358534,3.456057352470114,52.58364131814808,18.61197470980339,1,1,1,1,1,97.43,1,INCLUDED,,0,EXISTING_REVIEWER_FORMULA,1,MASS_BALANCE_NI_MINUS_FN_MINUS_UN,DIRECT_INITIAL_BW_EXISTING,1,INCLUDED_IN_906_MAIN,,,AIA_906_V1_20260806
V44_b99f5caa612e,946,Niyonsaba2023_AB_LowCP,Digestibility_EarlyGrowing,CP16,growing,41.35,0.796505711484,22.86,3.1,10.7,9.06,17.9377244808,4.712271780293369,9.737569588561293,3.550347694761366,50.51937089261143,18.65513740353008,,,,,confirmation,Historical Study_ID,1,13.8,28.700359169313007,0.0192625323212575,0.5528415961305925,0.961543412561822,1.8421151518004468,1.13773178034494,0.2957251644637086,0.6952489761763476,0.2245796882849506,0.4037960653472775,0.2599252034377118,0.6110833749985963,0.197392471727266,22.86,3.1,10.7,9.06,13.8,17.9377244808,4.712271780293369,9.737569588561293,3.550347694761366,50.51937089261143,18.65513740353008,1,1,1,1,1,97.48,1,INCLUDED,,0,EXISTING_REVIEWER_FORMULA,1,MASS_BALANCE_NI_MINUS_FN_MINUS_UN,DIRECT_INITIAL_BW_EXISTING,1,INCLUDED_IN_906_MAIN,,,AIA_906_V1_20260806
V44_12e6caabbff0,947,Niyonsaba2023_AB_LowCP,Digestibility_EarlyGrowing,CP17,growing,41.35,0.768989789118,23.44,2.68,11.7,9.060000000000002,19.0509681758,4.777611996999809,9.71096391063034,3.645419144273093,48.45053791529289,18.70093104322765,,,,,confirmation,Historical Study_ID,1,14.38,30.481549081275485,0.0185970928444498,0.5668681983071342,1.0187176313181,1.9617999151397727,1.077048518669556,0.2991583573627677,0.6855712718572037,0.2201331864391622,0.3607897967658349,0.2777575496156,0.6365277515112023,0.2043855802439483,23.44,2.68,11.7,9.060000000000002,14.38,19.0509681758,4.777611996999809,9.71096391063034,3.645419144273093,48.45053791529289,18.70093104322765,1,1,1,1,1,97.53,1,INCLUDED,,0,EXISTING_REVIEWER_FORMULA,1,MASS_BALANCE_NI_MINUS_FN_MINUS_UN,DIRECT_INITIAL_BW_EXISTING,1,INCLUDED_IN_906_MAIN,,,AIA_906_V1_20260806
V44_dff7523e017c,948,Niyonsaba2023_AB_LowCP,Digestibility_EarlyGrowing,CP18,growing,41.35,0.771527170035,24.89,3.26,12.0,9.630000000000004,20.1629321742,4.842509073039438,9.68259357588818,3.739236169880769,46.38197532437957,18.74636267984636,,,,,confirmation,Historical Study_ID,1,15.26,32.26069147878599,0.0186584563490931,0.6019347037484885,1.0755650319235823,2.0823896011095835,1.024561293241508,0.2914836008711731,0.6864308977668769,0.2263275862629047,0.324779496395068,0.2844960109209055,0.6699754346517875,0.2209019487227057,24.89,3.26,12.0,9.630000000000004,15.26,20.1629321742,4.842509073039438,9.68259357588818,3.739236169880769,46.38197532437957,18.74636267984636,1,1,1,1,1,97.58,1,INCLUDED,,0,EXISTING_REVIEWER_FORMULA,1,MASS_BALANCE_NI_MINUS_FN_MINUS_UN,DIRECT_INITIAL_BW_EXISTING,1,INCLUDED_IN_906_MAIN,,,AIA_906_V1_20260806
V44_48f744073dc1,949,Niyonsaba2023_AB_LowCP,Digestibility_EarlyGrowing,CP19,growing,41.35,0.794978560461,27.06,3.59,12.8,10.669999999999998,21.2741586266,4.896549980892446,9.655276467208742,3.833278908810335,44.32276750378988,18.78750647042338,,,,,confirmation,Historical Study_ID,1,16.39,34.038653802573215,0.0192256000111487,0.6544135429262393,1.1323566892759973,2.203371254966268,0.9721480249239084,0.2948082968770767,0.6764570553675653,0.2217704679519916,0.2926149793830757,0.3032545346169394,0.6958375041913115,0.2281241768395815,27.06,3.59,12.8,10.669999999999998,16.39,21.2741586266,4.896549980892446,9.655276467208742,3.833278908810335,44.32276750378988,18.78750647042338,1,1,1,1,1,97.62,1,INCLUDED,,0,EXISTING_REVIEWER_FORMULA,1,MASS_BALANCE_NI_MINUS_FN_MINUS_UN,DIRECT_INITIAL_BW_EXISTING,1,INCLUDED_IN_906_MAIN,,,AIA_906_V1_20260806
V44_bad83346c330,952,Shuai2023_AnimNutr,FRSM_Nbal,CSD,growing,17.53,1.48,35.55,1.3,2.23,32.02,15.0126689189,4.814470511170949,10.041987403778869,3.31654534721393,48.40063429075826,18.363171855523653,,,,,confirmation,Historical Study_ID,1,3.53,24.02027027027027,0.0844266970907016,2.027952082144894,0.8175422545198355,1.4949898177775676,0.0,0.0,0.0,0.0,0.0,,,,35.55,1.3,2.23,32.02,3.53,15.0126689189,4.814470511170949,10.041987403778869,3.31654534721393,48.40063429075826,18.363171855523653,1,1,1,1,1,100.0,1,INCLUDED,,0,DIRECT_PRIMARY_TABLE_EXACT,1,MASS_BALANCE_NI_MINUS_FN_MINUS_UN,DIRECT_INITIAL_BW_EXISTING,1,INCLUDED_IN_906_MAIN,,,AIA_906_V1_20260806
V44_69b10b3b153e,953,Shuai2023_AnimNutr,FRSM_Nbal,FRSD,growing,17.46,1.4,33.54,2.0,1.93,29.61,14.9732142857,4.687515345504754,13.399332335673996,5.957561254158115,48.94807037252954,18.321668054828866,,,,,confirmation,Historical Study_ID,1,3.93,23.95714285714286,0.0801832760595647,1.9209621993127144,0.8172407796545388,1.117459729380377,0.0,0.0,0.0,0.0,0.0,,,,33.54,2.0,1.93,29.61,3.93,14.9732142857,4.687515345504754,13.399332335673996,5.957561254158115,48.94807037252954,18.321668054828866,1,1,1,1,1,100.0,1,INCLUDED,,0,DIRECT_PRIMARY_TABLE_EXACT,1,MASS_BALANCE_NI_MINUS_FN_MINUS_UN,DIRECT_INITIAL_BW_EXISTING,1,INCLUDED_IN_906_MAIN,,,AIA_906_V1_20260806
V44_69e3c711e741,954,Shuai2023_AnimNutr,FRSM_Nbal,RSD,growing,17.39,1.28,30.71,1.99,2.08,26.64,14.9951171875,4.676789597013035,14.974003466204508,7.053050205475502,48.48192018172986,18.34035649730433,,,,,confirmation,Historical Study_ID,1,4.07,23.9921875,0.073605520414031,1.7659574468085106,0.8176022745088943,1.001410025137442,0.0,0.0,0.0,0.0,0.0,,,,30.71,1.99,2.08,26.64,4.07,14.9951171875,4.676789597013035,14.974003466204508,7.053050205475502,48.48192018172986,18.34035649730433,1,1,1,1,1,100.0,1,INCLUDED,,0,DIRECT_PRIMARY_TABLE_EXACT,1,MASS_BALANCE_NI_MINUS_FN_MINUS_UN,DIRECT_INITIAL_BW_EXISTING,1,INCLUDED_IN_906_MAIN,,,AIA_906_V1_20260806
V44_6b332a47384c,960,Wu2023_Animal,NB1,NB1_NAM210,growing,40.0,1.681,43.1,7.72,11.2,24.180000000000003,15.9,4.262014370194243,10.7,4.7,45.0,18.51216985986252,,,,,confirmation,Historical Study_ID,1,18.92,25.639500297442,0.042025,1.0775,0.8588944526958916,1.485981308411215,1.182473169833065,0.3572238733908768,0.7463477526010532,0.1863601278631319,0.4648086359406702,0.3020989249517667,0.6311752111097949,0.1576019926857547,43.1,7.72,11.2,24.180000000000003,18.92,15.9,4.262014370194243,10.7,4.7,45.0,18.51216985986252,1,1,1,1,1,97.25,1,INCLUDED,,0,EXISTING_REVIEWER_FORMULA,1,MASS_BALANCE_NI_MINUS_FN_MINUS_UN,DIRECT_INITIAL_BW_EXISTING,1,INCLUDED_IN_906_MAIN,,,AIA_906_V1_20260806
V44_419221a4f8e1,961,Wu2023_Animal,NB1,NB1_NAM30,growing,40.0,1.682,43.1,8.32,13.0,21.78,15.9,4.262014370194243,10.7,4.7,45.0,18.51216985986252,,,,,confirmation,Historical Study_ID,1,21.32,25.62425683709869,0.04205,1.0775,0.8588944526958916,1.485981308411215,1.182473169833065,0.3572238733908768,0.7463477526010532,0.1863601278631319,0.4648086359406702,0.3020989249517667,0.6311752111097949,0.1576019926857547,43.1,8.32,13.0,21.78,21.32,15.9,4.262014370194243,10.7,4.7,45.0,18.51216985986252,1,1,1,1,1,97.25,1,INCLUDED,,0,EXISTING_REVIEWER_FORMULA,1,MASS_BALANCE_NI_MINUS_FN_MINUS_UN,DIRECT_INITIAL_BW_EXISTING,1,INCLUDED_IN_906_MAIN,,,AIA_906_V1_20260806
V44_a488c05002ef,962,Wu2023_Animal,NB1,NB1_NAM360,growing,40.0,1.682,43.1,7.5,10.3,25.3,15.9,4.262014370194243,10.7,4.7,45.0,18.51216985986252,,,,,confirmation,Historical Study_ID,1,17.8,25.62425683709869,0.04205,1.0775,0.8588944526958916,1.485981308411215,1.182473169833065,0.3572238733908768,0.7463477526010532,0.1863601278631319,0.4648086359406702,0.3020989249517667,0.6311752111097949,0.1576019926857547,43.1,7.5,10.3,25.3,17.8,15.9,4.262014370194243,10.7,4.7,45.0,18.51216985986252,1,1,1,1,1,97.25,1,INCLUDED,,0,EXISTING_REVIEWER_FORMULA,1,MASS_BALANCE_NI_MINUS_FN_MINUS_UN,DIRECT_INITIAL_BW_EXISTING,1,INCLUDED_IN_906_MAIN,,,AIA_906_V1_20260806
V44_ec219a0bb2e9,963,Wu2023_Animal,NB1,NB1_NAM90,growing,40.0,1.683,43.1,8.25,12.2,22.65,15.9,4.262014370194243,10.7,4.7,45.0,18.51216985986252,,,,,confirmation,Historical Study_ID,1,20.45,25.60903149138443,0.042075,1.0775,0.8588944526958916,1.485981308411215,1.182473169833065,0.3572238733908768,0.7463477526010532,0.1863601278631319,0.4648086359406702,0.3020989249517667,0.6311752111097949,0.1576019926857547,43.1,8.25,12.2,22.65,20.45,15.9,4.262014370194243,10.7,4.7,45.0,18.51216985986252,1,1,1,1,1,97.25,1,INCLUDED,,0,EXISTING_REVIEWER_FORMULA,1,MASS_BALANCE_NI_MINUS_FN_MINUS_UN,DIRECT_INITIAL_BW_EXISTING,1,INCLUDED_IN_906_MAIN,,,AIA_906_V1_20260806
V44_146653b1128e,964,Wu2023_Animal,NB2,NB2_CON,growing,40.0,1.626,42.2,8.46,12.6,21.14,15.9,4.262014370194243,10.7,4.7,45.0,18.51216985986252,,,,,confirmation,Historical Study_ID,1,21.06,25.95325953259533,0.04065,1.0550000000000002,0.8588944526958916,1.485981308411215,1.182473169833065,0.3572238733908768,0.7463477526010532,0.1863601278631319,0.4648086359406702,0.3020989249517667,0.6311752111097949,0.1576019926857547,42.2,8.46,12.6,21.14,21.06,15.9,4.262014370194243,10.7,4.7,45.0,18.51216985986252,1,1,1,1,1,97.25,1,INCLUDED,,0,EXISTING_REVIEWER_FORMULA,1,MASS_BALANCE_NI_MINUS_FN_MINUS_UN,DIRECT_INITIAL_BW_EXISTING,1,INCLUDED_IN_906_MAIN,,,AIA_906_V1_20260806
V44_827dfe0eae31,965,Wu2023_Animal,NB2,NB2_CON_NAM,growing,40.0,1.626,42.2,7.77,11.0,23.430000000000007,15.9,4.26080711294491,10.7,4.7,45.0,18.50585757292058,,,,,confirmation,Historical Study_ID,1,18.77,25.95325953259533,0.04065,1.0550000000000002,0.8591874187590365,1.485981308411215,1.182370202770506,0.3571622937677641,0.7462470985934443,0.1863379433677731,0.4647681614663939,0.302073151819006,0.6311450481793714,0.1575969547702993,42.2,7.77,11.0,23.430000000000007,18.77,15.9,4.26080711294491,10.7,4.7,45.0,18.50585757292058,1,1,1,1,1,97.22,1,INCLUDED,,0,EXISTING_REVIEWER_FORMULA,1,MASS_BALANCE_NI_MINUS_FN_MINUS_UN,DIRECT_INITIAL_BW_EXISTING,1,INCLUDED_IN_906_MAIN,,,AIA_906_V1_20260806
V44_039e79e5989b,966,Wu2023_Animal,NB2,NB2_LP,growing,40.0,1.626,35.1,7.03,8.55,19.52,13.1,4.848146790851461,10.4,4.18,48.6,18.54711922752095,,,,,confirmation,Historical Study_ID,1,15.580000000000002,21.586715867158677,0.04065,0.8775000000000001,0.7063091491082722,1.2596153846153846,1.148985050554815,0.384347555895665,0.7689840634299517,0.195296798720417,0.5481798905318773,0.3345104931609629,0.6692724705675059,0.1699733156894541,35.1,7.03,8.55,19.52,15.580000000000002,13.1,4.848146790851461,10.4,4.18,48.6,18.54711922752095,1,1,1,1,1,97.1,1,INCLUDED,,0,EXISTING_REVIEWER_FORMULA,1,MASS_BALANCE_NI_MINUS_FN_MINUS_UN,DIRECT_INITIAL_BW_EXISTING,1,INCLUDED_IN_906_MAIN,,,AIA_906_V1_20260806
V44_0a8f2c9cc495,967,Wu2023_Animal,NB2,NB2_LP_NAM,growing,40.0,1.631,35.2,6.45,7.54,21.210000000000004,13.1,4.84691593953201,10.4,4.18,48.6,18.54080285985734,,,,,confirmation,Historical Study_ID,1,13.99,21.58185162477008,0.040775,0.8800000000000001,0.706549770202389,1.2596153846153846,1.14888335784223,0.3842848819927472,0.7688824750732745,0.1952742528712425,0.5481313730163311,0.3344855501384319,0.6692432872535882,0.1699687366331043,35.2,6.45,7.54,21.210000000000004,13.99,13.1,4.84691593953201,10.4,4.18,48.6,18.54080285985734,1,1,1,1,1,97.07,1,INCLUDED,,0,EXISTING_REVIEWER_FORMULA,1,MASS_BALANCE_NI_MINUS_FN_MINUS_UN,DIRECT_INITIAL_BW_EXISTING,1,INCLUDED_IN_906_MAIN,,,AIA_906_V1_20260806
V44_7dbcbf5a0ecf,972,Buchinski2024_CJAS,AP,AP_Lys0p8,growing,22.2,0.96185064935065,23.7,4.6,4.6,14.500000000000002,15.4,5.651596906441831,7.842928228370276,2.44886182639536,55.95389341038924,18.47086808445005,,,,,development,Historical Study_ID,1,9.2,24.639999999999983,0.0433266058266058,1.0675675675675675,0.8337453296504618,1.9635523304030087,0.857706681039943,0.3954180281977175,0.7335666095280677,0.2092501609894174,0.3480952439285483,0.4610177779171374,0.8552651223826784,0.2439647091657348,23.7,4.6,4.6,14.500000000000002,9.2,15.4,5.651596906441831,7.842928228370276,2.44886182639536,55.95389341038924,18.47086808445005,1,1,1,1,1,95.2,1,INCLUDED,,0,EXISTING_REVIEWER_FORMULA,1,MASS_BALANCE_NI_MINUS_FN_MINUS_UN,DIRECT_INITIAL_BW_EXISTING,1,INCLUDED_IN_906_MAIN,,,AIA_906_V1_20260806
V44_c9b93d4df52d,973,Buchinski2024_CJAS,AP,AP_Lys0p9,growing,22.1,0.929588607594937,23.5,4.1,4.1,15.3,15.8,5.646494958550644,7.830264830376957,2.445196692157617,55.85748064545204,18.47021904654428,,,,,development,Historical Study_ID,1,8.2,25.27999999999999,0.0420628329228478,1.0633484162895928,0.8554311110325533,2.0178117014261154,0.9671122558492052,0.3951653840464421,0.733167752294745,0.2091590742107736,0.3825602277884514,0.408603429081202,0.7580999494737687,0.216271764674427,23.5,4.1,4.1,15.3,8.2,15.8,5.646494958550644,7.830264830376957,2.445196692157617,55.85748064545204,18.47021904654428,1,1,1,1,1,95.202,1,INCLUDED,,0,EXISTING_REVIEWER_FORMULA,1,MASS_BALANCE_NI_MINUS_FN_MINUS_UN,DIRECT_INITIAL_BW_EXISTING,1,INCLUDED_IN_906_MAIN,,,AIA_906_V1_20260806
V44_4ca4c51d2b05,974,Buchinski2024_CJAS,AP,AP_Lys1p0,growing,22.4,0.939465408805031,23.9,4.4,4.4,15.1,15.9,5.641395397771363,7.817606324529598,2.441533003717365,55.76110449924685,18.46977066788983,,,,,development,Historical Study_ID,1,8.8,25.44000000000001,0.0419404200359388,1.0669642857142858,0.8608661301703414,2.033870642745206,1.07735115790505,0.39491287740045,0.7327691303994469,0.209068048144268,0.4234870903714819,0.3665591061027613,0.680158112814715,0.1940574775552371,23.9,4.4,4.4,15.1,8.8,15.9,5.641395397771363,7.817606324529598,2.441533003717365,55.76110449924685,18.46977066788983,1,1,1,1,1,95.205,1,INCLUDED,,0,EXISTING_REVIEWER_FORMULA,1,MASS_BALANCE_NI_MINUS_FN_MINUS_UN,DIRECT_INITIAL_BW_EXISTING,1,INCLUDED_IN_906_MAIN,,,AIA_906_V1_20260806
V44_56856bdbb39a,975,Buchinski2024_CJAS,AP,AP_Lys1p1,growing,22.6,0.926067073170732,24.3,4.9,4.9,14.499999999999998,16.4,5.636296338307745,7.804950095965446,2.437869944504568,55.6647463188386,18.46912196906264,,,,,development,Historical Study_ID,1,9.8,26.23999999999999,0.0409764191668465,1.075221238938053,0.8879685795281119,2.1012306034445407,1.186694668368761,0.3946603762789363,0.7323704989691034,0.2089770129311238,0.4522464437380949,0.3325711211136048,0.6171515879276893,0.1761000689574051,24.3,4.9,4.9,14.499999999999998,9.8,16.4,5.636296338307745,7.804950095965446,2.437869944504568,55.6647463188386,18.46912196906264,1,1,1,1,1,95.207,1,INCLUDED,,0,EXISTING_REVIEWER_FORMULA,1,MASS_BALANCE_NI_MINUS_FN_MINUS_UN,DIRECT_INITIAL_BW_EXISTING,1,INCLUDED_IN_906_MAIN,,,AIA_906_V1_20260806
V44_cf1e5ab7580f,976,Buchinski2024_CJAS,AP,AP_Lys1p2,growing,22.5,0.914909638554217,24.3,4.7,4.7,14.900000000000002,16.6,5.631199662760496,7.792298751907756,2.434208328869734,55.56842469917653,18.46867387242497,,,,,development,Historical Study_ID,1,9.4,26.559999999999995,0.0406626506024096,1.08,0.8988192717391026,2.130308465898576,1.296871324485898,0.3944080124990088,0.7319721026131889,0.2088860383679501,0.4882798661467989,0.3041227028867794,0.5644138233246503,0.1610692089677872,24.3,4.7,4.7,14.900000000000002,9.4,16.6,5.631199662760496,7.792298751907756,2.434208328869734,55.56842469917653,18.46867387242497,1,1,1,1,1,95.21,1,INCLUDED,,0,EXISTING_REVIEWER_FORMULA,1,MASS_BALANCE_NI_MINUS_FN_MINUS_UN,DIRECT_INITIAL_BW_EXISTING,1,INCLUDED_IN_906_MAIN,,,AIA_906_V1_20260806
V44_36fe68043c49,977,Buchinski2024_CJAS,NAP,NAP_Lys0p8,growing,22.3,0.888157894736842,21.6,4.5,4.2,12.900000000000002,15.2,5.68085985175089,7.914836542372984,2.469695016532159,56.50092707943032,18.61526975534121,,,,,development,Historical Study_ID,1,8.7,24.320000000000004,0.0398277082841633,0.968609865470852,0.8165339637712593,1.9204439559332729,0.8528758467064449,0.3968806392408989,0.7358884822843923,0.2097852928736686,0.3506890817049526,0.4653439779934382,0.8628318941451756,0.2459740109698235,21.6,4.5,4.2,12.900000000000002,8.7,15.2,5.68085985175089,7.914836542372984,2.469695016532159,56.50092707943032,18.61526975534121,1,1,1,1,1,95.89,1,INCLUDED,,0,EXISTING_REVIEWER_FORMULA,1,MASS_BALANCE_NI_MINUS_FN_MINUS_UN,DIRECT_INITIAL_BW_EXISTING,1,INCLUDED_IN_906_MAIN,,,AIA_906_V1_20260806
V44_355b00e95d0a,978,Buchinski2024_CJAS,NAP,NAP_Lys0p9,growing,22.3,0.881410256410257,22.0,4.3,3.3,14.4,15.6,5.675751954173099,7.902155377393324,2.466024826805604,56.40437722291822,18.61520178772972,,,,,development,Historical Study_ID,1,7.6,24.959999999999983,0.0395251236058411,0.9865470852017936,0.8380247594352052,1.9741449332455363,0.9649773881300888,0.3966277565077527,0.7354893014058945,0.2096941524204308,0.3866095305008368,0.4110228502621486,0.7621829386397425,0.2173047316961191,22.0,4.3,3.3,14.4,7.6,15.6,5.675751954173099,7.902155377393324,2.466024826805604,56.40437722291822,18.61520178772972,1,1,1,1,1,95.895,1,INCLUDED,,0,EXISTING_REVIEWER_FORMULA,1,MASS_BALANCE_NI_MINUS_FN_MINUS_UN,DIRECT_INITIAL_BW_EXISTING,1,INCLUDED_IN_906_MAIN,,,AIA_906_V1_20260806
V44_574548c4f027,979,Buchinski2024_CJAS,NAP,NAP_Lys1p0,growing,22.4,0.933333333333333,22.4,4.6,2.2,15.599999999999998,15.0,5.670645499489998,7.889477794628333,2.462355673845582,56.30785464010793,18.61513383931793,,,,,development,Historical Study_ID,1,6.8,24.000000000000007,0.0416666666666666,1.0,0.8057959792004165,1.901266521114106,1.077047262763932,0.3963749452097025,0.7350902332892448,0.2096030377128297,0.448769692818305,0.3680200107398446,0.6825050846913135,0.1946089507483114,22.4,4.6,2.2,15.599999999999998,6.8,15.0,5.670645499489998,7.889477794628333,2.462355673845582,56.30785464010793,18.61513383931793,1,1,1,1,1,95.9,1,INCLUDED,,0,EXISTING_REVIEWER_FORMULA,1,MASS_BALANCE_NI_MINUS_FN_MINUS_UN,DIRECT_INITIAL_BW_EXISTING,1,INCLUDED_IN_906_MAIN,,,AIA_906_V1_20260806
V44_9c89f70de9fc,980,Buchinski2024_CJAS,NAP,NAP_Lys1p1,growing,22.3,0.923202614379085,22.6,4.7,2.1,15.800000000000002,15.3,5.665540487090285,7.876803792560347,2.458687557212853,56.21135931944449,18.61506591009772,,,,,development,Historical Study_ID,1,6.800000000000001,24.48,0.0413992203757437,1.0134529147982063,0.8219148980665459,1.942412227463489,1.189085484024077,0.3961222053164834,0.7346912778866698,0.2095119487399579,0.4857375343235608,0.3331318148598832,0.6178624562805558,0.1761958677949142,22.6,4.7,2.1,15.800000000000002,6.800000000000001,15.3,5.665540487090285,7.876803792560347,2.458687557212853,56.21135931944449,18.61506591009772,1,1,1,1,1,95.905,1,INCLUDED,,0,EXISTING_REVIEWER_FORMULA,1,MASS_BALANCE_NI_MINUS_FN_MINUS_UN,DIRECT_INITIAL_BW_EXISTING,1,INCLUDED_IN_906_MAIN,,,AIA_906_V1_20260806
V44_6acf15c0c280,981,Buchinski2024_CJAS,NAP,NAP_Lys1p2,growing,22.3,0.94812925170068,22.3,4.5,2.0,15.8,14.7,5.660436916363,7.864133369672571,2.455020476468424,56.11489124937956,18.61499800006094,,,,,development,Historical Study_ID,1,6.5,23.520000000000007,0.042517006802721,1.0,0.7896858221500682,1.8692460197444547,1.301092065319051,0.3958695367978484,0.7342924351504233,0.2094208854909142,0.5531854019213652,0.3042594350929149,0.5643662387337377,0.1609577762197485,22.3,4.5,2.0,15.8,6.5,14.7,5.660436916363,7.864133369672571,2.455020476468424,56.11489124937956,18.61499800006094,1,1,1,1,1,95.91,1,INCLUDED,,0,EXISTING_REVIEWER_FORMULA,1,MASS_BALANCE_NI_MINUS_FN_MINUS_UN,DIRECT_INITIAL_BW_EXISTING,1,INCLUDED_IN_906_MAIN,,,AIA_906_V1_20260806
V44_7aaf718e6ff8,982,Cappelaere2024_JAS,P1,Phase1_CP-1.2pt,growing,28.0,1.57,42.3,6.05,8.11,28.14,17.2,4.074047815901578,11.23951131661397,3.893394892226141,50.53754768715074,18.55193922512641,,,,,development,Historical Study_ID,1,14.16,26.942675159235662,0.0560714285714285,1.5107142857142857,0.9271267974349888,1.530315644113048,1.139101250856843,0.4561498569834085,0.776614434357717,0.2164042957464676,0.4139176056892598,0.4004471565984921,0.6817782297873347,0.1899781038636259,42.3,6.05,8.11,28.14,14.16,17.2,4.074047815901578,11.23951131661397,3.893394892226141,50.53754768715074,18.55193922512641,1,1,1,1,1,97.7,1,INCLUDED,,0,EXISTING_REVIEWER_FORMULA,1,MASS_BALANCE_NI_MINUS_FN_MINUS_UN,DIRECT_INITIAL_BW_EXISTING,1,INCLUDED_IN_906_MAIN,,,AIA_906_V1_20260806
V44_0a9bc626ed8c,983,Cappelaere2024_JAS,P1,Phase1_CP-2.4pt,growing,28.0,1.74,43.5,6.5,8.06,28.94,15.9,3.482719640908008,11.30418129008494,3.786440301035013,53.29469214680478,18.37010108330888,,,,,development,Historical Study_ID,1,14.56,25.0,0.0621428571428571,1.5535714285714286,0.8655368812557477,1.406559183011875,1.137201424908347,0.483241976330634,0.7774146548626306,0.2172860675715588,0.4470131387218345,0.4249396507479587,0.6836208940955966,0.1910708717139279,43.5,6.5,8.06,28.94,14.56,15.9,3.482719640908008,11.30418129008494,3.786440301035013,53.29469214680478,18.37010108330888,1,1,1,1,1,97.61,1,INCLUDED,,0,EXISTING_REVIEWER_FORMULA,1,MASS_BALANCE_NI_MINUS_FN_MINUS_UN,DIRECT_INITIAL_BW_EXISTING,1,INCLUDED_IN_906_MAIN,,,AIA_906_V1_20260806
V44_8ecb82284f55,984,Cappelaere2024_JAS,P1,Phase1_CTRL,growing,28.0,1.58,45.8,6.4,15.7,23.7,18.9,4.557149013639168,11.18019896304176,3.995250724112657,47.94029652061753,18.70801390932762,,,,,development,Historical Study_ID,1,22.1,28.987341772151897,0.0564285714285714,1.6357142857142857,1.0102622379694008,1.6904886990363486,1.136198964610503,0.4392654406680315,0.7731336628654276,0.2144807236274691,0.3757271708368066,0.3866096118285188,0.6804562290113186,0.1887703917253564,45.8,6.4,15.7,23.7,22.1,18.9,4.557149013639168,11.18019896304176,3.995250724112657,47.94029652061753,18.70801390932762,1,1,1,1,1,97.79,1,INCLUDED,,0,EXISTING_REVIEWER_FORMULA,1,MASS_BALANCE_NI_MINUS_FN_MINUS_UN,DIRECT_INITIAL_BW_EXISTING,1,INCLUDED_IN_906_MAIN,,,AIA_906_V1_20260806
V44_ddfe37ce220d,985,Cappelaere2024_JAS,P2,Phase2_CP-1.2pt,growing,48.0,2.4,57.5,9.5,16.4,31.6,14.8,4.507398297341233,12.50062319888852,4.097894873587321,52.65388950256146,18.63881117491359,,,,,development,Historical Study_ID,1,25.9,23.958333333333336,0.0499999999999999,1.1979166666666667,0.794042058858328,1.183940973544097,0.9925157848832054,0.382057113240888,0.6720588019320244,0.1799572740932099,0.4191367334810832,0.3849380725827415,0.6771265627892348,0.1813142690867999,57.5,9.5,16.4,31.6,25.9,14.8,4.507398297341233,12.50062319888852,4.097894873587321,52.65388950256146,18.63881117491359,1,1,1,1,1,97.86,1,INCLUDED,,0,EXISTING_REVIEWER_FORMULA,1,MASS_BALANCE_NI_MINUS_FN_MINUS_UN,DIRECT_INITIAL_BW_EXISTING,1,INCLUDED_IN_906_MAIN,,,AIA_906_V1_20260806
V44_5a4739229af8,986,Cappelaere2024_JAS,P2,Phase2_CP-2.4pt,growing,48.0,2.59,57.2,9.96,15.6,31.64,14.0,3.914566342629249,12.5672555684741,3.994447569494591,55.36225525097399,18.45744807468501,,,,,development,Historical Study_ID,1,25.56,22.08494208494209,0.0539583333333333,1.1916666666666669,0.7585013888892611,1.1140061506443817,0.9929834219992164,0.4095890874372797,0.6742082362335609,0.1813520952477821,0.4432961705353644,0.4124833087471252,0.6789722983251304,0.1826335578520113,57.2,9.96,15.6,31.64,25.56,14.0,3.914566342629249,12.5672555684741,3.994447569494591,55.36225525097399,18.45744807468501,1,1,1,1,1,97.77,1,INCLUDED,,0,EXISTING_REVIEWER_FORMULA,1,MASS_BALANCE_NI_MINUS_FN_MINUS_UN,DIRECT_INITIAL_BW_EXISTING,1,INCLUDED_IN_906_MAIN,,,AIA_906_V1_20260806
V44_44f9a57e210b,987,Cappelaere2024_JAS,P2,Phase2_CTRL,growing,48.0,2.54,65.6,10.3,20.5,34.8,16.3,4.926034377131154,12.20945032870606,4.134732262263472,50.33560226392718,18.78327756083174,,,,,development,Historical Study_ID,1,30.8,25.826771653543304,0.0529166666666666,1.3666666666666665,0.8677931711976589,1.335031435582035,0.9951094522021864,0.3650572079016897,0.6724394812545947,0.1803996761907903,0.3815603727769119,0.3668513117766239,0.6757442407631442,0.1812862653365056,65.6,10.3,20.5,34.8,30.8,16.3,4.926034377131154,12.20945032870606,4.134732262263472,50.33560226392718,18.78327756083174,1,1,1,1,1,97.95,1,INCLUDED,,0,EXISTING_REVIEWER_FORMULA,1,MASS_BALANCE_NI_MINUS_FN_MINUS_UN,DIRECT_INITIAL_BW_EXISTING,1,INCLUDED_IN_906_MAIN,,,AIA_906_V1_20260806
V44_750ce840da9e,988,Corassa2024_Animals,Balance,CBS,growing,25.46,1.1824,37.41,9.12,6.82,21.47,19.77,2.881788596750452,7.421844190889888,2.905953853055128,36.67914794973023,18.05123729039525,,,,,development,Historical Study_ID,1,15.94,31.639039242219216,0.0464414768263943,1.4693637077769048,1.0952157839351695,2.6637584260078024,0.7845145878224944,0.2507076022278029,0.5090165493103306,0.1650074466937584,0.2480129577081735,0.3195703510417431,0.6488299353657163,0.2103306289711635,37.41,9.12,6.82,21.47,15.94,19.77,2.881788596750452,7.421844190889888,2.905953853055128,36.67914794973023,18.05123729039525,1,1,1,1,1,97.944,1,INCLUDED,,0,EXISTING_REVIEWER_FORMULA,1,MASS_BALANCE_NI_MINUS_FN_MINUS_UN,DIRECT_INITIAL_BW_EXISTING,1,INCLUDED_IN_906_MAIN,,,AIA_906_V1_20260806
V44_27877be10e25,989,Corassa2024_Animals,Balance,DDG,growing,25.46,1.189,43.2,10.02,9.59,23.590000000000007,22.71,4.726270041996576,13.98976022825275,5.171388414124575,38.4778143450176,18.82572488731428,,,,,development,Historical Study_ID,1,19.61,36.333052985702274,0.0467007069913589,1.696779261586803,1.2063280503638476,1.6233301807515228,0.9136891729613106,0.3462512798010824,0.6622305203222593,0.1966243113824972,0.2514556288422805,0.3789595959409974,0.724787531602173,0.215198250347247,43.2,10.02,9.59,23.590000000000007,19.61,22.71,4.726270041996576,13.98976022825275,5.171388414124575,38.4778143450176,18.82572488731428,1,1,1,1,1,97.944,1,INCLUDED,,0,EXISTING_REVIEWER_FORMULA,1,MASS_BALANCE_NI_MINUS_FN_MINUS_UN,DIRECT_INITIAL_BW_EXISTING,1,INCLUDED_IN_906_MAIN,,,AIA_906_V1_20260806
V44_ef39df08b4c3,990,Corassa2024_Animals,Balance,DDGS,growing,25.46,1.2109,38.82,9.97,9.64,19.21,20.04,4.726270041996576,13.98976022825275,5.171388414124575,38.4778143450176,18.82572488731428,,,,,development,Historical Study_ID,1,19.61,32.058799240234535,0.0475608798114689,1.5247446975648076,1.0645008423289963,1.4324763021691111,0.9136891729613106,0.3462512798010824,0.6622305203222593,0.1966243113824972,0.2849579506491113,0.3789595959409974,0.724787531602173,0.215198250347247,38.82,9.97,9.64,19.21,19.61,20.04,4.726270041996576,13.98976022825275,5.171388414124575,38.4778143450176,18.82572488731428,1,1,1,1,1,97.944,1,INCLUDED,,0,EXISTING_REVIEWER_FORMULA,1,MASS_BALANCE_NI_MINUS_FN_MINUS_UN,DIRECT_INITIAL_BW_EXISTING,1,INCLUDED_IN_906_MAIN,,,AIA_906_V1_20260806
V44_5467654bb57a,991,Corassa2024_Animals,Balance,HPDDG,growing,25.46,1.2218,49.44,10.99,10.03,28.419999999999995,25.29,3.644554739514514,11.62299988561118,4.381726863968477,38.13221936542869,18.89263279751563,,,,,development,Historical Study_ID,1,21.02,40.46488787035521,0.0479890023566378,1.9418695993715631,1.338617029772876,2.1758582335794423,0.9569800958990848,0.3405834579838082,0.6583612181007223,0.2065639358040306,0.2365016053526801,0.355893983002676,0.6879570650653821,0.2158497723089667,49.44,10.99,10.03,28.419999999999995,21.02,25.29,3.644554739514514,11.62299988561118,4.381726863968477,38.13221936542869,18.89263279751563,1,1,1,1,1,97.944,1,INCLUDED,,0,EXISTING_REVIEWER_FORMULA,1,MASS_BALANCE_NI_MINUS_FN_MINUS_UN,DIRECT_INITIAL_BW_EXISTING,1,INCLUDED_IN_906_MAIN,,,AIA_906_V1_20260806
V44_6ded626598c8,992,Corassa2024_Animals,Balance,RD,growing,25.46,1.1825,41.27,9.93,6.26,25.080000000000005,21.81,3.681509314136998,9.48146874744566,3.712380633519859,46.85792183500478,18.48171876294689,,,,,development,Historical Study_ID,1,16.189999999999998,34.90063424947146,0.0464454045561665,1.6209740769835037,1.180085049434137,2.3002765268699203,1.002224023442121,0.3202810829938667,0.6502729483519193,0.2107984092205914,0.2872031245535651,0.3195703510417431,0.6488299353657161,0.2103306289711635,41.27,9.93,6.26,25.080000000000005,16.189999999999998,21.81,3.681509314136998,9.48146874744566,3.712380633519859,46.85792183500478,18.48171876294689,1,1,1,1,1,97.43,1,INCLUDED,,0,EXISTING_REVIEWER_FORMULA,1,MASS_BALANCE_NI_MINUS_FN_MINUS_UN,DIRECT_INITIAL_BW_EXISTING,1,INCLUDED_IN_906_MAIN,,,AIA_906_V1_20260806
V44_855eceb4fa50,996,Galli2024_Animals3457,EnzymeAddition_NBalance,BM,growing,35.56,1.4649160656328384,51.82,4.521,0.202,47.097,22.1087752123,4.600734335283755,8.278750753829083,3.518255259726278,42.65871050273242,18.5090991788495,,,,,confirmation,Historical Study_ID,1,4.723,35.37404033972005,0.0411956148940618,1.457255343082115,1.194481427684167,2.670544852684961,1.263968478866388,0.417673390176576,0.7870094636174709,0.2354271876725519,0.3573152703872961,0.3304460492172824,0.6226495967077549,0.1862603313365051,51.82,4.521,0.202,47.097,4.723,22.1087752123,4.600734335283755,8.278750753829083,3.518255259726278,42.65871050273242,18.5090991788495,1,1,1,1,1,96.262,1,INCLUDED,,0,EXISTING_REVIEWER_FORMULA,1,MASS_BALANCE_NI_MINUS_FN_MINUS_UN,DIRECT_INITIAL_BW_EXISTING,1,INCLUDED_IN_906_MAIN,,,AIA_906_V1_20260806
V44_dddb54909e7a,997,Galli2024_Animals3457,EnzymeAddition_NBalance,BM+MCC,growing,35.56,1.3727580885204675,48.56,4.453,0.28,43.827,22.1087752123,4.600734335283755,8.278750753829083,3.518255259726278,42.65871050273242,18.5090991788495,,,,,confirmation,Historical Study_ID,1,4.7330000000000005,35.37404033972005,0.0386039957401706,1.3655793025871763,1.194481427684167,2.670544852684961,1.263968478866388,0.417673390176576,0.7870094636174709,0.2354271876725519,0.3573152703872961,0.3304460492172824,0.6226495967077549,0.1862603313365051,48.56,4.453,0.28,43.827,4.7330000000000005,22.1087752123,4.600734335283755,8.278750753829083,3.518255259726278,42.65871050273242,18.5090991788495,1,1,1,1,1,96.262,1,INCLUDED,,0,EXISTING_REVIEWER_FORMULA,1,MASS_BALANCE_NI_MINUS_FN_MINUS_UN,DIRECT_INITIAL_BW_EXISTING,1,INCLUDED_IN_906_MAIN,,,AIA_906_V1_20260806
V44_7c25e9efa8ac,998,Galli2024_Animals3457,EnzymeAddition_NBalance,Control,growing,35.56,1.399331247565139,49.5,4.672,0.199,44.629000000000005,22.1087752123,5.810655825442706,8.278750753829083,3.518255259726278,42.65871050273242,18.9894380104426,,,,,confirmation,Historical Study_ID,1,4.871,35.37404033972005,0.0393512724287159,1.3920134983127108,1.1642669572497102,2.670544852684961,1.263968478866388,0.417673390176576,0.7870094636174709,0.2354271876725519,0.3573152703872961,0.3304460492172824,0.6226495967077549,0.1862603313365051,49.5,4.672,0.199,44.629000000000005,4.871,22.1087752123,5.810655825442706,8.278750753829083,3.518255259726278,42.65871050273242,18.9894380104426,1,1,1,1,1,97.346,1,INCLUDED,,0,EXISTING_REVIEWER_FORMULA,1,MASS_BALANCE_NI_MINUS_FN_MINUS_UN,DIRECT_INITIAL_BW_EXISTING,1,INCLUDED_IN_906_MAIN,,,AIA_906_V1_20260806
V44_450a0154b97b,999,Lee2024_Animals_BLM,Exp1_Week2,DefattedBLM_wk2,weaning,6.74,0.5362,16.78,3.42,2.23,11.13,19.56,4.192326802524175,6.14051062518282,2.6618988442791136,25.18220835042889,24.518114876588484,,,,,confirmation,Historical Study_ID,1,5.65,31.294293174188734,0.0795548961424332,2.4896142433234423,0.7977774840543381,3.185402842522993,0.0,0.0,0.0,0.0,0.0,,,,16.78,3.42,2.23,11.13,5.65,19.56,4.192326802524175,6.14051062518282,2.6618988442791136,25.18220835042889,24.518114876588484,1,1,1,1,1,100.0,1,INCLUDED,,0,EXISTING_REVIEWER_FORMULA,1,MASS_BALANCE_NI_MINUS_FN_MINUS_UN,DIRECT_INITIAL_BW_EXISTING,1,INCLUDED_IN_906_MAIN,,,AIA_906_V1_20260806
V44_9e1c64e3c018,1000,Lee2024_Animals_BLM,Exp1_Week2,FM_wk2,weaning,6.74,0.5734,17.99,3.59,2.4,11.999999999999998,19.61,4.346953003338625,4.933855560257172,1.983041754902581,25.38896096561,24.44073928897589,,,,,confirmation,Historical Study_ID,1,5.99,31.37425880711545,0.0850741839762611,2.6691394658753707,0.8023488883924711,3.974579263722477,0.1926919797361689,0.0686171440036113,0.1019857551286553,0.0281988263028539,0.0614138130214714,0.3560975609756094,0.5292682926829272,0.1463414634146337,17.99,3.59,2.4,11.999999999999998,5.99,19.61,4.346953003338625,4.933855560257172,1.983041754902581,25.38896096561,24.44073928897589,1,1,1,1,1,100.0,1,INCLUDED,,0,EXISTING_REVIEWER_FORMULA,1,MASS_BALANCE_NI_MINUS_FN_MINUS_UN,DIRECT_INITIAL_BW_EXISTING,1,INCLUDED_IN_906_MAIN,,,AIA_906_V1_20260806
V44_775481806859,1001,Lee2024_Animals_BLM,Exp1_Week2,HydrolyzedBLM_wk2,weaning,6.74,0.5628,17.65,4.8,2.0,10.849999999999998,19.6,4.469171573974311,6.142817980694705,2.664864927304008,25.14724996102127,24.652665731034016,,,,,confirmation,Historical Study_ID,1,6.8,31.36105188343994,0.0835014836795252,2.618694362017804,0.79504586700036,3.1907180159981547,0.0,0.0,0.0,0.0,0.0,,,,17.65,4.8,2.0,10.849999999999998,6.8,19.6,4.469171573974311,6.142817980694705,2.664864927304008,25.14724996102127,24.652665731034016,1,1,1,1,1,100.0,1,INCLUDED,,0,EXISTING_REVIEWER_FORMULA,1,MASS_BALANCE_NI_MINUS_FN_MINUS_UN,DIRECT_INITIAL_BW_EXISTING,1,INCLUDED_IN_906_MAIN,,,AIA_906_V1_20260806
V44_dd5ac863d388,1002,Lee2024_JASB,PelletParticle_NBalance,Meal_300,growing,70.42,2.73,55.0,7.93,11.55,35.52,14.42,5.11,8.657258273271413,3.041109730106565,56.22028485214634,18.32,,,,,development,Historical Study_ID,1,19.48,20.146520146520142,0.0387673956262425,0.7810281170122124,0.787117903930131,1.6656543613259855,0.8392110747752165,0.2540575610597177,0.5347428909380405,0.1391085025151153,0.3637357293581902,0.302733804040619,0.6371971331303891,0.1657610423603807,55.0,7.93,11.55,35.52,19.48,14.42,5.11,8.657258273271413,3.041109730106565,56.22028485214634,18.32,1,1,1,1,1,100.0,1,INCLUDED,,0,EXISTING_REVIEWER_FORMULA,1,MASS_BALANCE_NI_MINUS_FN_MINUS_UN,REPORTED_MEAN_BW_USED,1,INCLUDED_IN_906_MAIN,,,AIA_906_V1_20260806
V44_719c8d88dd6c,1003,Lee2024_JASB,PelletParticle_NBalance,Meal_500,growing,70.42,2.62,52.0,7.91,15.97,28.120000000000005,14.59,4.95,8.657258273271413,3.041109730106565,56.22028485214634,18.12,,,,,development,Historical Study_ID,1,23.880000000000003,19.84732824427481,0.0372053393922181,0.7384265833570008,0.8051876379690949,1.6852910632278868,0.8392110747752165,0.2540575610597177,0.5347428909380405,0.1391085025151153,0.3594975474533998,0.302733804040619,0.6371971331303891,0.1657610423603807,52.0,7.91,15.97,28.120000000000005,23.880000000000003,14.59,4.95,8.657258273271413,3.041109730106565,56.22028485214634,18.12,1,1,1,1,1,100.0,1,INCLUDED,,0,EXISTING_REVIEWER_FORMULA,1,MASS_BALANCE_NI_MINUS_FN_MINUS_UN,REPORTED_MEAN_BW_USED,1,INCLUDED_IN_906_MAIN,,,AIA_906_V1_20260806
V44_44a5e81e82be,1004,Lee2024_JASB,PelletParticle_NBalance,Meal_700,growing,70.42,2.72,56.0,9.29,12.53,34.18,15.04,5.01,8.657258273271413,3.041109730106565,56.22028485214634,18.32,,,,,development,Historical Study_ID,1,21.82,20.588235294117645,0.0386253905140585,0.7952286282306162,0.8209606986899562,1.7372705682623315,0.8392110747752165,0.2540575610597177,0.5347428909380405,0.1391085025151153,0.3487413043447542,0.302733804040619,0.6371971331303891,0.1657610423603807,56.0,9.29,12.53,34.18,21.82,15.04,5.01,8.657258273271413,3.041109730106565,56.22028485214634,18.32,1,1,1,1,1,100.0,1,INCLUDED,,0,EXISTING_REVIEWER_FORMULA,1,MASS_BALANCE_NI_MINUS_FN_MINUS_UN,REPORTED_MEAN_BW_USED,1,INCLUDED_IN_906_MAIN,,,AIA_906_V1_20260806
V44_3e2f6bd776eb,1005,Lee2024_JASB,PelletParticle_NBalance,Pellet_300,growing,70.42,2.6,54.0,6.89,13.21,33.9,14.68,5.67,8.657258273271413,3.041109730106565,56.22028485214634,18.42,,,,,development,Historical Study_ID,1,20.1,20.76923076923077,0.03692132916785,0.7668276057938086,0.7969598262757871,1.6956869642347758,0.8392110747752165,0.2540575610597177,0.5347428909380405,0.1391085025151153,0.357293543415879,0.302733804040619,0.6371971331303891,0.1657610423603807,54.0,6.89,13.21,33.9,20.1,14.68,5.67,8.657258273271413,3.041109730106565,56.22028485214634,18.42,1,1,1,1,1,100.0,1,INCLUDED,,0,EXISTING_REVIEWER_FORMULA,1,MASS_BALANCE_NI_MINUS_FN_MINUS_UN,REPORTED_MEAN_BW_USED,1,INCLUDED_IN_906_MAIN,,,AIA_906_V1_20260806
V44_8c740ef56a09,1006,Lee2024_JASB,PelletParticle_NBalance,Pellet_500,growing,70.42,2.61,53.0,6.63,12.15,34.22,14.1,5.7,8.657258273271413,3.041109730106565,56.22028485214634,18.37,,,,,development,Historical Study_ID,1,18.78,20.30651340996169,0.037063334280034,0.7526270945754047,0.7675557974959172,1.628691157745936,0.8392110747752165,0.2540575610597177,0.5347428909380405,0.1391085025151153,0.3719907246344045,0.302733804040619,0.6371971331303891,0.1657610423603807,53.0,6.63,12.15,34.22,18.78,14.1,5.7,8.657258273271413,3.041109730106565,56.22028485214634,18.37,1,1,1,1,1,100.0,1,INCLUDED,,0,EXISTING_REVIEWER_FORMULA,1,MASS_BALANCE_NI_MINUS_FN_MINUS_UN,REPORTED_MEAN_BW_USED,1,INCLUDED_IN_906_MAIN,,,AIA_906_V1_20260806
V44_9cef8892bf07,1007,Lee2024_JASB,PelletParticle_NBalance,Pellet_700,growing,70.42,2.66,54.0,7.49,12.0,34.51,13.65,5.63,8.657258273271413,3.041109730106565,56.22028485214634,18.34,,,,,development,Historical Study_ID,1,19.49,20.30075187969925,0.0377733598409542,0.7668276057938086,0.7442748091603054,1.5767116527114913,0.8392110747752165,0.2540575610597177,0.5347428909380405,0.1391085025151153,0.3842541551168573,0.302733804040619,0.6371971331303891,0.1657610423603807,54.0,7.49,12.0,34.51,19.49,13.65,5.63,8.657258273271413,3.041109730106565,56.22028485214634,18.34,1,1,1,1,1,100.0,1,INCLUDED,,0,EXISTING_REVIEWER_FORMULA,1,MASS_BALANCE_NI_MINUS_FN_MINUS_UN,REPORTED_MEAN_BW_USED,1,INCLUDED_IN_906_MAIN,,,AIA_906_V1_20260806
V44_547aba813759,1008,Liu2024_SciRep,FermentedLP_NBalance,CON,finishing,98.7,3.43,67.49,12.29,18.36,36.84,14.23,3.119721573029158,11.69507680472548,4.021077268095616,51.56357730745957,18.04873304256482,,,,,confirmation,Historical Study_ID,1,30.65,19.676384839650144,0.0347517730496453,0.683789260385005,0.7884209914591237,1.2167513080589831,0.6459764625963572,0.2369981712625037,0.4940528017023229,0.1544832185779935,0.2837212151248933,0.3668836017800754,0.7648154852524947,0.2391468227140706,67.49,12.29,18.36,36.84,30.65,14.23,3.119721573029158,11.69507680472548,4.021077268095616,51.56357730745957,18.04873304256482,1,1,1,1,1,100.0,1,INCLUDED,,0,EXISTING_REVIEWER_FORMULA,1,MASS_BALANCE_NI_MINUS_FN_MINUS_UN,DIRECT_INITIAL_BW_EXISTING,1,INCLUDED_IN_906_MAIN,,,AIA_906_V1_20260806
V44_b0d9ce5640d5,1009,Liu2024_SciRep,FermentedLP_NBalance,FLP,finishing,99.7,3.5,59.86,9.73,14.7,35.42999999999999,12.09,3.177235193429985,11.60416601149214,3.799854663569751,54.45340473612566,17.75035772529393,,,,,confirmation,Historical Study_ID,1,24.43,17.102857142857143,0.0351053159478435,0.6004012036108325,0.6811130337261865,1.0418672042460195,0.6246446333343817,0.3063402175329197,0.4382919375345372,0.1536382403285008,0.3229138923358052,0.4904231961421993,0.7016660580191248,0.245961034690033,59.86,9.73,14.7,35.42999999999999,24.43,12.09,3.177235193429985,11.60416601149214,3.799854663569751,54.45340473612566,17.75035772529393,1,1,1,1,1,100.04,1,INCLUDED,,0,EXISTING_REVIEWER_FORMULA,1,MASS_BALANCE_NI_MINUS_FN_MINUS_UN,DIRECT_INITIAL_BW_EXISTING,1,INCLUDED_IN_906_MAIN,,,AIA_906_V1_20260806
V44_a34a226e9397,1010,Liu2024_SciRep,FermentedLP_NBalance,LP,finishing,99.5,3.55,59.69,9.57,14.74,35.379999999999995,12.09,3.216172689832633,11.71278191768128,3.83166700030815,55.24005317270559,17.96040781485822,,,,,confirmation,Historical Study_ID,1,24.31,16.814084507042253,0.0356783919597989,0.5998994974874372,0.6731472984704852,1.032205677948232,0.6273533533218322,0.3083321899552172,0.441251976544629,0.1543369269145211,0.3243141818247685,0.4914808987990582,0.7033547747982895,0.2460127551678938,59.69,9.57,14.74,35.379999999999995,24.31,12.09,3.216172689832633,11.71278191768128,3.83166700030815,55.24005317270559,17.96040781485822,1,1,1,1,1,100.04,1,INCLUDED,,0,EXISTING_REVIEWER_FORMULA,1,MASS_BALANCE_NI_MINUS_FN_MINUS_UN,DIRECT_INITIAL_BW_EXISTING,1,INCLUDED_IN_906_MAIN,,,AIA_906_V1_20260806
V44_978141fee634,1018,Yoo2024_AnimBiosci_BA,BA_incompleteLatin,BA_0.0pct,growing,56.2,2.0,61.0,7.46,21.9,31.64,19.026,4.417,12.684,4.983,53.25834657966,18.5716752928084,,,,,confirmation,Historical Study_ID,1,29.36,30.5,0.0355871886120996,1.085409252669039,1.0244633130844976,1.5,0.8831412165285164,0.2528723630238757,0.5746141318559149,0.1564895106376691,0.2901099865081061,0.2863328743933791,0.6506480742849133,0.1771964751603416,61.0,7.46,21.9,31.64,29.36,19.026,4.417,12.684,4.983,53.25834657966,18.5716752928084,1,1,1,1,1,99.99,1,INCLUDED,,0,EXISTING_REVIEWER_FORMULA,1,MASS_BALANCE_NI_MINUS_FN_MINUS_UN,DIRECT_INITIAL_BW_EXISTING,1,INCLUDED_IN_906_MAIN,,,AIA_906_V1_20260806
V44_459034868544,1019,Yoo2024_AnimBiosci_BA,BA_incompleteLatin,BA_0.5pct,growing,56.2,2.0,60.8,7.61,20.8,32.39,18.842,4.994,13.507,4.881,52.73103604379601,18.47570652273902,,,,,confirmation,Historical Study_ID,1,28.41,30.4,0.0355871886120996,1.081850533807829,1.0198256817302311,1.3949803805434218,0.8830919802261161,0.252858265051885,0.5745820963505733,0.1564807861384339,0.2929266997353373,0.2863328743933792,0.6506480742849134,0.1771964751603416,60.8,7.61,20.8,32.39,28.41,18.842,4.994,13.507,4.881,52.73103604379601,18.47570652273902,1,1,1,1,1,99.99,1,INCLUDED,,0,EXISTING_REVIEWER_FORMULA,1,MASS_BALANCE_NI_MINUS_FN_MINUS_UN,DIRECT_INITIAL_BW_EXISTING,1,INCLUDED_IN_906_MAIN,,,AIA_906_V1_20260806
V44_dabeddde6edf,1020,Yoo2024_AnimBiosci_BA,BA_incompleteLatin,BA_1.0pct,growing,56.2,2.0,61.9,7.89,22.8,31.21,18.928,4.903,12.999,4.903,52.2037843011876,18.37974845284731,,,,,confirmation,Historical Study_ID,1,30.69,30.95,0.0355871886120996,1.101423487544484,1.0298291104777204,1.4561120086160473,0.8830427494133892,0.2528441686517681,0.574550064417077,0.1564720626119494,0.2915795215465808,0.2863328743933791,0.6506480742849133,0.1771964751603416,61.9,7.89,22.8,31.21,30.69,18.928,4.903,12.999,4.903,52.2037843011876,18.37974845284731,1,1,1,1,1,99.99,1,INCLUDED,,0,EXISTING_REVIEWER_FORMULA,1,MASS_BALANCE_NI_MINUS_FN_MINUS_UN,DIRECT_INITIAL_BW_EXISTING,1,INCLUDED_IN_906_MAIN,,,AIA_906_V1_20260806
V44_9d8ceaabdf52,1021,Yoo2024_AnimBiosci_BA,BA_incompleteLatin,BA_1.5pct,growing,56.2,2.0,61.0,7.03,21.7,32.27,19.037,5.046,12.959,4.702,51.67659134200244,18.28380108134384,,,,,confirmation,Historical Study_ID,1,28.73,30.5,0.0355871886120996,1.085409252669039,1.041194876016492,1.4690176711165983,0.8829935240894173,0.2528300738232623,0.5745180360548288,0.156463340058053,0.2898938659220916,0.286332874393379,0.6506480742849134,0.1771964751603417,61.0,7.03,21.7,32.27,28.73,19.037,5.046,12.959,4.702,51.67659134200244,18.28380108134384,1,1,1,1,1,99.99,1,INCLUDED,,0,EXISTING_REVIEWER_FORMULA,1,MASS_BALANCE_NI_MINUS_FN_MINUS_UN,DIRECT_INITIAL_BW_EXISTING,1,INCLUDED_IN_906_MAIN,,,AIA_906_V1_20260806
V44_3f8bfbafa8f6,1022,Yoo2024_AnimBiosci_BA,BA_incompleteLatin,BA_2.0pct,growing,56.2,2.0,62.4,7.14,23.1,32.16,19.037,5.275,12.385,4.128,51.14945715641041,18.18786440643954,,,,,confirmation,Historical Study_ID,1,30.24,31.2,0.0355871886120996,1.1103202846975089,1.046686932263461,1.5371013322567622,0.8829443042532827,0.2528159805661047,0.5744860112632311,0.1564546184765819,0.2898777066545683,0.2863328743933791,0.6506480742849133,0.1771964751603416,62.4,7.14,23.1,32.16,30.24,19.037,5.275,12.385,4.128,51.14945715641041,18.18786440643954,1,1,1,1,1,99.99,1,INCLUDED,,0,EXISTING_REVIEWER_FORMULA,1,MASS_BALANCE_NI_MINUS_FN_MINUS_UN,DIRECT_INITIAL_BW_EXISTING,1,INCLUDED_IN_906_MAIN,,,AIA_906_V1_20260806
V44_41c3bd126dec,1023,Yoo2024_AnimBiosci_BA,BA_incompleteLatin,BA_2.5pct,growing,56.2,2.0,63.2,7.34,22.7,33.16,19.583,5.214,13.326,5.098,50.62238173458359,18.09193842634577,,,,,confirmation,Historical Study_ID,1,30.04,31.6,0.0355871886120996,1.124555160142349,1.0824157997068418,1.469533243283806,0.8828950899040677,0.2528018888800326,0.5744539900416871,0.1564458978673737,0.2817798249451271,0.2863328743933791,0.6506480742849133,0.1771964751603416,63.2,7.34,22.7,33.16,30.04,19.583,5.214,13.326,5.098,50.62238173458359,18.09193842634577,1,1,1,1,1,99.99,1,INCLUDED,,0,EXISTING_REVIEWER_FORMULA,1,MASS_BALANCE_NI_MINUS_FN_MINUS_UN,DIRECT_INITIAL_BW_EXISTING,1,INCLUDED_IN_906_MAIN,,,AIA_906_V1_20260806
V44_c0f4afa15caa,1024,Yoo2024_Animals_Additives,Additive_incompleteLatin,Adipic_Acid,growing,37.9,1.4,46.9,6.5,17.8,22.6,19.886,4.054966488469772,12.686,5.029,49.42654853250872,18.644,,,,,development,Historical Study_ID,1,24.3,33.5,0.0369393139841688,1.237467018469657,1.0666166058785669,1.567554784802144,1.019043097717026,0.2898171870376387,0.6512723458962795,0.1729809630434165,0.3202765443393047,0.2844013051920174,0.6391018665994916,0.1697484271577402,46.9,6.5,17.8,22.6,24.3,19.886,4.054966488469772,12.686,5.029,49.42654853250872,18.644,1,1,1,1,1,100.11,1,INCLUDED,,0,EXISTING_REVIEWER_FORMULA,1,MASS_BALANCE_NI_MINUS_FN_MINUS_UN,DIRECT_INITIAL_BW_EXISTING,1,INCLUDED_IN_906_MAIN,,,AIA_906_V1_20260806
V44_8a7be67a7e2a,1025,Yoo2024_Animals_Additives,Additive_incompleteLatin,Benzoic_Acid,growing,37.9,1.4,46.9,6.4,13.3,27.2,20.115,4.054966488469772,12.069,4.828,49.42654853250872,18.79,,,,,development,Historical Study_ID,1,19.700000000000003,33.5,0.0369393139841688,1.237467018469657,1.070516232038318,1.6666666666666663,1.019043097717026,0.2898171870376387,0.6512723458962795,0.1729809630434165,0.3166303435610943,0.2844013051920174,0.6391018665994916,0.1697484271577402,46.9,6.4,13.3,27.2,19.700000000000003,20.115,4.054966488469772,12.069,4.828,49.42654853250872,18.79,1,1,1,1,1,100.11,1,INCLUDED,,0,EXISTING_REVIEWER_FORMULA,1,MASS_BALANCE_NI_MINUS_FN_MINUS_UN,DIRECT_INITIAL_BW_EXISTING,1,INCLUDED_IN_906_MAIN,,,AIA_906_V1_20260806
V44_8bab123707ce,1026,Yoo2024_Animals_Additives,Additive_incompleteLatin,Bromelain,growing,37.9,1.4,46.5,5.7,15.7,25.1,20.0,4.054966488469772,10.857,4.343,49.42654853250872,18.649,,,,,development,Historical Study_ID,1,21.4,33.214285714285715,0.0369393139841688,1.2269129287598943,1.072443562657515,1.8421295017039696,1.019043097717026,0.2898171870376387,0.6512723458962795,0.1729809630434165,0.3184509680365706,0.2844013051920174,0.6391018665994916,0.1697484271577402,46.5,5.7,15.7,25.1,21.4,20.0,4.054966488469772,10.857,4.343,49.42654853250872,18.649,1,1,1,1,1,100.11,1,INCLUDED,,0,EXISTING_REVIEWER_FORMULA,1,MASS_BALANCE_NI_MINUS_FN_MINUS_UN,DIRECT_INITIAL_BW_EXISTING,1,INCLUDED_IN_906_MAIN,,,AIA_906_V1_20260806
V44_7e6587523c90,1027,Yoo2024_Animals_Additives,Additive_incompleteLatin,Control,growing,37.9,1.4,46.5,6.0,14.2,26.3,19.886,4.055418482413613,11.886,4.686,50.48040275166824,18.587,,,,,development,Historical Study_ID,1,20.2,33.214285714285715,0.0369393139841688,1.2269129287598943,1.0698875558185827,1.673060743732122,1.019156687141251,0.2898494920181446,0.6513449411093283,0.1730002446695206,0.3203122445254359,0.2844013051920177,0.6391018665994923,0.1697484271577403,46.5,6.0,14.2,26.3,20.2,19.886,4.055418482413613,11.886,4.686,50.48040275166824,18.587,1,1,1,1,1,100.11,1,INCLUDED,,0,EXISTING_REVIEWER_FORMULA,1,MASS_BALANCE_NI_MINUS_FN_MINUS_UN,DIRECT_INITIAL_BW_EXISTING,1,INCLUDED_IN_906_MAIN,,,AIA_906_V1_20260806
V44_e3579f3ee31c,1028,Yoo2024_Animals_Additives,Additive_incompleteLatin,Humic_Substances,growing,37.9,1.4,49.0,7.9,16.2,24.9,20.595,4.054966488469772,12.471,4.805,49.42654853250872,18.517,,,,,development,Historical Study_ID,1,24.1,35.0,0.0369393139841688,1.2928759894459103,1.1122212021385751,1.6514313206639402,1.019043097717026,0.2898171870376387,0.6512723458962795,0.1729809630434165,0.309250757986473,0.2844013051920174,0.6391018665994916,0.1697484271577402,49.0,7.9,16.2,24.9,24.1,20.595,4.054966488469772,12.471,4.805,49.42654853250872,18.517,1,1,1,1,1,100.11,1,INCLUDED,,0,EXISTING_REVIEWER_FORMULA,1,MASS_BALANCE_NI_MINUS_FN_MINUS_UN,DIRECT_INITIAL_BW_EXISTING,1,INCLUDED_IN_906_MAIN,,,AIA_906_V1_20260806
V44_b05810cfdcee,1035,An2025_JAST,Day14_Nutil,HP_PT0,weaned,10.962,0.595,18.79,4.4,0.67,13.72,20.53,4.836880302042665,7.115389807136697,2.430090934890946,46.80139132125684,18.73839477736207,,,,,development,Historical Study_ID,1,5.07,31.57983193277311,0.0542784163473818,1.7141032658274038,1.0956114567936404,2.885295192036917,1.144030470863398,0.4231427172008244,0.7467752825712027,0.2359906593370613,0.3482800995078537,0.3698701459249414,0.6527582101966328,0.2062800470331524,18.79,4.4,0.67,13.72,5.07,20.53,4.836880302042665,7.115389807136697,2.430090934890946,46.80139132125684,18.73839477736207,1,1,1,1,1,100.0,1,INCLUDED,,0,EXISTING_REVIEWER_FORMULA,1,MASS_BALANCE_NI_MINUS_FN_MINUS_UN,DIRECT_INITIAL_BW_EXISTING,1,INCLUDED_IN_906_MAIN,,,AIA_906_V1_20260806
V44_68734ded490d,1036,An2025_JAST,Day14_Nutil,HP_PT10,weaned,10.925,0.599,18.99,4.1,0.6,14.29,20.53,4.831517819636308,7.107501219809237,2.427396776865433,46.74950423249692,18.71762016520669,,,,,development,Historical Study_ID,1,4.699999999999999,31.702838063439064,0.0548283752860411,1.738215102974828,1.0968274715907669,2.888497569691732,1.142762123728624,0.4226735934610022,0.7459473585655999,0.2357290246304458,0.347893973370867,0.3698701459249414,0.6527582101966329,0.2062800470331524,18.99,4.1,0.6,14.29,4.699999999999999,20.53,4.831517819636308,7.107501219809237,2.427396776865433,46.74950423249692,18.71762016520669,1,1,1,1,1,100.1,1,INCLUDED,,0,EXISTING_REVIEWER_FORMULA,1,MASS_BALANCE_NI_MINUS_FN_MINUS_UN,DIRECT_INITIAL_BW_EXISTING,1,INCLUDED_IN_906_MAIN,,,AIA_906_V1_20260806
V44_05173fcef66c,1037,An2025_JAST,Day14_Nutil,LP_PT0,weaned,10.94,0.599,17.36,3.98,0.6,12.78,18.51,4.939745420962392,7.291395467605703,2.351225974140821,50.49776882005037,18.729415013913,,,,,development,Historical Study_ID,1,4.58,28.98163606010017,0.0547531992687385,1.586837294332724,0.9882850044301968,2.538608704223553,1.006229133132125,0.6028777827536073,0.656348743752424,0.2005492101077501,0.3397586213979351,0.5991456248906333,0.6522855700961312,0.1993076959355107,17.36,3.98,0.6,12.78,4.58,18.51,4.939745420962392,7.291395467605703,2.351225974140821,50.49776882005037,18.729415013913,1,1,1,1,1,100.0,1,INCLUDED,,0,EXISTING_REVIEWER_FORMULA,1,MASS_BALANCE_NI_MINUS_FN_MINUS_UN,DIRECT_INITIAL_BW_EXISTING,1,INCLUDED_IN_906_MAIN,,,AIA_906_V1_20260806
V44_60fd02309b69,1038,An2025_JAST,Day14_Nutil,LP_PT10,weaned,10.943,0.6,17.69,3.75,0.58,13.36,18.51,4.934263692072535,7.283304068196221,2.348616774222473,50.44173049122483,18.70863062795331,,,,,development,Historical Study_ID,1,4.33,29.483333333333334,0.0548295714155167,1.6165585305674863,0.9893829413866068,2.5414289760092603,1.005112501638223,0.6022087578794204,0.6556203811418362,0.2003266568574913,0.3393815848319229,0.5991456248906329,0.6522855700961305,0.1993076959355105,17.69,3.75,0.58,13.36,4.33,18.51,4.934263692072535,7.283304068196221,2.348616774222473,50.44173049122483,18.70863062795331,1,1,1,1,1,100.1,1,INCLUDED,,0,EXISTING_REVIEWER_FORMULA,1,MASS_BALANCE_NI_MINUS_FN_MINUS_UN,DIRECT_INITIAL_BW_EXISTING,1,INCLUDED_IN_906_MAIN,,,AIA_906_V1_20260806
V44_a60580d31d1b,1039,An2025_JAST,Day7_Nutil,HP_PT0,weaned,10.962,0.551,18.29,4.03,0.53,13.73,20.53,4.836880302042665,7.115389807136697,2.430090934890946,46.80139132125684,18.73839477736207,,,,,development,Historical Study_ID,1,4.5600000000000005,33.19419237749546,0.0502645502645502,1.668491151249772,1.0956114567936404,2.885295192036917,1.144030470863398,0.4231427172008244,0.7467752825712027,0.2359906593370613,0.3482800995078537,0.3698701459249414,0.6527582101966328,0.2062800470331524,18.29,4.03,0.53,13.73,4.5600000000000005,20.53,4.836880302042665,7.115389807136697,2.430090934890946,46.80139132125684,18.73839477736207,1,1,1,1,1,100.0,1,INCLUDED,,0,EXISTING_REVIEWER_FORMULA,1,MASS_BALANCE_NI_MINUS_FN_MINUS_UN,DIRECT_INITIAL_BW_EXISTING,1,INCLUDED_IN_906_MAIN,,,AIA_906_V1_20260806
V44_70975e957400,1040,An2025_JAST,Day7_Nutil,HP_PT10,weaned,10.925,0.551,18.32,3.95,0.53,13.840000000000002,20.53,4.831517819636308,7.107501219809237,2.427396776865433,46.74950423249692,18.71762016520669,,,,,development,Historical Study_ID,1,4.48,33.2486388384755,0.0504347826086956,1.676887871853547,1.0968274715907669,2.888497569691732,1.142762123728624,0.4226735934610022,0.7459473585655999,0.2357290246304458,0.347893973370867,0.3698701459249414,0.6527582101966329,0.2062800470331524,18.32,3.95,0.53,13.840000000000002,4.48,20.53,4.831517819636308,7.107501219809237,2.427396776865433,46.74950423249692,18.71762016520669,1,1,1,1,1,100.1,1,INCLUDED,,0,EXISTING_REVIEWER_FORMULA,1,MASS_BALANCE_NI_MINUS_FN_MINUS_UN,DIRECT_INITIAL_BW_EXISTING,1,INCLUDED_IN_906_MAIN,,,AIA_906_V1_20260806
V44_58cdb535b818,1041,An2025_JAST,Day7_Nutil,LP_PT0,weaned,10.94,0.55,16.38,3.61,0.52,12.25,18.51,4.939745420962392,7.291395467605703,2.351225974140821,50.49776882005037,18.729415013913,,,,,development,Historical Study_ID,1,4.13,29.781818181818178,0.0502742230347349,1.4972577696526508,0.9882850044301968,2.538608704223553,1.006229133132125,0.6028777827536073,0.656348743752424,0.2005492101077501,0.3397586213979351,0.5991456248906333,0.6522855700961312,0.1993076959355107,16.38,3.61,0.52,12.25,4.13,18.51,4.939745420962392,7.291395467605703,2.351225974140821,50.49776882005037,18.729415013913,1,1,1,1,1,100.0,1,INCLUDED,,0,EXISTING_REVIEWER_FORMULA,1,MASS_BALANCE_NI_MINUS_FN_MINUS_UN,DIRECT_INITIAL_BW_EXISTING,1,INCLUDED_IN_906_MAIN,,,AIA_906_V1_20260806
V44_6a60cf9f8f7c,1042,An2025_JAST,Day7_Nutil,LP_PT10,weaned,10.943,0.554,16.71,3.82,0.49,12.4,18.51,4.934263692072535,7.283304068196221,2.348616774222473,50.44173049122483,18.70863062795331,,,,,development,Historical Study_ID,1,4.31,30.162454873646208,0.0506259709403271,1.5270035639221422,0.9893829413866068,2.5414289760092603,1.005112501638223,0.6022087578794204,0.6556203811418362,0.2003266568574913,0.3393815848319229,0.5991456248906329,0.6522855700961305,0.1993076959355105,16.71,3.82,0.49,12.4,4.31,18.51,4.934263692072535,7.283304068196221,2.348616774222473,50.44173049122483,18.70863062795331,1,1,1,1,1,100.1,1,INCLUDED,,0,EXISTING_REVIEWER_FORMULA,1,MASS_BALANCE_NI_MINUS_FN_MINUS_UN,DIRECT_INITIAL_BW_EXISTING,1,INCLUDED_IN_906_MAIN,,,AIA_906_V1_20260806
V44_de30697fb2f9,1047,Cristobal2025_JAS,NBalance,CP13.40_AA5,growing,20.5,1.11,23.7,4.23,1.93,17.54,13.4,5.634557887910433,9.051270820257578,3.317390696418097,54.146874954060685,18.61840856009165,,,,,development,Historical Study_ID,1,6.16,21.351351351351347,0.0541463414634146,1.1560975609756097,0.7197177974020159,1.480455094770733,0.0,0.0,0.0,0.0,0.0,,,,23.7,4.23,1.93,17.54,6.16,13.4,5.634557887910433,9.051270820257578,3.317390696418097,54.146874954060685,18.61840856009165,1,1,1,1,1,100.0,1,INCLUDED,,0,DIRECT_PRIMARY_TABLE_EXACT,1,MASS_BALANCE_NI_MINUS_FN_MINUS_UN,DIRECT_INITIAL_BW_EXISTING,1,INCLUDED_IN_906_MAIN,,,AIA_906_V1_20260806
V44_55cce46b08b5,1048,Cristobal2025_JAS,NBalance,CP15.38_AA4,growing,20.5,1.08,26.65,4.23,3.46,18.96,15.38,5.555538619369061,9.151654346152208,3.5014079732772423,51.63240942569866,18.69011433048312,,,,,development,Historical Study_ID,1,7.69,24.675925925925924,0.0526829268292683,1.2999999999999998,0.8228949126820266,1.680570464996472,0.0,0.0,0.0,0.0,0.0,,,,26.65,4.23,3.46,18.96,7.69,15.38,5.555538619369061,9.151654346152208,3.5014079732772423,51.63240942569866,18.69011433048312,1,1,1,1,1,100.0,1,INCLUDED,,0,DIRECT_PRIMARY_TABLE_EXACT,1,MASS_BALANCE_NI_MINUS_FN_MINUS_UN,DIRECT_INITIAL_BW_EXISTING,1,INCLUDED_IN_906_MAIN,,,AIA_906_V1_20260806
V44_2631723963a7,1049,Cristobal2025_JAS,NBalance,CP16.36_AA3,growing,20.5,1.07,28.13,3.79,4.04,20.3,16.36,5.530829131889728,9.17817141036841,3.554980912086946,50.86317954985278,18.704883140620858,,,,,development,Historical Study_ID,1,7.83,26.28971962616822,0.0521951219512195,1.3721951219512194,0.8746379155115627,1.782490135400872,0.0,0.0,0.0,0.0,0.0,,,,28.13,3.79,4.04,20.3,7.83,16.36,5.530829131889728,9.17817141036841,3.554980912086946,50.86317954985278,18.704883140620858,1,1,1,1,1,100.0,1,INCLUDED,,0,DIRECT_PRIMARY_TABLE_EXACT,1,MASS_BALANCE_NI_MINUS_FN_MINUS_UN,DIRECT_INITIAL_BW_EXISTING,1,INCLUDED_IN_906_MAIN,,,AIA_906_V1_20260806
V44_a5ee3fa3347c,1050,Cristobal2025_JAS,NBalance,CP20.02_CTL,growing,20.5,1.07,34.39,4.57,6.76,23.06,20.02,5.31529866665469,9.412098458277384,4.024417419265021,44.14431026662415,18.83783575018076,,,,,development,Historical Study_ID,1,11.33,32.14018691588785,0.0521951219512195,1.677560975609756,1.0627547806179325,2.127049572286783,0.0,0.0,0.0,0.0,0.0,,,,34.39,4.57,6.76,23.06,11.33,20.02,5.31529866665469,9.412098458277384,4.024417419265021,44.14431026662415,18.83783575018076,1,1,1,1,1,100.0,1,INCLUDED,,0,DIRECT_PRIMARY_TABLE_EXACT,1,MASS_BALANCE_NI_MINUS_FN_MINUS_UN,DIRECT_INITIAL_BW_EXISTING,1,INCLUDED_IN_906_MAIN,,,AIA_906_V1_20260806
V44_683908215ef5,1057,GarciaContreras2025_Animals,DAS,CO,growing,23.8,1.329,45.0,8.145,9.955,26.90000000000001,21.16,53.3,11.90982588419398,57.33,44.78025798391991,18.61952551053297,,,,,confirmation,Historical Study_ID,1,18.1,33.86004514672686,0.0558403361344537,1.8907563025210083,1.136441419413717,1.7766842442325128,0.7813373218663935,0.2455429976904593,0.5608307455659709,0.1905020750300641,0.2307825265437126,0.3142599115884119,0.7177831262767599,0.2438154043057979,45.0,8.145,9.955,26.90000000000001,18.1,21.16,53.3,11.90982588419398,57.33,44.78025798391991,18.61952551053297,1,1,1,1,1,99.23,1,INCLUDED,,0,EXISTING_REVIEWER_FORMULA,1,MASS_BALANCE_NI_MINUS_FN_MINUS_UN,DIRECT_INITIAL_BW_EXISTING,1,INCLUDED_IN_906_MAIN,,,AIA_906_V1_20260806
V44_946f40ad3fa1,1058,GarciaContreras2025_Animals,DAS,S10,growing,23.8,1.275,42.8,9.288,9.112,24.4,20.98,50.11,13.75541116074429,71.43,42.25214084190294,18.8113741908426,,,,,confirmation,Historical Study_ID,1,18.4,33.568627450980394,0.0535714285714285,1.7983193277310925,1.1152826894599277,1.525217949127796,0.75773595946822,0.2429370647594279,0.5546247064389045,0.1853497815521761,0.2257316371151751,0.320609127393032,0.731949829632133,0.2446099848319918,42.8,9.288,9.112,24.4,18.4,20.98,50.11,13.75541116074429,71.43,42.25214084190294,18.8113741908426,1,1,1,1,1,98.947,1,INCLUDED,,0,EXISTING_REVIEWER_FORMULA,1,MASS_BALANCE_NI_MINUS_FN_MINUS_UN,DIRECT_INITIAL_BW_EXISTING,1,INCLUDED_IN_906_MAIN,,,AIA_906_V1_20260806
V44_255ea8706e9b,1059,GarciaContreras2025_Animals,DAS,S20,growing,23.8,1.166,36.1,10.794,7.606,17.700000000000003,19.35,51.68,15.59272455932572,67.11,39.73535467264323,19.00236300903035,,,,,confirmation,Historical Study_ID,1,18.4,30.96054888507719,0.0489915966386554,1.5168067226890756,1.018294408479853,1.240963368933951,0.7342403779256576,0.2403428115700343,0.5484464826607043,0.1802205805552752,0.2371577448080289,0.3273353234114416,0.7469576710152475,0.2454517430169479,36.1,10.794,7.606,17.700000000000003,18.4,19.35,51.68,15.59272455932572,67.11,39.73535467264323,19.00236300903035,1,1,1,1,1,99.064,1,INCLUDED,,0,EXISTING_REVIEWER_FORMULA,1,MASS_BALANCE_NI_MINUS_FN_MINUS_UN,DIRECT_INITIAL_BW_EXISTING,1,INCLUDED_IN_906_MAIN,,,AIA_906_V1_20260806
V44_acd066a0407a,1060,Lee2025_Animals_BakeryMeal,8x8_LatinSquare,BMD_Enz,growing,33.06,1.113,14.09,2.83,1.53,9.73,7.91,5.32,6.32,1.89,61.01570377625178,18.02087678489945,,,,,development,Historical Study_ID,1,4.36,12.65947888589398,0.0336660617059891,0.426194797338173,0.4389353578305449,1.2515822784810129,0.2189868782762574,0.1445633326284627,0.2319867335922805,0.0634723041479783,0.1730300871335788,0.6601460953568754,1.0593636267997002,0.2898452393476581,14.09,2.83,1.53,9.73,4.36,7.91,5.32,6.32,1.89,61.01570377625178,18.02087678489945,1,1,1,1,1,97.1,1,INCLUDED,,0,EXISTING_REVIEWER_FORMULA,1,MASS_BALANCE_NI_MINUS_FN_MINUS_UN,DIRECT_INITIAL_BW_EXISTING,1,INCLUDED_IN_906_MAIN,,,AIA_906_V1_20260806
V44_95d3dd04d9d0,1061,Lee2025_Animals_BakeryMeal,8x8_LatinSquare,BMD_noEnz,growing,33.06,1.106,14.0,2.93,1.45,9.62,7.91,5.32,6.32,1.89,61.01570377625178,18.02087678489945,,,,,development,Historical Study_ID,1,4.38,12.658227848101264,0.0334543254688445,0.4234724742891712,0.4389353578305449,1.2515822784810129,0.2189868782762574,0.1445633326284627,0.2319867335922805,0.0634723041479783,0.1730300871335788,0.6601460953568754,1.0593636267997002,0.2898452393476581,14.0,2.93,1.45,9.62,4.38,7.91,5.32,6.32,1.89,61.01570377625178,18.02087678489945,1,1,1,1,1,97.0,1,INCLUDED,,0,EXISTING_REVIEWER_FORMULA,1,MASS_BALANCE_NI_MINUS_FN_MINUS_UN,DIRECT_INITIAL_BW_EXISTING,1,INCLUDED_IN_906_MAIN,,,AIA_906_V1_20260806
V44_b9ae1803038e,1062,Lee2025_Animals_BakeryMeal,8x8_LatinSquare,CON_Enz,growing,33.06,1.0925,13.42,2.59,1.49,9.34,7.68,4.03,8.93,2.98,69.56347926137325,18.16379736269191,,,,,development,Historical Study_ID,1,4.08,12.2837528604119,0.0330459770114942,0.4059286146400483,0.422819075034088,0.8600223964165733,0.1835702924952905,0.1545855094697183,0.2318782642045775,0.0483079717092869,0.1493898864707767,0.8421052631578947,1.2631578947368425,0.2631578947368417,13.42,2.59,1.49,9.34,4.08,7.68,4.03,8.93,2.98,69.56347926137325,18.16379736269191,1,1,1,1,1,97.1,1,INCLUDED,,0,EXISTING_REVIEWER_FORMULA,1,MASS_BALANCE_NI_MINUS_FN_MINUS_UN,DIRECT_INITIAL_BW_EXISTING,1,INCLUDED_IN_906_MAIN,,,AIA_906_V1_20260806
V44_2898dbb8bbcb,1063,Lee2025_Animals_BakeryMeal,8x8_LatinSquare,CON_noEnz,growing,33.06,1.02983,12.65,2.5,1.56,8.59,7.68,4.03,8.93,2.98,69.56347926137325,18.16379736269191,,,,,development,Historical Study_ID,1,4.0600000000000005,12.283580785178136,0.0311503327283726,0.3826376285541439,0.422819075034088,0.8600223964165733,0.1835702924952905,0.1545855094697183,0.2318782642045775,0.0483079717092869,0.1493898864707767,0.8421052631578947,1.2631578947368425,0.2631578947368417,12.65,2.5,1.56,8.59,4.0600000000000005,7.68,4.03,8.93,2.98,69.56347926137325,18.16379736269191,1,1,1,1,1,97.0,1,INCLUDED,,0,EXISTING_REVIEWER_FORMULA,1,MASS_BALANCE_NI_MINUS_FN_MINUS_UN,DIRECT_INITIAL_BW_EXISTING,1,INCLUDED_IN_906_MAIN,,,AIA_906_V1_20260806
V44_8b3f5da61972,1064,Lee2025_Animals_BakeryMeal,8x8_LatinSquare,PBMD_Enz,growing,33.06,1.10133,16.86,2.81,1.65,12.4,9.73,4.24,12.4,4.39,61.01570377625178,18.02087678489945,,,,,development,Historical Study_ID,1,4.46,15.308763041050367,0.0333130671506352,0.5099818511796733,0.5399293339685465,0.7846774193548387,0.2189868782762574,0.1445633326284627,0.2319867335922805,0.0634723041479783,0.1406647470942044,0.6601460953568754,1.0593636267997002,0.2898452393476581,16.86,2.81,1.65,12.4,4.46,9.73,4.24,12.4,4.39,61.01570377625178,18.02087678489945,1,1,1,1,1,97.1,1,INCLUDED,,0,EXISTING_REVIEWER_FORMULA,1,MASS_BALANCE_NI_MINUS_FN_MINUS_UN,DIRECT_INITIAL_BW_EXISTING,1,INCLUDED_IN_906_MAIN,,,AIA_906_V1_20260806
V44_4ea7b8e5c77e,1065,Lee2025_Animals_BakeryMeal,8x8_LatinSquare,PBMD_noEnz,growing,33.06,1.08317,16.86,3.04,1.86,11.96,9.73,4.24,12.4,4.39,61.01570377625178,18.02087678489945,,,,,development,Historical Study_ID,1,4.9,15.565423710036285,0.0327637628554143,0.5099818511796733,0.5399293339685465,0.7846774193548387,0.2189868782762574,0.1445633326284627,0.2319867335922805,0.0634723041479783,0.1406647470942044,0.6601460953568754,1.0593636267997002,0.2898452393476581,16.86,3.04,1.86,11.96,4.9,9.73,4.24,12.4,4.39,61.01570377625178,18.02087678489945,1,1,1,1,1,97.0,1,INCLUDED,,0,EXISTING_REVIEWER_FORMULA,1,MASS_BALANCE_NI_MINUS_FN_MINUS_UN,DIRECT_INITIAL_BW_EXISTING,1,INCLUDED_IN_906_MAIN,,,AIA_906_V1_20260806
V44_bda708b57fb3,1066,Lee2025_Animals_BakeryMeal,8x8_LatinSquare,SBMD_Enz,growing,33.06,1.10322,17.33,2.91,1.61,12.81,9.82,3.47,11.42,4.82,61.01570377625178,18.02087678489945,,,,,development,Historical Study_ID,1,4.5200000000000005,15.708562208806944,0.0333702359346642,0.5241984271022383,0.5449235415797663,0.8598949211908932,0.2189868782762574,0.1445633326284627,0.2319867335922805,0.0634723041479783,0.1393755589843797,0.6601460953568754,1.0593636267997002,0.2898452393476581,17.33,2.91,1.61,12.81,4.5200000000000005,9.82,3.47,11.42,4.82,61.01570377625178,18.02087678489945,1,1,1,1,1,97.1,1,INCLUDED,,0,EXISTING_REVIEWER_FORMULA,1,MASS_BALANCE_NI_MINUS_FN_MINUS_UN,DIRECT_INITIAL_BW_EXISTING,1,INCLUDED_IN_906_MAIN,,,AIA_906_V1_20260806
V44_ca125dcfad4d,1067,Lee2025_Animals_BakeryMeal,8x8_LatinSquare,SBMD_noEnz,growing,33.06,1.088,17.09,3.36,1.9,11.83,9.82,3.47,11.42,4.82,61.01570377625178,18.02087678489945,,,,,development,Historical Study_ID,1,5.26,15.707720588235292,0.0329098608590441,0.5169388989715669,0.5449235415797663,0.8598949211908932,0.2189868782762574,0.1445633326284627,0.2319867335922805,0.0634723041479783,0.1393755589843797,0.6601460953568754,1.0593636267997002,0.2898452393476581,17.09,3.36,1.9,11.83,5.26,9.82,3.47,11.42,4.82,61.01570377625178,18.02087678489945,1,1,1,1,1,97.0,1,INCLUDED,,0,EXISTING_REVIEWER_FORMULA,1,MASS_BALANCE_NI_MINUS_FN_MINUS_UN,DIRECT_INITIAL_BW_EXISTING,1,INCLUDED_IN_906_MAIN,,,AIA_906_V1_20260806
V44_4c2c31706ad7,1069,Miller2025_TIU_Grower,GrowingPig_NBalance,TIU_0.99,growing,39.8,1.93164,61.3,6.2,12.1,42.99999999999999,19.834,6.264,8.303,4.381,46.97940847423367,19.10378359427865,,,,,development,Historical Study_ID,1,18.3,31.734691764510984,0.0485336683417085,1.5402010050251256,1.0382236535562537,2.3887751415151146,0.9963837253619025,0.3368657410147061,0.6391938122618886,0.2056205888186365,0.3139759142639856,0.3380883613814056,0.6415137019923958,0.2063668680898534,61.3,6.2,12.1,42.99999999999999,18.3,19.834,6.264,8.303,4.381,46.97940847423367,19.10378359427865,1,1,1,1,1,98.67,1,INCLUDED,,0,EXISTING_REVIEWER_FORMULA,1,MASS_BALANCE_NI_MINUS_FN_MINUS_UN,DIRECT_INITIAL_BW_EXISTING,1,INCLUDED_IN_906_MAIN,,,AIA_906_V1_20260806
V44_e211d9986ff1,1070,Miller2025_TIU_Grower,GrowingPig_NBalance,TIU_2.23,growing,39.9,1.88732,59.9,6.4,12.2,41.3,19.836,6.354,8.293,4.348,47.13065595785071,19.10144630976107,,,,,development,Historical Study_ID,1,18.6,31.738126019964817,0.047301253132832,1.5012531328320802,1.0384553964305605,2.3918967804172198,0.9874082605976916,0.3354186907774588,0.6569930934087034,0.2043944846585497,0.311116234560172,0.3396960549777306,0.6653712751106787,0.2070009871446963,59.9,6.4,12.2,41.3,18.6,19.836,6.354,8.293,4.348,47.13065595785071,19.10144630976107,1,1,1,1,1,98.67,1,INCLUDED,,0,EXISTING_REVIEWER_FORMULA,1,MASS_BALANCE_NI_MINUS_FN_MINUS_UN,DIRECT_INITIAL_BW_EXISTING,1,INCLUDED_IN_906_MAIN,,,AIA_906_V1_20260806
V44_a36d939106d2,1071,Miller2025_TIU_Grower,GrowingPig_NBalance,TIU_3.07,growing,39.9,2.02375,58.8,7.4,14.7,36.7,18.159,6.535,8.295,4.349,46.92207986305142,19.10675812520212,,,,,development,Historical Study_ID,1,22.1,29.05497220506485,0.0507205513784461,1.4736842105263157,0.9503967068096176,2.189150090415913,0.987463014927946,0.3357499458686883,0.6593504533224889,0.2058311590450041,0.3398669443966993,0.3400126797591377,0.667721669930697,0.2084444236729447,58.8,7.4,14.7,36.7,22.1,18.159,6.535,8.295,4.349,46.92207986305142,19.10675812520212,1,1,1,1,1,98.66,1,INCLUDED,,0,EXISTING_REVIEWER_FORMULA,1,MASS_BALANCE_NI_MINUS_FN_MINUS_UN,DIRECT_INITIAL_BW_EXISTING,1,INCLUDED_IN_906_MAIN,,,AIA_906_V1_20260806
V44_d145c061403c,1072,Miller2025_TIU_Grower,GrowingPig_NBalance,TIU_6.49,growing,39.3,1.87705,57.6,8.5,14.1,35.0,19.179,6.886,8.3,4.352,46.52247571756835,19.11347931100754,,,,,development,Historical Study_ID,1,22.6,30.68644948189979,0.0477620865139949,1.4656488549618325,1.0034279833580442,2.3107228915662645,0.9871841860088032,0.3363095036689842,0.6636844125320454,0.2085260478277275,0.3217008792197205,0.3406755379952826,0.6723004905653208,0.2112331728801295,57.6,8.5,14.1,35.0,22.6,19.179,6.886,8.3,4.352,46.52247571756835,19.11347931100754,1,1,1,1,1,98.64,1,INCLUDED,,0,EXISTING_REVIEWER_FORMULA,1,MASS_BALANCE_NI_MINUS_FN_MINUS_UN,DIRECT_INITIAL_BW_EXISTING,1,INCLUDED_IN_906_MAIN,,,AIA_906_V1_20260806
V44_8f0e4e46fc03,1073,Miller2025_TIU_Grower,GrowingPig_NBalance,TIU_9.38,growing,39.8,1.88473,45.9,7.8,6.9,31.200000000000003,15.221,7.375,8.293,3.436,55.52756409447637,18.92104423816564,,,,,development,Historical Study_ID,1,14.7,24.35362094305285,0.0473550251256281,1.1532663316582914,0.8044482010827775,1.835403352224768,1.029481241690878,0.4085802405934345,0.6793758853433532,0.2472781417623472,0.4227224072378941,0.3968797332551288,0.6599206064478726,0.2401968406497661,45.9,7.8,6.9,31.200000000000003,14.7,15.221,7.375,8.293,3.436,55.52756409447637,18.92104423816564,1,1,1,1,1,98.53,1,INCLUDED,,0,EXISTING_REVIEWER_FORMULA,1,MASS_BALANCE_NI_MINUS_FN_MINUS_UN,DIRECT_INITIAL_BW_EXISTING,1,INCLUDED_IN_906_MAIN,,,AIA_906_V1_20260806
V44_d77f1d43481e,1085,Sobotka2025_Animals,two_phase_avgPhaseTrials,C,growing-finishing,70.0,2.658132530120482,70.6,12.6,29.8,28.199999999999992,16.6,2.045604355343517,16.79660159772245,6.456087905427396,43.71045559505637,17.95942091340218,,,,,development,Historical Study_ID,1,42.4,26.56,0.037973321858864,1.0085714285714285,0.9243059717817677,0.9882951562208212,0.8217363030734217,0.2198112385846848,0.4975766502798407,0.1744444926798475,0.3093886683258364,0.2674960784409262,0.6055186419522012,0.2122876791829665,70.6,12.6,29.8,28.199999999999992,42.4,16.6,2.045604355343517,16.79660159772245,6.456087905427396,43.71045559505637,17.95942091340218,1,1,1,1,1,100.015,1,INCLUDED,,0,EXISTING_REVIEWER_FORMULA,1,MASS_BALANCE_NI_MINUS_FN_MINUS_UN,REPORTED_RANGE_MIDPOINT,1,INCLUDED_IN_906_MAIN,,,AIA_906_V1_20260806
V44_971e5d18e15a,1086,Sobotka2025_Animals,two_phase_avgPhaseTrials,L,growing-finishing,70.0,2.680457746478873,60.9,12.5,21.2,27.2,14.2,2.730011933800847,17.26787375486901,6.454252639503588,46.38117079485525,18.06295762588667,,,,,development,Historical Study_ID,1,33.7,22.72,0.0382922535211267,0.87,0.7861392521703905,0.8223363340258399,0.7027979926451526,0.1918612196797717,0.4165756569256119,0.1455837972259855,0.3093301023966341,0.2729962545249381,0.5927388257865212,0.2071488518031264,60.9,12.5,21.2,27.2,33.7,14.2,2.730011933800847,17.26787375486901,6.454252639503588,46.38117079485525,18.06295762588667,1,1,1,1,1,99.99,1,INCLUDED,,0,EXISTING_REVIEWER_FORMULA,1,MASS_BALANCE_NI_MINUS_FN_MINUS_UN,REPORTED_RANGE_MIDPOINT,1,INCLUDED_IN_906_MAIN,,,AIA_906_V1_20260806
V44_f0432cdb6adf,1087,Sobotka2025_Animals,two_phase_avgPhaseTrials,L+AA,growing-finishing,70.0,2.644230769230769,60.5,10.8,22.0,27.700000000000003,14.3,2.720303659051268,17.19242072396014,6.42762234123745,46.16167418232846,18.06122368425773,,,,,development,Historical Study_ID,1,32.8,22.88,0.0377747252747252,0.8642857142857143,0.7917514477418253,0.8317618693492574,0.8509264593159195,0.299384025798267,0.5115649183977713,0.1821850246723669,0.3719084175331815,0.3518330197875726,0.6011858167026922,0.2141019622528013,60.5,10.8,22.0,27.700000000000003,32.8,14.3,2.720303659051268,17.19242072396014,6.42762234123745,46.16167418232846,18.06122368425773,1,1,1,1,1,100.09,1,INCLUDED,,0,EXISTING_REVIEWER_FORMULA,1,MASS_BALANCE_NI_MINUS_FN_MINUS_UN,REPORTED_RANGE_MIDPOINT,1,INCLUDED_IN_906_MAIN,,,AIA_906_V1_20260806
V44_717b5c2f36c0,1098,Wang2025_JAS,CPI_Nutil,CPID,growing,20.19,0.86,25.038946325,4.189015720152954,3.169930604730212,17.680000000116834,15.36,3.473936786726412,6.360870723749413,2.188579746847628,54.52314809750685,17.28396981668352,,,,,development,Historical Study_ID,1,7.358946324883165,29.115053866279077,0.0425953442298167,1.2401657417038137,0.8886847271148096,2.414763743374123,1.245026644048723,0.3318771507866328,0.606589404248784,0.1499689127241686,0.5066026383661797,0.266562287942205,0.4872099783151675,0.1204543801861799,25.038946325,4.189015720152954,3.169930604730212,17.680000000116834,7.358946324883165,15.36,3.473936786726412,6.360870723749413,2.188579746847628,54.52314809750685,17.28396981668352,1,1,1,1,1,91.9,0,INCLUDED,,0,EXISTING_REVIEWER_FORMULA,1,MASS_BALANCE_NI_MINUS_FN_MINUS_UN,DIRECT_INITIAL_BW_EXISTING,1,INCLUDED_IN_906_MAIN,,,AIA_906_V1_20260806
V44_72b753cbbf7c,1099,Wang2025_JAS,CPI_Nutil,CSD,growing,19.7,0.79,20.30870373,3.576362726882951,2.522341003287121,14.209999999829927,15.35,6.573735134000793,7.808798739547582,2.959728478652142,46.76723489916491,18.8792235204507,,,,,development,Historical Study_ID,1,6.098703730170072,25.707219911392407,0.0401015228426396,1.030898666497462,0.8130630999401162,1.9657312874847293,1.031891944407741,0.3455649773658187,0.6240063999715755,0.1618401694815512,0.420151443162761,0.3348848483977237,0.604720681611413,0.1568382914108706,20.30870373,3.576362726882951,2.522341003287121,14.209999999829927,6.098703730170072,15.35,6.573735134000793,7.808798739547582,2.959728478652142,46.76723489916491,18.8792235204507,1,1,1,1,1,96.8,1,INCLUDED,,0,EXISTING_REVIEWER_FORMULA,1,MASS_BALANCE_NI_MINUS_FN_MINUS_UN,DIRECT_INITIAL_BW_EXISTING,1,INCLUDED_IN_906_MAIN,,,AIA_906_V1_20260806
V44_3042d8c78f24,1100,Wang2025_JAS,CPI_Nutil,CSMD,growing,19.93,0.79,18.601647021,3.703587921847248,3.378059098982721,11.520000000170032,15.35,3.269408903736316,9.364982281326544,4.416984900298504,51.53689309358654,17.12455538670174,,,,,development,Historical Study_ID,1,7.081647020829969,23.546388634177216,0.0396387355745107,0.9333490728048168,0.8963736373512045,1.6390847882977182,1.057392542296232,0.3135401618691512,0.5391423360768876,0.1375435557758156,0.4305344227590521,0.2965220098756019,0.5098790794439375,0.1300780460179208,18.601647021,3.703587921847248,3.378059098982721,11.520000000170032,7.081647020829969,15.35,3.269408903736316,9.364982281326544,4.416984900298504,51.53689309358654,17.12455538670174,1,1,1,1,1,92.05,0,INCLUDED,,0,EXISTING_REVIEWER_FORMULA,1,MASS_BALANCE_NI_MINUS_FN_MINUS_UN,DIRECT_INITIAL_BW_EXISTING,1,INCLUDED_IN_906_MAIN,,,AIA_906_V1_20260806
V44_f6aeef8f6739,1108,Zhai2025_LivSci,CaSource_x_Phytase,CaCO3_NoPhytase,growing,16.4,0.74130337,27.9456,3.912384,3.101962,20.931254,23.5612040992,8.204889281698529,11.11318935188437,5.062830375369804,40.84651313537128,19.11029995182674,,,,,confirmation,Historical Study_ID,1,7.014346,37.69792655873128,0.045201425,1.7040000000000002,1.2329060327987056,2.120111819673524,0.8898631127226633,0.2942170075390322,0.6706842096239224,0.2117800766236905,0.2713204387609498,0.3306317604724992,0.7536936861804152,0.2379917468156637,27.9456,3.912384,3.101962,20.931254,7.014346,23.5612040992,8.204889281698529,11.11318935188437,5.062830375369804,40.84651313537128,19.11029995182674,1,1,1,1,1,97.15,1,INCLUDED,,0,EXISTING_REVIEWER_FORMULA,1,MASS_BALANCE_NI_MINUS_FN_MINUS_UN,DIRECT_INITIAL_BW_EXISTING,1,INCLUDED_IN_906_MAIN,,,AIA_906_V1_20260806
V44_df3a7b6c1876,1109,Zhai2025_LivSci,CaSource_x_Phytase,CaCO3_Phytase,growing,16.4,0.74130337,27.9456,3.912384,2.403322,21.629894,23.5612040992,8.204889281698529,11.11318935188437,5.062830375369804,40.84651313537128,19.11029995182674,,,,,confirmation,Historical Study_ID,1,6.3157060000000005,37.69792655873128,0.045201425,1.7040000000000002,1.2329060327987056,2.120111819673524,0.8898631127226633,0.2942170075390322,0.6706842096239224,0.2117800766236905,0.2713204387609498,0.3306317604724992,0.7536936861804152,0.2379917468156637,27.9456,3.912384,2.403322,21.629894,6.3157060000000005,23.5612040992,8.204889281698529,11.11318935188437,5.062830375369804,40.84651313537128,19.11029995182674,1,1,1,1,1,97.15,1,INCLUDED,,0,EXISTING_REVIEWER_FORMULA,1,MASS_BALANCE_NI_MINUS_FN_MINUS_UN,DIRECT_INITIAL_BW_EXISTING,1,INCLUDED_IN_906_MAIN,,,AIA_906_V1_20260806
V44_945576623fd4,1110,Zhai2025_LivSci,CaSource_x_Phytase,CaCl2_NoPhytase,growing,16.4,0.74130337,27.9456,3.577037,4.834589,19.533974,23.5612040992,8.204889281698529,11.11318935188437,5.062830375369804,40.84651313537128,19.11029995182674,,,,,confirmation,Historical Study_ID,1,8.411626,37.69792655873128,0.045201425,1.7040000000000002,1.2329060327987056,2.120111819673524,0.8898631127226633,0.2942170075390322,0.6706842096239224,0.2117800766236905,0.2713204387609498,0.3306317604724992,0.7536936861804152,0.2379917468156637,27.9456,3.577037,4.834589,19.533974,8.411626,23.5612040992,8.204889281698529,11.11318935188437,5.062830375369804,40.84651313537128,19.11029995182674,1,1,1,1,1,97.15,1,INCLUDED,,0,EXISTING_REVIEWER_FORMULA,1,MASS_BALANCE_NI_MINUS_FN_MINUS_UN,DIRECT_INITIAL_BW_EXISTING,1,INCLUDED_IN_906_MAIN,,,AIA_906_V1_20260806
V44_42705880d10c,1111,Zhai2025_LivSci,CaSource_x_Phytase,CaCl2_Phytase,growing,16.4,0.74130337,27.9456,3.577037,1.704682,22.663881,23.5612040992,8.204889281698529,11.11318935188437,5.062830375369804,40.84651313537128,19.11029995182674,,,,,confirmation,Historical Study_ID,1,5.281719,37.69792655873128,0.045201425,1.7040000000000002,1.2329060327987056,2.120111819673524,0.8898631127226633,0.2942170075390322,0.6706842096239224,0.2117800766236905,0.2713204387609498,0.3306317604724992,0.7536936861804152,0.2379917468156637,27.9456,3.577037,1.704682,22.663881,5.281719,23.5612040992,8.204889281698529,11.11318935188437,5.062830375369804,40.84651313537128,19.11029995182674,1,1,1,1,1,97.15,1,INCLUDED,,0,EXISTING_REVIEWER_FORMULA,1,MASS_BALANCE_NI_MINUS_FN_MINUS_UN,DIRECT_INITIAL_BW_EXISTING,1,INCLUDED_IN_906_MAIN,,,AIA_906_V1_20260806
V44_e01cd8e5d34d,1112,Zhai2025_LivSci,CaSource_x_Phytase,MIX_NoPhytase,growing,16.4,0.74130337,27.9456,3.660874,2.710723,21.574003,23.5612040992,8.204889281698529,11.11318935188437,5.062830375369803,40.84651313537127,19.11029995182674,,,,,confirmation,Historical Study_ID,1,6.371597,37.69792655873128,0.045201425,1.7040000000000002,1.2329060327987056,2.120111819673524,0.889863112722663,0.2942170075390322,0.6706842096239223,0.2117800766236905,0.2713204387609497,0.3306317604724993,0.7536936861804152,0.2379917468156637,27.9456,3.660874,2.710723,21.574003,6.371597,23.5612040992,8.204889281698529,11.11318935188437,5.062830375369803,40.84651313537127,19.11029995182674,1,1,1,1,1,97.15,1,INCLUDED,,0,EXISTING_REVIEWER_FORMULA,1,MASS_BALANCE_NI_MINUS_FN_MINUS_UN,DIRECT_INITIAL_BW_EXISTING,1,INCLUDED_IN_906_MAIN,,,AIA_906_V1_20260806
V44_0b85742bf1c9,1113,Zhai2025_LivSci,CaSource_x_Phytase,MIX_Phytase,growing,16.4,0.74130337,27.9456,3.660874,2.207702,22.077024,23.5612040992,8.204889281698529,11.11318935188437,5.062830375369803,40.84651313537127,19.11029995182674,,,,,confirmation,Historical Study_ID,1,5.868576,37.69792655873128,0.045201425,1.7040000000000002,1.2329060327987056,2.120111819673524,0.889863112722663,0.2942170075390322,0.6706842096239223,0.2117800766236905,0.2713204387609497,0.3306317604724993,0.7536936861804152,0.2379917468156637,27.9456,3.660874,2.207702,22.077024,5.868576,23.5612040992,8.204889281698529,11.11318935188437,5.062830375369803,40.84651313537127,19.11029995182674,1,1,1,1,1,97.15,1,INCLUDED,,0,EXISTING_REVIEWER_FORMULA,1,MASS_BALANCE_NI_MINUS_FN_MINUS_UN,DIRECT_INITIAL_BW_EXISTING,1,INCLUDED_IN_906_MAIN,,,AIA_906_V1_20260806
V44_94756bba2a8b,1115,Zhang2025_Animals,NB,CON_60_110,finishing,80.0,2.93961086637298,64.06,11.17,17.24,35.650000000000006,13.62,3.69,9.952951913964457,3.787886046215493,58.37944121777889,18.29499297758937,,,,,development,Historical Study_ID,1,28.41,21.79200000000001,0.0367451358296622,0.8007500000000001,0.7444659867693828,1.368438240005008,0.8306170057748659,0.251741629625572,0.4969960206891914,0.1296881258916066,0.3811568491991859,0.3030778660626233,0.5983455879591025,0.1561346866124215,64.06,11.17,17.24,35.650000000000006,28.41,13.62,3.69,9.952951913964457,3.787886046215493,58.37944121777889,18.29499297758937,1,1,1,1,1,100.0,1,INCLUDED,,0,EXISTING_REVIEWER_FORMULA,1,MASS_BALANCE_NI_MINUS_FN_MINUS_UN,REPORTED_MEAN_BW_USED,1,INCLUDED_IN_906_MAIN,,,AIA_906_V1_20260806
V44_258f5533022b,1116,Zhang2025_Animals,NB,TES_60_110,finishing,80.0,2.74801587301587,60.94,10.14,14.8,36.0,13.86,8.33,9.779999971559358,3.564124919176618,53.91322366257059,19.36592905131753,,,,,development,Historical Study_ID,1,24.94,22.176000000000023,0.0343501984126983,0.7617499999999999,0.7156899089773882,1.417177918231641,0.8215456974941715,0.2619278248695258,0.4918117859552888,0.1401796540677174,0.3704661334299114,0.3188231959201321,0.598642032275725,0.1706291621942453,60.94,10.14,14.8,36.0,24.94,13.86,8.33,9.779999971559358,3.564124919176618,53.91322366257059,19.36592905131753,1,1,1,1,1,100.0,1,INCLUDED,,0,EXISTING_REVIEWER_FORMULA,1,MASS_BALANCE_NI_MINUS_FN_MINUS_UN,REPORTED_MEAN_BW_USED,1,INCLUDED_IN_906_MAIN,,,AIA_906_V1_20260806
V44_be131f289d4e,1117,Ordaz2026_MineralReduction_Enzymes,GrowingPig_NEnergyBalance,NC-100,growing,49.26,1.58457,37.69,5.61,7.36,24.72,14.8660204346,4.328110997702929,12.5780381718601,5.208970698438748,51.80980558279577,18.61844172709544,,,,,development,Historical Study_ID,1,12.97,23.78563269530535,0.032167478684531,0.7651238327243199,0.7984567480191138,1.1819029511182937,1.004155386999864,0.2834887136621281,0.6311661140797371,0.1574739995063409,0.3554798343730518,0.2823155831580142,0.6285542280119467,0.1568223419851674,37.69,5.61,7.36,24.72,12.97,14.8660204346,4.328110997702929,12.5780381718601,5.208970698438748,51.80980558279577,18.61844172709544,1,1,1,1,1,100.0,1,INCLUDED,,0,EXISTING_REVIEWER_FORMULA,1,MASS_BALANCE_NI_MINUS_FN_MINUS_UN,DIRECT_INITIAL_BW_EXISTING,1,INCLUDED_IN_906_MAIN,,,AIA_906_V1_20260806
V44_9375c6f66b4b,1118,Ordaz2026_MineralReduction_Enzymes,GrowingPig_NEnergyBalance,NC-34,growing,49.26,1.57086,35.99,5.0,5.72,25.270000000000003,14.3193855595,4.329510252823669,12.58379940446673,5.211006802600067,51.84004883461832,18.62675474391847,,,,,development,Historical Study_ID,1,10.72,22.911016895203904,0.0318891595615103,0.7306130734876168,0.7687536426158829,1.1379222680883812,1.00427576437519,0.2835619583660418,0.6312919936577263,0.1575054538661851,0.3554253714288351,0.2823546762999501,0.6286042300846366,0.1568348649378959,35.99,5.0,5.72,25.270000000000003,10.72,14.3193855595,4.329510252823669,12.58379940446673,5.211006802600067,51.84004883461832,18.62675474391847,1,1,1,1,1,99.99,1,INCLUDED,,0,EXISTING_REVIEWER_FORMULA,1,MASS_BALANCE_NI_MINUS_FN_MINUS_UN,DIRECT_INITIAL_BW_EXISTING,1,INCLUDED_IN_906_MAIN,,,AIA_906_V1_20260806
V44_b39280db07a3,1119,Ordaz2026_MineralReduction_Enzymes,GrowingPig_NEnergyBalance,NC-67,growing,49.26,1.57563,36.66,5.41,7.02,24.23,14.5418023267,4.32846079864798,12.57947842716493,5.209479705802234,51.81736611833511,18.62051990504728,,,,,development,Historical Study_ID,1,12.43,23.266883722701397,0.0319859926918392,0.7442143727161997,0.7809557628279915,1.1559940589665072,1.004185480239494,0.2835070241662452,0.6311975828195622,0.1574818628077763,0.3554662163475309,0.2823253569635661,0.6285667291953118,0.1568254728899461,36.66,5.41,7.02,24.23,12.43,14.5418023267,4.32846079864798,12.57947842716493,5.209479705802234,51.81736611833511,18.62051990504728,1,1,1,1,1,99.99,1,INCLUDED,,0,EXISTING_REVIEWER_FORMULA,1,MASS_BALANCE_NI_MINUS_FN_MINUS_UN,DIRECT_INITIAL_BW_EXISTING,1,INCLUDED_IN_906_MAIN,,,AIA_906_V1_20260806
V44_63d211a01a79,1120,Ordaz2026_MineralReduction_Enzymes,GrowingPig_NEnergyBalance,PC-100,growing,49.26,1.56824,37.11,5.61,8.05,23.45,14.7896686732,6.910623567614168,10.97257817785525,4.312313158008753,51.53796162677929,19.08963083188637,,,,,development,Historical Study_ID,1,13.66,23.663469877059637,0.0318359723913926,0.7533495736906212,0.7747488049112019,1.3478754430794,0.9969914204046174,0.352845164021023,0.6198760996668368,0.1528859901417416,0.3688087898239974,0.3539099302156731,0.6217466740238018,0.1533473478434694,37.11,5.61,8.05,23.45,13.66,14.7896686732,6.910623567614168,10.97257817785525,4.312313158008753,51.53796162677929,19.08963083188637,1,1,1,1,1,100.01,1,INCLUDED,,0,EXISTING_REVIEWER_FORMULA,1,MASS_BALANCE_NI_MINUS_FN_MINUS_UN,DIRECT_INITIAL_BW_EXISTING,1,INCLUDED_IN_906_MAIN,,,AIA_906_V1_20260806
V44_0bbe1ecc87ae,,Lynch2008_Animal_SBP_CP,N_balance,CP200_SBP0,finishing,74.0,1.81,57.64,8.08,28.81,20.750000000000004,23.0402972942,2.285674694834921,13.784693996051562,4.4341764798127565,49.99419347346417,18.174428057136225,,,,,development,New/unmatched study assigned development-only,0,36.89,31.845303867403317,0.0244594594594594,0.778918918918919,1.267731629395247,1.6714406065741887,,,,,,,,,57.64,8.08,28.81,20.750000000000004,36.89,23.0402972942,2.285674694834921,13.784693996051562,4.4341764798127565,49.99419347346417,18.174428057136225,1,1,1,0,1,100.0,1,INCLUDED,,0,STRUCTURED_FROM_REPORTED_TREATMENT,0,MASS_BALANCE_NI_MINUS_FN_MINUS_UN,DIRECT_INITIAL_BW_EXISTING,1,INCLUDED_IN_906_MAIN,,,AIA_906_V1_20260806
V44_62abb880b8ab,,Lynch2008_Animal_SBP_CP,N_balance,CP200_SBP200,finishing,74.0,1.77,57.04,10.79,21.63,24.62,23.0919092368,5.353424596648739,20.05500802200321,8.403769056402506,31.377492550997022,17.946367178546872,,,,,development,New/unmatched study assigned development-only,0,32.42,32.22598870056497,0.0239189189189189,0.7708108108108108,1.2867177522370166,1.1514285714303816,,,,,,,,,57.04,10.79,21.63,24.62,32.42,23.0919092368,5.353424596648739,20.05500802200321,8.403769056402506,31.377492550997022,17.946367178546872,1,1,1,0,1,100.0,1,INCLUDED,,0,STRUCTURED_FROM_REPORTED_TREATMENT,0,MASS_BALANCE_NI_MINUS_FN_MINUS_UN,DIRECT_INITIAL_BW_EXISTING,1,INCLUDED_IN_906_MAIN,,,AIA_906_V1_20260806
V44_75115a8a0ca1,,Lynch2008_Animal_SBP_CP,N_balance,CP150_SBP0,finishing,74.0,1.84,45.44,7.44,11.82,26.18,17.7687861272,2.863445566315141,14.312138728323696,4.121068672111358,58.85549132947977,18.52023121387284,,,,,development,New/unmatched study assigned development-only,0,19.26,24.69565217391304,0.0248648648648648,0.614054054054054,0.9594257178544314,1.241518578354443,,,,,,,,,45.44,7.44,11.82,26.18,19.26,17.7687861272,2.863445566315141,14.312138728323696,4.121068672111358,58.85549132947977,18.52023121387284,1,1,1,0,1,100.0,1,INCLUDED,,0,STRUCTURED_FROM_REPORTED_TREATMENT,0,MASS_BALANCE_NI_MINUS_FN_MINUS_UN,DIRECT_INITIAL_BW_EXISTING,1,INCLUDED_IN_906_MAIN,,,AIA_906_V1_20260806
V44_03fe515503bc,,Lynch2008_Animal_SBP_CP,N_balance,CP150_SBP200,finishing,74.0,1.73,40.15,8.68,11.98,19.49,16.7736021998,5.93348973087917,22.318973418881765,8.075076559593501,41.07470210815766,18.53803849679193,,,,,development,New/unmatched study assigned development-only,0,20.66,23.20809248554913,0.0233783783783783,0.5425675675675675,0.904820766377345,0.7515400410670142,,,,,,,,,40.15,8.68,11.98,19.49,20.66,16.7736021998,5.93348973087917,22.318973418881765,8.075076559593501,41.07470210815766,18.53803849679193,1,1,1,0,1,100.0,1,INCLUDED,,0,STRUCTURED_FROM_REPORTED_TREATMENT,0,MASS_BALANCE_NI_MINUS_FN_MINUS_UN,DIRECT_INITIAL_BW_EXISTING,1,INCLUDED_IN_906_MAIN,,,AIA_906_V1_20260806
V44_c628e4db1885,,Zhang2022_AnimNutr_AARelease,N_balance,N_CAS,growing,43.27,1.6176704907584452,40.61,8.03,6.83,25.75,15.69,2.81,9.48134,3.21892,50.3941,18.22086,,,,,confirmation,Historical DOI,0,14.86,25.104,0.0373854978220116,0.9385255373237807,0.8611009579130733,1.6548293806571646,,,,,,,,,40.61,8.03,6.83,25.75,14.86,15.69,2.81,9.48134,3.21892,50.3941,18.22086,1,1,1,0,1,103.0,1,INCLUDED,,0,STRUCTURED_FROM_REPORTED_TREATMENT,0,MASS_BALANCE_NI_MINUS_FN_MINUS_UN,DIRECT_INITIAL_BW_EXISTING,1,INCLUDED_IN_906_MAIN,,,AIA_906_V1_20260806
V44_6e2508c55362,,Zhang2022_AnimNutr_AARelease,N_balance,L_CAS,growing,43.27,1.4292543021032509,35.88,6.62,5.52,23.74,15.69,2.87,9.4632,3.06385,52.98249999999999,17.95593,,,,,confirmation,Historical DOI,0,12.14,25.104,0.0330310677629593,0.8292119251213311,0.8738060351092927,1.6580015216839967,,,,,,,,,35.88,6.62,5.52,23.74,12.14,15.69,2.87,9.4632,3.06385,52.98249999999999,17.95593,1,1,1,0,1,100.0,1,INCLUDED,,0,STRUCTURED_FROM_REPORTED_TREATMENT,0,MASS_BALANCE_NI_MINUS_FN_MINUS_UN,DIRECT_INITIAL_BW_EXISTING,1,INCLUDED_IN_906_MAIN,,,AIA_906_V1_20260806
V44_33d524c9cdb1,,Zhang2022_AnimNutr_AARelease,N_balance,N_CGM,growing,43.27,1.6873804971319315,42.36,9.64,8.65,24.07,15.69,2.97,9.1115,3.14106,47.538700000000006,18.38631,,,,,confirmation,Historical DOI,0,18.29,25.104,0.0389965448840289,0.9789692627686618,0.8533523039696381,1.721999670745761,,,,,,,,,42.36,9.64,8.65,24.07,18.29,15.69,2.97,9.1115,3.14106,47.538700000000006,18.38631,1,1,1,0,1,100.0,1,INCLUDED,,0,STRUCTURED_FROM_REPORTED_TREATMENT,0,MASS_BALANCE_NI_MINUS_FN_MINUS_UN,DIRECT_INITIAL_BW_EXISTING,1,INCLUDED_IN_906_MAIN,,,AIA_906_V1_20260806
V44_e0a58475edbb,,Zhang2022_AnimNutr_AARelease,N_balance,L_CGM,growing,43.27,1.4902007648183555,37.41,7.19,6.44,23.779999999999998,15.69,3.02,9.202980000000002,3.0135000000000005,50.9596,18.119860000000003,,,,,confirmation,Historical DOI,0,13.63,25.104,0.0344395831943229,0.8645712965102841,0.8659007299173391,1.7048825489135038,,,,,,,,,37.41,7.19,6.44,23.779999999999998,13.63,15.69,3.02,9.202980000000002,3.0135000000000005,50.9596,18.119860000000003,1,1,1,0,1,97.0,1,INCLUDED,,0,STRUCTURED_FROM_REPORTED_TREATMENT,0,MASS_BALANCE_NI_MINUS_FN_MINUS_UN,DIRECT_INITIAL_BW_EXISTING,1,INCLUDED_IN_906_MAIN,,,AIA_906_V1_20260806
V44_bd0c4e8c547d,,Zhang2022_JASB_StarchPatterns,N_balance,W_LP,growing,35.4,1.04,21.64,4.26,2.05,15.330000000000002,14.4798396079,0.7711534264912101,9.144575629316106,5.446647360213856,73.07306749832925,16.711173202440357,,,,,confirmation,Historical DOI,0,6.31,20.807692307692307,0.0293785310734463,0.6112994350282487,0.8664765443150029,1.5834348355630474,,,,,,,,,21.64,4.26,2.05,15.330000000000002,6.31,14.4798396079,0.7711534264912101,9.144575629316106,5.446647360213856,73.07306749832925,16.711173202440357,1,1,1,0,1,100.0,1,INCLUDED,,0,STRUCTURED_FROM_REPORTED_TREATMENT,0,MASS_BALANCE_NI_MINUS_FN_MINUS_UN,DIRECT_INITIAL_BW_EXISTING,1,INCLUDED_IN_906_MAIN,,,AIA_906_V1_20260806
V44_572798aef863,,Zhang2022_JASB_StarchPatterns,N_balance,CW_LP,growing,35.4,1.067,22.36,4.25,1.37,16.74,14.6483283015,0.7711526213024549,9.0349994409035,5.490327630549033,72.61321704126132,16.709377799588612,,,,,confirmation,Historical DOI,0,5.62,20.95595126522961,0.0301412429378531,0.631638418079096,0.8766531271954748,1.6212871287167636,,,,,,,,,22.36,4.25,1.37,16.74,5.62,14.6483283015,0.7711526213024549,9.0349994409035,5.490327630549033,72.61321704126132,16.709377799588612,1,1,1,0,1,100.0,1,INCLUDED,,0,STRUCTURED_FROM_REPORTED_TREATMENT,0,MASS_BALANCE_NI_MINUS_FN_MINUS_UN,DIRECT_INITIAL_BW_EXISTING,1,INCLUDED_IN_906_MAIN,,,AIA_906_V1_20260806
V44_e720d6329365,,Zhang2022_JASB_StarchPatterns,N_balance,C_LP,growing,35.4,1.07,22.78,4.39,2.17,16.22,14.7872458616,0.7711534264912101,9.043439617820242,5.310521053216309,73.3551827574714,16.711173202440357,,,,,confirmation,Historical DOI,0,6.56,21.289719626168225,0.0302259887005649,0.6435028248587571,0.8848717969987049,1.635135135138349,,,,,,,,,22.78,4.39,2.17,16.22,6.56,14.7872458616,0.7711534264912101,9.043439617820242,5.310521053216309,73.3551827574714,16.711173202440357,1,1,1,0,1,100.0,1,INCLUDED,,0,STRUCTURED_FROM_REPORTED_TREATMENT,0,MASS_BALANCE_NI_MINUS_FN_MINUS_UN,DIRECT_INITIAL_BW_EXISTING,1,INCLUDED_IN_906_MAIN,,,AIA_906_V1_20260806
V44_6c9079534d8c,,Zhang2022_JASB_StarchPatterns,N_balance,PW_LP,growing,35.4,1.035,21.66,4.73,1.61,15.32,14.5982142857,0.7711526213024549,9.051339285714285,8.683035714285715,73.48549107142858,16.709377799588612,,,,,confirmation,Historical DOI,0,6.340000000000001,20.92753623188406,0.0292372881355932,0.611864406779661,0.8736539720862263,1.6128236744743774,,,,,,,,,21.66,4.73,1.61,15.32,6.340000000000001,14.5982142857,0.7711526213024549,9.051339285714285,8.683035714285715,73.48549107142858,16.709377799588612,1,1,1,0,1,100.0,1,INCLUDED,,0,STRUCTURED_FROM_REPORTED_TREATMENT,0,MASS_BALANCE_NI_MINUS_FN_MINUS_UN,DIRECT_INITIAL_BW_EXISTING,1,INCLUDED_IN_906_MAIN,,,AIA_906_V1_20260806
V44_5d693913308e,,Zhang2022_JASB_StarchPatterns,N_balance,P_LP,growing,35.4,1.048,22.22,4.5,1.91,15.81,14.8909867386,0.7711534264912101,9.22679253764891,5.619240278714317,74.43020903573836,16.711173202440357,,,,,confirmation,Historical DOI,0,6.41,21.202290076335878,0.0296045197740113,0.6276836158192091,0.8910796721576345,1.6138855054818857,,,,,,,,,22.22,4.5,1.91,15.81,6.41,14.8909867386,0.7711534264912101,9.22679253764891,5.619240278714317,74.43020903573836,16.711173202440357,1,1,1,0,1,100.0,1,INCLUDED,,0,STRUCTURED_FROM_REPORTED_TREATMENT,0,MASS_BALANCE_NI_MINUS_FN_MINUS_UN,DIRECT_INITIAL_BW_EXISTING,1,INCLUDED_IN_906_MAIN,,,AIA_906_V1_20260806
V44_34c7444815dc,,Qi2025_Animals_SongliaoBlack,Finishing_NBalance_80kg,CON,finishing,59.23,2.5445188786523008,61.53,12.93,10.65,37.95,15.113367923,4.073654319630179,10.366791879098358,4.193281782286692,58.28986057504101,18.21006435932237,,,,,confirmation,Historical DOI,0,23.58,24.181388676742397,0.0429599675612409,1.0388316731386122,0.8299458818366524,1.4578635415139125,,,,,,,,,61.53,12.93,10.65,37.95,23.58,15.113367923,4.073654319630179,10.366791879098358,4.193281782286692,58.28986057504101,18.21006435932237,1,1,1,0,1,100.0,1,INCLUDED,,0,STRUCTURED_FROM_REPORTED_TREATMENT,0,MASS_BALANCE_NI_MINUS_FN_MINUS_UN,DIRECT_INITIAL_BW_EXISTING,1,INCLUDED_IN_906_MAIN,,,AIA_906_V1_20260806
V44_c55d9e2d7f4e,,Qi2025_Animals_SongliaoBlack,Finishing_NBalance_80kg,TES,finishing,60.12,2.453947286210318,59.51,11.38,8.51,39.62,15.1567029206,9.10933155331381,9.996923845441431,3.777093574268773,53.86293498288418,19.24048240089173,,,,,confirmation,Historical DOI,0,19.89,24.25072467302365,0.0408174864639108,0.989853626081171,0.7877506709445882,1.5161366791356938,,,,,,,,,59.51,11.38,8.51,39.62,19.89,15.1567029206,9.10933155331381,9.996923845441431,3.777093574268773,53.86293498288418,19.24048240089173,1,1,1,0,1,100.0,1,INCLUDED,,0,STRUCTURED_FROM_REPORTED_TREATMENT,0,MASS_BALANCE_NI_MINUS_FN_MINUS_UN,DIRECT_INITIAL_BW_EXISTING,1,INCLUDED_IN_906_MAIN,,,AIA_906_V1_20260806
V44_fb59e321050b,,Vieira2018_CAB_WeaningEnergy,PreStarter_0to14d,ME3.40,weaned,5.6,0.5214139307142857,19.14,3.24,1.71,14.19,22.9424250012,6.314629357476631,7.052021446141893,3.029605254820422,28.01715088293377,18.4317618864704,,,,,development,New/unmatched study assigned development-only,0,4.95,36.70788000194028,0.0931096304846938,3.417857142857143,1.2447222974403005,3.253311859077177,,,,,,,,,19.14,3.24,1.71,14.19,4.95,22.9424250012,6.314629357476631,7.052021446141893,3.029605254820422,28.01715088293377,18.4317618864704,1,1,1,0,1,101.0,1,INCLUDED,,0,STRUCTURED_FROM_REPORTED_TREATMENT,0,MASS_BALANCE_NI_MINUS_FN_MINUS_UN,DIRECT_INITIAL_BW_EXISTING,1,INCLUDED_IN_906_MAIN,,,AIA_906_V1_20260806
V44_3467bab49749,,Vieira2018_CAB_WeaningEnergy,PreStarter_0to14d,ME3.60,weaned,5.6,0.4676005833333334,18.3,2.78,2.04,13.48,24.4599780404,9.1969517431811,5.871244849815735,2.568712318044941,24.28519012469153,19.06524948090491,,,,,development,New/unmatched study assigned development-only,0,4.82,39.13596486460043,0.0835001041666666,3.2678571428571432,1.282961340993637,4.166063358977042,,,,,,,,,18.3,2.78,2.04,13.48,4.82,24.4599780404,9.1969517431811,5.871244849815735,2.568712318044941,24.28519012469153,19.06524948090491,1,1,1,0,1,103.0,1,INCLUDED,,0,STRUCTURED_FROM_REPORTED_TREATMENT,0,MASS_BALANCE_NI_MINUS_FN_MINUS_UN,DIRECT_INITIAL_BW_EXISTING,1,INCLUDED_IN_906_MAIN,,,AIA_906_V1_20260806
V44_891c9ae3e685,,Vieira2018_CAB_WeaningEnergy,PreStarter_0to14d,ME3.80,weaned,5.6,0.4768983564843749,19.81,2.87,2.05,14.889999999999995,25.9620311785,12.061526984989296,4.700948598531695,2.1120050379321498,20.581026882709708,20.03612612311477,,,,,development,New/unmatched study assigned development-only,0,4.92,41.53924988552368,0.0851604208007812,3.5375,1.295761017822142,5.5227217729223925,,,,,,,,,19.81,2.87,2.05,14.889999999999995,4.92,25.9620311785,12.061526984989296,4.700948598531695,2.1120050379321498,20.581026882709708,20.03612612311477,1,1,1,0,1,105.0,1,INCLUDED,,0,STRUCTURED_FROM_REPORTED_TREATMENT,0,MASS_BALANCE_NI_MINUS_FN_MINUS_UN,DIRECT_INITIAL_BW_EXISTING,1,INCLUDED_IN_906_MAIN,,,AIA_906_V1_20260806
V44_38d6e718087e,,Vieira2018_CAB_WeaningEnergy,Starter_15to28d,ME3.40,weaned,5.6,0.6852992685714285,25.28,3.21,3.85,18.22,23.0556206968,7.959678573906658,8.615808865830338,3.8301269771841584,29.74395876864541,18.94832256086904,,,,,development,New/unmatched study assigned development-only,0,7.0600000000000005,36.88899311493293,0.1223748693877551,4.514285714285715,1.21676315266097,2.675967057281979,,,,,,,,,25.28,3.21,3.85,18.22,7.0600000000000005,23.0556206968,7.959678573906658,8.615808865830338,3.8301269771841584,29.74395876864541,18.94832256086904,1,1,1,0,1,101.0,1,INCLUDED,,0,STRUCTURED_FROM_REPORTED_TREATMENT,0,MASS_BALANCE_NI_MINUS_FN_MINUS_UN,DIRECT_INITIAL_BW_EXISTING,1,INCLUDED_IN_906_MAIN,,,AIA_906_V1_20260806
V44_3bab4c48f07c,,Vieira2018_CAB_WeaningEnergy,Starter_15to28d,ME3.60,weaned,5.6,0.7798195821106096,30.26,3.13,4.83,22.300000000000004,24.2524045739,10.05133516877867,6.948279289158188,3.02390946571898,28.99519430117763,19.30753851232576,,,,,development,New/unmatched study assigned development-only,0,7.96,38.80384731824793,0.139253496805466,5.403571428571429,1.2561106408472258,3.49041878782024,,,,,,,,,30.26,3.13,4.83,22.300000000000004,7.96,24.2524045739,10.05133516877867,6.948279289158188,3.02390946571898,28.99519430117763,19.30753851232576,1,1,1,0,1,103.0,1,INCLUDED,,0,STRUCTURED_FROM_REPORTED_TREATMENT,0,MASS_BALANCE_NI_MINUS_FN_MINUS_UN,DIRECT_INITIAL_BW_EXISTING,1,INCLUDED_IN_906_MAIN,,,AIA_906_V1_20260806
V44_8de533e4f209,,Vieira2018_CAB_WeaningEnergy,Starter_15to28d,ME3.80,weaned,5.6,0.7274759398068669,29.62,2.4,4.5,22.72,25.4475770084,12.144938040064751,5.290907831934154,2.2225344082914105,28.27145247124369,19.70904175346693,,,,,development,New/unmatched study assigned development-only,0,6.9,40.7161232134545,0.1299064178226548,5.289285714285715,1.2911625702920655,4.809680647772187,,,,,,,,,29.62,2.4,4.5,22.72,6.9,25.4475770084,12.144938040064751,5.290907831934154,2.2225344082914105,28.27145247124369,19.70904175346693,1,1,1,0,1,105.0,1,INCLUDED,,0,STRUCTURED_FROM_REPORTED_TREATMENT,0,MASS_BALANCE_NI_MINUS_FN_MINUS_UN,DIRECT_INITIAL_BW_EXISTING,1,INCLUDED_IN_906_MAIN,,,AIA_906_V1_20260806
V44_d357964419a7,1142,Hollis2025_JAS_BenzoicAcid,Phase3_metabolism,PC,"post-weaning nursery pigs, phase 3 (43-63 d of age)",12.6,0.54,18.3,3.4,4.6,10.3,21.1805555556,4.205875266502906,9.327939302465616,3.979902103428575,43.93007959817045,18.252377172688,,,,,development,New/unmatched study assigned development-only,0,8.0,33.888888888888886,0.0428571428571428,1.4523809523809526,1.1604272339546868,2.2706575234683863,,,,,,,,,18.3,3.4,4.6,10.3,8.0,21.1805555556,4.205875266502906,9.327939302465616,3.979902103428575,43.93007959817045,18.252377172688,1,1,1,0,1,100.0,1,INCLUDED,,0,STRUCTURED_FROM_REPORTED_TREATMENT,0,MASS_BALANCE_NI_MINUS_FN_MINUS_UN,DIRECT_INITIAL_BW_EXISTING,1,INCLUDED_IN_906_MAIN,,,AIA_906_V1_20260806
V44_50f6a59bd2d2,1143,Hollis2025_JAS_BenzoicAcid,Phase3_metabolism,BA_0.00,"post-weaning nursery pigs, phase 3 (43-63 d of age)",11.9,0.515,17.4,3.6,4.2,9.599999999999998,21.1165048544,4.232018225748919,9.330309617873978,3.980621344586455,43.94742261796596,18.267125675557445,,,,,development,New/unmatched study assigned development-only,0,7.800000000000001,33.78640776699029,0.0432773109243697,1.4621848739495795,1.1559839916498305,2.2632158759177003,,,,,,,,,17.4,3.6,4.2,9.599999999999998,7.800000000000001,21.1165048544,4.232018225748919,9.330309617873978,3.980621344586455,43.94742261796596,18.267125675557445,1,1,1,0,1,100.0,1,INCLUDED,,0,STRUCTURED_FROM_REPORTED_TREATMENT,0,MASS_BALANCE_NI_MINUS_FN_MINUS_UN,DIRECT_INITIAL_BW_EXISTING,1,INCLUDED_IN_906_MAIN,,,AIA_906_V1_20260806
V44_370032822e8a,1144,Hollis2025_JAS_BenzoicAcid,Phase3_metabolism,BA_0.50,"post-weaning nursery pigs, phase 3 (43-63 d of age)",12.2,0.526,17.8,3.3,4.1,10.4,21.1501901141,3.9417381036351418,9.304241474802174,3.972743532826056,43.75600656459436,18.25126007355172,,,,,development,New/unmatched study assigned development-only,0,7.399999999999999,33.840304182509506,0.0431147540983606,1.459016393442623,1.158834514924763,2.2731772569939337,,,,,,,,,17.8,3.3,4.1,10.4,7.399999999999999,21.1501901141,3.9417381036351418,9.304241474802174,3.972743532826056,43.75600656459436,18.25126007355172,1,1,1,0,1,100.0,1,INCLUDED,,0,STRUCTURED_FROM_REPORTED_TREATMENT,0,MASS_BALANCE_NI_MINUS_FN_MINUS_UN,DIRECT_INITIAL_BW_EXISTING,1,INCLUDED_IN_906_MAIN,,,AIA_906_V1_20260806
V44_a974f42fd982,1145,Hollis2025_JAS_BenzoicAcid,Phase3_metabolism,BA_1.00,"post-weaning nursery pigs, phase 3 (43-63 d of age)",11.9,0.517,17.5,3.0,3.3,11.2,21.1557059961,3.651632080410664,9.278188966403258,3.964870445875153,43.56470531523361,18.235403987125864,,,,,development,New/unmatched study assigned development-only,0,6.3,33.849129593810446,0.0434453781512605,1.4705882352941175,1.16014462915304,2.280154680262039,,,,,,,,,17.5,3.0,3.3,11.2,6.3,21.1557059961,3.651632080410664,9.278188966403258,3.964870445875153,43.56470531523361,18.235403987125864,1,1,1,0,1,100.0,1,INCLUDED,,0,STRUCTURED_FROM_REPORTED_TREATMENT,0,MASS_BALANCE_NI_MINUS_FN_MINUS_UN,DIRECT_INITIAL_BW_EXISTING,1,INCLUDED_IN_906_MAIN,,,AIA_906_V1_20260806
V44_74ee2bdf74ee,1201,Liu2020_JAnimalSciBiotech_DCA,N_balance,Control_18CP,growing pigs (40 kg barrows),40.0,1.6,46.0,9.03,13.6,23.37,17.96875,4.819400000000001,11.643800000000002,4.401400000000001,46.40100000000001,18.580600000000008,,,,,development,Historical DOI,0,22.63,28.75,0.04,1.15,0.9670704928796698,1.5432032497981756,,,,,,,,,46.0,9.03,13.6,23.37,22.63,17.96875,4.819400000000001,11.643800000000002,4.401400000000001,46.40100000000001,18.580600000000008,1,1,1,0,1,100.0,1,INCLUDED,,0,STRUCTURED_FROM_REPORTED_TREATMENT,0,MASS_BALANCE_NI_MINUS_FN_MINUS_UN,DIRECT_INITIAL_BW_EXISTING,1,INCLUDED_IN_906_MAIN,,,AIA_906_V1_20260806
V44_4e089cd4cad8,1202,Liu2020_JAnimalSciBiotech_DCA,N_balance,LP_13.5CP,growing pigs (40 kg barrows),40.0,1.66,35.8,5.87,10.4,19.529999999999998,13.4789156627,5.10142,11.2175,3.74455,55.5161,18.41615,,,,,development,Historical DOI,0,16.27,21.56626506024096,0.0414999999999999,0.8949999999999999,0.7319073564615841,1.2015971172453757,,,,,,,,,35.8,5.87,10.4,19.529999999999998,16.27,13.4789156627,5.10142,11.2175,3.74455,55.5161,18.41615,1,1,1,0,1,100.0,1,INCLUDED,,0,STRUCTURED_FROM_REPORTED_TREATMENT,0,MASS_BALANCE_NI_MINUS_FN_MINUS_UN,DIRECT_INITIAL_BW_EXISTING,1,INCLUDED_IN_906_MAIN,,,AIA_906_V1_20260806
V44_911a2cbe844a,1203,Liu2020_JAnimalSciBiotech_DCA,N_balance,LP_DCA_100mgkg,growing pigs (40 kg barrows),40.0,1.66,35.9,5.54,7.52,22.84,13.5165662651,5.100909909009099,11.216378362163782,3.744175582441756,55.51054894510549,18.414308569143085,,,,,development,Historical DOI,0,13.06,21.626506024096383,0.0414999999999999,0.8975,0.7340251855966915,1.2050740291265,,,,,,,,,35.9,5.54,7.52,22.84,13.06,13.5165662651,5.100909909009099,11.216378362163782,3.744175582441756,55.51054894510549,18.414308569143085,1,1,1,0,1,100.0,1,INCLUDED,,0,STRUCTURED_FROM_REPORTED_TREATMENT,0,MASS_BALANCE_NI_MINUS_FN_MINUS_UN,DIRECT_INITIAL_BW_EXISTING,1,INCLUDED_IN_906_MAIN,,,AIA_906_V1_20260806
V44_3dec5b046ad5,1210,Li2024_AnimNutr_CPTime,HP_LP,HP,growing pigs (19.9 kg barrows),19.9,1.0597971659683427,40.61,3.74,17.36,19.51,23.9491582116,3.6480466891057817,10.411771166018518,4.351608007221008,43.25764029367684,18.372607610740403,,,,,development,New/unmatched study assigned development-only,0,21.1,38.31865313858847,0.053256138993384,2.04070351758794,1.3035252653847358,2.3002002089485227,,,,,,,,,40.61,3.74,17.36,19.51,21.1,23.9491582116,3.6480466891057817,10.411771166018518,4.351608007221008,43.25764029367684,18.372607610740403,1,1,1,0,1,100.0,1,INCLUDED,,0,STRUCTURED_FROM_REPORTED_TREATMENT,0,MASS_BALANCE_NI_MINUS_FN_MINUS_UN,DIRECT_INITIAL_BW_EXISTING,1,INCLUDED_IN_906_MAIN,,,AIA_906_V1_20260806
V44_84515b3a7732,1211,Li2024_AnimNutr_CPTime,HP_LP,LP,growing pigs (19.9 kg barrows),19.9,1.0986131756756758,30.18,3.37,9.28,17.53,17.1693735499,3.393542383312505,11.525806297278642,3.9600344001259913,53.674660453825446,17.919333134228822,,,,,development,New/unmatched study assigned development-only,0,12.65,27.47099767981438,0.0552066922450088,1.5165829145728644,0.958148019309029,1.489646199759045,,,,,,,,,30.18,3.37,9.28,17.53,12.65,17.1693735499,3.393542383312505,11.525806297278642,3.9600344001259913,53.674660453825446,17.919333134228822,1,1,1,0,1,100.0,1,INCLUDED,,0,STRUCTURED_FROM_REPORTED_TREATMENT,0,MASS_BALANCE_NI_MINUS_FN_MINUS_UN,DIRECT_INITIAL_BW_EXISTING,1,INCLUDED_IN_906_MAIN,,,AIA_906_V1_20260806
V44_bf9cb21d8747,,Pi2019_Animal_Antibiotics,Two_week_N_balance,CON,post_weaning_growing,18.42,1.45,47.36,6.91,9.56,30.89,19.4257429232,5.363824538482485,15.834991361008584,5.129645088777429,49.194717714515626,18.365279974913808,,,,,development,New/unmatched study assigned development-only,0,16.47,32.66206896551724,0.0787187839305103,2.571118349619978,1.0577428141435763,1.2267605633832637,,,,,,,,,47.36,6.91,9.56,30.89,16.47,19.4257429232,5.363824538482485,15.834991361008584,5.129645088777429,49.194717714515626,18.365279974913808,1,1,1,0,1,100.02,1,INCLUDED,,0,EXISTING_REVIEWER_FORMULA,1,MASS_BALANCE_NI_MINUS_FN_MINUS_UN,DIRECT_INITIAL_BW_EXISTING,1,INCLUDED_IN_906_MAIN,,,AIA_906_V1_20260806
V44_5e741f4a0195,,Pi2019_Animal_Antibiotics,Two_week_N_balance,ANTI,post_weaning_growing,18.74,1.52,47.36,7.94,12.02,27.4,19.4257429232,5.363824538482485,15.834991361008584,5.129645088777429,49.194717714515626,18.365279974913808,,,,,development,New/unmatched study assigned development-only,0,19.96,31.157894736842103,0.0811099252934898,2.5272145144076843,1.0577428141435763,1.2267605633832637,,,,,,,,,47.36,7.94,12.02,27.4,19.96,19.4257429232,5.363824538482485,15.834991361008584,5.129645088777429,49.194717714515626,18.365279974913808,1,1,1,0,1,100.02,1,INCLUDED,,0,EXISTING_REVIEWER_FORMULA,1,MASS_BALANCE_NI_MINUS_FN_MINUS_UN,DIRECT_INITIAL_BW_EXISTING,1,INCLUDED_IN_906_MAIN,,,AIA_906_V1_20260806
V44_d9dd44ed873a,,Rachuonyo2015_RevMex_LowProtein,Experiment_I_N_balance,Reduced_CP14,post_weaning,17.58,0.851,18.96,3.43,3.71,11.82,15.612188739,4.037216537688273,10.220929318342638,3.448159671133176,58.29171206181978,18.36123010569116,,,,,confirmation,Historical title,0,7.140000000000001,22.27967097532315,0.0484072810011376,1.0784982935153584,0.8502801091829311,1.527472527471854,,,,,,,,,18.96,3.43,3.71,11.82,7.140000000000001,15.612188739,4.037216537688273,10.220929318342638,3.448159671133176,58.29171206181978,18.36123010569116,1,1,1,0,1,100.0,1,INCLUDED,,0,EXISTING_REVIEWER_FORMULA,1,MASS_BALANCE_NI_MINUS_FN_MINUS_UN,DIRECT_INITIAL_BW_EXISTING,1,INCLUDED_IN_906_MAIN,,,AIA_906_V1_20260806
V44_e5d9d51ad48d,,Rachuonyo2015_RevMex_LowProtein,Experiment_I_N_balance,Normal_CP19,post_weaning,17.82,0.859,25.83,3.58,8.5,13.75,21.0891349113,3.9556038374597553,10.174385832229426,3.802774859014085,50.87137904881943,18.58372419090917,,,,,confirmation,Historical title,0,12.08,30.06984866123399,0.0482042648709315,1.4494949494949494,1.1348174722489928,2.0727673649347853,,,,,,,,,25.83,3.58,8.5,13.75,12.08,21.0891349113,3.9556038374597553,10.174385832229426,3.802774859014085,50.87137904881943,18.58372419090917,1,1,1,0,1,100.0,1,INCLUDED,,0,EXISTING_REVIEWER_FORMULA,1,MASS_BALANCE_NI_MINUS_FN_MINUS_UN,DIRECT_INITIAL_BW_EXISTING,1,INCLUDED_IN_906_MAIN,,,AIA_906_V1_20260806
V44_1be465063856,,Zhang2016_AnimSciJ_Leucine,Finishing_N_balance,NP,grow_finish,75.4,2.11,56.34,5.37,28.74,22.230000000000008,16.4574927195,4.982664606058444,9.174045692596248,3.253763330484964,54.34710770503461,18.659014818811084,,,,,development,Historical DOI,0,34.11,26.70142180094787,0.0279840848806366,0.7472148541114059,0.8820129508074767,1.793918765063676,,,,,,,,,56.34,5.37,28.74,22.230000000000008,34.11,16.4574927195,4.982664606058444,9.174045692596248,3.253763330484964,54.34710770503461,18.659014818811084,1,1,1,0,1,100.0,1,INCLUDED,,0,EXISTING_REVIEWER_FORMULA,1,MASS_BALANCE_NI_MINUS_FN_MINUS_UN,DIRECT_INITIAL_BW_EXISTING,1,INCLUDED_IN_906_MAIN,,,AIA_906_V1_20260806
V44_77e8d2711244,,Zhang2016_AnimSciJ_Leucine,Finishing_N_balance,LP_Ala,grow_finish,75.4,2.1,38.87,4.85,15.08,18.94,11.2637806011,4.580790245476957,8.81822617715968,2.731383541746665,64.02737143206951,18.12241781725295,,,,,development,Historical DOI,0,19.93,18.50952380952381,0.0278514588859416,0.5155172413793103,0.6215385118412086,1.2773295189768,,,,,,,,,38.87,4.85,15.08,18.94,19.93,11.2637806011,4.580790245476957,8.81822617715968,2.731383541746665,64.02737143206951,18.12241781725295,1,1,1,0,1,100.0,1,INCLUDED,,0,EXISTING_REVIEWER_FORMULA,1,MASS_BALANCE_NI_MINUS_FN_MINUS_UN,DIRECT_INITIAL_BW_EXISTING,1,INCLUDED_IN_906_MAIN,,,AIA_906_V1_20260806
V44_43d2663a3d2a,,Zhang2016_AnimSciJ_Leucine,Finishing_N_balance,LP_Leu,grow_finish,75.4,2.09,39.29,4.52,11.83,22.94,11.386048251,4.580723965683808,8.818098585592365,2.7313440211560125,63.890363374099024,18.097517663400367,,,,,development,Historical DOI,0,16.35,18.79904306220096,0.0277188328912466,0.5210875331564986,0.6291497244413055,1.2912135354897636,,,,,,,,,39.29,4.52,11.83,22.94,16.35,11.386048251,4.580723965683808,8.818098585592365,2.7313440211560125,63.890363374099024,18.097517663400367,1,1,1,0,1,100.0,1,INCLUDED,,0,EXISTING_REVIEWER_FORMULA,1,MASS_BALANCE_NI_MINUS_FN_MINUS_UN,DIRECT_INITIAL_BW_EXISTING,1,INCLUDED_IN_906_MAIN,,,AIA_906_V1_20260806
V44_e3eed84abdf3,,Li2018_AFST_CornAA,2x3_feeding_level_AA_main_effects,Corn,grow_finish,41.4,1.6,22.6,4.7,9.0,8.900000000000002,8.77993158495,3.420752565564424,10.262257696693272,2.736602052451539,71.49372862029647,18.01596351197264,,,,,development,New/unmatched study assigned development-only,0,13.7,14.125,0.038647342995169,0.5458937198067634,0.4873417721519714,0.8555555555556834,,,,,,,,,22.6,4.7,9.0,8.900000000000002,13.7,8.77993158495,3.420752565564424,10.262257696693272,2.736602052451539,71.49372862029647,18.01596351197264,1,1,1,0,1,100.0,1,INCLUDED,,0,STRUCTURED_FROM_REPORTED_TREATMENT,0,MASS_BALANCE_NI_MINUS_FN_MINUS_UN,DIRECT_INITIAL_BW_EXISTING,1,INCLUDED_IN_906_MAIN,,,AIA_906_V1_20260806
V44_29f024f34f67,,Li2018_AFST_CornAA,2x3_feeding_level_AA_main_effects,Corn_3AA,grow_finish,41.4,1.68,24.2,4.4,6.3,13.499999999999996,9.00798175599,3.30672748004561,10.262257696693272,2.622576966932725,71.26567844925884,18.01596351197264,,,,,development,New/unmatched study assigned development-only,0,10.7,14.404761904761903,0.0405797101449275,0.5845410628019324,0.5000000000002043,0.8777777777781367,,,,,,,,,24.2,4.4,6.3,13.499999999999996,10.7,9.00798175599,3.30672748004561,10.262257696693272,2.622576966932725,71.26567844925884,18.01596351197264,1,1,1,0,1,100.0,1,INCLUDED,,0,STRUCTURED_FROM_REPORTED_TREATMENT,0,MASS_BALANCE_NI_MINUS_FN_MINUS_UN,DIRECT_INITIAL_BW_EXISTING,1,INCLUDED_IN_906_MAIN,,,AIA_906_V1_20260806
V44_2fe8b5b0321a,,Li2018_AFST_CornAA,2x3_feeding_level_AA_main_effects,Corn_5AA,grow_finish,41.4,1.65,24.3,4.3,5.0,15.0,9.23603192702,3.30672748004561,10.262257696693272,2.622576966932725,71.26567844925884,18.129988597491447,,,,,development,New/unmatched study assigned development-only,0,9.3,14.727272727272728,0.0398550724637681,0.5869565217391305,0.5094339622639334,0.8999999999996157,,,,,,,,,24.3,4.3,5.0,15.0,9.3,9.23603192702,3.30672748004561,10.262257696693272,2.622576966932725,71.26567844925884,18.129988597491447,1,1,1,0,1,100.0,1,INCLUDED,,0,STRUCTURED_FROM_REPORTED_TREATMENT,0,MASS_BALANCE_NI_MINUS_FN_MINUS_UN,DIRECT_INITIAL_BW_EXISTING,1,INCLUDED_IN_906_MAIN,,,AIA_906_V1_20260806
V44_56ded8dce385,,Wellington2018_JAS_ThrFiber,pre_immune_stimulation_N_balance_only,LF_Thr049,post_weaning,24.1,0.7275742762823768,25.9,3.5,3.2,19.2,22.2485875706,3.379483712354025,10.480308431580712,3.7417488964630943,49.47584511370619,18.757062146892657,,,,,development,New/unmatched study assigned development-only,0,6.7,35.59774011299435,0.0301898039951193,1.074688796680498,1.1861445783121085,2.1228943514255256,,,,,,,,,25.9,3.5,3.2,19.2,6.7,22.2485875706,3.379483712354025,10.480308431580712,3.7417488964630943,49.47584511370619,18.757062146892657,1,1,1,0,1,100.01,1,INCLUDED,,0,EXISTING_REVIEWER_FORMULA,1,MASS_BALANCE_NI_MINUS_FN_MINUS_UN,DIRECT_INITIAL_BW_EXISTING,1,INCLUDED_IN_906_MAIN,,,AIA_906_V1_20260806
V44_50d89889915a,,Wellington2018_JAS_ThrFiber,pre_immune_stimulation_N_balance_only,LF_Thr057,post_weaning,25.2,0.8595212765957447,28.6,4.3,3.3,21.0,20.796460177,3.376279416131222,10.471447306197591,3.739070672456901,49.413573158594666,18.708872248695258,,,,,development,New/unmatched study assigned development-only,0,7.6,33.27433628318584,0.0341079871664978,1.134920634920635,1.1115827774413465,1.986015836100468,,,,,,,,,28.6,4.3,3.3,21.0,7.6,20.796460177,3.376279416131222,10.471447306197591,3.739070672456901,49.413573158594666,18.708872248695258,1,1,1,0,1,100.0175,1,INCLUDED,,0,EXISTING_REVIEWER_FORMULA,1,MASS_BALANCE_NI_MINUS_FN_MINUS_UN,DIRECT_INITIAL_BW_EXISTING,1,INCLUDED_IN_906_MAIN,,,AIA_906_V1_20260806
V44_88647c9f5c9f,,Wellington2018_JAS_ThrFiber,pre_immune_stimulation_N_balance_only,LF_Thr065,post_weaning,24.8,0.8056752873563219,27.5,3.5,2.5,21.5,21.3330361123,3.373076285041313,10.46258940286011,3.736393422295405,49.35132384655299,18.368256798930005,,,,,development,New/unmatched study assigned development-only,0,6.0,34.13285777975925,0.0324869067482387,1.1088709677419355,1.1614077669875946,2.03898244410397,,,,,,,,,27.5,3.5,2.5,21.5,6.0,21.3330361123,3.373076285041313,10.46258940286011,3.736393422295405,49.35132384655299,18.368256798930005,1,1,1,0,1,100.025,1,INCLUDED,,0,EXISTING_REVIEWER_FORMULA,1,MASS_BALANCE_NI_MINUS_FN_MINUS_UN,DIRECT_INITIAL_BW_EXISTING,1,INCLUDED_IN_906_MAIN,,,AIA_906_V1_20260806
V44_375550a04f9b,,Wellington2018_JAS_ThrFiber,pre_immune_stimulation_N_balance_only,LF_Thr073,post_weaning,25.2,0.8024816932168551,28.3,3.9,2.1,22.3,22.0410012459,3.3698743184489213,10.453734719811198,3.7337171454475446,49.28909716523336,18.79034998301053,,,,,development,New/unmatched study assigned development-only,0,6.0,35.265601993430735,0.0318445116355894,1.123015873015873,1.1729957805910256,2.1084331903056053,,,,,,,,,28.3,3.9,2.1,22.3,6.0,22.0410012459,3.3698743184489213,10.453734719811198,3.7337171454475446,49.28909716523336,18.79034998301053,1,1,1,0,1,100.0325,1,INCLUDED,,0,EXISTING_REVIEWER_FORMULA,1,MASS_BALANCE_NI_MINUS_FN_MINUS_UN,DIRECT_INITIAL_BW_EXISTING,1,INCLUDED_IN_906_MAIN,,,AIA_906_V1_20260806
V44_f5b49a0e7154,,Wellington2018_JAS_ThrFiber,pre_immune_stimulation_N_balance_only,LF_Thr081,post_weaning,24.9,0.7938986504543025,26.9,3.8,1.9,21.2,21.1771363894,3.366673515719133,10.444883255295078,3.7310418413826447,49.22689310229691,18.856819468024906,,,,,development,New/unmatched study assigned development-only,0,5.699999999999999,33.88341822297679,0.0318834799379238,1.0803212851405624,1.1230492196899695,2.027512981407826,,,,,,,,,26.9,3.8,1.9,21.2,5.699999999999999,21.1771363894,3.366673515719133,10.444883255295078,3.7310418413826447,49.22689310229691,18.856819468024906,1,1,1,0,1,100.04,1,INCLUDED,,0,EXISTING_REVIEWER_FORMULA,1,MASS_BALANCE_NI_MINUS_FN_MINUS_UN,DIRECT_INITIAL_BW_EXISTING,1,INCLUDED_IN_906_MAIN,,,AIA_906_V1_20260806
V44_7ac694200750,,Wellington2018_JAS_ThrFiber,pre_immune_stimulation_N_balance_only,HF_Thr049,post_weaning,24.9,0.7938587827015482,26.8,4.2,3.1,19.5,21.0994705418,5.967164666166958,15.18675939095114,6.236133179040359,37.75938983737981,19.33085501858736,,,,,development,New/unmatched study assigned development-only,0,7.300000000000001,33.75915286695957,0.0318818788233553,1.0763052208835342,1.0914918414892691,1.3893333000568826,,,,,,,,,26.8,4.2,3.1,19.5,7.300000000000001,21.0994705418,5.967164666166958,15.18675939095114,6.236133179040359,37.75938983737981,19.33085501858736,1,1,1,0,1,100.01,1,INCLUDED,,0,EXISTING_REVIEWER_FORMULA,1,MASS_BALANCE_NI_MINUS_FN_MINUS_UN,DIRECT_INITIAL_BW_EXISTING,1,INCLUDED_IN_906_MAIN,,,AIA_906_V1_20260806
V44_02a8a0fe6506,,Wellington2018_JAS_ThrFiber,pre_immune_stimulation_N_balance_only,HF_Thr057,post_weaning,24.8,0.7818847341568206,26.3,3.9,2.2,20.200000000000003,21.0229197245,5.963502136780094,15.177074998461896,6.233011867474255,37.69944992980404,19.35192503104889,,,,,development,New/unmatched study assigned development-only,0,6.1,33.6366715592187,0.0315276102482588,1.060483870967742,1.0863477246201665,1.3851759793392695,,,,,,,,,26.3,3.9,2.2,20.200000000000003,6.1,21.0229197245,5.963502136780094,15.177074998461896,6.233011867474255,37.69944992980404,19.35192503104889,1,1,1,0,1,100.0175,1,INCLUDED,,0,EXISTING_REVIEWER_FORMULA,1,MASS_BALANCE_NI_MINUS_FN_MINUS_UN,DIRECT_INITIAL_BW_EXISTING,1,INCLUDED_IN_906_MAIN,,,AIA_906_V1_20260806
V44_a4912a940338,,Wellington2018_JAS_ThrFiber,pre_immune_stimulation_N_balance_only,HF_Thr065,post_weaning,25.4,0.7984033177812337,27.7,4.1,2.6,21.0,21.6839028777,5.959840934685468,15.167394115574249,6.229891687064294,37.6395317443131,19.491906474820144,,,,,development,New/unmatched study assigned development-only,0,6.699999999999999,34.69424460431655,0.0314332014874501,1.0905511811023625,1.112456747404955,1.4296393113062476,,,,,,,,,27.7,4.1,2.6,21.0,6.699999999999999,21.6839028777,5.959840934685468,15.167394115574249,6.229891687064294,37.6395317443131,19.491906474820144,1,1,1,0,1,100.025,1,INCLUDED,,0,EXISTING_REVIEWER_FORMULA,1,MASS_BALANCE_NI_MINUS_FN_MINUS_UN,DIRECT_INITIAL_BW_EXISTING,1,INCLUDED_IN_906_MAIN,,,AIA_906_V1_20260806
V44_cc75ae592c7a,,Wellington2018_JAS_ThrFiber,pre_immune_stimulation_N_balance_only,HF_Thr073,post_weaning,24.5,0.7927678571428572,27.1,4.3,1.5,21.3,21.3650185832,5.9561810591617,15.15771674038074,6.226772637195695,37.57963526910112,19.427863498141683,,,,,development,New/unmatched study assigned development-only,0,5.8,34.18402973307805,0.0323578717201166,1.106122448979592,1.0997101449288855,1.4095143054285195,,,,,,,,,27.1,4.3,1.5,21.3,5.8,21.3650185832,5.9561810591617,15.15771674038074,6.226772637195695,37.57963526910112,19.427863498141683,1,1,1,0,1,100.0325,1,INCLUDED,,0,EXISTING_REVIEWER_FORMULA,1,MASS_BALANCE_NI_MINUS_FN_MINUS_UN,DIRECT_INITIAL_BW_EXISTING,1,INCLUDED_IN_906_MAIN,,,AIA_906_V1_20260806
V44_8f68840774dc,,Wellington2018_JAS_ThrFiber,pre_immune_stimulation_N_balance_only,HF_Thr081,post_weaning,25.3,0.7946697612732094,27.1,4.4,1.4,21.300000000000004,21.3138851199,5.95252250948793,15.148042870975283,6.223654717254121,37.51976049237071,19.448213478064226,,,,,development,New/unmatched study assigned development-only,0,5.800000000000001,34.102216191768434,0.0314098719870833,1.0711462450592886,1.0959302325604394,1.407038869736691,,,,,,,,,27.1,4.4,1.4,21.300000000000004,5.800000000000001,21.3138851199,5.95252250948793,15.148042870975283,6.223654717254121,37.51976049237071,19.448213478064226,1,1,1,0,1,100.04,1,INCLUDED,,0,EXISTING_REVIEWER_FORMULA,1,MASS_BALANCE_NI_MINUS_FN_MINUS_UN,DIRECT_INITIAL_BW_EXISTING,1,INCLUDED_IN_906_MAIN,,,AIA_906_V1_20260806
V44_70645116707a,,Wang2026_JASB_ProteinRelease,protein_source_finishing_N_balance,SBM,grow_finish,53.69,2.9267,55.71,4.17,8.26,43.28,14.1686960372,2.9618711310313204,10.498757884042202,4.058583547245812,58.373180545128406,17.858474305777207,,,,,development,New/unmatched study assigned development-only,0,12.43,19.035090716506648,0.0545110821382007,1.037623393555597,0.7933878221957872,1.349559271076819,,,,,,,,,55.71,4.17,8.26,43.28,12.43,14.1686960372,2.9618711310313204,10.498757884042202,4.058583547245812,58.373180545128406,17.858474305777207,1,1,1,0,1,100.0,1,INCLUDED,,0,EXISTING_REVIEWER_FORMULA,1,MASS_BALANCE_NI_MINUS_FN_MINUS_UN,DIRECT_INITIAL_BW_EXISTING,1,INCLUDED_IN_906_MAIN,,,AIA_906_V1_20260806
V44_b6d409c84e2f,,Wang2026_JASB_ProteinRelease,protein_source_finishing_N_balance,FM,grow_finish,52.88,2.93793,54.7,4.28,7.86,42.56,14.2904509284,3.3821371306637613,10.724906299011462,4.07731233011325,60.048893235353646,17.990686403690567,,,,,development,New/unmatched study assigned development-only,0,12.14,18.61855115676684,0.0555584341906202,1.0344175491679275,0.7943249416802958,1.3324546182484769,,,,,,,,,54.7,4.28,7.86,42.56,12.14,14.2904509284,3.3821371306637613,10.724906299011462,4.07731233011325,60.048893235353646,17.990686403690567,1,1,1,0,1,100.0,1,INCLUDED,,0,EXISTING_REVIEWER_FORMULA,1,MASS_BALANCE_NI_MINUS_FN_MINUS_UN,DIRECT_INITIAL_BW_EXISTING,1,INCLUDED_IN_906_MAIN,,,AIA_906_V1_20260806
V44_82b54c414b18,,Wang2026_JASB_ProteinRelease,protein_source_finishing_N_balance,RPM,grow_finish,53.63,2.92418,55.68,5.08,6.49,44.11,14.1188140637,3.7057656105463854,11.397182202066851,4.576474885501361,56.91375476532116,17.96242524267803,,,,,development,New/unmatched study assigned development-only,0,11.57,19.0412354916592,0.0545250792466902,1.0382248741376094,0.7860193639194245,1.2387986621061111,,,,,,,,,55.68,5.08,6.49,44.11,11.57,14.1188140637,3.7057656105463854,11.397182202066851,4.576474885501361,56.91375476532116,17.96242524267803,1,1,1,0,1,100.0,1,INCLUDED,,0,EXISTING_REVIEWER_FORMULA,1,MASS_BALANCE_NI_MINUS_FN_MINUS_UN,DIRECT_INITIAL_BW_EXISTING,1,INCLUDED_IN_906_MAIN,,,AIA_906_V1_20260806
V44_765e269b1098,,Shui2026_VetSci_DiversifiedLP,growing_N_balance_diversified_low_protein,CON,growing,31.1,1.813,43.92,8.44,11.9,23.580000000000005,15.1406508549,3.7893168158628887,12.960419870890265,4.381103088760977,49.53506416693185,18.11700058808912,,,,,confirmation,Historical DOI,0,20.34,24.225041367898516,0.0582958199356913,1.412218649517685,0.8357150942995555,1.1682222494123544,,,,,,,,,43.92,8.44,11.9,23.580000000000005,20.34,15.1406508549,3.7893168158628887,12.960419870890265,4.381103088760977,49.53506416693185,18.11700058808912,1,1,1,0,1,100.0,1,INCLUDED,,0,EXISTING_REVIEWER_FORMULA,1,MASS_BALANCE_NI_MINUS_FN_MINUS_UN,DIRECT_INITIAL_BW_EXISTING,1,INCLUDED_IN_906_MAIN,,,AIA_906_V1_20260806
V44_da8eccb6848a,,Shui2026_VetSci_DiversifiedLP,growing_N_balance_diversified_low_protein,LP,growing,31.31,1.813,38.73,7.42,8.76,22.55,13.3514892443,3.491896760959986,13.03390669596398,4.252913857387873,52.80422522433899,17.965460407318506,,,,,confirmation,Historical DOI,0,16.18,21.362382790954214,0.0579048227403385,1.2369849888214628,0.7431754567704296,1.0243658755386336,,,,,,,,,38.73,7.42,8.76,22.55,16.18,13.3514892443,3.491896760959986,13.03390669596398,4.252913857387873,52.80422522433899,17.965460407318506,1,1,1,0,1,100.0,1,INCLUDED,,0,EXISTING_REVIEWER_FORMULA,1,MASS_BALANCE_NI_MINUS_FN_MINUS_UN,DIRECT_INITIAL_BW_EXISTING,1,INCLUDED_IN_906_MAIN,,,AIA_906_V1_20260806
V44_827e2e15ad41,,Shui2026_VetSci_DiversifiedLP,growing_N_balance_diversified_low_protein,DLP,growing,31.02,1.811,38.3,7.69,9.04,21.57,13.21783545,4.599266825646923,14.741224778161614,5.099595030425918,50.09511196191282,18.15797997708928,,,,,confirmation,Historical DOI,0,16.73,21.148536720044174,0.058381689232753,1.2346872985170856,0.7279353467003226,0.8966578862281214,,,,,,,,,38.3,7.69,9.04,21.57,16.73,13.21783545,4.599266825646923,14.741224778161614,5.099595030425918,50.09511196191282,18.15797997708928,1,1,1,0,1,100.0,1,INCLUDED,,0,EXISTING_REVIEWER_FORMULA,1,MASS_BALANCE_NI_MINUS_FN_MINUS_UN,DIRECT_INITIAL_BW_EXISTING,1,INCLUDED_IN_906_MAIN,,,AIA_906_V1_20260806
V44_5aea65b849bc,,Shui2026_VetSci_DiversifiedLP,growing_N_balance_diversified_low_protein,DLP_CE,growing,31.13,1.811,38.32,7.07,8.47,22.78,13.224737714,4.597887115888886,14.738323297632176,5.098682871619404,50.05315349034316,18.147791193803823,,,,,confirmation,Historical DOI,0,15.54,21.15958034235229,0.0581753935110825,1.2309669129457117,0.7287243705181766,0.8973027288745019,,,,,,,,,38.32,7.07,8.47,22.78,15.54,13.224737714,4.597887115888886,14.738323297632176,5.098682871619404,50.05315349034316,18.147791193803823,1,1,1,0,1,100.0,1,INCLUDED,,0,EXISTING_REVIEWER_FORMULA,1,MASS_BALANCE_NI_MINUS_FN_MINUS_UN,DIRECT_INITIAL_BW_EXISTING,1,INCLUDED_IN_906_MAIN,,,AIA_906_V1_20260806
V44_1a93260bfab5,,Len2007_JPAN_FibreVietnam,diet_main_effect_fibre_N_balance,LF,growing,43.2,1.443,40.27269667087088,7.414220307608027,17.524520727073522,15.33395563618933,17.4431291887,3.62625,20.5,5.13625,49.06,19.3,,,,,development,Historical DOI,0,24.93874103468155,27.90900670192022,0.0334027777777777,0.9322383488627518,0.9037890771347148,0.8508843506682926,,,,,,,,,40.27269667087088,7.414220307608027,17.524520727073522,15.33395563618933,24.93874103468155,17.4431291887,3.62625,20.5,5.13625,49.06,19.3,1,1,1,0,1,100.0,1,INCLUDED,,0,EXISTING_REVIEWER_FORMULA,1,MASS_BALANCE_NI_MINUS_FN_MINUS_UN,REPORTED_MEAN_BW_USED,1,INCLUDED_IN_906_MAIN,,,AIA_906_V1_20260806
V44_f5f5b6197b74,,Len2007_JPAN_FibreVietnam,diet_main_effect_fibre_N_balance,MF,growing,42.6,1.438,39.35221681047957,8.83757411421787,15.007201326030344,15.507441370231351,17.1037103662,7.64975,26.3,7.21595,38.162000000000006,19.4,,,,,development,Historical DOI,0,23.844775440248213,27.365936585868965,0.0337558685446009,0.923760957992478,0.881634554958763,0.6503311926311788,,,,,,,,,39.35221681047957,8.83757411421787,15.007201326030344,15.507441370231351,23.844775440248213,17.1037103662,7.64975,26.3,7.21595,38.162000000000006,19.4,1,1,1,0,1,100.0,1,INCLUDED,,0,EXISTING_REVIEWER_FORMULA,1,MASS_BALANCE_NI_MINUS_FN_MINUS_UN,REPORTED_MEAN_BW_USED,1,INCLUDED_IN_906_MAIN,,,AIA_906_V1_20260806
V44_525eec99ae7d,,Len2007_JPAN_FibreVietnam,diet_main_effect_fibre_N_balance,HF,growing,42.4,1.467,41.04132238985081,10.800347997329164,15.618964796137558,14.622009596384093,17.485225967,12.15925,32.3,9.28485,26.976,19.3,,,,,development,Historical DOI,0,26.419312793466723,27.9763615472739,0.0345990566037735,0.9679557167417644,0.905970257357513,0.5413382652321982,,,,,,,,,41.04132238985081,10.800347997329164,15.618964796137558,14.622009596384093,26.419312793466723,17.485225967,12.15925,32.3,9.28485,26.976,19.3,1,1,1,0,1,100.0,1,INCLUDED,,0,EXISTING_REVIEWER_FORMULA,1,MASS_BALANCE_NI_MINUS_FN_MINUS_UN,REPORTED_MEAN_BW_USED,1,INCLUDED_IN_906_MAIN,,,AIA_906_V1_20260806
V44_5910e208da71,,Hu2022_AnimBiosci_AARelease,protein_source_by_CP_N_balance,NCAS,weaned_piglet,7.48,0.802266989325417,28.25,4.74,5.47,18.04,22.0079477717,3.848486233522675,8.060656128207027,2.888457871183112,46.1741592663691,18.17365625298175,,,,,development,Historical DOI,0,10.21,35.21271643465463,0.1072549450969808,3.776737967914438,1.210980744069546,2.730292351101118,,,,,,,,,28.25,4.74,5.47,18.04,10.21,22.0079477717,3.848486233522675,8.060656128207027,2.888457871183112,46.1741592663691,18.17365625298175,1,1,1,0,1,100.0,1,INCLUDED,,0,EXISTING_REVIEWER_FORMULA,1,MASS_BALANCE_NI_MINUS_FN_MINUS_UN,DIRECT_INITIAL_BW_EXISTING,1,INCLUDED_IN_906_MAIN,,,AIA_906_V1_20260806
V44_796027df3673,,Hu2022_AnimBiosci_AARelease,protein_source_by_CP_N_balance,NBlend,weaned_piglet,7.49,0.7719128214495995,29.11,5.65,5.49,17.97,23.5696953003,5.136653884853102,7.6468241140076065,2.800920483752731,42.99822155935463,18.366648004086453,,,,,development,Historical DOI,0,11.14,37.711512480558895,0.103059121688865,3.8865153538050734,1.2832877994425496,3.082285527808147,,,,,,,,,29.11,5.65,5.49,17.97,11.14,23.5696953003,5.136653884853102,7.6468241140076065,2.800920483752731,42.99822155935463,18.366648004086453,1,1,1,0,1,100.0,1,INCLUDED,,0,EXISTING_REVIEWER_FORMULA,1,MASS_BALANCE_NI_MINUS_FN_MINUS_UN,DIRECT_INITIAL_BW_EXISTING,1,INCLUDED_IN_906_MAIN,,,AIA_906_V1_20260806
V44_008cef20890d,,Hu2022_AnimBiosci_AARelease,protein_source_by_CP_N_balance,NCGM,weaned_piglet,7.38,0.7454877589869281,30.34,6.96,6.02,17.36,25.4363666893,6.409465930508288,7.234450815543116,2.713373211349607,39.83939954657875,18.55206247925329,,,,,development,Historical DOI,0,12.98,40.6981867029315,0.1010146014887436,4.111111111111111,1.371080262248222,3.516005200374066,,,,,,,,,30.34,6.96,6.02,17.36,12.98,25.4363666893,6.409465930508288,7.234450815543116,2.713373211349607,39.83939954657875,18.55206247925329,1,1,1,0,1,100.0,1,INCLUDED,,0,EXISTING_REVIEWER_FORMULA,1,MASS_BALANCE_NI_MINUS_FN_MINUS_UN,DIRECT_INITIAL_BW_EXISTING,1,INCLUDED_IN_906_MAIN,,,AIA_906_V1_20260806
V44_1f0035f7226d,,Hu2022_AnimBiosci_AARelease,protein_source_by_CP_N_balance,LCAS,weaned_piglet,7.5,0.7663484201917447,23.27,3.0,3.7,16.57,18.9779865356,3.9880453684990544,8.054562977970537,2.722266911602695,49.12459281496542,17.785419950730574,,,,,development,Historical DOI,0,6.7,30.364778457007475,0.1021797893588992,3.1026666666666665,1.0670530461565195,2.356178303839121,,,,,,,,,23.27,3.0,3.7,16.57,6.7,18.9779865356,3.9880453684990544,8.054562977970537,2.722266911602695,49.12459281496542,17.785419950730574,1,1,1,0,1,100.0,1,INCLUDED,,0,EXISTING_REVIEWER_FORMULA,1,MASS_BALANCE_NI_MINUS_FN_MINUS_UN,DIRECT_INITIAL_BW_EXISTING,1,INCLUDED_IN_906_MAIN,,,AIA_906_V1_20260806
V44_57e9b6b00dae,,Hu2022_AnimBiosci_AARelease,protein_source_by_CP_N_balance,LBlend,weaned_piglet,7.43,0.7562486032090807,23.95,3.48,3.8,16.669999999999998,19.7934249881,5.112600512099397,7.7680054818023665,2.7039808749359544,46.17052346286414,17.96184053999659,,,,,development,Historical DOI,0,7.279999999999999,31.669479981014288,0.1017831229083554,3.2234185733512786,1.101970866739682,2.5480704196809403,,,,,,,,,23.95,3.48,3.8,16.669999999999998,7.279999999999999,19.7934249881,5.112600512099397,7.7680054818023665,2.7039808749359544,46.17052346286414,17.96184053999659,1,1,1,0,1,100.0,1,INCLUDED,,0,EXISTING_REVIEWER_FORMULA,1,MASS_BALANCE_NI_MINUS_FN_MINUS_UN,DIRECT_INITIAL_BW_EXISTING,1,INCLUDED_IN_906_MAIN,,,AIA_906_V1_20260806
V44_fa26110a0eb9,,Hu2022_AnimBiosci_AARelease,protein_source_by_CP_N_balance,LCGM,weaned_piglet,7.47,0.7503455657679737,24.42,4.62,3.82,15.98,20.340627967,6.245151651789722,7.482421642605418,2.68546908080525,43.23191528726706,18.142122493566006,,,,,development,Historical DOI,0,8.44,32.54500474725441,0.1004478669033432,3.269076305220884,1.1211823740145994,2.718455192524714,,,,,,,,,24.42,4.62,3.82,15.98,8.44,20.340627967,6.245151651789722,7.482421642605418,2.68546908080525,43.23191528726706,18.142122493566006,1,1,1,0,1,100.0,1,INCLUDED,,0,EXISTING_REVIEWER_FORMULA,1,MASS_BALANCE_NI_MINUS_FN_MINUS_UN,DIRECT_INITIAL_BW_EXISTING,1,INCLUDED_IN_906_MAIN,,,AIA_906_V1_20260806
V44_6a728f5ff196,,Phillips2026_TAS_SoybeanMeal,phase_P1_metabolism_subset,P1_LSBM,grow_finish,36.93,1.099312744140625,30.39,1.85,6.63,21.91,17.27784027,2.939513244189666,8.722880538422928,3.173268743447452,54.66075558783191,17.978492688413947,,,,,development,New/unmatched study assigned development-only,0,8.48,27.64454443194601,0.0297674720861257,0.8229082047116166,0.961028300283178,1.980749385927482,,,,,,,,,30.39,1.85,6.63,21.91,8.48,17.27784027,2.939513244189666,8.722880538422928,3.173268743447452,54.66075558783191,17.978492688413947,1,1,1,0,1,100.0,1,INCLUDED,,0,EXISTING_REVIEWER_FORMULA,1,MASS_BALANCE_NI_MINUS_FN_MINUS_UN,DIRECT_INITIAL_BW_EXISTING,1,INCLUDED_IN_906_MAIN,,,AIA_906_V1_20260806
V44_45d5eb601d07,,Phillips2026_TAS_SoybeanMeal,phase_P1_metabolism_subset,P1_MSBM,grow_finish,36.17,1.118655152376033,38.86,3.05,9.51,26.300000000000004,21.7113378939,3.3538610731794374,8.624573581162652,3.503678898384232,47.38062430558505,18.205584837949985,,,,,development,New/unmatched study assigned development-only,0,12.56,34.738140630256815,0.030927706728671,1.074371025711916,1.192564704026546,2.5173810263872967,,,,,,,,,38.86,3.05,9.51,26.300000000000004,12.56,21.7113378939,3.3538610731794374,8.624573581162652,3.503678898384232,47.38062430558505,18.205584837949985,1,1,1,0,1,100.0,1,INCLUDED,,0,EXISTING_REVIEWER_FORMULA,1,MASS_BALANCE_NI_MINUS_FN_MINUS_UN,DIRECT_INITIAL_BW_EXISTING,1,INCLUDED_IN_906_MAIN,,,AIA_906_V1_20260806
V44_fb89a4f9bec4,,Phillips2026_TAS_SoybeanMeal,phase_P1_metabolism_subset,P1_ESBM,grow_finish,36.77,1.1056136464333184,44.76,2.44,12.1,30.22,25.302690583,3.390773226786651,8.547464542451914,3.750202994497788,41.90034204754847,18.433991031390136,,,,,development,New/unmatched study assigned development-only,0,14.54,40.48430493273544,0.0300683613389534,1.2172967092738645,1.372610550797902,2.960256864164973,,,,,,,,,44.76,2.44,12.1,30.22,14.54,25.302690583,3.390773226786651,8.547464542451914,3.750202994497788,41.90034204754847,18.433991031390136,1,1,1,0,1,100.0,1,INCLUDED,,0,EXISTING_REVIEWER_FORMULA,1,MASS_BALANCE_NI_MINUS_FN_MINUS_UN,DIRECT_INITIAL_BW_EXISTING,1,INCLUDED_IN_906_MAIN,,,AIA_906_V1_20260806
V44_b418e7865d79,,Phillips2026_TAS_SoybeanMeal,phase_P1_metabolism_subset,P1_ESBMplus,grow_finish,37.2,1.0913567452830188,51.61,3.76,12.71,35.14,29.5561008253,3.488100619818043,8.382027578405742,4.032093712144049,34.638124988407874,18.57274146776712,,,,,development,New/unmatched study assigned development-only,0,16.47,47.28976132054428,0.0293375469162101,1.387365591397849,1.5913698511657222,3.526127843034556,,,,,,,,,51.61,3.76,12.71,35.14,16.47,29.5561008253,3.488100619818043,8.382027578405742,4.032093712144049,34.638124988407874,18.57274146776712,1,1,1,0,1,100.0,1,INCLUDED,,0,EXISTING_REVIEWER_FORMULA,1,MASS_BALANCE_NI_MINUS_FN_MINUS_UN,DIRECT_INITIAL_BW_EXISTING,1,INCLUDED_IN_906_MAIN,,,AIA_906_V1_20260806
V44_0968bc249604,,Phillips2026_TAS_SoybeanMeal,phase_P2_metabolism_subset,P2_LSBM,grow_finish,62.03,1.4004712073073868,31.96,3.27,6.39,22.3,14.2630565311,3.057960758605658,8.819486978192769,3.022416060035954,58.65114555326509,18.059408632604512,,,,,development,New/unmatched study assigned development-only,0,9.66,22.82089044975643,0.0225773207691018,0.5152345639206836,0.7897853590482157,1.6172206576603725,,,,,,,,,31.96,3.27,6.39,22.3,9.66,14.2630565311,3.057960758605658,8.819486978192769,3.022416060035954,58.65114555326509,18.059408632604512,1,1,1,0,1,100.0,1,INCLUDED,,0,EXISTING_REVIEWER_FORMULA,1,MASS_BALANCE_NI_MINUS_FN_MINUS_UN,DIRECT_INITIAL_BW_EXISTING,1,INCLUDED_IN_906_MAIN,,,AIA_906_V1_20260806
V44_82d019ab078d,,Phillips2026_TAS_SoybeanMeal,phase_P2_metabolism_subset,P2_MSBM,grow_finish,61.0,1.3402236276455026,36.97,3.47,10.78,22.72,17.2405929304,3.6362318778778846,8.698989359213051,3.3637432547546218,50.88635938485585,18.415324971493728,,,,,development,New/unmatched study assigned development-only,0,14.25,27.58494868871152,0.0219708791417295,0.6060655737704918,0.9362089975109223,1.981907577820012,,,,,,,,,36.97,3.47,10.78,22.72,14.25,17.2405929304,3.6362318778778846,8.698989359213051,3.3637432547546218,50.88635938485585,18.415324971493728,1,1,1,0,1,100.0,1,INCLUDED,,0,EXISTING_REVIEWER_FORMULA,1,MASS_BALANCE_NI_MINUS_FN_MINUS_UN,DIRECT_INITIAL_BW_EXISTING,1,INCLUDED_IN_906_MAIN,,,AIA_906_V1_20260806
V44_e0afe4e42e1e,,Phillips2026_TAS_SoybeanMeal,phase_P2_metabolism_subset,P2_ESBM,grow_finish,61.93,1.3747272357723577,45.98,4.03,18.22,23.73,20.9041468389,3.805900572563294,8.60838168017128,3.598899827144994,45.4390009444655,18.4881033310673,,,,,development,New/unmatched study assigned development-only,0,22.25,33.44663494221618,0.0221980822827766,0.7424511545293072,1.1306809824982311,2.4283480467706298,,,,,,,,,45.98,4.03,18.22,23.73,22.25,20.9041468389,3.805900572563294,8.60838168017128,3.598899827144994,45.4390009444655,18.4881033310673,1,1,1,0,1,100.0,1,INCLUDED,,0,EXISTING_REVIEWER_FORMULA,1,MASS_BALANCE_NI_MINUS_FN_MINUS_UN,DIRECT_INITIAL_BW_EXISTING,1,INCLUDED_IN_906_MAIN,,,AIA_906_V1_20260806
V44_5a2738989bd4,,Phillips2026_TAS_SoybeanMeal,phase_P2_metabolism_subset,P2_ESBMplus,grow_finish,62.23,1.4759802215189874,60.77,4.31,22.74,33.72,25.7328990228,3.576047618024829,8.472791822386414,3.895404119592766,38.29546748142102,18.51618555543076,,,,,development,New/unmatched study assigned development-only,0,27.05,41.17263843648208,0.0237181459347418,0.976538646954845,1.38975162815068,3.0371215960729425,,,,,,,,,60.77,4.31,22.74,33.72,27.05,25.7328990228,3.576047618024829,8.472791822386414,3.895404119592766,38.29546748142102,18.51618555543076,1,1,1,0,1,100.0,1,INCLUDED,,0,EXISTING_REVIEWER_FORMULA,1,MASS_BALANCE_NI_MINUS_FN_MINUS_UN,DIRECT_INITIAL_BW_EXISTING,1,INCLUDED_IN_906_MAIN,,,AIA_906_V1_20260806
V44_7da8bda013fd,,Phillips2026_TAS_SoybeanMeal,phase_P3_metabolism_subset,P3_LSBM,grow_finish,85.8,1.7793428217821785,36.26,2.93,8.56,24.77,12.736443884,3.176336113320354,8.93128822200721,2.8883355369472605,62.53210944109258,17.89100080247621,,,,,development,New/unmatched study assigned development-only,0,11.49,20.378310214375784,0.0207382613261326,0.4226107226107226,0.7118910800248361,1.426047795951391,,,,,,,,,36.26,2.93,8.56,24.77,11.49,12.736443884,3.176336113320354,8.93128822200721,2.8883355369472605,62.53210944109258,17.89100080247621,1,1,1,0,1,100.0,1,INCLUDED,,0,EXISTING_REVIEWER_FORMULA,1,MASS_BALANCE_NI_MINUS_FN_MINUS_UN,DIRECT_INITIAL_BW_EXISTING,1,INCLUDED_IN_906_MAIN,,,AIA_906_V1_20260806
V44_58690d9f9834,,Phillips2026_TAS_SoybeanMeal,phase_P3_metabolism_subset,P3_MSBM,grow_finish,84.73,1.718271629416006,43.47,4.39,15.18,23.9,15.8116735066,3.5963817645247502,8.809653797484003,3.237740861696557,54.60565661151732,18.26803465572276,,,,,development,New/unmatched study assigned development-only,0,19.57,25.29867761057911,0.0202793771912664,0.5130414257051811,0.8655377441845795,1.794812131109595,,,,,,,,,43.47,4.39,15.18,23.9,19.57,15.8116735066,3.5963817645247502,8.809653797484003,3.237740861696557,54.60565661151732,18.26803465572276,1,1,1,0,1,100.0,1,INCLUDED,,0,EXISTING_REVIEWER_FORMULA,1,MASS_BALANCE_NI_MINUS_FN_MINUS_UN,DIRECT_INITIAL_BW_EXISTING,1,INCLUDED_IN_906_MAIN,,,AIA_906_V1_20260806
V44_29829138b8ef,,Phillips2026_TAS_SoybeanMeal,phase_P3_metabolism_subset,P3_ESBM,grow_finish,85.73,1.7440414925373136,53.32,5.06,19.28,28.98,19.1079169519,3.9122700085467472,8.706232619025194,3.408318747308064,50.16845924068155,18.423728040155147,,,,,development,New/unmatched study assigned development-only,0,24.34,30.57266712297513,0.0203434211190634,0.6219526420156305,1.0371362902368966,2.194739996970061,,,,,,,,,53.32,5.06,19.28,28.98,24.34,19.1079169519,3.9122700085467472,8.706232619025194,3.408318747308064,50.16845924068155,18.423728040155147,1,1,1,0,1,100.0,1,INCLUDED,,0,EXISTING_REVIEWER_FORMULA,1,MASS_BALANCE_NI_MINUS_FN_MINUS_UN,DIRECT_INITIAL_BW_EXISTING,1,INCLUDED_IN_906_MAIN,,,AIA_906_V1_20260806
V44_76bbaa4057aa,,Phillips2026_TAS_SoybeanMeal,phase_P3_metabolism_subset,P3_ESBMplus,grow_finish,89.7,1.799053184631253,63.62,5.4,23.88,34.34,22.1019035678,3.68771353189832,8.55852604099387,3.757366808073213,41.9125154099341,18.647486606634,,,,,development,New/unmatched study assigned development-only,0,29.28,35.36304570842358,0.0200563342768255,0.7092530657748048,1.185248394812471,2.5824427549715545,,,,,,,,,63.62,5.4,23.88,34.34,29.28,22.1019035678,3.68771353189832,8.55852604099387,3.757366808073213,41.9125154099341,18.647486606634,1,1,1,0,1,100.0,1,INCLUDED,,0,EXISTING_REVIEWER_FORMULA,1,MASS_BALANCE_NI_MINUS_FN_MINUS_UN,DIRECT_INITIAL_BW_EXISTING,1,INCLUDED_IN_906_MAIN,,,AIA_906_V1_20260806
V44_61f28d56947a,,Zhang2008_LivSci_pGHRH,pGHRH_dose_postweaning_piglets,pGHRH_0mg,weaned_piglet,5.1,0.314,12.2,1.7,4.8,5.7,23.98,5.935171888980508,9.028228565413428,3.795132370743347,25.602979876839942,18.983698617519607,,,,,development,New/unmatched study assigned development-only,0,6.5,38.853503184713375,0.0615686274509804,2.392156862745098,1.263189038297807,2.656113525068014,,,,,,,,,12.2,1.7,4.8,5.7,6.5,23.98,5.935171888980508,9.028228565413428,3.795132370743347,25.602979876839942,18.983698617519607,1,1,1,0,1,100.0,1,INCLUDED,,0,EXISTING_REVIEWER_FORMULA,1,MASS_BALANCE_NI_MINUS_FN_MINUS_UN,DIRECT_INITIAL_BW_EXISTING,1,INCLUDED_IN_906_MAIN,,,AIA_906_V1_20260806
V44_3b69f0ef66ce,,Zhang2008_LivSci_pGHRH,pGHRH_dose_postweaning_piglets,pGHRH_0_25mg,weaned_piglet,5.1,0.366,13.2,2.2,4.6,6.4,23.98,5.935171888980508,9.028228565413428,3.795132370743347,25.602979876839942,18.983698617519607,,,,,development,New/unmatched study assigned development-only,0,6.8,36.0655737704918,0.0717647058823529,2.588235294117647,1.263189038297807,2.656113525068014,,,,,,,,,13.2,2.2,4.6,6.4,6.8,23.98,5.935171888980508,9.028228565413428,3.795132370743347,25.602979876839942,18.983698617519607,1,1,1,0,1,100.0,1,INCLUDED,,0,EXISTING_REVIEWER_FORMULA,1,MASS_BALANCE_NI_MINUS_FN_MINUS_UN,DIRECT_INITIAL_BW_EXISTING,1,INCLUDED_IN_906_MAIN,,,AIA_906_V1_20260806
V44_e902af412d92,,Zhang2008_LivSci_pGHRH,pGHRH_dose_postweaning_piglets,pGHRH_0_5mg,weaned_piglet,5.1,0.4,15.8,2.5,4.8,8.5,23.98,5.935171888980508,9.028228565413428,3.795132370743347,25.602979876839942,18.983698617519607,,,,,development,New/unmatched study assigned development-only,0,7.3,39.5,0.0784313725490196,3.098039215686275,1.263189038297807,2.656113525068014,,,,,,,,,15.8,2.5,4.8,8.5,7.3,23.98,5.935171888980508,9.028228565413428,3.795132370743347,25.602979876839942,18.983698617519607,1,1,1,0,1,100.0,1,INCLUDED,,0,EXISTING_REVIEWER_FORMULA,1,MASS_BALANCE_NI_MINUS_FN_MINUS_UN,DIRECT_INITIAL_BW_EXISTING,1,INCLUDED_IN_906_MAIN,,,AIA_906_V1_20260806
V44_69abc66e88f6,,Zhang2008_LivSci_pGHRH,pGHRH_dose_postweaning_piglets,pGHRH_1mg,weaned_piglet,5.1,0.386,14.7,1.8,3.9,8.999999999999998,23.98,5.935171888980508,9.028228565413428,3.795132370743347,25.602979876839942,18.983698617519607,,,,,development,New/unmatched study assigned development-only,0,5.7,38.08290155440415,0.0756862745098039,2.8823529411764706,1.263189038297807,2.656113525068014,,,,,,,,,14.7,1.8,3.9,8.999999999999998,5.7,23.98,5.935171888980508,9.028228565413428,3.795132370743347,25.602979876839942,18.983698617519607,1,1,1,0,1,100.0,1,INCLUDED,,0,EXISTING_REVIEWER_FORMULA,1,MASS_BALANCE_NI_MINUS_FN_MINUS_UN,DIRECT_INITIAL_BW_EXISTING,1,INCLUDED_IN_906_MAIN,,,AIA_906_V1_20260806
V44_2c2e41b399d5,,Zhang2008_LivSci_pGHRH,pGHRH_dose_postweaning_piglets,pGHRH_2mg,weaned_piglet,5.1,0.349,13.5,1.6,4.2,7.7,23.98,5.935171888980508,9.028228565413428,3.795132370743347,25.602979876839942,18.983698617519607,,,,,development,New/unmatched study assigned development-only,0,5.800000000000001,38.68194842406877,0.0684313725490196,2.647058823529412,1.263189038297807,2.656113525068014,,,,,,,,,13.5,1.6,4.2,7.7,5.800000000000001,23.98,5.935171888980508,9.028228565413428,3.795132370743347,25.602979876839942,18.983698617519607,1,1,1,0,1,100.0,1,INCLUDED,,0,EXISTING_REVIEWER_FORMULA,1,MASS_BALANCE_NI_MINUS_FN_MINUS_UN,DIRECT_INITIAL_BW_EXISTING,1,INCLUDED_IN_906_MAIN,,,AIA_906_V1_20260806
V44_74fef18a733d,,Choi2015_AJAS_RapeseedMeal,growing_RSM_levels_metabolism_trial,RSM0,growing,31.14,0.5539764041218638,13.9,1.09,7.7,5.11,15.6820758707,3.211899469237613,8.828659819913561,3.0885917226068984,57.56500327243891,18.24653851056927,,,,,development,Historical DOI,0,8.790000000000001,25.091321393071965,0.0177898652576064,0.4463712267180475,0.8594548418932276,1.7762691269775914,,,,,,,,,13.9,1.09,7.7,5.11,8.790000000000001,15.6820758707,3.211899469237613,8.828659819913561,3.0885917226068984,57.56500327243891,18.24653851056927,1,1,1,0,1,100.0,1,INCLUDED,,0,EXISTING_REVIEWER_FORMULA,1,MASS_BALANCE_NI_MINUS_FN_MINUS_UN,DIRECT_INITIAL_BW_EXISTING,1,INCLUDED_IN_906_MAIN,,,AIA_906_V1_20260806
V44_90f89abd6641,,Choi2015_AJAS_RapeseedMeal,growing_RSM_levels_metabolism_trial,RSM3,growing,31.14,0.4913449359318998,12.31,1.37,7.74,3.200000000000001,15.6585515335,3.666722603427819,9.293813693543626,3.3687885220011062,56.90825435773559,18.3592415199683,,,,,development,Historical DOI,0,9.11,25.053682453554707,0.0157785785463037,0.3953114964675658,0.8528975184769527,1.6848359618374888,,,,,,,,,12.31,1.37,7.74,3.200000000000001,9.11,15.6585515335,3.666722603427819,9.293813693543626,3.3687885220011062,56.90825435773559,18.3592415199683,1,1,1,0,1,100.0,1,INCLUDED,,0,EXISTING_REVIEWER_FORMULA,1,MASS_BALANCE_NI_MINUS_FN_MINUS_UN,DIRECT_INITIAL_BW_EXISTING,1,INCLUDED_IN_906_MAIN,,,AIA_906_V1_20260806
V44_f802fed3ac32,,Choi2015_AJAS_RapeseedMeal,growing_RSM_levels_metabolism_trial,RSM6,growing,31.14,0.5612688774193547,14.04,2.1,7.83,4.109999999999999,15.6342180246,4.151797834206907,9.753057627167273,3.647447061080817,56.20816216012668,18.47658574679336,,,,,development,Historical DOI,0,9.93,25.014748839369453,0.0180240487289452,0.4508670520231213,0.8461638009778588,1.603006833575009,,,,,,,,,14.04,2.1,7.83,4.109999999999999,9.93,15.6342180246,4.151797834206907,9.753057627167273,3.647447061080817,56.20816216012668,18.47658574679336,1,1,1,0,1,100.0,1,INCLUDED,,0,EXISTING_REVIEWER_FORMULA,1,MASS_BALANCE_NI_MINUS_FN_MINUS_UN,DIRECT_INITIAL_BW_EXISTING,1,INCLUDED_IN_906_MAIN,,,AIA_906_V1_20260806
V44_62e8ae172882,,Choi2015_AJAS_RapeseedMeal,growing_RSM_levels_metabolism_trial,RSM9,growing,31.14,0.552099393234767,13.79,2.35,8.23,3.209999999999999,15.6108666403,4.592842356097186,10.215554197515848,3.925674604857632,55.56236171933498,18.58413808376668,,,,,development,Historical DOI,0,10.58,24.97738662454232,0.0177295887358627,0.4428387925497751,0.8400102587451261,1.5281468179275235,,,,,,,,,13.79,2.35,8.23,3.209999999999999,10.58,15.6108666403,4.592842356097186,10.215554197515848,3.925674604857632,55.56236171933498,18.58413808376668,1,1,1,0,1,100.0,1,INCLUDED,,0,EXISTING_REVIEWER_FORMULA,1,MASS_BALANCE_NI_MINUS_FN_MINUS_UN,DIRECT_INITIAL_BW_EXISTING,1,INCLUDED_IN_906_MAIN,,,AIA_906_V1_20260806
V44_e1c74eee4870,,Choi2015_AJAS_RapeseedMeal,growing_RSM_levels_metabolism_trial,RSM12,growing,31.14,0.5545476194892472,13.83,1.54,8.11,4.18,15.5870293122,5.064249455487524,10.673821198784458,4.203823179845603,54.86831284318701,18.7005804520328,,,,,development,Historical DOI,0,9.65,24.939246899549925,0.0178082087183444,0.4441233140655106,0.8335051070837565,1.4603045171840674,,,,,,,,,13.83,1.54,8.11,4.18,9.65,15.5870293122,5.064249455487524,10.673821198784458,4.203823179845603,54.86831284318701,18.7005804520328,1,1,1,0,1,100.0,1,INCLUDED,,0,EXISTING_REVIEWER_FORMULA,1,MASS_BALANCE_NI_MINUS_FN_MINUS_UN,DIRECT_INITIAL_BW_EXISTING,1,INCLUDED_IN_906_MAIN,,,AIA_906_V1_20260806
V44_86ef2a19c33e,,Yang2025_Animals_Fishmeal,experiment2_fishmeal_assay_diets_Latin_square,FM1,weaned_piglet,18.05,0.8320057511965716,33.35,2.66,14.11,16.580000000000002,25.0524109599,4.801978036196606,6.605752684963701,1.8973970478087223,50.5972546082326,22.07648201179368,,,,,development,New/unmatched study assigned development-only,0,16.77,40.083857535884576,0.0460945014513336,1.8476454293628808,1.1348008684769848,3.79251421521205,,,,,,,,,33.35,2.66,14.11,16.580000000000002,16.77,25.0524109599,4.801978036196606,6.605752684963701,1.8973970478087223,50.5972546082326,22.07648201179368,1,1,1,0,1,100.0,1,INCLUDED,,0,EXISTING_REVIEWER_FORMULA,1,MASS_BALANCE_NI_MINUS_FN_MINUS_UN,DIRECT_INITIAL_BW_EXISTING,1,INCLUDED_IN_906_MAIN,,,AIA_906_V1_20260806
V44_4e54d89e809c,,Yang2025_Animals_Fishmeal,experiment2_fishmeal_assay_diets_Latin_square,FM2,weaned_piglet,18.05,0.8531996714993321,34.19,2.84,12.22,19.129999999999995,25.0454268957,4.995784038391093,6.603911145605258,1.896868095014276,50.583149200380696,21.380974008045293,,,,,development,New/unmatched study assigned development-only,0,15.06,40.07268303317293,0.0472686798614588,1.8941828254847644,1.171388491762622,3.7925142152112574,,,,,,,,,34.19,2.84,12.22,19.129999999999995,15.06,25.0454268957,4.995784038391093,6.603911145605258,1.896868095014276,50.583149200380696,21.380974008045293,1,1,1,0,1,100.0,1,INCLUDED,,0,EXISTING_REVIEWER_FORMULA,1,MASS_BALANCE_NI_MINUS_FN_MINUS_UN,DIRECT_INITIAL_BW_EXISTING,1,INCLUDED_IN_906_MAIN,,,AIA_906_V1_20260806
V44_e41f1abda522,,Yang2025_Animals_Fishmeal,experiment2_fishmeal_assay_diets_Latin_square,FM3,weaned_piglet,18.05,0.7875689275378449,31.56,3.44,6.47,21.65,25.0454268957,4.967906225728879,6.603911145605258,1.896868095014276,50.583149200380696,23.375223877297227,,,,,development,New/unmatched study assigned development-only,0,9.91,40.07268303317293,0.0436326275644235,1.7484764542936286,1.07145185120665,3.7925142152112574,,,,,,,,,31.56,3.44,6.47,21.65,9.91,25.0454268957,4.967906225728879,6.603911145605258,1.896868095014276,50.583149200380696,23.375223877297227,1,1,1,0,1,100.0,1,INCLUDED,,0,EXISTING_REVIEWER_FORMULA,1,MASS_BALANCE_NI_MINUS_FN_MINUS_UN,DIRECT_INITIAL_BW_EXISTING,1,INCLUDED_IN_906_MAIN,,,AIA_906_V1_20260806
V44_05da3523d840,,Yang2025_Animals_Fishmeal,experiment2_fishmeal_assay_diets_Latin_square,FM4,weaned_piglet,18.05,0.6847034134294301,27.53,3.0,8.49,16.04,25.1294935333,4.648924695992987,6.62607761164639,1.9032350586643885,50.75293489771703,27.68135754584415,,,,,development,New/unmatched study assigned development-only,0,11.49,40.20718965327229,0.0379337071152038,1.525207756232687,0.907812902300116,3.7925142152169937,,,,,,,,,27.53,3.0,8.49,16.04,11.49,25.1294935333,4.648924695992987,6.62607761164639,1.9032350586643885,50.75293489771703,27.68135754584415,1,1,1,0,1,100.0,1,INCLUDED,,0,EXISTING_REVIEWER_FORMULA,1,MASS_BALANCE_NI_MINUS_FN_MINUS_UN,DIRECT_INITIAL_BW_EXISTING,1,INCLUDED_IN_906_MAIN,,,AIA_906_V1_20260806
V44_66aa93f63bf7,,Yang2025_Animals_Fishmeal,experiment2_fishmeal_assay_diets_Latin_square,FM5,weaned_piglet,18.05,1.0831548940205264,43.12,3.23,8.03,31.86,24.8810213099,5.8581401519840695,6.501475374617028,1.8674450544112733,49.79853478430064,17.768834454100954,,,,,development,New/unmatched study assigned development-only,0,11.26,39.809634095770285,0.0600085813861787,2.3889196675900277,1.4002618671568292,3.826980781476178,,,,,,,,,43.12,3.23,8.03,31.86,11.26,24.8810213099,5.8581401519840695,6.501475374617028,1.8674450544112733,49.79853478430064,17.768834454100954,1,1,1,0,1,100.0,1,INCLUDED,,0,EXISTING_REVIEWER_FORMULA,1,MASS_BALANCE_NI_MINUS_FN_MINUS_UN,DIRECT_INITIAL_BW_EXISTING,1,INCLUDED_IN_906_MAIN,,,AIA_906_V1_20260806
V44_6a274232ebe5,,Yang2025_Animals_Fishmeal,experiment2_fishmeal_assay_diets_Latin_square,FM6,weaned_piglet,18.05,0.9311502634147704,37.09,4.13,7.39,25.57,24.8952837268,5.976143130662468,6.505202181142351,1.868515520115356,49.82708053640949,21.11882557803728,,,,,development,New/unmatched study assigned development-only,0,11.52,39.83245396288814,0.0515872722113446,2.054847645429363,1.178819515072376,3.826980781468693,,,,,,,,,37.09,4.13,7.39,25.57,11.52,24.8952837268,5.976143130662468,6.505202181142351,1.868515520115356,49.82708053640949,21.11882557803728,1,1,1,0,1,100.0,1,INCLUDED,,0,EXISTING_REVIEWER_FORMULA,1,MASS_BALANCE_NI_MINUS_FN_MINUS_UN,DIRECT_INITIAL_BW_EXISTING,1,INCLUDED_IN_906_MAIN,,,AIA_906_V1_20260806
V44_e8c132d953df,,Yang2025_Animals_Fishmeal,experiment2_fishmeal_assay_diets_Latin_square,FM7,weaned_piglet,18.05,0.8960249086624276,35.65,4.17,11.6,19.879999999999995,24.8667752253,5.912042798372174,6.497752835794397,1.8663758145366884,49.77002172097836,20.96611357383323,,,,,development,New/unmatched study assigned development-only,0,15.77,39.78684036051831,0.0496412691779738,1.975069252077562,1.186046004078457,3.826980781465791,,,,,,,,,35.65,4.17,11.6,19.879999999999995,15.77,24.8667752253,5.912042798372174,6.497752835794397,1.8663758145366884,49.77002172097836,20.96611357383323,1,1,1,0,1,100.0,1,INCLUDED,,0,EXISTING_REVIEWER_FORMULA,1,MASS_BALANCE_NI_MINUS_FN_MINUS_UN,DIRECT_INITIAL_BW_EXISTING,1,INCLUDED_IN_906_MAIN,,,AIA_906_V1_20260806
V44_8a9c71290d98,,Yang2025_Animals_Fishmeal,experiment2_fishmeal_assay_diets_Latin_square,FM8,weaned_piglet,18.05,1.034719554645722,41.38,4.06,16.35,20.97,24.9946953103,5.34077298657092,6.476221457010293,1.8601912695667864,49.60510052178097,18.72190383667076,,,,,development,New/unmatched study assigned development-only,0,20.41,39.99151249651227,0.0573251830828654,2.292520775623269,1.3350509397095969,3.859456548269219,,,,,,,,,41.38,4.06,16.35,20.97,20.41,24.9946953103,5.34077298657092,6.476221457010293,1.8601912695667864,49.60510052178097,18.72190383667076,1,1,1,0,1,100.0,1,INCLUDED,,0,EXISTING_REVIEWER_FORMULA,1,MASS_BALANCE_NI_MINUS_FN_MINUS_UN,DIRECT_INITIAL_BW_EXISTING,1,INCLUDED_IN_906_MAIN,,,AIA_906_V1_20260806
V44_c87e940593df,,Yang2025_Animals_Fishmeal,experiment2_fishmeal_assay_diets_Latin_square,FM9,weaned_piglet,18.05,0.8821909184552937,35.31,3.36,9.14,22.81,25.0158435531,5.813284492346965,6.276201286290638,1.8027386673388008,48.07303112903468,21.34231899934723,,,,,development,New/unmatched study assigned development-only,0,12.5,40.0253496848816,0.0488748431277171,1.9562326869806093,1.1721239643107728,3.9858255674086056,,,,,,,,,35.31,3.36,9.14,22.81,12.5,25.0158435531,5.813284492346965,6.276201286290638,1.8027386673388008,48.07303112903468,21.34231899934723,1,1,1,0,1,100.0,1,INCLUDED,,0,EXISTING_REVIEWER_FORMULA,1,MASS_BALANCE_NI_MINUS_FN_MINUS_UN,DIRECT_INITIAL_BW_EXISTING,1,INCLUDED_IN_906_MAIN,,,AIA_906_V1_20260806
V44_2c435a068545,,Yang2025_Animals_Fishmeal,experiment2_fishmeal_assay_diets_Latin_square,FM10,weaned_piglet,18.05,0.8536071872219749,34.22,2.88,13.53,17.810000000000002,25.0554357088,5.759177751486413,6.286134524729704,1.8055918315712984,48.14911550856795,21.46879767922393,,,,,development,New/unmatched study assigned development-only,0,16.41,40.08869713406163,0.0472912569098047,1.89584487534626,1.1670628268599774,3.9858255674026246,,,,,,,,,34.22,2.88,13.53,17.810000000000002,16.41,25.0554357088,5.759177751486413,6.286134524729704,1.8055918315712984,48.14911550856795,21.46879767922393,1,1,1,0,1,100.0,1,INCLUDED,,0,EXISTING_REVIEWER_FORMULA,1,MASS_BALANCE_NI_MINUS_FN_MINUS_UN,DIRECT_INITIAL_BW_EXISTING,1,INCLUDED_IN_906_MAIN,,,AIA_906_V1_20260806
V44_aa2ec641ee01,,Ju2008_AJAS_LysineSources,dietII_weaned_pig_nitrogen_retention,Control,weaned_piglet,10.895,0.26,7.93,1.0,2.54,4.39,22.7546176704,5.624436682350739,5.510750408282855,2.0018616744624715,29.02446689181458,18.658237735044366,,,,,development,New/unmatched study assigned development-only,0,3.54,30.5,0.0238641578705828,0.7278568150527766,1.2195480620156165,4.129132329455349,,,,,,,,,7.93,1.0,2.54,4.39,3.54,22.7546176704,5.624436682350739,5.510750408282855,2.0018616744624715,29.02446689181458,18.658237735044366,1,1,1,0,1,100.0,1,INCLUDED,,0,EXISTING_REVIEWER_FORMULA,1,MASS_BALANCE_NI_MINUS_FN_MINUS_UN,DIRECT_INITIAL_BW_EXISTING,1,INCLUDED_IN_906_MAIN,,,AIA_906_V1_20260806
V44_4bbf048b966d,,Ju2008_AJAS_LysineSources,dietII_weaned_pig_nitrogen_retention,L_C,weaned_piglet,10.895,0.26,7.93,1.08,2.14,4.709999999999999,22.7041164942,5.361843115852404,5.662454224176555,2.073473331960996,29.022905902032388,18.60459016691201,,,,,development,New/unmatched study assigned development-only,0,3.22,30.5,0.0238641578705828,0.7278568150527766,1.2203502625163405,4.009589410411821,,,,,,,,,7.93,1.08,2.14,4.709999999999999,3.22,22.7041164942,5.361843115852404,5.662454224176555,2.073473331960996,29.022905902032388,18.60459016691201,1,1,1,0,1,100.0,1,INCLUDED,,0,EXISTING_REVIEWER_FORMULA,1,MASS_BALANCE_NI_MINUS_FN_MINUS_UN,DIRECT_INITIAL_BW_EXISTING,1,INCLUDED_IN_906_MAIN,,,AIA_906_V1_20260806
V44_8f2aa7fbc626,,Ju2008_AJAS_LysineSources,dietII_weaned_pig_nitrogen_retention,K_L_S,weaned_piglet,10.895,0.26,7.93,1.0,2.35,4.58,22.7083687476,5.360148672771542,5.680846031636867,2.088711345490313,29.1018795176137,18.57859751384454,,,,,development,New/unmatched study assigned development-only,0,3.35,30.5,0.0238641578705828,0.7278568150527766,1.2222864901765598,3.9973568410648967,,,,,,,,,7.93,1.0,2.35,4.58,3.35,22.7083687476,5.360148672771542,5.680846031636867,2.088711345490313,29.1018795176137,18.57859751384454,1,1,1,0,1,100.0,1,INCLUDED,,0,EXISTING_REVIEWER_FORMULA,1,MASS_BALANCE_NI_MINUS_FN_MINUS_UN,DIRECT_INITIAL_BW_EXISTING,1,INCLUDED_IN_906_MAIN,,,AIA_906_V1_20260806
V44_5f29676786c9,,Ju2008_AJAS_LysineSources,dietII_weaned_pig_nitrogen_retention,C_L_S,weaned_piglet,10.895,0.26,7.93,0.98,1.65,5.299999999999999,22.7083687476,5.360148672771542,5.680846031636867,2.088711345490313,29.1018795176137,18.57859751384454,,,,,development,New/unmatched study assigned development-only,0,2.63,30.5,0.0238641578705828,0.7278568150527766,1.2222864901765598,3.9973568410648967,,,,,,,,,7.93,0.98,1.65,5.299999999999999,2.63,22.7083687476,5.360148672771542,5.680846031636867,2.088711345490313,29.1018795176137,18.57859751384454,1,1,1,0,1,100.0,1,INCLUDED,,0,EXISTING_REVIEWER_FORMULA,1,MASS_BALANCE_NI_MINUS_FN_MINUS_UN,DIRECT_INITIAL_BW_EXISTING,1,INCLUDED_IN_906_MAIN,,,AIA_906_V1_20260806
V44_164053cc27c6,,Myrie2008_JAS_Antinutritive,young_pig_casein_diet_antinutritive_factor_N_balance,Control,postweaning_piglet,10.0,0.7477615870786517,22.5,2.82,5.31,14.37,18.8061278394,0.2007395668251452,1.498700239563688,1.438146694530812,36.43304959478056,15.971598960191647,,,,,development,New/unmatched study assigned development-only,0,8.129999999999999,30.089804543053354,0.0747761587078651,2.25,1.1774730812032823,12.54829174169944,,,,,,,,,22.5,2.82,5.31,14.37,8.129999999999999,18.8061278394,0.2007395668251452,1.498700239563688,1.438146694530812,36.43304959478056,15.971598960191647,1,1,1,0,1,100.0,1,INCLUDED,,0,EXISTING_REVIEWER_FORMULA,1,MASS_BALANCE_NI_MINUS_FN_MINUS_UN,DIRECT_INITIAL_BW_EXISTING,1,INCLUDED_IN_906_MAIN,,,AIA_906_V1_20260806
V44_f93b152b733e,,Myrie2008_JAS_Antinutritive,young_pig_casein_diet_antinutritive_factor_N_balance,CanolaMeal,postweaning_piglet,10.0,0.7038504087552743,22.49,3.51,5.49,13.489999999999997,19.9705076891,1.990730987992416,2.287860434779492,1.3345852536213705,30.589725106565105,16.677826368758787,,,,,development,New/unmatched study assigned development-only,0,9.0,31.95281230250684,0.0703850408755274,2.249,1.1974286845022637,8.728901197605085,,,,,,,,,22.49,3.51,5.49,13.489999999999997,9.0,19.9705076891,1.990730987992416,2.287860434779492,1.3345852536213705,30.589725106565105,16.677826368758787,1,1,1,0,1,100.0,1,INCLUDED,,0,EXISTING_REVIEWER_FORMULA,1,MASS_BALANCE_NI_MINUS_FN_MINUS_UN,DIRECT_INITIAL_BW_EXISTING,1,INCLUDED_IN_906_MAIN,,,AIA_906_V1_20260806
V44_531f93bfe0db,,Myrie2008_JAS_Antinutritive,young_pig_casein_diet_antinutritive_factor_N_balance,WheatBran,postweaning_piglet,10.0,0.6380845099667773,19.47,4.25,5.5,9.72,19.070749736,3.009503695881732,4.019624622643066,1.56618593180356,28.429751810488465,16.87943219122717,,,,,development,New/unmatched study assigned development-only,0,9.75,30.51319957761352,0.0638084509966777,1.947,1.129821757032309,4.744410616994432,,,,,,,,,19.47,4.25,5.5,9.72,9.75,19.070749736,3.009503695881732,4.019624622643066,1.56618593180356,28.429751810488465,16.87943219122717,1,1,1,0,1,100.0,1,INCLUDED,,0,EXISTING_REVIEWER_FORMULA,1,MASS_BALANCE_NI_MINUS_FN_MINUS_UN,DIRECT_INITIAL_BW_EXISTING,1,INCLUDED_IN_906_MAIN,,,AIA_906_V1_20260806
V44_51af80d37f1e,,Myrie2008_JAS_Antinutritive,young_pig_casein_diet_antinutritive_factor_N_balance,Barley,postweaning_piglet,10.0,0.6705757978723403,21.83,3.4,6.12,12.31,20.3463203463,2.9036004645760745,3.5203177108946564,1.8354436918601045,28.1808592410148,17.003341997925453,,,,,development,New/unmatched study assigned development-only,0,9.52,32.55411255411256,0.067057579787234,2.183,1.1966071345728633,5.779682976718931,,,,,,,,,21.83,3.4,6.12,12.31,9.52,20.3463203463,2.9036004645760745,3.5203177108946564,1.8354436918601045,28.1808592410148,17.003341997925453,1,1,1,0,1,100.0,1,INCLUDED,,0,EXISTING_REVIEWER_FORMULA,1,MASS_BALANCE_NI_MINUS_FN_MINUS_UN,DIRECT_INITIAL_BW_EXISTING,1,INCLUDED_IN_906_MAIN,,,AIA_906_V1_20260806
V44_9b4f153302ae,,Myrie2008_JAS_Antinutritive,young_pig_casein_diet_antinutritive_factor_N_balance,Lignin,postweaning_piglet,10.0,0.7086340163934426,21.88,3.26,5.55,13.069999999999997,19.2976906042,1.8875883159337763,3.7460173960548007,3.594663157830365,32.42865456784033,16.43997239950996,,,,,development,New/unmatched study assigned development-only,0,8.809999999999999,30.876304966782666,0.0708634016393442,2.188,1.1738274332367629,5.1515218868240655,,,,,,,,,21.88,3.26,5.55,13.069999999999997,8.809999999999999,19.2976906042,1.8875883159337763,3.7460173960548007,3.594663157830365,32.42865456784033,16.43997239950996,1,1,1,0,1,100.0,1,INCLUDED,,0,EXISTING_REVIEWER_FORMULA,1,MASS_BALANCE_NI_MINUS_FN_MINUS_UN,DIRECT_INITIAL_BW_EXISTING,1,INCLUDED_IN_906_MAIN,,,AIA_906_V1_20260806
V44_1a6ba40be6e5,,Myrie2008_JAS_Antinutritive,young_pig_casein_diet_antinutritive_factor_N_balance,Lectin,postweaning_piglet,10.0,0.7309461421460178,22.34,4.5,5.41,12.43,19.1019545695,0.126782884310618,1.2164840045125294,1.0951051307051085,36.64275978948336,15.939551503580926,,,,,development,New/unmatched study assigned development-only,0,9.91,30.563127311146324,0.0730946142146017,2.234,1.1983997520387333,15.702594114383404,,,,,,,,,22.34,4.5,5.41,12.43,9.91,19.1019545695,0.126782884310618,1.2164840045125294,1.0951051307051085,36.64275978948336,15.939551503580926,1,1,1,0,1,100.0,1,INCLUDED,,0,EXISTING_REVIEWER_FORMULA,1,MASS_BALANCE_NI_MINUS_FN_MINUS_UN,DIRECT_INITIAL_BW_EXISTING,1,INCLUDED_IN_906_MAIN,,,AIA_906_V1_20260806
V44_04262ba2b491,,Myrie2008_JAS_Antinutritive,young_pig_casein_diet_antinutritive_factor_N_balance,Tannins,postweaning_piglet,10.0,0.7413398371701292,22.35,3.19,4.91,14.25,18.8425730004,1.1955141768937791,1.498277157069669,1.437740706278975,33.767736721472204,16.032594292656036,,,,,development,New/unmatched study assigned development-only,0,8.1,30.148116800677105,0.0741339837170129,2.2350000000000003,1.1752666260026998,12.5761598323052,,,,,,,,,22.35,3.19,4.91,14.25,8.1,18.8425730004,1.1955141768937791,1.498277157069669,1.437740706278975,33.767736721472204,16.032594292656036,1,1,1,0,1,100.0,1,INCLUDED,,0,EXISTING_REVIEWER_FORMULA,1,MASS_BALANCE_NI_MINUS_FN_MINUS_UN,DIRECT_INITIAL_BW_EXISTING,1,INCLUDED_IN_906_MAIN,,,AIA_906_V1_20260806
V44_545aae511971,,Drew2012_JAS_GlycemicIndex,Exp3_grain_GI_x_protein_source_N_balance,HighGI_Corn,growing_pig,32.2,1.24117347222223,27.8,4.3,8.3,15.2,13.9988489835,11.042551241802943,15.19250550633165,10.314785845161932,48.277425398599696,19.860795422553032,,,,,development,New/unmatched study assigned development-only,0,12.6,22.39815837364469,0.0385457600069015,0.8633540372670807,0.7048483550464214,0.921431226578514,,,,,,,,,27.8,4.3,8.3,15.2,12.6,13.9988489835,11.042551241802943,15.19250550633165,10.314785845161932,48.277425398599696,19.860795422553032,1,1,1,0,1,100.0,1,INCLUDED,,0,EXISTING_REVIEWER_FORMULA,1,MASS_BALANCE_NI_MINUS_FN_MINUS_UN,DIRECT_INITIAL_BW_EXISTING,1,INCLUDED_IN_906_MAIN,,,AIA_906_V1_20260806
V44_a719624d599d,,Drew2012_JAS_GlycemicIndex,Exp3_grain_GI_x_protein_source_N_balance,MediumGI_MaltingBarley,growing_pig,32.2,1.8937289583333423,29.9,5.2,8.6,16.1,9.8680964442,8.737501979328732,19.28804422283224,10.178320714636229,40.55788526449386,19.277628586668893,,,,,development,New/unmatched study assigned development-only,0,13.8,15.788954310713388,0.0588114583333336,0.9285714285714284,0.5118936906494874,0.5116172656073981,,,,,,,,,29.9,5.2,8.6,16.1,13.8,9.8680964442,8.737501979328732,19.28804422283224,10.178320714636229,40.55788526449386,19.277628586668893,1,1,1,0,1,100.0,1,INCLUDED,,0,EXISTING_REVIEWER_FORMULA,1,MASS_BALANCE_NI_MINUS_FN_MINUS_UN,DIRECT_INITIAL_BW_EXISTING,1,INCLUDED_IN_906_MAIN,,,AIA_906_V1_20260806
V44_db03dd303724,,Drew2012_JAS_GlycemicIndex,Exp3_grain_GI_x_protein_source_N_balance,LowGI_SRDBarley,growing_pig,32.2,1.2717755555555692,30.4,5.6,10.6,14.199999999999998,14.9397430364,2.901729381905609,21.66675715894025,11.695638170079569,44.29851924525058,18.17081150517889,,,,,development,New/unmatched study assigned development-only,0,16.2,23.90358885827138,0.0394961352657009,0.9440993788819876,0.8221835899922247,0.689523721838341,,,,,,,,,30.4,5.6,10.6,14.199999999999998,16.2,14.9397430364,2.901729381905609,21.66675715894025,11.695638170079569,44.29851924525058,18.17081150517889,1,1,1,0,1,100.0,1,INCLUDED,,0,EXISTING_REVIEWER_FORMULA,1,MASS_BALANCE_NI_MINUS_FN_MINUS_UN,DIRECT_INITIAL_BW_EXISTING,1,INCLUDED_IN_906_MAIN,,,AIA_906_V1_20260806
V44_da1473f44169,,Zervas2001_MSc_OatHull,chapter2_protein_x_oat_hull_N_balance,LowFibre_LowCP,growing_pig,32.0,1.4305890257352945,34.1,6.1,9.5,18.5,14.8977096962,2.0812976781481267,12.597328051949187,4.381679322417109,53.91187128378822,17.532521481182876,,,,,development,New/unmatched study assigned development-only,0,15.6,23.83633551394907,0.0447059070542279,1.065625,0.8497186050614146,1.1826086956507316,,,,,,,,,34.1,6.1,9.5,18.5,15.6,14.8977096962,2.0812976781481267,12.597328051949187,4.381679322417109,53.91187128378822,17.532521481182876,1,1,1,0,1,100.0,1,INCLUDED,,0,EXISTING_REVIEWER_FORMULA,1,MASS_BALANCE_NI_MINUS_FN_MINUS_UN,DIRECT_INITIAL_BW_EXISTING,1,INCLUDED_IN_906_MAIN,,,AIA_906_V1_20260806
V44_cf89323e2825,,Zervas2001_MSc_OatHull,chapter2_protein_x_oat_hull_N_balance,LowFibre_MediumCP,growing_pig,32.0,1.4203456175595237,42.1,6.8,14.4,20.90000000000001,18.5254206263,1.6540554130617446,13.34271366536474,4.190273713089753,49.61459406172053,17.588838764883743,,,,,development,New/unmatched study assigned development-only,0,21.2,29.64067300206647,0.0443858005487351,1.315625,1.0532486467091933,1.38842975206675,,,,,,,,,42.1,6.8,14.4,20.90000000000001,21.2,18.5254206263,1.6540554130617446,13.34271366536474,4.190273713089753,49.61459406172053,17.588838764883743,1,1,1,0,1,100.0,1,INCLUDED,,0,EXISTING_REVIEWER_FORMULA,1,MASS_BALANCE_NI_MINUS_FN_MINUS_UN,DIRECT_INITIAL_BW_EXISTING,1,INCLUDED_IN_906_MAIN,,,AIA_906_V1_20260806
V44_5ef91c756085,,Zervas2001_MSc_OatHull,chapter2_protein_x_oat_hull_N_balance,LowFibre_HighCP,growing_pig,32.0,1.4141518880890052,47.9,8.0,17.6,22.3,21.169932489,1.5517228002389651,14.187179887899113,4.766005743591107,43.75784035654157,17.704328641588607,,,,,development,New/unmatched study assigned development-only,0,25.6,33.87189198235913,0.0441922465027814,1.496875,1.1957489559513976,1.4921875000018003,,,,,,,,,47.9,8.0,17.6,22.3,25.6,21.169932489,1.5517228002389651,14.187179887899113,4.766005743591107,43.75784035654157,17.704328641588607,1,1,1,0,1,100.0,1,INCLUDED,,0,EXISTING_REVIEWER_FORMULA,1,MASS_BALANCE_NI_MINUS_FN_MINUS_UN,DIRECT_INITIAL_BW_EXISTING,1,INCLUDED_IN_906_MAIN,,,AIA_906_V1_20260806
V44_caa9c43aa0da,,Zervas2001_MSc_OatHull,chapter2_protein_x_oat_hull_N_balance,HighFibre_LowCP,growing_pig,32.0,1.425894383802817,35.6,6.7,8.8,20.1,15.6042412767,4.725227992250625,17.472354669019754,6.153785292233372,46.75387386278597,18.193219627498184,,,,,development,New/unmatched study assigned development-only,0,15.5,24.9667860427754,0.044559199493838,1.1125,0.8576954269883563,0.8930817610043077,,,,,,,,,35.6,6.7,8.8,20.1,15.5,15.6042412767,4.725227992250625,17.472354669019754,6.153785292233372,46.75387386278597,18.193219627498184,1,1,1,0,1,100.0,1,INCLUDED,,0,EXISTING_REVIEWER_FORMULA,1,MASS_BALANCE_NI_MINUS_FN_MINUS_UN,DIRECT_INITIAL_BW_EXISTING,1,INCLUDED_IN_906_MAIN,,,AIA_906_V1_20260806
V44_4f5d57b51f1a,,Zervas2001_MSc_OatHull,chapter2_protein_x_oat_hull_N_balance,HighFibre_MediumCP,growing_pig,32.0,1.4126567205882354,42.6,7.5,13.8,21.3,18.8474663462,5.2107701074749055,17.406189507948085,5.875974802046169,40.33697495947795,18.53270578661564,,,,,development,New/unmatched study assigned development-only,0,21.3,30.15594615389732,0.0441455225183823,1.33125,1.0169840585184102,1.082802547771515,,,,,,,,,42.6,7.5,13.8,21.3,21.3,18.8474663462,5.2107701074749055,17.406189507948085,5.875974802046169,40.33697495947795,18.53270578661564,1,1,1,0,1,100.0,1,INCLUDED,,0,EXISTING_REVIEWER_FORMULA,1,MASS_BALANCE_NI_MINUS_FN_MINUS_UN,DIRECT_INITIAL_BW_EXISTING,1,INCLUDED_IN_906_MAIN,,,AIA_906_V1_20260806
V44_a2c11cff3d84,,Zervas2001_MSc_OatHull,chapter2_protein_x_oat_hull_N_balance,HighFibre_HighCP,growing_pig,32.0,1.4091144987623765,50.6,8.6,17.6,24.4,22.4431726647,4.221982976520219,17.554560797110383,5.999660019265575,36.67008869497395,18.43548643354654,,,,,development,New/unmatched study assigned development-only,0,26.200000000000003,35.90907626345618,0.0440348280863242,1.58125,1.2173897740968085,1.2784810126605002,,,,,,,,,50.6,8.6,17.6,24.4,26.200000000000003,22.4431726647,4.221982976520219,17.554560797110383,5.999660019265575,36.67008869497395,18.43548643354654,1,1,1,0,1,100.0,1,INCLUDED,,0,EXISTING_REVIEWER_FORMULA,1,MASS_BALANCE_NI_MINUS_FN_MINUS_UN,DIRECT_INITIAL_BW_EXISTING,1,INCLUDED_IN_906_MAIN,,,AIA_906_V1_20260806
V44_a27d3d38cd75,,Zervas2001_MSc_FermentableFiber,chapter3_protein_x_fibre_restricted_collection,HighCP_Control,growing_pig,23.7,1.1604380890052357,39.6,5.1,14.1,20.4,21.328152044,2.3784797829218447,13.064888948443937,4.354962982814645,49.190271682690685,17.812440007593267,,,,,development,New/unmatched study assigned development-only,0,19.2,34.12504327046553,0.0489636324474783,1.6708860759493671,1.197373972061549,1.6324786324754976,,,,,,,,,39.6,5.1,14.1,20.4,19.2,21.328152044,2.3784797829218447,13.064888948443937,4.354962982814645,49.190271682690685,17.812440007593267,1,1,1,0,1,100.0,1,INCLUDED,,0,EXISTING_REVIEWER_FORMULA,1,MASS_BALANCE_NI_MINUS_FN_MINUS_UN,DIRECT_INITIAL_BW_EXISTING,1,INCLUDED_IN_906_MAIN,,,AIA_906_V1_20260806
V44_cc3cad3b696b,,Zervas2001_MSc_FermentableFiber,chapter3_protein_x_fibre_restricted_collection,HighCP_SH,growing_pig,23.7,1.1760963541666674,37.5,5.7,10.8,21.0,19.9282141442,6.111319004209281,19.817501843359807,11.07123008008928,37.35542855624517,18.62536197386747,,,,,development,New/unmatched study assigned development-only,0,16.5,31.885142630657104,0.0496243187412095,1.5822784810126582,1.069950434904863,1.005586592180754,,,,,,,,,37.5,5.7,10.8,21.0,16.5,19.9282141442,6.111319004209281,19.817501843359807,11.07123008008928,37.35542855624517,18.62536197386747,1,1,1,0,1,100.0,1,INCLUDED,,0,EXISTING_REVIEWER_FORMULA,1,MASS_BALANCE_NI_MINUS_FN_MINUS_UN,DIRECT_INITIAL_BW_EXISTING,1,INCLUDED_IN_906_MAIN,,,AIA_906_V1_20260806
V44_4eb3e5873d37,,Zervas2001_MSc_FermentableFiber,chapter3_protein_x_fibre_restricted_collection,LowCP_Control,growing_pig,23.7,1.17554439052795,33.5,5.1,10.3,18.1,17.8108969501,2.234659120451445,12.722069250094863,3.982560808725349,56.17345601095647,17.73212079106933,,,,,development,New/unmatched study assigned development-only,0,15.4,28.4974351202125,0.0496010291362004,1.4135021097046414,1.0044425683740177,1.399999999997421,,,,,,,,,33.5,5.1,10.3,18.1,15.4,17.8108969501,2.234659120451445,12.722069250094863,3.982560808725349,56.17345601095647,17.73212079106933,1,1,1,0,1,100.0,1,INCLUDED,,0,EXISTING_REVIEWER_FORMULA,1,MASS_BALANCE_NI_MINUS_FN_MINUS_UN,DIRECT_INITIAL_BW_EXISTING,1,INCLUDED_IN_906_MAIN,,,AIA_906_V1_20260806
V44_8ee112b494e5,,Zervas2001_MSc_FermentableFiber,chapter3_protein_x_fibre_restricted_collection,LowCP_SH,growing_pig,23.7,1.1845351562500002,32.5,6.9,8.8,16.8,17.1480769421,5.979842215707419,19.236624774794084,10.112968453034604,43.557115737427765,18.382977565698567,,,,,development,New/unmatched study assigned development-only,0,15.7,27.436923107363448,0.0499803863396624,1.3713080168776373,0.932823688698679,0.8914285714284594,,,,,,,,,32.5,6.9,8.8,16.8,15.7,17.1480769421,5.979842215707419,19.236624774794084,10.112968453034604,43.557115737427765,18.382977565698567,1,1,1,0,1,100.0,1,INCLUDED,,0,EXISTING_REVIEWER_FORMULA,1,MASS_BALANCE_NI_MINUS_FN_MINUS_UN,DIRECT_INITIAL_BW_EXISTING,1,INCLUDED_IN_906_MAIN,,,AIA_906_V1_20260806
V44_4d83207a1ec9,,Zervas2001_MSc_FermentableFiber,chapter3_protein_x_fibre_restricted_collection,LowCP_SBP,growing_pig,23.7,1.1778266612903228,32.2,6.8,6.7,18.700000000000003,17.0865549757,3.141721398760508,18.629856715457045,8.157452052922022,32.546677161118495,15.872400694044837,,,,,development,New/unmatched study assigned development-only,0,13.5,27.338487961144068,0.0496973274806043,1.358649789029536,1.0764946843933132,0.917159763312802,,,,,,,,,32.2,6.8,6.7,18.700000000000003,13.5,17.0865549757,3.141721398760508,18.629856715457045,8.157452052922022,32.546677161118495,15.872400694044837,1,1,1,0,1,100.0,1,INCLUDED,,0,EXISTING_REVIEWER_FORMULA,1,MASS_BALANCE_NI_MINUS_FN_MINUS_UN,DIRECT_INITIAL_BW_EXISTING,1,INCLUDED_IN_906_MAIN,,,AIA_906_V1_20260806
V44_5bc9fb23f13f,,Zervas2001_MSc_FermentableFiber,chapter3_protein_x_fibre_free_access_collection,HighCP_Control,growing_pig,23.7,2.016114659685864,68.8,10.7,25.5,32.599999999999994,21.328152044,2.3784797829218447,13.064888948443937,4.354962982814645,49.190271682690685,17.812440007593267,,,,,development,New/unmatched study assigned development-only,0,36.2,34.125043270465525,0.0850681291006693,2.9029535864978904,1.197373972061549,1.6324786324754976,,,,,,,,,68.8,10.7,25.5,32.599999999999994,36.2,21.328152044,2.3784797829218447,13.064888948443937,4.354962982814645,49.190271682690685,17.812440007593267,1,1,1,0,1,100.0,1,INCLUDED,,0,EXISTING_REVIEWER_FORMULA,1,MASS_BALANCE_NI_MINUS_FN_MINUS_UN,DIRECT_INITIAL_BW_EXISTING,1,INCLUDED_IN_906_MAIN,,,AIA_906_V1_20260806
V44_88766c1c18fe,,Zervas2001_MSc_FermentableFiber,chapter3_protein_x_fibre_free_access_collection,HighCP_SH,growing_pig,23.7,1.8347103125000008,58.5,11.9,15.3,31.3,19.9282141442,6.111319004209281,19.817501843359807,11.07123008008928,37.35542855624517,18.62536197386747,,,,,development,New/unmatched study assigned development-only,0,27.200000000000003,31.885142630657107,0.0774139372362869,2.468354430379747,1.069950434904863,1.005586592180754,,,,,,,,,58.5,11.9,15.3,31.3,27.200000000000003,19.9282141442,6.111319004209281,19.817501843359807,11.07123008008928,37.35542855624517,18.62536197386747,1,1,1,0,1,100.0,1,INCLUDED,,0,EXISTING_REVIEWER_FORMULA,1,MASS_BALANCE_NI_MINUS_FN_MINUS_UN,DIRECT_INITIAL_BW_EXISTING,1,INCLUDED_IN_906_MAIN,,,AIA_906_V1_20260806
V44_cc3bec469281,,Zervas2001_MSc_FermentableFiber,chapter3_protein_x_fibre_free_access_collection,LowCP_Control,growing_pig,23.7,2.101943552018633,59.9,11.0,18.4,30.5,17.8108969501,2.234659120451445,12.722069250094863,3.982560808725349,56.17345601095647,17.73212079106933,,,,,development,New/unmatched study assigned development-only,0,29.4,28.4974351202125,0.0886896013509971,2.5274261603375527,1.0044425683740177,1.399999999997421,,,,,,,,,59.9,11.0,18.4,30.5,29.4,17.8108969501,2.234659120451445,12.722069250094863,3.982560808725349,56.17345601095647,17.73212079106933,1,1,1,0,1,100.0,1,INCLUDED,,0,EXISTING_REVIEWER_FORMULA,1,MASS_BALANCE_NI_MINUS_FN_MINUS_UN,DIRECT_INITIAL_BW_EXISTING,1,INCLUDED_IN_906_MAIN,,,AIA_906_V1_20260806
V44_3f12bcbf9867,,Zervas2001_MSc_FermentableFiber,chapter3_protein_x_fibre_free_access_collection,LowCP_SH,growing_pig,23.7,1.917124591346154,52.6,12.9,12.2,27.500000000000004,17.1480769421,5.979842215707419,19.236624774794084,10.112968453034604,43.557115737427765,18.382977565698567,,,,,development,New/unmatched study assigned development-only,0,25.1,27.436923107363448,0.0808913329681921,2.219409282700422,0.932823688698679,0.8914285714284594,,,,,,,,,52.6,12.9,12.2,27.500000000000004,25.1,17.1480769421,5.979842215707419,19.236624774794084,10.112968453034604,43.557115737427765,18.382977565698567,1,1,1,0,1,100.0,1,INCLUDED,,0,EXISTING_REVIEWER_FORMULA,1,MASS_BALANCE_NI_MINUS_FN_MINUS_UN,DIRECT_INITIAL_BW_EXISTING,1,INCLUDED_IN_906_MAIN,,,AIA_906_V1_20260806
V44_562bbb354413,,Zervas2001_MSc_FermentableFiber,chapter3_protein_x_fibre_free_access_collection,LowCP_SBP,growing_pig,23.7,2.0703412741935487,56.6,14.9,11.4,30.300000000000004,17.0865549757,3.141721398760508,18.629856715457045,8.157452052922022,32.546677161118495,15.872400694044837,,,,,development,New/unmatched study assigned development-only,0,26.3,27.338487961144068,0.0873561719069007,2.388185654008439,1.0764946843933132,0.917159763312802,,,,,,,,,56.6,14.9,11.4,30.300000000000004,26.3,17.0865549757,3.141721398760508,18.629856715457045,8.157452052922022,32.546677161118495,15.872400694044837,1,1,1,0,1,100.0,1,INCLUDED,,0,EXISTING_REVIEWER_FORMULA,1,MASS_BALANCE_NI_MINUS_FN_MINUS_UN,DIRECT_INITIAL_BW_EXISTING,1,INCLUDED_IN_906_MAIN,,,AIA_906_V1_20260806
V44_7c9f2dd74a0f,,Rakhshandeh2010_LivSci_SAA_ISS,SAA_intake_uninfected_salined_control_N_balance,L1_ISSminus,growing_pig,21.5,0.7472000000000001,8.192,2.1684705882352944,1.0119529411764707,5.011576470588235,6.852248394,7.153791637136783,4.10246026121292,3.875468259592994,59.103776450339176,17.99717525564443,,,,,development,New/unmatched study assigned development-only,0,3.1804235294117653,10.963597430406852,0.034753488372093,0.3810232558139535,0.3807402159875583,1.6702778229895847,,,,,,,,,8.192,2.1684705882352944,1.0119529411764707,5.011576470588235,3.1804235294117653,6.852248394,7.153791637136783,4.10246026121292,3.875468259592994,59.103776450339176,17.99717525564443,1,1,1,0,1,100.0,1,INCLUDED,,0,EXISTING_REVIEWER_FORMULA,1,MASS_BALANCE_NI_MINUS_FN_MINUS_UN,DIRECT_INITIAL_BW_EXISTING,1,INCLUDED_IN_906_MAIN,,,AIA_906_V1_20260806
V44_4de19423f34d,,Rakhshandeh2010_LivSci_SAA_ISS,SAA_intake_uninfected_salined_control_N_balance,L2_ISSminus,growing_pig,21.5,0.7384000000000001,14.208000000000002,2.225349397590361,2.7174939759036145,9.265156626506029,12.0260021668,7.256825713065931,4.267864766512839,3.9654394275142817,52.14816320722113,18.243999674724027,,,,,development,New/unmatched study assigned development-only,0,4.942843373493975,19.24160346695558,0.0343441860465116,0.6608372093023257,0.6591757499021066,2.817803005652902,,,,,,,,,14.208000000000002,2.225349397590361,2.7174939759036145,9.265156626506029,4.942843373493975,12.0260021668,7.256825713065931,4.267864766512839,3.9654394275142817,52.14816320722113,18.243999674724027,1,1,1,0,1,100.0,1,INCLUDED,,0,EXISTING_REVIEWER_FORMULA,1,MASS_BALANCE_NI_MINUS_FN_MINUS_UN,DIRECT_INITIAL_BW_EXISTING,1,INCLUDED_IN_906_MAIN,,,AIA_906_V1_20260806
V44_bf4a6e520214,,Rakhshandeh2010_LivSci_SAA_ISS,SAA_intake_uninfected_salined_control_N_balance,L3_ISSminus,growing_pig,21.5,0.7472000000000001,20.608,2.918175438596492,4.725894736842105,12.963929824561404,17.2376873662,7.357939528761085,4.430258069124566,4.05375674765554,45.22588446585099,18.46973070604202,,,,,development,New/unmatched study assigned development-only,0,7.644070175438597,27.58029978586724,0.034753488372093,0.9585116279069767,0.933293919686713,3.890899152429336,,,,,,,,,20.608,2.918175438596492,4.725894736842105,12.963929824561404,7.644070175438597,17.2376873662,7.357939528761085,4.430258069124566,4.05375674765554,45.22588446585099,18.46973070604202,1,1,1,0,1,100.0,1,INCLUDED,,0,EXISTING_REVIEWER_FORMULA,1,MASS_BALANCE_NI_MINUS_FN_MINUS_UN,DIRECT_INITIAL_BW_EXISTING,1,INCLUDED_IN_906_MAIN,,,AIA_906_V1_20260806
V44_4a2e9b2d9809,,Panaite2025_Agriculture_Peas,growing_finishing_pea_inclusion_total_collection,T0,growing_finishing_pig,20.0,2.16,60.41,11.22,14.57,34.62,19.7467785952,2.843536117704341,11.095506930837187,4.264316104174977,52.25424372376851,18.170513884524222,,,,,confirmation,Historical DOI,0,25.79,27.967592592592588,0.108,3.0205,1.0867484937791592,1.7797094552136925,,,,,,,,,60.41,11.22,14.57,34.62,25.79,19.7467785952,2.843536117704341,11.095506930837187,4.264316104174977,52.25424372376851,18.170513884524222,1,1,1,0,1,100.0,1,INCLUDED,,0,EXISTING_REVIEWER_FORMULA,1,MASS_BALANCE_NI_MINUS_FN_MINUS_UN,DIRECT_INITIAL_BW_EXISTING,1,INCLUDED_IN_906_MAIN,,,AIA_906_V1_20260806
V44_c3084f90acae,,Panaite2025_Agriculture_Peas,growing_finishing_pea_inclusion_total_collection,T10,growing_finishing_pig,20.0,2.44,68.45,10.85,17.75,39.85,19.7444971804,2.6626864769036205,11.339403280677956,4.551708468775884,52.31889673616692,18.08135510207397,,,,,confirmation,Historical DOI,0,28.6,28.053278688524596,0.122,3.4225000000000003,1.0919810527992595,1.7412289422710718,,,,,,,,,68.45,10.85,17.75,39.85,28.6,19.7444971804,2.6626864769036205,11.339403280677956,4.551708468775884,52.31889673616692,18.08135510207397,1,1,1,0,1,100.0,1,INCLUDED,,0,EXISTING_REVIEWER_FORMULA,1,MASS_BALANCE_NI_MINUS_FN_MINUS_UN,DIRECT_INITIAL_BW_EXISTING,1,INCLUDED_IN_906_MAIN,,,AIA_906_V1_20260806
V44_c89925e83498,,Panaite2025_Agriculture_Peas,growing_finishing_pea_inclusion_total_collection,T20,growing_finishing_pig,20.0,2.3,64.3,8.51,17.8,37.99,19.741991351,2.481850341265704,11.576571919397622,4.836664386372656,52.39197046959091,17.99014583578228,,,,,confirmation,Historical DOI,0,26.31,27.95652173913044,0.1149999999999999,3.215,1.0973780608122314,1.705340016755777,,,,,,,,,64.3,8.51,17.8,37.99,26.31,19.741991351,2.481850341265704,11.576571919397622,4.836664386372656,52.39197046959091,17.99014583578228,1,1,1,0,1,100.0,1,INCLUDED,,0,EXISTING_REVIEWER_FORMULA,1,MASS_BALANCE_NI_MINUS_FN_MINUS_UN,DIRECT_INITIAL_BW_EXISTING,1,INCLUDED_IN_906_MAIN,,,AIA_906_V1_20260806
V44_8aa14d7c0f8b,,Humphrey2022_JAS_BenzoicAcid,four_period_growing_pig_metabolism_stall_trial,PC,growing_pig,33.09,1.608129092,46.27,4.88,13.18,28.21,18.2750918109,5.0203432927088505,8.493740126246372,3.2643495020704,50.05020391152169,18.48606528126564,,,,,confirmation,Historical DOI,0,18.06,28.77256572882148,0.0485986428528256,1.3983076458144454,0.9885874323629352,2.151595356023247,,,,,,,,,46.27,4.88,13.18,28.21,18.06,18.2750918109,5.0203432927088505,8.493740126246372,3.2643495020704,50.05020391152169,18.48606528126564,1,1,1,0,1,100.0,1,INCLUDED,,0,EXISTING_REVIEWER_FORMULA,1,MASS_BALANCE_NI_MINUS_FN_MINUS_UN,DIRECT_INITIAL_BW_EXISTING,1,INCLUDED_IN_906_MAIN,,,AIA_906_V1_20260806
V44_14813844f6c8,,Humphrey2022_JAS_BenzoicAcid,four_period_growing_pig_metabolism_stall_trial,PC_BA,growing_pig,33.09,1.60679238667,45.74,4.47,10.64,30.630000000000003,18.0505551976,5.007998174092171,8.462544130938753,3.255065090063618,49.81714990213596,18.40918910462211,,,,,confirmation,Historical DOI,0,15.11,28.46665218198721,0.0485582468017527,1.3822907222725898,0.9805187558787114,2.13299392219508,,,,,,,,,45.74,4.47,10.64,30.630000000000003,15.11,18.0505551976,5.007998174092171,8.462544130938753,3.255065090063618,49.81714990213596,18.40918910462211,1,1,1,0,1,100.0,1,INCLUDED,,0,EXISTING_REVIEWER_FORMULA,1,MASS_BALANCE_NI_MINUS_FN_MINUS_UN,DIRECT_INITIAL_BW_EXISTING,1,INCLUDED_IN_906_MAIN,,,AIA_906_V1_20260806
V44_037ad5a928c3,,Humphrey2022_JAS_BenzoicAcid,four_period_growing_pig_metabolism_stall_trial,PC_BA_DFM,growing_pig,33.09,1.60602566967,46.53,5.0,12.71,28.82,18.2129668405,5.006969851876126,8.459945570647637,3.254291718221198,49.79773699709787,18.349651512310857,,,,,confirmation,Historical DOI,0,17.71,28.972139660483016,0.0485350761459655,1.4061650045330916,0.9925511025798416,2.152846810704213,,,,,,,,,46.53,5.0,12.71,28.82,17.71,18.2129668405,5.006969851876126,8.459945570647637,3.254291718221198,49.79773699709787,18.349651512310857,1,1,1,0,1,100.0,1,INCLUDED,,0,EXISTING_REVIEWER_FORMULA,1,MASS_BALANCE_NI_MINUS_FN_MINUS_UN,DIRECT_INITIAL_BW_EXISTING,1,INCLUDED_IN_906_MAIN,,,AIA_906_V1_20260806
V44_54c9e5b7874a,,Humphrey2022_JAS_BenzoicAcid,four_period_growing_pig_metabolism_stall_trial,NC,growing_pig,33.09,1.59515571967,38.33,4.36,9.02,24.95,15.3143593436,4.904933541608378,8.609919295226065,3.042872812225443,55.57813847445492,18.25059555125364,,,,,confirmation,Historical DOI,0,13.38,24.029002013627597,0.0482065796213357,1.1583559987911751,0.8391155949181095,1.7786879085023874,,,,,,,,,38.33,4.36,9.02,24.95,13.38,15.3143593436,4.904933541608378,8.609919295226065,3.042872812225443,55.57813847445492,18.25059555125364,1,1,1,0,1,100.0,1,INCLUDED,,0,EXISTING_REVIEWER_FORMULA,1,MASS_BALANCE_NI_MINUS_FN_MINUS_UN,DIRECT_INITIAL_BW_EXISTING,1,INCLUDED_IN_906_MAIN,,,AIA_906_V1_20260806
V44_199c201dbf0e,,Jin2016_AJAS_Mealworm_Weaned,phaseII_individual_metabolic_crate_total_collection,TM0,weaned_piglet,10.05,0.1571061535676658,5.3,0.73,2.37,2.2,21.0844701164,6.250951382587204,11.348336319837312,4.600932657490389,39.95338011591241,18.763515761557404,,,,,development,New/unmatched study assigned development-only,0,3.1,33.73515218624,0.01563245309131,0.5273631840796019,1.1236950678293327,1.8579349009549149,,,,,,,,,5.3,0.73,2.37,2.2,3.1,21.0844701164,6.250951382587204,11.348336319837312,4.600932657490389,39.95338011591241,18.763515761557404,1,1,1,0,1,100.0,1,INCLUDED,NI_DMI_CP_INCONSISTENT,0,EXISTING_REVIEWER_FORMULA,1,MASS_BALANCE_NI_MINUS_FN_MINUS_UN,DIRECT_INITIAL_BW_EXISTING,1,INCLUDED_IN_906_MAIN,,,AIA_906_V1_20260806
V44_034cd80d369d,,Jin2016_AJAS_Mealworm_Weaned,phaseII_individual_metabolic_crate_total_collection,TM1_5,weaned_piglet,10.05,0.1641513192929061,5.34,0.52,2.55,2.2700000000000005,20.3318499929,6.21837028729426,11.4339566102109,4.611461555758516,40.57225973910605,18.7020542769118,,,,,development,New/unmatched study assigned development-only,0,3.07,32.53095998864,0.0163334646062593,0.5313432835820895,1.0871452778318706,1.778198980984674,,,,,,,,,5.34,0.52,2.55,2.2700000000000005,3.07,20.3318499929,6.21837028729426,11.4339566102109,4.611461555758516,40.57225973910605,18.7020542769118,1,1,1,0,1,100.0,1,INCLUDED,NI_DMI_CP_INCONSISTENT,0,EXISTING_REVIEWER_FORMULA,1,MASS_BALANCE_NI_MINUS_FN_MINUS_UN,DIRECT_INITIAL_BW_EXISTING,1,INCLUDED_IN_906_MAIN,,,AIA_906_V1_20260806
V44_cf075adba218,,Jin2016_AJAS_Mealworm_Weaned,phaseII_individual_metabolic_crate_total_collection,TM3_0,weaned_piglet,10.05,0.1593415935839594,5.34,0.47,2.55,2.3200000000000003,20.9455668475,6.341420291567622,11.52189653556326,4.623065578059885,41.199688326411454,18.640341127275747,,,,,development,New/unmatched study assigned development-only,0,3.02,33.512906956,0.0158548849337273,0.5313432835820895,1.12366864449981,1.817892287337404,,,,,,,,,5.34,0.47,2.55,2.3200000000000003,3.02,20.9455668475,6.341420291567622,11.52189653556326,4.623065578059885,41.199688326411454,18.640341127275747,1,1,1,0,1,100.0,1,INCLUDED,NI_DMI_CP_INCONSISTENT,0,EXISTING_REVIEWER_FORMULA,1,MASS_BALANCE_NI_MINUS_FN_MINUS_UN,DIRECT_INITIAL_BW_EXISTING,1,INCLUDED_IN_906_MAIN,,,AIA_906_V1_20260806
V44_8765e1771255,,Jin2016_AJAS_Mealworm_Weaned,phaseII_individual_metabolic_crate_total_collection,TM4_5,weaned_piglet,10.05,0.1599564658060031,5.31,0.42,2.51,2.38,20.7478327511,6.275441918841321,11.606330043817024,4.632851749626528,41.81805838937728,18.576763908367443,,,,,development,New/unmatched study assigned development-only,0,2.93,33.19653240176,0.0159160662493535,0.5283582089552238,1.116870131603204,1.7876307732738377,,,,,,,,,5.31,0.42,2.51,2.38,2.93,20.7478327511,6.275441918841321,11.606330043817024,4.632851749626528,41.81805838937728,18.576763908367443,1,1,1,0,1,100.0,1,INCLUDED,NI_DMI_CP_INCONSISTENT,0,EXISTING_REVIEWER_FORMULA,1,MASS_BALANCE_NI_MINUS_FN_MINUS_UN,DIRECT_INITIAL_BW_EXISTING,1,INCLUDED_IN_906_MAIN,,,AIA_906_V1_20260806
V44_9ba53a9fc0d5,,Jin2016_AJAS_Mealworm_Weaned,phaseII_individual_metabolic_crate_total_collection,TM6_0,weaned_piglet,10.05,0.1646164948146536,5.36,0.37,2.56,2.43,20.350330043,6.198408386468764,11.69248138616851,4.644657455180121,42.417012253853486,18.51966862500085,,,,,development,New/unmatched study assigned development-only,0,2.93,32.560528068800004,0.0163797507278262,0.5333333333333333,1.098849577444805,1.740462898412068,,,,,,,,,5.36,0.37,2.56,2.43,2.93,20.350330043,6.198408386468764,11.69248138616851,4.644657455180121,42.417012253853486,18.51966862500085,1,1,1,0,1,100.0,1,INCLUDED,NI_DMI_CP_INCONSISTENT,0,EXISTING_REVIEWER_FORMULA,1,MASS_BALANCE_NI_MINUS_FN_MINUS_UN,DIRECT_INITIAL_BW_EXISTING,1,INCLUDED_IN_906_MAIN,,,AIA_906_V1_20260806
V44_59025bba940d,,Wellington2020_Animals_Thr_Fibre_FermentableProtein,2x2x5_individual_metabolic_crate_total_collection,LF_LfCP_SIDThr0.52,growing_pig,19.5,1.340652245706737,35.4,6.93,3.94,24.53,16.5031611075,3.478927707240395,9.956846544838928,3.303115919579164,56.28096629464356,17.932449223620516,,,,,development,New/unmatched study assigned development-only,0,10.87,26.40505777196425,0.06875139721573,1.8153846153846156,0.9202959897838234,1.6574686607030529,,,,,,,,,35.4,6.93,3.94,24.53,10.87,16.5031611075,3.478927707240395,9.956846544838928,3.303115919579164,56.28096629464356,17.932449223620516,1,1,1,0,1,100.0,1,INCLUDED,,0,EXISTING_REVIEWER_FORMULA,1,MASS_BALANCE_NI_MINUS_FN_MINUS_UN,DIRECT_INITIAL_BW_EXISTING,1,INCLUDED_IN_906_MAIN,,,AIA_906_V1_20260806
V44_c09960ad3756,,Wellington2020_Animals_Thr_Fibre_FermentableProtein,2x2x5_individual_metabolic_crate_total_collection,LF_LfCP_SIDThr0.60,growing_pig,19.5,1.2682525923525598,34.1,6.47,2.77,24.860000000000003,16.8046177303,3.47614198833939,9.949307734327045,3.300909218265327,56.225084510532064,17.917556231238738,,,,,development,New/unmatched study assigned development-only,0,9.24,26.88738836854716,0.0650385944796184,1.7487179487179487,0.9378855862610124,1.6890238174381522,,,,,,,,,34.1,6.47,2.77,24.860000000000003,9.24,16.8046177303,3.47614198833939,9.949307734327045,3.300909218265327,56.225084510532064,17.917556231238738,1,1,1,0,1,100.0,1,INCLUDED,,0,EXISTING_REVIEWER_FORMULA,1,MASS_BALANCE_NI_MINUS_FN_MINUS_UN,DIRECT_INITIAL_BW_EXISTING,1,INCLUDED_IN_906_MAIN,,,AIA_906_V1_20260806
V44_e99752083884,,Wellington2020_Animals_Thr_Fibre_FermentableProtein,2x2x5_individual_metabolic_crate_total_collection,LF_LfCP_SIDThr0.68,growing_pig,19.5,1.2863098144531249,34.5,5.75,3.86,24.89,16.7630688639,3.473356788582528,9.941770328741304,3.2987029281904205,56.16921314050106,17.902666014302024,,,,,development,New/unmatched study assigned development-only,0,9.61,26.82091018225472,0.065964605869391,1.7692307692307692,0.9363448354847468,1.6861251376365598,,,,,,,,,34.5,5.75,3.86,24.89,9.61,16.7630688639,3.473356788582528,9.941770328741304,3.2987029281904205,56.16921314050106,17.902666014302024,1,1,1,0,1,100.0,1,INCLUDED,,0,EXISTING_REVIEWER_FORMULA,1,MASS_BALANCE_NI_MINUS_FN_MINUS_UN,DIRECT_INITIAL_BW_EXISTING,1,INCLUDED_IN_906_MAIN,,,AIA_906_V1_20260806
V44_6c4e6032bf04,,Wellington2020_Animals_Thr_Fibre_FermentableProtein,2x2x5_individual_metabolic_crate_total_collection,LF_LfCP_SIDThr0.76,growing_pig,19.5,1.3492937293729372,35.8,7.21,4.08,24.51,16.5827495622,3.468981094641518,9.929928671829192,3.2952367315238824,56.08143630700172,17.879272707638908,,,,,development,New/unmatched study assigned development-only,0,11.29,26.532399299474605,0.0691945502242531,1.835897435897436,0.9274845701701856,1.669976704791908,,,,,,,,,35.8,7.21,4.08,24.51,11.29,16.5827495622,3.468981094641518,9.929928671829192,3.2952367315238824,56.08143630700172,17.879272707638908,1,1,1,0,1,100.0,1,INCLUDED,,0,EXISTING_REVIEWER_FORMULA,1,MASS_BALANCE_NI_MINUS_FN_MINUS_UN,DIRECT_INITIAL_BW_EXISTING,1,INCLUDED_IN_906_MAIN,,,AIA_906_V1_20260806
V44_b33ccb6fafd9,,Wellington2020_Animals_Thr_Fibre_FermentableProtein,2x2x5_individual_metabolic_crate_total_collection,LF_LfCP_SIDThr0.82,growing_pig,19.5,1.3519803921568627,36.1,7.86,3.13,25.110000000000003,16.6884816754,3.466594892473261,9.9234710475574,3.2933465065417886,56.03356886626144,17.866515609031293,,,,,development,New/unmatched study assigned development-only,0,10.99,26.701570680628272,0.069332327802916,1.8512820512820516,0.9340647074443652,1.681718180606549,,,,,,,,,36.1,7.86,3.13,25.110000000000003,10.99,16.6884816754,3.466594892473261,9.9234710475574,3.2933465065417886,56.03356886626144,17.866515609031293,1,1,1,0,1,100.0,1,INCLUDED,,0,EXISTING_REVIEWER_FORMULA,1,MASS_BALANCE_NI_MINUS_FN_MINUS_UN,DIRECT_INITIAL_BW_EXISTING,1,INCLUDED_IN_906_MAIN,,,AIA_906_V1_20260806
V44_a6f83d1eb8b6,,Wellington2020_Animals_Thr_Fibre_FermentableProtein,2x2x5_individual_metabolic_crate_total_collection,LF_HfCP_SIDThr0.52,growing_pig,19.5,1.3423035307517086,41.1,8.53,6.61,25.96,19.1368788143,4.384509434666435,10.152899415897188,3.741594167960296,49.69791292265135,18.451221682355527,,,,,development,New/unmatched study assigned development-only,0,15.14,30.61900610287707,0.0688360785000876,2.107692307692308,1.037160527565508,1.884868354387112,,,,,,,,,41.1,8.53,6.61,25.96,15.14,19.1368788143,4.384509434666435,10.152899415897188,3.741594167960296,49.69791292265135,18.451221682355527,1,1,1,0,1,100.0,1,INCLUDED,,0,EXISTING_REVIEWER_FORMULA,1,MASS_BALANCE_NI_MINUS_FN_MINUS_UN,DIRECT_INITIAL_BW_EXISTING,1,INCLUDED_IN_906_MAIN,,,AIA_906_V1_20260806
V44_6318f1e135fd,,Wellington2020_Animals_Thr_Fibre_FermentableProtein,2x2x5_individual_metabolic_crate_total_collection,LF_HfCP_SIDThr0.60,growing_pig,19.5,1.411788840262582,45.0,8.57,5.5,30.93,19.9215344377,4.381229687019192,10.14426374352771,3.7390258199903466,49.63475637400763,18.43414782900497,,,,,development,New/unmatched study assigned development-only,0,14.07,31.874455100261557,0.0723994277057734,2.3076923076923075,1.080686485889775,1.9638226037262123,,,,,,,,,45.0,8.57,5.5,30.93,14.07,19.9215344377,4.381229687019192,10.14426374352771,3.7390258199903466,49.63475637400763,18.43414782900497,1,1,1,0,1,100.0,1,INCLUDED,,0,EXISTING_REVIEWER_FORMULA,1,MASS_BALANCE_NI_MINUS_FN_MINUS_UN,DIRECT_INITIAL_BW_EXISTING,1,INCLUDED_IN_906_MAIN,,,AIA_906_V1_20260806
V44_9ea395c36820,,Wellington2020_Animals_Thr_Fibre_FermentableProtein,2x2x5_individual_metabolic_crate_total_collection,LF_HfCP_SIDThr0.68,growing_pig,19.5,1.3072088186356072,41.2,7.78,4.99,28.43,19.6984595215,4.378770334645453,10.137788196130469,3.737099917952794,49.5873977889791,18.421344825151355,,,,,development,New/unmatched study assigned development-only,0,12.77,31.5175352343494,0.0670363496736208,2.112820512820513,1.069327983839972,1.9430727038683624,,,,,,,,,41.2,7.78,4.99,28.43,12.77,19.6984595215,4.378770334645453,10.137788196130469,3.737099917952794,49.5873977889791,18.421344825151355,1,1,1,0,1,100.0,1,INCLUDED,,0,EXISTING_REVIEWER_FORMULA,1,MASS_BALANCE_NI_MINUS_FN_MINUS_UN,DIRECT_INITIAL_BW_EXISTING,1,INCLUDED_IN_906_MAIN,,,AIA_906_V1_20260806
V44_e28a16ce775b,,Wellington2020_Animals_Thr_Fibre_FermentableProtein,2x2x5_individual_metabolic_crate_total_collection,LF_HfCP_SIDThr0.76,growing_pig,19.5,1.3111420517051706,41.5,8.11,5.97,27.42,19.7823721436,4.376311375048588,10.131313682926336,3.735174323496128,49.54004676746902,18.40854386603272,,,,,development,New/unmatched study assigned development-only,0,14.079999999999998,31.651795429815014,0.0672380539335985,2.128205128205128,1.074629926601759,1.9525969447513984,,,,,,,,,41.5,8.11,5.97,27.42,14.079999999999998,19.7823721436,4.376311375048588,10.131313682926336,3.735174323496128,49.54004676746902,18.40854386603272,1,1,1,0,1,100.0,1,INCLUDED,,0,EXISTING_REVIEWER_FORMULA,1,MASS_BALANCE_NI_MINUS_FN_MINUS_UN,DIRECT_INITIAL_BW_EXISTING,1,INCLUDED_IN_906_MAIN,,,AIA_906_V1_20260806
V44_be3d3e5ece41,,Wellington2020_Animals_Thr_Fibre_FermentableProtein,2x2x5_individual_metabolic_crate_total_collection,LF_HfCP_SIDThr0.82,growing_pig,19.5,1.362202380952381,41.5,8.41,5.27,27.820000000000004,19.0408564562,4.370165693837888,10.115131922885292,3.730361682537386,49.421702292198624,18.376550410737785,,,,,development,New/unmatched study assigned development-only,0,13.68,30.465370329910417,0.0698565323565323,2.128205128205128,1.0361496597900142,1.8824130620699495,,,,,,,,,41.5,8.41,5.27,27.820000000000004,13.68,19.0408564562,4.370165693837888,10.115131922885292,3.730361682537386,49.421702292198624,18.376550410737785,1,1,1,0,1,100.0,1,INCLUDED,,0,EXISTING_REVIEWER_FORMULA,1,MASS_BALANCE_NI_MINUS_FN_MINUS_UN,DIRECT_INITIAL_BW_EXISTING,1,INCLUDED_IN_906_MAIN,,,AIA_906_V1_20260806
V44_da7ee9668268,,Wellington2020_Animals_Thr_Fibre_FermentableProtein,2x2x5_individual_metabolic_crate_total_collection,HF_LfCP_SIDThr0.52,growing_pig,19.5,1.3517123983739836,37.7,8.28,3.21,26.21,17.4315927178,5.859730466550821,14.691522897952714,5.800577637116612,44.76689195568167,18.347060816861404,,,,,development,New/unmatched study assigned development-only,0,11.489999999999998,27.890548348413827,0.0693185845319991,1.9333333333333336,0.9501027380788936,1.18650686105721,,,,,,,,,37.7,8.28,3.21,26.21,11.489999999999998,17.4315927178,5.859730466550821,14.691522897952714,5.800577637116612,44.76689195568167,18.347060816861404,1,1,1,0,1,100.0,1,INCLUDED,,0,EXISTING_REVIEWER_FORMULA,1,MASS_BALANCE_NI_MINUS_FN_MINUS_UN,DIRECT_INITIAL_BW_EXISTING,1,INCLUDED_IN_906_MAIN,,,AIA_906_V1_20260806
V44_f264640db62b,,Wellington2020_Animals_Thr_Fibre_FermentableProtein,2x2x5_individual_metabolic_crate_total_collection,HF_LfCP_SIDThr0.60,growing_pig,19.5,1.3922782898919264,38.2,9.72,2.24,26.24,17.1481521858,5.859730466550821,14.691522897952714,5.800577637116612,44.76689195568167,18.347060816861404,,,,,development,New/unmatched study assigned development-only,0,11.96,27.437043497220102,0.0713988866611244,1.9589743589743591,0.9346539130693032,1.1672140665682535,,,,,,,,,38.2,9.72,2.24,26.24,11.96,17.1481521858,5.859730466550821,14.691522897952714,5.800577637116612,44.76689195568167,18.347060816861404,1,1,1,0,1,100.0,1,INCLUDED,,0,EXISTING_REVIEWER_FORMULA,1,MASS_BALANCE_NI_MINUS_FN_MINUS_UN,DIRECT_INITIAL_BW_EXISTING,1,INCLUDED_IN_906_MAIN,,,AIA_906_V1_20260806
V44_030b93fd52e7,,Wellington2020_Animals_Thr_Fibre_FermentableProtein,2x2x5_individual_metabolic_crate_total_collection,HF_LfCP_SIDThr0.68,growing_pig,19.5,1.3598816614420064,37.8,8.18,2.65,26.97,17.3728352031,5.855447896789298,14.68015994125096,5.797104064936599,44.68884834350314,18.325799301867093,,,,,development,New/unmatched study assigned development-only,0,10.83,27.79653632501905,0.06973752109959,1.9384615384615385,0.9479987703090254,1.1834227469336132,,,,,,,,,37.8,8.18,2.65,26.97,10.83,17.3728352031,5.855447896789298,14.68015994125096,5.797104064936599,44.68884834350314,18.325799301867093,1,1,1,0,1,100.0,1,INCLUDED,,0,EXISTING_REVIEWER_FORMULA,1,MASS_BALANCE_NI_MINUS_FN_MINUS_UN,DIRECT_INITIAL_BW_EXISTING,1,INCLUDED_IN_906_MAIN,,,AIA_906_V1_20260806
V44_580a0b3708b6,,Wellington2020_Animals_Thr_Fibre_FermentableProtein,2x2x5_individual_metabolic_crate_total_collection,HF_LfCP_SIDThr0.76,growing_pig,19.5,1.3235902691831682,37.3,8.62,2.42,26.26,17.6130790191,5.851166463411395,14.66879999971968,5.793631414471994,44.61082544026515,18.304543428634325,,,,,development,New/unmatched study assigned development-only,0,11.04,28.18092643051771,0.0678764240606752,1.912820512820513,0.9622244383078876,1.200717101564994,,,,,,,,,37.3,8.62,2.42,26.26,11.04,17.6130790191,5.851166463411395,14.66879999971968,5.793631414471994,44.61082544026515,18.304543428634325,1,1,1,0,1,100.0,1,INCLUDED,,0,EXISTING_REVIEWER_FORMULA,1,MASS_BALANCE_NI_MINUS_FN_MINUS_UN,DIRECT_INITIAL_BW_EXISTING,1,INCLUDED_IN_906_MAIN,,,AIA_906_V1_20260806
V44_b51481233258,,Wellington2020_Animals_Thr_Fibre_FermentableProtein,2x2x5_individual_metabolic_crate_total_collection,HF_LfCP_SIDThr0.82,growing_pig,19.5,1.3887283147459728,39.1,9.24,3.12,26.74,17.5970344527,5.844746443074599,14.651765738242656,5.788424166189113,44.49382989664441,18.27267019217687,,,,,development,New/unmatched study assigned development-only,0,12.36,28.15525512429132,0.0712168366536396,2.005128205128205,0.9630247942763104,1.2010180047289374,,,,,,,,,39.1,9.24,3.12,26.74,12.36,17.5970344527,5.844746443074599,14.651765738242656,5.788424166189113,44.49382989664441,18.27267019217687,1,1,1,0,1,100.0,1,INCLUDED,,0,EXISTING_REVIEWER_FORMULA,1,MASS_BALANCE_NI_MINUS_FN_MINUS_UN,DIRECT_INITIAL_BW_EXISTING,1,INCLUDED_IN_906_MAIN,,,AIA_906_V1_20260806
V44_24616a4b598a,,Wellington2020_Animals_Thr_Fibre_FermentableProtein,2x2x5_individual_metabolic_crate_total_collection,HF_HfCP_SIDThr0.52,growing_pig,19.5,1.3515613879003558,39.6,9.92,3.61,26.07,18.312153796,6.945855792634853,14.772641633749188,6.0516238817624135,40.58602774225335,18.811859672601564,,,,,development,New/unmatched study assigned development-only,0,13.53,29.299446073639626,0.0693108404051464,2.0307692307692307,0.9734366572312168,1.239599135347908,,,,,,,,,39.6,9.92,3.61,26.07,13.53,18.312153796,6.945855792634853,14.772641633749188,6.0516238817624135,40.58602774225335,18.811859672601564,1,1,1,0,1,100.0,1,INCLUDED,,0,EXISTING_REVIEWER_FORMULA,1,MASS_BALANCE_NI_MINUS_FN_MINUS_UN,DIRECT_INITIAL_BW_EXISTING,1,INCLUDED_IN_906_MAIN,,,AIA_906_V1_20260806
V44_0f0b34411b27,,Wellington2020_Animals_Thr_Fibre_FermentableProtein,2x2x5_individual_metabolic_crate_total_collection,HF_HfCP_SIDThr0.60,growing_pig,19.5,1.3605422899884925,41.2,9.2,3.01,28.99,18.9262768159,6.9423160410824405,14.763546771510764,6.048819642898208,40.52406469995776,18.79480883342317,,,,,development,New/unmatched study assigned development-only,0,12.21,30.28204290536862,0.0697713994865893,2.112820512820513,1.0069949092668098,1.2819600268698346,,,,,,,,,41.2,9.2,3.01,28.99,12.21,18.9262768159,6.9423160410824405,14.763546771510764,6.048819642898208,40.52406469995776,18.79480883342317,1,1,1,0,1,100.0,1,INCLUDED,,0,EXISTING_REVIEWER_FORMULA,1,MASS_BALANCE_NI_MINUS_FN_MINUS_UN,DIRECT_INITIAL_BW_EXISTING,1,INCLUDED_IN_906_MAIN,,,AIA_906_V1_20260806
V44_36db91f1cea4,,Wellington2020_Animals_Thr_Fibre_FermentableProtein,2x2x5_individual_metabolic_crate_total_collection,HF_HfCP_SIDThr0.68,growing_pig,19.5,1.341618020304569,41.4,8.91,3.26,29.23,19.2864135755,6.940546446984104,14.759000064120707,6.047417746615106,40.49308810955646,18.786284770664803,,,,,development,New/unmatched study assigned development-only,0,12.17,30.85826172087457,0.068800924118183,2.123076923076923,1.0266220176549308,1.3067561143512347,,,,,,,,,41.4,8.91,3.26,29.23,12.17,19.2864135755,6.940546446984104,14.759000064120707,6.047417746615106,40.49308810955646,18.786284770664803,1,1,1,0,1,100.0,1,INCLUDED,,0,EXISTING_REVIEWER_FORMULA,1,MASS_BALANCE_NI_MINUS_FN_MINUS_UN,DIRECT_INITIAL_BW_EXISTING,1,INCLUDED_IN_906_MAIN,,,AIA_906_V1_20260806
V44_c9cb4c478d15,,Wellington2020_Animals_Thr_Fibre_FermentableProtein,2x2x5_individual_metabolic_crate_total_collection,HF_HfCP_SIDThr0.76,growing_pig,19.5,1.3261970149253732,38.7,9.02,4.29,25.390000000000004,18.2382404181,6.936565546661436,14.74877173609161,6.044264023752338,40.42340279650109,18.767108935812555,,,,,development,New/unmatched study assigned development-only,0,13.31,29.181184668989548,0.0680101033295063,1.984615384615385,0.9718193931989526,1.2365938496064277,,,,,,,,,38.7,9.02,4.29,25.390000000000004,13.31,18.2382404181,6.936565546661436,14.74877173609161,6.044264023752338,40.42340279650109,18.767108935812555,1,1,1,0,1,100.0,1,INCLUDED,,0,EXISTING_REVIEWER_FORMULA,1,MASS_BALANCE_NI_MINUS_FN_MINUS_UN,DIRECT_INITIAL_BW_EXISTING,1,INCLUDED_IN_906_MAIN,,,AIA_906_V1_20260806
V44_4f972a6ceeb5,,Wellington2020_Animals_Thr_Fibre_FermentableProtein,2x2x5_individual_metabolic_crate_total_collection,HF_HfCP_SIDThr0.82,growing_pig,19.5,1.368069498069498,43.4,10.01,3.92,29.47,19.8272090989,6.931259157471475,14.735137762646978,6.04006023075309,40.3305149163925,18.74154827502709,,,,,development,New/unmatched study assigned development-only,0,13.93,31.723534558180223,0.0701574101574101,2.2256410256410257,1.057928022164505,1.3455733782931594,,,,,,,,,43.4,10.01,3.92,29.47,13.93,19.8272090989,6.931259157471475,14.735137762646978,6.04006023075309,40.3305149163925,18.74154827502709,1,1,1,0,1,100.0,1,INCLUDED,,0,EXISTING_REVIEWER_FORMULA,1,MASS_BALANCE_NI_MINUS_FN_MINUS_UN,DIRECT_INITIAL_BW_EXISTING,1,INCLUDED_IN_906_MAIN,,,AIA_906_V1_20260806
V44_e0f144166dc2,,Li2024_JASB_GlucoseRelease,glucose_release_4_starch_sources_total_collection,A_corn,weaned_piglet,15.0,1.244703793352601,39.29,6.27,7.38,25.64,19.7285893488,8.153590145782934,8.34758809442354,3.113239822100581,50.78116090774319,19.59174364237656,,,,,confirmation,Historical DOI,0,13.65,31.56574295814802,0.0829802528901734,2.619333333333333,1.006984866121229,2.3633879781369838,,,,,,,,,39.29,6.27,7.38,25.64,13.65,19.7285893488,8.153590145782934,8.34758809442354,3.113239822100581,50.78116090774319,19.59174364237656,1,1,1,0,1,100.0,1,INCLUDED,,0,EXISTING_REVIEWER_FORMULA,1,MASS_BALANCE_NI_MINUS_FN_MINUS_UN,DIRECT_INITIAL_BW_EXISTING,1,INCLUDED_IN_906_MAIN,,,AIA_906_V1_20260806
V44_743d86941875,,Li2024_JASB_GlucoseRelease,glucose_release_4_starch_sources_total_collection,B_corn_barley,weaned_piglet,15.0,1.2184121071829404,39.58,5.69,5.73,28.16,20.3030648285,8.056643521026375,9.49071436709582,3.6003190156089784,50.4272530477384,19.53970604990316,,,,,confirmation,Historical DOI,0,11.420000000000002,32.48490372564658,0.081227473812196,2.6386666666666665,1.039067055392096,2.1392557022778447,,,,,,,,,39.58,5.69,5.73,28.16,11.420000000000002,20.3030648285,8.056643521026375,9.49071436709582,3.6003190156089784,50.4272530477384,19.53970604990316,1,1,1,0,1,100.0,1,INCLUDED,,0,EXISTING_REVIEWER_FORMULA,1,MASS_BALANCE_NI_MINUS_FN_MINUS_UN,DIRECT_INITIAL_BW_EXISTING,1,INCLUDED_IN_906_MAIN,,,AIA_906_V1_20260806
V44_3c8e73b695d4,,Li2024_JASB_GlucoseRelease,glucose_release_4_starch_sources_total_collection,C_corn_sorghum,weaned_piglet,15.0,1.2525691260744989,39.7,7.26,6.04,26.40000000000001,19.8092859575,8.316425850424817,8.128050857077989,3.008286979225792,50.823021909410826,19.48007719377909,,,,,confirmation,Historical DOI,0,13.3,31.69485753206947,0.0835046084049666,2.646666666666667,1.016899766897538,2.4371508379834843,,,,,,,,,39.7,7.26,6.04,26.40000000000001,13.3,19.8092859575,8.316425850424817,8.128050857077989,3.008286979225792,50.823021909410826,19.48007719377909,1,1,1,0,1,100.0,1,INCLUDED,,0,EXISTING_REVIEWER_FORMULA,1,MASS_BALANCE_NI_MINUS_FN_MINUS_UN,DIRECT_INITIAL_BW_EXISTING,1,INCLUDED_IN_906_MAIN,,,AIA_906_V1_20260806
V44_bd32de318955,,Li2024_JASB_GlucoseRelease,glucose_release_4_starch_sources_total_collection,D_corn_cassava,weaned_piglet,15.0,1.2205497775305896,40.01,6.91,4.95,28.149999999999995,20.4876937101,7.992089331560543,8.956244302643574,3.2702825888787603,50.68368277119416,19.56472196900638,,,,,confirmation,Historical DOI,0,11.86,32.7803099361896,0.0813699851687059,2.667333333333333,1.047175305764925,2.2875318066137096,,,,,,,,,40.01,6.91,4.95,28.149999999999995,11.86,20.4876937101,7.992089331560543,8.956244302643574,3.2702825888787603,50.68368277119416,19.56472196900638,1,1,1,0,1,100.0,1,INCLUDED,,0,EXISTING_REVIEWER_FORMULA,1,MASS_BALANCE_NI_MINUS_FN_MINUS_UN,DIRECT_INITIAL_BW_EXISTING,1,INCLUDED_IN_906_MAIN,,,AIA_906_V1_20260806
V44_63a0a07a4806,,Acosta2020_TAS_LactoseFP,weaned_pig_2x2_LA_FP_N_balance_main_effects,LA_minus_main_effect,weaned_piglet,5.22,0.1998235988012975,7.57,1.16,1.68,4.73,23.6771333735,5.297228968052281,8.280306491887739,3.1410505156268727,47.28724668951037,18.46575938350933,,,,,development,New/unmatched study assigned development-only,0,2.84,37.88341339767146,0.0382803829121259,1.450191570881226,1.2822182333126595,2.859451325466831,,,,,,,,,7.57,1.16,1.68,4.73,2.84,23.6771333735,5.297228968052281,8.280306491887739,3.1410505156268727,47.28724668951037,18.46575938350933,1,1,1,0,1,100.0,1,INCLUDED,,0,EXISTING_REVIEWER_FORMULA,1,MASS_BALANCE_NI_MINUS_FN_MINUS_UN,DIRECT_INITIAL_BW_EXISTING,1,INCLUDED_IN_906_MAIN,,,AIA_906_V1_20260806
V44_3c92812032e9,,Acosta2020_TAS_LactoseFP,weaned_pig_2x2_LA_FP_N_balance_main_effects,LA_plus_main_effect,weaned_piglet,5.22,0.2613969715892034,9.28,1.59,1.29,6.4,22.1884743528,4.865959721197092,6.751840652093575,2.688445795738711,35.867115805761124,18.05622575715157,,,,,development,New/unmatched study assigned development-only,0,2.88,35.50155896443942,0.0500760481971654,1.7777777777777777,1.2288545043258423,3.286285251107032,,,,,,,,,9.28,1.59,1.29,6.4,2.88,22.1884743528,4.865959721197092,6.751840652093575,2.688445795738711,35.867115805761124,18.05622575715157,1,1,1,0,1,100.0,1,INCLUDED,,0,EXISTING_REVIEWER_FORMULA,1,MASS_BALANCE_NI_MINUS_FN_MINUS_UN,DIRECT_INITIAL_BW_EXISTING,1,INCLUDED_IN_906_MAIN,,,AIA_906_V1_20260806
V44_c76bcfe6d9ec,,Acosta2020_TAS_LactoseFP,weaned_pig_2x2_LA_FP_N_balance_main_effects,FP_minus_main_effect,weaned_piglet,5.22,0.2407055486785137,8.8,1.55,1.54,5.710000000000001,22.8494940403,5.079392030112102,7.52116054059201,2.9162583145398195,41.61510834997407,18.30926525379811,,,,,development,New/unmatched study assigned development-only,0,3.09,36.55919046450101,0.0461121740763436,1.6858237547892725,1.247974384748184,3.038027697584748,,,,,,,,,8.8,1.55,1.54,5.710000000000001,3.09,22.8494940403,5.079392030112102,7.52116054059201,2.9162583145398195,41.61510834997407,18.30926525379811,1,1,1,0,1,100.0,1,INCLUDED,,0,EXISTING_REVIEWER_FORMULA,1,MASS_BALANCE_NI_MINUS_FN_MINUS_UN,DIRECT_INITIAL_BW_EXISTING,1,INCLUDED_IN_906_MAIN,,,AIA_906_V1_20260806
V44_cc362095061f,,Acosta2020_TAS_LactoseFP,weaned_pig_2x2_LA_FP_N_balance_main_effects,FP_plus_main_effect,weaned_piglet,5.22,0.218868401013452,8.06,1.2,1.44,5.42,23.016113686,5.083796659137271,7.510986603389304,2.9132379968257647,41.53925414529742,18.212719886862786,,,,,development,New/unmatched study assigned development-only,0,2.64,36.82578189760988,0.0419288124546842,1.5440613026819925,1.2637384107906915,3.064326286458036,,,,,,,,,8.06,1.2,1.44,5.42,2.64,23.016113686,5.083796659137271,7.510986603389304,2.9132379968257647,41.53925414529742,18.212719886862786,1,1,1,0,1,100.0,1,INCLUDED,,0,EXISTING_REVIEWER_FORMULA,1,MASS_BALANCE_NI_MINUS_FN_MINUS_UN,DIRECT_INITIAL_BW_EXISTING,1,INCLUDED_IN_906_MAIN,,,AIA_906_V1_20260806
V44_0b639729858d,,Li2018_JAS_Pyruvate,growing_pig_low_protein_pyruvate_total_collection,CP18_pyruvate0,growing,40.0,1.3735736197916668,44.5,9.31,13.2,21.99,20.2482776309,4.5849596356209945,11.581360897988615,4.35448474039177,46.87971679409019,18.505982972323416,,,,,development,New/unmatched study assigned development-only,0,22.51,32.39724420941443,0.0343393404947916,1.1125,1.0941476419373275,1.7483504580551157,,,,,,,,,44.5,9.31,13.2,21.99,22.51,20.2482776309,4.5849596356209945,11.581360897988615,4.35448474039177,46.87971679409019,18.505982972323416,1,1,1,0,1,100.0,1,INCLUDED,,0,EXISTING_REVIEWER_FORMULA,1,MASS_BALANCE_NI_MINUS_FN_MINUS_UN,DIRECT_INITIAL_BW_EXISTING,1,INCLUDED_IN_906_MAIN,,,AIA_906_V1_20260806
V44_679a1a266cfc,,Li2018_JAS_Pyruvate,growing_pig_low_protein_pyruvate_total_collection,CP15_pyruvate0_6,growing,40.0,1.4507735683333336,39.1,7.49,10.3,21.31,16.8444618329,5.454043355848016,10.990050066232422,3.830995011344183,52.23185795312388,18.677056607723028,,,,,development,New/unmatched study assigned development-only,0,17.79,26.95113893267201,0.0362693392083333,0.9775,0.90187989396224,1.5327011006670117,,,,,,,,,39.1,7.49,10.3,21.31,17.79,16.8444618329,5.454043355848016,10.990050066232422,3.830995011344183,52.23185795312388,18.677056607723028,1,1,1,0,1,100.0,1,INCLUDED,,0,EXISTING_REVIEWER_FORMULA,1,MASS_BALANCE_NI_MINUS_FN_MINUS_UN,DIRECT_INITIAL_BW_EXISTING,1,INCLUDED_IN_906_MAIN,,,AIA_906_V1_20260806
V44_7aa01c13f8e3,,Li2018_JAS_Pyruvate,growing_pig_low_protein_pyruvate_total_collection,CP13_6_pyruvate1_8,growing,40.0,1.450802625,35.4,6.36,7.8,21.24,15.2501791896,5.708348127502263,10.506064637435962,3.488856267958208,55.183208476229005,18.73846848729884,,,,,development,New/unmatched study assigned development-only,0,14.16,24.400286703368764,0.036270065625,0.885,0.8138434152148964,1.4515596196942735,,,,,,,,,35.4,6.36,7.8,21.24,14.16,15.2501791896,5.708348127502263,10.506064637435962,3.488856267958208,55.183208476229005,18.73846848729884,1,1,1,0,1,100.0,1,INCLUDED,,0,EXISTING_REVIEWER_FORMULA,1,MASS_BALANCE_NI_MINUS_FN_MINUS_UN,DIRECT_INITIAL_BW_EXISTING,1,INCLUDED_IN_906_MAIN,,,AIA_906_V1_20260806
V44_fe210c8d244a,,Mayer2026_TAS_SoybeanHulls,growing_gilt_soybean_hull_gradient_repeated_collection,SBH0,growing,45.5,1.849282785207424,63.17,6.71,14.83,41.63,21.3494930661,2.721675363150677,9.63020564626894,3.9120386271101486,49.51811292515336,18.718536301130403,,,,,development,Historical DOI,0,21.54,34.15918890572193,0.0406435776968664,1.3883516483516485,1.140553551978886,2.2169301311204603,,,,,,,,,63.17,6.71,14.83,41.63,21.54,21.3494930661,2.721675363150677,9.63020564626894,3.9120386271101486,49.51811292515336,18.718536301130403,1,1,1,0,1,100.0,1,INCLUDED,,0,EXISTING_REVIEWER_FORMULA,1,MASS_BALANCE_NI_MINUS_FN_MINUS_UN,DIRECT_INITIAL_BW_EXISTING,1,INCLUDED_IN_906_MAIN,,,AIA_906_V1_20260806
V44_35be44f41364,,Mayer2026_TAS_SoybeanHulls,growing_gilt_soybean_hull_gradient_repeated_collection,SBH10,growing,45.5,1.85771625,62.01,9.03,12.72,40.26,20.8623087622,2.5571980958565668,14.596968111102749,8.648071442454938,43.87334143017485,18.815391747797868,,,,,development,Historical DOI,0,21.75,33.379694019471486,0.0408289285714285,1.3628571428571428,1.1087894975474908,1.4292220551151105,,,,,,,,,62.01,9.03,12.72,40.26,21.75,20.8623087622,2.5571980958565668,14.596968111102749,8.648071442454938,43.87334143017485,18.815391747797868,1,1,1,0,1,100.0,1,INCLUDED,,0,EXISTING_REVIEWER_FORMULA,1,MASS_BALANCE_NI_MINUS_FN_MINUS_UN,DIRECT_INITIAL_BW_EXISTING,1,INCLUDED_IN_906_MAIN,,,AIA_906_V1_20260806
V44_da147dd2de30,,Mayer2026_TAS_SoybeanHulls,growing_gilt_soybean_hull_gradient_repeated_collection,SBH20,growing,45.5,1.7582239312536103,55.94,10.01,10.32,35.61,19.8851234922,2.392659380904303,19.52793921742706,13.35203482043752,38.24241091305552,18.725863296955776,,,,,development,Historical DOI,0,20.33,31.81619758759334,0.038642284203376,1.2294505494505494,1.061906902600997,1.0182909354026557,,,,,,,,,55.94,10.01,10.32,35.61,20.33,19.8851234922,2.392659380904303,19.52793921742706,13.35203482043752,38.24241091305552,18.725863296955776,1,1,1,0,1,100.0,1,INCLUDED,,0,EXISTING_REVIEWER_FORMULA,1,MASS_BALANCE_NI_MINUS_FN_MINUS_UN,DIRECT_INITIAL_BW_EXISTING,1,INCLUDED_IN_906_MAIN,,,AIA_906_V1_20260806
V44_b7ce4270c333,,Mayer2026_TAS_SoybeanHulls,growing_gilt_soybean_hull_gradient_repeated_collection,SBH40,growing,45.5,1.852646570121952,55.23,13.86,7.43,33.94,18.6321290616,2.040864965655828,29.13892625412777,22.578108162034635,26.72220215090461,18.46721199727335,,,,,development,Historical DOI,0,21.29,29.81140649852305,0.0407175070356473,1.2138461538461538,1.0089302632336166,0.6394240096256328,,,,,,,,,55.23,13.86,7.43,33.94,21.29,18.6321290616,2.040864965655828,29.13892625412777,22.578108162034635,26.72220215090461,18.46721199727335,1,1,1,0,1,100.0,1,INCLUDED,,0,EXISTING_REVIEWER_FORMULA,1,MASS_BALANCE_NI_MINUS_FN_MINUS_UN,DIRECT_INITIAL_BW_EXISTING,1,INCLUDED_IN_906_MAIN,,,AIA_906_V1_20260806
V44_911a41f0e845,,Hu2024_AnimalNutrition_YeastCulture,Exp4_nitrogen_balance,Control,growing_pig,23.5,0.806,17.94,3.82,1.79,12.330000000000002,15.3447324876,3.203065748350959,14.462217319360176,4.555984555984556,56.11044613912421,18.257032542746828,,,,,development,Historical DOI,0,5.609999999999999,22.258064516129032,0.0342978723404255,0.763404255319149,0.8404833836863687,1.061022120519405,,,,,,,,,17.94,3.82,1.79,12.330000000000002,5.609999999999999,15.3447324876,3.203065748350959,14.462217319360176,4.555984555984556,56.11044613912421,18.257032542746828,1,1,1,0,1,100.0,1,INCLUDED,,0,DIRECT_PRIMARY_TABLE_EXACT,1,MASS_BALANCE_NI_MINUS_FN_MINUS_UN,DIRECT_INITIAL_BW_EXISTING,1,INCLUDED_IN_906_MAIN,,,AIA_906_V1_20260806
V44_245854f95fd1,,Hu2024_AnimalNutrition_YeastCulture,Exp4_nitrogen_balance,YC_1p5,growing_pig,23.5,0.8265,18.78,3.93,1.87,12.98,15.6473829201,3.215540114765603,16.088154269972453,4.473829201101928,55.141620602130125,18.424242424242426,,,,,development,Historical DOI,0,5.800000000000001,22.72232304900181,0.0351702127659574,0.7991489361702128,0.8492822966501644,0.9726027397253938,,,,,,,,,18.78,3.93,1.87,12.98,5.800000000000001,15.6473829201,3.215540114765603,16.088154269972453,4.473829201101928,55.141620602130125,18.424242424242426,1,1,1,0,1,100.0,1,INCLUDED,,0,DIRECT_PRIMARY_TABLE_EXACT,1,MASS_BALANCE_NI_MINUS_FN_MINUS_UN,DIRECT_INITIAL_BW_EXISTING,1,INCLUDED_IN_906_MAIN,,,AIA_906_V1_20260806
V44_8273179aaaeb,V39_9,GeicsnekKoltay2022_Agriculture,BW30_40,TD_C,growing,37.35,1.6025798525798525,52.18,8.5,14.36,29.32,20.35,3.59,10.4013134979,3.9444272408,52.3345340959,18.3669937864,,,,,development,Historical Study_ID,1,22.86,32.56,0.0429070910998621,1.3970548862115126,1.1079657475067224,1.9564836695008392,,,,,,,,,52.18,8.5,14.36,29.32,22.86,20.35,3.59,10.4013134979,3.9444272408,52.3345340959,18.3669937864,1,1,1,1,1,100.0,1,INCLUDED,,0,DIRECT_APPENDIX_EXACT_MAJOR_PLUS_RESIDUAL,1,MASS_BALANCE_NI_MINUS_FN_MINUS_UN,DIRECT_INITIAL_BW_EXISTING,1,INCLUDED_IN_906_MAIN,,,AIA_906_V1_20260806
V44_79eb0c0f8502,V39_10,GeicsnekKoltay2022_Agriculture,BW30_40,TD_T1.5,growing,37.42,1.5487082884822392,46.04,6.71,11.52,27.81,18.58,4.09,10.4225832817,3.8108461545,55.2981659616,18.3159440987,,,,,development,Historical Study_ID,1,18.23,29.727999999999994,0.0413871803442607,1.2303580972741848,1.0144167234774832,1.7826674537226117,,,,,,,,,46.04,6.71,11.52,27.81,18.23,18.58,4.09,10.4225832817,3.8108461545,55.2981659616,18.3159440987,1,1,1,1,1,100.0,1,INCLUDED,,0,DIRECT_APPENDIX_EXACT_MAJOR_PLUS_RESIDUAL,1,MASS_BALANCE_NI_MINUS_FN_MINUS_UN,DIRECT_INITIAL_BW_EXISTING,1,INCLUDED_IN_906_MAIN,,,AIA_906_V1_20260806
V44_5408b729b6df,V39_11,GeicsnekKoltay2022_Agriculture,BW30_40,TD_T3,growing,36.77,1.519102486355367,40.08,6.76,9.49,23.83,16.49,4.4,10.3618282367,3.6566833215,58.0714663748,18.3137676154,,,,,development,Historical Study_ID,1,16.25,26.384,0.041313638464927,1.0900190372586347,0.9004154877521543,1.591418003011762,,,,,,,,,40.08,6.76,9.49,23.83,16.25,16.49,4.4,10.3618282367,3.6566833215,58.0714663748,18.3137676154,1,1,1,1,1,100.0,1,INCLUDED,,0,DIRECT_APPENDIX_EXACT_MAJOR_PLUS_RESIDUAL,1,MASS_BALANCE_NI_MINUS_FN_MINUS_UN,DIRECT_INITIAL_BW_EXISTING,1,INCLUDED_IN_906_MAIN,,,AIA_906_V1_20260806
V44_d35ff514afdf,V39_12,GeicsnekKoltay2022_Agriculture,BW30_40,HLW_C,growing,35.3,1.5244360902255638,48.66,8.76,11.22,28.68,19.95,3.35,10.5070395802,4.0059676952,51.9466573225,18.3870637044,,,,,development,Historical Study_ID,1,19.98,31.92,0.0431851583633304,1.3784702549575072,1.0850019514114149,1.898727024650673,,,,,,,,,48.66,8.76,11.22,28.68,19.98,19.95,3.35,10.5070395802,4.0059676952,51.9466573225,18.3870637044,1,1,1,1,1,100.0,1,INCLUDED,,0,DIRECT_APPENDIX_EXACT_MAJOR_PLUS_RESIDUAL,1,MASS_BALANCE_NI_MINUS_FN_MINUS_UN,DIRECT_INITIAL_BW_EXISTING,1,INCLUDED_IN_906_MAIN,,,AIA_906_V1_20260806
V44_b7a598b5cce8,V39_13,GeicsnekKoltay2022_Agriculture,BW30_40,HLW_T1.5,growing,34.28,1.4397773279352228,39.83,6.41,9.71,23.71,17.29,3.54,10.4295612943,3.8693616008,54.60494246,18.3023802356,,,,,development,Historical Study_ID,1,16.12,27.663999999999994,0.0420005054823577,1.161901983663944,0.944685870221906,1.6577878505253516,,,,,,,,,39.83,6.41,9.71,23.71,16.12,17.29,3.54,10.4295612943,3.8693616008,54.60494246,18.3023802356,1,1,1,1,1,100.0,1,INCLUDED,,0,DIRECT_APPENDIX_EXACT_MAJOR_PLUS_RESIDUAL,1,MASS_BALANCE_NI_MINUS_FN_MINUS_UN,DIRECT_INITIAL_BW_EXISTING,1,INCLUDED_IN_906_MAIN,,,AIA_906_V1_20260806
V44_782ab5acce86,V39_14,GeicsnekKoltay2022_Agriculture,BW80_110,TD_C,finishing,91.7,3.3066090351366424,94.86,14.75,37.5,42.61,17.93,3.07,13.3456413981,4.7793883632,53.8464496053,18.206368807,,,,,development,Historical Study_ID,1,52.25,28.688,0.0360589862065064,1.0344601962922573,0.9848202126448332,1.3435097995779108,,,,,,,,,94.86,14.75,37.5,42.61,52.25,17.93,3.07,13.3456413981,4.7793883632,53.8464496053,18.206368807,1,1,1,1,1,100.0,1,INCLUDED,,0,DIRECT_APPENDIX_EXACT_MAJOR_PLUS_RESIDUAL,1,MASS_BALANCE_NI_MINUS_FN_MINUS_UN,DIRECT_INITIAL_BW_EXISTING,1,INCLUDED_IN_906_MAIN,,,AIA_906_V1_20260806
V44_03c28d8c1694,V39_15,GeicsnekKoltay2022_Agriculture,BW80_110,TD_T1.5,finishing,91.83,3.360062893081761,85.48,13.13,32.71,39.64000000000001,15.9,3.34,13.730926159,4.7641955956,56.4850947478,18.1430913171,,,,,development,Historical Study_ID,1,45.84,25.44,0.0365900347716624,0.9308504845910924,0.8763666412798203,1.1579699589002794,,,,,,,,,85.48,13.13,32.71,39.64000000000001,45.84,15.9,3.34,13.730926159,4.7641955956,56.4850947478,18.1430913171,1,1,1,1,1,100.0,1,INCLUDED,,0,DIRECT_APPENDIX_EXACT_MAJOR_PLUS_RESIDUAL,1,MASS_BALANCE_NI_MINUS_FN_MINUS_UN,DIRECT_INITIAL_BW_EXISTING,1,INCLUDED_IN_906_MAIN,,,AIA_906_V1_20260806
V44_0cb6dfaa71b7,V39_18,GeicsnekKoltay2022_Agriculture,BW30_40,HLW_T3,growing,34.05,1.471825396825397,37.09,6.33,5.6,25.160000000000004,15.75,3.48,10.4429416946,3.7449087265,57.47321565,18.203456799,,,,,development,Historical Study_ID,1,11.93,25.2,0.0432254154721115,1.0892804698972105,0.8652202806263269,1.5081957230637664,,,,,,,,,37.09,6.33,5.6,25.160000000000004,11.93,15.75,3.48,10.4429416946,3.7449087265,57.47321565,18.203456799,1,1,1,1,1,100.0,1,INCLUDED,,0,DIRECT_APPENDIX_EXACT_MAJOR_PLUS_RESIDUAL,1,MASS_BALANCE_NI_MINUS_FN_MINUS_UN,DIRECT_INITIAL_BW_EXISTING,1,INCLUDED_IN_906_MAIN,,,AIA_906_V1_20260806
V44_e793ac9b2bf4,V39_19,Zhang2020_Animals_Temperature,Trial1_BW25,18C,growing,28.7,1.32,41.9,6.7,5.4,29.8,19.8659217877,3.229050279329609,9.6545753798,3.6502446776,56.0762969851,18.30167597765363,,,,,development,Historical Study_ID,0,12.1,31.74242424242424,0.045993031358885,1.4599303135888502,1.0854700854695665,2.05766913677684,,,,,,,,,41.9,6.7,5.4,29.8,12.1,19.8659217877,3.229050279329609,9.6545753798,3.6502446776,56.0762969851,18.30167597765363,1,1,1,0,1,100.0,1,INCLUDED,,0,DIRECT_PRIMARY_TABLE_EXACT,1,MASS_BALANCE_NI_MINUS_FN_MINUS_UN,DIRECT_INITIAL_BW_EXISTING,1,INCLUDED_IN_906_MAIN,,,AIA_906_V1_20260806
V44_0bd07037a830,V39_20,Zhang2020_Animals_Temperature,Trial1_BW25,21C,growing,28.7,1.24,39.3,6.6,4.6,28.099999999999994,19.8659217877,3.229050279329609,9.6545753798,3.6502446776,56.0762969851,18.30167597765363,,,,,development,Historical Study_ID,0,11.2,31.69354838709677,0.0432055749128919,1.3693379790940765,1.0854700854695665,2.05766913677684,,,,,,,,,39.3,6.6,4.6,28.099999999999994,11.2,19.8659217877,3.229050279329609,9.6545753798,3.6502446776,56.0762969851,18.30167597765363,1,1,1,0,1,100.0,1,INCLUDED,,0,DIRECT_PRIMARY_TABLE_EXACT,1,MASS_BALANCE_NI_MINUS_FN_MINUS_UN,DIRECT_INITIAL_BW_EXISTING,1,INCLUDED_IN_906_MAIN,,,AIA_906_V1_20260806
V44_8b0c5c754e32,V39_21,Zhang2020_Animals_Temperature,Trial1_BW25,23C,growing,27.0,1.21,38.4,5.9,3.2,29.3,19.8659217877,3.229050279329609,9.6545753798,3.6502446776,56.0762969851,18.30167597765363,,,,,development,Historical Study_ID,0,9.1,31.73553719008265,0.0448148148148148,1.4222222222222225,1.0854700854695665,2.05766913677684,,,,,,,,,38.4,5.9,3.2,29.3,9.1,19.8659217877,3.229050279329609,9.6545753798,3.6502446776,56.0762969851,18.30167597765363,1,1,1,0,1,100.0,1,INCLUDED,,0,DIRECT_PRIMARY_TABLE_EXACT,1,MASS_BALANCE_NI_MINUS_FN_MINUS_UN,DIRECT_INITIAL_BW_EXISTING,1,INCLUDED_IN_906_MAIN,,,AIA_906_V1_20260806
V44_e9b6625f1887,V39_22,Zhang2020_Animals_Temperature,Trial1_BW25,27C,growing,28.7,1.05,33.4,4.3,4.9,24.2,19.8659217877,3.229050279329609,9.6545753798,3.6502446776,56.0762969851,18.30167597765363,,,,,development,Historical Study_ID,0,9.2,31.809523809523807,0.0365853658536585,1.1637630662020906,1.0854700854695665,2.05766913677684,,,,,,,,,33.4,4.3,4.9,24.2,9.2,19.8659217877,3.229050279329609,9.6545753798,3.6502446776,56.0762969851,18.30167597765363,1,1,1,0,1,100.0,1,INCLUDED,,0,DIRECT_PRIMARY_TABLE_EXACT,1,MASS_BALANCE_NI_MINUS_FN_MINUS_UN,DIRECT_INITIAL_BW_EXISTING,1,INCLUDED_IN_906_MAIN,,,AIA_906_V1_20260806
V44_3cd1c13cd981,V39_38,Hellwing2007_BPMPig,DietMainEffect,P1,growing-finishing,49.0,1.722384,59.450032,13.519789,18.335057,27.595186000000005,21.5725819562,3.5399665777,14.3775310189,5.2683733711,48.1930617894,18.6018089544,,,,,confirmation,Historical Study_ID,0,31.854846,34.5161311298758,0.035150693877551,1.2132659591836734,1.1597034465348224,1.5004371701818442,,,,,,,,,59.450032,13.519789,18.335057,27.595186000000005,31.854846,21.5725819562,3.5399665777,14.3775310189,5.2683733711,48.1930617894,18.6018089544,1,1,1,0,1,100.0,1,INCLUDED,,0,STRUCTURED_FROM_REPORTED_TREATMENT,0,MASS_BALANCE_NI_MINUS_FN_MINUS_UN,DIRECT_INITIAL_BW_EXISTING,1,INCLUDED_IN_906_MAIN,,,AIA_906_V1_20260806
V44_a1dbfd3c9b7c,V39_39,Hellwing2007_BPMPig,DietMainEffect,P2,growing-finishing,51.4,1.862062,65.268143,15.74114,20.348303,29.178699999999992,21.9072132802,4.0032518444,14.0996647445,4.9657965316,49.4086163854,18.686104704,,,,,confirmation,Historical Study_ID,0,36.089443,35.051541248358,0.036226887159533,1.2698082295719844,1.1723798847980595,1.5537400127719754,,,,,,,,,65.268143,15.74114,20.348303,29.178699999999992,36.089443,21.9072132802,4.0032518444,14.0996647445,4.9657965316,49.4086163854,18.686104704,1,1,1,0,1,100.0,1,INCLUDED,,0,STRUCTURED_FROM_REPORTED_TREATMENT,0,MASS_BALANCE_NI_MINUS_FN_MINUS_UN,DIRECT_INITIAL_BW_EXISTING,1,INCLUDED_IN_906_MAIN,,,AIA_906_V1_20260806
V44_ee0d48cbec3a,V39_40,Hellwing2007_BPMPig,DietMainEffect,P3,growing-finishing,50.5,1.761779,60.241483,15.912845,19.133301,25.195337,21.3709704083,5.0798430982,13.7199513877,4.6335842936,50.5907763731,18.892576961,,,,,confirmation,Historical Study_ID,0,35.046146,34.193552653312366,0.0348867128712871,1.1929006534653466,1.1311834511732388,1.5576564234374164,,,,,,,,,60.241483,15.912845,19.133301,25.195337,35.046146,21.3709704083,5.0798430982,13.7199513877,4.6335842936,50.5907763731,18.892576961,1,1,1,0,1,100.0,1,INCLUDED,,0,STRUCTURED_FROM_REPORTED_TREATMENT,0,MASS_BALANCE_NI_MINUS_FN_MINUS_UN,DIRECT_INITIAL_BW_EXISTING,1,INCLUDED_IN_906_MAIN,,,AIA_906_V1_20260806
V44_5aef3942f8a7,V39_41,Hellwing2007_BPMPig,DietMainEffect,P4,growing-finishing,51.2,1.856625,64.69477,16.460799,20.288892,27.945079000000003,21.7783511748,6.4277390707,13.3834658079,4.3256666951,51.4593722557,19.0419999019,,,,,confirmation,Historical Study_ID,0,36.749691,34.84536187975493,0.03626220703125,1.2635697265625,1.1437008343134678,1.627257953014283,,,,,,,,,64.69477,16.460799,20.288892,27.945079000000003,36.749691,21.7783511748,6.4277390707,13.3834658079,4.3256666951,51.4593722557,19.0419999019,1,1,1,0,1,100.0,1,INCLUDED,,0,STRUCTURED_FROM_REPORTED_TREATMENT,0,MASS_BALANCE_NI_MINUS_FN_MINUS_UN,DIRECT_INITIAL_BW_EXISTING,1,INCLUDED_IN_906_MAIN,,,AIA_906_V1_20260806
V44_363bec9ef314,V39_65,GeicsnekKoltay2022_Agriculture,BW80_110,TD_T3,finishing,91.75,3.344313453536755,77.16,12.92,23.37,40.86999999999999,14.42,3.49,13.5371794067,4.5726036798,59.5674288841,18.0832694913,,,,,development,Historical Study_ID,1,36.29,23.072,0.0364502828723352,0.8409809264305177,0.797422170085867,1.0652145152824866,,,,,,,,,77.16,12.92,23.37,40.86999999999999,36.29,14.42,3.49,13.5371794067,4.5726036798,59.5674288841,18.0832694913,1,1,1,1,1,100.0,1,INCLUDED,,0,DIRECT_APPENDIX_EXACT_MAJOR_PLUS_RESIDUAL,1,MASS_BALANCE_NI_MINUS_FN_MINUS_UN,DIRECT_INITIAL_BW_EXISTING,1,INCLUDED_IN_906_MAIN,,,AIA_906_V1_20260806
V44_08d7412f763e,V39_66,GeicsnekKoltay2022_Agriculture,BW80_110,HLW_C,finishing,93.24,3.1707506203473943,81.78,19.01,23.97,38.8,16.12,3.36,12.0950156638,4.3785221033,55.2410312265,18.2890196387,,,,,development,Historical Study_ID,1,42.98,25.792,0.0340063344095602,0.8770913770913772,0.8814031762473313,1.3327804153446987,,,,,,,,,81.78,19.01,23.97,38.8,42.98,16.12,3.36,12.0950156638,4.3785221033,55.2410312265,18.2890196387,1,1,1,1,1,100.0,1,INCLUDED,,0,DIRECT_APPENDIX_EXACT_MAJOR_PLUS_RESIDUAL,1,MASS_BALANCE_NI_MINUS_FN_MINUS_UN,DIRECT_INITIAL_BW_EXISTING,1,INCLUDED_IN_906_MAIN,,,AIA_906_V1_20260806
V44_f741ad4349ab,V39_67,GeicsnekKoltay2022_Agriculture,BW80_110,HLW_T1.5,finishing,89.48,2.236864406779661,52.79,8.3,13.71,30.779999999999998,14.75,3.76,12.3762180565,4.343111173,57.6640376034,18.2355965586,,,,,development,Historical Study_ID,1,22.01,23.6,0.0249984846533265,0.5899642378185069,0.8088575524579603,1.1918018842802536,,,,,,,,,52.79,8.3,13.71,30.779999999999998,22.01,14.75,3.76,12.3762180565,4.343111173,57.6640376034,18.2355965586,1,1,1,1,1,100.0,1,INCLUDED,,0,DIRECT_APPENDIX_EXACT_MAJOR_PLUS_RESIDUAL,1,MASS_BALANCE_NI_MINUS_FN_MINUS_UN,DIRECT_INITIAL_BW_EXISTING,1,INCLUDED_IN_906_MAIN,,,AIA_906_V1_20260806
V44_a1ad26e9fbce,V39_68,GeicsnekKoltay2022_Agriculture,BW80_110,HLW_T3,finishing,88.84,2.198817442719882,47.6,7.55,15.67,24.380000000000003,13.53,4.22,12.7902804409,4.3456476155,60.0443816508,18.1693163342,,,,,development,Historical Study_ID,1,23.22,21.648,0.0247503089004939,0.5357946870778928,0.7446620308179982,1.0578345066410404,,,,,,,,,47.6,7.55,15.67,24.380000000000003,23.22,13.53,4.22,12.7902804409,4.3456476155,60.0443816508,18.1693163342,1,1,1,1,1,100.0,1,INCLUDED,,0,DIRECT_APPENDIX_EXACT_MAJOR_PLUS_RESIDUAL,1,MASS_BALANCE_NI_MINUS_FN_MINUS_UN,DIRECT_INITIAL_BW_EXISTING,1,INCLUDED_IN_906_MAIN,,,AIA_906_V1_20260806
V44_78d702b50bb1,V39_81,GeicsnekKoltay2022_Agriculture,BW20_30,TD_C,nursery,26.7,1.1857662573897227,41.72,6.4,16.19,19.13,21.99,4.73,9.8274772696,3.8315586645,48.5748502189,18.7641072061,,,,,development,Historical Study_ID,1,22.590000000000003,35.184,0.0444107212505514,1.5625468164794007,1.171918267065288,2.237603750865256,,,,,,,,,41.72,6.4,16.19,19.13,22.590000000000003,21.99,4.73,9.8274772696,3.8315586645,48.5748502189,18.7641072061,1,1,1,1,1,100.0,1,INCLUDED,,0,PRIMARY_TABLE_PARTIAL_MAJOR_PLUS_RESIDUAL,0,MASS_BALANCE_NI_MINUS_FN_MINUS_UN,DIRECT_INITIAL_BW_EXISTING,1,INCLUDED_IN_906_MAIN,,,AIA_906_V1_20260806
V44_c5ad6a7ea17c,V39_82,GeicsnekKoltay2022_Agriculture,BW20_30,TD_T1.5,nursery,26.55,1.1670644391408114,39.12,5.68,13.68,19.76,20.95,5.5,9.8055911841,3.6872419914,51.3612422466,18.7640958143,,,,,development,Historical Study_ID,1,19.36,33.52,0.0439572293461699,1.4734463276836156,1.1164939791041857,2.136536146231644,,,,,,,,,39.12,5.68,13.68,19.76,19.36,20.95,5.5,9.8055911841,3.6872419914,51.3612422466,18.7640958143,1,1,1,1,1,100.0,1,INCLUDED,,0,PRIMARY_TABLE_PARTIAL_MAJOR_PLUS_RESIDUAL,0,MASS_BALANCE_NI_MINUS_FN_MINUS_UN,DIRECT_INITIAL_BW_EXISTING,1,INCLUDED_IN_906_MAIN,,,AIA_906_V1_20260806
V44_3d5bc674eb74,V39_83,GeicsnekKoltay2022_Agriculture,BW20_30,TD_T3,nursery,26.75,1.1855263157894738,36.04,5.72,14.28,16.04,19.0,5.93,9.6897623707,3.5270879508,54.0969370981,18.7070018451,,,,,development,Historical Study_ID,1,20.0,30.4,0.0443187407771765,1.3472897196261682,1.0156624860213368,1.9608323995077928,,,,,,,,,36.04,5.72,14.28,16.04,20.0,19.0,5.93,9.6897623707,3.5270879508,54.0969370981,18.7070018451,1,1,1,1,1,102.8,1,INCLUDED,,0,PRIMARY_TABLE_PARTIAL_MAJOR_PLUS_RESIDUAL,0,MASS_BALANCE_NI_MINUS_FN_MINUS_UN,DIRECT_INITIAL_BW_EXISTING,1,INCLUDED_IN_906_MAIN,,,AIA_906_V1_20260806
V44_ef89b2a1b689,V39_84,GeicsnekKoltay2022_Agriculture,BW20_30,HLW_C,nursery,27.63,1.3007694248234107,41.25,5.88,8.88,26.489999999999995,19.82,4.5,9.9388878177,3.7559198608,51.2261201191,18.6493619177,,,,,development,Historical Study_ID,1,14.760000000000002,31.712,0.0470781550786612,1.492942453854506,1.0627709455940664,1.994186911407018,,,,,,,,,41.25,5.88,8.88,26.489999999999995,14.760000000000002,19.82,4.5,9.9388878177,3.7559198608,51.2261201191,18.6493619177,1,1,1,1,1,100.0,1,INCLUDED,,0,PRIMARY_TABLE_PARTIAL_MAJOR_PLUS_RESIDUAL,0,MASS_BALANCE_NI_MINUS_FN_MINUS_UN,DIRECT_INITIAL_BW_EXISTING,1,INCLUDED_IN_906_MAIN,,,AIA_906_V1_20260806
V44_c71ed9d826a9,V39_85,GeicsnekKoltay2022_Agriculture,BW20_30,HLW_T1.5,nursery,27.27,1.4145287228109311,40.58,4.62,5.5,30.46,17.93,5.04,10.0932284909,3.8319001387,51.4421054986,18.5651738177,,,,,development,Historical Study_ID,1,10.12,28.68800000000001,0.0518712402937635,1.488082141547488,0.9657868100812272,1.7764385316517497,,,,,,,,,40.58,4.62,5.5,30.46,10.12,17.93,5.04,10.0932284909,3.8319001387,51.4421054986,18.5651738177,1,1,1,1,1,100.0,1,INCLUDED,,0,PRIMARY_TABLE_PARTIAL_MAJOR_PLUS_RESIDUAL,0,MASS_BALANCE_NI_MINUS_FN_MINUS_UN,DIRECT_INITIAL_BW_EXISTING,1,INCLUDED_IN_906_MAIN,,,AIA_906_V1_20260806
V44_96c3c8d3e673,V39_86,GeicsnekKoltay2022_Agriculture,BW20_30,HLW_T3,nursery,26.67,1.153439951719976,30.58,4.86,3.77,21.95,16.57,5.46,9.862465693,3.6472964303,53.8288726809,18.5008015362,,,,,development,Historical Study_ID,1,8.63,26.511999999999997,0.0432485921154846,1.1466066741657293,0.8956368710608534,1.6801072384729054,,,,,,,,,30.58,4.86,3.77,21.95,8.63,16.57,5.46,9.862465693,3.6472964303,53.8288726809,18.5008015362,1,1,1,1,1,102.9,1,INCLUDED,,0,PRIMARY_TABLE_PARTIAL_MAJOR_PLUS_RESIDUAL,0,MASS_BALANCE_NI_MINUS_FN_MINUS_UN,DIRECT_INITIAL_BW_EXISTING,1,INCLUDED_IN_906_MAIN,,,AIA_906_V1_20260806
V44_745346950404,V39_133,Zhang2020_Animals_Temperature,Trial1_BW25,29C,growing,28.8,1.16,36.8,4.6,6.0,26.2,19.8659217877,3.229050279329609,9.6545753798,3.6502446776,56.0762969851,18.30167597765363,,,,,development,Historical Study_ID,0,10.6,31.724137931034484,0.0402777777777777,1.2777777777777777,1.0854700854695665,2.05766913677684,,,,,,,,,36.8,4.6,6.0,26.2,10.6,19.8659217877,3.229050279329609,9.6545753798,3.6502446776,56.0762969851,18.30167597765363,1,1,1,0,1,100.0,1,INCLUDED,,0,DIRECT_PRIMARY_TABLE_EXACT,1,MASS_BALANCE_NI_MINUS_FN_MINUS_UN,DIRECT_INITIAL_BW_EXISTING,1,INCLUDED_IN_906_MAIN,,,AIA_906_V1_20260806
V44_f4b4d5c6f38a,V39_134,Zhang2020_Animals_Temperature,Trial1_BW25,32C,growing,28.7,0.99,31.6,4.8,3.8,23.0,19.8659217877,3.229050279329609,9.6545753798,3.6502446776,56.0762969851,18.30167597765363,,,,,development,Historical Study_ID,0,8.6,31.91919191919192,0.0344947735191637,1.1010452961672474,1.0854700854695665,2.05766913677684,,,,,,,,,31.6,4.8,3.8,23.0,8.6,19.8659217877,3.229050279329609,9.6545753798,3.6502446776,56.0762969851,18.30167597765363,1,1,1,0,1,100.0,1,INCLUDED,,0,DIRECT_PRIMARY_TABLE_EXACT,1,MASS_BALANCE_NI_MINUS_FN_MINUS_UN,DIRECT_INITIAL_BW_EXISTING,1,INCLUDED_IN_906_MAIN,,,AIA_906_V1_20260806
V44_c131f2e81d26,V39_178,GeicsnekKoltay2022_Agriculture,BW40_80,TD_C,growing-finishing,61.92,2.709122902003249,80.06,11.57,30.54,37.95000000000001,18.47,3.39,11.2947864278,4.321435769,50.7903955905,18.3078110448,,,,,development,Historical Study_ID,1,42.11,29.552,0.0437519848514736,1.2929586563307494,1.0088590031218432,1.6352677510164828,,,,,,,,,80.06,11.57,30.54,37.95000000000001,42.11,18.47,3.39,11.2947864278,4.321435769,50.7903955905,18.3078110448,1,1,1,1,1,100.0,1,INCLUDED,,0,DIRECT_APPENDIX_EXACT_MAJOR_PLUS_RESIDUAL,1,MASS_BALANCE_NI_MINUS_FN_MINUS_UN,DIRECT_INITIAL_BW_EXISTING,1,INCLUDED_IN_906_MAIN,,,AIA_906_V1_20260806
V44_c0d88a876dfd,V39_179,GeicsnekKoltay2022_Agriculture,BW40_80,TD_T1.5,growing-finishing,61.43,2.6837581505631296,72.44,13.8,19.47,39.17,16.87,3.95,12.279194998,4.4899666189,52.7493885365,18.2850870172,,,,,development,Historical Study_ID,1,33.27,26.992,0.043688070170326,1.179228390037441,0.9226097739721508,1.373868564083211,,,,,,,,,72.44,13.8,19.47,39.17,33.27,16.87,3.95,12.279194998,4.4899666189,52.7493885365,18.2850870172,1,1,1,1,1,100.0,1,INCLUDED,,0,DIRECT_APPENDIX_EXACT_MAJOR_PLUS_RESIDUAL,1,MASS_BALANCE_NI_MINUS_FN_MINUS_UN,DIRECT_INITIAL_BW_EXISTING,1,INCLUDED_IN_906_MAIN,,,AIA_906_V1_20260806
V44_638302669536,V39_180,GeicsnekKoltay2022_Agriculture,BW40_80,TD_T3,growing-finishing,61.57,2.2547731045932484,65.19,10.06,17.91,37.22,18.07,3.98,12.4174873286,4.4020184584,55.466998294,18.2316201245,,,,,development,Historical Study_ID,1,27.97,28.912,0.0366212945361904,1.0587948676303394,0.9911351748557544,1.455205833661784,,,,,,,,,65.19,10.06,17.91,37.22,27.97,18.07,3.98,12.4174873286,4.4020184584,55.466998294,18.2316201245,1,1,1,1,1,100.0,1,INCLUDED,,0,DIRECT_APPENDIX_EXACT_MAJOR_PLUS_RESIDUAL,1,MASS_BALANCE_NI_MINUS_FN_MINUS_UN,DIRECT_INITIAL_BW_EXISTING,1,INCLUDED_IN_906_MAIN,,,AIA_906_V1_20260806
V44_8b684152dfa1,V39_181,GeicsnekKoltay2022_Agriculture,BW40_80,HLW_C,growing-finishing,63.6,2.202914798206278,62.88,10.27,14.32,38.29,17.84,3.64,11.3766311968,4.2734577776,52.7129206061,18.3210833303,,,,,development,Historical Study_ID,1,24.59,28.544000000000004,0.0346370251290295,0.9886792452830188,0.9737415456484296,1.5681267759666857,,,,,,,,,62.88,10.27,14.32,38.29,24.59,17.84,3.64,11.3766311968,4.2734577776,52.7129206061,18.3210833303,1,1,1,1,1,100.0,1,INCLUDED,,0,DIRECT_APPENDIX_EXACT_MAJOR_PLUS_RESIDUAL,1,MASS_BALANCE_NI_MINUS_FN_MINUS_UN,DIRECT_INITIAL_BW_EXISTING,1,INCLUDED_IN_906_MAIN,,,AIA_906_V1_20260806
V44_22c0fc2b4f41,V39_192,GeicsnekKoltay2022_Agriculture,BW40_80,HLW_T1.5,growing-finishing,60.7,1.8580645161290323,46.08,5.19,9.3,31.59,15.5,3.87,12.2671186197,4.4215520643,54.5117292586,18.3012912945,,,,,development,Historical Study_ID,1,14.490000000000002,24.8,0.0306106180581389,0.7591433278418451,0.8469347736494496,1.2635404026425778,,,,,,,,,46.08,5.19,9.3,31.59,14.490000000000002,15.5,3.87,12.2671186197,4.4215520643,54.5117292586,18.3012912945,1,1,1,1,1,100.0,1,INCLUDED,,0,DIRECT_APPENDIX_EXACT_MAJOR_PLUS_RESIDUAL,1,MASS_BALANCE_NI_MINUS_FN_MINUS_UN,DIRECT_INITIAL_BW_EXISTING,1,INCLUDED_IN_906_MAIN,,,AIA_906_V1_20260806
V44_79d5098d3975,V39_193,GeicsnekKoltay2022_Agriculture,BW40_80,HLW_T3,growing-finishing,59.9,2.2245322245322243,51.36,8.27,9.3,33.790000000000006,14.43,4.31,12.235709017,4.2916142976,57.0932083501,18.2585723478,,,,,development,Historical Study_ID,1,17.57,23.088,0.0371374327968651,0.8574290484140233,0.7903137071797779,1.179335008698826,,,,,,,,,51.36,8.27,9.3,33.790000000000006,17.57,14.43,4.31,12.235709017,4.2916142976,57.0932083501,18.2585723478,1,1,1,1,1,100.0,1,INCLUDED,,0,DIRECT_APPENDIX_EXACT_MAJOR_PLUS_RESIDUAL,1,MASS_BALANCE_NI_MINUS_FN_MINUS_UN,DIRECT_INITIAL_BW_EXISTING,1,INCLUDED_IN_906_MAIN,,,AIA_906_V1_20260806
V44_042502bb6ccd,V39_202,Zhang2020_Animals_Temperature,Trial2_BW65,18C,growing-finishing,69.6,2.29,72.7,11.2,21.1,40.4,18.0803571429,2.868303571428572,9.6836581635,3.5756925184,58.3686386584,18.604910714285715,,,,,development,Historical Study_ID,0,32.3,31.746724890829697,0.0329022988505747,1.0445402298850577,0.971805638874529,1.8670998952698623,,,,,,,,,72.7,11.2,21.1,40.4,32.3,18.0803571429,2.868303571428572,9.6836581635,3.5756925184,58.3686386584,18.604910714285715,1,1,1,0,1,100.0,1,INCLUDED,,0,DIRECT_PRIMARY_TABLE_EXACT,1,MASS_BALANCE_NI_MINUS_FN_MINUS_UN,DIRECT_INITIAL_BW_EXISTING,1,INCLUDED_IN_906_MAIN,,,AIA_906_V1_20260806
V44_9d372ab1b7ba,V39_203,Zhang2020_Animals_Temperature,Trial2_BW65,23C,growing-finishing,67.0,2.28,72.5,8.9,12.3,51.3,18.0803571429,2.868303571428572,9.6836581635,3.5756925184,58.3686386584,18.604910714285715,,,,,development,Historical Study_ID,0,21.200000000000003,31.79824561403509,0.0340298507462686,1.082089552238806,0.971805638874529,1.8670998952698623,,,,,,,,,72.5,8.9,12.3,51.3,21.200000000000003,18.0803571429,2.868303571428572,9.6836581635,3.5756925184,58.3686386584,18.604910714285715,1,1,1,0,1,100.0,1,INCLUDED,,0,DIRECT_PRIMARY_TABLE_EXACT,1,MASS_BALANCE_NI_MINUS_FN_MINUS_UN,DIRECT_INITIAL_BW_EXISTING,1,INCLUDED_IN_906_MAIN,,,AIA_906_V1_20260806
V44_57c55c79219f,V39_204,Zhang2020_Animals_Temperature,Trial2_BW65,27C,growing-finishing,69.2,1.71,54.3,6.9,12.2,35.2,18.0803571429,2.868303571428572,9.6836581635,3.5756925184,58.3686386584,18.604910714285715,,,,,development,Historical Study_ID,0,19.1,31.75438596491228,0.0247109826589595,0.7846820809248554,0.971805638874529,1.8670998952698623,,,,,,,,,54.3,6.9,12.2,35.2,19.1,18.0803571429,2.868303571428572,9.6836581635,3.5756925184,58.3686386584,18.604910714285715,1,1,1,0,1,100.0,1,INCLUDED,,0,DIRECT_PRIMARY_TABLE_EXACT,1,MASS_BALANCE_NI_MINUS_FN_MINUS_UN,DIRECT_INITIAL_BW_EXISTING,1,INCLUDED_IN_906_MAIN,,,AIA_906_V1_20260806
V44_4bcfe2acd25e,V39_205,Zhang2020_Animals_Temperature,Trial2_BW65,32C,growing-finishing,70.8,1.22,38.8,5.0,6.5,27.3,18.0803571429,2.868303571428572,9.6836581635,3.5756925184,58.3686386584,18.604910714285715,,,,,development,Historical Study_ID,0,11.5,31.80327868852459,0.017231638418079,0.5480225988700564,0.971805638874529,1.8670998952698623,,,,,,,,,38.8,5.0,6.5,27.3,11.5,18.0803571429,2.868303571428572,9.6836581635,3.5756925184,58.3686386584,18.604910714285715,1,1,1,0,1,100.0,1,INCLUDED,,0,DIRECT_PRIMARY_TABLE_EXACT,1,MASS_BALANCE_NI_MINUS_FN_MINUS_UN,DIRECT_INITIAL_BW_EXISTING,1,INCLUDED_IN_906_MAIN,,,AIA_906_V1_20260806
V44_495f19ece4db,V39_221,Mihaila2023_Agriculture,MealReplacement,SM,Finishing,65.0,2.216,76.96,8.73,33.34,34.889999999999986,17.6163450624,4.404086265607265,15.83427922814983,6.526674233825199,49.16567577078021,17.876841209572884,,,,,development,Historical Study_ID,0,42.07000000000001,34.729241877256314,0.0340923076923076,1.184,0.9854282899244308,1.1125448028655485,,,,,,,,,76.96,8.73,33.34,34.889999999999986,42.07000000000001,17.6163450624,4.404086265607265,15.83427922814983,6.526674233825199,49.16567577078021,17.876841209572884,1,1,1,0,1,100.0,1,INCLUDED,,0,DIRECT_PRIMARY_TABLE_EXACT,1,MASS_BALANCE_NI_MINUS_FN_MINUS_UN,DIRECT_INITIAL_BW_EXISTING,1,INCLUDED_IN_906_MAIN,,,AIA_906_V1_20260806
V44_3828ad1ec57f,V39_222,Mihaila2023_Agriculture,MealReplacement,GM50,Finishing,65.0,2.078,74.84,7.08,33.27,34.49,17.1882086168,4.523809523809524,17.346938775510203,7.142857142857142,51.32866093494573,17.869077397247633,,,,,development,Historical Study_ID,0,40.35,36.01539942252166,0.0319692307692307,1.1513846153846157,0.9618968139590404,0.9908496732037648,,,,,,,,,74.84,7.08,33.27,34.49,40.35,17.1882086168,4.523809523809524,17.346938775510203,7.142857142857142,51.32866093494573,17.869077397247633,1,1,1,0,1,100.0,1,INCLUDED,,0,DIRECT_PRIMARY_TABLE_EXACT,1,MASS_BALANCE_NI_MINUS_FN_MINUS_UN,DIRECT_INITIAL_BW_EXISTING,1,INCLUDED_IN_906_MAIN,,,AIA_906_V1_20260806
V44_0afd884a1743,V39_223,Mihaila2023_Agriculture,MealReplacement,GM100,Finishing,65.0,1.929,72.21,6.86,29.86,35.489999999999995,17.6557191393,4.586636466591166,19.04869762174405,7.984144960362401,51.86047744498124,17.89891362736664,,,,,development,Historical Study_ID,0,36.72,37.433903576982885,0.029676923076923,1.110923076923077,0.986412891132409,0.9268727705114091,,,,,,,,,72.21,6.86,29.86,35.489999999999995,36.72,17.6557191393,4.586636466591166,19.04869762174405,7.984144960362401,51.86047744498124,17.89891362736664,1,1,1,0,1,100.0,1,INCLUDED,,0,DIRECT_PRIMARY_TABLE_EXACT,1,MASS_BALANCE_NI_MINUS_FN_MINUS_UN,DIRECT_INITIAL_BW_EXISTING,1,INCLUDED_IN_906_MAIN,,,AIA_906_V1_20260806
V44_d05cbe2ad9c8,V39_897,Yang2023_JAS,ProteinSource,CSBM,Growing,59.9,1.7565808079999996,54.89,7.36,15.93,31.6,20.4824052706,2.991621208695342,8.124306001184546,4.00493957804872,56.98065545527696,18.52257348720845,,,,,development,Historical Study_ID,0,23.29,31.248206601150574,0.0293252221702838,0.9163606010016696,1.1058077477595103,2.521126760564362,,,,,,,,,54.89,7.36,15.93,31.6,23.29,20.4824052706,2.991621208695342,8.124306001184546,4.00493957804872,56.98065545527696,18.52257348720845,1,1,1,0,1,100.0,1,INCLUDED,,0,DIRECT_PRIMARY_TABLE_EXACT,1,MASS_BALANCE_NI_MINUS_FN_MINUS_UN,DIRECT_INITIAL_BW_EXISTING,1,INCLUDED_IN_906_MAIN,,,AIA_906_V1_20260806
V44_79e52f2d5ca2,V39_898,Yang2023_JAS,ProteinSource,LP,Growing,59.9,1.6779111200000003,40.35,6.33,9.21,24.81,15.7582840264,1.684088964140127,7.936653998693327,3.4507191298666635,66.88724430171249,17.87433355111205,,,,,development,Historical Study_ID,0,15.54,24.04775766668737,0.0280118717863105,0.6736227045075126,0.8816151931672777,1.9855072463779333,,,,,,,,,40.35,6.33,9.21,24.81,15.54,15.7582840264,1.684088964140127,7.936653998693327,3.4507191298666635,66.88724430171249,17.87433355111205,1,1,1,0,1,100.0,1,INCLUDED,,0,DIRECT_PRIMARY_TABLE_EXACT,1,MASS_BALANCE_NI_MINUS_FN_MINUS_UN,DIRECT_INITIAL_BW_EXISTING,1,INCLUDED_IN_906_MAIN,,,AIA_906_V1_20260806
V44_1ca155c7d7cc,V39_951,Yang2023_JAS,ProteinSource,DDGS,Growing,59.9,1.69010946,48.26,9.48,12.12,26.660000000000004,17.8834570869,5.771441572784286,14.999028524460185,6.345742837271617,51.99733986460261,18.76583475131841,,,,,development,Historical Study_ID,0,21.6,28.55436357358771,0.0282155168614357,0.8056761268781302,0.9529795675965644,1.1923076923106009,,,,,,,,,48.26,9.48,12.12,26.660000000000004,21.6,17.8834570869,5.771441572784286,14.999028524460185,6.345742837271617,51.99733986460261,18.76583475131841,1,1,1,0,1,100.0,1,INCLUDED,,0,DIRECT_PRIMARY_TABLE_EXACT,1,MASS_BALANCE_NI_MINUS_FN_MINUS_UN,DIRECT_INITIAL_BW_EXISTING,1,INCLUDED_IN_906_MAIN,,,AIA_906_V1_20260806
V44_ebf3a8c8c64b,V39_952,Yang2023_JAS,ProteinSource,DDGS_IVT,Growing,59.9,1.6820940720000002,49.19,9.11,11.96,28.12,17.9918593756,5.764222680168865,14.99321614635593,6.343283754227509,51.78204753818311,18.71476218221878,,,,,development,Historical Study_ID,0,21.07,29.24331095318193,0.0280817040400667,0.8212020033388981,0.9613725892116534,1.1999999999981914,,,,,,,,,49.19,9.11,11.96,28.12,21.07,17.9918593756,5.764222680168865,14.99321614635593,6.343283754227509,51.78204753818311,18.71476218221878,1,1,1,0,1,100.0,1,INCLUDED,,0,DIRECT_PRIMARY_TABLE_EXACT,1,MASS_BALANCE_NI_MINUS_FN_MINUS_UN,DIRECT_INITIAL_BW_EXISTING,1,INCLUDED_IN_906_MAIN,,,AIA_906_V1_20260806
V44_577e86e1da4f,V39_224,deQuelen2024_JAS,Diet_main_effect,Control,Growing,31.0,1.94,50.8,6.9,13.0,30.9,16.7042889391,2.404063205417607,14.89841986455982,5.080622868405651,52.96904448515479,17.934537246049665,,,,,development,Historical Study_ID,0,19.9,26.18556701030928,0.0625806451612903,1.6387096774193548,0.9314033983664316,1.1212121212153483,,,,,,,,,50.8,6.9,13.0,30.9,19.9,16.7042889391,2.404063205417607,14.89841986455982,5.080622868405651,52.96904448515479,17.934537246049665,1,1,1,0,1,100.0,1,INCLUDED,,0,DIRECT_PRIMARY_TABLE_EXACT,1,MASS_BALANCE_NI_MINUS_FN_MINUS_UN,DIRECT_INITIAL_BW,1,INCLUDED_IN_906_MAIN,,,AIA_906_V1_20260806
V44_3b40f8d57795,V39_225,deQuelen2024_JAS,Diet_main_effect,Eco,Growing,31.0,1.9,49.7,9.8,11.6,28.300000000000004,17.0814479638,4.581447963800905,15.83710407239819,6.781044934272893,46.5937938604082,18.4841628959276,,,,,development,Historical Study_ID,0,21.4,26.15789473684211,0.0612903225806451,1.603225806451613,0.9241126070990944,1.0785714285713712,,,,,,,,,49.7,9.8,11.6,28.300000000000004,21.4,17.0814479638,4.581447963800905,15.83710407239819,6.781044934272893,46.5937938604082,18.4841628959276,1,1,1,0,1,100.0,1,INCLUDED,,0,DIRECT_PRIMARY_TABLE_EXACT,1,MASS_BALANCE_NI_MINUS_FN_MINUS_UN,DIRECT_INITIAL_BW,1,INCLUDED_IN_906_MAIN,,,AIA_906_V1_20260806
