Endpoint,Index,Record_ID,Study_ID,Observed,Pred_20260524,Pred_20260617,Pred_20260731,Predicted
FN,0,V44_0af1ffb33304,Antongiovanni2007_IJAS,10.446,11.108579060094565,11.204021733505,11.249683664285367,11.187428152628309
FN,1,V44_d06f71a3aef3,Antongiovanni2007_IJAS,15.468,11.998861103236823,12.133171556565948,12.14108718607035,12.091039948624376
FN,2,V44_ea5f4d136df5,Antongiovanni2007_IJAS,18.005,11.809012885782074,12.000674979419587,12.039023094447256,11.949570319882971
FN,3,V44_c147ad2cb0cf,Deng2007_LivSci,5.32,4.832889476892791,4.924370099022972,4.898270680247334,4.885176752054366
FN,4,V44_f41d1254fe6c,Deng2007_LivSci,5.55,5.015155060081445,5.164352214463438,5.088153069938207,5.089220114827697
FN,5,V44_b5b70d4e1167,Deng2007_LivSci,5.6,5.172936005016065,5.3608850763518285,5.242469408319633,5.2587634965625085
FN,6,V44_857bc6e1be7e,Deng2007_LivSci,5.96,5.4420316012821175,5.575486175188156,5.483244240596988,5.500254005689087
FN,7,V44_0210e134f840,Deng2007_LivSci,6.44,5.832939377429692,5.886323219173347,5.846442859744744,5.855235152115927
FN,8,V44_938a6c63f57e,GarciaValverde2007_LivSci,8.1374,3.562648267683405,3.3082732319024992,3.3393537745646715,3.403425091383525
FN,9,V44_e624971cc339,GarciaValverde2007_LivSci,7.6635,3.611378687484446,3.3177746783829414,3.368949139464233,3.43270083511054
FN,10,V44_698ed1bda6d6,GarciaValverde2007_LivSci,5.0244,10.361191078113505,10.29838763908752,11.78417890463924,10.814585873946754
FN,11,V44_27ae9ea96c00,GarciaValverde2007_LivSci,6.6928,9.369368536295683,9.112374869704656,9.78237778272467,9.421373729575004
FN,12,V44_4a01b313d0d1,Htoo2007_LPHB,3.27,4.431013480991233,4.316909432108002,4.582906926675207,4.44360994659148
FN,13,V44_cbfa33914708,Htoo2007_LPHB,3.62,4.6559427104571,4.482652461852421,4.70536242864693,4.6146525336521504
FN,14,V44_8b6c8f7e8935,Htoo2007_LPHB,3.14,4.708252450845053,4.545950818333947,4.822298937397946,4.692167402192315
FN,15,V44_c7736de05ce3,Htoo2007_LPHB,3.21,5.130124803815677,4.965955836201237,5.188602670117312,5.094894436711409
FN,16,V44_c16025c3ec6c,Li2007_LivSci,2.76,3.0644123891580564,3.0560066351706703,2.9915266699544385,3.0373152314277214
FN,17,V44_129ef2062177,Li2007_LivSci,2.78,3.1411685651933885,3.144540073575216,3.050618119194656,3.1121089193210865
FN,18,V44_be357172baca,Li2007_LivSci,5.2,2.4129889417579515,2.350470191856009,2.245575614336857,2.336344915983606
FN,19,V44_d63fb338451a,Li2007_LivSci,2.67,3.045737673600223,3.0357012152190093,2.969440139804966,3.016959676208066
FN,20,V44_14b665d5f504,Liu2007_AJAS,3.27,3.9740300429697504,3.9528786543448784,3.752261220206605,3.8930566391737442
FN,21,V44_58fa123c75c8,Liu2007_AJAS,3.473,3.973478408863386,3.946014090936469,3.736778429723026,3.8854236431742937
FN,22,V44_7c6a1048c9ed,Liu2007_AJAS,3.163,3.9676235502857065,3.94239175861258,3.736930037054969,3.882315115317752
FN,23,V44_f85e307ec6ed,Liu2007_AJAS,3.023,3.981993542952833,3.941669024803024,3.727895106398864,3.8838525580515735
FN,24,V44_160e652d923d,Liu2007_AJAS,3.433,3.965102753519324,3.943365077683645,3.7379161344582967,3.8821279885537554
FN,25,V44_4937ab380168,Liu2007_AJAS,3.123,3.96757698517661,3.937122537500001,3.728171681488706,3.8776237347217717
FN,26,V44_04ea431f50f9,Liu2007_AJAS,2.983,3.961457246931839,3.930500329240794,3.723220186027496,3.8717259207333767
FN,27,V44_f2fe030f8106,Lynch2007_Animal_InulinCP,5.19,6.751802558986902,6.83601493755404,6.828003287899478,6.805273594813474
FN,28,V44_fc30d2159256,Lynch2007_Animal_InulinCP,6.32,6.300309867813755,6.272319461061834,6.326348288976551,6.2996592059507135
FN,29,V44_6c5c47940a08,Lynch2007_Animal_InulinCP,7.26,7.883801283672396,7.89481087124116,8.155351303975326,7.977987819629628
FN,30,V44_239defa8fa3e,Lynch2007_Animal_InulinCP,9.64,7.797729215852254,7.807829056458238,8.061626067654643,7.889061446655045
FN,31,V44_b4e13c0ab937,Paiano2008_RBZ_ThrLysRatio,4.37,4.4548654347947405,4.29900154087985,4.449887543899727,4.401251506524773
FN,32,V44_7a05270e8d47,Paiano2008_RBZ_ThrLysRatio,4.31,4.443317101989012,4.2886434497140655,4.4399170926702896,4.390625881457789
FN,33,V44_8bfd38b6ecbd,Paiano2008_RBZ_ThrLysRatio,3.85,4.352834532778307,4.203625430050725,4.360801230268646,4.30575373103256
FN,34,V44_dfada554bc48,Paiano2008_RBZ_ThrLysRatio,4.15,4.478864087561779,4.32165949856902,4.4707986464074265,4.423774077512742
FN,35,V44_b76e49e29b49,Paiano2008_RBZ_ThrLysRatio,4.16,4.206588931863072,4.062191588629212,4.2270150260303545,4.165265182174213
FN,36,V44_19158ad5007c,Qiao2008_AJAS_MetCysRatio,3.56,4.122327565637866,4.179173807479184,4.203780119915351,4.168427164344133
FN,37,V44_3f35e82e9c5e,Qiao2008_AJAS_MetCysRatio,3.54,4.284252257727726,4.304631725648872,4.344416361706319,4.311100115027639
FN,38,V44_921033fd30a7,Qiao2008_AJAS_MetCysRatio,3.43,4.215653907024215,4.251012469552341,4.287950009399944,4.251538795325501
FN,39,V44_d80151588345,Qiao2008_AJAS_MetCysRatio,3.12,4.099970662368641,4.168749018234195,4.184599302873005,4.15110632782528
FN,40,V44_9f6d1040f56f,Qiao2008_AJAS_MetCysRatio,3.0,4.283635565285434,4.307981700357531,4.3435571865821485,4.311724817408371
FN,41,V44_aed90b010b75,Qiao2008_AJAS_MetCysRatio,3.19,4.281612473288245,4.306303108530903,4.342853768351834,4.310256450056994
FN,42,V44_5614ccb8e880,Qiao2008_AJAS_MetCysRatio,2.81,4.281047117269594,4.3143672960998725,4.352141182747091,4.315851865372186
FN,43,V44_560f68889cf4,Paiano2009_ABMVZ,5.05,4.86069989270034,4.811854392749709,4.792945601437106,4.821833295629051
FN,44,V44_8d0a362a3b98,Paiano2009_ABMVZ,4.97,4.9733390506581845,4.929125046407416,4.903151786590144,4.935205294551914
FN,45,V44_3c61d6e0c390,Paiano2009_ABMVZ,4.34,4.758267156910702,4.70682603114628,4.702447394817906,4.722513527624963
FN,46,V44_d16c5050c068,Paiano2009_ABMVZ,3.85,4.613980834737673,4.556416505418035,4.573058875409063,4.581152071854924
FN,47,V44_ca8e5af4be1e,Paiano2009_ABMVZ,5.1,4.836705433437759,4.786908489188242,4.7710872894815815,4.798233737369194
FN,48,V44_0acba1bab97b,Yoo2009_AJAS,0.88,1.7885436004221589,1.7819769072534417,1.739703219234439,1.7700745756366798
FN,49,V44_c5cfe70d21d1,Yoo2009_AJAS,0.87,1.7318476541530323,1.7341706819360043,1.689507556462596,1.7185086308505442
FN,50,V44_040132ac7fee,Yoo2009_AJAS,0.97,1.8114628013699023,1.8000534450553385,1.7581690400445416,1.7898950954899275
FN,51,V44_52b44bd88601,Yoo2009_AJAS,0.5,1.819889839150223,1.812133014764501,1.7640261983026804,1.7986830174058015
FN,52,V44_fca224ce264a,Galassi2010_AFST,7.82,9.414481241045785,9.785066088187516,9.937840363421197,9.712462564218166
FN,53,V44_03e62c535f95,Galassi2010_AFST,10.82,11.912804819450448,12.783392596572488,12.398154034470991,12.364783816831311
FN,54,V44_72ac0dcd7074,Galassi2010_AFST,9.8,10.515759715833823,11.236130183666326,11.061807741761896,10.937899213754015
FN,55,V44_d63add74c0af,Galassi2010_AFST,9.02,10.672190326750126,11.428315434583917,11.257405457139583,11.119303739491208
FN,56,V44_7011b5923c4e,Acciaioli2011_AFST,6.3,4.559470915111223,4.520041295663221,4.43060850821013,4.503373572994858
FN,57,V44_609ec11213ac,Acciaioli2011_AFST,6.6,5.482859476291788,5.583586104697882,5.41563131500817,5.494025631999279
FN,58,V44_503453a3c7d3,Acciaioli2011_AFST,6.8,6.476061595767582,6.707846164813123,6.477765817890772,6.553891192823826
FN,59,V44_37f02e3d6bd2,Acciaioli2011_AFST,6.0,3.9352107207001503,3.8818363321511775,3.706811949953905,3.8412863342684105
FN,60,V44_94a1aff246d9,Acciaioli2011_AFST,6.3,4.573361682338375,4.531920699379582,4.4433347053163015,4.516205695678086
FN,61,V44_a91fbc5e5279,Acciaioli2011_AFST,6.8,5.497965423205875,5.602069346220608,5.4295151600936,5.509849976506694
FN,62,V44_9c54a253b704,Acciaioli2011_AFST,7.3,6.5113028152126935,6.750511587542478,6.515012258018922,6.592275553591364
FN,63,V44_385340e7b59a,Acciaioli2011_AFST,5.9,3.9490087954070434,3.893728113207039,3.721399240500933,3.854712049705005
FN,64,V44_08ce94e7e7c9,Hernandez2011_Animal_LowCP,6.31,6.619946893634169,6.566160876080629,6.453886233421776,6.546664667712192
FN,65,V44_4ae274573a61,Hernandez2011_Animal_LowCP,6.38,6.598980497473799,6.536464038414898,6.435131754455125,6.523525430114607
FN,66,V44_c12af4c45317,Hernandez2011_Animal_LowCP,7.45,6.260121544512214,6.190156137956405,6.057466219879584,6.169247967449401
FN,67,V44_17f7219bd99e,Hernandez2011_Animal_LowCP,5.72,5.339053398457326,5.388832908518376,5.355574988755067,5.361153765243589
FN,68,V44_ea9f1f5bb58b,Hernandez2011_Animal_LowCP,5.01,4.982146470406144,5.001815201925947,4.891628231392957,4.9585299679083485
FN,69,V44_cdd89011e89b,Hernandez2011_Animal_LowCP,6.17,5.489437007154088,5.445601654205283,5.416645344450574,5.450561335269981
FN,70,V44_b0f9b92f7870,Liao2011_Boron_PDiet,4.99,5.7250482951304384,5.911428791018945,5.781355875483034,5.805944320544139
FN,71,V44_67fb5d211683,Liao2011_Boron_PDiet,5.16,5.746090191711578,5.932141867646568,5.804222591327992,5.827484883562046
FN,72,V44_b2a1bb45e828,Liao2011_Boron_PDiet,4.93,5.724910103840083,5.912320773227413,5.781843356721126,5.8063580779295405
FN,73,V44_b3c67d1dbcaa,Murphy2011_AFST,12.2,11.1455203788834,11.210524087667707,11.20861961557706,11.18822136070939
FN,74,V44_0eb428af2b79,Murphy2011_AFST,12.1,10.801609157250509,10.877737359811388,10.89393520296089,10.857760573340927
FN,75,V44_0ed97667dc8e,Murphy2011_AFST,11.1,11.525686038250171,11.642584536202406,11.637535216644796,11.601935263699124
FN,76,V44_580dee3b2d6e,Murphy2011_AFST,11.2,10.941034077896417,11.02063174888396,11.056671228997146,11.006112351925841
FN,77,V44_5778c44e2026,OShea2011_BetaGlucan,7.0,8.1835135228769,8.34456599159839,7.731631626382449,8.086570380285913
FN,78,V44_c59ad41ec29e,OShea2011_BetaGlucan,8.1,8.806746790733532,8.997003596388826,8.316093051750258,8.706614479624205
FN,79,V44_d03fbe92f9a2,OShea2011_BetaGlucan,7.1,7.186361995812945,7.359844424807468,6.776343756760364,7.107516725793592
FN,80,V44_f01b88cef240,OShea2011_BetaGlucan,5.5,7.383535236242361,7.605532661203884,6.98592952261964,7.324999140021961
FN,81,V44_786cc7020ce8,Osada2011_LowCP_GHG,10.3,8.926270371470748,8.672439927095324,8.894116793968971,8.830942364178348
FN,82,V44_e4ffc1edcb87,Osada2011_LowCP_GHG,9.8,7.403680662826336,7.112567746512216,7.201484719802133,7.239244376380228
FN,83,V44_33ab25cfc887,Varley2011_AAN,5.39,5.603028269137891,5.76200942465717,5.6941974325781874,5.6864117087910815
FN,84,V44_506378961d7f,Varley2011_AAN,6.15,6.263704819695629,6.183474217424994,6.480780662741046,6.30931989995389
FN,85,V44_1abb55bb6d13,Varley2011_AAN,5.2,6.053033378843631,6.126282061428166,6.324198608083152,6.167838016118316
FN,86,V44_dbae9ab0792c,Varley2011_AAN,6.34,6.042502142450837,6.133577127803623,6.32325600491721,6.166445091723889
FN,87,V44_253c6d3c5a89,Varley2011_P_PHY,5.446,4.3061792536086765,4.317445157458139,4.188155882863921,4.270593431310245
FN,88,V44_496d7f7f5dcb,Varley2011_P_PHY,5.191,4.319163899099715,4.33880946396916,4.222782947713684,4.29358543692752
FN,89,V44_69e30aedbe92,Varley2011_P_PHY,5.763,4.230571804552995,4.235140831642141,4.1345545636760335,4.200089066623723
FN,90,V44_2827901fd5f0,Blank2012_AAN,3.7,5.441873068902704,5.421643697812752,5.379442356912117,5.414319707875857
FN,91,V44_1a047f88589e,Blank2012_AAN,4.1,6.788249983901059,6.705229843740967,6.866083981766572,6.786521269802866
FN,92,V44_581e1615943f,Blank2012_AAN,6.1,8.341337805978913,8.122754865496935,8.639797460473169,8.367963377316338
FN,93,V44_9927b792a8f5,Blank2012_AAN,7.9,9.948972127422218,9.61553118814193,10.258426307174544,9.940976540912898
FN,94,V44_42437784f33f,Blank2012_AAN,4.1,6.888357326478535,6.7654771071465385,7.080349590561241,6.911394674728771
FN,95,V44_b20fd4bd2a36,Blank2012_AAN,8.8,9.311450200127432,9.030414122679597,9.46624917567198,9.269371166159669
FN,96,V44_43ab48de8c59,Blank2012_AAN,6.6,8.397990000043166,8.144354308265182,8.487678793421289,8.343341033909878
FN,97,V44_0fa7c76fe191,Blank2012_AAN,7.3,9.138353492659387,8.887523856898948,9.23596626631739,9.087281205291909
FN,98,V44_6b996bfecd0c,Koopmans2012_JAS,2.9,3.123953871531791,3.19171325246974,3.1943592335759257,3.1700087858591517
FN,99,V44_c75650a8fae4,Koopmans2012_JAS,3.0,3.2185557637537947,3.271009301622732,3.2771691075195166,3.2555780576320146
FN,100,V44_58bc6bd76f28,Opapeju2012_Animal,4.43,2.767758684939384,2.7488801048150786,2.834637293915341,2.7837586945566013
FN,101,V44_cd9f20768a88,Opapeju2012_Animal,5.02,2.7732914547189367,2.75457537226156,2.8397479091815967,2.7892049120540308
FN,102,V44_553870a752e7,Opapeju2012_Animal,4.75,2.7780231916129567,2.756380241909365,2.8464635601501684,2.7936223312241633
FN,103,V44_88be35d31b41,Opapeju2012_Animal,4.34,2.7541040017447016,2.730109715043428,2.8255709423629254,2.7699282197170185
FN,104,V44_b420c6eb7e04,Opapeju2012_Animal,4.47,2.766425822222274,2.744383841041541,2.8353793524517803,2.782063005238532
FN,105,V44_56afa7edaca5,Opapeju2012_Animal,4.26,2.7949191304903884,2.773523533632277,2.863098145077659,2.810513603066775
FN,106,V44_38da75e7eaf5,Opapeju2012_Animal,4.2,2.7626817996066024,2.7389378356820577,2.8336366392222634,2.7784187581703077
FN,107,V44_351dd8736c12,Patras2012_JAS,4.5,4.922472683886539,4.926862931145745,4.941472512728943,4.9302693759204095
FN,108,V44_e09e386b914a,Patras2012_JAS,6.3,7.416770354127012,7.489799693549341,7.390916894275668,7.432495647317341
FN,109,V44_4a8434d32668,Patras2012_JAS,4.6,4.95486716869478,4.952185332078487,4.9509247498120175,4.952659083528428
FN,110,V44_8bc44d01cccb,Patras2012_JAS,5.2,4.699207300678808,4.590768499210444,4.803903567637308,4.69795978917552
FN,111,V44_45649674b8bd,Wochner2012_Semina,4.99,4.786153911550745,4.625981053177831,4.748998146894934,4.720377703874504
FN,112,V44_ccc1fc6ba334,Wochner2012_Semina,5.89,4.643073150503727,4.507450699187575,4.62958203381644,4.593368627835914
FN,113,V44_20c3371c9112,Wochner2012_Semina,5.61,4.70039398498936,4.5550806269484845,4.679547244647061,4.645007285528302
FN,114,V44_20784459e90e,Wochner2012_Semina,4.58,4.617025268735428,4.485998752785712,4.60647950042922,4.569834507316787
FN,115,V44_0fcd09a4a8d9,deRidder2012_JAS,3.4,2.7844388577953407,2.912204540732715,2.852827234210114,2.849823544246057
FN,116,V44_f1a9ed2c8b32,deRidder2012_JAS,2.7,2.7854030067004127,2.913082323313274,2.8534715893360976,2.8506523064499283
FN,117,V44_fe13f4ad91be,deRidder2012_JAS,3.08,2.7763706661211,2.9042692908531063,2.8451630022235626,2.8419343197325895
FN,118,V44_b09a7c45efed,deRidder2012_JAS,2.93,2.5003550784254154,2.5477700072150054,2.559340894283823,2.5358219933080814
FN,119,V44_7632b5fb039c,deRidder2012_JAS,2.61,2.506184346910054,2.553856357625265,2.565055007669112,2.5416985707348108
FN,120,V44_b153dd2a8ea7,deRidder2012_JAS,2.75,2.502401831958776,2.549610655124688,2.5612820278534487,2.5377648383123046
FN,121,V44_52bcbfdeb535,deRidder2012_JAS,2.48,2.19555163273206,2.11722526122254,2.18042817417468,2.164401689376427
FN,122,V44_cba91cf27a41,deRidder2012_JAS,2.33,2.218660033895042,2.1452105175166167,2.2010992479800717,2.1883232664639105
FN,123,V44_3d66474f86a6,deRidder2012_JAS,2.61,2.199172417113868,2.11668285870044,2.177019363192313,2.1642915463355403
FN,124,V44_b2c65fe39cef,deRidder2012_JAS,2.39,2.049895468229026,1.955462052249839,1.9991150033033211,2.0014908412607286
FN,125,V44_96b2b8177ad4,deRidder2012_JAS,2.53,2.05493478740156,1.962097406429932,2.003991124962445,2.007007772931312
FN,126,V44_8af15b3edd74,deRidder2012_JAS,2.23,2.0587055668013123,1.9666456661182927,2.006887605773497,2.0107462795643674
FN,127,V44_1a9fe2c63143,deRidder2012_JAS,2.92,2.167087419241322,2.1048838618488324,2.140501627466741,2.1374909695189652
FN,128,V44_907baa49f326,deRidder2012_JAS,2.48,2.144821043900342,2.0651623205566163,2.1038661694899226,2.1046165113156268
FN,129,V44_a52353c36c05,deRidder2012_JAS,2.88,2.1803317226105743,2.125505793032208,2.158169867025374,2.154669127556052
FN,130,V44_5c7ab7df53be,Otten2013_ArchTierz,8.343,8.891877813840102,8.932271278036644,8.948217245031007,8.924122112302586
FN,131,V44_c150e2188fda,Otten2013_ArchTierz,6.907,8.391355329190624,8.415647724857548,8.492595781026619,8.433199611691597
FN,132,V44_d75fa77c03dc,Otten2013_ArchTierz,7.256,8.34747186199796,8.360560465497752,8.457689415932267,8.388573914475993
FN,133,V44_b6c03166fb2a,Otten2013_ArchTierz,8.824,7.117557210426176,7.090103692553733,7.230698646752922,7.146119849910943
FN,134,V44_6b8e3e1a16e8,Otten2013_ArchTierz,6.308,6.231150202469625,6.150830877557395,6.264685202387553,6.215555427471524
FN,135,V44_d4d11430e5d9,Otten2013_ArchTierz,6.854,6.3466568689425,6.314461162589523,6.451957704209198,6.371025245247073
FN,136,V44_369cd00730ec,Mariscal2014_JASB,4.1,4.494847817056424,4.487291130397531,4.582098066977637,4.521412338143864
FN,137,V44_cc0afc581918,Mariscal2014_JASB,3.7,4.488893033180853,4.484008843330056,4.571121475572824,4.514674450694577
FN,138,V44_9d3e60b2edc4,Mariscal2014_JASB,3.8,4.505674230075301,4.498109750276722,4.582959438122859,4.528914472824961
FN,139,V44_b1ee8c6d6ce9,Mariscal2014_JASB,3.8,4.513121904462596,4.501562569577312,4.592458450243329,4.535714308094413
FN,140,V44_4a27eb2cae6c,Mariscal2014_JASB,3.6,4.469894642203926,4.445370548454103,4.488098683036926,4.467787957898318
FN,141,V44_f9f7e386b9e7,Mariscal2014_JASB,3.4,4.448399145903821,4.419787321179043,4.474536877988493,4.447574448357119
FN,142,V44_48f0d809c65f,Mariscal2014_JASB,3.5,4.465295681265612,4.426885587856446,4.5265985350784685,4.472926601400176
FN,143,V44_3d3fa5385c49,Norgaard2014_Finisher_LowCP,5.0,5.719651659066754,5.513422258320447,5.767214577679889,5.66676283168903
FN,144,V44_677d704a3bea,Norgaard2014_Finisher_LowCP,5.2,5.822132371928527,5.696147861814755,5.928846562682758,5.815708932142013
FN,145,V44_f900474360de,Norgaard2014_Finisher_LowCP,4.7,5.604013753011804,5.5081030584184125,5.729623919201944,5.613913576877387
FN,146,V44_545964d9d7ee,Norgaard2014_Finisher_LowCP,4.7,5.751376146465165,5.618841346912025,5.8384793243179685,5.736232272565053
FN,147,V44_91413038d0b1,Prandini2014_JAS,11.27,6.089590644810305,5.861183338381401,6.097724165002204,6.01616604939797
FN,148,V44_6acc656266ad,Prandini2014_JAS,11.7,6.265147484714186,5.890502781915871,6.168496312857848,6.108048859829302
FN,149,V44_33f5d1751647,Prandini2014_JAS,9.92,6.211842192011438,5.876473359793037,6.12076758231701,6.069694378040495
FN,150,V44_83623b2f06b4,Prandini2014_JAS,11.2,6.245724993575504,5.871838856171635,6.14747664477147,6.088346831506203
FN,151,V44_a8370bb85861,Prandini2014_JAS,5.97,6.245339236845554,6.522316865322911,6.321825221244428,6.363160441137631
FN,152,V44_28ab46fb14f9,Prandini2014_JAS,4.55,6.21991979385087,6.315184494455878,6.161160359441157,6.232088215915968
FN,153,V44_76df424f5221,Prandini2014_JAS,4.57,6.175427228257443,6.273433644063101,6.126430831678878,6.1917639013331405
FN,154,V44_913b49187dc7,Prandini2014_JAS,4.69,6.072354628056455,6.175977242691758,6.039693575035486,6.0960084819279
FN,155,V44_fd0e33a1890b,Prandini2014_JAS,5.48,7.779559481133031,8.0189481879221,8.062916438731607,7.953808035928913
FN,156,V44_03f04ebcc446,Prandini2014_JAS,4.26,7.487557276409824,7.5921468371166,7.592721712884478,7.5574752754703
FN,157,V44_4f8c9d8000c6,Prandini2014_JAS,3.85,7.401395805893995,7.505765937169867,7.495959202073825,7.4677069817125625
FN,158,V44_d4d4c96cdb9a,Prandini2014_JAS,3.95,7.46523048899979,7.571911126255602,7.573912502903561,7.537018039386318
FN,159,V44_07ff8b3fec88,RojasCano2014_OSS_IBDU,14.27,11.11050620625933,11.159994982989977,11.214942459775363,11.161814549674892
FN,160,V44_5f0b67f9f9f2,RojasCano2014_OSS_IBDU,13.17,10.814993654589683,10.867229176421976,10.739337656249775,10.807186829087144
FN,161,V44_dc8df3c3a0b2,RojasCano2014_OSS_IBDU,13.39,10.722251082570018,10.74933793774452,10.656774765527004,10.709454595280514
FN,162,V44_73fd5e6a3dbf,RojasCano2014_OSS_IBDU,13.25,10.106821737920187,10.05431040985001,10.089713787161202,10.083615311643799
FN,163,V44_9ff5f916ddbe,Zhang2014_ThrLys_Weaned,0.9,1.343721019851036,1.4006448081932206,1.3203838866633726,1.3549165715692097
FN,164,V44_94663c94bfec,Zhang2014_ThrLys_Weaned,0.87,1.386549657960713,1.446991169567747,1.3717566808374697,1.4017658361219765
FN,165,V44_ca2eed467767,Zhang2014_ThrLys_Weaned,0.83,1.4390751010213716,1.5018132471254173,1.436806189007915,1.4592315123849013
FN,166,V44_4d7d772ec3ab,Choi2015_AAJS,1.09,2.6453463035836657,2.623887907622485,2.672164687792563,2.6471329663329044
FN,167,V44_e662dc83f548,Choi2015_AAJS,1.54,2.73551482376918,2.6497426466324376,2.7235782399706,2.702945236790739
FN,168,V44_03e001025790,Choi2015_AAJS,1.37,2.4636581060578746,2.3995484550310238,2.469867937994525,2.444358166361141
FN,169,V44_379bde713a41,Choi2015_AAJS,2.1,2.714911091818721,2.63234799151674,2.7192831236793507,2.6888474023382702
FN,170,V44_f36022163fda,Choi2015_AAJS,2.35,2.703460312624567,2.612828831968311,2.699852825715165,2.6720473234360145
FN,171,V44_0a189c566ab6,Elsbernd2015_JAS,10.9,10.160817019049096,10.191696189002329,10.561033432538084,10.30451554686317
FN,172,V44_5413af89449d,Elsbernd2015_JAS,11.2,10.401671244060442,10.419280439125458,10.80845259842037,10.543134760535423
FN,173,V44_ae311bfb4106,Elsbernd2015_JAS,10.3,9.670648336583984,9.724025292284855,10.069893266448204,9.821522298439014
FN,174,V44_828e879bfb3e,Elsbernd2015_JAS,11.3,10.55621708884455,10.563657061776157,10.96694232198924,10.695605490869982
FN,175,V44_3a66bc44bdcd,Elsbernd2015_JAS,14.1,13.87427925167555,13.837901975832306,13.944292085136734,13.885491104214864
FN,176,V44_1af63ba83153,Elsbernd2015_JAS,14.2,13.850710596851153,13.817050101186217,13.920569401198556,13.862776699745309
FN,177,V44_e882a90d6c32,Elsbernd2015_JAS,14.1,13.482360973323516,13.493262567219356,13.551933723602469,13.509185754715112
FN,178,V44_bf9d1ed3eebf,Elsbernd2015_JAS,16.6,15.309055312241496,15.06478127416823,15.391707334696369,15.255181307035365
FN,179,V44_40771fea2912,Elsbernd2015_JAS,13.3,14.560932239247473,14.65623298583164,14.445889361108406,14.554351528729173
FN,180,V44_1498b1d7d086,Elsbernd2015_JAS,13.9,14.627821215586785,14.720880471829457,14.511472757340432,14.620058148252225
FN,181,V44_c94723c37fdc,Elsbernd2015_JAS,14.9,15.81318379998297,15.827836369535362,15.657722948915808,15.766247706144712
FN,182,V44_1d9ae2d05916,Elsbernd2015_JAS,14.0,16.04088577235735,16.03780739049764,15.882763884981628,15.987152349278873
FN,183,V44_bff5c4f01a2d,Galassi2015_IJAS,9.3,10.34865075573718,10.409149724270494,10.400189997416248,10.385996825807974
FN,184,V44_09fac5923a27,Galassi2015_IJAS,8.89,7.283633488801321,7.507179058887518,7.633849668173107,7.4748874052873155
FN,185,V44_19e8b32cb747,Galassi2015_IJAS,7.69,6.074999809990722,6.199219889423252,6.3561722557421945,6.210130651718722
FN,186,V44_0a80fab56b2d,Norgaard2015_CAA,4.4,5.962370769903006,5.964850257055526,5.989390969717825,5.97220399889212
FN,187,V44_d1d4d50940e1,Norgaard2015_CAA,6.3,5.968597526680486,5.999951009219601,6.008015625878541,5.99218805392621
FN,188,V44_f66667beb998,Pilcher2015_JAS,11.3,7.909122185910794,7.804435275661847,7.975747416172732,7.896434959248457
FN,189,V44_91b858b71eaa,Pilcher2015_JAS,13.8,11.689723197854615,11.812140089952258,11.799880125435545,11.76724780441414
FN,190,V44_0960f7bbf206,Pilcher2015_JAS,12.5,9.515242507154626,9.39994124833114,9.380111282817063,9.431765012767611
FN,191,V44_6d42746a3894,Pilcher2015_JAS,12.7,11.018742369141592,11.174785406865553,11.21434599734905,11.135957924452065
FN,192,V44_fff9402b4f98,Pilcher2015_JAS,12.9,10.51521071697535,10.46537068549189,10.4976857035922,10.492755702019814
FN,193,V44_1ef962e215ee,Pilcher2015_JAS,12.3,10.482106842735671,10.433517160807869,10.46899221420824,10.461538739250594
FN,194,V44_b90616a6f63e,White2015_AFST,17.0,12.060152221498154,12.135032374954818,12.272968380233555,12.156050992228842
FN,195,V44_120abfe557de,White2015_AFST,15.6,11.983678966921811,12.14571025989969,12.143631600335617,12.091006942385706
FN,196,V44_a27d34879ed8,White2015_AFST,14.8,12.305728172318858,12.292615160432304,12.459307667781983,12.352550333511049
FN,197,V44_8420bfcc3965,White2015_AFST,15.0,12.43015729126295,12.613389591544822,12.63023890964852,12.55792859748543
FN,198,V44_59560b79e4ad,White2015_AFST,12.2,10.1727894820217,10.021245004540408,10.23922003837952,10.144418174980544
FN,199,V44_5bcfca77fc29,White2015_AFST,10.8,10.252429868566164,10.168421656438053,10.281185270429145,10.234012265144454
FN,200,V44_d8c6bef4eff7,White2015_AFST,10.6,10.643044767226822,10.50002580119331,10.726081862466144,10.623050810295425
FN,201,V44_b0df094aeaa2,White2015_AFST,12.4,10.968211228498008,11.021203844886395,11.028963611597089,11.006126228327163
FN,202,V44_1f32d10b6c30,Acosta2016_JAS,12.6,12.640806040325865,12.613634571182931,12.619331447976917,12.624590686495239
FN,203,V44_1fb60cab8c26,Acosta2016_JAS,14.7,14.150748308416926,14.530842285134376,14.109745024856462,14.263778539469255
FN,204,V44_97d2cfccae03,Acosta2016_JAS,11.3,11.477511793838657,11.032750160644206,11.175767659733776,11.228676538072213
FN,205,V44_66ce986dec3e,Acosta2016_JAS,14.6,13.95873781559348,13.650593771811003,13.83086871310828,13.813400100170922
FN,206,V44_dfed0f32e884,Acosta2016_JAS,17.9,15.213054833397582,15.301761666967984,15.259663309755734,15.2581599367071
FN,207,V44_bb483fb33ce7,Acosta2016_JAS,15.0,12.337664275381416,11.900988803924484,12.557968449462487,12.265540509589462
FN,208,V44_2bdee5c5fbc2,Acosta2016_JAS,17.2,14.148672582740732,14.253774715265166,14.358644337174985,14.25369721172696
FN,209,V44_8dfd7a2f4752,Acosta2016_JAS,12.4,10.870251646021192,10.192963628567153,10.822896128461204,10.628703801016515
FN,210,V44_af4d83e5803f,Acosta2016_JAS,17.0,12.579150386495252,11.946473601224003,12.612828485487476,12.379484157735577
FN,211,V44_c3d796c4e30a,Acosta2016_JAS,19.8,14.698166311850551,14.280826628476929,14.82209226902296,14.600361736450147
FN,212,V44_6589a0c43394,Batorek2016_IC_FatContent,8.5,10.370263892024754,10.408283545565247,10.639848584372746,10.472798673987581
FN,213,V44_fe64abe43a71,Batorek2016_IC_FatContent,9.0,13.54218382762942,13.77324293111204,13.90875736134988,13.741394706697113
FN,214,V44_c6b7db3674f3,Batorek2016_IC_FatContent,10.0,14.548700572751208,14.85737829854984,15.350634052513035,14.918904307938028
FN,215,V44_1f5b5efe2139,Ceron2016_MVZ,1.46,3.5090882577380507,3.5965908117690373,3.4607558403150893,3.522144969940726
FN,216,V44_4f9d73cae0fd,Ceron2016_MVZ,4.16,4.044388623322885,3.987733179958237,3.949864050840172,3.9939952847070983
FN,217,V44_962416d5a2b3,Ceron2016_MVZ,6.16,4.618811694079039,4.542177653093038,4.54298203827994,4.567990461817339
FN,218,V44_2e2651b9d523,Ceron2016_MVZ,7.27,5.719328098369432,5.592995035226706,5.66066634854844,5.657663160714859
FN,219,V44_91c5a182d15c,Kong2016_AFST,1.596,2.463189320214008,2.47726061322987,2.497212151032313,2.479220694825397
FN,220,V44_f5cf6427d5e0,Kong2016_AFST,1.608,2.4802638142126137,2.4979951323607,2.517003791945212,2.4984209128395087
FN,221,V44_730ba1679820,Kong2016_AFST,1.586,2.481514383922121,2.498029972279293,2.5171072114930366,2.4988838558981503
FN,222,V44_b00a11c0ca58,Kong2016_AFST,1.826,2.4790869584361297,2.4933592227718777,2.5137952188107606,2.495413800006256
FN,223,V44_1447c6607c9e,Kong2016_AFST,1.47,2.483096849698228,2.5049458794880586,2.5219605955210778,2.5033344415691214
FN,224,V44_bf6e4fe90281,Kong2016_PeerJ,2.0825,2.348822322655625,2.457738960482889,2.37777233699033,2.3947778733762815
FN,225,V44_01cd499a3a16,Kong2016_PeerJ,2.06,2.3276636249620597,2.433930133702622,2.3568538170692714,2.3728158585779844
FN,226,V44_cabeff76be68,Kong2016_PeerJ,1.925,2.3368339727926397,2.442421235319679,2.366389671038816,2.3818816263837115
FN,227,V44_f08fafddb735,Kong2016_PeerJ,1.9625,2.3451953448798686,2.4529792070872336,2.373986498174817,2.3907203500473067
FN,228,V44_095bab6526ba,Kong2016_PeerJ,2.0175,2.333651722096517,2.438460607444592,2.3635046036598104,2.37853897773364
FN,229,V44_841a7e83884f,Rudar2016_JAS,0.5,1.9855268251783784,2.1599633725239453,2.036784869583989,2.060758355762104
FN,230,V44_0e32e9ff570f,Rudar2016_JAS,0.54,1.895640398606996,2.06548087391845,1.9455340823677332,1.9688851182977265
FN,231,V44_349036dd3930,Rudar2016_JAS,0.74,2.617910079869225,2.7734656363550942,2.6037056394595584,2.6650271185612926
FN,232,V44_25565275aa78,Rudar2016_JAS,0.58,1.845727014400694,2.0208690053608,1.897837207866529,1.9214777425426746
FN,233,V44_c0e92faef52b,Rudar2016_JAS,0.86,2.5716400206169148,2.729678671560611,2.5570751039692783,2.6194645987156018
FN,234,V44_80c10f863897,Rudar2016_JAS,0.62,1.8734434455163933,2.028827985368435,1.9249580148727456,1.9424098152525247
FN,235,V44_da0af652d6d8,Rudar2016_JAS,0.9,2.6247153263361502,2.768334927761063,2.604020637009365,2.665690297035526
FN,236,V44_49d946495280,Chen2017_AKG,6.08,9.20495818092254,8.83520139141972,9.298377938638655,9.112845836993639
FN,237,V44_1c22da2d4429,Chen2017_AKG,4.77,9.343016676020335,8.941113643735441,9.45800160987374,9.247377309876505
FN,238,V44_3f8270a621ab,Do2017_RSM_WeaningToFinishing,2.22,3.147099122616688,3.169569403165436,3.195194530026803,3.1706210186029757
FN,239,V44_a450570e8d69,Do2017_RSM_WeaningToFinishing,2.63,3.146068227762311,3.213765306844996,3.213554250285517,3.191129261630941
FN,240,V44_3b11e5e67905,Do2017_RSM_WeaningToFinishing,2.72,3.061541817687122,3.1106752713033257,3.1219164627214546,3.0980445172373003
FN,241,V44_a729eadad21b,Do2017_RSM_WeaningToFinishing,2.88,2.923154910514586,2.929950528320209,2.969760636352849,2.940955358395881
FN,242,V44_a1af0b81fa68,Do2017_RSM_WeaningToFinishing,2.42,2.930245200684312,2.905123969066598,2.982976884419234,2.939448684723381
FN,243,V44_ad03eef2c909,Lee2017_LivSci,8.59,9.032640489040086,9.229069408353284,9.34114718887483,9.200952362089401
FN,244,V44_ff2ea7f66928,Lee2017_LivSci,9.12,9.043926227787535,9.243226434204995,9.355319700796628,9.214157454263052
FN,245,V44_c39e86ee9d98,Lee2017_LivSci,8.99,9.051916615675909,9.258010539826207,9.389166522279602,9.23303122592724
FN,246,V44_26874a39aa21,Tusnio2017_PLOSOne,2.960924,3.685612592961843,3.85784409726388,3.854697869246911,3.7993848531575445
FN,247,V44_b1f07415ee1c,Tusnio2017_PLOSOne,3.132974,3.724400241067766,3.841395254856013,3.9169192133346815,3.82757156975282
FN,248,V44_f6728a45308b,Tusnio2017_PLOSOne,3.986309,3.786472323609563,3.893406669116017,3.979945359541959,3.8866081174225133
FN,249,V44_603508636b31,Koo2018_FermentedGrain,2.1,3.3555715480988675,3.222803541655566,3.348043225411564,3.3088061050553326
FN,250,V44_329ed8236096,Koo2018_FermentedGrain,1.8,2.998412470826463,2.943724980212465,2.9918826961921936,2.978006715743707
FN,251,V44_b1d727c87d6e,Koo2018_FermentedGrain,2.4,2.656708060051533,2.598885770802436,2.6840640387190597,2.6465526231910097
FN,252,V44_554440c4fc77,Koo2018_FermentedGrain,2.2,2.983758652537788,2.94849096640215,3.0019931317622066,2.978080916900715
FN,253,V44_89ef2de2d070,Koo2018_FermentedGrain,1.7,2.6029282410980823,2.58786810047761,2.6325677075797334,2.607788016385142
FN,254,V44_b4005a6015fc,Koo2018_FermentedGrain,1.8,2.3190751738035016,2.2996691318557354,2.349321283895583,2.322688529851607
FN,255,V44_b195fb41cc02,Lyu2018_AFST,5.0,6.922884588250315,7.01743352619709,6.787275728302863,6.909197947583422
FN,256,V44_a5da0da82060,Lyu2018_AFST,8.0,8.900008690723077,8.826301970734963,8.943500935782852,8.889937199080299
FN,257,V44_42b9a024cfeb,Lyu2018_AFST,7.3,7.947083837951203,7.754556820791037,7.919690342306492,7.873777000349577
FN,258,V44_901abac849f4,Neumann2018_Animals172,9.43654552963016,8.732384470353924,8.878483025474479,8.853642520505092,8.82150333877783
FN,259,V44_c0bd4ca3ea41,Neumann2018_Animals172,9.28666745698031,8.940883826678233,9.098742036718452,9.08151728402413,9.040381049140272
FN,260,V44_34dcb468c76c,Neumann2018_Animals172,11.2554385189452,7.918529330927581,8.000635625970633,8.028595195165654,7.982586717354622
FN,261,V44_397f309a76df,Neumann2018_Animals172,12.5282143208123,9.702229096650818,9.94918354706733,9.846467201981614,9.832626615233254
FN,262,V44_8ab9bf5a8df6,Neumann2018_Animals172,12.3589514572265,9.09076734703811,9.328702964802195,9.23544436577997,9.218304892540091
FN,263,V44_8377e6943bf2,Neumann2018_Animals172,6.31210694289821,4.277634183681645,4.274107390323067,4.554656111997389,4.368799228667367
FN,264,V44_2f6b2d054405,Neumann2018_Animals172,5.57142675005881,4.10922741425765,4.132649140641643,4.406880606410695,4.216252387103329
FN,265,V44_e1636f47c3cb,Neumann2018_Animals172,7.36508760002504,4.241929882340161,4.275269269855394,4.432400907429258,4.316533353208271
FN,266,V44_f7bc4a19dd70,Neumann2018_Animals172,6.45561565568935,3.717778171595222,3.6844754839447127,3.82177561773913,3.7413430910930217
FN,267,V44_ff184715689b,Santosa2018_AFST,3.31,3.825422153799728,3.829241575655141,3.848889236129055,3.8345176551946416
FN,268,V44_bc0f83f66f4d,Santosa2018_AFST,3.48,3.7668168235644086,3.775564783199338,3.794210752372925,3.778864119712224
FN,269,V44_54041b7aaeb7,Santosa2018_AFST,3.48,3.795513492518108,3.80167698030724,3.820926563243856,3.8060390120230685
FN,270,V44_498303fd128c,Santosa2018_AFST,3.26,3.804719306295501,3.810316432408879,3.829950015059113,3.814995251254498
FN,271,V44_1e3df4751846,Santosa2018_AFST,3.35,3.782639647635341,3.790338484533234,3.809246950972983,3.7940750277138533
FN,272,V44_c6ffa54ff679,Santosa2018_AFST,3.56,3.79703866227744,3.8027990911455096,3.822046508263098,3.807294753895349
FN,273,V44_becca0774a4f,Santosa2018_AFST,3.61,3.786247468971744,3.792836107036021,3.812058833816693,3.797047469941486
FN,274,V44_795b9cb117ca,Wu2018_JAFC_LPAA,6.3,5.728268296281423,5.728897741235616,5.683169549025904,5.713445195514314
FN,275,V44_1775283300a2,Wu2018_JAFC_LPAA,7.16,6.551422125456032,6.432383440614108,6.367967279995378,6.450590948688505
FN,276,V44_4c1ba794fefd,Wu2018_JAFC_LPAA,8.91,7.659049655039695,7.676659862370946,7.52557756450323,7.620429027304624
FN,277,V44_eb05166a08ca,Wu2018_LowProtein_AAUtilization,6.3,5.882115516509112,5.889966238077037,5.978757032957096,5.916946262514415
FN,278,V44_2c4605a519b0,Wu2018_LowProtein_AAUtilization,7.16,6.619555438614443,6.663131171490868,6.733728134390985,6.672138248165432
FN,279,V44_2b5904c4b63c,Wu2018_LowProtein_AAUtilization,8.91,7.692659801346706,7.738568150047046,7.786691112838625,7.739306354744126
FN,280,V44_a7ed2747120d,Zhou2018_SIDLys_LowCP_Weaned,1.72,2.096327659264336,2.141872403524579,2.087404712963674,2.1085349252508627
FN,281,V44_778620c6582d,Zhou2018_SIDLys_LowCP_Weaned,1.62,2.1378129317826398,2.205539243992334,2.129233224679221,2.1575284668180648
FN,282,V44_49db8cbc5d76,Zhou2018_SIDLys_LowCP_Weaned,1.84,2.050376458698828,2.033162737177718,2.011525939474572,2.0316883784503723
FN,283,V44_a6a5bccf2ab7,Aquilani2019_Animals,5.2416,5.225555283212708,5.234635822743336,5.170536727279443,5.210242611078495
FN,284,V44_6e32cf273792,Aquilani2019_Animals,5.6376,5.492712052529518,5.415730463845431,5.457552172883526,5.455331563086158
FN,285,V44_42966ec0a6fd,Aquilani2019_Animals,6.45568,6.657564449948757,6.583016071212213,6.7825251693941615,6.674368563518377
FN,286,V44_3f3b7e2bdb94,Aquilani2019_Animals,6.54304,6.0028704931228445,6.0021739425045215,6.166558139099073,6.057200858242147
FN,287,V44_34c2cad2f3f1,Arredondo2019_AFST,2.63,3.640442646828325,3.686711205761618,3.664275708690349,3.6638098537600974
FN,288,V44_b1de809f6029,Arredondo2019_AFST,2.88,4.040237608439313,4.074156344686112,4.085662070483958,4.0666853412031285
FN,289,V44_5e4ef616b175,Arredondo2019_AFST,2.36,3.820586584549667,3.860618499997316,3.814343152649738,3.8318494123989066
FN,290,V44_92ff2607d12d,Arredondo2019_AFST,2.33,4.285178657606727,4.339302790763467,4.385061582211609,4.336514343527267
FN,291,V44_2dc94d848f48,Arredondo2019_AFST,2.5,3.962783074284496,4.013180686206142,4.009196735573114,3.9950534986879176
FN,292,V44_695953f583ed,Arredondo2019_AFST,2.25,3.818720831311249,3.8577688509635855,3.819756276627533,3.832081986300789
FN,293,V44_5f240f67a3a2,Arredondo2019_AFST,2.52,3.7429375198980175,3.790588369689928,3.771971779929404,3.7684992231724497
FN,294,V44_ac3f391e8a2c,Habeanu2019_Animals,7.95,8.96876220702639,9.292613849639064,9.272535951921782,9.17797066952908
FN,295,V44_1e4216d626c0,McGilvray2019_JAS,6.8,3.811562801088636,3.810675861879864,3.848448112980458,3.823562258649653
FN,296,V44_86bbe2732d15,McGilvray2019_JAS,7.0,4.2963002281873415,4.324783928783974,4.27046697104622,4.297183709339179
FN,297,V44_15756c09372a,McGilvray2019_JAS,9.5,4.50020874688544,4.625338537042614,4.478354874958534,4.534634052962196
FN,298,V44_c76ddc723239,McGilvray2019_JAS,5.4,2.60810764114695,2.5806661779523066,2.653756088467971,2.614176635855743
FN,299,V44_44f76eec71d8,McGilvray2019_JAS,5.5,2.942141480007016,2.93010283113408,2.9911499011926463,2.9544647374445803
FN,300,V44_d123382467e7,McGilvray2019_JAS,6.3,2.9618138419565816,3.0706263189174083,3.0335136135847742,3.021984591486255
FN,301,V44_fa156d1aea43,Rocha2019_CR,3.45,5.403138960237021,5.488030429920906,5.428128450906419,5.439765947021449
FN,302,V44_a72dc3016035,Rocha2019_CR,5.43,8.285311565400459,8.44619293441876,8.521662414513546,8.417722304777588
FN,303,V44_970205431028,Rocha2019_CR,4.39,5.6058151677975845,5.603676150780316,5.568035135059773,5.592508817879224
FN,304,V44_883e34a5a37b,Rocha2019_CR,7.25,7.812634340929297,7.771765335875915,7.963383142208237,7.84926093967115
FN,305,V44_f4d18cac49cf,Somensi2019_RBZ_FineWheatBranBetaine,7.24,6.231419032871027,6.167489686301726,6.291622385603223,6.230177034925325
FN,306,V44_2283b3841a70,Somensi2019_RBZ_FineWheatBranBetaine,7.3,6.275187582293266,6.213844602661412,6.340280298553315,6.276437494502663
FN,307,V44_f0af7a9caf60,Somensi2019_RBZ_FineWheatBranBetaine,9.53,8.727944331736962,8.781172799654023,8.7572218733539,8.755446334914962
FN,308,V44_3a68a66803ba,Somensi2019_RBZ_FineWheatBranBetaine,9.49,8.693340391385112,8.7504595366036,8.72706176048316,8.723620562823958
FN,309,V44_a506ca79eb66,Somensi2019_RBZ_FineWheatBranBetaine,6.19,6.21750995356574,6.1497078247747305,6.276217699968333,6.214478492769601
FN,310,V44_ae8e0549776a,Zhao2019_LowProtein_AAPatterns,6.53,9.916013469587046,9.931052638732329,10.026885726762426,9.957983945027268
FN,311,V44_f6f7401c8770,Zhao2019_LowProtein_AAPatterns,5.43,7.486726498622611,7.456721232815909,7.715753903865096,7.553067211767872
FN,312,V44_552c132b7fa4,Zhao2019_LowProtein_AAPatterns,4.86,7.508937256924108,7.509443084536622,7.615981236839501,7.544787192766743
FN,313,V44_54279744ea3f,Zhao2019_LowProtein_AAPatterns,4.94,7.604720756153497,7.599901576690806,7.726721002351314,7.643781111731872
FN,314,V44_3a2e1df82308,Zhao2019_LowProtein_AAPatterns,4.5,7.487113378649283,7.4734208621998945,7.602534370638557,7.521022870495912
FN,315,V44_5d7f0d564db0,Zhao2019_LowProtein_AAPatterns,5.12,7.699275567234933,7.719798558689408,7.822713997879731,7.7472627079346905
FN,316,V44_63d6cca2c695,Zhao2019_LowProtein_AAPatterns,5.71,8.543343474192252,8.605536786848297,8.68029288695433,8.60972438266496
FN,317,V44_4de7e60c4104,Zhao2019_LowProtein_AAPatterns,8.53,8.187345036999869,8.194905909164287,8.18586698490474,8.189372643689632
FN,318,V44_aa0f60bf65c3,Zhao2019_LowProtein_AAPatterns,7.17,6.65582458209306,6.7640629530563565,6.685053029506284,6.701646854885234
FN,319,V44_12039bbe94ef,Zhao2019_LowProtein_AAPatterns,5.7,6.149648793256529,6.241860257025078,6.118554440923584,6.170021163735064
FN,320,V44_a46c5b602551,Zhao2019_LowProtein_AAPatterns,6.65,7.158361366011847,7.241447620051882,7.151846883078236,7.183885289713988
FN,321,V44_e09cbc44427b,Zhao2019_LowProtein_AAPatterns,7.04,7.0369944692873965,7.120269958123087,7.033629421330945,7.06363128291381
FN,322,V44_b97f07787b04,Zhao2019_LowProtein_AAPatterns,6.62,7.249773186475687,7.341597992083754,7.230938835679701,7.274103338079715
FN,323,V44_6739ba9436e7,Zhao2019_LowProtein_AAPatterns,7.07,7.043166035833728,7.096481642445744,6.988485153418944,7.042710943899472
FN,324,V44_9baacea27fe0,Zhao2019_LowProtein_AAPatterns,5.21,9.46850490814087,9.60173931145427,9.69752849045819,9.589257570017777
FN,325,V44_71a1c1aca6b3,Zhao2019_LowProtein_AAPatterns,4.66,7.731086782889465,7.646838796505078,7.837988440762296,7.738638006718946
FN,326,V44_61e45eeb2eea,Zhao2019_LowProtein_AAPatterns,4.89,8.129492382802319,8.180143519800934,8.211247712752852,8.173627871785369
FN,327,V44_b4c8f710ea0f,Zhao2019_LowProtein_AAPatterns,4.16,7.679441139215847,7.771157373749236,7.803423845177674,7.751340786047585
FN,328,V44_02a40e935dbd,Zhao2019_LowProtein_AAPatterns,4.91,8.25460995140591,8.310987393395598,8.338583014857736,8.301393453219749
FN,329,V44_530991b6ca6e,Zhao2019_LowProtein_AAPatterns,4.14,8.138100736461883,8.201010137614503,8.231095903302531,8.190068925792973
FN,330,V44_0e975f825bbe,Zhao2019_LowProtein_AAPatterns,5.11,8.308602324998523,8.450395930076514,8.415443471427317,8.391480575500784
FN,331,V44_80e5bbf35fa6,Zhao2019_LowProtein_AAPatterns,6.56,7.897951786556523,7.950522796572878,8.045441550129999,7.964638711086468
FN,332,V44_25f0d61f2406,Zhao2019_LowProtein_AAPatterns,5.67,7.300937796937145,7.299717191545255,7.219092245952723,7.273249078145041
FN,333,V44_5649af418338,Zhao2019_LowProtein_AAPatterns,4.5,6.3651815628001405,6.300495156804508,6.20511870011871,6.290265139907786
FN,334,V44_a1d0f1e8eb7c,Zhao2019_LowProtein_AAPatterns,5.32,7.544900824666165,7.561713503408594,7.427936463174664,7.511516930416474
FN,335,V44_d952ed201b36,Zhao2019_LowProtein_AAPatterns,5.92,7.857466790608893,7.882960786268317,7.774452735241255,7.838293437372822
FN,336,V44_e7d09a569cd6,Zhao2019_LowProtein_AAPatterns,4.79,7.347843341085766,7.347975286617166,7.233757642243326,7.309858756648754
FN,337,V44_257bde9d865a,Zhao2019_LowProtein_AAPatterns,6.32,7.965674578170871,8.010026626762302,8.022012043285978,7.999237749406383
FN,338,V44_1846e8561e5a,Cruz2020_CJYeast,6.1,4.994968251716532,5.000175456721528,4.984207407275515,4.993117038571192
FN,339,V44_0c1103897d4d,Cruz2020_CJYeast,5.4,4.88116558902072,4.858332563033468,4.856667770593752,4.865388640882647
FN,340,V44_f36508c0dca7,Cruz2020_CJYeast,6.0,5.121089456317727,5.041126814830122,5.137992648190378,5.1000696397794085
FN,341,V44_e21219ca9bad,Cruz2020_CJYeast,6.2,5.525169932209721,5.460483702583925,5.516010115734349,5.500554583509332
FN,342,V44_d801870161f5,Hlatini2020_SAJAS,2.97,5.513841713547642,5.559612995824829,5.444929196413851,5.5061279685954405
FN,343,V44_7503b8c2241d,Hlatini2020_SAJAS,4.52,4.627339281627896,4.584328714719889,4.625282944752012,4.612316980366599
FN,344,V44_99dfe488ea63,Hlatini2020_SAJAS,2.74,5.010665371382423,4.997948061069886,5.016884466575092,5.0084992996758
FN,345,V44_7ce242f9a210,Hlatini2020_SAJAS,3.1,6.354203536900496,6.357042763209431,6.430488826877555,6.380578375662495
FN,346,V44_93476ae97344,Hlatini2020_SAJAS,3.06,5.95854130067776,5.939361575557065,5.925649525715665,5.941184133983497
FN,347,V44_04bb8ee05bdb,Hlatini2020_SAJAS,2.38,4.48700038121482,4.528225013752556,4.48963271766113,4.50161937087617
FN,348,V44_549c8db696ba,Jang2020_LivSci,3.92,3.8465908689768216,3.793688140241532,3.8111346788375577,3.8171378960186373
FN,349,V44_29502dc6a877,Jang2020_LivSci,3.91,3.8268212728916455,3.7705182082828097,3.788378201731231,3.7952392276352285
FN,350,V44_00b462426fda,Jang2020_LivSci,4.7,4.4157535984784095,4.031111719519057,4.439996585474423,4.29562063449063
FN,351,V44_8a3e2cdfb33a,Jang2020_LivSci,5.55,4.959041179764681,4.488030336453459,5.052674138699151,4.833248551639097
FN,352,V44_05e3cadf1d1b,Jang2020_LivSci,4.07,4.088481883162858,3.8387419408203054,4.070563845764494,3.999262556582553
FN,353,V44_a6742b4a492c,Kim2020_JAST,9.46,6.020152720041732,5.995001645736496,5.993666973297023,6.002940446358417
FN,354,V44_5c03a27601df,Kim2020_JAST,9.21,5.974559501929548,5.958364786427,5.954513256304501,5.962479181553683
FN,355,V44_6874df24430d,Kim2020_JAST,8.93,5.973130359171358,5.948281389547753,5.952766577404107,5.958059442041073
FN,356,V44_e79ac14a2804,Kim2020_JAST,8.07,5.300092756207777,5.302013404521573,5.253567065017753,5.285224408582367
FN,357,V44_4409bbc28743,Kim2020_JAST,8.05,5.290393731292292,5.293974858909179,5.244361846840593,5.276243479014021
FN,358,V44_cff5e1e0a074,Kim2020_JAST,7.51,5.264398055248083,5.269296054979309,5.220226176177404,5.251306762134932
FN,359,V44_1860846f9980,Koo2020_JAS,2.6,3.5109221238790886,3.739733289240684,3.701130842807284,3.6505954186423524
FN,360,V44_5ed7000db26b,Koo2020_JAS,2.7,3.57898832273087,3.78322762698057,3.823058822332359,3.728424924014599
FN,361,V44_91d48cc76bdc,Koo2020_JAS,2.7,3.0882326793214605,3.302343232716602,3.250968472126893,3.2138481280549853
FN,362,V44_1365ee8d90c3,Koo2020_JAS,2.5,3.231275299826018,3.466687896289076,3.402463256882189,3.366808817665761
FN,363,V44_9eaa2c05fbc9,Kwon2020_JAS,4.02,4.062227686802039,4.081793854700993,4.031595352041885,4.058538964514972
FN,364,V44_15665bb29bbf,Kwon2020_JAS,3.92,4.074676004949951,4.094309237878937,4.0449225060719565,4.071302582966948
FN,365,V44_e3c713de1137,Kwon2020_JAS,3.97,4.085888098326013,4.105578565906037,4.056876246929981,4.0827809703873434
FN,366,V44_c5cbc69417fc,Kwon2020_JAS,4.01,4.085551899364381,4.106083628933519,4.059503798008935,4.083713108768945
FN,367,V44_1a1f6555915c,Kwon2020_JAS,3.93,4.062633353775237,4.082429334089809,4.029636922093197,4.058233203319414
FN,368,V44_c27df9efc2d0,Kwon2020_JAS,4.06,4.07449774741084,4.094228191865444,4.044989789554856,4.071238576277047
FN,369,V44_2c9d91595513,Kwon2020_JAS,3.9,4.062423202117609,4.081907450191602,4.03155319063864,4.058627947649284
FN,370,V44_07f0f013dbb0,Kwon2020_JAS,3.95,4.085888098326013,4.105578565906037,4.056876246929981,4.0827809703873434
FN,371,V44_b216fec50c98,Nguyen2020_Animal_TofuByproduct,8.22,6.549060010596093,6.7889967670144,6.52479739243544,6.620951390015311
FN,372,V44_caa8605d5b46,Nguyen2020_Animal_TofuByproduct,9.55,7.441941942603686,7.708753564827478,7.471338779810106,7.54067809574709
FN,373,V44_55a2f4b14a9a,Nguyen2020_Animal_TofuByproduct,9.52,7.716911225924413,8.003791419590726,7.766122310204298,7.828941651906479
FN,374,V44_df09f2bfd1b4,Nguyen2020_Animal_TofuByproduct,8.08,7.131160707305532,7.375515288641443,7.098099377645101,7.201591791197359
FN,375,V44_78bd88357464,Sun2020_JASB,9.03,7.818952827408447,7.824008925804387,7.719647701644861,7.787536484952565
FN,376,V44_2f17b1fd32b8,Sun2020_JASB,5.87,5.5669001914453,5.510765369853698,5.464952822012718,5.514206127770572
FN,377,V44_7a5fbc7fb7f2,Sun2020_JASB,5.54,5.580483019923677,5.523048414280705,5.47728451501341,5.526938649739264
FN,378,V44_1813d8c5405f,vdPeet2020_JAS,4.0701323708781,5.070132346008924,5.254252605794944,5.245520667829502,5.18996853987779
FN,379,V44_b6149a00466e,vdPeet2020_JAS,3.70012033716191,4.481235310758039,4.384511261815337,4.396890526679517,4.420879033084297
FN,380,V44_40873c1c78ba,Espinosa2021_JAS,2.22,2.7239045547976457,2.700006866433135,2.677738027674147,2.7005498163016424
FN,381,V44_c0b018744a27,Espinosa2021_JAS,2.14,2.7893351835732894,2.770979817367561,2.7517616135619947,2.7706922048342815
FN,382,V44_c0a3a7d14742,Espinosa2021_JAS,2.02,2.782509817502385,2.7588749414648586,2.741784595359354,2.761056451442199
FN,383,V44_c40e5e963863,Espinosa2021_JAS,1.98,2.7667618262249003,2.744212151327029,2.7227994436332192,2.7445911403950496
FN,384,V44_fdc4631f429d,Espinosa2021_JAS,2.2,2.780974230644476,2.772801479844556,2.749348099401264,2.767707936630099
FN,385,V44_0baa94ee87d5,Espinosa2021_JAS,2.22,2.796902250461737,2.7662561115957023,2.7596617018121483,2.774273354623196
FN,386,V44_dcec348b37f2,Espinosa2021_JAS,2.32,2.7902969425593604,2.738537375108714,2.7461090527397403,2.758314456802605
FN,387,V44_ade4d3b48e1d,Sobotka2021_Animals960,10.4,12.645934622286829,12.726506929690858,12.601248981847917,12.657896844608535
FN,388,V44_ae91a81c4f1b,Sobotka2021_Animals960,11.1,12.469981978949708,12.585042640842271,12.456083524183898,12.503702714658624
FN,389,V44_860729c2833f,Sobotka2021_Animals960,9.7,12.162558202565666,12.246271683141028,12.143661702844566,12.18416386285042
FN,390,V44_6ee502d28dca,Sobotka2021_Animals960,9.2,12.24027017293725,12.247156526557715,12.12246737668562,12.203298025393527
FN,391,V44_17623afd88ba,Sobotka2021_Animals960,11.5,13.678331022980244,13.71598150856092,13.631524440955143,13.675278990832103
FN,392,V44_e126c3c4abd9,Sobotka2021_Animals960,9.0,13.418322027483278,13.489938596165846,13.421554577189347,13.443271733612823
FN,393,V44_c8c28ba892f7,Sobotka2021_Animals960,9.0,13.284038760621776,13.331635875419916,13.29534094815737,13.303671861399687
FN,394,V44_a19a8dd83260,Sobotka2021_Animals960,8.6,13.006064635404602,13.033836395431244,12.972796031907338,13.004232354247728
FN,395,V44_79b76c8c616d,vdPeet2021_JAS,3.73350447337043,6.253360780934114,6.082575200991052,6.259657446199962,6.198531142708376
FN,396,V44_4163927688c4,vdPeet2021_JAS,3.94351409999752,5.195193806747945,5.256525644839888,5.267287402859777,5.239668951482536
FN,397,V44_0db36e1e7043,vdPeet2021_JAS,3.73350447337043,6.253360780934114,6.082575200991052,6.259657446199962,6.198531142708376
FN,398,V44_06d4d6d76f5a,vdPeet2021_JAS,3.94351409999752,5.195193806747945,5.256525644839888,5.267287402859777,5.239668951482536
FN,399,V44_78ad11647d3b,Goh2022_MCT_OA,2.14,0.688727895093157,0.6754289672345557,0.6080488641533544,0.6574019088270223
FN,400,V44_0772ca6aae0a,Goh2022_MCT_OA,1.96,0.6591957473016166,0.6151491212187139,0.574602771251091,0.6163158799238072
FN,401,V44_ec0444d03ba3,Goh2022_MCT_OA,2.54,0.6864045603043962,0.6628623395668596,0.6120268749238837,0.6537645915983799
FN,402,V44_38e761e34131,Goh2022_MCT_OA,1.76,0.6761031416281531,0.6573654211002449,0.6046538084594788,0.646040790395959
FN,403,V44_07cd6ecfed78,Goh2022_MCT_OA,2.63,0.5921902798337237,0.5621863372494333,0.5203603711892422,0.5582456627574665
FN,404,V44_e72b635b0e04,CastroDereck2023_TAHP,9.02,6.892212012063916,6.85111971193786,7.239685222434399,6.9943389821453925
FN,405,V44_a9b9bc686f90,CastroDereck2023_TAHP,8.7,6.858784757106104,6.82208544676149,7.207617298220466,6.962829167362687
FN,406,V44_40b06e683a2c,CastroDereck2023_TAHP,8.84,7.663552149957381,7.52396789139525,7.976067862781951,7.72119596804486
FN,407,V44_d219e8c7e46b,CastroDereck2023_TAHP,8.7,7.25911489166096,7.170874814558979,7.592197869653777,7.340729191957905
FN,408,V44_8eb21703eb26,CastroDereck2023_TAHP,8.53,6.92532709879123,6.880211716186066,7.271777457836475,7.025772090937924
FN,409,V44_7dbcbf5a0ecf,Buchinski2024_CJAS,4.6,4.029713162143626,3.999437779367426,4.014285583801604,4.014478841770885
FN,410,V44_c9b93d4df52d,Buchinski2024_CJAS,4.1,3.965568191577756,3.937704309995484,3.957907486453319,3.95372666267552
FN,411,V44_4ca4c51d2b05,Buchinski2024_CJAS,4.4,4.002318954224453,3.97633726254044,3.994956874168599,3.9912043636444974
FN,412,V44_56856bdbb39a,Buchinski2024_CJAS,4.9,4.003957787629366,3.985279412180103,4.008087202165902,3.999108133991791
FN,413,V44_cf1e5ab7580f,Buchinski2024_CJAS,4.7,3.9845895380275143,3.970541926443536,3.995404702545042,3.9835120556720303
FN,414,V44_36fe68043c49,Buchinski2024_CJAS,4.5,3.7449851911184826,3.7161968170049393,3.750070555399074,3.737084187840832
FN,415,V44_355b00e95d0a,Buchinski2024_CJAS,4.3,3.768766188624796,3.7412577298564127,3.7764764825499415,3.7621668003437168
FN,416,V44_574548c4f027,Buchinski2024_CJAS,4.6,3.874239383203207,3.841839546299736,3.863794933200228,3.8599579542343907
FN,417,V44_9c89f70de9fc,Buchinski2024_CJAS,4.7,3.87970288939581,3.848319295227564,3.871226481267647,3.8664162219636737
FN,418,V44_6acf15c0c280,Buchinski2024_CJAS,4.5,3.884872576482892,3.853588596821796,3.8690061263319566,3.8691557665455485
FN,419,V44_7aaf718e6ff8,Cappelaere2024_JAS,6.05,7.620669304276815,7.69469165859714,7.69530208553785,7.670221016137268
FN,420,V44_0a9bc626ed8c,Cappelaere2024_JAS,6.5,7.3947958501439315,7.363199494065135,7.349148537186614,7.3690479604652275
FN,421,V44_8ecb82284f55,Cappelaere2024_JAS,6.4,8.39567084847868,8.501949626097964,8.482534549107264,8.460051674561303
FN,422,V44_ddfe37ce220d,Cappelaere2024_JAS,9.5,9.054548611176653,9.023518345207773,9.099357661038848,9.059141539141091
FN,423,V44_5a4739229af8,Cappelaere2024_JAS,9.96,8.261154388816667,8.20816042056927,8.413780852823248,8.294365220736394
FN,424,V44_44f9a57e210b,Cappelaere2024_JAS,10.3,10.650560813805251,10.667162305213107,10.785771600965766,10.701164906661376
FN,425,V44_750ce840da9e,Corassa2024_Animals,9.12,4.420390664222709,4.637392348387639,4.563123288947597,4.540302100519315
FN,426,V44_27877be10e25,Corassa2024_Animals,10.02,6.812992026107898,6.9261809759331205,6.699579599000189,6.812917533680402
FN,427,V44_ef39df08b4c3,Corassa2024_Animals,9.97,6.795342945952638,6.746198041468936,6.754333062379887,6.765291349933821
FN,428,V44_5467654bb57a,Corassa2024_Animals,10.99,6.0919310234641015,6.3468000374899205,6.077589278748608,6.172106779900877
FN,429,V44_6ded626598c8,Corassa2024_Animals,9.93,5.542286162282788,5.64552502094205,5.552550115604774,5.580120432943204
FN,430,V44_dd5ac863d388,Lee2024_JASB,7.93,7.037269055612452,7.122627314586055,7.1699327726840645,7.109943047627524
FN,431,V44_719c8d88dd6c,Lee2024_JASB,7.91,6.486801734145941,6.538594848810759,6.539262491671803,6.521553024876167
FN,432,V44_44a5e81e82be,Lee2024_JASB,9.29,7.300575407741279,7.391359433931814,7.432770894643798,7.3749019121056305
FN,433,V44_3e2f6bd776eb,Lee2024_JASB,6.89,7.062130271416663,7.150263713274216,7.220753028464162,7.144382337718348
FN,434,V44_8c740ef56a09,Lee2024_JASB,6.63,6.805434335420935,6.894807619960428,6.972237688722137,6.890826548034499
FN,435,V44_9cef8892bf07,Lee2024_JASB,7.49,6.918810948611277,7.001977776705361,7.097478944505436,7.006089223274024
FN,436,V44_c0f4afa15caa,Yoo2024_Animals_Additives,6.5,6.727030587338614,6.831299701436172,6.7187455020831415,6.75902526361931
FN,437,V44_8a7be67a7e2a,Yoo2024_Animals_Additives,6.4,6.702694564060317,6.835593350672964,6.670058418218363,6.736115444317215
FN,438,V44_8bab123707ce,Yoo2024_Animals_Additives,5.7,6.642169451019577,6.7934273762637,6.587242827365397,6.674279884882892
FN,439,V44_7e6587523c90,Yoo2024_Animals_Additives,6.0,6.614050994587899,6.743150791289724,6.561113434803201,6.639438406893608
FN,440,V44_e3579f3ee31c,Yoo2024_Animals_Additives,7.9,6.769617920745808,6.864811731183669,6.7755313028925706,6.803320318274015
FN,441,V44_b05810cfdcee,An2025_JAST,4.4,2.8581587251341323,2.8663016402059527,2.731601044806484,2.818687136715523
FN,442,V44_68734ded490d,An2025_JAST,4.1,2.889068284611522,2.893238280223526,2.7622838288191924,2.848196797884747
FN,443,V44_05173fcef66c,An2025_JAST,3.98,2.9368565997926863,2.938844332350273,2.8473556002146987,2.907685510785886
FN,444,V44_60fd02309b69,An2025_JAST,3.75,2.9632580157715416,2.961928122985681,2.875717382956057,2.9336345072377603
FN,445,V44_a60580d31d1b,An2025_JAST,4.03,2.692689217715724,2.7032165633048626,2.567941498346594,2.65461575978906
FN,446,V44_70975e957400,An2025_JAST,3.95,2.6945897615773475,2.704827114593784,2.5700083583581805,2.6564750781764377
FN,447,V44_58cdb535b818,An2025_JAST,3.61,2.7078267451556064,2.7172798241842733,2.622701090721719,2.6826025533538664
FN,448,V44_6a60cf9f8f7c,An2025_JAST,3.82,2.7434956194600453,2.7498856386809227,2.6600210346628383,2.717800764267935
FN,449,V44_de30697fb2f9,Cristobal2025_JAS,4.23,4.641258034400138,4.499170159293857,4.561662922297368,4.567363705330455
FN,450,V44_55cce46b08b5,Cristobal2025_JAS,4.23,4.827700029542602,4.804600646768135,4.776442728593249,4.802914468301329
FN,451,V44_2631723963a7,Cristobal2025_JAS,3.79,4.950989512668311,4.9508053769308535,4.918135178567478,4.939976689388881
FN,452,V44_a5ee3fa3347c,Cristobal2025_JAS,4.57,5.835923539374462,5.781105476477865,5.896638480318329,5.837889165390219
FN,453,V44_acd066a0407a,Lee2025_Animals_BakeryMeal,2.83,3.468318014032333,3.5086232563927955,3.5093737126859064,3.495438327703678
FN,454,V44_95d3dd04d9d0,Lee2025_Animals_BakeryMeal,2.93,3.4569310039121075,3.4968691399473686,3.499449063573208,3.4844164024775615
FN,455,V44_b9ae1803038e,Lee2025_Animals_BakeryMeal,2.59,3.623503279007688,3.6020729328920438,3.6569045400534352,3.627493583984389
FN,456,V44_2898dbb8bbcb,Lee2025_Animals_BakeryMeal,2.5,3.5227877128341905,3.5024296637191785,3.5661487092608857,3.5304553619380847
FN,457,V44_8b3f5da61972,Lee2025_Animals_BakeryMeal,2.81,4.025098972734256,3.947728553278824,4.055178517137165,4.009335347716749
FN,458,V44_4ea7b8e5c77e,Lee2025_Animals_BakeryMeal,3.04,4.004605776511913,3.9188051230729215,4.030060214381091,3.984490371321975
FN,459,V44_bda708b57fb3,Lee2025_Animals_BakeryMeal,2.91,3.973926516820225,3.9085138007988274,3.94198653387249,3.941475617163847
FN,460,V44_ca125dcfad4d,Lee2025_Animals_BakeryMeal,3.36,3.9447657128488816,3.877344416261162,3.912101046854467,3.9114037253215037
FN,461,V44_4c2c31706ad7,Miller2025_TIU_Grower,6.2,8.836168293585827,8.980617688311218,8.94829253231763,8.921692838071559
FN,462,V44_e211d9986ff1,Miller2025_TIU_Grower,6.4,8.613783447981174,8.73735146823048,8.696487972033019,8.682540962748226
FN,463,V44_a36d939106d2,Miller2025_TIU_Grower,7.4,8.958733537762592,9.085838958267797,9.132396236946114,9.058989577658835
FN,464,V44_d145c061403c,Miller2025_TIU_Grower,8.5,8.573773594879947,8.702213787343778,8.697251880777936,8.657746421000553
FN,465,V44_8f0e4e46fc03,Miller2025_TIU_Grower,7.8,6.954731484654321,7.002219942848276,7.071078223139858,7.0093432168808185
FN,466,V44_d77f1d43481e,Sobotka2025_Animals,12.6,13.048604933467283,12.919247926725294,13.12197768416132,13.029943514784634
FN,467,V44_971e5d18e15a,Sobotka2025_Animals,12.5,11.629096388058784,11.489043700630225,11.590421790844305,11.569520626511105
FN,468,V44_f0432cdb6adf,Sobotka2025_Animals,10.8,11.551342185471636,11.407070915740851,11.52239341518311,11.493602172131865
FN,469,V44_717b5c2f36c0,Wang2025_JAS,4.189015720152954,4.2069403566208825,4.085464287513561,4.078229136629686,4.123544593588043
FN,470,V44_72b753cbbf7c,Wang2025_JAS,3.576362726882951,3.368509922533077,3.360488673064941,3.365638929872996,3.364879175157005
FN,471,V44_3042d8c78f24,Wang2025_JAS,3.703587921847248,3.034039919421529,3.0303195662197413,3.176471007670778,3.0802768311040167
FN,472,V44_94756bba2a8b,Zhang2025_Animals,11.17,8.544970525726239,8.56207789706252,8.316221917982407,8.474423446923721
FN,473,V44_258f5533022b,Zhang2025_Animals,10.14,8.703631497077303,8.491664738069886,8.858169182163365,8.684488472436852
FN,474,V44_be131f289d4e,Ordaz2026_MineralReduction_Enzymes,5.61,5.402555022562134,5.492054601806528,5.487921235122415,5.460843619830359
FN,475,V44_9375c6f66b4b,Ordaz2026_MineralReduction_Enzymes,5.0,5.168657068638922,5.223559050092217,5.280400285593213,5.224205468108117
FN,476,V44_b39280db07a3,Ordaz2026_MineralReduction_Enzymes,5.41,5.253868908270436,5.320531562664886,5.356313763530156,5.31023807815516
FN,477,V44_63d211a01a79,Ordaz2026_MineralReduction_Enzymes,5.61,5.677334506563851,5.888605878780503,5.86680347030279,5.810914618549049
FN,478,V44_0bbe1ecc87ae,Lynch2008_Animal_SBP_CP,8.08,7.376610138192126,7.497915062952797,7.28784967646983,7.387458292538251
FN,479,V44_62abb880b8ab,Lynch2008_Animal_SBP_CP,10.79,10.491333175675209,10.66638593175579,10.62280965291774,10.593509586782913
FN,480,V44_75115a8a0ca1,Lynch2008_Animal_SBP_CP,7.44,6.8735377011947625,6.961750752157798,6.742248675589082,6.859179042980547
FN,481,V44_03fe515503bc,Lynch2008_Animal_SBP_CP,8.68,8.729242090498381,8.917170207535051,8.856401224091023,8.834271174041485
FN,482,V44_fb59e321050b,Vieira2018_CAB_WeaningEnergy,3.24,3.356676322852275,3.573326443352421,3.487956406004303,3.4726530574029995
FN,483,V44_3467bab49749,Vieira2018_CAB_WeaningEnergy,2.78,2.7232432339949795,2.615357935707753,2.9730167855809437,2.770539318427892
FN,484,V44_891c9ae3e685,Vieira2018_CAB_WeaningEnergy,2.87,2.827240043725048,2.535714986498073,3.3055268940486555,2.889493974757259
FN,485,V44_38d6e718087e,Vieira2018_CAB_WeaningEnergy,3.21,5.648073690750842,5.729794610697051,6.077505702367857,5.8184580012719165
FN,486,V44_3bab4c48f07c,Vieira2018_CAB_WeaningEnergy,3.13,6.774689161009294,6.596107460159585,7.410607445908439,6.927134689025773
FN,487,V44_8de533e4f209,Vieira2018_CAB_WeaningEnergy,2.4,6.195757837370541,5.809007291116984,6.7852367127378255,6.263333947075117
FN,488,V44_d357964419a7,Hollis2025_JAS_BenzoicAcid,3.4,2.7628716169637424,2.7667528143189517,2.7032601644808105,2.7442948652545014
FN,489,V44_50f6a59bd2d2,Hollis2025_JAS_BenzoicAcid,3.6,2.659513229315079,2.657722794140094,2.5969360214580144,2.638057348304396
FN,490,V44_370032822e8a,Hollis2025_JAS_BenzoicAcid,3.3,2.7161903633050968,2.722871119722397,2.650278540667605,2.696446674565033
FN,491,V44_a974f42fd982,Hollis2025_JAS_BenzoicAcid,3.0,2.6956430081616216,2.705544787428547,2.623960002870079,2.6750492661534158
FN,492,V44_74ee2bdf74ee,Liu2020_JAnimalSciBiotech_DCA,9.03,7.784155428535838,7.80247630586898,7.876361215943182,7.8209976501159995
FN,493,V44_4e089cd4cad8,Liu2020_JAnimalSciBiotech_DCA,5.87,5.680476114260829,5.76263760270351,5.713989815024268,5.719034510662869
FN,494,V44_911a2cbe844a,Liu2020_JAnimalSciBiotech_DCA,5.54,5.6935891298684576,5.776969011867755,5.73084894230745,5.7338023613478875
FN,495,V44_3dec5b046ad5,Li2024_AnimNutr_CPTime,3.74,5.340487759979141,5.563786948767974,5.364041894183535,5.422772200976883
FN,496,V44_84515b3a7732,Li2024_AnimNutr_CPTime,3.37,5.415747557782239,5.4881123635845,5.548074999406911,5.483978306924549
FN,497,V44_bf9cb21d8747,Pi2019_Animal_Antibiotics,6.91,9.587308832817824,9.30766079846538,9.652225154216737,9.515731595166647
FN,498,V44_5e741f4a0195,Pi2019_Animal_Antibiotics,7.94,9.845535147570509,9.6085400449174,9.862597410062126,9.77222420085001
FN,499,V44_1be465063856,Zhang2016_AnimSciJ_Leucine,5.37,6.96469637432647,6.79902984474829,6.669893101801422,6.811206440292061
FN,500,V44_77e8d2711244,Zhang2016_AnimSciJ_Leucine,4.85,4.990241968678249,4.899976695895482,4.937491063856803,4.942569909476845
FN,501,V44_43d2663a3d2a,Zhang2016_AnimSciJ_Leucine,4.52,5.0099120453791,4.917829650432063,4.953427810008595,4.960389835273253
FN,502,V44_e3eed84abdf3,Li2018_AFST_CornAA,4.7,3.994028747055767,4.13213809194074,4.107203196075234,4.07779001169058
FN,503,V44_29f024f34f67,Li2018_AFST_CornAA,4.4,4.101511024782645,4.217915403768082,4.1984438186998965,4.172623415750208
FN,504,V44_2fe8b5b0321a,Li2018_AFST_CornAA,4.3,4.112028338183824,4.225010183911027,4.210537482114964,4.182525334736606
FN,505,V44_56ded8dce385,Wellington2018_JAS_ThrFiber,3.5,3.961506844187574,4.048469459534946,3.944989875118252,3.984988726280258
FN,506,V44_50d89889915a,Wellington2018_JAS_ThrFiber,4.3,4.4103941710033245,4.484006894445634,4.399946368304477,4.431449144584478
FN,507,V44_88647c9f5c9f,Wellington2018_JAS_ThrFiber,3.5,4.222762338009649,4.305587805850239,4.213314277374003,4.247221473744631
FN,508,V44_375550a04f9b,Wellington2018_JAS_ThrFiber,3.9,4.254198118287726,4.350360266537311,4.222447211341113,4.275668532055383
FN,509,V44_f5b49a0e7154,Wellington2018_JAS_ThrFiber,3.8,4.15097994822768,4.229646935244065,4.152972176860343,4.1778663534440295
FN,510,V44_7ac694200750,Wellington2018_JAS_ThrFiber,4.2,4.341991000359381,4.185548260856523,4.347231416078891,4.291590225764931
FN,511,V44_02a8a0fe6506,Wellington2018_JAS_ThrFiber,3.9,4.254710226196834,4.08960637640206,4.255967700724337,4.20009476777441
FN,512,V44_a4912a940338,Wellington2018_JAS_ThrFiber,4.1,4.475334738476676,4.337672465509026,4.4540360741579175,4.422347759381206
FN,513,V44_cc75ae592c7a,Wellington2018_JAS_ThrFiber,4.3,4.39124075043154,4.247374705440843,4.387893585415124,4.342169680429169
FN,514,V44_8f68840774dc,Wellington2018_JAS_ThrFiber,4.4,4.378304313378871,4.225889130939992,4.370152820304181,4.324782088207681
FN,515,V44_70645116707a,Wang2026_JASB_ProteinRelease,4.17,9.666404855201147,9.658556717517204,9.592638565033488,9.63920004591728
FN,516,V44_b6d409c84e2f,Wang2026_JASB_ProteinRelease,4.28,9.582518517537345,9.603336201908808,9.471881534099248,9.5525787511818
FN,517,V44_82b54c414b18,Wang2026_JASB_ProteinRelease,5.08,9.960350226477818,9.997863826534532,9.918058625323756,9.958757559445369
FN,518,V44_1a93260bfab5,Len2007_JPAN_FibreVietnam,7.414220307608027,6.569421612793299,6.326798397454789,6.553730798747075,6.483316936331721
FN,519,V44_f5f5b6197b74,Len2007_JPAN_FibreVietnam,8.83757411421787,8.383101306080617,8.286229474670039,8.262160556285604,8.31049711234542
FN,520,V44_525eec99ae7d,Len2007_JPAN_FibreVietnam,10.800347997329164,10.360760786799936,10.300921303781044,10.120788128357889,10.260823406312957
FN,521,V44_5910e208da71,Hu2022_AnimBiosci_AARelease,4.74,4.478331678595275,4.657451676591184,4.681799920436108,4.605861091874188
FN,522,V44_796027df3673,Hu2022_AnimBiosci_AARelease,5.65,4.029576107154084,4.039761649038836,4.163311610142423,4.077549788778448
FN,523,V44_008cef20890d,Hu2022_AnimBiosci_AARelease,6.96,3.610908656146065,3.578095870710903,3.727239511065128,3.6387480126406984
FN,524,V44_1f0035f7226d,Hu2022_AnimBiosci_AARelease,3.0,4.300965228712565,4.403054441750644,4.309218255323343,4.337745975262184
FN,525,V44_57e9b6b00dae,Hu2022_AnimBiosci_AARelease,3.48,4.029106501725044,3.999888829152728,4.032820437047092,4.020605255974956
FN,526,V44_fa26110a0eb9,Hu2022_AnimBiosci_AARelease,4.62,3.774236177463606,3.637861550641824,3.684638175449186,3.6989119678515388
FN,527,V44_6a728f5ff196,Phillips2026_TAS_SoybeanMeal,1.85,4.397514515747314,4.475211082047101,4.434136910522548,4.435620836105655
FN,528,V44_45d5eb601d07,Phillips2026_TAS_SoybeanMeal,3.05,4.978792823644083,5.069958312122633,4.911090041883587,4.986613725883434
FN,529,V44_fb89a4f9bec4,Phillips2026_TAS_SoybeanMeal,2.44,5.098348435602841,5.28402749280449,5.115742723954924,5.166039550787418
FN,530,V44_b418e7865d79,Phillips2026_TAS_SoybeanMeal,3.76,5.228370066451589,5.382108309229031,5.310713370559052,5.307063915413225
FN,531,V44_0968bc249604,Phillips2026_TAS_SoybeanMeal,3.27,4.6759695204575245,4.653714828295085,4.6928560507831305,4.67418013317858
FN,532,V44_82d019ab078d,Phillips2026_TAS_SoybeanMeal,3.47,4.739513831570467,4.797869590227937,4.7453679028013305,4.760917108199911
FN,533,V44_e0afe4e42e1e,Phillips2026_TAS_SoybeanMeal,4.03,5.0459827650823055,5.250451436608912,5.080019790746148,5.125484664145788
FN,534,V44_5a2738989bd4,Phillips2026_TAS_SoybeanMeal,4.31,5.7174733428242845,5.965898779237392,5.956311275454408,5.879894465838695
FN,535,V44_7da8bda013fd,Phillips2026_TAS_SoybeanMeal,2.93,4.987711152476897,4.95811186175543,5.016995236069347,4.987606083433891
FN,536,V44_58690d9f9834,Phillips2026_TAS_SoybeanMeal,4.39,5.113801496539695,5.210344892288257,5.227128676407081,5.183758355078344
FN,537,V44_29829138b8ef,Phillips2026_TAS_SoybeanMeal,5.06,5.313324937071458,5.565265630806356,5.51206130288712,5.463550623588311
FN,538,V44_76bbaa4057aa,Phillips2026_TAS_SoybeanMeal,5.4,5.655122480511992,6.003496822533247,6.0012215520576735,5.886613618367638
FN,539,V44_61f28d56947a,Zhang2008_LivSci_pGHRH,1.7,1.7732855415045856,1.6775996907065478,1.6881208176656894,1.7130020166256077
FN,540,V44_3b69f0ef66ce,Zhang2008_LivSci_pGHRH,2.2,1.905424185239335,1.7916032512711624,1.7769070531263758,1.8246448298789577
FN,541,V44_e902af412d92,Zhang2008_LivSci_pGHRH,2.5,2.285565814790785,2.22327791204352,2.155380576588793,2.2214081011410327
FN,542,V44_69abc66e88f6,Zhang2008_LivSci_pGHRH,1.8,2.122962171191664,2.0267446061164254,1.9869722034195056,2.045559660242532
FN,543,V44_2c2e41b399d5,Zhang2008_LivSci_pGHRH,1.6,1.9553520247967784,1.8466350236028548,1.8351815398092464,1.8790561960696266
FN,544,V44_74fef18a733d,Choi2015_AJAS_RapeseedMeal,1.09,2.5493060283088416,2.5474358201735496,2.584071194961699,2.5602710144813634
FN,545,V44_90f89abd6641,Choi2015_AJAS_RapeseedMeal,1.37,2.3476126937182618,2.357840288389165,2.4030447633834133,2.369499248496947
FN,546,V44_f802fed3ac32,Choi2015_AJAS_RapeseedMeal,2.1,2.5678142155787658,2.604805769978888,2.648099094214193,2.6069063599239493
FN,547,V44_62e8ae172882,Choi2015_AJAS_RapeseedMeal,2.35,2.5259358514458192,2.5881249389790866,2.622703212101183,2.5789213341753627
FN,548,V44_e1c74eee4870,Choi2015_AJAS_RapeseedMeal,1.54,2.5195017075320947,2.6029979303998325,2.633983647399973,2.5854944284439667
FN,549,V44_86ef2a19c33e,Yang2025_Animals_Fishmeal,2.66,4.625708641137358,4.727798648936385,4.592628486192602,4.648711925422115
FN,550,V44_4e54d89e809c,Yang2025_Animals_Fishmeal,2.84,4.756962843459927,4.863373146605969,4.742552206693318,4.787629398919738
FN,551,V44_e41f1abda522,Yang2025_Animals_Fishmeal,3.44,4.335256365505231,4.42231311166502,4.262565176798444,4.340044884656231
FN,552,V44_05da3523d840,Yang2025_Animals_Fishmeal,3.0,3.760715316218554,3.872803279361527,3.608857215853766,3.7474586038112823
FN,553,V44_66aa93f63bf7,Yang2025_Animals_Fishmeal,3.23,6.475337990216175,6.390209339333795,6.350574174880364,6.405373834810111
FN,554,V44_6a274232ebe5,Yang2025_Animals_Fishmeal,4.13,5.251603461104504,5.32213768420698,5.228845991665116,5.267529045658867
FN,555,V44_e8c132d953df,Yang2025_Animals_Fishmeal,4.17,4.981354089761449,5.065069981472664,4.98286387552584,5.009762648919985
FN,556,V44_8a9c71290d98,Yang2025_Animals_Fishmeal,4.06,6.156661556335403,6.126279249150466,6.031633841394295,6.104858215626721
FN,557,V44_c87e940593df,Yang2025_Animals_Fishmeal,3.36,4.858992285875263,4.96720544335862,4.861724834762592,4.895974187998825
FN,558,V44_2c435a068545,Yang2025_Animals_Fishmeal,2.88,4.6514056530652566,4.756305003688201,4.650255547188953,4.685988734647471
FN,559,V44_aa2ec641ee01,Ju2008_AJAS_LysineSources,1.0,0.1516090402377559,0.0857198426437184,0.1995611259135268,0.14563000293166703
FN,560,V44_4bbf048b966d,Ju2008_AJAS_LysineSources,1.08,0.1730252144766666,0.1061432112935669,0.2117183273447072,0.16362891770498023
FN,561,V44_8f2aa7fbc626,Ju2008_AJAS_LysineSources,1.0,0.1772951270614156,0.1105590747854261,0.2144175705744544,0.16742392414043203
FN,562,V44_5f29676786c9,Ju2008_AJAS_LysineSources,0.98,0.1772951270614156,0.1105590747854261,0.2144175705744544,0.16742392414043203
FN,563,V44_164053cc27c6,Myrie2008_JAS_Antinutritive,2.82,2.266936154330764,2.3194587770371764,2.1787878012404254,2.2550609108694553
FN,564,V44_f93b152b733e,Myrie2008_JAS_Antinutritive,3.51,1.8986045236511435,1.984054110028032,1.7978815866560245,1.8935134067783999
FN,565,V44_531f93bfe0db,Myrie2008_JAS_Antinutritive,4.25,1.7358510213855638,1.8609484923254331,1.6415007914136588,1.7461001017082187
FN,566,V44_51af80d37f1e,Myrie2008_JAS_Antinutritive,3.4,1.8434831856441631,1.939516376500027,1.7404529494724637,1.8411508372055512
FN,567,V44_9b4f153302ae,Myrie2008_JAS_Antinutritive,3.26,2.2507256409150003,2.285881697635827,2.1333539740538026,2.2233204375348765
FN,568,V44_1a6ba40be6e5,Myrie2008_JAS_Antinutritive,4.5,2.1482402261924944,2.1940921721657087,2.060106290991349,2.134146229783184
FN,569,V44_04262ba2b491,Myrie2008_JAS_Antinutritive,3.19,2.096199510509708,2.1467853301012223,1.9751910403260613,2.072725293645664
FN,570,V44_545aae511971,Drew2012_JAS_GlycemicIndex,4.3,5.468722459500638,5.62516878543872,5.560908966376345,5.5516000704385675
FN,571,V44_a719624d599d,Drew2012_JAS_GlycemicIndex,5.2,8.462772626574228,8.53657308460264,8.468979146471487,8.489441619216118
FN,572,V44_db03dd303724,Drew2012_JAS_GlycemicIndex,5.6,6.360033644564666,6.2423507021893645,6.423249426723929,6.341877924492653
FN,573,V44_da1473f44169,Zervas2001_MSc_OatHull,6.1,4.896972999664349,4.948515083547303,5.074874013087475,4.973454032099709
FN,574,V44_cf89323e2825,Zervas2001_MSc_OatHull,6.8,6.409837053349442,6.197644162420874,6.38264697235526,6.330042729375191
FN,575,V44_5ef91c756085,Zervas2001_MSc_OatHull,8.0,7.424067699611195,7.197987708815328,7.235563386174184,7.285872931533569
FN,576,V44_caa9c43aa0da,Zervas2001_MSc_OatHull,6.7,6.738014325375064,6.912313395477621,6.823096432151816,6.824474717668167
FN,577,V44_4f5d57b51f1a,Zervas2001_MSc_OatHull,7.5,8.74142461622202,8.769039652539044,8.580860083816923,8.697108117525994
FN,578,V44_a2c11cff3d84,Zervas2001_MSc_OatHull,8.6,8.938030861043911,8.818376277891044,8.840797782553762,8.865734973829573
FN,579,V44_a27d3d38cd75,Zervas2001_MSc_FermentableFiber,5.1,6.447185667217131,6.462529249682701,6.3510079250705465,6.420240947323459
FN,580,V44_cc3cad3b696b,Zervas2001_MSc_FermentableFiber,5.7,7.366215506350409,7.089835015348138,7.330372934096596,7.262141151931715
FN,581,V44_4eb3e5873d37,Zervas2001_MSc_FermentableFiber,5.1,5.190121508273773,5.123371615584651,5.222896252020273,5.178796458626233
FN,582,V44_8ee112b494e5,Zervas2001_MSc_FermentableFiber,6.9,6.223364649706992,5.859555980252783,6.094344089414593,6.059088239791457
FN,583,V44_4d83207a1ec9,Zervas2001_MSc_FermentableFiber,6.8,6.122947831195633,5.762761649733556,6.240684893980963,6.042131458303384
FN,584,V44_5bc9fb23f13f,Zervas2001_MSc_FermentableFiber,10.7,10.280683451218556,10.580026497007644,10.426765778820336,10.429158575682179
FN,585,V44_88766c1c18fe,Zervas2001_MSc_FermentableFiber,11.9,11.631057320606494,11.737021749193712,11.66480511269668,11.677628060832296
FN,586,V44_cc3bec469281,Zervas2001_MSc_FermentableFiber,11.0,8.023875550562423,8.21807219761107,8.10285733937449,8.11493502918266
FN,587,V44_3f12bcbf9867,Zervas2001_MSc_FermentableFiber,12.9,9.9372395652229,10.155313284142824,10.01095148317668,10.034501444180801
FN,588,V44_562bbb354413,Zervas2001_MSc_FermentableFiber,14.9,11.204654768900042,11.58960700972607,11.58714490665534,11.460468895093816
FN,589,V44_7c9f2dd74a0f,Rakhshandeh2010_LivSci_SAA_ISS,2.1684705882352944,2.477557608719724,2.3115281217287573,2.3652759671268564,2.3847872325251127
FN,590,V44_4de19423f34d,Rakhshandeh2010_LivSci_SAA_ISS,2.225349397590361,2.859771821314131,2.6253184952971247,2.8327625104466354,2.772617609019297
FN,591,V44_bf4a6e520214,Rakhshandeh2010_LivSci_SAA_ISS,2.918175438596492,3.1172004776007043,2.894414216520633,3.160956005513969,3.057523566545102
FN,592,V44_199c201dbf0e,Jin2016_AJAS_Mealworm_Weaned,0.73,1.9336535384673572,1.8730341787148583,1.9459725325182664,1.9175534165668273
FN,593,V44_034cd80d369d,Jin2016_AJAS_Mealworm_Weaned,0.52,1.9583832767731293,1.8997959655853487,1.969973948966936,1.9427177304418046
FN,594,V44_cf075adba218,Jin2016_AJAS_Mealworm_Weaned,0.47,1.9860302346589105,1.9325861777613584,1.9962778586291208,1.9716314236831298
FN,595,V44_8765e1771255,Jin2016_AJAS_Mealworm_Weaned,0.42,1.998416949098452,1.947100186215437,2.007075983823057,1.984197706378982
FN,596,V44_9ba53a9fc0d5,Jin2016_AJAS_Mealworm_Weaned,0.37,2.014224198522551,1.9687645938976732,2.0255282605554337,2.0028390176585527
FN,597,V44_59025bba940d,Wellington2020_Animals_Thr_Fibre_FermentableProtein,6.93,5.140778519692471,5.221129701730299,5.097055560760764,5.152987927394512
FN,598,V44_c09960ad3756,Wellington2020_Animals_Thr_Fibre_FermentableProtein,6.47,5.057441431252053,5.119902677393402,5.007715688303073,5.061686598982843
FN,599,V44_e99752083884,Wellington2020_Animals_Thr_Fibre_FermentableProtein,5.75,5.087918944901308,5.15460483763816,5.039063428037673,5.093862403525714
FN,600,V44_6c4e6032bf04,Wellington2020_Animals_Thr_Fibre_FermentableProtein,7.21,5.176285877306264,5.260960575578212,5.139392828678525,5.192213093854334
FN,601,V44_b33ccb6fafd9,Wellington2020_Animals_Thr_Fibre_FermentableProtein,7.86,5.203551102319057,5.291257243338651,5.17229107825508,5.222366474637597
FN,602,V44_a6f83d1eb8b6,Wellington2020_Animals_Thr_Fibre_FermentableProtein,8.53,5.870822482848669,6.023997062352334,6.013143161817601,5.969320902339535
FN,603,V44_6318f1e135fd,Wellington2020_Animals_Thr_Fibre_FermentableProtein,8.57,6.280399734074464,6.403674417095386,6.427449912054263,6.370508021074705
FN,604,V44_9ea395c36820,Wellington2020_Animals_Thr_Fibre_FermentableProtein,7.78,5.954044904707937,6.059016521852839,6.0897469354826885,6.034269454014487
FN,605,V44_e28a16ce775b,Wellington2020_Animals_Thr_Fibre_FermentableProtein,8.11,5.988570807892944,6.08871834741731,6.125421196525308,6.067570117278521
FN,606,V44_be3d3e5ece41,Wellington2020_Animals_Thr_Fibre_FermentableProtein,8.41,5.895935567334523,6.055815684984485,6.0379473125237,5.9965661882809025
FN,607,V44_da7ee9668268,Wellington2020_Animals_Thr_Fibre_FermentableProtein,8.28,6.132268934227146,6.341508263796566,6.2379417217459086,6.237239639923207
FN,608,V44_f264640db62b,Wellington2020_Animals_Thr_Fibre_FermentableProtein,9.72,6.1641266025154575,6.379802651480727,6.269308249960574,6.271079167985586
FN,609,V44_030b93fd52e7,Wellington2020_Animals_Thr_Fibre_FermentableProtein,8.18,6.140719919464265,6.3509617119070425,6.246354845759149,6.246012159043485
FN,610,V44_580a0b3708b6,Wellington2020_Animals_Thr_Fibre_FermentableProtein,8.62,6.102332956553038,6.300785857618624,6.207112912250354,6.203410575474005
FN,611,V44_b51481233258,Wellington2020_Animals_Thr_Fibre_FermentableProtein,9.24,6.344941655483023,6.568549989564638,6.466472339804597,6.459987994950752
FN,612,V44_24616a4b598a,Wellington2020_Animals_Thr_Fibre_FermentableProtein,9.92,6.869453616254161,7.028718093077304,6.951737304464963,6.9499696712654755
FN,613,V44_0f0b34411b27,Wellington2020_Animals_Thr_Fibre_FermentableProtein,9.2,7.180904023572098,7.327677464025628,7.278596647837633,7.2623927118117875
FN,614,V44_36db91f1cea4,Wellington2020_Animals_Thr_Fibre_FermentableProtein,8.91,7.246259237098308,7.379428410201967,7.347841780628609,7.324509809309628
FN,615,V44_c9cb4c478d15,Wellington2020_Animals_Thr_Fibre_FermentableProtein,9.02,6.7280950482428254,6.874234228594082,6.806264654919492,6.8028646439188
FN,616,V44_4f972a6ceeb5,Wellington2020_Animals_Thr_Fibre_FermentableProtein,10.01,7.582165314840784,7.692282809704635,7.683331804535856,7.652593309693759
FN,617,V44_63a0a07a4806,Acosta2020_TAS_LactoseFP,1.16,1.5478991835054652,1.6074692097882846,1.624757877602243,1.5933754236319977
FN,618,V44_3c92812032e9,Acosta2020_TAS_LactoseFP,1.59,1.3375621600299636,1.2692055062779095,1.3747502891364682,1.3271726518147806
FN,619,V44_c76bcfe6d9ec,Acosta2020_TAS_LactoseFP,1.55,1.5018624485482288,1.4635510071190794,1.5754568256408064,1.513623427102705
FN,620,V44_cc362095061f,Acosta2020_TAS_LactoseFP,1.2,1.4313702911543975,1.389831206319566,1.485024865996058,1.4354087878233406
FN,621,V44_0b639729858d,Li2018_JAS_Pyruvate,9.31,6.110976147143055,6.126819786036066,6.16423793072341,6.13401128796751
FN,622,V44_679a1a266cfc,Li2018_JAS_Pyruvate,7.49,5.796678566766994,5.82243612580992,5.973399003242272,5.864171231939729
FN,623,V44_7aa01c13f8e3,Li2018_JAS_Pyruvate,6.36,5.231178696903631,5.248721991258261,5.280551502340368,5.253484063500753
FN,624,V44_fe210c8d244a,Mayer2026_TAS_SoybeanHulls,6.71,8.317927985760983,8.559050294777506,8.616159889335668,8.497712723291386
FN,625,V44_35be44f41364,Mayer2026_TAS_SoybeanHulls,9.03,8.933449228380898,9.16121281240079,9.187281873172232,9.093981304651306
FN,626,V44_da147dd2de30,Mayer2026_TAS_SoybeanHulls,10.01,9.342175750406287,9.374839824399457,9.139747755187456,9.2855877766644
FN,627,V44_b7ce4270c333,Mayer2026_TAS_SoybeanHulls,13.86,10.660253486596009,10.368955460293364,10.212461147219928,10.413890031369768
FN,628,V44_911a41f0e845,Hu2024_AnimalNutrition_YeastCulture,3.82,3.0597179885426,2.993223773525484,3.0909031152123374,3.0479482924268075
FN,629,V44_245854f95fd1,Hu2024_AnimalNutrition_YeastCulture,3.93,3.111140226745264,3.021248469070043,3.106057825825877,3.0794821738803946
FN,630,V44_8273179aaaeb,GeicsnekKoltay2022_Agriculture,8.5,7.618903998356008,7.6980574392544145,7.670700235758142,7.662553891122855
FN,631,V44_79eb0c0f8502,GeicsnekKoltay2022_Agriculture,6.71,7.090942714369966,7.114816930993589,7.0572430105528055,7.08766755197212
FN,632,V44_5408b729b6df,GeicsnekKoltay2022_Agriculture,6.76,6.341405334182604,6.308811585031655,6.329542474152026,6.326586464455429
FN,633,V44_d35ff514afdf,GeicsnekKoltay2022_Agriculture,8.76,7.430256298916052,7.481112659146746,7.4970955563029555,7.469488171455251
FN,634,V44_b7a598b5cce8,GeicsnekKoltay2022_Agriculture,6.41,6.592144352079789,6.55521224933914,6.567946943294856,6.571767848237928
FN,635,V44_782ab5acce86,GeicsnekKoltay2022_Agriculture,14.75,12.76115094165863,12.890132510161626,13.10285510872248,12.918046186847578
FN,636,V44_03c28d8c1694,GeicsnekKoltay2022_Agriculture,13.13,11.94976742144557,11.945642611216144,12.175511047155268,12.023640359938994
FN,637,V44_0cb6dfaa71b7,GeicsnekKoltay2022_Agriculture,6.33,5.978334109443742,6.012422549418336,6.008547578025949,5.999768078962677
FN,638,V44_e793ac9b2bf4,Zhang2020_Animals_Temperature,6.7,6.314911281760691,6.300963942644587,6.15084618068745,6.255573801697576
FN,639,V44_0bd07037a830,Zhang2020_Animals_Temperature,6.6,5.8329352834069,5.772167490741856,5.613031483064433,5.739378085737729
FN,640,V44_8b0c5c754e32,Zhang2020_Animals_Temperature,5.9,5.776144780163988,5.6926882960925855,5.558723144271614,5.675852073509396
FN,641,V44_e9b6625f1887,Zhang2020_Animals_Temperature,4.3,4.648800615023044,4.654800134224344,4.580634768002202,4.628078505749863
FN,642,V44_363bec9ef314,GeicsnekKoltay2022_Agriculture,12.92,10.617113448075312,10.57535366905439,10.809403343916676,10.667290153682126
FN,643,V44_08d7412f763e,GeicsnekKoltay2022_Agriculture,19.01,11.199254339291072,11.172631451296198,11.404300938400093,11.258728909662453
FN,644,V44_f741ad4349ab,GeicsnekKoltay2022_Agriculture,8.3,6.888422996409261,6.92893529823649,6.842932718566751,6.886763671070834
FN,645,V44_a1ad26e9fbce,GeicsnekKoltay2022_Agriculture,7.55,6.261560853923863,6.177297321474756,6.1470986296263765,6.1953189350083315
FN,646,V44_78d702b50bb1,GeicsnekKoltay2022_Agriculture,6.4,6.467795425532612,6.506010193848808,6.554745545857102,6.509517055079507
FN,647,V44_c5ad6a7ea17c,GeicsnekKoltay2022_Agriculture,5.68,6.1969361443350905,6.182661037198976,6.221505749146949,6.200367643560338
FN,648,V44_3d5bc674eb74,GeicsnekKoltay2022_Agriculture,5.72,5.94960906035714,5.940329364323774,6.012063764487208,5.9673340630560405
FN,649,V44_ef89b2a1b689,GeicsnekKoltay2022_Agriculture,5.88,7.00367329991893,7.008547063168051,7.029868411744929,7.014029591610637
FN,650,V44_c71ed9d826a9,GeicsnekKoltay2022_Agriculture,4.62,7.284365426845004,7.2837481054210365,7.333487453295064,7.300533661853701
FN,651,V44_96c3c8d3e673,GeicsnekKoltay2022_Agriculture,4.86,5.253482632068031,5.264784917575298,5.288681832959183,5.268983127534171
FN,652,V44_745346950404,Zhang2020_Animals_Temperature,4.6,5.283946176071739,5.244911838979835,5.123174559859331,5.217344191636968
FN,653,V44_f4b4d5c6f38a,Zhang2020_Animals_Temperature,4.8,4.363424571333422,4.396100275250908,4.3217982633850704,4.360441036656467
FN,654,V44_c131f2e81d26,GeicsnekKoltay2022_Agriculture,11.57,11.254984250632942,11.383988730034146,11.541530854534257,11.393501278400448
FN,655,V44_c0d88a876dfd,GeicsnekKoltay2022_Agriculture,13.8,10.630628332363328,10.65098169549087,10.8301915898343,10.703933872562834
FN,656,V44_638302669536,GeicsnekKoltay2022_Agriculture,10.06,8.735716521077723,8.878747561493615,9.041788089425966,8.885417390665767
FN,657,V44_8b684152dfa1,GeicsnekKoltay2022_Agriculture,10.27,8.656651435633986,8.761514828875018,8.872060549147804,8.763408937885602
FN,658,V44_22c0fc2b4f41,GeicsnekKoltay2022_Agriculture,5.19,6.2911723678245925,6.339466632007874,6.431699199335189,6.354112733055885
FN,659,V44_79d5098d3975,GeicsnekKoltay2022_Agriculture,8.27,7.060925619233,7.08312808277017,7.202966081508266,7.115673261170478
FN,660,V44_042502bb6ccd,Zhang2020_Animals_Temperature,11.2,8.541620499586902,8.538770851094068,8.797099859658733,8.625830403446567
FN,661,V44_9d372ab1b7ba,Zhang2020_Animals_Temperature,8.9,8.634428460319501,8.629225027740253,8.884450587391049,8.716034691816935
FN,662,V44_57c55c79219f,Zhang2020_Animals_Temperature,6.9,5.638388419060294,5.878049474030316,5.782295890626263,5.766244594572291
FN,663,V44_4bcfe2acd25e,Zhang2020_Animals_Temperature,5.0,4.407271580571031,4.58316742794275,4.3959776714141565,4.462138893309313
FN,664,V44_495f19ece4db,Mihaila2023_Agriculture,8.73,12.08689232624778,12.197167770191726,12.041330485681357,12.10846352737362
FN,665,V44_3828ad1ec57f,Mihaila2023_Agriculture,7.08,11.636428097517085,11.782639474915465,11.604473249102789,11.674513607178445
FN,666,V44_0afd884a1743,Mihaila2023_Agriculture,6.86,11.149379567224004,11.304737566145148,11.142322665822732,11.198813266397295
FN,667,V44_d05cbe2ad9c8,Yang2023_JAS,7.36,5.943371496568038,6.090454202838671,6.091247263660904,6.041690987689204
FN,668,V44_79e52f2d5ca2,Yang2023_JAS,6.33,4.9409935368256415,4.976977553332936,4.918993273821862,4.94565478799348
FN,669,V44_1ca155c7d7cc,Yang2023_JAS,9.48,7.352141757876446,7.399551089704106,7.266875714527317,7.339522854035956
FN,670,V44_ebf3a8c8c64b,Yang2023_JAS,9.11,7.355579904785684,7.383733937287942,7.265402791852637,7.334905544642088
FN,671,V44_577e86e1da4f,deQuelen2024_JAS,6.9,8.538536209158446,8.522187161906784,8.529050673023983,8.52992468136307
FN,672,V44_3b40f8d57795,deQuelen2024_JAS,9.8,10.341788941537532,10.235456917293703,10.325247273030556,10.300831043953929
UN,0,V44_0af1ffb33304,Antongiovanni2007_IJAS,23.402,28.547087785516368,28.353777533903152,28.84766218919369,28.582842502871074
UN,1,V44_d06f71a3aef3,Antongiovanni2007_IJAS,25.952,31.193122735600213,31.15681433370316,31.79508935263225,31.381675473978543
UN,2,V44_ea5f4d136df5,Antongiovanni2007_IJAS,25.117,31.997591158944918,31.96878586736553,32.602529672866794,32.18963556639241
UN,3,V44_c147ad2cb0cf,Deng2007_LivSci,6.76,7.24512877298746,7.305719578834265,7.708012178052538,7.419620176624754
UN,4,V44_f41d1254fe6c,Deng2007_LivSci,7.64,8.025196064025707,8.161924490886634,8.320839215107334,8.169319923339891
UN,5,V44_b5b70d4e1167,Deng2007_LivSci,8.93,8.967713694931241,9.061951249601355,9.071524207224185,9.033729717252262
UN,6,V44_857bc6e1be7e,Deng2007_LivSci,9.86,10.308933344532496,10.523965352051125,10.526860008537842,10.453252901707154
UN,7,V44_0210e134f840,Deng2007_LivSci,12.21,11.80116052282738,11.858598388799994,12.318191974273198,11.992650295300189
UN,8,V44_938a6c63f57e,GarciaValverde2007_LivSci,5.6626,11.60903387181526,10.748086713274114,10.740783181949284,11.032634589012886
UN,9,V44_e624971cc339,GarciaValverde2007_LivSci,5.4165,11.646234880929793,10.796544387786078,10.82772859816796,11.090169288961278
UN,10,V44_698ed1bda6d6,GarciaValverde2007_LivSci,11.9656,13.90390241508712,12.72255275672381,12.539307683274592,13.055254285028509
UN,11,V44_27ae9ea96c00,GarciaValverde2007_LivSci,7.3472,13.93547352350448,13.219161794877,13.455714384405027,13.536783234262169
UN,12,V44_4a01b313d0d1,Htoo2007_LPHB,6.16,3.236187277866346,3.329391178518332,3.9087606932289054,3.491446383204528
UN,13,V44_cbfa33914708,Htoo2007_LPHB,9.09,4.89282506050651,5.209008252571446,5.278984520758462,5.126939277945473
UN,14,V44_8b6c8f7e8935,Htoo2007_LPHB,7.01,3.2733201217025254,3.4982807943113903,3.901461966426076,3.557687627479997
UN,15,V44_c7736de05ce3,Htoo2007_LPHB,10.52,4.792415521860728,5.211107546258803,5.306109471361636,5.103210846493723
UN,16,V44_c16025c3ec6c,Li2007_LivSci,5.43,2.9877268017465184,3.116845104492377,3.0061520969946045,3.0369080010778333
UN,17,V44_129ef2062177,Li2007_LivSci,4.04,2.6253243508852258,2.761320332656748,2.68025944042901,2.6889680413236614
UN,18,V44_be357172baca,Li2007_LivSci,1.97,6.208449312801394,6.381573210836253,5.867665692053362,6.152562738563669
UN,19,V44_d63fb338451a,Li2007_LivSci,5.45,2.993547783828433,3.110742222197656,3.004705428559708,3.036331811528599
UN,20,V44_14b665d5f504,Liu2007_AJAS,13.21,5.784074975626933,5.569857066627471,5.5558630092062256,5.636598350486877
UN,21,V44_58fa123c75c8,Liu2007_AJAS,12.68,5.830200949889834,5.598292045911574,5.619843773778307,5.682778923193237
UN,22,V44_7c6a1048c9ed,Liu2007_AJAS,11.96,5.811698123693001,5.5826473932650345,5.591290620010874,5.66187871232297
UN,23,V44_f85e307ec6ed,Liu2007_AJAS,10.82,5.79989276763277,5.58112981303958,5.596168752752962,5.659063777808438
UN,24,V44_160e652d923d,Liu2007_AJAS,12.86,5.82590214694044,5.592127185423094,5.605478703444283,5.6745026786026065
UN,25,V44_4937ab380168,Liu2007_AJAS,12.14,5.826722772538631,5.590749765631357,5.61662118310035,5.678031240423446
UN,26,V44_04ea431f50f9,Liu2007_AJAS,11.0,5.819559200253828,5.581259530146863,5.604820224230196,5.6685463182102955
UN,27,V44_f2fe030f8106,Lynch2007_Animal_InulinCP,22.5,21.29597984079954,21.358263588312784,21.40009939161626,21.351447606909527
UN,28,V44_fc30d2159256,Lynch2007_Animal_InulinCP,20.47,19.507325201711804,19.41618674427116,19.002604449227128,19.30870546507003
UN,29,V44_6c5c47940a08,Lynch2007_Animal_InulinCP,36.39,24.271566442429787,25.76262349330708,24.757376062315643,24.930521999350834
UN,30,V44_239defa8fa3e,Lynch2007_Animal_InulinCP,34.75,23.90083490079499,25.385270798564303,24.53935981486068,24.608488504739995
UN,31,V44_b4e13c0ab937,Paiano2008_RBZ_ThrLysRatio,8.99,6.772587685777545,6.952129191925167,6.773438266536504,6.832718381413071
UN,32,V44_7a05270e8d47,Paiano2008_RBZ_ThrLysRatio,8.71,6.773247998615149,6.952699017447987,6.774158007529492,6.833368341197542
UN,33,V44_8bfd38b6ecbd,Paiano2008_RBZ_ThrLysRatio,8.49,6.762422536483097,6.939480777240707,6.766446042706898,6.822783118810233
UN,34,V44_dfada554bc48,Paiano2008_RBZ_ThrLysRatio,9.5,6.775557381624592,6.957810817052283,6.7771152308007165,6.836827809825864
UN,35,V44_b76e49e29b49,Paiano2008_RBZ_ThrLysRatio,9.76,6.757051747510275,6.922904723974055,6.765658803068288,6.815205091517538
UN,36,V44_19158ad5007c,Qiao2008_AJAS_MetCysRatio,8.85,5.112347089969415,5.047282525851768,5.187793595080001,5.115807736967061
UN,37,V44_3f35e82e9c5e,Qiao2008_AJAS_MetCysRatio,10.49,5.312707493311014,5.301527245258785,5.410014071655678,5.341416270075158
UN,38,V44_921033fd30a7,Qiao2008_AJAS_MetCysRatio,7.88,5.2329805955086846,5.1950048748198,5.31563894453367,5.247874804954051
UN,39,V44_d80151588345,Qiao2008_AJAS_MetCysRatio,9.62,5.099826363067103,5.005144324962584,5.144208286341296,5.083059658123662
UN,40,V44_9f6d1040f56f,Qiao2008_AJAS_MetCysRatio,7.66,5.306394379534739,5.284602571427286,5.396386434187767,5.329127795049931
UN,41,V44_aed90b010b75,Qiao2008_AJAS_MetCysRatio,6.91,5.294058701901293,5.267509773564927,5.385764154815139,5.31577754342712
UN,42,V44_5614ccb8e880,Qiao2008_AJAS_MetCysRatio,7.88,5.215366500315737,5.172324491717027,5.302769557728433,5.230153516587065
UN,43,V44_560f68889cf4,Paiano2009_ABMVZ,8.11,5.87112559793996,5.924065018227753,6.170450021589491,5.988546879252401
UN,44,V44_8d0a362a3b98,Paiano2009_ABMVZ,8.09,5.883720799267841,5.975061979798865,6.219698550456087,6.026160443174265
UN,45,V44_3c61d6e0c390,Paiano2009_ABMVZ,7.54,5.856268591966031,5.883116185632201,6.119054564667616,5.952813114088616
UN,46,V44_d16c5050c068,Paiano2009_ABMVZ,8.44,5.814192429764391,5.826092875060047,6.050318788675615,5.896868031166684
UN,47,V44_ca8e5af4be1e,Paiano2009_ABMVZ,8.71,5.865588436335027,5.909371257935446,6.153628570948493,5.976196088406321
UN,48,V44_0acba1bab97b,Yoo2009_AJAS,1.87,2.0499870497803023,2.178144951962484,2.0382792984768834,2.0888037667398898
UN,49,V44_c5cfe70d21d1,Yoo2009_AJAS,1.72,1.9173631414629104,2.0894471138423203,1.9276401459802148,1.9781501337618153
UN,50,V44_040132ac7fee,Yoo2009_AJAS,2.41,2.0699334427704894,2.193031262963448,2.063417790312741,2.108794165348893
UN,51,V44_52b44bd88601,Yoo2009_AJAS,1.96,1.873747931470394,2.028793266749064,1.9176948761278307,1.9400786914490962
UN,52,V44_fca224ce264a,Galassi2010_AFST,25.8,23.29623843257284,23.218958916260505,24.087965697574383,23.53438768213591
UN,53,V44_03e62c535f95,Galassi2010_AFST,23.8,29.67746705599945,29.634251471919008,29.52709524762595,29.61293792518147
UN,54,V44_72ac0dcd7074,Galassi2010_AFST,17.8,24.00132456358732,23.306329983800417,23.35577198903042,23.554475512139387
UN,55,V44_d63add74c0af,Galassi2010_AFST,17.8,25.1283386712862,24.37127775355716,24.503883814720545,24.667833413187967
UN,56,V44_7011b5923c4e,Acciaioli2011_AFST,19.6,8.40190545504006,8.665003069938242,8.793024156052434,8.619977560343578
UN,57,V44_609ec11213ac,Acciaioli2011_AFST,25.9,12.986855386149138,14.160239613621936,13.233781328253624,13.460292109341566
UN,58,V44_503453a3c7d3,Acciaioli2011_AFST,32.2,19.439848676863107,21.425839805684227,20.100726937904312,20.322138473483882
UN,59,V44_37f02e3d6bd2,Acciaioli2011_AFST,13.4,5.63343701052986,5.430528744981607,6.191533420872734,5.751833058794734
UN,60,V44_94a1aff246d9,Acciaioli2011_AFST,16.9,8.463673318912328,8.74258652679252,8.843255743250985,8.683171862985278
UN,61,V44_a91fbc5e5279,Acciaioli2011_AFST,22.4,13.025291951865755,14.21558728023021,13.274242608778582,13.505040613624848
UN,62,V44_9c54a253b704,Acciaioli2011_AFST,28.0,19.539633196399336,21.532325277720588,20.20845281983412,20.42680376465135
UN,63,V44_385340e7b59a,Acciaioli2011_AFST,11.3,5.699904589883697,5.509978074722737,6.254924431523955,5.821602365376795
UN,64,V44_08ce94e7e7c9,Hernandez2011_Animal_LowCP,26.5,23.19461918984771,23.572731263602364,23.485629475426173,23.417659976292082
UN,65,V44_4ae274573a61,Hernandez2011_Animal_LowCP,21.6,19.746467531245976,20.03627781744981,19.96165726395392,19.914800870883237
UN,66,V44_c12af4c45317,Hernandez2011_Animal_LowCP,24.8,23.04860177652149,23.51438432644934,23.426412581039635,23.329799561336824
UN,67,V44_17f7219bd99e,Hernandez2011_Animal_LowCP,20.2,15.169062582440825,14.77795897807999,15.07003555365284,15.00568570472455
UN,68,V44_ea9f1f5bb58b,Hernandez2011_Animal_LowCP,14.4,11.207935256756524,11.211037970231256,11.404808988343234,11.274594071777004
UN,69,V44_cdd89011e89b,Hernandez2011_Animal_LowCP,14.3,13.556627738682938,13.352712330141806,13.586989641054778,13.498776569959839
UN,70,V44_b0f9b92f7870,Liao2011_Boron_PDiet,29.85,19.619130973396416,19.73812498641469,19.877278552069605,19.74484483729357
UN,71,V44_67fb5d211683,Liao2011_Boron_PDiet,30.21,19.627235041882837,19.74494995843955,19.882232294184742,19.75147243150238
UN,72,V44_b2a1bb45e828,Liao2011_Boron_PDiet,31.84,19.647547865560988,19.76331105734446,19.9045012533136,19.771786725406347
UN,73,V44_b3c67d1dbcaa,Murphy2011_AFST,25.4,23.37140217247221,22.900332178191263,22.189933676758077,22.820556009140518
UN,74,V44_0eb428af2b79,Murphy2011_AFST,21.6,22.37403174724881,21.89028023630449,21.38849544843928,21.88426914399753
UN,75,V44_0ed97667dc8e,Murphy2011_AFST,23.6,22.733739317195635,22.03391006272265,21.88324949243676,22.216966290785013
UN,76,V44_580dee3b2d6e,Murphy2011_AFST,19.2,21.498307520972048,20.957759424676063,20.69741484949165,21.05116059837992
UN,77,V44_5778c44e2026,OShea2011_BetaGlucan,25.9,18.408855651508784,17.804458027832318,16.012486820589462,17.40860016664352
UN,78,V44_c59ad41ec29e,OShea2011_BetaGlucan,24.1,18.603268616399752,18.161577468912583,16.455985488022815,17.740277191111716
UN,79,V44_d03fbe92f9a2,OShea2011_BetaGlucan,30.6,17.587460545055194,16.479700083758857,14.52375683405756,16.19697248762387
UN,80,V44_f01b88cef240,OShea2011_BetaGlucan,33.0,17.92402587076753,16.898217489889504,14.929480066009326,16.583907808888785
UN,81,V44_786cc7020ce8,Osada2011_LowCP_GHG,20.7,14.682810215060474,14.212837688662365,14.467995775369287,14.454547893030709
UN,82,V44_e4ffc1edcb87,Osada2011_LowCP_GHG,12.3,8.694697582805603,9.131755959852256,8.909428505150846,8.911960682602901
UN,83,V44_33ab25cfc887,Varley2011_AAN,10.21,13.620137217224393,13.07984088450084,13.278555918969998,13.32617800689841
UN,84,V44_506378961d7f,Varley2011_AAN,21.48,28.61815114221993,28.05265922809589,28.147554497910125,28.27278828940865
UN,85,V44_1abb55bb6d13,Varley2011_AAN,16.46,22.38305375110596,21.651081807882733,22.11068204240363,22.048272533797444
UN,86,V44_dbae9ab0792c,Varley2011_AAN,15.24,21.852846998541,21.079259694688865,21.58502313336759,21.50570994219915
UN,87,V44_253c6d3c5a89,Varley2011_P_PHY,8.459,6.370589395039446,6.273762675899867,6.269230543878134,6.304527538272482
UN,88,V44_496d7f7f5dcb,Varley2011_P_PHY,8.348,6.509820081686941,6.409100509304369,6.418334027836663,6.445751539609325
UN,89,V44_69e30aedbe92,Varley2011_P_PHY,5.989,6.208932488622534,6.106833149072609,6.128077446448773,6.147947694714639
UN,90,V44_2827901fd5f0,Blank2012_AAN,15.2,5.473832008878572,5.469645724640365,5.532170936888782,5.491882890135908
UN,91,V44_1a047f88589e,Blank2012_AAN,15.4,6.797029731630056,6.721110394624235,6.862713540269976,6.793617888841422
UN,92,V44_581e1615943f,Blank2012_AAN,16.5,7.824812683565666,7.859198049327066,7.944335150876357,7.876115294589696
UN,93,V44_9927b792a8f5,Blank2012_AAN,17.7,8.833062399063056,8.64654394656998,8.76669851909325,8.748768288242095
UN,94,V44_42437784f33f,Blank2012_AAN,15.1,6.59906557114473,6.516474808822905,6.587268387292892,6.567602922420176
UN,95,V44_b20fd4bd2a36,Blank2012_AAN,14.3,8.22786728096473,8.051328813212585,8.385649067177841,8.221615053785053
UN,96,V44_43ab48de8c59,Blank2012_AAN,14.2,7.531700837715283,7.358808621880611,7.697330873122501,7.529280110906131
UN,97,V44_0fa7c76fe191,Blank2012_AAN,14.9,8.064065471362053,7.887658496931495,8.207585332028751,8.053103100107434
UN,98,V44_6b996bfecd0c,Koopmans2012_JAS,3.7,4.108588356601913,3.977141504672672,3.779216833856162,3.954982231710249
UN,99,V44_c75650a8fae4,Koopmans2012_JAS,3.7,4.290386882458411,4.1636730559987045,3.938350593107592,4.130803510521569
UN,100,V44_58bc6bd76f28,Opapeju2012_Animal,5.92,4.8665488346827335,4.81571873829868,4.842000072134527,4.84142254837198
UN,101,V44_cd9f20768a88,Opapeju2012_Animal,4.39,4.873282418670613,4.821566023443046,4.847749578503255,4.847532673538971
UN,102,V44_553870a752e7,Opapeju2012_Animal,4.42,4.899403646908923,4.855024662494237,4.889297552870048,4.881241954091069
UN,103,V44_88be35d31b41,Opapeju2012_Animal,3.5,4.883164936678641,4.847797610182516,4.888200257721208,4.873054268194122
UN,104,V44_b420c6eb7e04,Opapeju2012_Animal,5.27,4.885443582415029,4.8426056143766445,4.877814550692347,4.86862124916134
UN,105,V44_56afa7edaca5,Opapeju2012_Animal,4.68,4.922236992340651,4.877029461458706,4.911150823322562,4.903472425707307
UN,106,V44_38da75e7eaf5,Opapeju2012_Animal,4.21,4.893808528080679,4.856669747508938,4.897155878680632,4.882544718090084
UN,107,V44_351dd8736c12,Patras2012_JAS,13.9,7.6861471590966755,7.804549636179441,7.501634702362088,7.664110499212735
UN,108,V44_e09e386b914a,Patras2012_JAS,13.0,10.725071245349694,10.27947436896435,10.607376807390184,10.537307473901409
UN,109,V44_4a8434d32668,Patras2012_JAS,8.0,6.300603170298599,6.3697077887283005,6.322853088181417,6.3310546824027725
UN,110,V44_8bc44d01cccb,Patras2012_JAS,6.7,6.49505666557607,6.5440524087307255,6.761984876257556,6.600364650188117
UN,111,V44_45649674b8bd,Wochner2012_Semina,10.03,6.035655570342357,6.127694375733182,6.123148488686744,6.095499478254094
UN,112,V44_ccc1fc6ba334,Wochner2012_Semina,8.22,6.027705403777605,6.099910368009288,6.105369443254102,6.077661738346998
UN,113,V44_20c3371c9112,Wochner2012_Semina,9.17,6.031571902282241,6.109899189320065,6.112520875845664,6.084663989149323
UN,114,V44_20784459e90e,Wochner2012_Semina,9.19,6.024974154233027,6.095219701259198,6.102402926691089,6.074198927394438
UN,115,V44_0fcd09a4a8d9,deRidder2012_JAS,4.12,4.513640349112658,4.559629426329603,4.92275257494974,4.665340783464001
UN,116,V44_f1a9ed2c8b32,deRidder2012_JAS,3.28,4.515601722800652,4.562422305072357,4.92516931993537,4.667731115936127
UN,117,V44_fe13f4ad91be,deRidder2012_JAS,3.17,4.515237817059039,4.557959568531396,4.923425604923476,4.6655409968379695
UN,118,V44_b09a7c45efed,deRidder2012_JAS,3.15,3.4911449418416742,3.5118171357442627,3.736775937103525,3.5799126715631537
UN,119,V44_7632b5fb039c,deRidder2012_JAS,2.7,3.485775864791023,3.506999786753476,3.730355739839532,3.5743771304613436
UN,120,V44_b153dd2a8ea7,deRidder2012_JAS,2.5,3.485539130410727,3.505179279804171,3.7299972144247446,3.5735718748798804
UN,121,V44_52bcbfdeb535,deRidder2012_JAS,3.1,2.0932298935525058,2.142336625604182,2.216990127661825,2.150852215606171
UN,122,V44_cba91cf27a41,deRidder2012_JAS,2.49,2.0776543365149784,2.136067077491287,2.199722213277552,2.137814542427939
UN,123,V44_3d66474f86a6,deRidder2012_JAS,2.3,2.039058806596717,2.0787783357007665,2.159183896254872,2.0923403461841183
UN,124,V44_b2c65fe39cef,deRidder2012_JAS,2.87,1.249215089803393,1.5374010464060266,1.322064715012825,1.3695602837407481
UN,125,V44_96b2b8177ad4,deRidder2012_JAS,2.27,1.24864379691871,1.5395296993462146,1.3206403957660822,1.3696046306770022
UN,126,V44_8af15b3edd74,deRidder2012_JAS,2.2,1.241826433710914,1.5339155728647196,1.3124016480352676,1.362714551536967
UN,127,V44_1a9fe2c63143,deRidder2012_JAS,2.77,1.60409655596899,1.863549610844064,1.684706568942442,1.7174509119184986
UN,128,V44_907baa49f326,deRidder2012_JAS,2.33,1.4614650700815712,1.695925039493023,1.5326321203566646,1.5633407433104196
UN,129,V44_a52353c36c05,deRidder2012_JAS,2.41,1.6518180984235595,1.9216043155262048,1.7351613174240723,1.7695279104579456
UN,130,V44_5c7ab7df53be,Otten2013_ArchTierz,17.548,14.517159678167811,13.93599439570479,14.151516709339552,14.201556927737386
UN,131,V44_c150e2188fda,Otten2013_ArchTierz,18.104,15.006665205859605,14.872156108115634,14.960752676895058,14.94652466362343
UN,132,V44_d75fa77c03dc,Otten2013_ArchTierz,19.286,15.152531984567569,15.199948038841653,15.261778472063632,15.204752831824285
UN,133,V44_b6c03166fb2a,Otten2013_ArchTierz,18.904,14.853142577826883,14.79871552579607,14.771044172092598,14.807634091905184
UN,134,V44_6b8e3e1a16e8,Otten2013_ArchTierz,15.286,13.517655685650094,13.477662899721832,13.729863473508662,13.575060686293531
UN,135,V44_d4d11430e5d9,Otten2013_ArchTierz,16.03,14.468493695066975,14.62960418938513,14.675963544633037,14.591353809695049
UN,136,V44_369cd00730ec,Mariscal2014_JASB,12.6,6.550243967815504,6.906158212171178,6.608367883065439,6.688256687684041
UN,137,V44_cc0afc581918,Mariscal2014_JASB,11.9,6.510268873187271,6.862326890571337,6.570733719726666,6.647776494495091
UN,138,V44_9d3e60b2edc4,Mariscal2014_JASB,13.2,6.55801218150945,6.9032325371799725,6.615353748326978,6.692199489005467
UN,139,V44_b1ee8c6d6ce9,Mariscal2014_JASB,12.0,6.583984241894896,6.93019115385686,6.639472286121238,6.717882560624332
UN,140,V44_4a27eb2cae6c,Mariscal2014_JASB,10.2,6.0164830202620605,6.3699494604727045,6.090511426166771,6.1589813023005116
UN,141,V44_f9f7e386b9e7,Mariscal2014_JASB,12.1,5.902284116041247,6.267108426179299,5.969463365897833,6.046285302706127
UN,142,V44_48f0d809c65f,Mariscal2014_JASB,12.2,6.1339595217604925,6.528706030414725,6.198615887456811,6.287093813210675
UN,143,V44_3d3fa5385c49,Norgaard2014_Finisher_LowCP,13.5,13.824593392589584,13.739057120056382,13.298680384165598,13.620776965603854
UN,144,V44_677d704a3bea,Norgaard2014_Finisher_LowCP,16.1,14.808582095955035,14.873390840518416,14.193578184829654,14.625183707101035
UN,145,V44_f900474360de,Norgaard2014_Finisher_LowCP,17.7,15.34895993035944,15.69110216146372,14.854580148224828,15.298214080015995
UN,146,V44_545964d9d7ee,Norgaard2014_Finisher_LowCP,22.5,18.5192363125615,18.84810064337854,17.80818047902748,18.391839144989174
UN,147,V44_91413038d0b1,Prandini2014_JAS,20.87,20.21307390197577,21.165927989661245,21.03773606014804,20.805579317261685
UN,148,V44_6acc656266ad,Prandini2014_JAS,16.26,16.75694313347308,17.191509540272484,17.213592699613603,17.054015124453056
UN,149,V44_33f5d1751647,Prandini2014_JAS,17.79,16.961378033450266,17.505255362253116,17.439951974543575,17.302195123415654
UN,150,V44_83623b2f06b4,Prandini2014_JAS,16.49,16.776761961276424,17.219961166522005,17.238757819825466,17.078493649207967
UN,151,V44_a8370bb85861,Prandini2014_JAS,30.5,21.401446036323744,21.11809750068438,21.666267521319007,21.39527035277571
UN,152,V44_28ab46fb14f9,Prandini2014_JAS,22.99,14.914059545082717,15.160010497927168,15.079221773012504,15.051097272007462
UN,153,V44_76df424f5221,Prandini2014_JAS,23.28,14.496597745448607,14.66166073313569,14.629128678906849,14.595795719163716
UN,154,V44_913b49187dc7,Prandini2014_JAS,21.71,14.33424236238339,14.497098081672256,14.473975932123462,14.435105458726369
UN,155,V44_fd0e33a1890b,Prandini2014_JAS,38.72,28.976384294007605,28.90930891663105,28.84836879159255,28.91135400074374
UN,156,V44_03f04ebcc446,Prandini2014_JAS,28.14,19.60735225925641,20.285965860244332,19.773105517964996,19.888807879155248
UN,157,V44_4f8c9d8000c6,Prandini2014_JAS,28.96,19.02271916811237,19.695288486984737,19.16139196992484,19.29313320834065
UN,158,V44_d4d4c96cdb9a,Prandini2014_JAS,27.82,18.98511097546905,19.61532841809668,19.12194783279143,19.24079574211905
UN,159,V44_07ff8b3fec88,RojasCano2014_OSS_IBDU,21.13,19.15773772365448,18.83671814321808,19.10022469499747,19.031560187290008
UN,160,V44_5f0b67f9f9f2,RojasCano2014_OSS_IBDU,20.51,17.277356209557134,16.99141529824438,17.10701364095802,17.125261716253178
UN,161,V44_dc8df3c3a0b2,RojasCano2014_OSS_IBDU,20.37,17.023580714909887,16.787351997842663,16.963505082652297,16.924812598468282
UN,162,V44_73fd5e6a3dbf,RojasCano2014_OSS_IBDU,20.28,17.76848018201015,18.322083605933003,17.96555752065995,18.0187071028677
UN,163,V44_9ff5f916ddbe,Zhang2014_ThrLys_Weaned,1.9,2.576687582363485,2.3261115072092498,2.267019868354449,2.389939652642395
UN,164,V44_94663c94bfec,Zhang2014_ThrLys_Weaned,2.03,2.62107996443838,2.3816293298286624,2.314606259371798,2.43910518454628
UN,165,V44_ca2eed467767,Zhang2014_ThrLys_Weaned,2.1,2.6720417484888745,2.445372646136565,2.377305792685084,2.498240062436841
UN,166,V44_4d7d772ec3ab,Choi2015_AAJS,7.7,5.461567568883986,5.400309323734133,5.397764914178052,5.4198806022653905
UN,167,V44_e662dc83f548,Choi2015_AAJS,8.11,5.118465931775831,4.872219463541982,4.920448016159038,4.970377803825617
UN,168,V44_03e001025790,Choi2015_AAJS,7.74,5.253635553020726,5.162544588243674,5.135476812045238,5.183885651103213
UN,169,V44_379bde713a41,Choi2015_AAJS,7.83,5.298725908629502,5.187013924087222,5.161193818273491,5.2156445503300715
UN,170,V44_f36022163fda,Choi2015_AAJS,8.23,5.196699771775461,5.02480850405543,5.029010776999406,5.0835063509434315
UN,171,V44_0a189c566ab6,Elsbernd2015_JAS,14.3,20.8046409658562,20.861980576191243,21.583282842200035,21.083301461415825
UN,172,V44_5413af89449d,Elsbernd2015_JAS,25.1,21.5993328462394,21.72539292550606,22.477749459707056,21.934158410484173
UN,173,V44_ae311bfb4106,Elsbernd2015_JAS,11.4,19.22332084763849,19.1078091436724,19.746791431018657,19.359307140776515
UN,174,V44_828e879bfb3e,Elsbernd2015_JAS,22.6,22.08528298682504,22.259786550582053,23.028503191295773,22.45785757623429
UN,175,V44_3a66bc44bdcd,Elsbernd2015_JAS,24.9,30.600257675073458,30.97079980526454,31.353339086033955,30.97479885545732
UN,176,V44_1af63ba83153,Elsbernd2015_JAS,38.0,30.546380060489938,30.906327838042127,31.294814825556184,30.91584090802942
UN,177,V44_e882a90d6c32,Elsbernd2015_JAS,23.2,29.72512501745148,29.90776070064405,30.389020174479604,30.00730196419171
UN,178,V44_bf9d1ed3eebf,Elsbernd2015_JAS,43.4,33.95547056922644,34.992046291798246,34.902748518364405,34.61675512646303
UN,179,V44_40771fea2912,Elsbernd2015_JAS,29.3,31.832628382010345,31.32223688402095,31.53246875261916,31.562444672883487
UN,180,V44_1498b1d7d086,Elsbernd2015_JAS,38.6,31.96956063442832,31.475292508571343,31.673527226591226,31.706126789863628
UN,181,V44_c94723c37fdc,Elsbernd2015_JAS,40.6,34.48462082125124,34.32220538450797,34.20600988991448,34.33761203189123
UN,182,V44_1d9ae2d05916,Elsbernd2015_JAS,47.1,34.994057555789524,34.90628583869149,34.71359970498996,34.871314366490324
UN,183,V44_bff5c4f01a2d,Galassi2015_IJAS,32.6,24.49434780047329,23.69259497481332,23.97888020868489,24.0552743279905
UN,184,V44_09fac5923a27,Galassi2015_IJAS,24.3,15.865891747954262,15.56319064781923,15.834109179158212,15.754397191643902
UN,185,V44_19e8b32cb747,Galassi2015_IJAS,21.0,13.614394452019718,13.552916636675375,13.658416530661531,13.608575873118875
UN,186,V44_0a80fab56b2d,Norgaard2015_CAA,9.2,12.689840555842247,12.163129222913325,12.41629885009312,12.423089542949564
UN,187,V44_d1d4d50940e1,Norgaard2015_CAA,8.9,12.06421704295439,11.512133055864568,11.76220858135224,11.779519560057066
UN,188,V44_f66667beb998,Pilcher2015_JAS,23.0,25.28636742950027,24.36547531598275,24.079915928269735,24.577252891250918
UN,189,V44_91b858b71eaa,Pilcher2015_JAS,26.4,31.40194042741386,31.615037897910035,31.494443360310765,31.503807228544886
UN,190,V44_0960f7bbf206,Pilcher2015_JAS,23.1,24.163981235197788,23.91859760574081,23.495923488025845,23.859500776321482
UN,191,V44_6d42746a3894,Pilcher2015_JAS,26.3,32.76987454890846,32.2150355839639,32.391030435719884,32.45864685619741
UN,192,V44_fff9402b4f98,Pilcher2015_JAS,24.6,28.99020515180865,28.395761611338305,28.185587317324543,28.523851360157167
UN,193,V44_1ef962e215ee,Pilcher2015_JAS,24.8,28.96968006427804,28.38032975359731,28.17393541016133,28.507981742678894
UN,194,V44_b90616a6f63e,White2015_AFST,21.0,29.415388406311934,30.146342000403397,30.58420277982789,30.048644395514405
UN,195,V44_120abfe557de,White2015_AFST,18.4,26.038787245668026,26.65100583090464,27.029890402398077,26.573227826323585
UN,196,V44_a27d34879ed8,White2015_AFST,20.6,28.41750799426497,28.61536902413082,29.096925883303605,28.70993430056647
UN,197,V44_8420bfcc3965,White2015_AFST,20.0,27.54877499084092,28.147442978408662,28.557369100958173,28.084529023402585
UN,198,V44_59560b79e4ad,White2015_AFST,14.8,21.08370677936997,21.45838002232135,22.01254488111707,21.51821056093613
UN,199,V44_5bcfca77fc29,White2015_AFST,15.2,19.43869435219885,19.556271123424477,20.211745579850977,19.73557035182477
UN,200,V44_d8c6bef4eff7,White2015_AFST,18.6,22.27007960491875,22.056353458608054,23.031978882424674,22.452803981983823
UN,201,V44_b0df094aeaa2,White2015_AFST,18.0,21.00865415488604,21.187007097925974,21.95983724305766,21.385166165289892
UN,202,V44_1f32d10b6c30,Acosta2016_JAS,39.2,21.750275469709457,21.726030738795124,21.15903331140135,21.545113173301974
UN,203,V44_1fb60cab8c26,Acosta2016_JAS,39.4,22.94417977457189,23.344655108493107,22.84851756362479,23.045784148896598
UN,204,V44_97d2cfccae03,Acosta2016_JAS,41.7,20.288674471034938,20.090433883567613,20.069361588997506,20.14948998120002
UN,205,V44_66ce986dec3e,Acosta2016_JAS,44.6,26.19586246347725,26.423409202039306,25.779993525389315,26.133088396968628
UN,206,V44_dfed0f32e884,Acosta2016_JAS,43.4,29.035001256272487,29.60837779479813,28.997346794427965,29.21357528183286
UN,207,V44_bb483fb33ce7,Acosta2016_JAS,36.4,19.74300270269267,21.372948258271528,20.126228708813198,20.4140598899258
UN,208,V44_2bdee5c5fbc2,Acosta2016_JAS,33.6,17.970549897863986,20.042508866934934,19.35703762109764,19.12336546196552
UN,209,V44_8dfd7a2f4752,Acosta2016_JAS,36.1,20.50282321756169,20.564388830057407,20.312074001517143,20.459762016378747
UN,210,V44_af4d83e5803f,Acosta2016_JAS,36.6,24.30308598601852,25.25542731181935,24.37579083152429,24.64476804312072
UN,211,V44_c3d796c4e30a,Acosta2016_JAS,39.8,27.21391323167024,28.84210186598045,28.282835479113466,28.112950192254715
UN,212,V44_6589a0c43394,Batorek2016_IC_FatContent,25.5,24.28002506647644,24.383826234740468,23.81330621236637,24.15905250452776
UN,213,V44_fe64abe43a71,Batorek2016_IC_FatContent,49.9,43.130751445743726,43.19303984178478,43.12837036731683,43.15072055161511
UN,214,V44_c6b7db3674f3,Batorek2016_IC_FatContent,46.1,35.860490138093354,36.79613743432737,35.95638405930074,36.20433721057382
UN,215,V44_1f5b5efe2139,Ceron2016_MVZ,7.53,7.097797071903703,7.034067221990413,7.148373002524908,7.093412432139675
UN,216,V44_4f9d73cae0fd,Ceron2016_MVZ,8.32,8.117160271425819,8.06739754614455,8.195648740185058,8.12673551925181
UN,217,V44_962416d5a2b3,Ceron2016_MVZ,12.31,9.66697945781736,9.500248590821936,9.508326641230642,9.558518229956645
UN,218,V44_2e2651b9d523,Ceron2016_MVZ,14.28,14.084484690761704,13.58533051369464,13.758538991322798,13.809451398593046
UN,219,V44_91c5a182d15c,Kong2016_AFST,2.7,2.906477542913618,2.7476052959448625,2.8482501786524583,2.8341110058369794
UN,220,V44_f5cf6427d5e0,Kong2016_AFST,2.34,2.8678027754548427,2.711530693704386,2.8126989354758614,2.7973441348783634
UN,221,V44_730ba1679820,Kong2016_AFST,1.7,2.8994180649987005,2.7442714497958924,2.844524546886511,2.8294046872270346
UN,222,V44_b00a11c0ca58,Kong2016_AFST,1.92,2.923083187977806,2.765979601172589,2.866415629375254,2.8518261395085496
UN,223,V44_1447c6607c9e,Kong2016_AFST,1.8,2.8178498647297925,2.664251805411321,2.7654131994941107,2.749171623211742
UN,224,V44_bf6e4fe90281,Kong2016_PeerJ,3.65,1.6551011009144556,1.7831535427531868,1.9741998313197868,1.8041514916624763
UN,225,V44_01cd499a3a16,Kong2016_PeerJ,3.375,1.6813418750903306,1.8034652637619784,2.000156668134583,1.8283212689956307
UN,226,V44_cabeff76be68,Kong2016_PeerJ,3.025,1.7586654615304609,1.8775012414950856,2.078097198083544,1.90475463370303
UN,227,V44_f08fafddb735,Kong2016_PeerJ,3.575,1.6801609162021125,1.8050371189395271,1.9990358047266703,1.82807794662277
UN,228,V44_095bab6526ba,Kong2016_PeerJ,2.775,1.781159916544132,1.8988715250927568,2.1003214991031776,1.926784313580022
UN,229,V44_841a7e83884f,Rudar2016_JAS,2.82,4.39548753162026,4.217145096789568,4.113385563696237,4.242006064035355
UN,230,V44_0e32e9ff570f,Rudar2016_JAS,5.54,4.217054677901768,4.036323861229918,3.944802855401133,4.066060464844273
UN,231,V44_349036dd3930,Rudar2016_JAS,2.86,5.051092833671159,4.928673929610116,4.903998945930291,4.961255236403855
UN,232,V44_25565275aa78,Rudar2016_JAS,5.46,4.173903366368557,3.9978164417207305,3.894427405533508,4.022049071207598
UN,233,V44_c0e92faef52b,Rudar2016_JAS,3.18,4.9812844902773845,4.855323260886371,4.829750153010044,4.888785968057933
UN,234,V44_80c10f863897,Rudar2016_JAS,6.04,4.156552863935218,3.973794789638729,3.9097512016768894,4.013366285083612
UN,235,V44_da0af652d6d8,Rudar2016_JAS,3.8,4.957851663635447,4.82815073109841,4.823484785687119,4.869829060140325
UN,236,V44_49d946495280,Chen2017_AKG,14.53,12.054143204527788,12.81067095937996,11.74659320712195,12.2038024570099
UN,237,V44_1c22da2d4429,Chen2017_AKG,10.97,12.100654051166591,12.98720681931493,11.856849310021335,12.31490339350095
UN,238,V44_3f8270a621ab,Do2017_RSM_WeaningToFinishing,3.75,4.289271427221655,4.13340629382741,4.357536524855635,4.260071415301567
UN,239,V44_a450570e8d69,Do2017_RSM_WeaningToFinishing,3.2,4.379064679844006,4.135388210581463,4.456121231509907,4.323524707311791
UN,240,V44_3b11e5e67905,Do2017_RSM_WeaningToFinishing,3.15,4.284850265933431,3.9954092258187286,4.354648267591893,4.211635919781351
UN,241,V44_a729eadad21b,Do2017_RSM_WeaningToFinishing,4.17,4.095591889540002,3.813195164600983,4.182864214484567,4.0305504228751845
UN,242,V44_a1af0b81fa68,Do2017_RSM_WeaningToFinishing,3.57,4.0824144909045295,3.858353715004408,4.138070058943376,4.026279421617438
UN,243,V44_ad03eef2c909,Lee2017_LivSci,9.29,14.149402763246124,15.167856769607289,15.166802645789211,14.828020726214207
UN,244,V44_ff2ea7f66928,Lee2017_LivSci,8.51,14.176613567256249,15.199045340007672,15.200172083150344,14.858610330138086
UN,245,V44_c39e86ee9d98,Lee2017_LivSci,9.88,13.965494180751396,14.95063921820478,14.948475219512344,14.621536206156174
UN,246,V44_26874a39aa21,Tusnio2017_PLOSOne,5.443546,3.285771508366365,3.3469751716029466,3.3345578664116484,3.3224348487936535
UN,247,V44_b1f07415ee1c,Tusnio2017_PLOSOne,4.479174,3.894809342208213,3.998664323547806,3.926704408746966,3.940059358167662
UN,248,V44_f6728a45308b,Tusnio2017_PLOSOne,4.778619,3.947968927720917,4.0371473557233655,3.989229675899996,3.9914486531147593
UN,249,V44_603508636b31,Koo2018_FermentedGrain,2.4,3.2917629893831712,3.21216641591349,3.128578307147368,3.2108359041480097
UN,250,V44_329ed8236096,Koo2018_FermentedGrain,1.7,4.373256360893685,3.951078865815554,4.1268045852392765,4.150379937316171
UN,251,V44_b1d727c87d6e,Koo2018_FermentedGrain,1.7,3.761788132304544,3.479100550428279,3.6065357449476,3.615808142560141
UN,252,V44_554440c4fc77,Koo2018_FermentedGrain,2.8,3.905825856958648,3.7310129720380543,3.731365581163182,3.7894014700532943
UN,253,V44_89ef2de2d070,Koo2018_FermentedGrain,2.2,4.984526000023554,4.397465657163009,4.62461081382386,4.668867490336808
UN,254,V44_b4005a6015fc,Koo2018_FermentedGrain,1.9,4.5557792559006565,4.051349053335087,4.222826538019278,4.276651615751674
UN,255,V44_b195fb41cc02,Lyu2018_AFST,10.1,12.382657460345214,12.340773125560702,12.436546055334864,12.386658880413593
UN,256,V44_a5da0da82060,Lyu2018_AFST,8.9,11.647166134067596,11.40687063778469,11.535438395157724,11.529825055670004
UN,257,V44_42b9a024cfeb,Lyu2018_AFST,7.6,12.214122508708355,11.558360328676224,11.810837037711831,11.861106625032136
UN,258,V44_901abac849f4,Neumann2018_Animals172,22.6070883797597,31.463971718275666,30.51109296202609,31.02798587839736,31.001016852899706
UN,259,V44_c0bd4ca3ea41,Neumann2018_Animals172,19.1755420186795,32.33002177814619,31.475888149178125,32.073939736552774,31.959949887959027
UN,260,V44_34dcb468c76c,Neumann2018_Animals172,14.4563899495976,25.348991158437,24.95965665884701,25.69354640961846,25.334064742300825
UN,261,V44_397f309a76df,Neumann2018_Animals172,15.1245733436024,28.5067527150658,28.316026921998763,28.975674563580476,28.599484733548348
UN,262,V44_8ab9bf5a8df6,Neumann2018_Animals172,19.8506121553725,27.603282546216423,27.151508007198057,27.888390589032056,27.54772704748218
UN,263,V44_8377e6943bf2,Neumann2018_Animals172,9.56940062333383,19.89855861507612,18.122623869952,18.56779691210045,18.86299313237619
UN,264,V44_2f6b2d054405,Neumann2018_Animals172,7.57534314564448,22.515857424153246,20.471298079285727,21.013998874368696,21.33371812593589
UN,265,V44_e1636f47c3cb,Neumann2018_Animals172,8.38971928754339,16.590877607747057,15.414675844674582,16.339727104460653,16.115093518960762
UN,266,V44_f7bc4a19dd70,Neumann2018_Animals172,7.27014971157499,15.89231773019802,14.724702773404925,15.667377942742837,15.428132815448594
UN,267,V44_ff184715689b,Santosa2018_AFST,6.05,4.976085802421738,5.018752287391265,5.102530300989206,5.032456130267403
UN,268,V44_bc0f83f66f4d,Santosa2018_AFST,4.99,4.9808726934697205,5.015866081754227,5.102649025121295,5.0331292667817475
UN,269,V44_54041b7aaeb7,Santosa2018_AFST,4.91,4.952907663875137,4.9929429802321135,5.079463191492057,5.008437945199769
UN,270,V44_498303fd128c,Santosa2018_AFST,4.16,4.9657661469589,5.006862285422043,5.093149445607886,5.02192595932961
UN,271,V44_1e3df4751846,Santosa2018_AFST,6.01,4.995835781654267,5.031747633016185,5.11776436601227,5.048449260227574
UN,272,V44_c6ffa54ff679,Santosa2018_AFST,4.34,4.9406191665551535,4.981836777394185,5.068057430080107,4.996837791343148
UN,273,V44_becca0774a4f,Santosa2018_AFST,4.26,4.933579265241277,4.973783323767473,5.061049958043051,4.989470849017267
UN,274,V44_795b9cb117ca,Wu2018_JAFC_LPAA,10.2,7.27819852940282,7.295102450743976,7.527475133047334,7.36692537106471
UN,275,V44_1775283300a2,Wu2018_JAFC_LPAA,11.2,8.279933674301153,8.311123228580035,8.41123540708653,8.334097436655906
UN,276,V44_4c1ba794fefd,Wu2018_JAFC_LPAA,13.0,11.334087187831251,11.254289142422785,11.242512116745242,11.276962815666428
UN,277,V44_eb05166a08ca,Wu2018_LowProtein_AAUtilization,10.2,6.674446946938181,6.823525271445668,6.778807206247624,6.758926474877157
UN,278,V44_2c4605a519b0,Wu2018_LowProtein_AAUtilization,11.2,7.913225696905496,8.00188903189061,7.9855960001183055,7.966903576304804
UN,279,V44_2b5904c4b63c,Wu2018_LowProtein_AAUtilization,13.0,12.082765499759542,11.868283484721042,12.270010961662242,12.073686648714277
UN,280,V44_a7ed2747120d,Zhou2018_SIDLys_LowCP_Weaned,2.62,3.5360021306523333,3.3801816450713837,3.371905329290085,3.4293630350046005
UN,281,V44_778620c6582d,Zhou2018_SIDLys_LowCP_Weaned,2.19,3.651532042612868,3.494647998419701,3.4377235968265083,3.527967879286359
UN,282,V44_49db8cbc5d76,Zhou2018_SIDLys_LowCP_Weaned,3.05,3.7919337873452097,3.65836797982203,3.7740088220894297,3.7414368630855566
UN,283,V44_a6a5bccf2ab7,Aquilani2019_Animals,15.623712,10.5107177604429,10.458836405251857,10.549357937767176,10.50630403448731
UN,284,V44_6e32cf273792,Aquilani2019_Animals,17.860752,12.109404797543034,12.303904414094072,12.370749724815434,12.261352978817513
UN,285,V44_42966ec0a6fd,Aquilani2019_Animals,27.133568,15.622815237368531,15.349071515429287,15.662940181196891,15.54494231133157
UN,286,V44_3f3b7e2bdb94,Aquilani2019_Animals,24.750208,17.354441133256618,17.408012896593522,17.269404788291776,17.34395293938064
UN,287,V44_34c2cad2f3f1,Arredondo2019_AFST,3.43,4.205262969754785,4.2238363626805935,4.124202649332752,4.18443399392271
UN,288,V44_b1de809f6029,Arredondo2019_AFST,2.59,4.406124590757382,4.467217455943615,4.328161170036296,4.400501072245764
UN,289,V44_5e4ef616b175,Arredondo2019_AFST,3.23,3.857673145694276,3.8809210502624856,3.7828986853927216,3.8404976271164943
UN,290,V44_92ff2607d12d,Arredondo2019_AFST,3.11,4.602906949856995,4.676480618177013,4.521590460478901,4.600326009504303
UN,291,V44_2dc94d848f48,Arredondo2019_AFST,3.45,4.337217428799887,4.382506727897717,4.257573471110359,4.325765875935988
UN,292,V44_695953f583ed,Arredondo2019_AFST,3.1,3.9606770818702906,3.9941700292638105,3.883455293149229,3.9461008014277765
UN,293,V44_5f240f67a3a2,Arredondo2019_AFST,3.29,4.226338584447829,4.253680617867365,4.146045627282567,4.2086882765325875
UN,294,V44_ac3f391e8a2c,Habeanu2019_Animals,10.81,23.692382780497447,22.82565599144961,23.01713232106794,23.178390364338338
UN,295,V44_1e4216d626c0,McGilvray2019_JAS,4.5,6.193537135028844,6.375637467050056,6.484306359816651,6.351160320631851
UN,296,V44_86bbe2732d15,McGilvray2019_JAS,6.5,8.111685901825187,8.157176802080222,8.196443409446122,8.155102037783843
UN,297,V44_15756c09372a,McGilvray2019_JAS,7.4,12.124883854388557,12.121814022880807,11.603885881124048,11.950194586131138
UN,298,V44_c76ddc723239,McGilvray2019_JAS,5.7,5.182410830829645,5.16755732316976,5.312799829049453,5.220922661016286
UN,299,V44_44f76eec71d8,McGilvray2019_JAS,6.4,6.468521096544681,6.347993821776576,6.658470229094682,6.491661715805313
UN,300,V44_d123382467e7,McGilvray2019_JAS,5.8,7.27004291112366,7.041977255353802,7.275981888315015,7.1960006849308265
UN,301,V44_fa156d1aea43,Rocha2019_CR,16.14,10.30207331577522,10.13933963197232,9.827855466224758,10.089756137990765
UN,302,V44_a72dc3016035,Rocha2019_CR,17.69,17.43995680390966,17.729723385277257,17.455781191700613,17.541820460295842
UN,303,V44_970205431028,Rocha2019_CR,17.14,11.652875743676743,11.785079311653472,11.26579701418375,11.567917356504656
UN,304,V44_883e34a5a37b,Rocha2019_CR,16.5,20.52780163808084,20.034890371626133,19.955444689551925,20.1727122330863
UN,305,V44_f4d18cac49cf,Somensi2019_RBZ_FineWheatBranBetaine,11.2,10.08354629791212,9.96270162090819,10.200195231109095,10.082147716643135
UN,306,V44_2283b3841a70,Somensi2019_RBZ_FineWheatBranBetaine,10.5,10.151962590562563,10.03476991733008,10.277020737545948,10.154584415146196
UN,307,V44_f0af7a9caf60,Somensi2019_RBZ_FineWheatBranBetaine,11.1,12.60872229259236,13.149765476458391,13.329764589687915,13.02941745291289
UN,308,V44_3a68a66803ba,Somensi2019_RBZ_FineWheatBranBetaine,10.3,12.574036845025455,13.086763224090715,13.30078174800261,12.987193939039594
UN,309,V44_a506ca79eb66,Somensi2019_RBZ_FineWheatBranBetaine,10.6,10.097372575049476,9.980399623908674,10.209489929047336,10.095754042668496
UN,310,V44_ae8e0549776a,Zhao2019_LowProtein_AAPatterns,17.49,22.746769493761928,22.766150019628117,22.78038301644204,22.764434176610695
UN,311,V44_f6f7401c8770,Zhao2019_LowProtein_AAPatterns,10.82,12.509293094081809,13.15627110670417,12.694455409434006,12.786673203406663
UN,312,V44_552c132b7fa4,Zhao2019_LowProtein_AAPatterns,9.79,12.85617337875293,13.767970787923044,13.046889922522304,13.22367802973276
UN,313,V44_54279744ea3f,Zhao2019_LowProtein_AAPatterns,10.8,13.23242381737056,14.244133022145428,13.449419755061054,13.641992198192346
UN,314,V44_3a2e1df82308,Zhao2019_LowProtein_AAPatterns,10.71,13.24049645068122,14.20703882426936,13.435992117488915,13.627842464146498
UN,315,V44_5d7f0d564db0,Zhao2019_LowProtein_AAPatterns,9.62,13.600861707168226,14.541258114128196,13.754713672123817,13.965611164473414
UN,316,V44_63d6cca2c695,Zhao2019_LowProtein_AAPatterns,14.18,15.74944168759846,16.354533050681503,15.495559732459377,15.866511490246447
UN,317,V44_4de7e60c4104,Zhao2019_LowProtein_AAPatterns,11.53,14.312140885152337,13.457855434726945,13.875283002802313,13.881759774227199
UN,318,V44_aa0f60bf65c3,Zhao2019_LowProtein_AAPatterns,6.12,9.601041365682253,9.622695515187257,9.413052888192162,9.545596589687223
UN,319,V44_12039bbe94ef,Zhao2019_LowProtein_AAPatterns,6.23,9.56439822539905,9.839676361207196,9.50545763552296,9.636510740709737
UN,320,V44_a46c5b602551,Zhao2019_LowProtein_AAPatterns,7.28,11.061331048954726,11.45472470853961,11.034383778089705,11.18347984519468
UN,321,V44_e09cbc44427b,Zhao2019_LowProtein_AAPatterns,7.49,10.868344442898696,11.26185414614666,10.850106441119747,10.993435010055036
UN,322,V44_b97f07787b04,Zhao2019_LowProtein_AAPatterns,5.98,10.890531032182642,11.257089268516992,10.860059750460186,11.002560017053275
UN,323,V44_6739ba9436e7,Zhao2019_LowProtein_AAPatterns,7.56,11.293750814996528,11.485973524236268,11.076689961966098,11.285471433732965
UN,324,V44_9baacea27fe0,Zhao2019_LowProtein_AAPatterns,25.59,20.85754057704515,21.060443715309862,20.422323878607124,20.780102723654046
UN,325,V44_71a1c1aca6b3,Zhao2019_LowProtein_AAPatterns,11.14,14.314774452186082,15.043429361594551,14.54698589675676,14.635063236845797
UN,326,V44_61e45eeb2eea,Zhao2019_LowProtein_AAPatterns,9.89,14.96331346540538,15.679210976666754,15.204785836038395,15.282436759370176
UN,327,V44_b4c8f710ea0f,Zhao2019_LowProtein_AAPatterns,11.69,14.26443230634804,14.800396484017377,14.410804585497788,14.491877791954401
UN,328,V44_02a40e935dbd,Zhao2019_LowProtein_AAPatterns,10.71,15.089912553167204,15.825391154365128,15.354582372924074,15.423295360152133
UN,329,V44_530991b6ca6e,Zhao2019_LowProtein_AAPatterns,10.08,15.034534584847746,15.707691638834216,15.244944912430068,15.329057045370675
UN,330,V44_0e975f825bbe,Zhao2019_LowProtein_AAPatterns,15.71,16.819859747532384,17.365632664800852,16.64687535249105,16.944122588274762
UN,331,V44_80e5bbf35fa6,Zhao2019_LowProtein_AAPatterns,10.12,11.681754368081526,11.079771342588758,10.946185833926236,11.23590384819884
UN,332,V44_25f0d61f2406,Zhao2019_LowProtein_AAPatterns,6.87,7.064695578869638,6.679304242335863,6.7790187178741945,6.841006179693231
UN,333,V44_5649af418338,Zhao2019_LowProtein_AAPatterns,5.26,5.8792380866447616,5.616785755153988,5.653925933259971,5.716649925019573
UN,334,V44_a1d0f1e8eb7c,Zhao2019_LowProtein_AAPatterns,5.4,7.559781921706641,7.0098930686423895,7.216182382857525,7.261952457735518
UN,335,V44_d952ed201b36,Zhao2019_LowProtein_AAPatterns,4.82,8.158344656316132,7.626126315904848,7.7124238731884445,7.8322982818031415
UN,336,V44_e7d09a569cd6,Zhao2019_LowProtein_AAPatterns,4.04,7.251931870574007,6.839783143189091,6.967420030127984,7.019711681297028
UN,337,V44_257bde9d865a,Zhao2019_LowProtein_AAPatterns,7.28,10.257865212383711,9.641206224863575,9.71733806106976,9.872136499439016
UN,338,V44_1846e8561e5a,Cruz2020_CJYeast,4.9,5.262225898696412,5.285317449170373,5.029676789294908,5.192406712387231
UN,339,V44_0c1103897d4d,Cruz2020_CJYeast,5.1,5.137273611772923,5.2444707166067,4.961434787731865,5.11439303870383
UN,340,V44_f36508c0dca7,Cruz2020_CJYeast,4.8,5.281918470857645,5.260902695460315,5.064300607306147,5.202373924541369
UN,341,V44_e21219ca9bad,Cruz2020_CJYeast,4.7,6.336790976711618,6.370674627912664,6.223498591304223,6.310321398642834
UN,342,V44_d801870161f5,Hlatini2020_SAJAS,0.58,8.41373590162823,8.614502531356624,8.788322905466485,8.605520446150448
UN,343,V44_7503b8c2241d,Hlatini2020_SAJAS,3.36,8.874666129825815,8.796214212709094,8.840951224556305,8.837277189030404
UN,344,V44_99dfe488ea63,Hlatini2020_SAJAS,3.11,10.65955222714431,10.145478109320337,10.827660513931471,10.544230283465373
UN,345,V44_7ce242f9a210,Hlatini2020_SAJAS,3.27,13.051314314396633,12.187987191128627,13.01639265527526,12.751898053600174
UN,346,V44_93476ae97344,Hlatini2020_SAJAS,2.06,13.22408980621436,12.31028527686532,12.970675619689557,12.83501690092308
UN,347,V44_04bb8ee05bdb,Hlatini2020_SAJAS,0.5,7.864879185819082,7.8159862796999935,8.320221959550222,8.0003624750231
UN,348,V44_549c8db696ba,Jang2020_LivSci,9.86,11.131701198763366,10.791070396000118,10.471830274017018,10.798200622926833
UN,349,V44_29502dc6a877,Jang2020_LivSci,9.51,11.117365534637983,10.813051605666438,10.47062063450917,10.800345924937863
UN,350,V44_00b462426fda,Jang2020_LivSci,9.92,10.150519350331855,9.71310680620216,10.00050412659119,9.954710094375068
UN,351,V44_8a3e2cdfb33a,Jang2020_LivSci,10.02,9.685692249840386,9.198026144087034,9.568951662712736,9.484223352213386
UN,352,V44_05e3cadf1d1b,Jang2020_LivSci,10.08,11.04049863277892,10.52200702222651,10.54289078943805,10.701798814814495
UN,353,V44_a6742b4a492c,Kim2020_JAST,3.18,8.179462683510241,8.316550305835614,8.751695686243853,8.415902891863237
UN,354,V44_5c03a27601df,Kim2020_JAST,2.79,7.949911223062214,8.220380186126492,8.507842914717925,8.226044774635545
UN,355,V44_6874df24430d,Kim2020_JAST,2.54,7.976087970417206,8.2148083966497,8.54461524121311,8.245170536093338
UN,356,V44_e79ac14a2804,Kim2020_JAST,2.72,6.850651354658581,6.857978722273765,7.152591007106629,6.953740361346324
UN,357,V44_4409bbc28743,Kim2020_JAST,2.46,6.817847217383846,6.835538762011403,7.121911811936786,6.925099263777345
UN,358,V44_cff5e1e0a074,Kim2020_JAST,2.22,6.759439341586078,6.793000345202881,7.07045067198813,6.87429678625903
UN,359,V44_1860846f9980,Koo2020_JAS,2.0,1.9053185553477885,2.3575267099318697,2.214663869990977,2.159169711756878
UN,360,V44_5ed7000db26b,Koo2020_JAS,1.2,2.746425537008343,3.1287701477708216,2.98504400993484,2.9534132315713344
UN,361,V44_91d48cc76bdc,Koo2020_JAS,1.4,2.0872704479129744,2.7978453204741154,2.379494584358022,2.421536784248371
UN,362,V44_1365ee8d90c3,Koo2020_JAS,1.0,2.1511730787331853,2.7908895361307327,2.4998759732212914,2.480646196028403
UN,363,V44_9eaa2c05fbc9,Kwon2020_JAS,4.19,5.713346494677183,5.783564229593085,5.737858188532216,5.744922970934161
UN,364,V44_15665bb29bbf,Kwon2020_JAS,4.07,5.717846351288404,5.783065499246506,5.739023773256236,5.746645207930382
UN,365,V44_e3c713de1137,Kwon2020_JAS,4.03,5.734359177661755,5.801222894579449,5.757771295220991,5.764451122487398
UN,366,V44_c5cbc69417fc,Kwon2020_JAS,3.87,5.739720528887487,5.807272538817429,5.76395690553762,5.770316657747512
UN,367,V44_1a1f6555915c,Kwon2020_JAS,4.32,5.703094313842288,5.7714519651013205,5.725906149626908,5.733484142856839
UN,368,V44_c27df9efc2d0,Kwon2020_JAS,4.25,5.722249169868391,5.790254776176896,5.745736322649455,5.752746756231581
UN,369,V44_2c9d91595513,Kwon2020_JAS,4.05,5.708949882017799,5.776285813075863,5.731163692726203,5.738799795939955
UN,370,V44_07f0f013dbb0,Kwon2020_JAS,3.98,5.734359177661755,5.801222894579449,5.757771295220991,5.764451122487398
UN,371,V44_b216fec50c98,Nguyen2020_Animal_TofuByproduct,19.2,17.044325233643818,16.387036706809663,16.141565966472978,16.524309302308822
UN,372,V44_caa8605d5b46,Nguyen2020_Animal_TofuByproduct,16.1,15.270030987665969,13.737745375891024,13.893193086729127,14.300323150095373
UN,373,V44_55a2f4b14a9a,Nguyen2020_Animal_TofuByproduct,14.5,13.350103063851757,12.390866725890834,12.396584480041152,12.712518089927917
UN,374,V44_df09f2bfd1b4,Nguyen2020_Animal_TofuByproduct,12.1,11.878884315175275,10.936457275740764,11.081103237494847,11.29881494280363
UN,375,V44_78bd88357464,Sun2020_JASB,13.6,11.360752593087296,11.249016418735854,11.27827730092287,11.296015437582007
UN,376,V44_2f17b1fd32b8,Sun2020_JASB,10.4,7.638102917938037,7.673160636343779,7.545153128281608,7.618805560854475
UN,377,V44_7a5fbc7fb7f2,Sun2020_JASB,7.52,7.654138487155503,7.689581312836419,7.56010229250877,7.6346073641668974
UN,378,V44_1813d8c5405f,vdPeet2020_JAS,12.8415941113266,16.3751479969836,16.177576037404428,16.433327916544577,16.3286839836442
UN,379,V44_b6149a00466e,vdPeet2020_JAS,8.96735046418063,9.677817190488556,9.82450660446344,9.744367064386784,9.748896953112927
UN,380,V44_40873c1c78ba,Espinosa2021_JAS,3.44,3.468939275603101,3.3485906332718702,3.4134479912239097,3.4103259666996273
UN,381,V44_c0b018744a27,Espinosa2021_JAS,2.86,3.582093000338048,3.453440155030936,3.489283525358112,3.508272226909032
UN,382,V44_c0a3a7d14742,Espinosa2021_JAS,2.72,3.5390778684712183,3.4091878281383554,3.456990750381133,3.468418815663569
UN,383,V44_c40e5e963863,Espinosa2021_JAS,2.52,3.544215756370052,3.423289315292391,3.4820207935959777,3.483175288419473
UN,384,V44_fdc4631f429d,Espinosa2021_JAS,2.92,3.627522978110756,3.4972883536018253,3.506120735202781,3.5436440223051204
UN,385,V44_0baa94ee87d5,Espinosa2021_JAS,2.28,3.48121749896473,3.336954714814431,3.390682830881521,3.4029516815535605
UN,386,V44_dcec348b37f2,Espinosa2021_JAS,2.14,3.3043399603833343,3.142893176873572,3.2329239250577,3.2267190207715353
UN,387,V44_ade4d3b48e1d,Sobotka2021_Animals960,24.7,24.47201081919848,23.981520330294742,24.208780486094625,24.22077054519595
UN,388,V44_ae91a81c4f1b,Sobotka2021_Animals960,25.1,24.658869169522823,24.052593986783037,24.34166537641853,24.351042844241462
UN,389,V44_860729c2833f,Sobotka2021_Animals960,24.9,24.090159726655862,23.425866492690616,23.724084524695638,23.746703581347372
UN,390,V44_6ee502d28dca,Sobotka2021_Animals960,26.2,24.64475389900175,23.99445574459697,24.311324326214788,24.316844656604502
UN,391,V44_17623afd88ba,Sobotka2021_Animals960,25.9,24.252045923906948,24.27134815111353,24.153911658571083,24.225768577863857
UN,392,V44_e126c3c4abd9,Sobotka2021_Animals960,28.3,24.322463492124008,24.3259721860384,24.32571857208481,24.324718083415735
UN,393,V44_c8c28ba892f7,Sobotka2021_Animals960,27.1,24.48798077958882,24.47543901824933,24.558516333427768,24.507312043755306
UN,394,V44_a19a8dd83260,Sobotka2021_Animals960,27.5,24.37095778805765,24.409146536120808,24.68019589768064,24.486766740619696
UN,395,V44_79b76c8c616d,vdPeet2021_JAS,19.1808792319406,17.418178110373475,17.592037350545596,17.352900199228742,17.454371886715936
UN,396,V44_4163927688c4,vdPeet2021_JAS,12.6472464035423,12.312880414752286,12.324664722798923,12.354721153640291,12.330755430397167
UN,397,V44_0db36e1e7043,vdPeet2021_JAS,21.9810075869684,17.418178110373475,17.592037350545596,17.352900199228742,17.454371886715936
UN,398,V44_06d4d6d76f5a,vdPeet2021_JAS,12.6939152094595,12.312880414752286,12.324664722798923,12.354721153640291,12.330755430397167
UN,399,V44_78ad11647d3b,Goh2022_MCT_OA,3.03,2.192852257067172,2.3333706501634346,2.3786616646783827,2.3016281906363294
UN,400,V44_0772ca6aae0a,Goh2022_MCT_OA,2.83,1.7634913580927023,2.124784505885339,2.112418635698358,2.000231499892133
UN,401,V44_ec0444d03ba3,Goh2022_MCT_OA,3.54,2.005741419670258,2.250380485485364,2.2708236830681336,2.1756485294079186
UN,402,V44_38e761e34131,Goh2022_MCT_OA,2.52,2.0974647728883173,2.293483199565392,2.3256272572996544,2.2388584099177877
UN,403,V44_07cd6ecfed78,Goh2022_MCT_OA,3.78,1.859950406163648,2.166788781205115,2.170177301815864,2.065638829728209
UN,404,V44_e72b635b0e04,CastroDereck2023_TAHP,5.7,6.853074004695,6.888423379147366,6.845957652290859,6.8624850120444085
UN,405,V44_a9b9bc686f90,CastroDereck2023_TAHP,7.6,6.841269102157617,6.876260109066873,6.837968812752916,6.851832674659136
UN,406,V44_40b06e683a2c,CastroDereck2023_TAHP,6.8,7.132731354640331,7.178603227160428,7.042572696810046,7.117969092870268
UN,407,V44_d219e8c7e46b,CastroDereck2023_TAHP,7.57,6.987369209134707,7.021935688339049,6.9387530682364105,6.982685988570055
UN,408,V44_8eb21703eb26,CastroDereck2023_TAHP,7.24,6.864841967808708,6.900443577877956,6.853986187925885,6.87309057787085
UN,409,V44_7dbcbf5a0ecf,Buchinski2024_CJAS,4.6,4.448895813717542,4.5122356960823655,4.5728776955090185,4.5113364017696425
UN,410,V44_c9b93d4df52d,Buchinski2024_CJAS,4.1,4.5484545770662175,4.660025746002422,4.723479027461887,4.643986450176842
UN,411,V44_4ca4c51d2b05,Buchinski2024_CJAS,4.4,4.649233085900533,4.773474488008103,4.827150623646045,4.749952732518227
UN,412,V44_56856bdbb39a,Buchinski2024_CJAS,4.9,4.83551958966546,5.024456585702144,5.051489575845484,4.970488583737697
UN,413,V44_cf1e5ab7580f,Buchinski2024_CJAS,4.7,4.865487416079059,5.078119745324281,5.101171355313987,5.014926172239108
UN,414,V44_36fe68043c49,Buchinski2024_CJAS,4.2,4.4206301020727565,4.521014252861529,4.586434811151904,4.50935972202873
UN,415,V44_355b00e95d0a,Buchinski2024_CJAS,3.3,4.542349643717418,4.665954092701358,4.733282689489619,4.647195475302798
UN,416,V44_574548c4f027,Buchinski2024_CJAS,2.2,4.373694724558043,4.437379881778192,4.5015022743134985,4.437525626883244
UN,417,V44_9c89f70de9fc,Buchinski2024_CJAS,2.1,4.449775361919259,4.531948520788069,4.596939742207689,4.526221208305006
UN,418,V44_6acf15c0c280,Buchinski2024_CJAS,2.0,4.247131179796036,4.280944984459221,4.356545509235663,4.29487389116364
UN,419,V44_7aaf718e6ff8,Cappelaere2024_JAS,8.11,7.197810130769949,7.067147666716407,7.060346323752427,7.108434707079595
UN,420,V44_0a9bc626ed8c,Cappelaere2024_JAS,8.06,6.815961997379118,6.98436392389802,6.93011957564647,6.910148498974536
UN,421,V44_8ecb82284f55,Cappelaere2024_JAS,15.7,8.839452017416356,8.47324334187645,8.671837181451064,8.661510846914624
UN,422,V44_ddfe37ce220d,Cappelaere2024_JAS,16.4,14.8895309142645,15.18001564612888,15.241796679481672,15.10378107995835
UN,423,V44_5a4739229af8,Cappelaere2024_JAS,15.6,12.312954249164006,12.804843031218356,12.736954755552336,12.618250678644898
UN,424,V44_44f9a57e210b,Cappelaere2024_JAS,20.5,23.601034866482628,23.191705464982974,22.87713799222036,23.223292774561987
UN,425,V44_750ce840da9e,Corassa2024_Animals,6.82,7.316035927434807,7.902198104331829,7.339636197223212,7.519290076329948
UN,426,V44_27877be10e25,Corassa2024_Animals,9.59,10.665503081752703,10.570194880363784,10.667937706718057,10.63454522294485
UN,427,V44_ef39df08b4c3,Corassa2024_Animals,9.64,8.175997961643793,8.270131057862313,8.256396509307663,8.234175176271256
UN,428,V44_5467654bb57a,Corassa2024_Animals,10.03,12.883114408436438,13.2228176164529,13.21696148410279,13.10763116966404
UN,429,V44_6ded626598c8,Corassa2024_Animals,6.26,9.306418670138688,9.611536987857134,9.462067108064971,9.460007588686931
UN,430,V44_dd5ac863d388,Lee2024_JASB,11.55,13.371380985758192,13.332943441800332,13.507372170102418,13.403898865886982
UN,431,V44_719c8d88dd6c,Lee2024_JASB,15.97,12.920804537563924,12.825647588217748,13.021366025205731,12.922606050329135
UN,432,V44_44a5e81e82be,Lee2024_JASB,12.53,13.78347538001814,13.715256993403417,13.921036396993694,13.806589590138417
UN,433,V44_3e2f6bd776eb,Lee2024_JASB,13.21,14.460370629456824,14.291108971389146,14.590262479664071,14.447247360170012
UN,434,V44_8c740ef56a09,Lee2024_JASB,12.15,13.992212985120888,13.819897502459446,14.121593215159146,13.977901234246493
UN,435,V44_9cef8892bf07,Lee2024_JASB,12.0,13.862612650803426,13.7156896205922,13.955167233888512,13.844489835094713
UN,436,V44_c0f4afa15caa,Yoo2024_Animals_Additives,17.8,13.486429385258877,13.760908048538926,13.53431555903859,13.593884330945464
UN,437,V44_8a7be67a7e2a,Yoo2024_Animals_Additives,13.3,13.572514506793365,13.855143826340438,13.620022740648768,13.682560357927523
UN,438,V44_8bab123707ce,Yoo2024_Animals_Additives,15.7,13.402581304195415,13.562631832623753,13.382953789526624,13.449388975448597
UN,439,V44_7e6587523c90,Yoo2024_Animals_Additives,14.2,13.417099324701482,13.700728214026494,13.436443177676534,13.518090238801504
UN,440,V44_e3579f3ee31c,Yoo2024_Animals_Additives,16.2,14.46831868695446,14.702305677205857,14.63301310740682,14.601212490522379
UN,441,V44_b05810cfdcee,An2025_JAST,0.67,3.677153512664576,3.5625676519238105,3.566935675708068,3.602218946765485
UN,442,V44_68734ded490d,An2025_JAST,0.6,3.684399434564577,3.576753007865669,3.571677660423717,3.610943367617988
UN,443,V44_05173fcef66c,An2025_JAST,0.6,3.1756804807533268,2.932197034269022,2.9638236078398137,3.0239003742873876
UN,444,V44_60fd02309b69,An2025_JAST,0.58,3.228477016958569,2.9963216133057777,3.020324301405237,3.0817076438898616
UN,445,V44_a60580d31d1b,An2025_JAST,0.53,3.7812312999555058,3.6834176441682462,3.668289380618031,3.7109794415805943
UN,446,V44_70975e957400,An2025_JAST,0.53,3.7794609894913007,3.686360728134417,3.6662657602262936,3.7106958259506704
UN,447,V44_58cdb535b818,An2025_JAST,0.52,3.292711954496484,3.074051165493316,3.115161136689702,3.1606414188931673
UN,448,V44_6a60cf9f8f7c,An2025_JAST,0.49,3.3287168443542328,3.125028787749386,3.152045463722498,3.201930365275372
UN,449,V44_de30697fb2f9,Cristobal2025_JAS,1.93,2.8231102289979777,2.6831888010582485,2.6390482596227525,2.715115763226326
UN,450,V44_55cce46b08b5,Cristobal2025_JAS,3.46,3.9461640812591847,3.7740442740431694,3.7950598491371377,3.838422734813164
UN,451,V44_2631723963a7,Cristobal2025_JAS,4.04,4.467290075268213,4.244901684870939,4.287531515632524,4.333241091923892
UN,452,V44_a5ee3fa3347c,Cristobal2025_JAS,6.76,6.824022742409446,6.625002907584241,6.660968914654016,6.703331521549234
UN,453,V44_acd066a0407a,Lee2025_Animals_BakeryMeal,1.53,4.103593148674015,4.27640216906608,4.62907330273432,4.336356206824806
UN,454,V44_95d3dd04d9d0,Lee2025_Animals_BakeryMeal,1.45,4.109179778667319,4.281446295733589,4.632068888474532,4.3408983209584795
UN,455,V44_b9ae1803038e,Lee2025_Animals_BakeryMeal,1.49,5.306539033926523,5.545852256346323,5.518657284664039,5.457016191645629
UN,456,V44_2898dbb8bbcb,Lee2025_Animals_BakeryMeal,1.56,5.361114758571859,5.633715259526145,5.572584973421722,5.522471663839909
UN,457,V44_8b3f5da61972,Lee2025_Animals_BakeryMeal,1.65,6.33929937231688,6.456947292134559,6.684288065271186,6.493511576574208
UN,458,V44_4ea7b8e5c77e,Lee2025_Animals_BakeryMeal,1.86,6.391030114982154,6.513697427273157,6.722713460411085,6.542480334222133
UN,459,V44_bda708b57fb3,Lee2025_Animals_BakeryMeal,1.61,6.824200607396893,6.811780744023348,7.04382046440641,6.893267271942217
UN,460,V44_ca125dcfad4d,Lee2025_Animals_BakeryMeal,1.9,6.832523938564603,6.815234187180366,7.044881561336957,6.897546562360642
UN,461,V44_4c2c31706ad7,Miller2025_TIU_Grower,12.1,21.14495210162348,20.102019664815884,20.77322521512272,20.67339899385403
UN,462,V44_e211d9986ff1,Miller2025_TIU_Grower,12.2,20.910181830479463,19.868107102230116,20.49791048862505,20.425399807111543
UN,463,V44_a36d939106d2,Miller2025_TIU_Grower,14.7,18.03811155848591,17.765015438125555,17.653134790177475,17.81875392892965
UN,464,V44_d145c061403c,Miller2025_TIU_Grower,14.1,20.00885879205422,19.10530571137755,19.493707024056175,19.535957175829314
UN,465,V44_8f0e4e46fc03,Miller2025_TIU_Grower,6.9,8.931657116941292,9.453643678537086,8.882687104517204,9.089329299998527
UN,466,V44_d77f1d43481e,Sobotka2025_Animals,29.8,25.435391156496717,25.21465661180258,24.930376074705272,25.19347461433486
UN,467,V44_971e5d18e15a,Sobotka2025_Animals,21.2,21.302229258020475,21.232825109136712,20.893311467477496,21.142788611544894
UN,468,V44_f0432cdb6adf,Sobotka2025_Animals,22.0,21.16782364681792,21.076532484324023,20.72678658135476,20.990380904165566
UN,469,V44_717b5c2f36c0,Wang2025_JAS,3.169930604730212,4.683106459599683,5.418780067678461,5.045157944940421,5.049014824072855
UN,470,V44_72b753cbbf7c,Wang2025_JAS,2.522341003287121,3.9054496721854255,3.891015722676024,3.961327300985955,3.919264231949135
UN,471,V44_3042d8c78f24,Wang2025_JAS,3.378059098982721,4.351405886998947,3.943115872924838,4.568818046305327,4.287779935409705
UN,472,V44_94756bba2a8b,Zhang2025_Animals,17.24,17.414523456502124,17.777030005075932,17.04480936374274,17.412120941773598
UN,473,V44_258f5533022b,Zhang2025_Animals,14.8,26.52542819353744,25.746919981206,26.235902907975337,26.169417027572923
UN,474,V44_be131f289d4e,Ordaz2026_MineralReduction_Enzymes,7.36,10.7734722948723,10.572926031012733,10.866283605143042,10.737560643676025
UN,475,V44_9375c6f66b4b,Ordaz2026_MineralReduction_Enzymes,5.72,10.088297608981184,9.854136553408903,10.140830692119172,10.027754951503086
UN,476,V44_b39280db07a3,Ordaz2026_MineralReduction_Enzymes,7.02,10.355542523475195,10.132799178681232,10.420170642455686,10.302837448204038
UN,477,V44_63d211a01a79,Ordaz2026_MineralReduction_Enzymes,8.05,12.501106640978964,12.759360738933166,12.999695291556502,12.753387557156211
UN,478,V44_0bbe1ecc87ae,Lynch2008_Animal_SBP_CP,28.81,23.003204189329,23.076515241596507,23.549401154790093,23.2097068619052
UN,479,V44_62abb880b8ab,Lynch2008_Animal_SBP_CP,21.63,18.99087872312529,17.80477022832781,18.33839727630397,18.378015409252356
UN,480,V44_75115a8a0ca1,Lynch2008_Animal_SBP_CP,11.82,14.477907607945154,14.564383572479944,14.667031852470558,14.569774344298551
UN,481,V44_03fe515503bc,Lynch2008_Animal_SBP_CP,11.98,14.690375160469442,13.870481557015085,14.167505838017576,14.2427875185007
UN,482,V44_fb59e321050b,Vieira2018_CAB_WeaningEnergy,1.71,3.5338109711888848,3.809663195049711,3.7299346101157713,3.691136258784789
UN,483,V44_3467bab49749,Vieira2018_CAB_WeaningEnergy,2.04,5.313393264908342,5.196108481237651,4.815257291094347,5.108253012413447
UN,484,V44_891c9ae3e685,Vieira2018_CAB_WeaningEnergy,2.05,8.614852454355942,7.969925092953577,7.797223187529371,8.12733357827963
UN,485,V44_38d6e718087e,Vieira2018_CAB_WeaningEnergy,3.85,3.388037111853439,3.155472295315516,3.4050420417290823,3.3161838162993456
UN,486,V44_3bab4c48f07c,Vieira2018_CAB_WeaningEnergy,4.83,4.650852286456838,4.262054712424304,4.19691003200895,4.369939010296697
UN,487,V44_8de533e4f209,Vieira2018_CAB_WeaningEnergy,4.5,6.257953963560116,5.677574603319423,5.029599803409636,5.655042790096392
UN,488,V44_d357964419a7,Hollis2025_JAS_BenzoicAcid,4.6,4.043126228532826,4.108282961217033,4.034277306891419,4.061895498880426
UN,489,V44_50f6a59bd2d2,Hollis2025_JAS_BenzoicAcid,4.2,3.809434202336142,3.878354345557685,3.829346205700694,3.839044917864841
UN,490,V44_370032822e8a,Hollis2025_JAS_BenzoicAcid,4.1,3.9043271710782497,3.9539015316533535,3.9026257522505,3.9202848183273677
UN,491,V44_a974f42fd982,Hollis2025_JAS_BenzoicAcid,3.3,3.812407550274591,3.845211412501513,3.8140003561700446,3.8238731063153826
UN,492,V44_74ee2bdf74ee,Liu2020_JAnimalSciBiotech_DCA,13.6,11.55703667919819,11.263939229686272,11.495577622722022,11.438851177202162
UN,493,V44_4e089cd4cad8,Liu2020_JAnimalSciBiotech_DCA,10.4,8.195657189762477,7.895167924638696,7.99677464178611,8.029199918729095
UN,494,V44_911a2cbe844a,Liu2020_JAnimalSciBiotech_DCA,7.52,8.216527136573196,7.916108111187142,8.014970400991867,8.049201882917401
UN,495,V44_3dec5b046ad5,Li2024_AnimNutr_CPTime,17.36,9.954000984279691,10.13299271046399,10.253627696961583,10.113540463901755
UN,496,V44_84515b3a7732,Li2024_AnimNutr_CPTime,9.28,4.7160212034218,4.8177977371238745,4.816879825049344,4.78356625519834
UN,497,V44_bf9cb21d8747,Pi2019_Animal_Antibiotics,9.56,8.660928130582061,7.895290071595692,8.419928576680354,8.325382259619369
UN,498,V44_5e741f4a0195,Pi2019_Animal_Antibiotics,12.02,8.446220900648967,7.775549551418384,8.170428406822406,8.130732952963251
UN,499,V44_1be465063856,Zhang2016_AnimSciJ_Leucine,28.74,20.34733161327647,20.42548507111669,19.67851955215654,20.150445412183235
UN,500,V44_77e8d2711244,Zhang2016_AnimSciJ_Leucine,15.08,10.34980797454549,10.465021362594392,10.0891073692381,10.301312235459328
UN,501,V44_43d2663a3d2a,Zhang2016_AnimSciJ_Leucine,11.83,10.458768420892175,10.556264499527911,10.161684777823638,10.392239232747908
UN,502,V44_e3eed84abdf3,Li2018_AFST_CornAA,9.0,4.979828415382995,5.7145507955936194,5.287504593852708,5.327294601609774
UN,503,V44_29f024f34f67,Li2018_AFST_CornAA,6.3,4.999743175420956,5.752151269551399,5.285843973791404,5.345912806254586
UN,504,V44_2fe8b5b0321a,Li2018_AFST_CornAA,5.0,5.159916927150656,5.9269579950683,5.4592933133219415,5.515389411846965
UN,505,V44_56ded8dce385,Wellington2018_JAS_ThrFiber,3.2,7.4955160437927475,7.036717353485171,7.390280017441598,7.307504471573172
UN,506,V44_50d89889915a,Wellington2018_JAS_ThrFiber,3.3,7.515497974801858,7.222095192064653,7.491363722237807,7.4096522963681055
UN,507,V44_88647c9f5c9f,Wellington2018_JAS_ThrFiber,2.5,7.508215678384966,7.138309758208456,7.442883327512852,7.363136254702091
UN,508,V44_375550a04f9b,Wellington2018_JAS_ThrFiber,2.1,7.9987741733239,7.541060489667916,7.911108219224421,7.8169809607387455
UN,509,V44_f5b49a0e7154,Wellington2018_JAS_ThrFiber,1.9,7.379302432413432,7.0308740375211,7.324909740805067,7.245028736913199
UN,510,V44_7ac694200750,Wellington2018_JAS_ThrFiber,3.1,7.813218798195045,7.353363408147,7.515284436258725,7.560622214200257
UN,511,V44_02a8a0fe6506,Wellington2018_JAS_ThrFiber,2.2,7.722008434068822,7.264870782312973,7.405226066514595,7.464035094298796
UN,512,V44_a4912a940338,Wellington2018_JAS_ThrFiber,2.6,8.029555877987423,7.543188180016606,7.821960137244487,7.798234731749505
UN,513,V44_cc75ae592c7a,Wellington2018_JAS_ThrFiber,1.5,7.80441809707956,7.351663069708954,7.548987249255523,7.568356138681345
UN,514,V44_8f68840774dc,Wellington2018_JAS_ThrFiber,1.4,7.908543832936172,7.439001707972049,7.648797967524332,7.6654478361441845
UN,515,V44_70645116707a,Wang2026_JASB_ProteinRelease,8.26,16.7341542914917,17.6041481963542,16.721379121844695,17.019893869896862
UN,516,V44_b6d409c84e2f,Wang2026_JASB_ProteinRelease,7.86,15.924457393287828,16.680779989264867,15.813723459458323,16.139653614003674
UN,517,V44_82b54c414b18,Wang2026_JASB_ProteinRelease,6.49,16.87213503763802,17.805242590850664,16.68572441546105,17.12103401464991
UN,518,V44_1a93260bfab5,Len2007_JPAN_FibreVietnam,17.524520727073522,10.09974406770656,9.791426456874008,10.133692428011893,10.008287650864153
UN,519,V44_f5f5b6197b74,Len2007_JPAN_FibreVietnam,15.007201326030344,8.456853386505898,8.551730911109386,8.654535653020332,8.55437331687854
UN,520,V44_525eec99ae7d,Len2007_JPAN_FibreVietnam,15.618964796137558,7.776030328051865,7.638465096498594,8.05352609316976,7.822673839240072
UN,521,V44_5910e208da71,Hu2022_AnimBiosci_AARelease,5.47,4.4321122567346265,3.458645811336668,4.879491812553651,4.256749960208315
UN,522,V44_796027df3673,Hu2022_AnimBiosci_AARelease,5.49,5.162767487247614,4.772658575756154,5.705784308862095,5.2137367906219545
UN,523,V44_008cef20890d,Hu2022_AnimBiosci_AARelease,6.02,6.49081825803425,6.451159869007755,6.8437542469320185,6.5952441246580085
UN,524,V44_1f0035f7226d,Hu2022_AnimBiosci_AARelease,3.7,1.5699363718369457,0.6665775414501915,1.728536667740732,1.3216835270092897
UN,525,V44_57e9b6b00dae,Hu2022_AnimBiosci_AARelease,3.8,1.5865576687609888,0.8834849282762711,2.064943069830793,1.5116618889560176
UN,526,V44_fa26110a0eb9,Hu2022_AnimBiosci_AARelease,3.82,1.6805656737697348,1.1440971990218038,2.219460186795084,1.681374353195541
UN,527,V44_6a728f5ff196,Phillips2026_TAS_SoybeanMeal,6.63,8.9947749258894,9.01011071356211,9.05784954314814,9.020911727533216
UN,528,V44_45d5eb601d07,Phillips2026_TAS_SoybeanMeal,9.51,12.777289899115177,12.67965045665614,12.285237892559174,12.58072608277683
UN,529,V44_fb89a4f9bec4,Phillips2026_TAS_SoybeanMeal,12.1,16.19481938337912,16.188257949332115,15.769064958797449,16.050714097169564
UN,530,V44_b418e7865d79,Phillips2026_TAS_SoybeanMeal,12.71,19.89392720545313,19.769253342543905,19.63615949637564,19.76644668145756
UN,531,V44_0968bc249604,Phillips2026_TAS_SoybeanMeal,6.39,12.17111588628948,12.145545810753902,12.317398209378872,12.21135330214075
UN,532,V44_82d019ab078d,Phillips2026_TAS_SoybeanMeal,10.78,14.348931847975468,14.401050342439312,14.440989853784234,14.396990681399672
UN,533,V44_e0afe4e42e1e,Phillips2026_TAS_SoybeanMeal,18.22,19.82865524382045,19.732269812094955,19.591080167460497,19.717335074458635
UN,534,V44_5a2738989bd4,Phillips2026_TAS_SoybeanMeal,22.74,26.43081142174851,26.07090344953786,26.72514695492494,26.408953942070436
UN,535,V44_7da8bda013fd,Phillips2026_TAS_SoybeanMeal,8.56,13.577084519970036,13.52027389169752,13.815166272902475,13.63750822819001
UN,536,V44_58690d9f9834,Phillips2026_TAS_SoybeanMeal,15.18,17.00379662119149,17.107244650189656,17.256972263705038,17.12267117836206
UN,537,V44_29829138b8ef,Phillips2026_TAS_SoybeanMeal,19.28,23.912857109034874,24.037326426777184,23.938927520794103,23.96303701886872
UN,538,V44_76bbaa4057aa,Phillips2026_TAS_SoybeanMeal,23.88,30.09969893591408,29.45059938310733,29.810548154084422,29.786948824368608
UN,539,V44_61f28d56947a,Zhang2008_LivSci_pGHRH,4.8,2.890206075942473,2.4991083954149413,2.7131754206684797,2.7008299640086313
UN,540,V44_3b69f0ef66ce,Zhang2008_LivSci_pGHRH,4.6,2.09763159476747,2.03682936975436,2.1506487744723746,2.0950365796647348
UN,541,V44_e902af412d92,Zhang2008_LivSci_pGHRH,4.8,3.003028584141928,2.7874557768804458,3.070467194977228,2.953650518666534
UN,542,V44_69abc66e88f6,Zhang2008_LivSci_pGHRH,3.9,2.624007625106348,2.4584951584701056,2.683916197552737,2.5888063270430632
UN,543,V44_2c2e41b399d5,Zhang2008_LivSci_pGHRH,4.2,2.817845605894997,2.524178057949575,2.764981881681347,2.7023351818419727
UN,544,V44_74fef18a733d,Choi2015_AJAS_RapeseedMeal,7.7,5.095475251516609,5.406870346225146,5.581107549968599,5.361151049236785
UN,545,V44_90f89abd6641,Choi2015_AJAS_RapeseedMeal,7.74,4.937187996122165,5.305832278064615,5.492113425382857,5.245044566523212
UN,546,V44_f802fed3ac32,Choi2015_AJAS_RapeseedMeal,7.83,5.209507604334458,5.555599297446577,5.69912939119367,5.488078764324901
UN,547,V44_62e8ae172882,Choi2015_AJAS_RapeseedMeal,8.23,5.150831761865342,5.563135696644968,5.663199407883341,5.459055622131217
UN,548,V44_e1c74eee4870,Choi2015_AJAS_RapeseedMeal,8.11,5.090493108404653,5.564250717770679,5.631467622062738,5.42873714941269
UN,549,V44_86ef2a19c33e,Yang2025_Animals_Fishmeal,14.11,7.852535954741634,7.671810185755104,7.439787441025986,7.654711193840908
UN,550,V44_4e54d89e809c,Yang2025_Animals_Fishmeal,12.22,8.240257676339283,8.080524610218502,7.83760782318834,8.052796703248708
UN,551,V44_e41f1abda522,Yang2025_Animals_Fishmeal,6.47,7.774692613218701,7.588692508404707,7.373913422433277,7.579099514685562
UN,552,V44_05da3523d840,Yang2025_Animals_Fishmeal,8.49,6.677601599015383,6.5088989026953925,6.3203974338227225,6.502299311844499
UN,553,V44_66aa93f63bf7,Yang2025_Animals_Fishmeal,8.03,10.615455450700848,10.452230581563764,10.399960106607573,10.489215379624062
UN,554,V44_6a274232ebe5,Yang2025_Animals_Fishmeal,7.39,10.079119639352855,9.81466178778538,9.731566553808928,9.875115993649056
UN,555,V44_e8c132d953df,Yang2025_Animals_Fishmeal,11.6,9.771406973387691,9.533029465950584,9.425746135874665,9.57672752507098
UN,556,V44_8a9c71290d98,Yang2025_Animals_Fishmeal,16.35,9.866721266436244,9.70097837939931,9.466680705670887,9.67812678383548
UN,557,V44_c87e940593df,Yang2025_Animals_Fishmeal,9.14,9.696828213588844,9.508122895982163,9.358388424427629,9.521113177999545
UN,558,V44_2c435a068545,Yang2025_Animals_Fishmeal,13.53,9.468902599691006,9.278153362590048,9.120099403923442,9.289051788734831
UN,559,V44_aa2ec641ee01,Ju2008_AJAS_LysineSources,2.54,2.880191305354476,2.711860282743056,2.8982723735678544,2.8301079872217954
UN,560,V44_4bbf048b966d,Ju2008_AJAS_LysineSources,2.14,2.747746237014061,2.6254215578551587,2.807304375686753,2.726824056851991
UN,561,V44_8f2aa7fbc626,Ju2008_AJAS_LysineSources,2.35,2.7439740347749275,2.621833477053194,2.8044001745085563,2.7234025621122258
UN,562,V44_5f29676786c9,Ju2008_AJAS_LysineSources,1.65,2.7439740347749275,2.621833477053194,2.8044001745085563,2.7234025621122258
UN,563,V44_164053cc27c6,Myrie2008_JAS_Antinutritive,5.31,2.7499782223635414,3.611613880524029,2.3298560153539523,2.897149372747174
UN,564,V44_f93b152b733e,Myrie2008_JAS_Antinutritive,5.49,2.8572340197827906,3.682905803878719,2.9102466860908933,3.150128836584134
UN,565,V44_531f93bfe0db,Myrie2008_JAS_Antinutritive,5.5,2.4228900994512763,3.061219244930696,2.6342970414648565,2.706135461948943
UN,566,V44_51af80d37f1e,Myrie2008_JAS_Antinutritive,6.12,3.0319532517197505,3.559002906531271,3.170810161020187,3.2539221064237362
UN,567,V44_9b4f153302ae,Myrie2008_JAS_Antinutritive,5.55,2.983408848245258,3.697419759643549,2.762918130993805,3.1479155796275378
UN,568,V44_1a6ba40be6e5,Myrie2008_JAS_Antinutritive,5.41,2.703100954832649,3.5104297301521683,2.337033444617738,2.850188043200852
UN,569,V44_04262ba2b491,Myrie2008_JAS_Antinutritive,4.91,2.540623747545501,3.5463479060741108,2.409153576285526,2.8320417433017124
UN,570,V44_545aae511971,Drew2012_JAS_GlycemicIndex,8.3,7.211550621872934,6.630635193783343,6.944636007091809,6.928940607582696
UN,571,V44_a719624d599d,Drew2012_JAS_GlycemicIndex,8.6,3.8751789773679297,3.786462178549352,3.301797375351056,3.6544795104227794
UN,572,V44_db03dd303724,Drew2012_JAS_GlycemicIndex,10.6,8.569435356682934,8.984693525639987,8.824572203445175,8.7929003619227
UN,573,V44_da1473f44169,Zervas2001_MSc_OatHull,9.5,7.262048000495829,7.043659800991346,7.068185287141819,7.124631029542999
UN,574,V44_cf89323e2825,Zervas2001_MSc_OatHull,14.4,11.037575939176625,10.384430025531367,10.986934407758062,10.802980124155352
UN,575,V44_5ef91c756085,Zervas2001_MSc_OatHull,17.6,15.495060547476491,15.049869806433971,15.653361501560568,15.399430618490342
UN,576,V44_caa9c43aa0da,Zervas2001_MSc_OatHull,8.8,8.587437832827076,8.504425748486607,8.570186915384362,8.554016832232682
UN,577,V44_4f5d57b51f1a,Zervas2001_MSc_OatHull,13.8,10.620487386464106,10.30567410833733,10.695972599924271,10.540711364908569
UN,578,V44_a2c11cff3d84,Zervas2001_MSc_OatHull,17.6,15.19931229696112,15.118654350166867,15.46696741552048,15.26164468754949
UN,579,V44_a27d3d38cd75,Zervas2001_MSc_FermentableFiber,14.1,10.726423319719125,10.729953713702496,11.68290481171717,11.04642728171293
UN,580,V44_cc3cad3b696b,Zervas2001_MSc_FermentableFiber,10.8,8.991641554386035,8.784653450346916,8.723345902517499,8.83321363575015
UN,581,V44_4eb3e5873d37,Zervas2001_MSc_FermentableFiber,10.3,7.503994375910686,7.486344329764484,8.020107415808663,7.670148707161278
UN,582,V44_8ee112b494e5,Zervas2001_MSc_FermentableFiber,8.8,8.338371086770206,8.26568855785938,8.12139421582157,8.24181795348372
UN,583,V44_4d83207a1ec9,Zervas2001_MSc_FermentableFiber,6.7,9.642829128027088,9.395048429052354,9.06527772389489,9.367718426991443
UN,584,V44_5bc9fb23f13f,Zervas2001_MSc_FermentableFiber,25.5,23.83755451704805,24.668010033656078,24.70290723340764,24.402823928037254
UN,585,V44_88766c1c18fe,Zervas2001_MSc_FermentableFiber,15.3,13.12967114227793,13.408587107480844,13.63754233643682,13.391933528731863
UN,586,V44_cc3bec469281,Zervas2001_MSc_FermentableFiber,18.4,16.92133791531634,17.013527203883537,16.46912099408145,16.80132870442711
UN,587,V44_3f12bcbf9867,Zervas2001_MSc_FermentableFiber,12.2,12.466026603972054,12.577283139306177,12.645890572312794,12.563066771863674
UN,588,V44_562bbb354413,Zervas2001_MSc_FermentableFiber,11.4,16.520577462015652,16.631955538431754,16.60896537976096,16.587166126736122
UN,589,V44_7c9f2dd74a0f,Rakhshandeh2010_LivSci_SAA_ISS,1.0119529411764707,0.9549766259850294,0.299946917341833,0.5668281887079534,0.6072505773449386
UN,590,V44_4de19423f34d,Rakhshandeh2010_LivSci_SAA_ISS,2.7174939759036145,2.910837512012196,2.372975795921459,2.740229200096497,2.674680836010051
UN,591,V44_bf4a6e520214,Rakhshandeh2010_LivSci_SAA_ISS,4.725894736842105,5.00561764645455,4.720832332634657,5.028229535755425,4.918226504948211
UN,592,V44_199c201dbf0e,Jin2016_AJAS_Mealworm_Weaned,2.37,2.768822782359532,2.8455753516695896,2.638546404553587,2.750981512860903
UN,593,V44_034cd80d369d,Jin2016_AJAS_Mealworm_Weaned,2.55,2.63958279329416,2.764281741002496,2.530983696151827,2.644949410149494
UN,594,V44_cf075adba218,Jin2016_AJAS_Mealworm_Weaned,2.55,2.7808887845340795,2.9395651475396587,2.709254971371667,2.8099029678151353
UN,595,V44_8765e1771255,Jin2016_AJAS_Mealworm_Weaned,2.51,2.7430625701142493,2.9211837748904355,2.6821932083237154,2.7821465177761335
UN,596,V44_9ba53a9fc0d5,Jin2016_AJAS_Mealworm_Weaned,2.56,2.6736403213846334,2.8702241399524717,2.6215438746272604,2.7218027786547885
UN,597,V44_59025bba940d,Wellington2020_Animals_Thr_Fibre_FermentableProtein,3.94,5.1843823453332565,5.354204574365265,5.549098481920945,5.362561800539822
UN,598,V44_c09960ad3756,Wellington2020_Animals_Thr_Fibre_FermentableProtein,2.77,5.103150304790115,5.275311838943288,5.487884649205052,5.288782264312818
UN,599,V44_e99752083884,Wellington2020_Animals_Thr_Fibre_FermentableProtein,3.86,5.139328186151715,5.318887992610071,5.525913747589227,5.328043308783671
UN,600,V44_6c4e6032bf04,Wellington2020_Animals_Thr_Fibre_FermentableProtein,4.08,5.272572939173842,5.453254578750688,5.648537087979455,5.458121535301328
UN,601,V44_b33ccb6fafd9,Wellington2020_Animals_Thr_Fibre_FermentableProtein,3.13,5.337838782546036,5.52545589017242,5.719127928535349,5.527474200417935
UN,602,V44_a6f83d1eb8b6,Wellington2020_Animals_Thr_Fibre_FermentableProtein,6.61,7.810386732960836,8.38434260973164,8.443150904650828,8.212626749114435
UN,603,V44_6318f1e135fd,Wellington2020_Animals_Thr_Fibre_FermentableProtein,5.5,9.3519434617848,9.999289952481076,9.966578431022343,9.772603948429406
UN,604,V44_9ea395c36820,Wellington2020_Animals_Thr_Fibre_FermentableProtein,4.99,8.068390486628896,8.640507238649839,8.719503857687393,8.476133860988709
UN,605,V44_e28a16ce775b,Wellington2020_Animals_Thr_Fibre_FermentableProtein,5.97,8.197950394366185,8.772084632159501,8.847341990685008,8.605792339070232
UN,606,V44_be3d3e5ece41,Wellington2020_Animals_Thr_Fibre_FermentableProtein,5.27,7.950666440458002,8.543709145232791,8.565558233078505,8.353311272923099
UN,607,V44_da7ee9668268,Wellington2020_Animals_Thr_Fibre_FermentableProtein,3.21,7.875879856095154,8.287939164124037,8.073262298410247,8.079027106209812
UN,608,V44_f264640db62b,Wellington2020_Animals_Thr_Fibre_FermentableProtein,2.24,7.949467931337539,8.375020017118846,8.144552292188445,8.15634674688161
UN,609,V44_030b93fd52e7,Wellington2020_Animals_Thr_Fibre_FermentableProtein,2.65,7.897792153548231,8.312593659239116,8.095109187660924,8.101831666816091
UN,610,V44_580a0b3708b6,Wellington2020_Animals_Thr_Fibre_FermentableProtein,2.42,7.837938701512527,8.230456072364417,8.017330865099181,8.02857521299204
UN,611,V44_b51481233258,Wellington2020_Animals_Thr_Fibre_FermentableProtein,3.12,8.261150657699531,8.688889246246813,8.461146679866864,8.470395527937736
UN,612,V44_24616a4b598a,Wellington2020_Animals_Thr_Fibre_FermentableProtein,3.61,8.490855470151507,8.705577407063588,8.54283877642185,8.579757217878981
UN,613,V44_0f0b34411b27,Wellington2020_Animals_Thr_Fibre_FermentableProtein,3.01,8.974572761803186,9.146467716307916,9.025073115719936,9.048704531277012
UN,614,V44_36db91f1cea4,Wellington2020_Animals_Thr_Fibre_FermentableProtein,3.26,9.050957999583542,9.228642954122655,9.119326060555322,9.132975671420505
UN,615,V44_c9cb4c478d15,Wellington2020_Animals_Thr_Fibre_FermentableProtein,4.29,8.274197120659101,8.498393078417266,8.317465745844848,8.363351981640406
UN,616,V44_4f972a6ceeb5,Wellington2020_Animals_Thr_Fibre_FermentableProtein,3.92,9.624884744970082,9.796597765735362,9.742789762995097,9.721424091233514
UN,617,V44_63a0a07a4806,Acosta2020_TAS_LactoseFP,1.68,2.540585482461128,2.5760961286262285,2.667192887702071,2.594624832929809
UN,618,V44_3c92812032e9,Acosta2020_TAS_LactoseFP,1.29,2.1454288461666504,2.1937432028132022,2.02248739997596,2.1205531496519376
UN,619,V44_c76bcfe6d9ec,Acosta2020_TAS_LactoseFP,1.54,2.278504871613011,2.341502629285392,2.246318778305092,2.288775426401165
UN,620,V44_cc362095061f,Acosta2020_TAS_LactoseFP,1.44,2.291916559025678,2.334150657239448,2.294990193004569,2.3070191364232318
UN,621,V44_0b639729858d,Li2018_JAS_Pyruvate,13.2,12.57187698248236,12.773320530534525,12.752315463907056,12.699170992307979
UN,622,V44_679a1a266cfc,Li2018_JAS_Pyruvate,10.3,9.714763873412682,9.877760826550269,10.092708951485674,9.895077883816208
UN,623,V44_7aa01c13f8e3,Li2018_JAS_Pyruvate,7.8,8.683358204995518,8.549218923701982,8.648389817013017,8.626988981903507
UN,624,V44_fe210c8d244a,Mayer2026_TAS_SoybeanHulls,14.83,19.8254684393001,19.018320613196583,19.90107181360265,19.581620288699778
UN,625,V44_35be44f41364,Mayer2026_TAS_SoybeanHulls,12.72,23.69159129930016,24.490884826480528,24.59470556937669,24.25906056505246
UN,626,V44_da147dd2de30,Mayer2026_TAS_SoybeanHulls,10.32,17.989456366326756,18.48711605456591,18.536382729060477,18.33765171665105
UN,627,V44_b7ce4270c333,Mayer2026_TAS_SoybeanHulls,7.43,16.767860497537704,16.943011167875568,15.512392536662048,16.407754734025108
UN,628,V44_911a41f0e845,Hu2024_AnimalNutrition_YeastCulture,1.79,4.838362244236184,4.914321485959518,4.970464800959008,4.90771617705157
UN,629,V44_245854f95fd1,Hu2024_AnimalNutrition_YeastCulture,1.87,4.931861625975502,5.015376136485509,5.0898664093514325,5.012368057270815
UN,630,V44_8273179aaaeb,GeicsnekKoltay2022_Agriculture,14.36,13.866760203681146,13.47586152958378,13.533912817271071,13.625511516845334
UN,631,V44_79eb0c0f8502,GeicsnekKoltay2022_Agriculture,11.52,10.313761968970264,10.18721607714199,10.210633379150453,10.237203808420901
UN,632,V44_5408b729b6df,GeicsnekKoltay2022_Agriculture,9.49,8.169209387917572,8.259517522014537,8.230357718257238,8.219694876063116
UN,633,V44_d35ff514afdf,GeicsnekKoltay2022_Agriculture,11.22,11.661952202635772,11.456261521629935,11.382788794885863,11.500334173050524
UN,634,V44_b7a598b5cce8,GeicsnekKoltay2022_Agriculture,9.71,7.993222458715312,7.937768169590941,8.019961237115554,7.983650621807269
UN,635,V44_782ab5acce86,GeicsnekKoltay2022_Agriculture,37.5,39.44825260244268,39.0877977218143,39.56173544997755,39.36592859141151
UN,636,V44_03c28d8c1694,GeicsnekKoltay2022_Agriculture,32.71,35.21323311250557,34.7476849176533,35.19753132783275,35.05281645266387
UN,637,V44_0cb6dfaa71b7,GeicsnekKoltay2022_Agriculture,5.6,7.346434155644422,7.417368082925035,7.455213615348764,7.40633861797274
UN,638,V44_e793ac9b2bf4,Zhang2020_Animals_Temperature,5.4,9.798231580617,9.745126128156064,9.493461556171402,9.67893975498149
UN,639,V44_0bd07037a830,Zhang2020_Animals_Temperature,4.6,9.414304230579912,9.38547135639799,9.150769147230744,9.316848244736216
UN,640,V44_8b0c5c754e32,Zhang2020_Animals_Temperature,3.2,8.862159500391186,8.813716892083958,8.6374003365412,8.771092243005448
UN,641,V44_e9b6625f1887,Zhang2020_Animals_Temperature,4.9,8.518914378432118,8.637748366559027,8.379790033515334,8.512150926168827
UN,642,V44_363bec9ef314,GeicsnekKoltay2022_Agriculture,23.37,30.05200960248012,29.66451631726181,30.38306680817772,30.033197575973215
UN,643,V44_08d7412f763e,GeicsnekKoltay2022_Agriculture,23.97,32.39728900134034,31.97246252161042,32.69557259122193,32.355108038057566
UN,644,V44_f741ad4349ab,GeicsnekKoltay2022_Agriculture,13.71,19.444906837926624,19.49517656471929,19.330344993025484,19.423476131890464
UN,645,V44_a1ad26e9fbce,GeicsnekKoltay2022_Agriculture,15.67,16.957049973624663,16.942398596032827,16.893079210322682,16.930842593326727
UN,646,V44_78d702b50bb1,GeicsnekKoltay2022_Agriculture,16.19,10.08486228405312,9.805643982955484,9.835951114860851,9.908819127289819
UN,647,V44_c5ad6a7ea17c,GeicsnekKoltay2022_Agriculture,13.68,9.863743159370612,9.510261592272135,9.722955302835636,9.698986684826128
UN,648,V44_3d5bc674eb74,GeicsnekKoltay2022_Agriculture,14.28,7.681890834440085,7.520633048405607,7.733822228612917,7.645448703819537
UN,649,V44_ef89b2a1b689,GeicsnekKoltay2022_Agriculture,8.88,8.395144117300312,7.925925501624484,8.104665103492986,8.14191157413926
UN,650,V44_c71ed9d826a9,GeicsnekKoltay2022_Agriculture,5.5,7.054600248217932,6.5982469750128345,6.825862813169722,6.826236678800163
UN,651,V44_96c3c8d3e673,GeicsnekKoltay2022_Agriculture,3.77,5.754496765850806,5.583216369410455,5.743183018161932,5.693632051141065
UN,652,V44_745346950404,Zhang2020_Animals_Temperature,6.0,9.10103352126124,9.10833264111237,8.86988673162266,9.02641763133209
UN,653,V44_f4b4d5c6f38a,Zhang2020_Animals_Temperature,3.8,8.233479868024514,8.400915524514325,8.126386689778238,8.253594027439027
UN,654,V44_c131f2e81d26,GeicsnekKoltay2022_Agriculture,30.54,30.60935434168075,29.779504157413538,30.59957417689401,30.329477558662763
UN,655,V44_c0d88a876dfd,GeicsnekKoltay2022_Agriculture,19.47,27.731631198482688,26.757018107367344,27.5342164222728,27.34095524270761
UN,656,V44_638302669536,GeicsnekKoltay2022_Agriculture,17.91,23.4986541985256,22.884149473781115,23.825859720991005,23.402887797765903
UN,657,V44_8b684152dfa1,GeicsnekKoltay2022_Agriculture,14.32,21.896109241089395,21.48870568120584,22.13688404394678,21.840566322080672
UN,658,V44_22c0fc2b4f41,GeicsnekKoltay2022_Agriculture,9.3,15.084090092781157,14.885099991852638,14.502259489659924,14.823816524764572
UN,659,V44_79d5098d3975,GeicsnekKoltay2022_Agriculture,9.3,13.71508916915353,13.88525926186524,13.985056225742,13.86180155225359
UN,660,V44_042502bb6ccd,Zhang2020_Animals_Temperature,21.1,27.103956885363253,26.68659212063313,26.970767658295053,26.92043888809714
UN,661,V44_9d372ab1b7ba,Zhang2020_Animals_Temperature,12.3,26.570210882671464,26.195110331971684,26.445285059812697,26.403535424818614
UN,662,V44_57c55c79219f,Zhang2020_Animals_Temperature,12.2,22.12047246948084,22.21032899590554,22.234480762972428,22.188427409452938
UN,663,V44_4bcfe2acd25e,Zhang2020_Animals_Temperature,6.5,18.296145514497383,18.975778533311782,18.484120317552197,18.58534812178712
UN,664,V44_495f19ece4db,Mihaila2023_Agriculture,33.34,24.38062590604589,25.13824920656369,23.914473257580305,24.477782790063298
UN,665,V44_3828ad1ec57f,Mihaila2023_Agriculture,33.27,22.969455978557374,24.21169172045941,22.862395949724394,23.347847882913726
UN,666,V44_0afd884a1743,Mihaila2023_Agriculture,29.86,21.498045743957555,23.01412055330627,21.67552491803871,22.06256373843418
UN,667,V44_d05cbe2ad9c8,Yang2023_JAS,15.93,21.319786753946666,21.11263708199675,21.48164979514112,21.30469121036151
UN,668,V44_79e52f2d5ca2,Yang2023_JAS,9.21,14.130069897714694,14.31991703334858,14.226289929035673,14.225425620032981
UN,669,V44_1ca155c7d7cc,Yang2023_JAS,12.12,17.46740403101516,17.453813631111068,17.501660660128383,17.47429277408487
UN,670,V44_ebf3a8c8c64b,Yang2023_JAS,11.96,17.99254535332954,18.01286258768515,18.007512987268537,18.00430697609441
UN,671,V44_577e86e1da4f,deQuelen2024_JAS,13.0,14.294266021995572,14.7129258630946,14.99864974065505,14.668613875248406
UN,672,V44_3b40f8d57795,deQuelen2024_JAS,11.6,11.084988988368975,11.499327372110889,11.402840377036084,11.329052245838648
