Realization,Budget,Rank,Source_unit,Ingredient_Class
0,3,1,Brown rice::RealV6_糙米_sample4,Brown rice
0,3,2,Barley::RealV6_大麦_sample5,Barley
0,3,3,Wheat bran::RealV6_小麦麸_sample3,Wheat bran
0,6,1,Brown rice::RealV6_糙米_sample4,Brown rice
0,6,2,Barley::RealV6_大麦_sample5,Barley
0,6,3,Wheat bran::RealV6_小麦麸_sample3,Wheat bran
0,6,4,Rice bran::RealV6_米糠_sample8,Rice bran
0,6,5,Rice bran::RealV6_米糠_sample5,Rice bran
0,6,6,Barley::RealV6_大麦_sample9,Barley
0,9,1,Brown rice::RealV6_糙米_sample4,Brown rice
0,9,2,Barley::RealV6_大麦_sample5,Barley
0,9,3,Wheat bran::RealV6_小麦麸_sample3,Wheat bran
0,9,4,Rice bran::RealV6_米糠_sample8,Rice bran
0,9,5,Rice bran::RealV6_米糠_sample5,Rice bran
0,9,6,Barley::RealV6_大麦_sample9,Barley
0,9,7,Cassava::RealV6_木薯_sample4,Cassava
0,9,8,Rapeseed cake::RealV6_菜籽饼_sample3,Rapeseed cake
0,9,9,Barley::RealV6_大麦_sample2,Barley
0,12,1,Brown rice::RealV6_糙米_sample4,Brown rice
0,12,2,Barley::RealV6_大麦_sample5,Barley
0,12,3,Wheat bran::RealV6_小麦麸_sample3,Wheat bran
0,12,4,Rice bran::RealV6_米糠_sample8,Rice bran
0,12,5,Rice bran::RealV6_米糠_sample5,Rice bran
0,12,6,Barley::RealV6_大麦_sample9,Barley
0,12,7,Cassava::RealV6_木薯_sample4,Cassava
0,12,8,Rapeseed cake::RealV6_菜籽饼_sample3,Rapeseed cake
0,12,9,Barley::RealV6_大麦_sample2,Barley
0,12,10,Cassava::RealV6_木薯_sample2,Cassava
0,12,11,Brown rice::RealV6_糙米_sample9,Brown rice
0,12,12,Barley::RealV6_大麦_sample1,Barley
1,3,1,Rapeseed cake::RealV6_菜籽饼_sample5,Rapeseed cake
1,3,2,Cassava::RealV6_木薯_sample10,Cassava
1,3,3,Rapeseed cake::RealV6_菜籽饼_sample2,Rapeseed cake
1,6,1,Rapeseed cake::RealV6_菜籽饼_sample5,Rapeseed cake
1,6,2,Cassava::RealV6_木薯_sample10,Cassava
1,6,3,Rapeseed cake::RealV6_菜籽饼_sample2,Rapeseed cake
1,6,4,Sorghum::RealV6_高粱_sample5,Sorghum
1,6,5,Wheat::RealV6_小麦_sample5,Wheat
1,6,6,Wheat::RealV6_小麦_sample10,Wheat
1,9,1,Rapeseed cake::RealV6_菜籽饼_sample5,Rapeseed cake
1,9,2,Cassava::RealV6_木薯_sample10,Cassava
1,9,3,Rapeseed cake::RealV6_菜籽饼_sample2,Rapeseed cake
1,9,4,Sorghum::RealV6_高粱_sample5,Sorghum
1,9,5,Wheat::RealV6_小麦_sample5,Wheat
1,9,6,Wheat::RealV6_小麦_sample10,Wheat
1,9,7,Wheat bran::RealV6_小麦麸_sample6,Wheat bran
1,9,8,Sorghum::RealV6_高粱_sample10,Sorghum
1,9,9,Sorghum::RealV6_高粱_sample3,Sorghum
1,12,1,Rapeseed cake::RealV6_菜籽饼_sample5,Rapeseed cake
1,12,2,Cassava::RealV6_木薯_sample10,Cassava
1,12,3,Rapeseed cake::RealV6_菜籽饼_sample2,Rapeseed cake
1,12,4,Sorghum::RealV6_高粱_sample5,Sorghum
1,12,5,Wheat::RealV6_小麦_sample5,Wheat
1,12,6,Wheat::RealV6_小麦_sample10,Wheat
1,12,7,Wheat bran::RealV6_小麦麸_sample6,Wheat bran
1,12,8,Sorghum::RealV6_高粱_sample10,Sorghum
1,12,9,Sorghum::RealV6_高粱_sample3,Sorghum
1,12,10,Paddy rice::RealV6_稻谷_sample7,Paddy rice
1,12,11,Paddy rice::RealV6_稻谷_sample6,Paddy rice
1,12,12,Brown rice::RealV6_糙米_sample6,Brown rice
2,3,1,Sorghum::RealV6_高粱_sample1,Sorghum
2,3,2,Paddy rice::RealV6_稻谷_sample8,Paddy rice
2,3,3,Barley::RealV6_大麦_sample2,Barley
2,6,1,Sorghum::RealV6_高粱_sample1,Sorghum
2,6,2,Paddy rice::RealV6_稻谷_sample8,Paddy rice
2,6,3,Barley::RealV6_大麦_sample2,Barley
2,6,4,Cassava::RealV6_木薯_sample3,Cassava
2,6,5,Wheat bran::RealV6_小麦麸_sample4,Wheat bran
2,6,6,Barley::RealV6_大麦_sample7,Barley
2,9,1,Sorghum::RealV6_高粱_sample1,Sorghum
2,9,2,Paddy rice::RealV6_稻谷_sample8,Paddy rice
2,9,3,Barley::RealV6_大麦_sample2,Barley
2,9,4,Cassava::RealV6_木薯_sample3,Cassava
2,9,5,Wheat bran::RealV6_小麦麸_sample4,Wheat bran
2,9,6,Barley::RealV6_大麦_sample7,Barley
2,9,7,Rapeseed cake::RealV6_菜籽饼_sample10,Rapeseed cake
2,9,8,Wheat::RealV6_小麦_sample6,Wheat
2,9,9,Wheat::RealV6_小麦_sample3,Wheat
2,12,1,Sorghum::RealV6_高粱_sample1,Sorghum
2,12,2,Paddy rice::RealV6_稻谷_sample8,Paddy rice
2,12,3,Barley::RealV6_大麦_sample2,Barley
2,12,4,Cassava::RealV6_木薯_sample3,Cassava
2,12,5,Wheat bran::RealV6_小麦麸_sample4,Wheat bran
2,12,6,Barley::RealV6_大麦_sample7,Barley
2,12,7,Rapeseed cake::RealV6_菜籽饼_sample10,Rapeseed cake
2,12,8,Wheat::RealV6_小麦_sample6,Wheat
2,12,9,Wheat::RealV6_小麦_sample3,Wheat
2,12,10,Wheat::RealV6_小麦_sample8,Wheat
2,12,11,Brown rice::RealV6_糙米_sample6,Brown rice
2,12,12,Barley::RealV6_大麦_sample5,Barley
3,3,1,Wheat bran::RealV6_小麦麸_sample2,Wheat bran
3,3,2,Rapeseed cake::RealV6_菜籽饼_sample2,Rapeseed cake
3,3,3,Barley::RealV6_大麦_sample6,Barley
3,6,1,Wheat bran::RealV6_小麦麸_sample2,Wheat bran
3,6,2,Rapeseed cake::RealV6_菜籽饼_sample2,Rapeseed cake
3,6,3,Barley::RealV6_大麦_sample6,Barley
3,6,4,Brown rice::RealV6_糙米_sample2,Brown rice
3,6,5,Paddy rice::RealV6_稻谷_sample7,Paddy rice
3,6,6,Sorghum::RealV6_高粱_sample3,Sorghum
3,9,1,Wheat bran::RealV6_小麦麸_sample2,Wheat bran
3,9,2,Rapeseed cake::RealV6_菜籽饼_sample2,Rapeseed cake
3,9,3,Barley::RealV6_大麦_sample6,Barley
3,9,4,Brown rice::RealV6_糙米_sample2,Brown rice
3,9,5,Paddy rice::RealV6_稻谷_sample7,Paddy rice
3,9,6,Sorghum::RealV6_高粱_sample3,Sorghum
3,9,7,Rice bran::RealV6_米糠_sample7,Rice bran
3,9,8,Rice bran::RealV6_米糠_sample9,Rice bran
3,9,9,Barley::RealV6_大麦_sample1,Barley
3,12,1,Wheat bran::RealV6_小麦麸_sample2,Wheat bran
3,12,2,Rapeseed cake::RealV6_菜籽饼_sample2,Rapeseed cake
3,12,3,Barley::RealV6_大麦_sample6,Barley
3,12,4,Brown rice::RealV6_糙米_sample2,Brown rice
3,12,5,Paddy rice::RealV6_稻谷_sample7,Paddy rice
3,12,6,Sorghum::RealV6_高粱_sample3,Sorghum
3,12,7,Rice bran::RealV6_米糠_sample7,Rice bran
3,12,8,Rice bran::RealV6_米糠_sample9,Rice bran
3,12,9,Barley::RealV6_大麦_sample1,Barley
3,12,10,Paddy rice::RealV6_稻谷_sample9,Paddy rice
3,12,11,Rapeseed cake::RealV6_菜籽饼_sample9,Rapeseed cake
3,12,12,Paddy rice::RealV6_稻谷_sample2,Paddy rice
4,3,1,Wheat::RealV6_小麦_sample2,Wheat
4,3,2,Paddy rice::RealV6_稻谷_sample6,Paddy rice
4,3,3,Wheat::RealV6_小麦_sample3,Wheat
4,6,1,Wheat::RealV6_小麦_sample2,Wheat
4,6,2,Paddy rice::RealV6_稻谷_sample6,Paddy rice
4,6,3,Wheat::RealV6_小麦_sample3,Wheat
4,6,4,Cassava::RealV6_木薯_sample5,Cassava
4,6,5,Wheat::RealV6_小麦_sample8,Wheat
4,6,6,Barley::RealV6_大麦_sample3,Barley
4,9,1,Wheat::RealV6_小麦_sample2,Wheat
4,9,2,Paddy rice::RealV6_稻谷_sample6,Paddy rice
4,9,3,Wheat::RealV6_小麦_sample3,Wheat
4,9,4,Cassava::RealV6_木薯_sample5,Cassava
4,9,5,Wheat::RealV6_小麦_sample8,Wheat
4,9,6,Barley::RealV6_大麦_sample3,Barley
4,9,7,Rice bran::RealV6_米糠_sample4,Rice bran
4,9,8,Rapeseed cake::RealV6_菜籽饼_sample8,Rapeseed cake
4,9,9,Paddy rice::RealV6_稻谷_sample8,Paddy rice
4,12,1,Wheat::RealV6_小麦_sample2,Wheat
4,12,2,Paddy rice::RealV6_稻谷_sample6,Paddy rice
4,12,3,Wheat::RealV6_小麦_sample3,Wheat
4,12,4,Cassava::RealV6_木薯_sample5,Cassava
4,12,5,Wheat::RealV6_小麦_sample8,Wheat
4,12,6,Barley::RealV6_大麦_sample3,Barley
4,12,7,Rice bran::RealV6_米糠_sample4,Rice bran
4,12,8,Rapeseed cake::RealV6_菜籽饼_sample8,Rapeseed cake
4,12,9,Paddy rice::RealV6_稻谷_sample8,Paddy rice
4,12,10,Wheat bran::RealV6_小麦麸_sample8,Wheat bran
4,12,11,Sorghum::RealV6_高粱_sample1,Sorghum
4,12,12,Rice bran::RealV6_米糠_sample7,Rice bran
5,3,1,Barley::RealV6_大麦_sample9,Barley
5,3,2,Wheat bran::RealV6_小麦麸_sample2,Wheat bran
5,3,3,Rapeseed cake::RealV6_菜籽饼_sample2,Rapeseed cake
5,6,1,Barley::RealV6_大麦_sample9,Barley
5,6,2,Wheat bran::RealV6_小麦麸_sample2,Wheat bran
5,6,3,Rapeseed cake::RealV6_菜籽饼_sample2,Rapeseed cake
5,6,4,Rapeseed cake::RealV6_菜籽饼_sample3,Rapeseed cake
5,6,5,Sorghum::RealV6_高粱_sample9,Sorghum
5,6,6,Wheat bran::RealV6_小麦麸_sample9,Wheat bran
5,9,1,Barley::RealV6_大麦_sample9,Barley
5,9,2,Wheat bran::RealV6_小麦麸_sample2,Wheat bran
5,9,3,Rapeseed cake::RealV6_菜籽饼_sample2,Rapeseed cake
5,9,4,Rapeseed cake::RealV6_菜籽饼_sample3,Rapeseed cake
5,9,5,Sorghum::RealV6_高粱_sample9,Sorghum
5,9,6,Wheat bran::RealV6_小麦麸_sample9,Wheat bran
5,9,7,Sorghum::RealV6_高粱_sample5,Sorghum
5,9,8,Paddy rice::RealV6_稻谷_sample3,Paddy rice
5,9,9,Rapeseed cake::RealV6_菜籽饼_sample4,Rapeseed cake
5,12,1,Barley::RealV6_大麦_sample9,Barley
5,12,2,Wheat bran::RealV6_小麦麸_sample2,Wheat bran
5,12,3,Rapeseed cake::RealV6_菜籽饼_sample2,Rapeseed cake
5,12,4,Rapeseed cake::RealV6_菜籽饼_sample3,Rapeseed cake
5,12,5,Sorghum::RealV6_高粱_sample9,Sorghum
5,12,6,Wheat bran::RealV6_小麦麸_sample9,Wheat bran
5,12,7,Sorghum::RealV6_高粱_sample5,Sorghum
5,12,8,Paddy rice::RealV6_稻谷_sample3,Paddy rice
5,12,9,Rapeseed cake::RealV6_菜籽饼_sample4,Rapeseed cake
5,12,10,Wheat bran::RealV6_小麦麸_sample7,Wheat bran
5,12,11,Cassava::RealV6_木薯_sample6,Cassava
5,12,12,Brown rice::RealV6_糙米_sample1,Brown rice
6,3,1,Paddy rice::RealV6_稻谷_sample3,Paddy rice
6,3,2,Cassava::RealV6_木薯_sample3,Cassava
6,3,3,Sorghum::RealV6_高粱_sample4,Sorghum
6,6,1,Paddy rice::RealV6_稻谷_sample3,Paddy rice
6,6,2,Cassava::RealV6_木薯_sample3,Cassava
6,6,3,Sorghum::RealV6_高粱_sample4,Sorghum
6,6,4,Barley::RealV6_大麦_sample2,Barley
6,6,5,Paddy rice::RealV6_稻谷_sample4,Paddy rice
6,6,6,Rice bran::RealV6_米糠_sample8,Rice bran
6,9,1,Paddy rice::RealV6_稻谷_sample3,Paddy rice
6,9,2,Cassava::RealV6_木薯_sample3,Cassava
6,9,3,Sorghum::RealV6_高粱_sample4,Sorghum
6,9,4,Barley::RealV6_大麦_sample2,Barley
6,9,5,Paddy rice::RealV6_稻谷_sample4,Paddy rice
6,9,6,Rice bran::RealV6_米糠_sample8,Rice bran
6,9,7,Wheat::RealV6_小麦_sample6,Wheat
6,9,8,Wheat bran::RealV6_小麦麸_sample2,Wheat bran
6,9,9,Rapeseed cake::RealV6_菜籽饼_sample3,Rapeseed cake
6,12,1,Paddy rice::RealV6_稻谷_sample3,Paddy rice
6,12,2,Cassava::RealV6_木薯_sample3,Cassava
6,12,3,Sorghum::RealV6_高粱_sample4,Sorghum
6,12,4,Barley::RealV6_大麦_sample2,Barley
6,12,5,Paddy rice::RealV6_稻谷_sample4,Paddy rice
6,12,6,Rice bran::RealV6_米糠_sample8,Rice bran
6,12,7,Wheat::RealV6_小麦_sample6,Wheat
6,12,8,Wheat bran::RealV6_小麦麸_sample2,Wheat bran
6,12,9,Rapeseed cake::RealV6_菜籽饼_sample3,Rapeseed cake
6,12,10,Wheat bran::RealV6_小麦麸_sample10,Wheat bran
6,12,11,Wheat bran::RealV6_小麦麸_sample1,Wheat bran
6,12,12,Paddy rice::RealV6_稻谷_sample8,Paddy rice
7,3,1,Rapeseed cake::RealV6_菜籽饼_sample4,Rapeseed cake
7,3,2,Wheat::RealV6_小麦_sample7,Wheat
7,3,3,Paddy rice::RealV6_稻谷_sample3,Paddy rice
7,6,1,Rapeseed cake::RealV6_菜籽饼_sample4,Rapeseed cake
7,6,2,Wheat::RealV6_小麦_sample7,Wheat
7,6,3,Paddy rice::RealV6_稻谷_sample3,Paddy rice
7,6,4,Cassava::RealV6_木薯_sample6,Cassava
7,6,5,Cassava::RealV6_木薯_sample4,Cassava
7,6,6,Paddy rice::RealV6_稻谷_sample1,Paddy rice
7,9,1,Rapeseed cake::RealV6_菜籽饼_sample4,Rapeseed cake
7,9,2,Wheat::RealV6_小麦_sample7,Wheat
7,9,3,Paddy rice::RealV6_稻谷_sample3,Paddy rice
7,9,4,Cassava::RealV6_木薯_sample6,Cassava
7,9,5,Cassava::RealV6_木薯_sample4,Cassava
7,9,6,Paddy rice::RealV6_稻谷_sample1,Paddy rice
7,9,7,Wheat bran::RealV6_小麦麸_sample2,Wheat bran
7,9,8,Sorghum::RealV6_高粱_sample7,Sorghum
7,9,9,Wheat::RealV6_小麦_sample6,Wheat
7,12,1,Rapeseed cake::RealV6_菜籽饼_sample4,Rapeseed cake
7,12,2,Wheat::RealV6_小麦_sample7,Wheat
7,12,3,Paddy rice::RealV6_稻谷_sample3,Paddy rice
7,12,4,Cassava::RealV6_木薯_sample6,Cassava
7,12,5,Cassava::RealV6_木薯_sample4,Cassava
7,12,6,Paddy rice::RealV6_稻谷_sample1,Paddy rice
7,12,7,Wheat bran::RealV6_小麦麸_sample2,Wheat bran
7,12,8,Sorghum::RealV6_高粱_sample7,Sorghum
7,12,9,Wheat::RealV6_小麦_sample6,Wheat
7,12,10,Rapeseed cake::RealV6_菜籽饼_sample2,Rapeseed cake
7,12,11,Paddy rice::RealV6_稻谷_sample9,Paddy rice
7,12,12,Paddy rice::RealV6_稻谷_sample7,Paddy rice
8,3,1,Barley::RealV6_大麦_sample4,Barley
8,3,2,Wheat::RealV6_小麦_sample8,Wheat
8,3,3,Paddy rice::RealV6_稻谷_sample11,Paddy rice
8,6,1,Barley::RealV6_大麦_sample4,Barley
8,6,2,Wheat::RealV6_小麦_sample8,Wheat
8,6,3,Paddy rice::RealV6_稻谷_sample11,Paddy rice
8,6,4,Brown rice::RealV6_糙米_sample1,Brown rice
8,6,5,Brown rice::RealV6_糙米_sample7,Brown rice
8,6,6,Barley::RealV6_大麦_sample3,Barley
8,9,1,Barley::RealV6_大麦_sample4,Barley
8,9,2,Wheat::RealV6_小麦_sample8,Wheat
8,9,3,Paddy rice::RealV6_稻谷_sample11,Paddy rice
8,9,4,Brown rice::RealV6_糙米_sample1,Brown rice
8,9,5,Brown rice::RealV6_糙米_sample7,Brown rice
8,9,6,Barley::RealV6_大麦_sample3,Barley
8,9,7,Barley::RealV6_大麦_sample2,Barley
8,9,8,Sorghum::RealV6_高粱_sample8,Sorghum
8,9,9,Barley::RealV6_大麦_sample5,Barley
8,12,1,Barley::RealV6_大麦_sample4,Barley
8,12,2,Wheat::RealV6_小麦_sample8,Wheat
8,12,3,Paddy rice::RealV6_稻谷_sample11,Paddy rice
8,12,4,Brown rice::RealV6_糙米_sample1,Brown rice
8,12,5,Brown rice::RealV6_糙米_sample7,Brown rice
8,12,6,Barley::RealV6_大麦_sample3,Barley
8,12,7,Barley::RealV6_大麦_sample2,Barley
8,12,8,Sorghum::RealV6_高粱_sample8,Sorghum
8,12,9,Barley::RealV6_大麦_sample5,Barley
8,12,10,Brown rice::RealV6_糙米_sample2,Brown rice
8,12,11,Sorghum::RealV6_高粱_sample10,Sorghum
8,12,12,Paddy rice::RealV6_稻谷_sample6,Paddy rice
9,3,1,Wheat bran::RealV6_小麦麸_sample5,Wheat bran
9,3,2,Cassava::RealV6_木薯_sample6,Cassava
9,3,3,Rice bran::RealV6_米糠_sample4,Rice bran
9,6,1,Wheat bran::RealV6_小麦麸_sample5,Wheat bran
9,6,2,Cassava::RealV6_木薯_sample6,Cassava
9,6,3,Rice bran::RealV6_米糠_sample4,Rice bran
9,6,4,Paddy rice::RealV6_稻谷_sample2,Paddy rice
9,6,5,Sorghum::RealV6_高粱_sample2,Sorghum
9,6,6,Paddy rice::RealV6_稻谷_sample8,Paddy rice
9,9,1,Wheat bran::RealV6_小麦麸_sample5,Wheat bran
9,9,2,Cassava::RealV6_木薯_sample6,Cassava
9,9,3,Rice bran::RealV6_米糠_sample4,Rice bran
9,9,4,Paddy rice::RealV6_稻谷_sample2,Paddy rice
9,9,5,Sorghum::RealV6_高粱_sample2,Sorghum
9,9,6,Paddy rice::RealV6_稻谷_sample8,Paddy rice
9,9,7,Sorghum::RealV6_高粱_sample10,Sorghum
9,9,8,Wheat::RealV6_小麦_sample9,Wheat
9,9,9,Wheat::RealV6_小麦_sample7,Wheat
9,12,1,Wheat bran::RealV6_小麦麸_sample5,Wheat bran
9,12,2,Cassava::RealV6_木薯_sample6,Cassava
9,12,3,Rice bran::RealV6_米糠_sample4,Rice bran
9,12,4,Paddy rice::RealV6_稻谷_sample2,Paddy rice
9,12,5,Sorghum::RealV6_高粱_sample2,Sorghum
9,12,6,Paddy rice::RealV6_稻谷_sample8,Paddy rice
9,12,7,Sorghum::RealV6_高粱_sample10,Sorghum
9,12,8,Wheat::RealV6_小麦_sample9,Wheat
9,12,9,Wheat::RealV6_小麦_sample7,Wheat
9,12,10,Wheat::RealV6_小麦_sample10,Wheat
9,12,11,Barley::RealV6_大麦_sample7,Barley
9,12,12,Wheat bran::RealV6_小麦麸_sample9,Wheat bran
10,3,1,Rapeseed cake::RealV6_菜籽饼_sample4,Rapeseed cake
10,3,2,Brown rice::RealV6_糙米_sample9,Brown rice
10,3,3,Rapeseed cake::RealV6_菜籽饼_sample5,Rapeseed cake
10,6,1,Rapeseed cake::RealV6_菜籽饼_sample4,Rapeseed cake
10,6,2,Brown rice::RealV6_糙米_sample9,Brown rice
10,6,3,Rapeseed cake::RealV6_菜籽饼_sample5,Rapeseed cake
10,6,4,Brown rice::RealV6_糙米_sample1,Brown rice
10,6,5,Cassava::RealV6_木薯_sample9,Cassava
10,6,6,Paddy rice::RealV6_稻谷_sample1,Paddy rice
10,9,1,Rapeseed cake::RealV6_菜籽饼_sample4,Rapeseed cake
10,9,2,Brown rice::RealV6_糙米_sample9,Brown rice
10,9,3,Rapeseed cake::RealV6_菜籽饼_sample5,Rapeseed cake
10,9,4,Brown rice::RealV6_糙米_sample1,Brown rice
10,9,5,Cassava::RealV6_木薯_sample9,Cassava
10,9,6,Paddy rice::RealV6_稻谷_sample1,Paddy rice
10,9,7,Rapeseed cake::RealV6_菜籽饼_sample10,Rapeseed cake
10,9,8,Rapeseed cake::RealV6_菜籽饼_sample2,Rapeseed cake
10,9,9,Cassava::RealV6_木薯_sample4,Cassava
10,12,1,Rapeseed cake::RealV6_菜籽饼_sample4,Rapeseed cake
10,12,2,Brown rice::RealV6_糙米_sample9,Brown rice
10,12,3,Rapeseed cake::RealV6_菜籽饼_sample5,Rapeseed cake
10,12,4,Brown rice::RealV6_糙米_sample1,Brown rice
10,12,5,Cassava::RealV6_木薯_sample9,Cassava
10,12,6,Paddy rice::RealV6_稻谷_sample1,Paddy rice
10,12,7,Rapeseed cake::RealV6_菜籽饼_sample10,Rapeseed cake
10,12,8,Rapeseed cake::RealV6_菜籽饼_sample2,Rapeseed cake
10,12,9,Cassava::RealV6_木薯_sample4,Cassava
10,12,10,Barley::RealV6_大麦_sample2,Barley
10,12,11,Cassava::RealV6_木薯_sample7,Cassava
10,12,12,Cassava::RealV6_木薯_sample2,Cassava
11,3,1,Cassava::RealV6_木薯_sample6,Cassava
11,3,2,Wheat bran::RealV6_小麦麸_sample6,Wheat bran
11,3,3,Brown rice::RealV6_糙米_sample9,Brown rice
11,6,1,Cassava::RealV6_木薯_sample6,Cassava
11,6,2,Wheat bran::RealV6_小麦麸_sample6,Wheat bran
11,6,3,Brown rice::RealV6_糙米_sample9,Brown rice
11,6,4,Wheat::RealV6_小麦_sample5,Wheat
11,6,5,Paddy rice::RealV6_稻谷_sample5,Paddy rice
11,6,6,Paddy rice::RealV6_稻谷_sample8,Paddy rice
11,9,1,Cassava::RealV6_木薯_sample6,Cassava
11,9,2,Wheat bran::RealV6_小麦麸_sample6,Wheat bran
11,9,3,Brown rice::RealV6_糙米_sample9,Brown rice
11,9,4,Wheat::RealV6_小麦_sample5,Wheat
11,9,5,Paddy rice::RealV6_稻谷_sample5,Paddy rice
11,9,6,Paddy rice::RealV6_稻谷_sample8,Paddy rice
11,9,7,Sorghum::RealV6_高粱_sample4,Sorghum
11,9,8,Rapeseed cake::RealV6_菜籽饼_sample2,Rapeseed cake
11,9,9,Rice bran::RealV6_米糠_sample3,Rice bran
11,12,1,Cassava::RealV6_木薯_sample6,Cassava
11,12,2,Wheat bran::RealV6_小麦麸_sample6,Wheat bran
11,12,3,Brown rice::RealV6_糙米_sample9,Brown rice
11,12,4,Wheat::RealV6_小麦_sample5,Wheat
11,12,5,Paddy rice::RealV6_稻谷_sample5,Paddy rice
11,12,6,Paddy rice::RealV6_稻谷_sample8,Paddy rice
11,12,7,Sorghum::RealV6_高粱_sample4,Sorghum
11,12,8,Rapeseed cake::RealV6_菜籽饼_sample2,Rapeseed cake
11,12,9,Rice bran::RealV6_米糠_sample3,Rice bran
11,12,10,Wheat::RealV6_小麦_sample2,Wheat
11,12,11,Wheat::RealV6_小麦_sample9,Wheat
11,12,12,Rice bran::RealV6_米糠_sample6,Rice bran
12,3,1,Wheat::RealV6_小麦_sample9,Wheat
12,3,2,Wheat::RealV6_小麦_sample7,Wheat
12,3,3,Cassava::RealV6_木薯_sample7,Cassava
12,6,1,Wheat::RealV6_小麦_sample9,Wheat
12,6,2,Wheat::RealV6_小麦_sample7,Wheat
12,6,3,Cassava::RealV6_木薯_sample7,Cassava
12,6,4,Wheat bran::RealV6_小麦麸_sample10,Wheat bran
12,6,5,Barley::RealV6_大麦_sample1,Barley
12,6,6,Sorghum::RealV6_高粱_sample10,Sorghum
12,9,1,Wheat::RealV6_小麦_sample9,Wheat
12,9,2,Wheat::RealV6_小麦_sample7,Wheat
12,9,3,Cassava::RealV6_木薯_sample7,Cassava
12,9,4,Wheat bran::RealV6_小麦麸_sample10,Wheat bran
12,9,5,Barley::RealV6_大麦_sample1,Barley
12,9,6,Sorghum::RealV6_高粱_sample10,Sorghum
12,9,7,Rapeseed cake::RealV6_菜籽饼_sample2,Rapeseed cake
12,9,8,Paddy rice::RealV6_稻谷_sample1,Paddy rice
12,9,9,Wheat bran::RealV6_小麦麸_sample6,Wheat bran
12,12,1,Wheat::RealV6_小麦_sample9,Wheat
12,12,2,Wheat::RealV6_小麦_sample7,Wheat
12,12,3,Cassava::RealV6_木薯_sample7,Cassava
12,12,4,Wheat bran::RealV6_小麦麸_sample10,Wheat bran
12,12,5,Barley::RealV6_大麦_sample1,Barley
12,12,6,Sorghum::RealV6_高粱_sample10,Sorghum
12,12,7,Rapeseed cake::RealV6_菜籽饼_sample2,Rapeseed cake
12,12,8,Paddy rice::RealV6_稻谷_sample1,Paddy rice
12,12,9,Wheat bran::RealV6_小麦麸_sample6,Wheat bran
12,12,10,Paddy rice::RealV6_稻谷_sample9,Paddy rice
12,12,11,Wheat::RealV6_小麦_sample2,Wheat
12,12,12,Brown rice::RealV6_糙米_sample7,Brown rice
13,3,1,Wheat::RealV6_小麦_sample9,Wheat
13,3,2,Wheat::RealV6_小麦_sample4,Wheat
13,3,3,Barley::RealV6_大麦_sample2,Barley
13,6,1,Wheat::RealV6_小麦_sample9,Wheat
13,6,2,Wheat::RealV6_小麦_sample4,Wheat
13,6,3,Barley::RealV6_大麦_sample2,Barley
13,6,4,Barley::RealV6_大麦_sample4,Barley
13,6,5,Wheat::RealV6_小麦_sample7,Wheat
13,6,6,Rice bran::RealV6_米糠_sample7,Rice bran
13,9,1,Wheat::RealV6_小麦_sample9,Wheat
13,9,2,Wheat::RealV6_小麦_sample4,Wheat
13,9,3,Barley::RealV6_大麦_sample2,Barley
13,9,4,Barley::RealV6_大麦_sample4,Barley
13,9,5,Wheat::RealV6_小麦_sample7,Wheat
13,9,6,Rice bran::RealV6_米糠_sample7,Rice bran
13,9,7,Rice bran::RealV6_米糠_sample4,Rice bran
13,9,8,Sorghum::RealV6_高粱_sample9,Sorghum
13,9,9,Rice bran::RealV6_米糠_sample8,Rice bran
13,12,1,Wheat::RealV6_小麦_sample9,Wheat
13,12,2,Wheat::RealV6_小麦_sample4,Wheat
13,12,3,Barley::RealV6_大麦_sample2,Barley
13,12,4,Barley::RealV6_大麦_sample4,Barley
13,12,5,Wheat::RealV6_小麦_sample7,Wheat
13,12,6,Rice bran::RealV6_米糠_sample7,Rice bran
13,12,7,Rice bran::RealV6_米糠_sample4,Rice bran
13,12,8,Sorghum::RealV6_高粱_sample9,Sorghum
13,12,9,Rice bran::RealV6_米糠_sample8,Rice bran
13,12,10,Wheat bran::RealV6_小麦麸_sample5,Wheat bran
13,12,11,Rapeseed cake::RealV6_菜籽饼_sample10,Rapeseed cake
13,12,12,Wheat::RealV6_小麦_sample2,Wheat
14,3,1,Barley::RealV6_大麦_sample9,Barley
14,3,2,Sorghum::RealV6_高粱_sample9,Sorghum
14,3,3,Brown rice::RealV6_糙米_sample6,Brown rice
14,6,1,Barley::RealV6_大麦_sample9,Barley
14,6,2,Sorghum::RealV6_高粱_sample9,Sorghum
14,6,3,Brown rice::RealV6_糙米_sample6,Brown rice
14,6,4,Wheat bran::RealV6_小麦麸_sample6,Wheat bran
14,6,5,Wheat bran::RealV6_小麦麸_sample3,Wheat bran
14,6,6,Barley::RealV6_大麦_sample7,Barley
14,9,1,Barley::RealV6_大麦_sample9,Barley
14,9,2,Sorghum::RealV6_高粱_sample9,Sorghum
14,9,3,Brown rice::RealV6_糙米_sample6,Brown rice
14,9,4,Wheat bran::RealV6_小麦麸_sample6,Wheat bran
14,9,5,Wheat bran::RealV6_小麦麸_sample3,Wheat bran
14,9,6,Barley::RealV6_大麦_sample7,Barley
14,9,7,Cassava::RealV6_木薯_sample4,Cassava
14,9,8,Rice bran::RealV6_米糠_sample1,Rice bran
14,9,9,Rapeseed cake::RealV6_菜籽饼_sample8,Rapeseed cake
14,12,1,Barley::RealV6_大麦_sample9,Barley
14,12,2,Sorghum::RealV6_高粱_sample9,Sorghum
14,12,3,Brown rice::RealV6_糙米_sample6,Brown rice
14,12,4,Wheat bran::RealV6_小麦麸_sample6,Wheat bran
14,12,5,Wheat bran::RealV6_小麦麸_sample3,Wheat bran
14,12,6,Barley::RealV6_大麦_sample7,Barley
14,12,7,Cassava::RealV6_木薯_sample4,Cassava
14,12,8,Rice bran::RealV6_米糠_sample1,Rice bran
14,12,9,Rapeseed cake::RealV6_菜籽饼_sample8,Rapeseed cake
14,12,10,Rapeseed cake::RealV6_菜籽饼_sample3,Rapeseed cake
14,12,11,Wheat bran::RealV6_小麦麸_sample4,Wheat bran
14,12,12,Barley::RealV6_大麦_sample5,Barley
15,3,1,Rapeseed cake::RealV6_菜籽饼_sample2,Rapeseed cake
15,3,2,Paddy rice::RealV6_稻谷_sample4,Paddy rice
15,3,3,Brown rice::RealV6_糙米_sample4,Brown rice
15,6,1,Rapeseed cake::RealV6_菜籽饼_sample2,Rapeseed cake
15,6,2,Paddy rice::RealV6_稻谷_sample4,Paddy rice
15,6,3,Brown rice::RealV6_糙米_sample4,Brown rice
15,6,4,Rice bran::RealV6_米糠_sample3,Rice bran
15,6,5,Sorghum::RealV6_高粱_sample1,Sorghum
15,6,6,Rapeseed cake::RealV6_菜籽饼_sample9,Rapeseed cake
15,9,1,Rapeseed cake::RealV6_菜籽饼_sample2,Rapeseed cake
15,9,2,Paddy rice::RealV6_稻谷_sample4,Paddy rice
15,9,3,Brown rice::RealV6_糙米_sample4,Brown rice
15,9,4,Rice bran::RealV6_米糠_sample3,Rice bran
15,9,5,Sorghum::RealV6_高粱_sample1,Sorghum
15,9,6,Rapeseed cake::RealV6_菜籽饼_sample9,Rapeseed cake
15,9,7,Rice bran::RealV6_米糠_sample7,Rice bran
15,9,8,Barley::RealV6_大麦_sample6,Barley
15,9,9,Wheat::RealV6_小麦_sample1,Wheat
15,12,1,Rapeseed cake::RealV6_菜籽饼_sample2,Rapeseed cake
15,12,2,Paddy rice::RealV6_稻谷_sample4,Paddy rice
15,12,3,Brown rice::RealV6_糙米_sample4,Brown rice
15,12,4,Rice bran::RealV6_米糠_sample3,Rice bran
15,12,5,Sorghum::RealV6_高粱_sample1,Sorghum
15,12,6,Rapeseed cake::RealV6_菜籽饼_sample9,Rapeseed cake
15,12,7,Rice bran::RealV6_米糠_sample7,Rice bran
15,12,8,Barley::RealV6_大麦_sample6,Barley
15,12,9,Wheat::RealV6_小麦_sample1,Wheat
15,12,10,Paddy rice::RealV6_稻谷_sample3,Paddy rice
15,12,11,Sorghum::RealV6_高粱_sample4,Sorghum
15,12,12,Sorghum::RealV6_高粱_sample9,Sorghum
16,3,1,Sorghum::RealV6_高粱_sample3,Sorghum
16,3,2,Wheat::RealV6_小麦_sample5,Wheat
16,3,3,Paddy rice::RealV6_稻谷_sample8,Paddy rice
16,6,1,Sorghum::RealV6_高粱_sample3,Sorghum
16,6,2,Wheat::RealV6_小麦_sample5,Wheat
16,6,3,Paddy rice::RealV6_稻谷_sample8,Paddy rice
16,6,4,Wheat bran::RealV6_小麦麸_sample9,Wheat bran
16,6,5,Barley::RealV6_大麦_sample3,Barley
16,6,6,Barley::RealV6_大麦_sample9,Barley
16,9,1,Sorghum::RealV6_高粱_sample3,Sorghum
16,9,2,Wheat::RealV6_小麦_sample5,Wheat
16,9,3,Paddy rice::RealV6_稻谷_sample8,Paddy rice
16,9,4,Wheat bran::RealV6_小麦麸_sample9,Wheat bran
16,9,5,Barley::RealV6_大麦_sample3,Barley
16,9,6,Barley::RealV6_大麦_sample9,Barley
16,9,7,Sorghum::RealV6_高粱_sample4,Sorghum
16,9,8,Cassava::RealV6_木薯_sample7,Cassava
16,9,9,Cassava::RealV6_木薯_sample4,Cassava
16,12,1,Sorghum::RealV6_高粱_sample3,Sorghum
16,12,2,Wheat::RealV6_小麦_sample5,Wheat
16,12,3,Paddy rice::RealV6_稻谷_sample8,Paddy rice
16,12,4,Wheat bran::RealV6_小麦麸_sample9,Wheat bran
16,12,5,Barley::RealV6_大麦_sample3,Barley
16,12,6,Barley::RealV6_大麦_sample9,Barley
16,12,7,Sorghum::RealV6_高粱_sample4,Sorghum
16,12,8,Cassava::RealV6_木薯_sample7,Cassava
16,12,9,Cassava::RealV6_木薯_sample4,Cassava
16,12,10,Barley::RealV6_大麦_sample8,Barley
16,12,11,Sorghum::RealV6_高粱_sample9,Sorghum
16,12,12,Paddy rice::RealV6_稻谷_sample3,Paddy rice
17,3,1,Wheat::RealV6_小麦_sample2,Wheat
17,3,2,Sorghum::RealV6_高粱_sample7,Sorghum
17,3,3,Sorghum::RealV6_高粱_sample1,Sorghum
17,6,1,Wheat::RealV6_小麦_sample2,Wheat
17,6,2,Sorghum::RealV6_高粱_sample7,Sorghum
17,6,3,Sorghum::RealV6_高粱_sample1,Sorghum
17,6,4,Rapeseed cake::RealV6_菜籽饼_sample3,Rapeseed cake
17,6,5,Wheat bran::RealV6_小麦麸_sample10,Wheat bran
17,6,6,Wheat::RealV6_小麦_sample3,Wheat
17,9,1,Wheat::RealV6_小麦_sample2,Wheat
17,9,2,Sorghum::RealV6_高粱_sample7,Sorghum
17,9,3,Sorghum::RealV6_高粱_sample1,Sorghum
17,9,4,Rapeseed cake::RealV6_菜籽饼_sample3,Rapeseed cake
17,9,5,Wheat bran::RealV6_小麦麸_sample10,Wheat bran
17,9,6,Wheat::RealV6_小麦_sample3,Wheat
17,9,7,Paddy rice::RealV6_稻谷_sample5,Paddy rice
17,9,8,Brown rice::RealV6_糙米_sample8,Brown rice
17,9,9,Paddy rice::RealV6_稻谷_sample3,Paddy rice
17,12,1,Wheat::RealV6_小麦_sample2,Wheat
17,12,2,Sorghum::RealV6_高粱_sample7,Sorghum
17,12,3,Sorghum::RealV6_高粱_sample1,Sorghum
17,12,4,Rapeseed cake::RealV6_菜籽饼_sample3,Rapeseed cake
17,12,5,Wheat bran::RealV6_小麦麸_sample10,Wheat bran
17,12,6,Wheat::RealV6_小麦_sample3,Wheat
17,12,7,Paddy rice::RealV6_稻谷_sample5,Paddy rice
17,12,8,Brown rice::RealV6_糙米_sample8,Brown rice
17,12,9,Paddy rice::RealV6_稻谷_sample3,Paddy rice
17,12,10,Barley::RealV6_大麦_sample8,Barley
17,12,11,Brown rice::RealV6_糙米_sample4,Brown rice
17,12,12,Rapeseed cake::RealV6_菜籽饼_sample9,Rapeseed cake
18,3,1,Barley::RealV6_大麦_sample1,Barley
18,3,2,Rapeseed cake::RealV6_菜籽饼_sample4,Rapeseed cake
18,3,3,Cassava::RealV6_木薯_sample7,Cassava
18,6,1,Barley::RealV6_大麦_sample1,Barley
18,6,2,Rapeseed cake::RealV6_菜籽饼_sample4,Rapeseed cake
18,6,3,Cassava::RealV6_木薯_sample7,Cassava
18,6,4,Wheat bran::RealV6_小麦麸_sample7,Wheat bran
18,6,5,Sorghum::RealV6_高粱_sample3,Sorghum
18,6,6,Cassava::RealV6_木薯_sample5,Cassava
18,9,1,Barley::RealV6_大麦_sample1,Barley
18,9,2,Rapeseed cake::RealV6_菜籽饼_sample4,Rapeseed cake
18,9,3,Cassava::RealV6_木薯_sample7,Cassava
18,9,4,Wheat bran::RealV6_小麦麸_sample7,Wheat bran
18,9,5,Sorghum::RealV6_高粱_sample3,Sorghum
18,9,6,Cassava::RealV6_木薯_sample5,Cassava
18,9,7,Rapeseed cake::RealV6_菜籽饼_sample5,Rapeseed cake
18,9,8,Rapeseed cake::RealV6_菜籽饼_sample7,Rapeseed cake
18,9,9,Wheat::RealV6_小麦_sample7,Wheat
18,12,1,Barley::RealV6_大麦_sample1,Barley
18,12,2,Rapeseed cake::RealV6_菜籽饼_sample4,Rapeseed cake
18,12,3,Cassava::RealV6_木薯_sample7,Cassava
18,12,4,Wheat bran::RealV6_小麦麸_sample7,Wheat bran
18,12,5,Sorghum::RealV6_高粱_sample3,Sorghum
18,12,6,Cassava::RealV6_木薯_sample5,Cassava
18,12,7,Rapeseed cake::RealV6_菜籽饼_sample5,Rapeseed cake
18,12,8,Rapeseed cake::RealV6_菜籽饼_sample7,Rapeseed cake
18,12,9,Wheat::RealV6_小麦_sample7,Wheat
18,12,10,Barley::RealV6_大麦_sample9,Barley
18,12,11,Brown rice::RealV6_糙米_sample1,Brown rice
18,12,12,Rapeseed cake::RealV6_菜籽饼_sample6,Rapeseed cake
19,3,1,Wheat bran::RealV6_小麦麸_sample9,Wheat bran
19,3,2,Rice bran::RealV6_米糠_sample10,Rice bran
19,3,3,Rapeseed cake::RealV6_菜籽饼_sample9,Rapeseed cake
19,6,1,Wheat bran::RealV6_小麦麸_sample9,Wheat bran
19,6,2,Rice bran::RealV6_米糠_sample10,Rice bran
19,6,3,Rapeseed cake::RealV6_菜籽饼_sample9,Rapeseed cake
19,6,4,Brown rice::RealV6_糙米_sample2,Brown rice
19,6,5,Brown rice::RealV6_糙米_sample8,Brown rice
19,6,6,Sorghum::RealV6_高粱_sample4,Sorghum
19,9,1,Wheat bran::RealV6_小麦麸_sample9,Wheat bran
19,9,2,Rice bran::RealV6_米糠_sample10,Rice bran
19,9,3,Rapeseed cake::RealV6_菜籽饼_sample9,Rapeseed cake
19,9,4,Brown rice::RealV6_糙米_sample2,Brown rice
19,9,5,Brown rice::RealV6_糙米_sample8,Brown rice
19,9,6,Sorghum::RealV6_高粱_sample4,Sorghum
19,9,7,Rice bran::RealV6_米糠_sample3,Rice bran
19,9,8,Barley::RealV6_大麦_sample7,Barley
19,9,9,Barley::RealV6_大麦_sample4,Barley
19,12,1,Wheat bran::RealV6_小麦麸_sample9,Wheat bran
19,12,2,Rice bran::RealV6_米糠_sample10,Rice bran
19,12,3,Rapeseed cake::RealV6_菜籽饼_sample9,Rapeseed cake
19,12,4,Brown rice::RealV6_糙米_sample2,Brown rice
19,12,5,Brown rice::RealV6_糙米_sample8,Brown rice
19,12,6,Sorghum::RealV6_高粱_sample4,Sorghum
19,12,7,Rice bran::RealV6_米糠_sample3,Rice bran
19,12,8,Barley::RealV6_大麦_sample7,Barley
19,12,9,Barley::RealV6_大麦_sample4,Barley
19,12,10,Sorghum::RealV6_高粱_sample10,Sorghum
19,12,11,Rice bran::RealV6_米糠_sample2,Rice bran
19,12,12,Wheat bran::RealV6_小麦麸_sample4,Wheat bran
20,3,1,Rice bran::RealV6_米糠_sample3,Rice bran
20,3,2,Barley::RealV6_大麦_sample10,Barley
20,3,3,Paddy rice::RealV6_稻谷_sample4,Paddy rice
20,6,1,Rice bran::RealV6_米糠_sample3,Rice bran
20,6,2,Barley::RealV6_大麦_sample10,Barley
20,6,3,Paddy rice::RealV6_稻谷_sample4,Paddy rice
20,6,4,Rapeseed cake::RealV6_菜籽饼_sample6,Rapeseed cake
20,6,5,Barley::RealV6_大麦_sample1,Barley
20,6,6,Wheat bran::RealV6_小麦麸_sample10,Wheat bran
20,9,1,Rice bran::RealV6_米糠_sample3,Rice bran
20,9,2,Barley::RealV6_大麦_sample10,Barley
20,9,3,Paddy rice::RealV6_稻谷_sample4,Paddy rice
20,9,4,Rapeseed cake::RealV6_菜籽饼_sample6,Rapeseed cake
20,9,5,Barley::RealV6_大麦_sample1,Barley
20,9,6,Wheat bran::RealV6_小麦麸_sample10,Wheat bran
20,9,7,Rice bran::RealV6_米糠_sample10,Rice bran
20,9,8,Cassava::RealV6_木薯_sample1,Cassava
20,9,9,Sorghum::RealV6_高粱_sample9,Sorghum
20,12,1,Rice bran::RealV6_米糠_sample3,Rice bran
20,12,2,Barley::RealV6_大麦_sample10,Barley
20,12,3,Paddy rice::RealV6_稻谷_sample4,Paddy rice
20,12,4,Rapeseed cake::RealV6_菜籽饼_sample6,Rapeseed cake
20,12,5,Barley::RealV6_大麦_sample1,Barley
20,12,6,Wheat bran::RealV6_小麦麸_sample10,Wheat bran
20,12,7,Rice bran::RealV6_米糠_sample10,Rice bran
20,12,8,Cassava::RealV6_木薯_sample1,Cassava
20,12,9,Sorghum::RealV6_高粱_sample9,Sorghum
20,12,10,Wheat bran::RealV6_小麦麸_sample1,Wheat bran
20,12,11,Wheat bran::RealV6_小麦麸_sample6,Wheat bran
20,12,12,Brown rice::RealV6_糙米_sample4,Brown rice
21,3,1,Paddy rice::RealV6_稻谷_sample3,Paddy rice
21,3,2,Barley::RealV6_大麦_sample4,Barley
21,3,3,Barley::RealV6_大麦_sample5,Barley
21,6,1,Paddy rice::RealV6_稻谷_sample3,Paddy rice
21,6,2,Barley::RealV6_大麦_sample4,Barley
21,6,3,Barley::RealV6_大麦_sample5,Barley
21,6,4,Rice bran::RealV6_米糠_sample10,Rice bran
21,6,5,Sorghum::RealV6_高粱_sample10,Sorghum
21,6,6,Brown rice::RealV6_糙米_sample1,Brown rice
21,9,1,Paddy rice::RealV6_稻谷_sample3,Paddy rice
21,9,2,Barley::RealV6_大麦_sample4,Barley
21,9,3,Barley::RealV6_大麦_sample5,Barley
21,9,4,Rice bran::RealV6_米糠_sample10,Rice bran
21,9,5,Sorghum::RealV6_高粱_sample10,Sorghum
21,9,6,Brown rice::RealV6_糙米_sample1,Brown rice
21,9,7,Rapeseed cake::RealV6_菜籽饼_sample4,Rapeseed cake
21,9,8,Brown rice::RealV6_糙米_sample3,Brown rice
21,9,9,Rapeseed cake::RealV6_菜籽饼_sample9,Rapeseed cake
21,12,1,Paddy rice::RealV6_稻谷_sample3,Paddy rice
21,12,2,Barley::RealV6_大麦_sample4,Barley
21,12,3,Barley::RealV6_大麦_sample5,Barley
21,12,4,Rice bran::RealV6_米糠_sample10,Rice bran
21,12,5,Sorghum::RealV6_高粱_sample10,Sorghum
21,12,6,Brown rice::RealV6_糙米_sample1,Brown rice
21,12,7,Rapeseed cake::RealV6_菜籽饼_sample4,Rapeseed cake
21,12,8,Brown rice::RealV6_糙米_sample3,Brown rice
21,12,9,Rapeseed cake::RealV6_菜籽饼_sample9,Rapeseed cake
21,12,10,Wheat::RealV6_小麦_sample1,Wheat
21,12,11,Brown rice::RealV6_糙米_sample2,Brown rice
21,12,12,Paddy rice::RealV6_稻谷_sample6,Paddy rice
22,3,1,Barley::RealV6_大麦_sample9,Barley
22,3,2,Brown rice::RealV6_糙米_sample4,Brown rice
22,3,3,Paddy rice::RealV6_稻谷_sample3,Paddy rice
22,6,1,Barley::RealV6_大麦_sample9,Barley
22,6,2,Brown rice::RealV6_糙米_sample4,Brown rice
22,6,3,Paddy rice::RealV6_稻谷_sample3,Paddy rice
22,6,4,Cassava::RealV6_木薯_sample5,Cassava
22,6,5,Sorghum::RealV6_高粱_sample8,Sorghum
22,6,6,Wheat::RealV6_小麦_sample3,Wheat
22,9,1,Barley::RealV6_大麦_sample9,Barley
22,9,2,Brown rice::RealV6_糙米_sample4,Brown rice
22,9,3,Paddy rice::RealV6_稻谷_sample3,Paddy rice
22,9,4,Cassava::RealV6_木薯_sample5,Cassava
22,9,5,Sorghum::RealV6_高粱_sample8,Sorghum
22,9,6,Wheat::RealV6_小麦_sample3,Wheat
22,9,7,Brown rice::RealV6_糙米_sample6,Brown rice
22,9,8,Paddy rice::RealV6_稻谷_sample4,Paddy rice
22,9,9,Wheat bran::RealV6_小麦麸_sample4,Wheat bran
22,12,1,Barley::RealV6_大麦_sample9,Barley
22,12,2,Brown rice::RealV6_糙米_sample4,Brown rice
22,12,3,Paddy rice::RealV6_稻谷_sample3,Paddy rice
22,12,4,Cassava::RealV6_木薯_sample5,Cassava
22,12,5,Sorghum::RealV6_高粱_sample8,Sorghum
22,12,6,Wheat::RealV6_小麦_sample3,Wheat
22,12,7,Brown rice::RealV6_糙米_sample6,Brown rice
22,12,8,Paddy rice::RealV6_稻谷_sample4,Paddy rice
22,12,9,Wheat bran::RealV6_小麦麸_sample4,Wheat bran
22,12,10,Wheat::RealV6_小麦_sample7,Wheat
22,12,11,Barley::RealV6_大麦_sample5,Barley
22,12,12,Rice bran::RealV6_米糠_sample5,Rice bran
23,3,1,Sorghum::RealV6_高粱_sample2,Sorghum
23,3,2,Paddy rice::RealV6_稻谷_sample8,Paddy rice
23,3,3,Wheat::RealV6_小麦_sample6,Wheat
23,6,1,Sorghum::RealV6_高粱_sample2,Sorghum
23,6,2,Paddy rice::RealV6_稻谷_sample8,Paddy rice
23,6,3,Wheat::RealV6_小麦_sample6,Wheat
23,6,4,Cassava::RealV6_木薯_sample4,Cassava
23,6,5,Barley::RealV6_大麦_sample4,Barley
23,6,6,Brown rice::RealV6_糙米_sample4,Brown rice
23,9,1,Sorghum::RealV6_高粱_sample2,Sorghum
23,9,2,Paddy rice::RealV6_稻谷_sample8,Paddy rice
23,9,3,Wheat::RealV6_小麦_sample6,Wheat
23,9,4,Cassava::RealV6_木薯_sample4,Cassava
23,9,5,Barley::RealV6_大麦_sample4,Barley
23,9,6,Brown rice::RealV6_糙米_sample4,Brown rice
23,9,7,Sorghum::RealV6_高粱_sample9,Sorghum
23,9,8,Brown rice::RealV6_糙米_sample8,Brown rice
23,9,9,Wheat::RealV6_小麦_sample10,Wheat
23,12,1,Sorghum::RealV6_高粱_sample2,Sorghum
23,12,2,Paddy rice::RealV6_稻谷_sample8,Paddy rice
23,12,3,Wheat::RealV6_小麦_sample6,Wheat
23,12,4,Cassava::RealV6_木薯_sample4,Cassava
23,12,5,Barley::RealV6_大麦_sample4,Barley
23,12,6,Brown rice::RealV6_糙米_sample4,Brown rice
23,12,7,Sorghum::RealV6_高粱_sample9,Sorghum
23,12,8,Brown rice::RealV6_糙米_sample8,Brown rice
23,12,9,Wheat::RealV6_小麦_sample10,Wheat
23,12,10,Rapeseed cake::RealV6_菜籽饼_sample9,Rapeseed cake
23,12,11,Rice bran::RealV6_米糠_sample10,Rice bran
23,12,12,Rice bran::RealV6_米糠_sample1,Rice bran
24,3,1,Sorghum::RealV6_高粱_sample3,Sorghum
24,3,2,Barley::RealV6_大麦_sample10,Barley
24,3,3,Rice bran::RealV6_米糠_sample4,Rice bran
24,6,1,Sorghum::RealV6_高粱_sample3,Sorghum
24,6,2,Barley::RealV6_大麦_sample10,Barley
24,6,3,Rice bran::RealV6_米糠_sample4,Rice bran
24,6,4,Sorghum::RealV6_高粱_sample5,Sorghum
24,6,5,Cassava::RealV6_木薯_sample2,Cassava
24,6,6,Paddy rice::RealV6_稻谷_sample8,Paddy rice
24,9,1,Sorghum::RealV6_高粱_sample3,Sorghum
24,9,2,Barley::RealV6_大麦_sample10,Barley
24,9,3,Rice bran::RealV6_米糠_sample4,Rice bran
24,9,4,Sorghum::RealV6_高粱_sample5,Sorghum
24,9,5,Cassava::RealV6_木薯_sample2,Cassava
24,9,6,Paddy rice::RealV6_稻谷_sample8,Paddy rice
24,9,7,Cassava::RealV6_木薯_sample10,Cassava
24,9,8,Brown rice::RealV6_糙米_sample3,Brown rice
24,9,9,Brown rice::RealV6_糙米_sample4,Brown rice
24,12,1,Sorghum::RealV6_高粱_sample3,Sorghum
24,12,2,Barley::RealV6_大麦_sample10,Barley
24,12,3,Rice bran::RealV6_米糠_sample4,Rice bran
24,12,4,Sorghum::RealV6_高粱_sample5,Sorghum
24,12,5,Cassava::RealV6_木薯_sample2,Cassava
24,12,6,Paddy rice::RealV6_稻谷_sample8,Paddy rice
24,12,7,Cassava::RealV6_木薯_sample10,Cassava
24,12,8,Brown rice::RealV6_糙米_sample3,Brown rice
24,12,9,Brown rice::RealV6_糙米_sample4,Brown rice
24,12,10,Cassava::RealV6_木薯_sample8,Cassava
24,12,11,Rice bran::RealV6_米糠_sample2,Rice bran
24,12,12,Barley::RealV6_大麦_sample7,Barley
25,3,1,Rapeseed cake::RealV6_菜籽饼_sample5,Rapeseed cake
25,3,2,Wheat bran::RealV6_小麦麸_sample8,Wheat bran
25,3,3,Sorghum::RealV6_高粱_sample3,Sorghum
25,6,1,Rapeseed cake::RealV6_菜籽饼_sample5,Rapeseed cake
25,6,2,Wheat bran::RealV6_小麦麸_sample8,Wheat bran
25,6,3,Sorghum::RealV6_高粱_sample3,Sorghum
25,6,4,Paddy rice::RealV6_稻谷_sample7,Paddy rice
25,6,5,Brown rice::RealV6_糙米_sample5,Brown rice
25,6,6,Wheat::RealV6_小麦_sample10,Wheat
25,9,1,Rapeseed cake::RealV6_菜籽饼_sample5,Rapeseed cake
25,9,2,Wheat bran::RealV6_小麦麸_sample8,Wheat bran
25,9,3,Sorghum::RealV6_高粱_sample3,Sorghum
25,9,4,Paddy rice::RealV6_稻谷_sample7,Paddy rice
25,9,5,Brown rice::RealV6_糙米_sample5,Brown rice
25,9,6,Wheat::RealV6_小麦_sample10,Wheat
25,9,7,Sorghum::RealV6_高粱_sample5,Sorghum
25,9,8,Sorghum::RealV6_高粱_sample6,Sorghum
25,9,9,Brown rice::RealV6_糙米_sample4,Brown rice
25,12,1,Rapeseed cake::RealV6_菜籽饼_sample5,Rapeseed cake
25,12,2,Wheat bran::RealV6_小麦麸_sample8,Wheat bran
25,12,3,Sorghum::RealV6_高粱_sample3,Sorghum
25,12,4,Paddy rice::RealV6_稻谷_sample7,Paddy rice
25,12,5,Brown rice::RealV6_糙米_sample5,Brown rice
25,12,6,Wheat::RealV6_小麦_sample10,Wheat
25,12,7,Sorghum::RealV6_高粱_sample5,Sorghum
25,12,8,Sorghum::RealV6_高粱_sample6,Sorghum
25,12,9,Brown rice::RealV6_糙米_sample4,Brown rice
25,12,10,Barley::RealV6_大麦_sample6,Barley
25,12,11,Brown rice::RealV6_糙米_sample9,Brown rice
25,12,12,Rapeseed cake::RealV6_菜籽饼_sample6,Rapeseed cake
26,3,1,Barley::RealV6_大麦_sample9,Barley
26,3,2,Brown rice::RealV6_糙米_sample3,Brown rice
26,3,3,Brown rice::RealV6_糙米_sample6,Brown rice
26,6,1,Barley::RealV6_大麦_sample9,Barley
26,6,2,Brown rice::RealV6_糙米_sample3,Brown rice
26,6,3,Brown rice::RealV6_糙米_sample6,Brown rice
26,6,4,Paddy rice::RealV6_稻谷_sample6,Paddy rice
26,6,5,Rapeseed cake::RealV6_菜籽饼_sample6,Rapeseed cake
26,6,6,Cassava::RealV6_木薯_sample9,Cassava
26,9,1,Barley::RealV6_大麦_sample9,Barley
26,9,2,Brown rice::RealV6_糙米_sample3,Brown rice
26,9,3,Brown rice::RealV6_糙米_sample6,Brown rice
26,9,4,Paddy rice::RealV6_稻谷_sample6,Paddy rice
26,9,5,Rapeseed cake::RealV6_菜籽饼_sample6,Rapeseed cake
26,9,6,Cassava::RealV6_木薯_sample9,Cassava
26,9,7,Cassava::RealV6_木薯_sample5,Cassava
26,9,8,Wheat::RealV6_小麦_sample6,Wheat
26,9,9,Wheat::RealV6_小麦_sample7,Wheat
26,12,1,Barley::RealV6_大麦_sample9,Barley
26,12,2,Brown rice::RealV6_糙米_sample3,Brown rice
26,12,3,Brown rice::RealV6_糙米_sample6,Brown rice
26,12,4,Paddy rice::RealV6_稻谷_sample6,Paddy rice
26,12,5,Rapeseed cake::RealV6_菜籽饼_sample6,Rapeseed cake
26,12,6,Cassava::RealV6_木薯_sample9,Cassava
26,12,7,Cassava::RealV6_木薯_sample5,Cassava
26,12,8,Wheat::RealV6_小麦_sample6,Wheat
26,12,9,Wheat::RealV6_小麦_sample7,Wheat
26,12,10,Barley::RealV6_大麦_sample4,Barley
26,12,11,Paddy rice::RealV6_稻谷_sample11,Paddy rice
26,12,12,Wheat bran::RealV6_小麦麸_sample3,Wheat bran
27,3,1,Brown rice::RealV6_糙米_sample7,Brown rice
27,3,2,Wheat::RealV6_小麦_sample10,Wheat
27,3,3,Sorghum::RealV6_高粱_sample3,Sorghum
27,6,1,Brown rice::RealV6_糙米_sample7,Brown rice
27,6,2,Wheat::RealV6_小麦_sample10,Wheat
27,6,3,Sorghum::RealV6_高粱_sample3,Sorghum
27,6,4,Wheat bran::RealV6_小麦麸_sample5,Wheat bran
27,6,5,Brown rice::RealV6_糙米_sample1,Brown rice
27,6,6,Rapeseed cake::RealV6_菜籽饼_sample8,Rapeseed cake
27,9,1,Brown rice::RealV6_糙米_sample7,Brown rice
27,9,2,Wheat::RealV6_小麦_sample10,Wheat
27,9,3,Sorghum::RealV6_高粱_sample3,Sorghum
27,9,4,Wheat bran::RealV6_小麦麸_sample5,Wheat bran
27,9,5,Brown rice::RealV6_糙米_sample1,Brown rice
27,9,6,Rapeseed cake::RealV6_菜籽饼_sample8,Rapeseed cake
27,9,7,Sorghum::RealV6_高粱_sample5,Sorghum
27,9,8,Wheat::RealV6_小麦_sample6,Wheat
27,9,9,Wheat bran::RealV6_小麦麸_sample4,Wheat bran
27,12,1,Brown rice::RealV6_糙米_sample7,Brown rice
27,12,2,Wheat::RealV6_小麦_sample10,Wheat
27,12,3,Sorghum::RealV6_高粱_sample3,Sorghum
27,12,4,Wheat bran::RealV6_小麦麸_sample5,Wheat bran
27,12,5,Brown rice::RealV6_糙米_sample1,Brown rice
27,12,6,Rapeseed cake::RealV6_菜籽饼_sample8,Rapeseed cake
27,12,7,Sorghum::RealV6_高粱_sample5,Sorghum
27,12,8,Wheat::RealV6_小麦_sample6,Wheat
27,12,9,Wheat bran::RealV6_小麦麸_sample4,Wheat bran
27,12,10,Wheat bran::RealV6_小麦麸_sample3,Wheat bran
27,12,11,Rice bran::RealV6_米糠_sample5,Rice bran
27,12,12,Sorghum::RealV6_高粱_sample7,Sorghum
28,3,1,Paddy rice::RealV6_稻谷_sample2,Paddy rice
28,3,2,Cassava::RealV6_木薯_sample7,Cassava
28,3,3,Wheat::RealV6_小麦_sample4,Wheat
28,6,1,Paddy rice::RealV6_稻谷_sample2,Paddy rice
28,6,2,Cassava::RealV6_木薯_sample7,Cassava
28,6,3,Wheat::RealV6_小麦_sample4,Wheat
28,6,4,Brown rice::RealV6_糙米_sample5,Brown rice
28,6,5,Paddy rice::RealV6_稻谷_sample3,Paddy rice
28,6,6,Wheat bran::RealV6_小麦麸_sample9,Wheat bran
28,9,1,Paddy rice::RealV6_稻谷_sample2,Paddy rice
28,9,2,Cassava::RealV6_木薯_sample7,Cassava
28,9,3,Wheat::RealV6_小麦_sample4,Wheat
28,9,4,Brown rice::RealV6_糙米_sample5,Brown rice
28,9,5,Paddy rice::RealV6_稻谷_sample3,Paddy rice
28,9,6,Wheat bran::RealV6_小麦麸_sample9,Wheat bran
28,9,7,Wheat::RealV6_小麦_sample6,Wheat
28,9,8,Cassava::RealV6_木薯_sample2,Cassava
28,9,9,Cassava::RealV6_木薯_sample1,Cassava
28,12,1,Paddy rice::RealV6_稻谷_sample2,Paddy rice
28,12,2,Cassava::RealV6_木薯_sample7,Cassava
28,12,3,Wheat::RealV6_小麦_sample4,Wheat
28,12,4,Brown rice::RealV6_糙米_sample5,Brown rice
28,12,5,Paddy rice::RealV6_稻谷_sample3,Paddy rice
28,12,6,Wheat bran::RealV6_小麦麸_sample9,Wheat bran
28,12,7,Wheat::RealV6_小麦_sample6,Wheat
28,12,8,Cassava::RealV6_木薯_sample2,Cassava
28,12,9,Cassava::RealV6_木薯_sample1,Cassava
28,12,10,Rapeseed cake::RealV6_菜籽饼_sample1,Rapeseed cake
28,12,11,Cassava::RealV6_木薯_sample4,Cassava
28,12,12,Brown rice::RealV6_糙米_sample7,Brown rice
29,3,1,Sorghum::RealV6_高粱_sample8,Sorghum
29,3,2,Brown rice::RealV6_糙米_sample3,Brown rice
29,3,3,Rapeseed cake::RealV6_菜籽饼_sample9,Rapeseed cake
29,6,1,Sorghum::RealV6_高粱_sample8,Sorghum
29,6,2,Brown rice::RealV6_糙米_sample3,Brown rice
29,6,3,Rapeseed cake::RealV6_菜籽饼_sample9,Rapeseed cake
29,6,4,Brown rice::RealV6_糙米_sample7,Brown rice
29,6,5,Barley::RealV6_大麦_sample2,Barley
29,6,6,Rice bran::RealV6_米糠_sample6,Rice bran
29,9,1,Sorghum::RealV6_高粱_sample8,Sorghum
29,9,2,Brown rice::RealV6_糙米_sample3,Brown rice
29,9,3,Rapeseed cake::RealV6_菜籽饼_sample9,Rapeseed cake
29,9,4,Brown rice::RealV6_糙米_sample7,Brown rice
29,9,5,Barley::RealV6_大麦_sample2,Barley
29,9,6,Rice bran::RealV6_米糠_sample6,Rice bran
29,9,7,Brown rice::RealV6_糙米_sample10,Brown rice
29,9,8,Paddy rice::RealV6_稻谷_sample1,Paddy rice
29,9,9,Rice bran::RealV6_米糠_sample10,Rice bran
29,12,1,Sorghum::RealV6_高粱_sample8,Sorghum
29,12,2,Brown rice::RealV6_糙米_sample3,Brown rice
29,12,3,Rapeseed cake::RealV6_菜籽饼_sample9,Rapeseed cake
29,12,4,Brown rice::RealV6_糙米_sample7,Brown rice
29,12,5,Barley::RealV6_大麦_sample2,Barley
29,12,6,Rice bran::RealV6_米糠_sample6,Rice bran
29,12,7,Brown rice::RealV6_糙米_sample10,Brown rice
29,12,8,Paddy rice::RealV6_稻谷_sample1,Paddy rice
29,12,9,Rice bran::RealV6_米糠_sample10,Rice bran
29,12,10,Cassava::RealV6_木薯_sample1,Cassava
29,12,11,Sorghum::RealV6_高粱_sample1,Sorghum
29,12,12,Paddy rice::RealV6_稻谷_sample3,Paddy rice
30,3,1,Paddy rice::RealV6_稻谷_sample6,Paddy rice
30,3,2,Sorghum::RealV6_高粱_sample3,Sorghum
30,3,3,Sorghum::RealV6_高粱_sample10,Sorghum
30,6,1,Paddy rice::RealV6_稻谷_sample6,Paddy rice
30,6,2,Sorghum::RealV6_高粱_sample3,Sorghum
30,6,3,Sorghum::RealV6_高粱_sample10,Sorghum
30,6,4,Paddy rice::RealV6_稻谷_sample1,Paddy rice
30,6,5,Wheat::RealV6_小麦_sample9,Wheat
30,6,6,Paddy rice::RealV6_稻谷_sample10,Paddy rice
30,9,1,Paddy rice::RealV6_稻谷_sample6,Paddy rice
30,9,2,Sorghum::RealV6_高粱_sample3,Sorghum
30,9,3,Sorghum::RealV6_高粱_sample10,Sorghum
30,9,4,Paddy rice::RealV6_稻谷_sample1,Paddy rice
30,9,5,Wheat::RealV6_小麦_sample9,Wheat
30,9,6,Paddy rice::RealV6_稻谷_sample10,Paddy rice
30,9,7,Wheat::RealV6_小麦_sample10,Wheat
30,9,8,Rapeseed cake::RealV6_菜籽饼_sample9,Rapeseed cake
30,9,9,Sorghum::RealV6_高粱_sample8,Sorghum
30,12,1,Paddy rice::RealV6_稻谷_sample6,Paddy rice
30,12,2,Sorghum::RealV6_高粱_sample3,Sorghum
30,12,3,Sorghum::RealV6_高粱_sample10,Sorghum
30,12,4,Paddy rice::RealV6_稻谷_sample1,Paddy rice
30,12,5,Wheat::RealV6_小麦_sample9,Wheat
30,12,6,Paddy rice::RealV6_稻谷_sample10,Paddy rice
30,12,7,Wheat::RealV6_小麦_sample10,Wheat
30,12,8,Rapeseed cake::RealV6_菜籽饼_sample9,Rapeseed cake
30,12,9,Sorghum::RealV6_高粱_sample8,Sorghum
30,12,10,Wheat bran::RealV6_小麦麸_sample10,Wheat bran
30,12,11,Brown rice::RealV6_糙米_sample4,Brown rice
30,12,12,Rapeseed cake::RealV6_菜籽饼_sample1,Rapeseed cake
31,3,1,Sorghum::RealV6_高粱_sample10,Sorghum
31,3,2,Cassava::RealV6_木薯_sample10,Cassava
31,3,3,Barley::RealV6_大麦_sample9,Barley
31,6,1,Sorghum::RealV6_高粱_sample10,Sorghum
31,6,2,Cassava::RealV6_木薯_sample10,Cassava
31,6,3,Barley::RealV6_大麦_sample9,Barley
31,6,4,Brown rice::RealV6_糙米_sample3,Brown rice
31,6,5,Rapeseed cake::RealV6_菜籽饼_sample4,Rapeseed cake
31,6,6,Wheat::RealV6_小麦_sample4,Wheat
31,9,1,Sorghum::RealV6_高粱_sample10,Sorghum
31,9,2,Cassava::RealV6_木薯_sample10,Cassava
31,9,3,Barley::RealV6_大麦_sample9,Barley
31,9,4,Brown rice::RealV6_糙米_sample3,Brown rice
31,9,5,Rapeseed cake::RealV6_菜籽饼_sample4,Rapeseed cake
31,9,6,Wheat::RealV6_小麦_sample4,Wheat
31,9,7,Sorghum::RealV6_高粱_sample2,Sorghum
31,9,8,Paddy rice::RealV6_稻谷_sample11,Paddy rice
31,9,9,Barley::RealV6_大麦_sample10,Barley
31,12,1,Sorghum::RealV6_高粱_sample10,Sorghum
31,12,2,Cassava::RealV6_木薯_sample10,Cassava
31,12,3,Barley::RealV6_大麦_sample9,Barley
31,12,4,Brown rice::RealV6_糙米_sample3,Brown rice
31,12,5,Rapeseed cake::RealV6_菜籽饼_sample4,Rapeseed cake
31,12,6,Wheat::RealV6_小麦_sample4,Wheat
31,12,7,Sorghum::RealV6_高粱_sample2,Sorghum
31,12,8,Paddy rice::RealV6_稻谷_sample11,Paddy rice
31,12,9,Barley::RealV6_大麦_sample10,Barley
31,12,10,Rapeseed cake::RealV6_菜籽饼_sample7,Rapeseed cake
31,12,11,Wheat bran::RealV6_小麦麸_sample2,Wheat bran
31,12,12,Barley::RealV6_大麦_sample2,Barley
32,3,1,Rice bran::RealV6_米糠_sample3,Rice bran
32,3,2,Brown rice::RealV6_糙米_sample2,Brown rice
32,3,3,Wheat bran::RealV6_小麦麸_sample8,Wheat bran
32,6,1,Rice bran::RealV6_米糠_sample3,Rice bran
32,6,2,Brown rice::RealV6_糙米_sample2,Brown rice
32,6,3,Wheat bran::RealV6_小麦麸_sample8,Wheat bran
32,6,4,Rapeseed cake::RealV6_菜籽饼_sample4,Rapeseed cake
32,6,5,Barley::RealV6_大麦_sample2,Barley
32,6,6,Barley::RealV6_大麦_sample3,Barley
32,9,1,Rice bran::RealV6_米糠_sample3,Rice bran
32,9,2,Brown rice::RealV6_糙米_sample2,Brown rice
32,9,3,Wheat bran::RealV6_小麦麸_sample8,Wheat bran
32,9,4,Rapeseed cake::RealV6_菜籽饼_sample4,Rapeseed cake
32,9,5,Barley::RealV6_大麦_sample2,Barley
32,9,6,Barley::RealV6_大麦_sample3,Barley
32,9,7,Sorghum::RealV6_高粱_sample10,Sorghum
32,9,8,Wheat bran::RealV6_小麦麸_sample1,Wheat bran
32,9,9,Sorghum::RealV6_高粱_sample6,Sorghum
32,12,1,Rice bran::RealV6_米糠_sample3,Rice bran
32,12,2,Brown rice::RealV6_糙米_sample2,Brown rice
32,12,3,Wheat bran::RealV6_小麦麸_sample8,Wheat bran
32,12,4,Rapeseed cake::RealV6_菜籽饼_sample4,Rapeseed cake
32,12,5,Barley::RealV6_大麦_sample2,Barley
32,12,6,Barley::RealV6_大麦_sample3,Barley
32,12,7,Sorghum::RealV6_高粱_sample10,Sorghum
32,12,8,Wheat bran::RealV6_小麦麸_sample1,Wheat bran
32,12,9,Sorghum::RealV6_高粱_sample6,Sorghum
32,12,10,Cassava::RealV6_木薯_sample8,Cassava
32,12,11,Wheat::RealV6_小麦_sample7,Wheat
32,12,12,Barley::RealV6_大麦_sample8,Barley
33,3,1,Barley::RealV6_大麦_sample5,Barley
33,3,2,Wheat::RealV6_小麦_sample1,Wheat
33,3,3,Wheat bran::RealV6_小麦麸_sample6,Wheat bran
33,6,1,Barley::RealV6_大麦_sample5,Barley
33,6,2,Wheat::RealV6_小麦_sample1,Wheat
33,6,3,Wheat bran::RealV6_小麦麸_sample6,Wheat bran
33,6,4,Barley::RealV6_大麦_sample1,Barley
33,6,5,Brown rice::RealV6_糙米_sample8,Brown rice
33,6,6,Cassava::RealV6_木薯_sample1,Cassava
33,9,1,Barley::RealV6_大麦_sample5,Barley
33,9,2,Wheat::RealV6_小麦_sample1,Wheat
33,9,3,Wheat bran::RealV6_小麦麸_sample6,Wheat bran
33,9,4,Barley::RealV6_大麦_sample1,Barley
33,9,5,Brown rice::RealV6_糙米_sample8,Brown rice
33,9,6,Cassava::RealV6_木薯_sample1,Cassava
33,9,7,Paddy rice::RealV6_稻谷_sample6,Paddy rice
33,9,8,Wheat bran::RealV6_小麦麸_sample3,Wheat bran
33,9,9,Wheat::RealV6_小麦_sample9,Wheat
33,12,1,Barley::RealV6_大麦_sample5,Barley
33,12,2,Wheat::RealV6_小麦_sample1,Wheat
33,12,3,Wheat bran::RealV6_小麦麸_sample6,Wheat bran
33,12,4,Barley::RealV6_大麦_sample1,Barley
33,12,5,Brown rice::RealV6_糙米_sample8,Brown rice
33,12,6,Cassava::RealV6_木薯_sample1,Cassava
33,12,7,Paddy rice::RealV6_稻谷_sample6,Paddy rice
33,12,8,Wheat bran::RealV6_小麦麸_sample3,Wheat bran
33,12,9,Wheat::RealV6_小麦_sample9,Wheat
33,12,10,Barley::RealV6_大麦_sample9,Barley
33,12,11,Wheat::RealV6_小麦_sample6,Wheat
33,12,12,Sorghum::RealV6_高粱_sample4,Sorghum
34,3,1,Brown rice::RealV6_糙米_sample7,Brown rice
34,3,2,Rice bran::RealV6_米糠_sample6,Rice bran
34,3,3,Wheat::RealV6_小麦_sample7,Wheat
34,6,1,Brown rice::RealV6_糙米_sample7,Brown rice
34,6,2,Rice bran::RealV6_米糠_sample6,Rice bran
34,6,3,Wheat::RealV6_小麦_sample7,Wheat
34,6,4,Rice bran::RealV6_米糠_sample10,Rice bran
34,6,5,Barley::RealV6_大麦_sample1,Barley
34,6,6,Cassava::RealV6_木薯_sample8,Cassava
34,9,1,Brown rice::RealV6_糙米_sample7,Brown rice
34,9,2,Rice bran::RealV6_米糠_sample6,Rice bran
34,9,3,Wheat::RealV6_小麦_sample7,Wheat
34,9,4,Rice bran::RealV6_米糠_sample10,Rice bran
34,9,5,Barley::RealV6_大麦_sample1,Barley
34,9,6,Cassava::RealV6_木薯_sample8,Cassava
34,9,7,Wheat::RealV6_小麦_sample9,Wheat
34,9,8,Brown rice::RealV6_糙米_sample5,Brown rice
34,9,9,Sorghum::RealV6_高粱_sample7,Sorghum
34,12,1,Brown rice::RealV6_糙米_sample7,Brown rice
34,12,2,Rice bran::RealV6_米糠_sample6,Rice bran
34,12,3,Wheat::RealV6_小麦_sample7,Wheat
34,12,4,Rice bran::RealV6_米糠_sample10,Rice bran
34,12,5,Barley::RealV6_大麦_sample1,Barley
34,12,6,Cassava::RealV6_木薯_sample8,Cassava
34,12,7,Wheat::RealV6_小麦_sample9,Wheat
34,12,8,Brown rice::RealV6_糙米_sample5,Brown rice
34,12,9,Sorghum::RealV6_高粱_sample7,Sorghum
34,12,10,Barley::RealV6_大麦_sample7,Barley
34,12,11,Wheat::RealV6_小麦_sample1,Wheat
34,12,12,Paddy rice::RealV6_稻谷_sample4,Paddy rice
35,3,1,Sorghum::RealV6_高粱_sample1,Sorghum
35,3,2,Wheat::RealV6_小麦_sample5,Wheat
35,3,3,Brown rice::RealV6_糙米_sample7,Brown rice
35,6,1,Sorghum::RealV6_高粱_sample1,Sorghum
35,6,2,Wheat::RealV6_小麦_sample5,Wheat
35,6,3,Brown rice::RealV6_糙米_sample7,Brown rice
35,6,4,Wheat::RealV6_小麦_sample8,Wheat
35,6,5,Barley::RealV6_大麦_sample5,Barley
35,6,6,Cassava::RealV6_木薯_sample7,Cassava
35,9,1,Sorghum::RealV6_高粱_sample1,Sorghum
35,9,2,Wheat::RealV6_小麦_sample5,Wheat
35,9,3,Brown rice::RealV6_糙米_sample7,Brown rice
35,9,4,Wheat::RealV6_小麦_sample8,Wheat
35,9,5,Barley::RealV6_大麦_sample5,Barley
35,9,6,Cassava::RealV6_木薯_sample7,Cassava
35,9,7,Barley::RealV6_大麦_sample7,Barley
35,9,8,Wheat bran::RealV6_小麦麸_sample1,Wheat bran
35,9,9,Barley::RealV6_大麦_sample9,Barley
35,12,1,Sorghum::RealV6_高粱_sample1,Sorghum
35,12,2,Wheat::RealV6_小麦_sample5,Wheat
35,12,3,Brown rice::RealV6_糙米_sample7,Brown rice
35,12,4,Wheat::RealV6_小麦_sample8,Wheat
35,12,5,Barley::RealV6_大麦_sample5,Barley
35,12,6,Cassava::RealV6_木薯_sample7,Cassava
35,12,7,Barley::RealV6_大麦_sample7,Barley
35,12,8,Wheat bran::RealV6_小麦麸_sample1,Wheat bran
35,12,9,Barley::RealV6_大麦_sample9,Barley
35,12,10,Wheat bran::RealV6_小麦麸_sample2,Wheat bran
35,12,11,Brown rice::RealV6_糙米_sample4,Brown rice
35,12,12,Barley::RealV6_大麦_sample10,Barley
36,3,1,Sorghum::RealV6_高粱_sample6,Sorghum
36,3,2,Wheat bran::RealV6_小麦麸_sample9,Wheat bran
36,3,3,Wheat bran::RealV6_小麦麸_sample10,Wheat bran
36,6,1,Sorghum::RealV6_高粱_sample6,Sorghum
36,6,2,Wheat bran::RealV6_小麦麸_sample9,Wheat bran
36,6,3,Wheat bran::RealV6_小麦麸_sample10,Wheat bran
36,6,4,Wheat bran::RealV6_小麦麸_sample6,Wheat bran
36,6,5,Paddy rice::RealV6_稻谷_sample7,Paddy rice
36,6,6,Barley::RealV6_大麦_sample2,Barley
36,9,1,Sorghum::RealV6_高粱_sample6,Sorghum
36,9,2,Wheat bran::RealV6_小麦麸_sample9,Wheat bran
36,9,3,Wheat bran::RealV6_小麦麸_sample10,Wheat bran
36,9,4,Wheat bran::RealV6_小麦麸_sample6,Wheat bran
36,9,5,Paddy rice::RealV6_稻谷_sample7,Paddy rice
36,9,6,Barley::RealV6_大麦_sample2,Barley
36,9,7,Paddy rice::RealV6_稻谷_sample2,Paddy rice
36,9,8,Brown rice::RealV6_糙米_sample3,Brown rice
36,9,9,Barley::RealV6_大麦_sample6,Barley
36,12,1,Sorghum::RealV6_高粱_sample6,Sorghum
36,12,2,Wheat bran::RealV6_小麦麸_sample9,Wheat bran
36,12,3,Wheat bran::RealV6_小麦麸_sample10,Wheat bran
36,12,4,Wheat bran::RealV6_小麦麸_sample6,Wheat bran
36,12,5,Paddy rice::RealV6_稻谷_sample7,Paddy rice
36,12,6,Barley::RealV6_大麦_sample2,Barley
36,12,7,Paddy rice::RealV6_稻谷_sample2,Paddy rice
36,12,8,Brown rice::RealV6_糙米_sample3,Brown rice
36,12,9,Barley::RealV6_大麦_sample6,Barley
36,12,10,Sorghum::RealV6_高粱_sample2,Sorghum
36,12,11,Rice bran::RealV6_米糠_sample9,Rice bran
36,12,12,Brown rice::RealV6_糙米_sample4,Brown rice
37,3,1,Paddy rice::RealV6_稻谷_sample10,Paddy rice
37,3,2,Rapeseed cake::RealV6_菜籽饼_sample4,Rapeseed cake
37,3,3,Wheat::RealV6_小麦_sample4,Wheat
37,6,1,Paddy rice::RealV6_稻谷_sample10,Paddy rice
37,6,2,Rapeseed cake::RealV6_菜籽饼_sample4,Rapeseed cake
37,6,3,Wheat::RealV6_小麦_sample4,Wheat
37,6,4,Paddy rice::RealV6_稻谷_sample8,Paddy rice
37,6,5,Barley::RealV6_大麦_sample7,Barley
37,6,6,Barley::RealV6_大麦_sample5,Barley
37,9,1,Paddy rice::RealV6_稻谷_sample10,Paddy rice
37,9,2,Rapeseed cake::RealV6_菜籽饼_sample4,Rapeseed cake
37,9,3,Wheat::RealV6_小麦_sample4,Wheat
37,9,4,Paddy rice::RealV6_稻谷_sample8,Paddy rice
37,9,5,Barley::RealV6_大麦_sample7,Barley
37,9,6,Barley::RealV6_大麦_sample5,Barley
37,9,7,Wheat bran::RealV6_小麦麸_sample7,Wheat bran
37,9,8,Wheat::RealV6_小麦_sample10,Wheat
37,9,9,Paddy rice::RealV6_稻谷_sample4,Paddy rice
37,12,1,Paddy rice::RealV6_稻谷_sample10,Paddy rice
37,12,2,Rapeseed cake::RealV6_菜籽饼_sample4,Rapeseed cake
37,12,3,Wheat::RealV6_小麦_sample4,Wheat
37,12,4,Paddy rice::RealV6_稻谷_sample8,Paddy rice
37,12,5,Barley::RealV6_大麦_sample7,Barley
37,12,6,Barley::RealV6_大麦_sample5,Barley
37,12,7,Wheat bran::RealV6_小麦麸_sample7,Wheat bran
37,12,8,Wheat::RealV6_小麦_sample10,Wheat
37,12,9,Paddy rice::RealV6_稻谷_sample4,Paddy rice
37,12,10,Sorghum::RealV6_高粱_sample8,Sorghum
37,12,11,Wheat::RealV6_小麦_sample1,Wheat
37,12,12,Rice bran::RealV6_米糠_sample10,Rice bran
38,3,1,Barley::RealV6_大麦_sample6,Barley
38,3,2,Sorghum::RealV6_高粱_sample10,Sorghum
38,3,3,Sorghum::RealV6_高粱_sample4,Sorghum
38,6,1,Barley::RealV6_大麦_sample6,Barley
38,6,2,Sorghum::RealV6_高粱_sample10,Sorghum
38,6,3,Sorghum::RealV6_高粱_sample4,Sorghum
38,6,4,Barley::RealV6_大麦_sample2,Barley
38,6,5,Rapeseed cake::RealV6_菜籽饼_sample3,Rapeseed cake
38,6,6,Barley::RealV6_大麦_sample7,Barley
38,9,1,Barley::RealV6_大麦_sample6,Barley
38,9,2,Sorghum::RealV6_高粱_sample10,Sorghum
38,9,3,Sorghum::RealV6_高粱_sample4,Sorghum
38,9,4,Barley::RealV6_大麦_sample2,Barley
38,9,5,Rapeseed cake::RealV6_菜籽饼_sample3,Rapeseed cake
38,9,6,Barley::RealV6_大麦_sample7,Barley
38,9,7,Wheat bran::RealV6_小麦麸_sample10,Wheat bran
38,9,8,Wheat::RealV6_小麦_sample2,Wheat
38,9,9,Paddy rice::RealV6_稻谷_sample7,Paddy rice
38,12,1,Barley::RealV6_大麦_sample6,Barley
38,12,2,Sorghum::RealV6_高粱_sample10,Sorghum
38,12,3,Sorghum::RealV6_高粱_sample4,Sorghum
38,12,4,Barley::RealV6_大麦_sample2,Barley
38,12,5,Rapeseed cake::RealV6_菜籽饼_sample3,Rapeseed cake
38,12,6,Barley::RealV6_大麦_sample7,Barley
38,12,7,Wheat bran::RealV6_小麦麸_sample10,Wheat bran
38,12,8,Wheat::RealV6_小麦_sample2,Wheat
38,12,9,Paddy rice::RealV6_稻谷_sample7,Paddy rice
38,12,10,Rice bran::RealV6_米糠_sample3,Rice bran
38,12,11,Wheat bran::RealV6_小麦麸_sample9,Wheat bran
38,12,12,Barley::RealV6_大麦_sample9,Barley
39,3,1,Brown rice::RealV6_糙米_sample4,Brown rice
39,3,2,Rice bran::RealV6_米糠_sample9,Rice bran
39,3,3,Brown rice::RealV6_糙米_sample10,Brown rice
39,6,1,Brown rice::RealV6_糙米_sample4,Brown rice
39,6,2,Rice bran::RealV6_米糠_sample9,Rice bran
39,6,3,Brown rice::RealV6_糙米_sample10,Brown rice
39,6,4,Paddy rice::RealV6_稻谷_sample5,Paddy rice
39,6,5,Sorghum::RealV6_高粱_sample9,Sorghum
39,6,6,Wheat::RealV6_小麦_sample1,Wheat
39,9,1,Brown rice::RealV6_糙米_sample4,Brown rice
39,9,2,Rice bran::RealV6_米糠_sample9,Rice bran
39,9,3,Brown rice::RealV6_糙米_sample10,Brown rice
39,9,4,Paddy rice::RealV6_稻谷_sample5,Paddy rice
39,9,5,Sorghum::RealV6_高粱_sample9,Sorghum
39,9,6,Wheat::RealV6_小麦_sample1,Wheat
39,9,7,Barley::RealV6_大麦_sample6,Barley
39,9,8,Sorghum::RealV6_高粱_sample1,Sorghum
39,9,9,Brown rice::RealV6_糙米_sample1,Brown rice
39,12,1,Brown rice::RealV6_糙米_sample4,Brown rice
39,12,2,Rice bran::RealV6_米糠_sample9,Rice bran
39,12,3,Brown rice::RealV6_糙米_sample10,Brown rice
39,12,4,Paddy rice::RealV6_稻谷_sample5,Paddy rice
39,12,5,Sorghum::RealV6_高粱_sample9,Sorghum
39,12,6,Wheat::RealV6_小麦_sample1,Wheat
39,12,7,Barley::RealV6_大麦_sample6,Barley
39,12,8,Sorghum::RealV6_高粱_sample1,Sorghum
39,12,9,Brown rice::RealV6_糙米_sample1,Brown rice
39,12,10,Rapeseed cake::RealV6_菜籽饼_sample3,Rapeseed cake
39,12,11,Brown rice::RealV6_糙米_sample7,Brown rice
39,12,12,Barley::RealV6_大麦_sample9,Barley
40,3,1,Barley::RealV6_大麦_sample4,Barley
40,3,2,Wheat::RealV6_小麦_sample5,Wheat
40,3,3,Rapeseed cake::RealV6_菜籽饼_sample8,Rapeseed cake
40,6,1,Barley::RealV6_大麦_sample4,Barley
40,6,2,Wheat::RealV6_小麦_sample5,Wheat
40,6,3,Rapeseed cake::RealV6_菜籽饼_sample8,Rapeseed cake
40,6,4,Rice bran::RealV6_米糠_sample2,Rice bran
40,6,5,Sorghum::RealV6_高粱_sample3,Sorghum
40,6,6,Rapeseed cake::RealV6_菜籽饼_sample1,Rapeseed cake
40,9,1,Barley::RealV6_大麦_sample4,Barley
40,9,2,Wheat::RealV6_小麦_sample5,Wheat
40,9,3,Rapeseed cake::RealV6_菜籽饼_sample8,Rapeseed cake
40,9,4,Rice bran::RealV6_米糠_sample2,Rice bran
40,9,5,Sorghum::RealV6_高粱_sample3,Sorghum
40,9,6,Rapeseed cake::RealV6_菜籽饼_sample1,Rapeseed cake
40,9,7,Rapeseed cake::RealV6_菜籽饼_sample5,Rapeseed cake
40,9,8,Rice bran::RealV6_米糠_sample5,Rice bran
40,9,9,Rapeseed cake::RealV6_菜籽饼_sample7,Rapeseed cake
40,12,1,Barley::RealV6_大麦_sample4,Barley
40,12,2,Wheat::RealV6_小麦_sample5,Wheat
40,12,3,Rapeseed cake::RealV6_菜籽饼_sample8,Rapeseed cake
40,12,4,Rice bran::RealV6_米糠_sample2,Rice bran
40,12,5,Sorghum::RealV6_高粱_sample3,Sorghum
40,12,6,Rapeseed cake::RealV6_菜籽饼_sample1,Rapeseed cake
40,12,7,Rapeseed cake::RealV6_菜籽饼_sample5,Rapeseed cake
40,12,8,Rice bran::RealV6_米糠_sample5,Rice bran
40,12,9,Rapeseed cake::RealV6_菜籽饼_sample7,Rapeseed cake
40,12,10,Wheat::RealV6_小麦_sample10,Wheat
40,12,11,Barley::RealV6_大麦_sample5,Barley
40,12,12,Brown rice::RealV6_糙米_sample10,Brown rice
41,3,1,Paddy rice::RealV6_稻谷_sample6,Paddy rice
41,3,2,Wheat bran::RealV6_小麦麸_sample7,Wheat bran
41,3,3,Rice bran::RealV6_米糠_sample10,Rice bran
41,6,1,Paddy rice::RealV6_稻谷_sample6,Paddy rice
41,6,2,Wheat bran::RealV6_小麦麸_sample7,Wheat bran
41,6,3,Rice bran::RealV6_米糠_sample10,Rice bran
41,6,4,Wheat bran::RealV6_小麦麸_sample9,Wheat bran
41,6,5,Rice bran::RealV6_米糠_sample9,Rice bran
41,6,6,Rapeseed cake::RealV6_菜籽饼_sample7,Rapeseed cake
41,9,1,Paddy rice::RealV6_稻谷_sample6,Paddy rice
41,9,2,Wheat bran::RealV6_小麦麸_sample7,Wheat bran
41,9,3,Rice bran::RealV6_米糠_sample10,Rice bran
41,9,4,Wheat bran::RealV6_小麦麸_sample9,Wheat bran
41,9,5,Rice bran::RealV6_米糠_sample9,Rice bran
41,9,6,Rapeseed cake::RealV6_菜籽饼_sample7,Rapeseed cake
41,9,7,Wheat bran::RealV6_小麦麸_sample4,Wheat bran
41,9,8,Rapeseed cake::RealV6_菜籽饼_sample4,Rapeseed cake
41,9,9,Wheat bran::RealV6_小麦麸_sample8,Wheat bran
41,12,1,Paddy rice::RealV6_稻谷_sample6,Paddy rice
41,12,2,Wheat bran::RealV6_小麦麸_sample7,Wheat bran
41,12,3,Rice bran::RealV6_米糠_sample10,Rice bran
41,12,4,Wheat bran::RealV6_小麦麸_sample9,Wheat bran
41,12,5,Rice bran::RealV6_米糠_sample9,Rice bran
41,12,6,Rapeseed cake::RealV6_菜籽饼_sample7,Rapeseed cake
41,12,7,Wheat bran::RealV6_小麦麸_sample4,Wheat bran
41,12,8,Rapeseed cake::RealV6_菜籽饼_sample4,Rapeseed cake
41,12,9,Wheat bran::RealV6_小麦麸_sample8,Wheat bran
41,12,10,Sorghum::RealV6_高粱_sample6,Sorghum
41,12,11,Wheat bran::RealV6_小麦麸_sample5,Wheat bran
41,12,12,Brown rice::RealV6_糙米_sample7,Brown rice
42,3,1,Brown rice::RealV6_糙米_sample3,Brown rice
42,3,2,Rapeseed cake::RealV6_菜籽饼_sample9,Rapeseed cake
42,3,3,Cassava::RealV6_木薯_sample4,Cassava
42,6,1,Brown rice::RealV6_糙米_sample3,Brown rice
42,6,2,Rapeseed cake::RealV6_菜籽饼_sample9,Rapeseed cake
42,6,3,Cassava::RealV6_木薯_sample4,Cassava
42,6,4,Brown rice::RealV6_糙米_sample1,Brown rice
42,6,5,Barley::RealV6_大麦_sample9,Barley
42,6,6,Sorghum::RealV6_高粱_sample2,Sorghum
42,9,1,Brown rice::RealV6_糙米_sample3,Brown rice
42,9,2,Rapeseed cake::RealV6_菜籽饼_sample9,Rapeseed cake
42,9,3,Cassava::RealV6_木薯_sample4,Cassava
42,9,4,Brown rice::RealV6_糙米_sample1,Brown rice
42,9,5,Barley::RealV6_大麦_sample9,Barley
42,9,6,Sorghum::RealV6_高粱_sample2,Sorghum
42,9,7,Wheat::RealV6_小麦_sample3,Wheat
42,9,8,Cassava::RealV6_木薯_sample10,Cassava
42,9,9,Barley::RealV6_大麦_sample7,Barley
42,12,1,Brown rice::RealV6_糙米_sample3,Brown rice
42,12,2,Rapeseed cake::RealV6_菜籽饼_sample9,Rapeseed cake
42,12,3,Cassava::RealV6_木薯_sample4,Cassava
42,12,4,Brown rice::RealV6_糙米_sample1,Brown rice
42,12,5,Barley::RealV6_大麦_sample9,Barley
42,12,6,Sorghum::RealV6_高粱_sample2,Sorghum
42,12,7,Wheat::RealV6_小麦_sample3,Wheat
42,12,8,Cassava::RealV6_木薯_sample10,Cassava
42,12,9,Barley::RealV6_大麦_sample7,Barley
42,12,10,Rice bran::RealV6_米糠_sample7,Rice bran
42,12,11,Paddy rice::RealV6_稻谷_sample8,Paddy rice
42,12,12,Rapeseed cake::RealV6_菜籽饼_sample7,Rapeseed cake
43,3,1,Paddy rice::RealV6_稻谷_sample5,Paddy rice
43,3,2,Brown rice::RealV6_糙米_sample6,Brown rice
43,3,3,Wheat::RealV6_小麦_sample7,Wheat
43,6,1,Paddy rice::RealV6_稻谷_sample5,Paddy rice
43,6,2,Brown rice::RealV6_糙米_sample6,Brown rice
43,6,3,Wheat::RealV6_小麦_sample7,Wheat
43,6,4,Wheat::RealV6_小麦_sample10,Wheat
43,6,5,Wheat::RealV6_小麦_sample1,Wheat
43,6,6,Paddy rice::RealV6_稻谷_sample1,Paddy rice
43,9,1,Paddy rice::RealV6_稻谷_sample5,Paddy rice
43,9,2,Brown rice::RealV6_糙米_sample6,Brown rice
43,9,3,Wheat::RealV6_小麦_sample7,Wheat
43,9,4,Wheat::RealV6_小麦_sample10,Wheat
43,9,5,Wheat::RealV6_小麦_sample1,Wheat
43,9,6,Paddy rice::RealV6_稻谷_sample1,Paddy rice
43,9,7,Rice bran::RealV6_米糠_sample6,Rice bran
43,9,8,Sorghum::RealV6_高粱_sample9,Sorghum
43,9,9,Rice bran::RealV6_米糠_sample7,Rice bran
43,12,1,Paddy rice::RealV6_稻谷_sample5,Paddy rice
43,12,2,Brown rice::RealV6_糙米_sample6,Brown rice
43,12,3,Wheat::RealV6_小麦_sample7,Wheat
43,12,4,Wheat::RealV6_小麦_sample10,Wheat
43,12,5,Wheat::RealV6_小麦_sample1,Wheat
43,12,6,Paddy rice::RealV6_稻谷_sample1,Paddy rice
43,12,7,Rice bran::RealV6_米糠_sample6,Rice bran
43,12,8,Sorghum::RealV6_高粱_sample9,Sorghum
43,12,9,Rice bran::RealV6_米糠_sample7,Rice bran
43,12,10,Cassava::RealV6_木薯_sample2,Cassava
43,12,11,Brown rice::RealV6_糙米_sample10,Brown rice
43,12,12,Sorghum::RealV6_高粱_sample7,Sorghum
44,3,1,Rice bran::RealV6_米糠_sample2,Rice bran
44,3,2,Cassava::RealV6_木薯_sample1,Cassava
44,3,3,Wheat bran::RealV6_小麦麸_sample2,Wheat bran
44,6,1,Rice bran::RealV6_米糠_sample2,Rice bran
44,6,2,Cassava::RealV6_木薯_sample1,Cassava
44,6,3,Wheat bran::RealV6_小麦麸_sample2,Wheat bran
44,6,4,Wheat::RealV6_小麦_sample4,Wheat
44,6,5,Cassava::RealV6_木薯_sample10,Cassava
44,6,6,Rapeseed cake::RealV6_菜籽饼_sample4,Rapeseed cake
44,9,1,Rice bran::RealV6_米糠_sample2,Rice bran
44,9,2,Cassava::RealV6_木薯_sample1,Cassava
44,9,3,Wheat bran::RealV6_小麦麸_sample2,Wheat bran
44,9,4,Wheat::RealV6_小麦_sample4,Wheat
44,9,5,Cassava::RealV6_木薯_sample10,Cassava
44,9,6,Rapeseed cake::RealV6_菜籽饼_sample4,Rapeseed cake
44,9,7,Barley::RealV6_大麦_sample2,Barley
44,9,8,Barley::RealV6_大麦_sample4,Barley
44,9,9,Rapeseed cake::RealV6_菜籽饼_sample3,Rapeseed cake
44,12,1,Rice bran::RealV6_米糠_sample2,Rice bran
44,12,2,Cassava::RealV6_木薯_sample1,Cassava
44,12,3,Wheat bran::RealV6_小麦麸_sample2,Wheat bran
44,12,4,Wheat::RealV6_小麦_sample4,Wheat
44,12,5,Cassava::RealV6_木薯_sample10,Cassava
44,12,6,Rapeseed cake::RealV6_菜籽饼_sample4,Rapeseed cake
44,12,7,Barley::RealV6_大麦_sample2,Barley
44,12,8,Barley::RealV6_大麦_sample4,Barley
44,12,9,Rapeseed cake::RealV6_菜籽饼_sample3,Rapeseed cake
44,12,10,Brown rice::RealV6_糙米_sample8,Brown rice
44,12,11,Wheat bran::RealV6_小麦麸_sample8,Wheat bran
44,12,12,Sorghum::RealV6_高粱_sample5,Sorghum
45,3,1,Brown rice::RealV6_糙米_sample6,Brown rice
45,3,2,Barley::RealV6_大麦_sample10,Barley
45,3,3,Rice bran::RealV6_米糠_sample2,Rice bran
45,6,1,Brown rice::RealV6_糙米_sample6,Brown rice
45,6,2,Barley::RealV6_大麦_sample10,Barley
45,6,3,Rice bran::RealV6_米糠_sample2,Rice bran
45,6,4,Wheat::RealV6_小麦_sample8,Wheat
45,6,5,Rapeseed cake::RealV6_菜籽饼_sample10,Rapeseed cake
45,6,6,Rapeseed cake::RealV6_菜籽饼_sample5,Rapeseed cake
45,9,1,Brown rice::RealV6_糙米_sample6,Brown rice
45,9,2,Barley::RealV6_大麦_sample10,Barley
45,9,3,Rice bran::RealV6_米糠_sample2,Rice bran
45,9,4,Wheat::RealV6_小麦_sample8,Wheat
45,9,5,Rapeseed cake::RealV6_菜籽饼_sample10,Rapeseed cake
45,9,6,Rapeseed cake::RealV6_菜籽饼_sample5,Rapeseed cake
45,9,7,Sorghum::RealV6_高粱_sample4,Sorghum
45,9,8,Rapeseed cake::RealV6_菜籽饼_sample8,Rapeseed cake
45,9,9,Rapeseed cake::RealV6_菜籽饼_sample1,Rapeseed cake
45,12,1,Brown rice::RealV6_糙米_sample6,Brown rice
45,12,2,Barley::RealV6_大麦_sample10,Barley
45,12,3,Rice bran::RealV6_米糠_sample2,Rice bran
45,12,4,Wheat::RealV6_小麦_sample8,Wheat
45,12,5,Rapeseed cake::RealV6_菜籽饼_sample10,Rapeseed cake
45,12,6,Rapeseed cake::RealV6_菜籽饼_sample5,Rapeseed cake
45,12,7,Sorghum::RealV6_高粱_sample4,Sorghum
45,12,8,Rapeseed cake::RealV6_菜籽饼_sample8,Rapeseed cake
45,12,9,Rapeseed cake::RealV6_菜籽饼_sample1,Rapeseed cake
45,12,10,Barley::RealV6_大麦_sample8,Barley
45,12,11,Rapeseed cake::RealV6_菜籽饼_sample4,Rapeseed cake
45,12,12,Rapeseed cake::RealV6_菜籽饼_sample3,Rapeseed cake
46,3,1,Wheat::RealV6_小麦_sample3,Wheat
46,3,2,Brown rice::RealV6_糙米_sample10,Brown rice
46,3,3,Wheat::RealV6_小麦_sample4,Wheat
46,6,1,Wheat::RealV6_小麦_sample3,Wheat
46,6,2,Brown rice::RealV6_糙米_sample10,Brown rice
46,6,3,Wheat::RealV6_小麦_sample4,Wheat
46,6,4,Cassava::RealV6_木薯_sample3,Cassava
46,6,5,Rapeseed cake::RealV6_菜籽饼_sample10,Rapeseed cake
46,6,6,Paddy rice::RealV6_稻谷_sample11,Paddy rice
46,9,1,Wheat::RealV6_小麦_sample3,Wheat
46,9,2,Brown rice::RealV6_糙米_sample10,Brown rice
46,9,3,Wheat::RealV6_小麦_sample4,Wheat
46,9,4,Cassava::RealV6_木薯_sample3,Cassava
46,9,5,Rapeseed cake::RealV6_菜籽饼_sample10,Rapeseed cake
46,9,6,Paddy rice::RealV6_稻谷_sample11,Paddy rice
46,9,7,Paddy rice::RealV6_稻谷_sample7,Paddy rice
46,9,8,Brown rice::RealV6_糙米_sample1,Brown rice
46,9,9,Barley::RealV6_大麦_sample8,Barley
46,12,1,Wheat::RealV6_小麦_sample3,Wheat
46,12,2,Brown rice::RealV6_糙米_sample10,Brown rice
46,12,3,Wheat::RealV6_小麦_sample4,Wheat
46,12,4,Cassava::RealV6_木薯_sample3,Cassava
46,12,5,Rapeseed cake::RealV6_菜籽饼_sample10,Rapeseed cake
46,12,6,Paddy rice::RealV6_稻谷_sample11,Paddy rice
46,12,7,Paddy rice::RealV6_稻谷_sample7,Paddy rice
46,12,8,Brown rice::RealV6_糙米_sample1,Brown rice
46,12,9,Barley::RealV6_大麦_sample8,Barley
46,12,10,Barley::RealV6_大麦_sample2,Barley
46,12,11,Rice bran::RealV6_米糠_sample10,Rice bran
46,12,12,Rapeseed cake::RealV6_菜籽饼_sample1,Rapeseed cake
47,3,1,Barley::RealV6_大麦_sample5,Barley
47,3,2,Paddy rice::RealV6_稻谷_sample10,Paddy rice
47,3,3,Wheat bran::RealV6_小麦麸_sample9,Wheat bran
47,6,1,Barley::RealV6_大麦_sample5,Barley
47,6,2,Paddy rice::RealV6_稻谷_sample10,Paddy rice
47,6,3,Wheat bran::RealV6_小麦麸_sample9,Wheat bran
47,6,4,Sorghum::RealV6_高粱_sample2,Sorghum
47,6,5,Wheat::RealV6_小麦_sample1,Wheat
47,6,6,Paddy rice::RealV6_稻谷_sample9,Paddy rice
47,9,1,Barley::RealV6_大麦_sample5,Barley
47,9,2,Paddy rice::RealV6_稻谷_sample10,Paddy rice
47,9,3,Wheat bran::RealV6_小麦麸_sample9,Wheat bran
47,9,4,Sorghum::RealV6_高粱_sample2,Sorghum
47,9,5,Wheat::RealV6_小麦_sample1,Wheat
47,9,6,Paddy rice::RealV6_稻谷_sample9,Paddy rice
47,9,7,Barley::RealV6_大麦_sample7,Barley
47,9,8,Brown rice::RealV6_糙米_sample4,Brown rice
47,9,9,Barley::RealV6_大麦_sample9,Barley
47,12,1,Barley::RealV6_大麦_sample5,Barley
47,12,2,Paddy rice::RealV6_稻谷_sample10,Paddy rice
47,12,3,Wheat bran::RealV6_小麦麸_sample9,Wheat bran
47,12,4,Sorghum::RealV6_高粱_sample2,Sorghum
47,12,5,Wheat::RealV6_小麦_sample1,Wheat
47,12,6,Paddy rice::RealV6_稻谷_sample9,Paddy rice
47,12,7,Barley::RealV6_大麦_sample7,Barley
47,12,8,Brown rice::RealV6_糙米_sample4,Brown rice
47,12,9,Barley::RealV6_大麦_sample9,Barley
47,12,10,Rice bran::RealV6_米糠_sample4,Rice bran
47,12,11,Cassava::RealV6_木薯_sample6,Cassava
47,12,12,Brown rice::RealV6_糙米_sample1,Brown rice
48,3,1,Rapeseed cake::RealV6_菜籽饼_sample10,Rapeseed cake
48,3,2,Brown rice::RealV6_糙米_sample8,Brown rice
48,3,3,Sorghum::RealV6_高粱_sample10,Sorghum
48,6,1,Rapeseed cake::RealV6_菜籽饼_sample10,Rapeseed cake
48,6,2,Brown rice::RealV6_糙米_sample8,Brown rice
48,6,3,Sorghum::RealV6_高粱_sample10,Sorghum
48,6,4,Brown rice::RealV6_糙米_sample10,Brown rice
48,6,5,Rice bran::RealV6_米糠_sample9,Rice bran
48,6,6,Wheat bran::RealV6_小麦麸_sample10,Wheat bran
48,9,1,Rapeseed cake::RealV6_菜籽饼_sample10,Rapeseed cake
48,9,2,Brown rice::RealV6_糙米_sample8,Brown rice
48,9,3,Sorghum::RealV6_高粱_sample10,Sorghum
48,9,4,Brown rice::RealV6_糙米_sample10,Brown rice
48,9,5,Rice bran::RealV6_米糠_sample9,Rice bran
48,9,6,Wheat bran::RealV6_小麦麸_sample10,Wheat bran
48,9,7,Barley::RealV6_大麦_sample3,Barley
48,9,8,Sorghum::RealV6_高粱_sample8,Sorghum
48,9,9,Wheat bran::RealV6_小麦麸_sample4,Wheat bran
48,12,1,Rapeseed cake::RealV6_菜籽饼_sample10,Rapeseed cake
48,12,2,Brown rice::RealV6_糙米_sample8,Brown rice
48,12,3,Sorghum::RealV6_高粱_sample10,Sorghum
48,12,4,Brown rice::RealV6_糙米_sample10,Brown rice
48,12,5,Rice bran::RealV6_米糠_sample9,Rice bran
48,12,6,Wheat bran::RealV6_小麦麸_sample10,Wheat bran
48,12,7,Barley::RealV6_大麦_sample3,Barley
48,12,8,Sorghum::RealV6_高粱_sample8,Sorghum
48,12,9,Wheat bran::RealV6_小麦麸_sample4,Wheat bran
48,12,10,Cassava::RealV6_木薯_sample8,Cassava
48,12,11,Rice bran::RealV6_米糠_sample10,Rice bran
48,12,12,Wheat::RealV6_小麦_sample10,Wheat
49,3,1,Paddy rice::RealV6_稻谷_sample2,Paddy rice
49,3,2,Sorghum::RealV6_高粱_sample7,Sorghum
49,3,3,Rice bran::RealV6_米糠_sample3,Rice bran
49,6,1,Paddy rice::RealV6_稻谷_sample2,Paddy rice
49,6,2,Sorghum::RealV6_高粱_sample7,Sorghum
49,6,3,Rice bran::RealV6_米糠_sample3,Rice bran
49,6,4,Cassava::RealV6_木薯_sample2,Cassava
49,6,5,Wheat::RealV6_小麦_sample7,Wheat
49,6,6,Sorghum::RealV6_高粱_sample6,Sorghum
49,9,1,Paddy rice::RealV6_稻谷_sample2,Paddy rice
49,9,2,Sorghum::RealV6_高粱_sample7,Sorghum
49,9,3,Rice bran::RealV6_米糠_sample3,Rice bran
49,9,4,Cassava::RealV6_木薯_sample2,Cassava
49,9,5,Wheat::RealV6_小麦_sample7,Wheat
49,9,6,Sorghum::RealV6_高粱_sample6,Sorghum
49,9,7,Brown rice::RealV6_糙米_sample6,Brown rice
49,9,8,Wheat::RealV6_小麦_sample1,Wheat
49,9,9,Cassava::RealV6_木薯_sample4,Cassava
49,12,1,Paddy rice::RealV6_稻谷_sample2,Paddy rice
49,12,2,Sorghum::RealV6_高粱_sample7,Sorghum
49,12,3,Rice bran::RealV6_米糠_sample3,Rice bran
49,12,4,Cassava::RealV6_木薯_sample2,Cassava
49,12,5,Wheat::RealV6_小麦_sample7,Wheat
49,12,6,Sorghum::RealV6_高粱_sample6,Sorghum
49,12,7,Brown rice::RealV6_糙米_sample6,Brown rice
49,12,8,Wheat::RealV6_小麦_sample1,Wheat
49,12,9,Cassava::RealV6_木薯_sample4,Cassava
49,12,10,Wheat::RealV6_小麦_sample5,Wheat
49,12,11,Brown rice::RealV6_糙米_sample3,Brown rice
49,12,12,Rice bran::RealV6_米糠_sample8,Rice bran
50,3,1,Wheat bran::RealV6_小麦麸_sample8,Wheat bran
50,3,2,Barley::RealV6_大麦_sample8,Barley
50,3,3,Brown rice::RealV6_糙米_sample9,Brown rice
50,6,1,Wheat bran::RealV6_小麦麸_sample8,Wheat bran
50,6,2,Barley::RealV6_大麦_sample8,Barley
50,6,3,Brown rice::RealV6_糙米_sample9,Brown rice
50,6,4,Wheat bran::RealV6_小麦麸_sample1,Wheat bran
50,6,5,Brown rice::RealV6_糙米_sample6,Brown rice
50,6,6,Wheat bran::RealV6_小麦麸_sample5,Wheat bran
50,9,1,Wheat bran::RealV6_小麦麸_sample8,Wheat bran
50,9,2,Barley::RealV6_大麦_sample8,Barley
50,9,3,Brown rice::RealV6_糙米_sample9,Brown rice
50,9,4,Wheat bran::RealV6_小麦麸_sample1,Wheat bran
50,9,5,Brown rice::RealV6_糙米_sample6,Brown rice
50,9,6,Wheat bran::RealV6_小麦麸_sample5,Wheat bran
50,9,7,Brown rice::RealV6_糙米_sample10,Brown rice
50,9,8,Cassava::RealV6_木薯_sample10,Cassava
50,9,9,Wheat bran::RealV6_小麦麸_sample4,Wheat bran
50,12,1,Wheat bran::RealV6_小麦麸_sample8,Wheat bran
50,12,2,Barley::RealV6_大麦_sample8,Barley
50,12,3,Brown rice::RealV6_糙米_sample9,Brown rice
50,12,4,Wheat bran::RealV6_小麦麸_sample1,Wheat bran
50,12,5,Brown rice::RealV6_糙米_sample6,Brown rice
50,12,6,Wheat bran::RealV6_小麦麸_sample5,Wheat bran
50,12,7,Brown rice::RealV6_糙米_sample10,Brown rice
50,12,8,Cassava::RealV6_木薯_sample10,Cassava
50,12,9,Wheat bran::RealV6_小麦麸_sample4,Wheat bran
50,12,10,Cassava::RealV6_木薯_sample1,Cassava
50,12,11,Rapeseed cake::RealV6_菜籽饼_sample8,Rapeseed cake
50,12,12,Wheat bran::RealV6_小麦麸_sample3,Wheat bran
51,3,1,Cassava::RealV6_木薯_sample1,Cassava
51,3,2,Paddy rice::RealV6_稻谷_sample9,Paddy rice
51,3,3,Paddy rice::RealV6_稻谷_sample5,Paddy rice
51,6,1,Cassava::RealV6_木薯_sample1,Cassava
51,6,2,Paddy rice::RealV6_稻谷_sample9,Paddy rice
51,6,3,Paddy rice::RealV6_稻谷_sample5,Paddy rice
51,6,4,Sorghum::RealV6_高粱_sample3,Sorghum
51,6,5,Rice bran::RealV6_米糠_sample3,Rice bran
51,6,6,Barley::RealV6_大麦_sample6,Barley
51,9,1,Cassava::RealV6_木薯_sample1,Cassava
51,9,2,Paddy rice::RealV6_稻谷_sample9,Paddy rice
51,9,3,Paddy rice::RealV6_稻谷_sample5,Paddy rice
51,9,4,Sorghum::RealV6_高粱_sample3,Sorghum
51,9,5,Rice bran::RealV6_米糠_sample3,Rice bran
51,9,6,Barley::RealV6_大麦_sample6,Barley
51,9,7,Wheat::RealV6_小麦_sample1,Wheat
51,9,8,Rapeseed cake::RealV6_菜籽饼_sample5,Rapeseed cake
51,9,9,Wheat bran::RealV6_小麦麸_sample8,Wheat bran
51,12,1,Cassava::RealV6_木薯_sample1,Cassava
51,12,2,Paddy rice::RealV6_稻谷_sample9,Paddy rice
51,12,3,Paddy rice::RealV6_稻谷_sample5,Paddy rice
51,12,4,Sorghum::RealV6_高粱_sample3,Sorghum
51,12,5,Rice bran::RealV6_米糠_sample3,Rice bran
51,12,6,Barley::RealV6_大麦_sample6,Barley
51,12,7,Wheat::RealV6_小麦_sample1,Wheat
51,12,8,Rapeseed cake::RealV6_菜籽饼_sample5,Rapeseed cake
51,12,9,Wheat bran::RealV6_小麦麸_sample8,Wheat bran
51,12,10,Barley::RealV6_大麦_sample4,Barley
51,12,11,Rapeseed cake::RealV6_菜籽饼_sample8,Rapeseed cake
51,12,12,Brown rice::RealV6_糙米_sample6,Brown rice
52,3,1,Rapeseed cake::RealV6_菜籽饼_sample3,Rapeseed cake
52,3,2,Rapeseed cake::RealV6_菜籽饼_sample7,Rapeseed cake
52,3,3,Rice bran::RealV6_米糠_sample6,Rice bran
52,6,1,Rapeseed cake::RealV6_菜籽饼_sample3,Rapeseed cake
52,6,2,Rapeseed cake::RealV6_菜籽饼_sample7,Rapeseed cake
52,6,3,Rice bran::RealV6_米糠_sample6,Rice bran
52,6,4,Cassava::RealV6_木薯_sample9,Cassava
52,6,5,Barley::RealV6_大麦_sample10,Barley
52,6,6,Barley::RealV6_大麦_sample2,Barley
52,9,1,Rapeseed cake::RealV6_菜籽饼_sample3,Rapeseed cake
52,9,2,Rapeseed cake::RealV6_菜籽饼_sample7,Rapeseed cake
52,9,3,Rice bran::RealV6_米糠_sample6,Rice bran
52,9,4,Cassava::RealV6_木薯_sample9,Cassava
52,9,5,Barley::RealV6_大麦_sample10,Barley
52,9,6,Barley::RealV6_大麦_sample2,Barley
52,9,7,Wheat::RealV6_小麦_sample10,Wheat
52,9,8,Rapeseed cake::RealV6_菜籽饼_sample10,Rapeseed cake
52,9,9,Wheat bran::RealV6_小麦麸_sample9,Wheat bran
52,12,1,Rapeseed cake::RealV6_菜籽饼_sample3,Rapeseed cake
52,12,2,Rapeseed cake::RealV6_菜籽饼_sample7,Rapeseed cake
52,12,3,Rice bran::RealV6_米糠_sample6,Rice bran
52,12,4,Cassava::RealV6_木薯_sample9,Cassava
52,12,5,Barley::RealV6_大麦_sample10,Barley
52,12,6,Barley::RealV6_大麦_sample2,Barley
52,12,7,Wheat::RealV6_小麦_sample10,Wheat
52,12,8,Rapeseed cake::RealV6_菜籽饼_sample10,Rapeseed cake
52,12,9,Wheat bran::RealV6_小麦麸_sample9,Wheat bran
52,12,10,Cassava::RealV6_木薯_sample7,Cassava
52,12,11,Barley::RealV6_大麦_sample4,Barley
52,12,12,Barley::RealV6_大麦_sample9,Barley
53,3,1,Sorghum::RealV6_高粱_sample1,Sorghum
53,3,2,Sorghum::RealV6_高粱_sample2,Sorghum
53,3,3,Cassava::RealV6_木薯_sample8,Cassava
53,6,1,Sorghum::RealV6_高粱_sample1,Sorghum
53,6,2,Sorghum::RealV6_高粱_sample2,Sorghum
53,6,3,Cassava::RealV6_木薯_sample8,Cassava
53,6,4,Brown rice::RealV6_糙米_sample2,Brown rice
53,6,5,Barley::RealV6_大麦_sample7,Barley
53,6,6,Rice bran::RealV6_米糠_sample1,Rice bran
53,9,1,Sorghum::RealV6_高粱_sample1,Sorghum
53,9,2,Sorghum::RealV6_高粱_sample2,Sorghum
53,9,3,Cassava::RealV6_木薯_sample8,Cassava
53,9,4,Brown rice::RealV6_糙米_sample2,Brown rice
53,9,5,Barley::RealV6_大麦_sample7,Barley
53,9,6,Rice bran::RealV6_米糠_sample1,Rice bran
53,9,7,Wheat bran::RealV6_小麦麸_sample8,Wheat bran
53,9,8,Wheat bran::RealV6_小麦麸_sample4,Wheat bran
53,9,9,Barley::RealV6_大麦_sample4,Barley
53,12,1,Sorghum::RealV6_高粱_sample1,Sorghum
53,12,2,Sorghum::RealV6_高粱_sample2,Sorghum
53,12,3,Cassava::RealV6_木薯_sample8,Cassava
53,12,4,Brown rice::RealV6_糙米_sample2,Brown rice
53,12,5,Barley::RealV6_大麦_sample7,Barley
53,12,6,Rice bran::RealV6_米糠_sample1,Rice bran
53,12,7,Wheat bran::RealV6_小麦麸_sample8,Wheat bran
53,12,8,Wheat bran::RealV6_小麦麸_sample4,Wheat bran
53,12,9,Barley::RealV6_大麦_sample4,Barley
53,12,10,Rapeseed cake::RealV6_菜籽饼_sample8,Rapeseed cake
53,12,11,Cassava::RealV6_木薯_sample9,Cassava
53,12,12,Wheat bran::RealV6_小麦麸_sample5,Wheat bran
54,3,1,Barley::RealV6_大麦_sample1,Barley
54,3,2,Sorghum::RealV6_高粱_sample8,Sorghum
54,3,3,Paddy rice::RealV6_稻谷_sample8,Paddy rice
54,6,1,Barley::RealV6_大麦_sample1,Barley
54,6,2,Sorghum::RealV6_高粱_sample8,Sorghum
54,6,3,Paddy rice::RealV6_稻谷_sample8,Paddy rice
54,6,4,Sorghum::RealV6_高粱_sample9,Sorghum
54,6,5,Rapeseed cake::RealV6_菜籽饼_sample6,Rapeseed cake
54,6,6,Brown rice::RealV6_糙米_sample6,Brown rice
54,9,1,Barley::RealV6_大麦_sample1,Barley
54,9,2,Sorghum::RealV6_高粱_sample8,Sorghum
54,9,3,Paddy rice::RealV6_稻谷_sample8,Paddy rice
54,9,4,Sorghum::RealV6_高粱_sample9,Sorghum
54,9,5,Rapeseed cake::RealV6_菜籽饼_sample6,Rapeseed cake
54,9,6,Brown rice::RealV6_糙米_sample6,Brown rice
54,9,7,Rice bran::RealV6_米糠_sample4,Rice bran
54,9,8,Sorghum::RealV6_高粱_sample5,Sorghum
54,9,9,Brown rice::RealV6_糙米_sample8,Brown rice
54,12,1,Barley::RealV6_大麦_sample1,Barley
54,12,2,Sorghum::RealV6_高粱_sample8,Sorghum
54,12,3,Paddy rice::RealV6_稻谷_sample8,Paddy rice
54,12,4,Sorghum::RealV6_高粱_sample9,Sorghum
54,12,5,Rapeseed cake::RealV6_菜籽饼_sample6,Rapeseed cake
54,12,6,Brown rice::RealV6_糙米_sample6,Brown rice
54,12,7,Rice bran::RealV6_米糠_sample4,Rice bran
54,12,8,Sorghum::RealV6_高粱_sample5,Sorghum
54,12,9,Brown rice::RealV6_糙米_sample8,Brown rice
54,12,10,Rice bran::RealV6_米糠_sample2,Rice bran
54,12,11,Wheat::RealV6_小麦_sample6,Wheat
54,12,12,Wheat::RealV6_小麦_sample10,Wheat
55,3,1,Cassava::RealV6_木薯_sample5,Cassava
55,3,2,Cassava::RealV6_木薯_sample2,Cassava
55,3,3,Brown rice::RealV6_糙米_sample3,Brown rice
55,6,1,Cassava::RealV6_木薯_sample5,Cassava
55,6,2,Cassava::RealV6_木薯_sample2,Cassava
55,6,3,Brown rice::RealV6_糙米_sample3,Brown rice
55,6,4,Rapeseed cake::RealV6_菜籽饼_sample4,Rapeseed cake
55,6,5,Sorghum::RealV6_高粱_sample7,Sorghum
55,6,6,Wheat::RealV6_小麦_sample5,Wheat
55,9,1,Cassava::RealV6_木薯_sample5,Cassava
55,9,2,Cassava::RealV6_木薯_sample2,Cassava
55,9,3,Brown rice::RealV6_糙米_sample3,Brown rice
55,9,4,Rapeseed cake::RealV6_菜籽饼_sample4,Rapeseed cake
55,9,5,Sorghum::RealV6_高粱_sample7,Sorghum
55,9,6,Wheat::RealV6_小麦_sample5,Wheat
55,9,7,Brown rice::RealV6_糙米_sample6,Brown rice
55,9,8,Rapeseed cake::RealV6_菜籽饼_sample8,Rapeseed cake
55,9,9,Brown rice::RealV6_糙米_sample10,Brown rice
55,12,1,Cassava::RealV6_木薯_sample5,Cassava
55,12,2,Cassava::RealV6_木薯_sample2,Cassava
55,12,3,Brown rice::RealV6_糙米_sample3,Brown rice
55,12,4,Rapeseed cake::RealV6_菜籽饼_sample4,Rapeseed cake
55,12,5,Sorghum::RealV6_高粱_sample7,Sorghum
55,12,6,Wheat::RealV6_小麦_sample5,Wheat
55,12,7,Brown rice::RealV6_糙米_sample6,Brown rice
55,12,8,Rapeseed cake::RealV6_菜籽饼_sample8,Rapeseed cake
55,12,9,Brown rice::RealV6_糙米_sample10,Brown rice
55,12,10,Cassava::RealV6_木薯_sample9,Cassava
55,12,11,Paddy rice::RealV6_稻谷_sample2,Paddy rice
55,12,12,Paddy rice::RealV6_稻谷_sample9,Paddy rice
56,3,1,Sorghum::RealV6_高粱_sample9,Sorghum
56,3,2,Brown rice::RealV6_糙米_sample5,Brown rice
56,3,3,Brown rice::RealV6_糙米_sample2,Brown rice
56,6,1,Sorghum::RealV6_高粱_sample9,Sorghum
56,6,2,Brown rice::RealV6_糙米_sample5,Brown rice
56,6,3,Brown rice::RealV6_糙米_sample2,Brown rice
56,6,4,Brown rice::RealV6_糙米_sample10,Brown rice
56,6,5,Wheat bran::RealV6_小麦麸_sample7,Wheat bran
56,6,6,Rapeseed cake::RealV6_菜籽饼_sample1,Rapeseed cake
56,9,1,Sorghum::RealV6_高粱_sample9,Sorghum
56,9,2,Brown rice::RealV6_糙米_sample5,Brown rice
56,9,3,Brown rice::RealV6_糙米_sample2,Brown rice
56,9,4,Brown rice::RealV6_糙米_sample10,Brown rice
56,9,5,Wheat bran::RealV6_小麦麸_sample7,Wheat bran
56,9,6,Rapeseed cake::RealV6_菜籽饼_sample1,Rapeseed cake
56,9,7,Rice bran::RealV6_米糠_sample1,Rice bran
56,9,8,Wheat bran::RealV6_小麦麸_sample10,Wheat bran
56,9,9,Rapeseed cake::RealV6_菜籽饼_sample6,Rapeseed cake
56,12,1,Sorghum::RealV6_高粱_sample9,Sorghum
56,12,2,Brown rice::RealV6_糙米_sample5,Brown rice
56,12,3,Brown rice::RealV6_糙米_sample2,Brown rice
56,12,4,Brown rice::RealV6_糙米_sample10,Brown rice
56,12,5,Wheat bran::RealV6_小麦麸_sample7,Wheat bran
56,12,6,Rapeseed cake::RealV6_菜籽饼_sample1,Rapeseed cake
56,12,7,Rice bran::RealV6_米糠_sample1,Rice bran
56,12,8,Wheat bran::RealV6_小麦麸_sample10,Wheat bran
56,12,9,Rapeseed cake::RealV6_菜籽饼_sample6,Rapeseed cake
56,12,10,Sorghum::RealV6_高粱_sample4,Sorghum
56,12,11,Barley::RealV6_大麦_sample7,Barley
56,12,12,Wheat bran::RealV6_小麦麸_sample5,Wheat bran
57,3,1,Rapeseed cake::RealV6_菜籽饼_sample7,Rapeseed cake
57,3,2,Wheat::RealV6_小麦_sample9,Wheat
57,3,3,Sorghum::RealV6_高粱_sample10,Sorghum
57,6,1,Rapeseed cake::RealV6_菜籽饼_sample7,Rapeseed cake
57,6,2,Wheat::RealV6_小麦_sample9,Wheat
57,6,3,Sorghum::RealV6_高粱_sample10,Sorghum
57,6,4,Rapeseed cake::RealV6_菜籽饼_sample6,Rapeseed cake
57,6,5,Rapeseed cake::RealV6_菜籽饼_sample9,Rapeseed cake
57,6,6,Rapeseed cake::RealV6_菜籽饼_sample4,Rapeseed cake
57,9,1,Rapeseed cake::RealV6_菜籽饼_sample7,Rapeseed cake
57,9,2,Wheat::RealV6_小麦_sample9,Wheat
57,9,3,Sorghum::RealV6_高粱_sample10,Sorghum
57,9,4,Rapeseed cake::RealV6_菜籽饼_sample6,Rapeseed cake
57,9,5,Rapeseed cake::RealV6_菜籽饼_sample9,Rapeseed cake
57,9,6,Rapeseed cake::RealV6_菜籽饼_sample4,Rapeseed cake
57,9,7,Wheat::RealV6_小麦_sample3,Wheat
57,9,8,Sorghum::RealV6_高粱_sample1,Sorghum
57,9,9,Rapeseed cake::RealV6_菜籽饼_sample3,Rapeseed cake
57,12,1,Rapeseed cake::RealV6_菜籽饼_sample7,Rapeseed cake
57,12,2,Wheat::RealV6_小麦_sample9,Wheat
57,12,3,Sorghum::RealV6_高粱_sample10,Sorghum
57,12,4,Rapeseed cake::RealV6_菜籽饼_sample6,Rapeseed cake
57,12,5,Rapeseed cake::RealV6_菜籽饼_sample9,Rapeseed cake
57,12,6,Rapeseed cake::RealV6_菜籽饼_sample4,Rapeseed cake
57,12,7,Wheat::RealV6_小麦_sample3,Wheat
57,12,8,Sorghum::RealV6_高粱_sample1,Sorghum
57,12,9,Rapeseed cake::RealV6_菜籽饼_sample3,Rapeseed cake
57,12,10,Rapeseed cake::RealV6_菜籽饼_sample8,Rapeseed cake
57,12,11,Wheat::RealV6_小麦_sample6,Wheat
57,12,12,Barley::RealV6_大麦_sample1,Barley
58,3,1,Brown rice::RealV6_糙米_sample5,Brown rice
58,3,2,Wheat::RealV6_小麦_sample7,Wheat
58,3,3,Cassava::RealV6_木薯_sample1,Cassava
58,6,1,Brown rice::RealV6_糙米_sample5,Brown rice
58,6,2,Wheat::RealV6_小麦_sample7,Wheat
58,6,3,Cassava::RealV6_木薯_sample1,Cassava
58,6,4,Rice bran::RealV6_米糠_sample1,Rice bran
58,6,5,Rice bran::RealV6_米糠_sample7,Rice bran
58,6,6,Brown rice::RealV6_糙米_sample9,Brown rice
58,9,1,Brown rice::RealV6_糙米_sample5,Brown rice
58,9,2,Wheat::RealV6_小麦_sample7,Wheat
58,9,3,Cassava::RealV6_木薯_sample1,Cassava
58,9,4,Rice bran::RealV6_米糠_sample1,Rice bran
58,9,5,Rice bran::RealV6_米糠_sample7,Rice bran
58,9,6,Brown rice::RealV6_糙米_sample9,Brown rice
58,9,7,Barley::RealV6_大麦_sample2,Barley
58,9,8,Brown rice::RealV6_糙米_sample6,Brown rice
58,9,9,Paddy rice::RealV6_稻谷_sample3,Paddy rice
58,12,1,Brown rice::RealV6_糙米_sample5,Brown rice
58,12,2,Wheat::RealV6_小麦_sample7,Wheat
58,12,3,Cassava::RealV6_木薯_sample1,Cassava
58,12,4,Rice bran::RealV6_米糠_sample1,Rice bran
58,12,5,Rice bran::RealV6_米糠_sample7,Rice bran
58,12,6,Brown rice::RealV6_糙米_sample9,Brown rice
58,12,7,Barley::RealV6_大麦_sample2,Barley
58,12,8,Brown rice::RealV6_糙米_sample6,Brown rice
58,12,9,Paddy rice::RealV6_稻谷_sample3,Paddy rice
58,12,10,Rapeseed cake::RealV6_菜籽饼_sample6,Rapeseed cake
58,12,11,Rice bran::RealV6_米糠_sample2,Rice bran
58,12,12,Wheat::RealV6_小麦_sample10,Wheat
59,3,1,Rapeseed cake::RealV6_菜籽饼_sample6,Rapeseed cake
59,3,2,Brown rice::RealV6_糙米_sample1,Brown rice
59,3,3,Barley::RealV6_大麦_sample5,Barley
59,6,1,Rapeseed cake::RealV6_菜籽饼_sample6,Rapeseed cake
59,6,2,Brown rice::RealV6_糙米_sample1,Brown rice
59,6,3,Barley::RealV6_大麦_sample5,Barley
59,6,4,Paddy rice::RealV6_稻谷_sample7,Paddy rice
59,6,5,Barley::RealV6_大麦_sample10,Barley
59,6,6,Barley::RealV6_大麦_sample3,Barley
59,9,1,Rapeseed cake::RealV6_菜籽饼_sample6,Rapeseed cake
59,9,2,Brown rice::RealV6_糙米_sample1,Brown rice
59,9,3,Barley::RealV6_大麦_sample5,Barley
59,9,4,Paddy rice::RealV6_稻谷_sample7,Paddy rice
59,9,5,Barley::RealV6_大麦_sample10,Barley
59,9,6,Barley::RealV6_大麦_sample3,Barley
59,9,7,Rapeseed cake::RealV6_菜籽饼_sample1,Rapeseed cake
59,9,8,Barley::RealV6_大麦_sample4,Barley
59,9,9,Rice bran::RealV6_米糠_sample8,Rice bran
59,12,1,Rapeseed cake::RealV6_菜籽饼_sample6,Rapeseed cake
59,12,2,Brown rice::RealV6_糙米_sample1,Brown rice
59,12,3,Barley::RealV6_大麦_sample5,Barley
59,12,4,Paddy rice::RealV6_稻谷_sample7,Paddy rice
59,12,5,Barley::RealV6_大麦_sample10,Barley
59,12,6,Barley::RealV6_大麦_sample3,Barley
59,12,7,Rapeseed cake::RealV6_菜籽饼_sample1,Rapeseed cake
59,12,8,Barley::RealV6_大麦_sample4,Barley
59,12,9,Rice bran::RealV6_米糠_sample8,Rice bran
59,12,10,Cassava::RealV6_木薯_sample7,Cassava
59,12,11,Barley::RealV6_大麦_sample8,Barley
59,12,12,Sorghum::RealV6_高粱_sample7,Sorghum
60,3,1,Cassava::RealV6_木薯_sample1,Cassava
60,3,2,Cassava::RealV6_木薯_sample9,Cassava
60,3,3,Paddy rice::RealV6_稻谷_sample7,Paddy rice
60,6,1,Cassava::RealV6_木薯_sample1,Cassava
60,6,2,Cassava::RealV6_木薯_sample9,Cassava
60,6,3,Paddy rice::RealV6_稻谷_sample7,Paddy rice
60,6,4,Wheat bran::RealV6_小麦麸_sample5,Wheat bran
60,6,5,Sorghum::RealV6_高粱_sample3,Sorghum
60,6,6,Rapeseed cake::RealV6_菜籽饼_sample4,Rapeseed cake
60,9,1,Cassava::RealV6_木薯_sample1,Cassava
60,9,2,Cassava::RealV6_木薯_sample9,Cassava
60,9,3,Paddy rice::RealV6_稻谷_sample7,Paddy rice
60,9,4,Wheat bran::RealV6_小麦麸_sample5,Wheat bran
60,9,5,Sorghum::RealV6_高粱_sample3,Sorghum
60,9,6,Rapeseed cake::RealV6_菜籽饼_sample4,Rapeseed cake
60,9,7,Paddy rice::RealV6_稻谷_sample6,Paddy rice
60,9,8,Paddy rice::RealV6_稻谷_sample11,Paddy rice
60,9,9,Wheat bran::RealV6_小麦麸_sample4,Wheat bran
60,12,1,Cassava::RealV6_木薯_sample1,Cassava
60,12,2,Cassava::RealV6_木薯_sample9,Cassava
60,12,3,Paddy rice::RealV6_稻谷_sample7,Paddy rice
60,12,4,Wheat bran::RealV6_小麦麸_sample5,Wheat bran
60,12,5,Sorghum::RealV6_高粱_sample3,Sorghum
60,12,6,Rapeseed cake::RealV6_菜籽饼_sample4,Rapeseed cake
60,12,7,Paddy rice::RealV6_稻谷_sample6,Paddy rice
60,12,8,Paddy rice::RealV6_稻谷_sample11,Paddy rice
60,12,9,Wheat bran::RealV6_小麦麸_sample4,Wheat bran
60,12,10,Rapeseed cake::RealV6_菜籽饼_sample9,Rapeseed cake
60,12,11,Sorghum::RealV6_高粱_sample2,Sorghum
60,12,12,Wheat::RealV6_小麦_sample9,Wheat
61,3,1,Barley::RealV6_大麦_sample3,Barley
61,3,2,Rapeseed cake::RealV6_菜籽饼_sample4,Rapeseed cake
61,3,3,Wheat bran::RealV6_小麦麸_sample6,Wheat bran
61,6,1,Barley::RealV6_大麦_sample3,Barley
61,6,2,Rapeseed cake::RealV6_菜籽饼_sample4,Rapeseed cake
61,6,3,Wheat bran::RealV6_小麦麸_sample6,Wheat bran
61,6,4,Wheat::RealV6_小麦_sample8,Wheat
61,6,5,Sorghum::RealV6_高粱_sample2,Sorghum
61,6,6,Wheat bran::RealV6_小麦麸_sample10,Wheat bran
61,9,1,Barley::RealV6_大麦_sample3,Barley
61,9,2,Rapeseed cake::RealV6_菜籽饼_sample4,Rapeseed cake
61,9,3,Wheat bran::RealV6_小麦麸_sample6,Wheat bran
61,9,4,Wheat::RealV6_小麦_sample8,Wheat
61,9,5,Sorghum::RealV6_高粱_sample2,Sorghum
61,9,6,Wheat bran::RealV6_小麦麸_sample10,Wheat bran
61,9,7,Barley::RealV6_大麦_sample6,Barley
61,9,8,Barley::RealV6_大麦_sample1,Barley
61,9,9,Wheat bran::RealV6_小麦麸_sample8,Wheat bran
61,12,1,Barley::RealV6_大麦_sample3,Barley
61,12,2,Rapeseed cake::RealV6_菜籽饼_sample4,Rapeseed cake
61,12,3,Wheat bran::RealV6_小麦麸_sample6,Wheat bran
61,12,4,Wheat::RealV6_小麦_sample8,Wheat
61,12,5,Sorghum::RealV6_高粱_sample2,Sorghum
61,12,6,Wheat bran::RealV6_小麦麸_sample10,Wheat bran
61,12,7,Barley::RealV6_大麦_sample6,Barley
61,12,8,Barley::RealV6_大麦_sample1,Barley
61,12,9,Wheat bran::RealV6_小麦麸_sample8,Wheat bran
61,12,10,Brown rice::RealV6_糙米_sample3,Brown rice
61,12,11,Rapeseed cake::RealV6_菜籽饼_sample10,Rapeseed cake
61,12,12,Sorghum::RealV6_高粱_sample7,Sorghum
62,3,1,Wheat bran::RealV6_小麦麸_sample8,Wheat bran
62,3,2,Wheat bran::RealV6_小麦麸_sample3,Wheat bran
62,3,3,Wheat bran::RealV6_小麦麸_sample9,Wheat bran
62,6,1,Wheat bran::RealV6_小麦麸_sample8,Wheat bran
62,6,2,Wheat bran::RealV6_小麦麸_sample3,Wheat bran
62,6,3,Wheat bran::RealV6_小麦麸_sample9,Wheat bran
62,6,4,Rapeseed cake::RealV6_菜籽饼_sample7,Rapeseed cake
62,6,5,Wheat::RealV6_小麦_sample2,Wheat
62,6,6,Barley::RealV6_大麦_sample7,Barley
62,9,1,Wheat bran::RealV6_小麦麸_sample8,Wheat bran
62,9,2,Wheat bran::RealV6_小麦麸_sample3,Wheat bran
62,9,3,Wheat bran::RealV6_小麦麸_sample9,Wheat bran
62,9,4,Rapeseed cake::RealV6_菜籽饼_sample7,Rapeseed cake
62,9,5,Wheat::RealV6_小麦_sample2,Wheat
62,9,6,Barley::RealV6_大麦_sample7,Barley
62,9,7,Paddy rice::RealV6_稻谷_sample8,Paddy rice
62,9,8,Brown rice::RealV6_糙米_sample6,Brown rice
62,9,9,Rapeseed cake::RealV6_菜籽饼_sample4,Rapeseed cake
62,12,1,Wheat bran::RealV6_小麦麸_sample8,Wheat bran
62,12,2,Wheat bran::RealV6_小麦麸_sample3,Wheat bran
62,12,3,Wheat bran::RealV6_小麦麸_sample9,Wheat bran
62,12,4,Rapeseed cake::RealV6_菜籽饼_sample7,Rapeseed cake
62,12,5,Wheat::RealV6_小麦_sample2,Wheat
62,12,6,Barley::RealV6_大麦_sample7,Barley
62,12,7,Paddy rice::RealV6_稻谷_sample8,Paddy rice
62,12,8,Brown rice::RealV6_糙米_sample6,Brown rice
62,12,9,Rapeseed cake::RealV6_菜籽饼_sample4,Rapeseed cake
62,12,10,Rapeseed cake::RealV6_菜籽饼_sample1,Rapeseed cake
62,12,11,Rice bran::RealV6_米糠_sample3,Rice bran
62,12,12,Paddy rice::RealV6_稻谷_sample10,Paddy rice
63,3,1,Brown rice::RealV6_糙米_sample5,Brown rice
63,3,2,Rice bran::RealV6_米糠_sample3,Rice bran
63,3,3,Sorghum::RealV6_高粱_sample7,Sorghum
63,6,1,Brown rice::RealV6_糙米_sample5,Brown rice
63,6,2,Rice bran::RealV6_米糠_sample3,Rice bran
63,6,3,Sorghum::RealV6_高粱_sample7,Sorghum
63,6,4,Sorghum::RealV6_高粱_sample5,Sorghum
63,6,5,Barley::RealV6_大麦_sample10,Barley
63,6,6,Cassava::RealV6_木薯_sample8,Cassava
63,9,1,Brown rice::RealV6_糙米_sample5,Brown rice
63,9,2,Rice bran::RealV6_米糠_sample3,Rice bran
63,9,3,Sorghum::RealV6_高粱_sample7,Sorghum
63,9,4,Sorghum::RealV6_高粱_sample5,Sorghum
63,9,5,Barley::RealV6_大麦_sample10,Barley
63,9,6,Cassava::RealV6_木薯_sample8,Cassava
63,9,7,Cassava::RealV6_木薯_sample6,Cassava
63,9,8,Sorghum::RealV6_高粱_sample4,Sorghum
63,9,9,Cassava::RealV6_木薯_sample4,Cassava
63,12,1,Brown rice::RealV6_糙米_sample5,Brown rice
63,12,2,Rice bran::RealV6_米糠_sample3,Rice bran
63,12,3,Sorghum::RealV6_高粱_sample7,Sorghum
63,12,4,Sorghum::RealV6_高粱_sample5,Sorghum
63,12,5,Barley::RealV6_大麦_sample10,Barley
63,12,6,Cassava::RealV6_木薯_sample8,Cassava
63,12,7,Cassava::RealV6_木薯_sample6,Cassava
63,12,8,Sorghum::RealV6_高粱_sample4,Sorghum
63,12,9,Cassava::RealV6_木薯_sample4,Cassava
63,12,10,Cassava::RealV6_木薯_sample9,Cassava
63,12,11,Wheat::RealV6_小麦_sample2,Wheat
63,12,12,Barley::RealV6_大麦_sample3,Barley
64,3,1,Sorghum::RealV6_高粱_sample1,Sorghum
64,3,2,Wheat bran::RealV6_小麦麸_sample4,Wheat bran
64,3,3,Rice bran::RealV6_米糠_sample7,Rice bran
64,6,1,Sorghum::RealV6_高粱_sample1,Sorghum
64,6,2,Wheat bran::RealV6_小麦麸_sample4,Wheat bran
64,6,3,Rice bran::RealV6_米糠_sample7,Rice bran
64,6,4,Barley::RealV6_大麦_sample7,Barley
64,6,5,Brown rice::RealV6_糙米_sample1,Brown rice
64,6,6,Wheat bran::RealV6_小麦麸_sample10,Wheat bran
64,9,1,Sorghum::RealV6_高粱_sample1,Sorghum
64,9,2,Wheat bran::RealV6_小麦麸_sample4,Wheat bran
64,9,3,Rice bran::RealV6_米糠_sample7,Rice bran
64,9,4,Barley::RealV6_大麦_sample7,Barley
64,9,5,Brown rice::RealV6_糙米_sample1,Brown rice
64,9,6,Wheat bran::RealV6_小麦麸_sample10,Wheat bran
64,9,7,Paddy rice::RealV6_稻谷_sample11,Paddy rice
64,9,8,Rice bran::RealV6_米糠_sample5,Rice bran
64,9,9,Rapeseed cake::RealV6_菜籽饼_sample5,Rapeseed cake
64,12,1,Sorghum::RealV6_高粱_sample1,Sorghum
64,12,2,Wheat bran::RealV6_小麦麸_sample4,Wheat bran
64,12,3,Rice bran::RealV6_米糠_sample7,Rice bran
64,12,4,Barley::RealV6_大麦_sample7,Barley
64,12,5,Brown rice::RealV6_糙米_sample1,Brown rice
64,12,6,Wheat bran::RealV6_小麦麸_sample10,Wheat bran
64,12,7,Paddy rice::RealV6_稻谷_sample11,Paddy rice
64,12,8,Rice bran::RealV6_米糠_sample5,Rice bran
64,12,9,Rapeseed cake::RealV6_菜籽饼_sample5,Rapeseed cake
64,12,10,Rice bran::RealV6_米糠_sample8,Rice bran
64,12,11,Wheat::RealV6_小麦_sample1,Wheat
64,12,12,Cassava::RealV6_木薯_sample4,Cassava
65,3,1,Rice bran::RealV6_米糠_sample7,Rice bran
65,3,2,Barley::RealV6_大麦_sample6,Barley
65,3,3,Wheat::RealV6_小麦_sample6,Wheat
65,6,1,Rice bran::RealV6_米糠_sample7,Rice bran
65,6,2,Barley::RealV6_大麦_sample6,Barley
65,6,3,Wheat::RealV6_小麦_sample6,Wheat
65,6,4,Barley::RealV6_大麦_sample9,Barley
65,6,5,Rice bran::RealV6_米糠_sample8,Rice bran
65,6,6,Cassava::RealV6_木薯_sample2,Cassava
65,9,1,Rice bran::RealV6_米糠_sample7,Rice bran
65,9,2,Barley::RealV6_大麦_sample6,Barley
65,9,3,Wheat::RealV6_小麦_sample6,Wheat
65,9,4,Barley::RealV6_大麦_sample9,Barley
65,9,5,Rice bran::RealV6_米糠_sample8,Rice bran
65,9,6,Cassava::RealV6_木薯_sample2,Cassava
65,9,7,Sorghum::RealV6_高粱_sample9,Sorghum
65,9,8,Cassava::RealV6_木薯_sample7,Cassava
65,9,9,Paddy rice::RealV6_稻谷_sample4,Paddy rice
65,12,1,Rice bran::RealV6_米糠_sample7,Rice bran
65,12,2,Barley::RealV6_大麦_sample6,Barley
65,12,3,Wheat::RealV6_小麦_sample6,Wheat
65,12,4,Barley::RealV6_大麦_sample9,Barley
65,12,5,Rice bran::RealV6_米糠_sample8,Rice bran
65,12,6,Cassava::RealV6_木薯_sample2,Cassava
65,12,7,Sorghum::RealV6_高粱_sample9,Sorghum
65,12,8,Cassava::RealV6_木薯_sample7,Cassava
65,12,9,Paddy rice::RealV6_稻谷_sample4,Paddy rice
65,12,10,Paddy rice::RealV6_稻谷_sample5,Paddy rice
65,12,11,Wheat bran::RealV6_小麦麸_sample5,Wheat bran
65,12,12,Wheat bran::RealV6_小麦麸_sample2,Wheat bran
66,3,1,Brown rice::RealV6_糙米_sample7,Brown rice
66,3,2,Paddy rice::RealV6_稻谷_sample10,Paddy rice
66,3,3,Brown rice::RealV6_糙米_sample9,Brown rice
66,6,1,Brown rice::RealV6_糙米_sample7,Brown rice
66,6,2,Paddy rice::RealV6_稻谷_sample10,Paddy rice
66,6,3,Brown rice::RealV6_糙米_sample9,Brown rice
66,6,4,Barley::RealV6_大麦_sample5,Barley
66,6,5,Rice bran::RealV6_米糠_sample6,Rice bran
66,6,6,Wheat::RealV6_小麦_sample10,Wheat
66,9,1,Brown rice::RealV6_糙米_sample7,Brown rice
66,9,2,Paddy rice::RealV6_稻谷_sample10,Paddy rice
66,9,3,Brown rice::RealV6_糙米_sample9,Brown rice
66,9,4,Barley::RealV6_大麦_sample5,Barley
66,9,5,Rice bran::RealV6_米糠_sample6,Rice bran
66,9,6,Wheat::RealV6_小麦_sample10,Wheat
66,9,7,Rice bran::RealV6_米糠_sample1,Rice bran
66,9,8,Sorghum::RealV6_高粱_sample2,Sorghum
66,9,9,Cassava::RealV6_木薯_sample7,Cassava
66,12,1,Brown rice::RealV6_糙米_sample7,Brown rice
66,12,2,Paddy rice::RealV6_稻谷_sample10,Paddy rice
66,12,3,Brown rice::RealV6_糙米_sample9,Brown rice
66,12,4,Barley::RealV6_大麦_sample5,Barley
66,12,5,Rice bran::RealV6_米糠_sample6,Rice bran
66,12,6,Wheat::RealV6_小麦_sample10,Wheat
66,12,7,Rice bran::RealV6_米糠_sample1,Rice bran
66,12,8,Sorghum::RealV6_高粱_sample2,Sorghum
66,12,9,Cassava::RealV6_木薯_sample7,Cassava
66,12,10,Wheat::RealV6_小麦_sample2,Wheat
66,12,11,Paddy rice::RealV6_稻谷_sample6,Paddy rice
66,12,12,Rice bran::RealV6_米糠_sample10,Rice bran
67,3,1,Barley::RealV6_大麦_sample1,Barley
67,3,2,Sorghum::RealV6_高粱_sample3,Sorghum
67,3,3,Rapeseed cake::RealV6_菜籽饼_sample4,Rapeseed cake
67,6,1,Barley::RealV6_大麦_sample1,Barley
67,6,2,Sorghum::RealV6_高粱_sample3,Sorghum
67,6,3,Rapeseed cake::RealV6_菜籽饼_sample4,Rapeseed cake
67,6,4,Cassava::RealV6_木薯_sample10,Cassava
67,6,5,Wheat::RealV6_小麦_sample7,Wheat
67,6,6,Paddy rice::RealV6_稻谷_sample10,Paddy rice
67,9,1,Barley::RealV6_大麦_sample1,Barley
67,9,2,Sorghum::RealV6_高粱_sample3,Sorghum
67,9,3,Rapeseed cake::RealV6_菜籽饼_sample4,Rapeseed cake
67,9,4,Cassava::RealV6_木薯_sample10,Cassava
67,9,5,Wheat::RealV6_小麦_sample7,Wheat
67,9,6,Paddy rice::RealV6_稻谷_sample10,Paddy rice
67,9,7,Wheat::RealV6_小麦_sample5,Wheat
67,9,8,Paddy rice::RealV6_稻谷_sample11,Paddy rice
67,9,9,Sorghum::RealV6_高粱_sample8,Sorghum
67,12,1,Barley::RealV6_大麦_sample1,Barley
67,12,2,Sorghum::RealV6_高粱_sample3,Sorghum
67,12,3,Rapeseed cake::RealV6_菜籽饼_sample4,Rapeseed cake
67,12,4,Cassava::RealV6_木薯_sample10,Cassava
67,12,5,Wheat::RealV6_小麦_sample7,Wheat
67,12,6,Paddy rice::RealV6_稻谷_sample10,Paddy rice
67,12,7,Wheat::RealV6_小麦_sample5,Wheat
67,12,8,Paddy rice::RealV6_稻谷_sample11,Paddy rice
67,12,9,Sorghum::RealV6_高粱_sample8,Sorghum
67,12,10,Brown rice::RealV6_糙米_sample6,Brown rice
67,12,11,Rice bran::RealV6_米糠_sample8,Rice bran
67,12,12,Rice bran::RealV6_米糠_sample9,Rice bran
68,3,1,Wheat bran::RealV6_小麦麸_sample2,Wheat bran
68,3,2,Rapeseed cake::RealV6_菜籽饼_sample8,Rapeseed cake
68,3,3,Barley::RealV6_大麦_sample3,Barley
68,6,1,Wheat bran::RealV6_小麦麸_sample2,Wheat bran
68,6,2,Rapeseed cake::RealV6_菜籽饼_sample8,Rapeseed cake
68,6,3,Barley::RealV6_大麦_sample3,Barley
68,6,4,Sorghum::RealV6_高粱_sample9,Sorghum
68,6,5,Wheat::RealV6_小麦_sample6,Wheat
68,6,6,Brown rice::RealV6_糙米_sample9,Brown rice
68,9,1,Wheat bran::RealV6_小麦麸_sample2,Wheat bran
68,9,2,Rapeseed cake::RealV6_菜籽饼_sample8,Rapeseed cake
68,9,3,Barley::RealV6_大麦_sample3,Barley
68,9,4,Sorghum::RealV6_高粱_sample9,Sorghum
68,9,5,Wheat::RealV6_小麦_sample6,Wheat
68,9,6,Brown rice::RealV6_糙米_sample9,Brown rice
68,9,7,Brown rice::RealV6_糙米_sample6,Brown rice
68,9,8,Sorghum::RealV6_高粱_sample6,Sorghum
68,9,9,Brown rice::RealV6_糙米_sample2,Brown rice
68,12,1,Wheat bran::RealV6_小麦麸_sample2,Wheat bran
68,12,2,Rapeseed cake::RealV6_菜籽饼_sample8,Rapeseed cake
68,12,3,Barley::RealV6_大麦_sample3,Barley
68,12,4,Sorghum::RealV6_高粱_sample9,Sorghum
68,12,5,Wheat::RealV6_小麦_sample6,Wheat
68,12,6,Brown rice::RealV6_糙米_sample9,Brown rice
68,12,7,Brown rice::RealV6_糙米_sample6,Brown rice
68,12,8,Sorghum::RealV6_高粱_sample6,Sorghum
68,12,9,Brown rice::RealV6_糙米_sample2,Brown rice
68,12,10,Cassava::RealV6_木薯_sample4,Cassava
68,12,11,Rapeseed cake::RealV6_菜籽饼_sample3,Rapeseed cake
68,12,12,Rapeseed cake::RealV6_菜籽饼_sample6,Rapeseed cake
69,3,1,Sorghum::RealV6_高粱_sample5,Sorghum
69,3,2,Paddy rice::RealV6_稻谷_sample9,Paddy rice
69,3,3,Paddy rice::RealV6_稻谷_sample11,Paddy rice
69,6,1,Sorghum::RealV6_高粱_sample5,Sorghum
69,6,2,Paddy rice::RealV6_稻谷_sample9,Paddy rice
69,6,3,Paddy rice::RealV6_稻谷_sample11,Paddy rice
69,6,4,Wheat::RealV6_小麦_sample1,Wheat
69,6,5,Paddy rice::RealV6_稻谷_sample7,Paddy rice
69,6,6,Rapeseed cake::RealV6_菜籽饼_sample5,Rapeseed cake
69,9,1,Sorghum::RealV6_高粱_sample5,Sorghum
69,9,2,Paddy rice::RealV6_稻谷_sample9,Paddy rice
69,9,3,Paddy rice::RealV6_稻谷_sample11,Paddy rice
69,9,4,Wheat::RealV6_小麦_sample1,Wheat
69,9,5,Paddy rice::RealV6_稻谷_sample7,Paddy rice
69,9,6,Rapeseed cake::RealV6_菜籽饼_sample5,Rapeseed cake
69,9,7,Barley::RealV6_大麦_sample9,Barley
69,9,8,Rice bran::RealV6_米糠_sample3,Rice bran
69,9,9,Rapeseed cake::RealV6_菜籽饼_sample9,Rapeseed cake
69,12,1,Sorghum::RealV6_高粱_sample5,Sorghum
69,12,2,Paddy rice::RealV6_稻谷_sample9,Paddy rice
69,12,3,Paddy rice::RealV6_稻谷_sample11,Paddy rice
69,12,4,Wheat::RealV6_小麦_sample1,Wheat
69,12,5,Paddy rice::RealV6_稻谷_sample7,Paddy rice
69,12,6,Rapeseed cake::RealV6_菜籽饼_sample5,Rapeseed cake
69,12,7,Barley::RealV6_大麦_sample9,Barley
69,12,8,Rice bran::RealV6_米糠_sample3,Rice bran
69,12,9,Rapeseed cake::RealV6_菜籽饼_sample9,Rapeseed cake
69,12,10,Rice bran::RealV6_米糠_sample6,Rice bran
69,12,11,Wheat bran::RealV6_小麦麸_sample5,Wheat bran
69,12,12,Brown rice::RealV6_糙米_sample6,Brown rice
70,3,1,Sorghum::RealV6_高粱_sample9,Sorghum
70,3,2,Wheat::RealV6_小麦_sample8,Wheat
70,3,3,Rapeseed cake::RealV6_菜籽饼_sample6,Rapeseed cake
70,6,1,Sorghum::RealV6_高粱_sample9,Sorghum
70,6,2,Wheat::RealV6_小麦_sample8,Wheat
70,6,3,Rapeseed cake::RealV6_菜籽饼_sample6,Rapeseed cake
70,6,4,Barley::RealV6_大麦_sample2,Barley
70,6,5,Cassava::RealV6_木薯_sample8,Cassava
70,6,6,Barley::RealV6_大麦_sample3,Barley
70,9,1,Sorghum::RealV6_高粱_sample9,Sorghum
70,9,2,Wheat::RealV6_小麦_sample8,Wheat
70,9,3,Rapeseed cake::RealV6_菜籽饼_sample6,Rapeseed cake
70,9,4,Barley::RealV6_大麦_sample2,Barley
70,9,5,Cassava::RealV6_木薯_sample8,Cassava
70,9,6,Barley::RealV6_大麦_sample3,Barley
70,9,7,Paddy rice::RealV6_稻谷_sample4,Paddy rice
70,9,8,Sorghum::RealV6_高粱_sample10,Sorghum
70,9,9,Rice bran::RealV6_米糠_sample6,Rice bran
70,12,1,Sorghum::RealV6_高粱_sample9,Sorghum
70,12,2,Wheat::RealV6_小麦_sample8,Wheat
70,12,3,Rapeseed cake::RealV6_菜籽饼_sample6,Rapeseed cake
70,12,4,Barley::RealV6_大麦_sample2,Barley
70,12,5,Cassava::RealV6_木薯_sample8,Cassava
70,12,6,Barley::RealV6_大麦_sample3,Barley
70,12,7,Paddy rice::RealV6_稻谷_sample4,Paddy rice
70,12,8,Sorghum::RealV6_高粱_sample10,Sorghum
70,12,9,Rice bran::RealV6_米糠_sample6,Rice bran
70,12,10,Paddy rice::RealV6_稻谷_sample1,Paddy rice
70,12,11,Wheat bran::RealV6_小麦麸_sample4,Wheat bran
70,12,12,Wheat::RealV6_小麦_sample9,Wheat
71,3,1,Wheat::RealV6_小麦_sample2,Wheat
71,3,2,Wheat::RealV6_小麦_sample10,Wheat
71,3,3,Wheat bran::RealV6_小麦麸_sample7,Wheat bran
71,6,1,Wheat::RealV6_小麦_sample2,Wheat
71,6,2,Wheat::RealV6_小麦_sample10,Wheat
71,6,3,Wheat bran::RealV6_小麦麸_sample7,Wheat bran
71,6,4,Brown rice::RealV6_糙米_sample10,Brown rice
71,6,5,Brown rice::RealV6_糙米_sample9,Brown rice
71,6,6,Barley::RealV6_大麦_sample2,Barley
71,9,1,Wheat::RealV6_小麦_sample2,Wheat
71,9,2,Wheat::RealV6_小麦_sample10,Wheat
71,9,3,Wheat bran::RealV6_小麦麸_sample7,Wheat bran
71,9,4,Brown rice::RealV6_糙米_sample10,Brown rice
71,9,5,Brown rice::RealV6_糙米_sample9,Brown rice
71,9,6,Barley::RealV6_大麦_sample2,Barley
71,9,7,Cassava::RealV6_木薯_sample4,Cassava
71,9,8,Rice bran::RealV6_米糠_sample2,Rice bran
71,9,9,Rapeseed cake::RealV6_菜籽饼_sample3,Rapeseed cake
71,12,1,Wheat::RealV6_小麦_sample2,Wheat
71,12,2,Wheat::RealV6_小麦_sample10,Wheat
71,12,3,Wheat bran::RealV6_小麦麸_sample7,Wheat bran
71,12,4,Brown rice::RealV6_糙米_sample10,Brown rice
71,12,5,Brown rice::RealV6_糙米_sample9,Brown rice
71,12,6,Barley::RealV6_大麦_sample2,Barley
71,12,7,Cassava::RealV6_木薯_sample4,Cassava
71,12,8,Rice bran::RealV6_米糠_sample2,Rice bran
71,12,9,Rapeseed cake::RealV6_菜籽饼_sample3,Rapeseed cake
71,12,10,Brown rice::RealV6_糙米_sample8,Brown rice
71,12,11,Brown rice::RealV6_糙米_sample3,Brown rice
71,12,12,Paddy rice::RealV6_稻谷_sample3,Paddy rice
72,3,1,Cassava::RealV6_木薯_sample1,Cassava
72,3,2,Brown rice::RealV6_糙米_sample5,Brown rice
72,3,3,Brown rice::RealV6_糙米_sample4,Brown rice
72,6,1,Cassava::RealV6_木薯_sample1,Cassava
72,6,2,Brown rice::RealV6_糙米_sample5,Brown rice
72,6,3,Brown rice::RealV6_糙米_sample4,Brown rice
72,6,4,Rapeseed cake::RealV6_菜籽饼_sample5,Rapeseed cake
72,6,5,Paddy rice::RealV6_稻谷_sample4,Paddy rice
72,6,6,Wheat bran::RealV6_小麦麸_sample2,Wheat bran
72,9,1,Cassava::RealV6_木薯_sample1,Cassava
72,9,2,Brown rice::RealV6_糙米_sample5,Brown rice
72,9,3,Brown rice::RealV6_糙米_sample4,Brown rice
72,9,4,Rapeseed cake::RealV6_菜籽饼_sample5,Rapeseed cake
72,9,5,Paddy rice::RealV6_稻谷_sample4,Paddy rice
72,9,6,Wheat bran::RealV6_小麦麸_sample2,Wheat bran
72,9,7,Barley::RealV6_大麦_sample3,Barley
72,9,8,Rapeseed cake::RealV6_菜籽饼_sample6,Rapeseed cake
72,9,9,Cassava::RealV6_木薯_sample3,Cassava
72,12,1,Cassava::RealV6_木薯_sample1,Cassava
72,12,2,Brown rice::RealV6_糙米_sample5,Brown rice
72,12,3,Brown rice::RealV6_糙米_sample4,Brown rice
72,12,4,Rapeseed cake::RealV6_菜籽饼_sample5,Rapeseed cake
72,12,5,Paddy rice::RealV6_稻谷_sample4,Paddy rice
72,12,6,Wheat bran::RealV6_小麦麸_sample2,Wheat bran
72,12,7,Barley::RealV6_大麦_sample3,Barley
72,12,8,Rapeseed cake::RealV6_菜籽饼_sample6,Rapeseed cake
72,12,9,Cassava::RealV6_木薯_sample3,Cassava
72,12,10,Barley::RealV6_大麦_sample1,Barley
72,12,11,Rapeseed cake::RealV6_菜籽饼_sample2,Rapeseed cake
72,12,12,Barley::RealV6_大麦_sample8,Barley
73,3,1,Barley::RealV6_大麦_sample3,Barley
73,3,2,Rice bran::RealV6_米糠_sample4,Rice bran
73,3,3,Barley::RealV6_大麦_sample9,Barley
73,6,1,Barley::RealV6_大麦_sample3,Barley
73,6,2,Rice bran::RealV6_米糠_sample4,Rice bran
73,6,3,Barley::RealV6_大麦_sample9,Barley
73,6,4,Wheat bran::RealV6_小麦麸_sample2,Wheat bran
73,6,5,Brown rice::RealV6_糙米_sample8,Brown rice
73,6,6,Paddy rice::RealV6_稻谷_sample4,Paddy rice
73,9,1,Barley::RealV6_大麦_sample3,Barley
73,9,2,Rice bran::RealV6_米糠_sample4,Rice bran
73,9,3,Barley::RealV6_大麦_sample9,Barley
73,9,4,Wheat bran::RealV6_小麦麸_sample2,Wheat bran
73,9,5,Brown rice::RealV6_糙米_sample8,Brown rice
73,9,6,Paddy rice::RealV6_稻谷_sample4,Paddy rice
73,9,7,Rapeseed cake::RealV6_菜籽饼_sample10,Rapeseed cake
73,9,8,Brown rice::RealV6_糙米_sample1,Brown rice
73,9,9,Wheat::RealV6_小麦_sample3,Wheat
73,12,1,Barley::RealV6_大麦_sample3,Barley
73,12,2,Rice bran::RealV6_米糠_sample4,Rice bran
73,12,3,Barley::RealV6_大麦_sample9,Barley
73,12,4,Wheat bran::RealV6_小麦麸_sample2,Wheat bran
73,12,5,Brown rice::RealV6_糙米_sample8,Brown rice
73,12,6,Paddy rice::RealV6_稻谷_sample4,Paddy rice
73,12,7,Rapeseed cake::RealV6_菜籽饼_sample10,Rapeseed cake
73,12,8,Brown rice::RealV6_糙米_sample1,Brown rice
73,12,9,Wheat::RealV6_小麦_sample3,Wheat
73,12,10,Sorghum::RealV6_高粱_sample4,Sorghum
73,12,11,Sorghum::RealV6_高粱_sample10,Sorghum
73,12,12,Rapeseed cake::RealV6_菜籽饼_sample1,Rapeseed cake
74,3,1,Paddy rice::RealV6_稻谷_sample11,Paddy rice
74,3,2,Rapeseed cake::RealV6_菜籽饼_sample5,Rapeseed cake
74,3,3,Paddy rice::RealV6_稻谷_sample1,Paddy rice
74,6,1,Paddy rice::RealV6_稻谷_sample11,Paddy rice
74,6,2,Rapeseed cake::RealV6_菜籽饼_sample5,Rapeseed cake
74,6,3,Paddy rice::RealV6_稻谷_sample1,Paddy rice
74,6,4,Paddy rice::RealV6_稻谷_sample4,Paddy rice
74,6,5,Rice bran::RealV6_米糠_sample4,Rice bran
74,6,6,Wheat::RealV6_小麦_sample5,Wheat
74,9,1,Paddy rice::RealV6_稻谷_sample11,Paddy rice
74,9,2,Rapeseed cake::RealV6_菜籽饼_sample5,Rapeseed cake
74,9,3,Paddy rice::RealV6_稻谷_sample1,Paddy rice
74,9,4,Paddy rice::RealV6_稻谷_sample4,Paddy rice
74,9,5,Rice bran::RealV6_米糠_sample4,Rice bran
74,9,6,Wheat::RealV6_小麦_sample5,Wheat
74,9,7,Barley::RealV6_大麦_sample5,Barley
74,9,8,Wheat bran::RealV6_小麦麸_sample2,Wheat bran
74,9,9,Wheat::RealV6_小麦_sample3,Wheat
74,12,1,Paddy rice::RealV6_稻谷_sample11,Paddy rice
74,12,2,Rapeseed cake::RealV6_菜籽饼_sample5,Rapeseed cake
74,12,3,Paddy rice::RealV6_稻谷_sample1,Paddy rice
74,12,4,Paddy rice::RealV6_稻谷_sample4,Paddy rice
74,12,5,Rice bran::RealV6_米糠_sample4,Rice bran
74,12,6,Wheat::RealV6_小麦_sample5,Wheat
74,12,7,Barley::RealV6_大麦_sample5,Barley
74,12,8,Wheat bran::RealV6_小麦麸_sample2,Wheat bran
74,12,9,Wheat::RealV6_小麦_sample3,Wheat
74,12,10,Cassava::RealV6_木薯_sample9,Cassava
74,12,11,Barley::RealV6_大麦_sample9,Barley
74,12,12,Cassava::RealV6_木薯_sample6,Cassava
75,3,1,Rapeseed cake::RealV6_菜籽饼_sample7,Rapeseed cake
75,3,2,Wheat bran::RealV6_小麦麸_sample9,Wheat bran
75,3,3,Rapeseed cake::RealV6_菜籽饼_sample4,Rapeseed cake
75,6,1,Rapeseed cake::RealV6_菜籽饼_sample7,Rapeseed cake
75,6,2,Wheat bran::RealV6_小麦麸_sample9,Wheat bran
75,6,3,Rapeseed cake::RealV6_菜籽饼_sample4,Rapeseed cake
75,6,4,Cassava::RealV6_木薯_sample6,Cassava
75,6,5,Wheat::RealV6_小麦_sample3,Wheat
75,6,6,Wheat::RealV6_小麦_sample8,Wheat
75,9,1,Rapeseed cake::RealV6_菜籽饼_sample7,Rapeseed cake
75,9,2,Wheat bran::RealV6_小麦麸_sample9,Wheat bran
75,9,3,Rapeseed cake::RealV6_菜籽饼_sample4,Rapeseed cake
75,9,4,Cassava::RealV6_木薯_sample6,Cassava
75,9,5,Wheat::RealV6_小麦_sample3,Wheat
75,9,6,Wheat::RealV6_小麦_sample8,Wheat
75,9,7,Cassava::RealV6_木薯_sample7,Cassava
75,9,8,Rapeseed cake::RealV6_菜籽饼_sample8,Rapeseed cake
75,9,9,Wheat bran::RealV6_小麦麸_sample6,Wheat bran
75,12,1,Rapeseed cake::RealV6_菜籽饼_sample7,Rapeseed cake
75,12,2,Wheat bran::RealV6_小麦麸_sample9,Wheat bran
75,12,3,Rapeseed cake::RealV6_菜籽饼_sample4,Rapeseed cake
75,12,4,Cassava::RealV6_木薯_sample6,Cassava
75,12,5,Wheat::RealV6_小麦_sample3,Wheat
75,12,6,Wheat::RealV6_小麦_sample8,Wheat
75,12,7,Cassava::RealV6_木薯_sample7,Cassava
75,12,8,Rapeseed cake::RealV6_菜籽饼_sample8,Rapeseed cake
75,12,9,Wheat bran::RealV6_小麦麸_sample6,Wheat bran
75,12,10,Paddy rice::RealV6_稻谷_sample7,Paddy rice
75,12,11,Paddy rice::RealV6_稻谷_sample8,Paddy rice
75,12,12,Cassava::RealV6_木薯_sample3,Cassava
76,3,1,Rice bran::RealV6_米糠_sample9,Rice bran
76,3,2,Wheat::RealV6_小麦_sample2,Wheat
76,3,3,Wheat bran::RealV6_小麦麸_sample6,Wheat bran
76,6,1,Rice bran::RealV6_米糠_sample9,Rice bran
76,6,2,Wheat::RealV6_小麦_sample2,Wheat
76,6,3,Wheat bran::RealV6_小麦麸_sample6,Wheat bran
76,6,4,Rice bran::RealV6_米糠_sample7,Rice bran
76,6,5,Barley::RealV6_大麦_sample5,Barley
76,6,6,Wheat::RealV6_小麦_sample7,Wheat
76,9,1,Rice bran::RealV6_米糠_sample9,Rice bran
76,9,2,Wheat::RealV6_小麦_sample2,Wheat
76,9,3,Wheat bran::RealV6_小麦麸_sample6,Wheat bran
76,9,4,Rice bran::RealV6_米糠_sample7,Rice bran
76,9,5,Barley::RealV6_大麦_sample5,Barley
76,9,6,Wheat::RealV6_小麦_sample7,Wheat
76,9,7,Sorghum::RealV6_高粱_sample10,Sorghum
76,9,8,Rapeseed cake::RealV6_菜籽饼_sample2,Rapeseed cake
76,9,9,Wheat bran::RealV6_小麦麸_sample3,Wheat bran
76,12,1,Rice bran::RealV6_米糠_sample9,Rice bran
76,12,2,Wheat::RealV6_小麦_sample2,Wheat
76,12,3,Wheat bran::RealV6_小麦麸_sample6,Wheat bran
76,12,4,Rice bran::RealV6_米糠_sample7,Rice bran
76,12,5,Barley::RealV6_大麦_sample5,Barley
76,12,6,Wheat::RealV6_小麦_sample7,Wheat
76,12,7,Sorghum::RealV6_高粱_sample10,Sorghum
76,12,8,Rapeseed cake::RealV6_菜籽饼_sample2,Rapeseed cake
76,12,9,Wheat bran::RealV6_小麦麸_sample3,Wheat bran
76,12,10,Brown rice::RealV6_糙米_sample6,Brown rice
76,12,11,Rapeseed cake::RealV6_菜籽饼_sample7,Rapeseed cake
76,12,12,Paddy rice::RealV6_稻谷_sample6,Paddy rice
77,3,1,Paddy rice::RealV6_稻谷_sample11,Paddy rice
77,3,2,Rice bran::RealV6_米糠_sample2,Rice bran
77,3,3,Cassava::RealV6_木薯_sample1,Cassava
77,6,1,Paddy rice::RealV6_稻谷_sample11,Paddy rice
77,6,2,Rice bran::RealV6_米糠_sample2,Rice bran
77,6,3,Cassava::RealV6_木薯_sample1,Cassava
77,6,4,Rapeseed cake::RealV6_菜籽饼_sample4,Rapeseed cake
77,6,5,Rice bran::RealV6_米糠_sample3,Rice bran
77,6,6,Wheat::RealV6_小麦_sample5,Wheat
77,9,1,Paddy rice::RealV6_稻谷_sample11,Paddy rice
77,9,2,Rice bran::RealV6_米糠_sample2,Rice bran
77,9,3,Cassava::RealV6_木薯_sample1,Cassava
77,9,4,Rapeseed cake::RealV6_菜籽饼_sample4,Rapeseed cake
77,9,5,Rice bran::RealV6_米糠_sample3,Rice bran
77,9,6,Wheat::RealV6_小麦_sample5,Wheat
77,9,7,Brown rice::RealV6_糙米_sample9,Brown rice
77,9,8,Paddy rice::RealV6_稻谷_sample2,Paddy rice
77,9,9,Wheat bran::RealV6_小麦麸_sample8,Wheat bran
77,12,1,Paddy rice::RealV6_稻谷_sample11,Paddy rice
77,12,2,Rice bran::RealV6_米糠_sample2,Rice bran
77,12,3,Cassava::RealV6_木薯_sample1,Cassava
77,12,4,Rapeseed cake::RealV6_菜籽饼_sample4,Rapeseed cake
77,12,5,Rice bran::RealV6_米糠_sample3,Rice bran
77,12,6,Wheat::RealV6_小麦_sample5,Wheat
77,12,7,Brown rice::RealV6_糙米_sample9,Brown rice
77,12,8,Paddy rice::RealV6_稻谷_sample2,Paddy rice
77,12,9,Wheat bran::RealV6_小麦麸_sample8,Wheat bran
77,12,10,Paddy rice::RealV6_稻谷_sample8,Paddy rice
77,12,11,Wheat::RealV6_小麦_sample1,Wheat
77,12,12,Wheat::RealV6_小麦_sample7,Wheat
78,3,1,Barley::RealV6_大麦_sample7,Barley
78,3,2,Rapeseed cake::RealV6_菜籽饼_sample6,Rapeseed cake
78,3,3,Rapeseed cake::RealV6_菜籽饼_sample9,Rapeseed cake
78,6,1,Barley::RealV6_大麦_sample7,Barley
78,6,2,Rapeseed cake::RealV6_菜籽饼_sample6,Rapeseed cake
78,6,3,Rapeseed cake::RealV6_菜籽饼_sample9,Rapeseed cake
78,6,4,Wheat bran::RealV6_小麦麸_sample3,Wheat bran
78,6,5,Sorghum::RealV6_高粱_sample8,Sorghum
78,6,6,Paddy rice::RealV6_稻谷_sample5,Paddy rice
78,9,1,Barley::RealV6_大麦_sample7,Barley
78,9,2,Rapeseed cake::RealV6_菜籽饼_sample6,Rapeseed cake
78,9,3,Rapeseed cake::RealV6_菜籽饼_sample9,Rapeseed cake
78,9,4,Wheat bran::RealV6_小麦麸_sample3,Wheat bran
78,9,5,Sorghum::RealV6_高粱_sample8,Sorghum
78,9,6,Paddy rice::RealV6_稻谷_sample5,Paddy rice
78,9,7,Paddy rice::RealV6_稻谷_sample8,Paddy rice
78,9,8,Rice bran::RealV6_米糠_sample6,Rice bran
78,9,9,Barley::RealV6_大麦_sample4,Barley
78,12,1,Barley::RealV6_大麦_sample7,Barley
78,12,2,Rapeseed cake::RealV6_菜籽饼_sample6,Rapeseed cake
78,12,3,Rapeseed cake::RealV6_菜籽饼_sample9,Rapeseed cake
78,12,4,Wheat bran::RealV6_小麦麸_sample3,Wheat bran
78,12,5,Sorghum::RealV6_高粱_sample8,Sorghum
78,12,6,Paddy rice::RealV6_稻谷_sample5,Paddy rice
78,12,7,Paddy rice::RealV6_稻谷_sample8,Paddy rice
78,12,8,Rice bran::RealV6_米糠_sample6,Rice bran
78,12,9,Barley::RealV6_大麦_sample4,Barley
78,12,10,Paddy rice::RealV6_稻谷_sample3,Paddy rice
78,12,11,Barley::RealV6_大麦_sample1,Barley
78,12,12,Cassava::RealV6_木薯_sample6,Cassava
79,3,1,Brown rice::RealV6_糙米_sample2,Brown rice
79,3,2,Wheat::RealV6_小麦_sample2,Wheat
79,3,3,Barley::RealV6_大麦_sample1,Barley
79,6,1,Brown rice::RealV6_糙米_sample2,Brown rice
79,6,2,Wheat::RealV6_小麦_sample2,Wheat
79,6,3,Barley::RealV6_大麦_sample1,Barley
79,6,4,Rice bran::RealV6_米糠_sample1,Rice bran
79,6,5,Brown rice::RealV6_糙米_sample3,Brown rice
79,6,6,Sorghum::RealV6_高粱_sample6,Sorghum
79,9,1,Brown rice::RealV6_糙米_sample2,Brown rice
79,9,2,Wheat::RealV6_小麦_sample2,Wheat
79,9,3,Barley::RealV6_大麦_sample1,Barley
79,9,4,Rice bran::RealV6_米糠_sample1,Rice bran
79,9,5,Brown rice::RealV6_糙米_sample3,Brown rice
79,9,6,Sorghum::RealV6_高粱_sample6,Sorghum
79,9,7,Rice bran::RealV6_米糠_sample7,Rice bran
79,9,8,Paddy rice::RealV6_稻谷_sample9,Paddy rice
79,9,9,Wheat::RealV6_小麦_sample5,Wheat
79,12,1,Brown rice::RealV6_糙米_sample2,Brown rice
79,12,2,Wheat::RealV6_小麦_sample2,Wheat
79,12,3,Barley::RealV6_大麦_sample1,Barley
79,12,4,Rice bran::RealV6_米糠_sample1,Rice bran
79,12,5,Brown rice::RealV6_糙米_sample3,Brown rice
79,12,6,Sorghum::RealV6_高粱_sample6,Sorghum
79,12,7,Rice bran::RealV6_米糠_sample7,Rice bran
79,12,8,Paddy rice::RealV6_稻谷_sample9,Paddy rice
79,12,9,Wheat::RealV6_小麦_sample5,Wheat
79,12,10,Rapeseed cake::RealV6_菜籽饼_sample9,Rapeseed cake
79,12,11,Sorghum::RealV6_高粱_sample1,Sorghum
79,12,12,Sorghum::RealV6_高粱_sample5,Sorghum
80,3,1,Rapeseed cake::RealV6_菜籽饼_sample9,Rapeseed cake
80,3,2,Rapeseed cake::RealV6_菜籽饼_sample4,Rapeseed cake
80,3,3,Brown rice::RealV6_糙米_sample3,Brown rice
80,6,1,Rapeseed cake::RealV6_菜籽饼_sample9,Rapeseed cake
80,6,2,Rapeseed cake::RealV6_菜籽饼_sample4,Rapeseed cake
80,6,3,Brown rice::RealV6_糙米_sample3,Brown rice
80,6,4,Brown rice::RealV6_糙米_sample1,Brown rice
80,6,5,Rapeseed cake::RealV6_菜籽饼_sample6,Rapeseed cake
80,6,6,Sorghum::RealV6_高粱_sample3,Sorghum
80,9,1,Rapeseed cake::RealV6_菜籽饼_sample9,Rapeseed cake
80,9,2,Rapeseed cake::RealV6_菜籽饼_sample4,Rapeseed cake
80,9,3,Brown rice::RealV6_糙米_sample3,Brown rice
80,9,4,Brown rice::RealV6_糙米_sample1,Brown rice
80,9,5,Rapeseed cake::RealV6_菜籽饼_sample6,Rapeseed cake
80,9,6,Sorghum::RealV6_高粱_sample3,Sorghum
80,9,7,Cassava::RealV6_木薯_sample7,Cassava
80,9,8,Sorghum::RealV6_高粱_sample8,Sorghum
80,9,9,Paddy rice::RealV6_稻谷_sample7,Paddy rice
80,12,1,Rapeseed cake::RealV6_菜籽饼_sample9,Rapeseed cake
80,12,2,Rapeseed cake::RealV6_菜籽饼_sample4,Rapeseed cake
80,12,3,Brown rice::RealV6_糙米_sample3,Brown rice
80,12,4,Brown rice::RealV6_糙米_sample1,Brown rice
80,12,5,Rapeseed cake::RealV6_菜籽饼_sample6,Rapeseed cake
80,12,6,Sorghum::RealV6_高粱_sample3,Sorghum
80,12,7,Cassava::RealV6_木薯_sample7,Cassava
80,12,8,Sorghum::RealV6_高粱_sample8,Sorghum
80,12,9,Paddy rice::RealV6_稻谷_sample7,Paddy rice
80,12,10,Paddy rice::RealV6_稻谷_sample2,Paddy rice
80,12,11,Wheat::RealV6_小麦_sample5,Wheat
80,12,12,Brown rice::RealV6_糙米_sample8,Brown rice
81,3,1,Brown rice::RealV6_糙米_sample4,Brown rice
81,3,2,Cassava::RealV6_木薯_sample6,Cassava
81,3,3,Sorghum::RealV6_高粱_sample5,Sorghum
81,6,1,Brown rice::RealV6_糙米_sample4,Brown rice
81,6,2,Cassava::RealV6_木薯_sample6,Cassava
81,6,3,Sorghum::RealV6_高粱_sample5,Sorghum
81,6,4,Rice bran::RealV6_米糠_sample7,Rice bran
81,6,5,Sorghum::RealV6_高粱_sample3,Sorghum
81,6,6,Rapeseed cake::RealV6_菜籽饼_sample9,Rapeseed cake
81,9,1,Brown rice::RealV6_糙米_sample4,Brown rice
81,9,2,Cassava::RealV6_木薯_sample6,Cassava
81,9,3,Sorghum::RealV6_高粱_sample5,Sorghum
81,9,4,Rice bran::RealV6_米糠_sample7,Rice bran
81,9,5,Sorghum::RealV6_高粱_sample3,Sorghum
81,9,6,Rapeseed cake::RealV6_菜籽饼_sample9,Rapeseed cake
81,9,7,Wheat bran::RealV6_小麦麸_sample5,Wheat bran
81,9,8,Wheat bran::RealV6_小麦麸_sample10,Wheat bran
81,9,9,Rapeseed cake::RealV6_菜籽饼_sample2,Rapeseed cake
81,12,1,Brown rice::RealV6_糙米_sample4,Brown rice
81,12,2,Cassava::RealV6_木薯_sample6,Cassava
81,12,3,Sorghum::RealV6_高粱_sample5,Sorghum
81,12,4,Rice bran::RealV6_米糠_sample7,Rice bran
81,12,5,Sorghum::RealV6_高粱_sample3,Sorghum
81,12,6,Rapeseed cake::RealV6_菜籽饼_sample9,Rapeseed cake
81,12,7,Wheat bran::RealV6_小麦麸_sample5,Wheat bran
81,12,8,Wheat bran::RealV6_小麦麸_sample10,Wheat bran
81,12,9,Rapeseed cake::RealV6_菜籽饼_sample2,Rapeseed cake
81,12,10,Sorghum::RealV6_高粱_sample7,Sorghum
81,12,11,Barley::RealV6_大麦_sample8,Barley
81,12,12,Barley::RealV6_大麦_sample1,Barley
82,3,1,Wheat bran::RealV6_小麦麸_sample10,Wheat bran
82,3,2,Rapeseed cake::RealV6_菜籽饼_sample4,Rapeseed cake
82,3,3,Sorghum::RealV6_高粱_sample8,Sorghum
82,6,1,Wheat bran::RealV6_小麦麸_sample10,Wheat bran
82,6,2,Rapeseed cake::RealV6_菜籽饼_sample4,Rapeseed cake
82,6,3,Sorghum::RealV6_高粱_sample8,Sorghum
82,6,4,Wheat::RealV6_小麦_sample3,Wheat
82,6,5,Rapeseed cake::RealV6_菜籽饼_sample9,Rapeseed cake
82,6,6,Wheat bran::RealV6_小麦麸_sample9,Wheat bran
82,9,1,Wheat bran::RealV6_小麦麸_sample10,Wheat bran
82,9,2,Rapeseed cake::RealV6_菜籽饼_sample4,Rapeseed cake
82,9,3,Sorghum::RealV6_高粱_sample8,Sorghum
82,9,4,Wheat::RealV6_小麦_sample3,Wheat
82,9,5,Rapeseed cake::RealV6_菜籽饼_sample9,Rapeseed cake
82,9,6,Wheat bran::RealV6_小麦麸_sample9,Wheat bran
82,9,7,Rice bran::RealV6_米糠_sample1,Rice bran
82,9,8,Brown rice::RealV6_糙米_sample3,Brown rice
82,9,9,Wheat bran::RealV6_小麦麸_sample8,Wheat bran
82,12,1,Wheat bran::RealV6_小麦麸_sample10,Wheat bran
82,12,2,Rapeseed cake::RealV6_菜籽饼_sample4,Rapeseed cake
82,12,3,Sorghum::RealV6_高粱_sample8,Sorghum
82,12,4,Wheat::RealV6_小麦_sample3,Wheat
82,12,5,Rapeseed cake::RealV6_菜籽饼_sample9,Rapeseed cake
82,12,6,Wheat bran::RealV6_小麦麸_sample9,Wheat bran
82,12,7,Rice bran::RealV6_米糠_sample1,Rice bran
82,12,8,Brown rice::RealV6_糙米_sample3,Brown rice
82,12,9,Wheat bran::RealV6_小麦麸_sample8,Wheat bran
82,12,10,Sorghum::RealV6_高粱_sample7,Sorghum
82,12,11,Paddy rice::RealV6_稻谷_sample3,Paddy rice
82,12,12,Rapeseed cake::RealV6_菜籽饼_sample3,Rapeseed cake
83,3,1,Wheat bran::RealV6_小麦麸_sample1,Wheat bran
83,3,2,Rapeseed cake::RealV6_菜籽饼_sample1,Rapeseed cake
83,3,3,Barley::RealV6_大麦_sample8,Barley
83,6,1,Wheat bran::RealV6_小麦麸_sample1,Wheat bran
83,6,2,Rapeseed cake::RealV6_菜籽饼_sample1,Rapeseed cake
83,6,3,Barley::RealV6_大麦_sample8,Barley
83,6,4,Rice bran::RealV6_米糠_sample4,Rice bran
83,6,5,Barley::RealV6_大麦_sample9,Barley
83,6,6,Barley::RealV6_大麦_sample3,Barley
83,9,1,Wheat bran::RealV6_小麦麸_sample1,Wheat bran
83,9,2,Rapeseed cake::RealV6_菜籽饼_sample1,Rapeseed cake
83,9,3,Barley::RealV6_大麦_sample8,Barley
83,9,4,Rice bran::RealV6_米糠_sample4,Rice bran
83,9,5,Barley::RealV6_大麦_sample9,Barley
83,9,6,Barley::RealV6_大麦_sample3,Barley
83,9,7,Paddy rice::RealV6_稻谷_sample3,Paddy rice
83,9,8,Rapeseed cake::RealV6_菜籽饼_sample2,Rapeseed cake
83,9,9,Sorghum::RealV6_高粱_sample8,Sorghum
83,12,1,Wheat bran::RealV6_小麦麸_sample1,Wheat bran
83,12,2,Rapeseed cake::RealV6_菜籽饼_sample1,Rapeseed cake
83,12,3,Barley::RealV6_大麦_sample8,Barley
83,12,4,Rice bran::RealV6_米糠_sample4,Rice bran
83,12,5,Barley::RealV6_大麦_sample9,Barley
83,12,6,Barley::RealV6_大麦_sample3,Barley
83,12,7,Paddy rice::RealV6_稻谷_sample3,Paddy rice
83,12,8,Rapeseed cake::RealV6_菜籽饼_sample2,Rapeseed cake
83,12,9,Sorghum::RealV6_高粱_sample8,Sorghum
83,12,10,Cassava::RealV6_木薯_sample2,Cassava
83,12,11,Wheat bran::RealV6_小麦麸_sample4,Wheat bran
83,12,12,Rapeseed cake::RealV6_菜籽饼_sample3,Rapeseed cake
84,3,1,Sorghum::RealV6_高粱_sample2,Sorghum
84,3,2,Wheat bran::RealV6_小麦麸_sample5,Wheat bran
84,3,3,Brown rice::RealV6_糙米_sample3,Brown rice
84,6,1,Sorghum::RealV6_高粱_sample2,Sorghum
84,6,2,Wheat bran::RealV6_小麦麸_sample5,Wheat bran
84,6,3,Brown rice::RealV6_糙米_sample3,Brown rice
84,6,4,Rice bran::RealV6_米糠_sample1,Rice bran
84,6,5,Rapeseed cake::RealV6_菜籽饼_sample9,Rapeseed cake
84,6,6,Paddy rice::RealV6_稻谷_sample3,Paddy rice
84,9,1,Sorghum::RealV6_高粱_sample2,Sorghum
84,9,2,Wheat bran::RealV6_小麦麸_sample5,Wheat bran
84,9,3,Brown rice::RealV6_糙米_sample3,Brown rice
84,9,4,Rice bran::RealV6_米糠_sample1,Rice bran
84,9,5,Rapeseed cake::RealV6_菜籽饼_sample9,Rapeseed cake
84,9,6,Paddy rice::RealV6_稻谷_sample3,Paddy rice
84,9,7,Brown rice::RealV6_糙米_sample2,Brown rice
84,9,8,Rapeseed cake::RealV6_菜籽饼_sample5,Rapeseed cake
84,9,9,Sorghum::RealV6_高粱_sample8,Sorghum
84,12,1,Sorghum::RealV6_高粱_sample2,Sorghum
84,12,2,Wheat bran::RealV6_小麦麸_sample5,Wheat bran
84,12,3,Brown rice::RealV6_糙米_sample3,Brown rice
84,12,4,Rice bran::RealV6_米糠_sample1,Rice bran
84,12,5,Rapeseed cake::RealV6_菜籽饼_sample9,Rapeseed cake
84,12,6,Paddy rice::RealV6_稻谷_sample3,Paddy rice
84,12,7,Brown rice::RealV6_糙米_sample2,Brown rice
84,12,8,Rapeseed cake::RealV6_菜籽饼_sample5,Rapeseed cake
84,12,9,Sorghum::RealV6_高粱_sample8,Sorghum
84,12,10,Rice bran::RealV6_米糠_sample7,Rice bran
84,12,11,Brown rice::RealV6_糙米_sample9,Brown rice
84,12,12,Paddy rice::RealV6_稻谷_sample8,Paddy rice
85,3,1,Rice bran::RealV6_米糠_sample10,Rice bran
85,3,2,Rice bran::RealV6_米糠_sample9,Rice bran
85,3,3,Rapeseed cake::RealV6_菜籽饼_sample8,Rapeseed cake
85,6,1,Rice bran::RealV6_米糠_sample10,Rice bran
85,6,2,Rice bran::RealV6_米糠_sample9,Rice bran
85,6,3,Rapeseed cake::RealV6_菜籽饼_sample8,Rapeseed cake
85,6,4,Paddy rice::RealV6_稻谷_sample7,Paddy rice
85,6,5,Wheat::RealV6_小麦_sample5,Wheat
85,6,6,Cassava::RealV6_木薯_sample8,Cassava
85,9,1,Rice bran::RealV6_米糠_sample10,Rice bran
85,9,2,Rice bran::RealV6_米糠_sample9,Rice bran
85,9,3,Rapeseed cake::RealV6_菜籽饼_sample8,Rapeseed cake
85,9,4,Paddy rice::RealV6_稻谷_sample7,Paddy rice
85,9,5,Wheat::RealV6_小麦_sample5,Wheat
85,9,6,Cassava::RealV6_木薯_sample8,Cassava
85,9,7,Brown rice::RealV6_糙米_sample3,Brown rice
85,9,8,Wheat::RealV6_小麦_sample8,Wheat
85,9,9,Brown rice::RealV6_糙米_sample9,Brown rice
85,12,1,Rice bran::RealV6_米糠_sample10,Rice bran
85,12,2,Rice bran::RealV6_米糠_sample9,Rice bran
85,12,3,Rapeseed cake::RealV6_菜籽饼_sample8,Rapeseed cake
85,12,4,Paddy rice::RealV6_稻谷_sample7,Paddy rice
85,12,5,Wheat::RealV6_小麦_sample5,Wheat
85,12,6,Cassava::RealV6_木薯_sample8,Cassava
85,12,7,Brown rice::RealV6_糙米_sample3,Brown rice
85,12,8,Wheat::RealV6_小麦_sample8,Wheat
85,12,9,Brown rice::RealV6_糙米_sample9,Brown rice
85,12,10,Barley::RealV6_大麦_sample3,Barley
85,12,11,Cassava::RealV6_木薯_sample1,Cassava
85,12,12,Barley::RealV6_大麦_sample4,Barley
86,3,1,Brown rice::RealV6_糙米_sample6,Brown rice
86,3,2,Barley::RealV6_大麦_sample5,Barley
86,3,3,Wheat::RealV6_小麦_sample2,Wheat
86,6,1,Brown rice::RealV6_糙米_sample6,Brown rice
86,6,2,Barley::RealV6_大麦_sample5,Barley
86,6,3,Wheat::RealV6_小麦_sample2,Wheat
86,6,4,Rice bran::RealV6_米糠_sample6,Rice bran
86,6,5,Wheat::RealV6_小麦_sample4,Wheat
86,6,6,Rapeseed cake::RealV6_菜籽饼_sample5,Rapeseed cake
86,9,1,Brown rice::RealV6_糙米_sample6,Brown rice
86,9,2,Barley::RealV6_大麦_sample5,Barley
86,9,3,Wheat::RealV6_小麦_sample2,Wheat
86,9,4,Rice bran::RealV6_米糠_sample6,Rice bran
86,9,5,Wheat::RealV6_小麦_sample4,Wheat
86,9,6,Rapeseed cake::RealV6_菜籽饼_sample5,Rapeseed cake
86,9,7,Barley::RealV6_大麦_sample4,Barley
86,9,8,Wheat bran::RealV6_小麦麸_sample5,Wheat bran
86,9,9,Wheat::RealV6_小麦_sample3,Wheat
86,12,1,Brown rice::RealV6_糙米_sample6,Brown rice
86,12,2,Barley::RealV6_大麦_sample5,Barley
86,12,3,Wheat::RealV6_小麦_sample2,Wheat
86,12,4,Rice bran::RealV6_米糠_sample6,Rice bran
86,12,5,Wheat::RealV6_小麦_sample4,Wheat
86,12,6,Rapeseed cake::RealV6_菜籽饼_sample5,Rapeseed cake
86,12,7,Barley::RealV6_大麦_sample4,Barley
86,12,8,Wheat bran::RealV6_小麦麸_sample5,Wheat bran
86,12,9,Wheat::RealV6_小麦_sample3,Wheat
86,12,10,Wheat bran::RealV6_小麦麸_sample4,Wheat bran
86,12,11,Brown rice::RealV6_糙米_sample9,Brown rice
86,12,12,Rapeseed cake::RealV6_菜籽饼_sample2,Rapeseed cake
87,3,1,Cassava::RealV6_木薯_sample9,Cassava
87,3,2,Sorghum::RealV6_高粱_sample2,Sorghum
87,3,3,Wheat bran::RealV6_小麦麸_sample9,Wheat bran
87,6,1,Cassava::RealV6_木薯_sample9,Cassava
87,6,2,Sorghum::RealV6_高粱_sample2,Sorghum
87,6,3,Wheat bran::RealV6_小麦麸_sample9,Wheat bran
87,6,4,Rapeseed cake::RealV6_菜籽饼_sample9,Rapeseed cake
87,6,5,Wheat bran::RealV6_小麦麸_sample3,Wheat bran
87,6,6,Wheat::RealV6_小麦_sample7,Wheat
87,9,1,Cassava::RealV6_木薯_sample9,Cassava
87,9,2,Sorghum::RealV6_高粱_sample2,Sorghum
87,9,3,Wheat bran::RealV6_小麦麸_sample9,Wheat bran
87,9,4,Rapeseed cake::RealV6_菜籽饼_sample9,Rapeseed cake
87,9,5,Wheat bran::RealV6_小麦麸_sample3,Wheat bran
87,9,6,Wheat::RealV6_小麦_sample7,Wheat
87,9,7,Rice bran::RealV6_米糠_sample10,Rice bran
87,9,8,Rice bran::RealV6_米糠_sample6,Rice bran
87,9,9,Paddy rice::RealV6_稻谷_sample7,Paddy rice
87,12,1,Cassava::RealV6_木薯_sample9,Cassava
87,12,2,Sorghum::RealV6_高粱_sample2,Sorghum
87,12,3,Wheat bran::RealV6_小麦麸_sample9,Wheat bran
87,12,4,Rapeseed cake::RealV6_菜籽饼_sample9,Rapeseed cake
87,12,5,Wheat bran::RealV6_小麦麸_sample3,Wheat bran
87,12,6,Wheat::RealV6_小麦_sample7,Wheat
87,12,7,Rice bran::RealV6_米糠_sample10,Rice bran
87,12,8,Rice bran::RealV6_米糠_sample6,Rice bran
87,12,9,Paddy rice::RealV6_稻谷_sample7,Paddy rice
87,12,10,Wheat bran::RealV6_小麦麸_sample7,Wheat bran
87,12,11,Rice bran::RealV6_米糠_sample1,Rice bran
87,12,12,Cassava::RealV6_木薯_sample4,Cassava
88,3,1,Wheat bran::RealV6_小麦麸_sample1,Wheat bran
88,3,2,Cassava::RealV6_木薯_sample9,Cassava
88,3,3,Rapeseed cake::RealV6_菜籽饼_sample1,Rapeseed cake
88,6,1,Wheat bran::RealV6_小麦麸_sample1,Wheat bran
88,6,2,Cassava::RealV6_木薯_sample9,Cassava
88,6,3,Rapeseed cake::RealV6_菜籽饼_sample1,Rapeseed cake
88,6,4,Sorghum::RealV6_高粱_sample9,Sorghum
88,6,5,Paddy rice::RealV6_稻谷_sample3,Paddy rice
88,6,6,Brown rice::RealV6_糙米_sample10,Brown rice
88,9,1,Wheat bran::RealV6_小麦麸_sample1,Wheat bran
88,9,2,Cassava::RealV6_木薯_sample9,Cassava
88,9,3,Rapeseed cake::RealV6_菜籽饼_sample1,Rapeseed cake
88,9,4,Sorghum::RealV6_高粱_sample9,Sorghum
88,9,5,Paddy rice::RealV6_稻谷_sample3,Paddy rice
88,9,6,Brown rice::RealV6_糙米_sample10,Brown rice
88,9,7,Wheat::RealV6_小麦_sample4,Wheat
88,9,8,Sorghum::RealV6_高粱_sample5,Sorghum
88,9,9,Paddy rice::RealV6_稻谷_sample4,Paddy rice
88,12,1,Wheat bran::RealV6_小麦麸_sample1,Wheat bran
88,12,2,Cassava::RealV6_木薯_sample9,Cassava
88,12,3,Rapeseed cake::RealV6_菜籽饼_sample1,Rapeseed cake
88,12,4,Sorghum::RealV6_高粱_sample9,Sorghum
88,12,5,Paddy rice::RealV6_稻谷_sample3,Paddy rice
88,12,6,Brown rice::RealV6_糙米_sample10,Brown rice
88,12,7,Wheat::RealV6_小麦_sample4,Wheat
88,12,8,Sorghum::RealV6_高粱_sample5,Sorghum
88,12,9,Paddy rice::RealV6_稻谷_sample4,Paddy rice
88,12,10,Paddy rice::RealV6_稻谷_sample10,Paddy rice
88,12,11,Rice bran::RealV6_米糠_sample7,Rice bran
88,12,12,Sorghum::RealV6_高粱_sample6,Sorghum
89,3,1,Rice bran::RealV6_米糠_sample4,Rice bran
89,3,2,Brown rice::RealV6_糙米_sample2,Brown rice
89,3,3,Cassava::RealV6_木薯_sample9,Cassava
89,6,1,Rice bran::RealV6_米糠_sample4,Rice bran
89,6,2,Brown rice::RealV6_糙米_sample2,Brown rice
89,6,3,Cassava::RealV6_木薯_sample9,Cassava
89,6,4,Paddy rice::RealV6_稻谷_sample11,Paddy rice
89,6,5,Brown rice::RealV6_糙米_sample10,Brown rice
89,6,6,Cassava::RealV6_木薯_sample5,Cassava
89,9,1,Rice bran::RealV6_米糠_sample4,Rice bran
89,9,2,Brown rice::RealV6_糙米_sample2,Brown rice
89,9,3,Cassava::RealV6_木薯_sample9,Cassava
89,9,4,Paddy rice::RealV6_稻谷_sample11,Paddy rice
89,9,5,Brown rice::RealV6_糙米_sample10,Brown rice
89,9,6,Cassava::RealV6_木薯_sample5,Cassava
89,9,7,Barley::RealV6_大麦_sample6,Barley
89,9,8,Brown rice::RealV6_糙米_sample3,Brown rice
89,9,9,Barley::RealV6_大麦_sample7,Barley
89,12,1,Rice bran::RealV6_米糠_sample4,Rice bran
89,12,2,Brown rice::RealV6_糙米_sample2,Brown rice
89,12,3,Cassava::RealV6_木薯_sample9,Cassava
89,12,4,Paddy rice::RealV6_稻谷_sample11,Paddy rice
89,12,5,Brown rice::RealV6_糙米_sample10,Brown rice
89,12,6,Cassava::RealV6_木薯_sample5,Cassava
89,12,7,Barley::RealV6_大麦_sample6,Barley
89,12,8,Brown rice::RealV6_糙米_sample3,Brown rice
89,12,9,Barley::RealV6_大麦_sample7,Barley
89,12,10,Cassava::RealV6_木薯_sample2,Cassava
89,12,11,Paddy rice::RealV6_稻谷_sample6,Paddy rice
89,12,12,Rapeseed cake::RealV6_菜籽饼_sample4,Rapeseed cake
90,3,1,Cassava::RealV6_木薯_sample3,Cassava
90,3,2,Sorghum::RealV6_高粱_sample10,Sorghum
90,3,3,Rapeseed cake::RealV6_菜籽饼_sample1,Rapeseed cake
90,6,1,Cassava::RealV6_木薯_sample3,Cassava
90,6,2,Sorghum::RealV6_高粱_sample10,Sorghum
90,6,3,Rapeseed cake::RealV6_菜籽饼_sample1,Rapeseed cake
90,6,4,Brown rice::RealV6_糙米_sample5,Brown rice
90,6,5,Rice bran::RealV6_米糠_sample1,Rice bran
90,6,6,Wheat bran::RealV6_小麦麸_sample8,Wheat bran
90,9,1,Cassava::RealV6_木薯_sample3,Cassava
90,9,2,Sorghum::RealV6_高粱_sample10,Sorghum
90,9,3,Rapeseed cake::RealV6_菜籽饼_sample1,Rapeseed cake
90,9,4,Brown rice::RealV6_糙米_sample5,Brown rice
90,9,5,Rice bran::RealV6_米糠_sample1,Rice bran
90,9,6,Wheat bran::RealV6_小麦麸_sample8,Wheat bran
90,9,7,Wheat::RealV6_小麦_sample6,Wheat
90,9,8,Wheat::RealV6_小麦_sample10,Wheat
90,9,9,Rapeseed cake::RealV6_菜籽饼_sample5,Rapeseed cake
90,12,1,Cassava::RealV6_木薯_sample3,Cassava
90,12,2,Sorghum::RealV6_高粱_sample10,Sorghum
90,12,3,Rapeseed cake::RealV6_菜籽饼_sample1,Rapeseed cake
90,12,4,Brown rice::RealV6_糙米_sample5,Brown rice
90,12,5,Rice bran::RealV6_米糠_sample1,Rice bran
90,12,6,Wheat bran::RealV6_小麦麸_sample8,Wheat bran
90,12,7,Wheat::RealV6_小麦_sample6,Wheat
90,12,8,Wheat::RealV6_小麦_sample10,Wheat
90,12,9,Rapeseed cake::RealV6_菜籽饼_sample5,Rapeseed cake
90,12,10,Rapeseed cake::RealV6_菜籽饼_sample2,Rapeseed cake
90,12,11,Rapeseed cake::RealV6_菜籽饼_sample9,Rapeseed cake
90,12,12,Brown rice::RealV6_糙米_sample1,Brown rice
91,3,1,Sorghum::RealV6_高粱_sample3,Sorghum
91,3,2,Paddy rice::RealV6_稻谷_sample11,Paddy rice
91,3,3,Rapeseed cake::RealV6_菜籽饼_sample2,Rapeseed cake
91,6,1,Sorghum::RealV6_高粱_sample3,Sorghum
91,6,2,Paddy rice::RealV6_稻谷_sample11,Paddy rice
91,6,3,Rapeseed cake::RealV6_菜籽饼_sample2,Rapeseed cake
91,6,4,Cassava::RealV6_木薯_sample4,Cassava
91,6,5,Cassava::RealV6_木薯_sample3,Cassava
91,6,6,Cassava::RealV6_木薯_sample6,Cassava
91,9,1,Sorghum::RealV6_高粱_sample3,Sorghum
91,9,2,Paddy rice::RealV6_稻谷_sample11,Paddy rice
91,9,3,Rapeseed cake::RealV6_菜籽饼_sample2,Rapeseed cake
91,9,4,Cassava::RealV6_木薯_sample4,Cassava
91,9,5,Cassava::RealV6_木薯_sample3,Cassava
91,9,6,Cassava::RealV6_木薯_sample6,Cassava
91,9,7,Wheat bran::RealV6_小麦麸_sample8,Wheat bran
91,9,8,Rapeseed cake::RealV6_菜籽饼_sample8,Rapeseed cake
91,9,9,Rice bran::RealV6_米糠_sample1,Rice bran
91,12,1,Sorghum::RealV6_高粱_sample3,Sorghum
91,12,2,Paddy rice::RealV6_稻谷_sample11,Paddy rice
91,12,3,Rapeseed cake::RealV6_菜籽饼_sample2,Rapeseed cake
91,12,4,Cassava::RealV6_木薯_sample4,Cassava
91,12,5,Cassava::RealV6_木薯_sample3,Cassava
91,12,6,Cassava::RealV6_木薯_sample6,Cassava
91,12,7,Wheat bran::RealV6_小麦麸_sample8,Wheat bran
91,12,8,Rapeseed cake::RealV6_菜籽饼_sample8,Rapeseed cake
91,12,9,Rice bran::RealV6_米糠_sample1,Rice bran
91,12,10,Cassava::RealV6_木薯_sample9,Cassava
91,12,11,Wheat::RealV6_小麦_sample10,Wheat
91,12,12,Brown rice::RealV6_糙米_sample6,Brown rice
92,3,1,Paddy rice::RealV6_稻谷_sample3,Paddy rice
92,3,2,Wheat bran::RealV6_小麦麸_sample2,Wheat bran
92,3,3,Rapeseed cake::RealV6_菜籽饼_sample7,Rapeseed cake
92,6,1,Paddy rice::RealV6_稻谷_sample3,Paddy rice
92,6,2,Wheat bran::RealV6_小麦麸_sample2,Wheat bran
92,6,3,Rapeseed cake::RealV6_菜籽饼_sample7,Rapeseed cake
92,6,4,Rice bran::RealV6_米糠_sample9,Rice bran
92,6,5,Barley::RealV6_大麦_sample8,Barley
92,6,6,Wheat::RealV6_小麦_sample8,Wheat
92,9,1,Paddy rice::RealV6_稻谷_sample3,Paddy rice
92,9,2,Wheat bran::RealV6_小麦麸_sample2,Wheat bran
92,9,3,Rapeseed cake::RealV6_菜籽饼_sample7,Rapeseed cake
92,9,4,Rice bran::RealV6_米糠_sample9,Rice bran
92,9,5,Barley::RealV6_大麦_sample8,Barley
92,9,6,Wheat::RealV6_小麦_sample8,Wheat
92,9,7,Paddy rice::RealV6_稻谷_sample7,Paddy rice
92,9,8,Brown rice::RealV6_糙米_sample6,Brown rice
92,9,9,Barley::RealV6_大麦_sample9,Barley
92,12,1,Paddy rice::RealV6_稻谷_sample3,Paddy rice
92,12,2,Wheat bran::RealV6_小麦麸_sample2,Wheat bran
92,12,3,Rapeseed cake::RealV6_菜籽饼_sample7,Rapeseed cake
92,12,4,Rice bran::RealV6_米糠_sample9,Rice bran
92,12,5,Barley::RealV6_大麦_sample8,Barley
92,12,6,Wheat::RealV6_小麦_sample8,Wheat
92,12,7,Paddy rice::RealV6_稻谷_sample7,Paddy rice
92,12,8,Brown rice::RealV6_糙米_sample6,Brown rice
92,12,9,Barley::RealV6_大麦_sample9,Barley
92,12,10,Brown rice::RealV6_糙米_sample10,Brown rice
92,12,11,Sorghum::RealV6_高粱_sample9,Sorghum
92,12,12,Rapeseed cake::RealV6_菜籽饼_sample9,Rapeseed cake
93,3,1,Sorghum::RealV6_高粱_sample9,Sorghum
93,3,2,Brown rice::RealV6_糙米_sample5,Brown rice
93,3,3,Sorghum::RealV6_高粱_sample6,Sorghum
93,6,1,Sorghum::RealV6_高粱_sample9,Sorghum
93,6,2,Brown rice::RealV6_糙米_sample5,Brown rice
93,6,3,Sorghum::RealV6_高粱_sample6,Sorghum
93,6,4,Paddy rice::RealV6_稻谷_sample4,Paddy rice
93,6,5,Rice bran::RealV6_米糠_sample3,Rice bran
93,6,6,Rapeseed cake::RealV6_菜籽饼_sample7,Rapeseed cake
93,9,1,Sorghum::RealV6_高粱_sample9,Sorghum
93,9,2,Brown rice::RealV6_糙米_sample5,Brown rice
93,9,3,Sorghum::RealV6_高粱_sample6,Sorghum
93,9,4,Paddy rice::RealV6_稻谷_sample4,Paddy rice
93,9,5,Rice bran::RealV6_米糠_sample3,Rice bran
93,9,6,Rapeseed cake::RealV6_菜籽饼_sample7,Rapeseed cake
93,9,7,Brown rice::RealV6_糙米_sample6,Brown rice
93,9,8,Brown rice::RealV6_糙米_sample3,Brown rice
93,9,9,Cassava::RealV6_木薯_sample10,Cassava
93,12,1,Sorghum::RealV6_高粱_sample9,Sorghum
93,12,2,Brown rice::RealV6_糙米_sample5,Brown rice
93,12,3,Sorghum::RealV6_高粱_sample6,Sorghum
93,12,4,Paddy rice::RealV6_稻谷_sample4,Paddy rice
93,12,5,Rice bran::RealV6_米糠_sample3,Rice bran
93,12,6,Rapeseed cake::RealV6_菜籽饼_sample7,Rapeseed cake
93,12,7,Brown rice::RealV6_糙米_sample6,Brown rice
93,12,8,Brown rice::RealV6_糙米_sample3,Brown rice
93,12,9,Cassava::RealV6_木薯_sample10,Cassava
93,12,10,Sorghum::RealV6_高粱_sample8,Sorghum
93,12,11,Wheat::RealV6_小麦_sample6,Wheat
93,12,12,Paddy rice::RealV6_稻谷_sample2,Paddy rice
94,3,1,Rice bran::RealV6_米糠_sample2,Rice bran
94,3,2,Rice bran::RealV6_米糠_sample3,Rice bran
94,3,3,Wheat::RealV6_小麦_sample6,Wheat
94,6,1,Rice bran::RealV6_米糠_sample2,Rice bran
94,6,2,Rice bran::RealV6_米糠_sample3,Rice bran
94,6,3,Wheat::RealV6_小麦_sample6,Wheat
94,6,4,Wheat::RealV6_小麦_sample7,Wheat
94,6,5,Wheat bran::RealV6_小麦麸_sample5,Wheat bran
94,6,6,Brown rice::RealV6_糙米_sample6,Brown rice
94,9,1,Rice bran::RealV6_米糠_sample2,Rice bran
94,9,2,Rice bran::RealV6_米糠_sample3,Rice bran
94,9,3,Wheat::RealV6_小麦_sample6,Wheat
94,9,4,Wheat::RealV6_小麦_sample7,Wheat
94,9,5,Wheat bran::RealV6_小麦麸_sample5,Wheat bran
94,9,6,Brown rice::RealV6_糙米_sample6,Brown rice
94,9,7,Wheat::RealV6_小麦_sample3,Wheat
94,9,8,Rice bran::RealV6_米糠_sample6,Rice bran
94,9,9,Paddy rice::RealV6_稻谷_sample5,Paddy rice
94,12,1,Rice bran::RealV6_米糠_sample2,Rice bran
94,12,2,Rice bran::RealV6_米糠_sample3,Rice bran
94,12,3,Wheat::RealV6_小麦_sample6,Wheat
94,12,4,Wheat::RealV6_小麦_sample7,Wheat
94,12,5,Wheat bran::RealV6_小麦麸_sample5,Wheat bran
94,12,6,Brown rice::RealV6_糙米_sample6,Brown rice
94,12,7,Wheat::RealV6_小麦_sample3,Wheat
94,12,8,Rice bran::RealV6_米糠_sample6,Rice bran
94,12,9,Paddy rice::RealV6_稻谷_sample5,Paddy rice
94,12,10,Paddy rice::RealV6_稻谷_sample6,Paddy rice
94,12,11,Sorghum::RealV6_高粱_sample5,Sorghum
94,12,12,Sorghum::RealV6_高粱_sample2,Sorghum
95,3,1,Rapeseed cake::RealV6_菜籽饼_sample1,Rapeseed cake
95,3,2,Brown rice::RealV6_糙米_sample1,Brown rice
95,3,3,Paddy rice::RealV6_稻谷_sample10,Paddy rice
95,6,1,Rapeseed cake::RealV6_菜籽饼_sample1,Rapeseed cake
95,6,2,Brown rice::RealV6_糙米_sample1,Brown rice
95,6,3,Paddy rice::RealV6_稻谷_sample10,Paddy rice
95,6,4,Brown rice::RealV6_糙米_sample9,Brown rice
95,6,5,Sorghum::RealV6_高粱_sample4,Sorghum
95,6,6,Rapeseed cake::RealV6_菜籽饼_sample6,Rapeseed cake
95,9,1,Rapeseed cake::RealV6_菜籽饼_sample1,Rapeseed cake
95,9,2,Brown rice::RealV6_糙米_sample1,Brown rice
95,9,3,Paddy rice::RealV6_稻谷_sample10,Paddy rice
95,9,4,Brown rice::RealV6_糙米_sample9,Brown rice
95,9,5,Sorghum::RealV6_高粱_sample4,Sorghum
95,9,6,Rapeseed cake::RealV6_菜籽饼_sample6,Rapeseed cake
95,9,7,Wheat bran::RealV6_小麦麸_sample6,Wheat bran
95,9,8,Paddy rice::RealV6_稻谷_sample4,Paddy rice
95,9,9,Wheat::RealV6_小麦_sample4,Wheat
95,12,1,Rapeseed cake::RealV6_菜籽饼_sample1,Rapeseed cake
95,12,2,Brown rice::RealV6_糙米_sample1,Brown rice
95,12,3,Paddy rice::RealV6_稻谷_sample10,Paddy rice
95,12,4,Brown rice::RealV6_糙米_sample9,Brown rice
95,12,5,Sorghum::RealV6_高粱_sample4,Sorghum
95,12,6,Rapeseed cake::RealV6_菜籽饼_sample6,Rapeseed cake
95,12,7,Wheat bran::RealV6_小麦麸_sample6,Wheat bran
95,12,8,Paddy rice::RealV6_稻谷_sample4,Paddy rice
95,12,9,Wheat::RealV6_小麦_sample4,Wheat
95,12,10,Barley::RealV6_大麦_sample7,Barley
95,12,11,Rapeseed cake::RealV6_菜籽饼_sample2,Rapeseed cake
95,12,12,Cassava::RealV6_木薯_sample8,Cassava
96,3,1,Cassava::RealV6_木薯_sample6,Cassava
96,3,2,Wheat::RealV6_小麦_sample1,Wheat
96,3,3,Wheat bran::RealV6_小麦麸_sample5,Wheat bran
96,6,1,Cassava::RealV6_木薯_sample6,Cassava
96,6,2,Wheat::RealV6_小麦_sample1,Wheat
96,6,3,Wheat bran::RealV6_小麦麸_sample5,Wheat bran
96,6,4,Wheat bran::RealV6_小麦麸_sample8,Wheat bran
96,6,5,Wheat bran::RealV6_小麦麸_sample9,Wheat bran
96,6,6,Cassava::RealV6_木薯_sample8,Cassava
96,9,1,Cassava::RealV6_木薯_sample6,Cassava
96,9,2,Wheat::RealV6_小麦_sample1,Wheat
96,9,3,Wheat bran::RealV6_小麦麸_sample5,Wheat bran
96,9,4,Wheat bran::RealV6_小麦麸_sample8,Wheat bran
96,9,5,Wheat bran::RealV6_小麦麸_sample9,Wheat bran
96,9,6,Cassava::RealV6_木薯_sample8,Cassava
96,9,7,Rice bran::RealV6_米糠_sample4,Rice bran
96,9,8,Sorghum::RealV6_高粱_sample8,Sorghum
96,9,9,Barley::RealV6_大麦_sample10,Barley
96,12,1,Cassava::RealV6_木薯_sample6,Cassava
96,12,2,Wheat::RealV6_小麦_sample1,Wheat
96,12,3,Wheat bran::RealV6_小麦麸_sample5,Wheat bran
96,12,4,Wheat bran::RealV6_小麦麸_sample8,Wheat bran
96,12,5,Wheat bran::RealV6_小麦麸_sample9,Wheat bran
96,12,6,Cassava::RealV6_木薯_sample8,Cassava
96,12,7,Rice bran::RealV6_米糠_sample4,Rice bran
96,12,8,Sorghum::RealV6_高粱_sample8,Sorghum
96,12,9,Barley::RealV6_大麦_sample10,Barley
96,12,10,Sorghum::RealV6_高粱_sample7,Sorghum
96,12,11,Barley::RealV6_大麦_sample8,Barley
96,12,12,Brown rice::RealV6_糙米_sample3,Brown rice
97,3,1,Brown rice::RealV6_糙米_sample7,Brown rice
97,3,2,Paddy rice::RealV6_稻谷_sample11,Paddy rice
97,3,3,Brown rice::RealV6_糙米_sample4,Brown rice
97,6,1,Brown rice::RealV6_糙米_sample7,Brown rice
97,6,2,Paddy rice::RealV6_稻谷_sample11,Paddy rice
97,6,3,Brown rice::RealV6_糙米_sample4,Brown rice
97,6,4,Brown rice::RealV6_糙米_sample3,Brown rice
97,6,5,Barley::RealV6_大麦_sample5,Barley
97,6,6,Rice bran::RealV6_米糠_sample10,Rice bran
97,9,1,Brown rice::RealV6_糙米_sample7,Brown rice
97,9,2,Paddy rice::RealV6_稻谷_sample11,Paddy rice
97,9,3,Brown rice::RealV6_糙米_sample4,Brown rice
97,9,4,Brown rice::RealV6_糙米_sample3,Brown rice
97,9,5,Barley::RealV6_大麦_sample5,Barley
97,9,6,Rice bran::RealV6_米糠_sample10,Rice bran
97,9,7,Barley::RealV6_大麦_sample3,Barley
97,9,8,Sorghum::RealV6_高粱_sample9,Sorghum
97,9,9,Rice bran::RealV6_米糠_sample3,Rice bran
97,12,1,Brown rice::RealV6_糙米_sample7,Brown rice
97,12,2,Paddy rice::RealV6_稻谷_sample11,Paddy rice
97,12,3,Brown rice::RealV6_糙米_sample4,Brown rice
97,12,4,Brown rice::RealV6_糙米_sample3,Brown rice
97,12,5,Barley::RealV6_大麦_sample5,Barley
97,12,6,Rice bran::RealV6_米糠_sample10,Rice bran
97,12,7,Barley::RealV6_大麦_sample3,Barley
97,12,8,Sorghum::RealV6_高粱_sample9,Sorghum
97,12,9,Rice bran::RealV6_米糠_sample3,Rice bran
97,12,10,Rapeseed cake::RealV6_菜籽饼_sample5,Rapeseed cake
97,12,11,Paddy rice::RealV6_稻谷_sample3,Paddy rice
97,12,12,Barley::RealV6_大麦_sample8,Barley
98,3,1,Wheat::RealV6_小麦_sample5,Wheat
98,3,2,Cassava::RealV6_木薯_sample7,Cassava
98,3,3,Wheat::RealV6_小麦_sample1,Wheat
98,6,1,Wheat::RealV6_小麦_sample5,Wheat
98,6,2,Cassava::RealV6_木薯_sample7,Cassava
98,6,3,Wheat::RealV6_小麦_sample1,Wheat
98,6,4,Wheat bran::RealV6_小麦麸_sample5,Wheat bran
98,6,5,Paddy rice::RealV6_稻谷_sample9,Paddy rice
98,6,6,Paddy rice::RealV6_稻谷_sample11,Paddy rice
98,9,1,Wheat::RealV6_小麦_sample5,Wheat
98,9,2,Cassava::RealV6_木薯_sample7,Cassava
98,9,3,Wheat::RealV6_小麦_sample1,Wheat
98,9,4,Wheat bran::RealV6_小麦麸_sample5,Wheat bran
98,9,5,Paddy rice::RealV6_稻谷_sample9,Paddy rice
98,9,6,Paddy rice::RealV6_稻谷_sample11,Paddy rice
98,9,7,Barley::RealV6_大麦_sample4,Barley
98,9,8,Rapeseed cake::RealV6_菜籽饼_sample5,Rapeseed cake
98,9,9,Barley::RealV6_大麦_sample2,Barley
98,12,1,Wheat::RealV6_小麦_sample5,Wheat
98,12,2,Cassava::RealV6_木薯_sample7,Cassava
98,12,3,Wheat::RealV6_小麦_sample1,Wheat
98,12,4,Wheat bran::RealV6_小麦麸_sample5,Wheat bran
98,12,5,Paddy rice::RealV6_稻谷_sample9,Paddy rice
98,12,6,Paddy rice::RealV6_稻谷_sample11,Paddy rice
98,12,7,Barley::RealV6_大麦_sample4,Barley
98,12,8,Rapeseed cake::RealV6_菜籽饼_sample5,Rapeseed cake
98,12,9,Barley::RealV6_大麦_sample2,Barley
98,12,10,Wheat bran::RealV6_小麦麸_sample2,Wheat bran
98,12,11,Brown rice::RealV6_糙米_sample6,Brown rice
98,12,12,Sorghum::RealV6_高粱_sample4,Sorghum
99,3,1,Barley::RealV6_大麦_sample10,Barley
99,3,2,Rice bran::RealV6_米糠_sample3,Rice bran
99,3,3,Rapeseed cake::RealV6_菜籽饼_sample8,Rapeseed cake
99,6,1,Barley::RealV6_大麦_sample10,Barley
99,6,2,Rice bran::RealV6_米糠_sample3,Rice bran
99,6,3,Rapeseed cake::RealV6_菜籽饼_sample8,Rapeseed cake
99,6,4,Wheat::RealV6_小麦_sample9,Wheat
99,6,5,Brown rice::RealV6_糙米_sample4,Brown rice
99,6,6,Sorghum::RealV6_高粱_sample2,Sorghum
99,9,1,Barley::RealV6_大麦_sample10,Barley
99,9,2,Rice bran::RealV6_米糠_sample3,Rice bran
99,9,3,Rapeseed cake::RealV6_菜籽饼_sample8,Rapeseed cake
99,9,4,Wheat::RealV6_小麦_sample9,Wheat
99,9,5,Brown rice::RealV6_糙米_sample4,Brown rice
99,9,6,Sorghum::RealV6_高粱_sample2,Sorghum
99,9,7,Wheat bran::RealV6_小麦麸_sample8,Wheat bran
99,9,8,Cassava::RealV6_木薯_sample10,Cassava
99,9,9,Barley::RealV6_大麦_sample9,Barley
99,12,1,Barley::RealV6_大麦_sample10,Barley
99,12,2,Rice bran::RealV6_米糠_sample3,Rice bran
99,12,3,Rapeseed cake::RealV6_菜籽饼_sample8,Rapeseed cake
99,12,4,Wheat::RealV6_小麦_sample9,Wheat
99,12,5,Brown rice::RealV6_糙米_sample4,Brown rice
99,12,6,Sorghum::RealV6_高粱_sample2,Sorghum
99,12,7,Wheat bran::RealV6_小麦麸_sample8,Wheat bran
99,12,8,Cassava::RealV6_木薯_sample10,Cassava
99,12,9,Barley::RealV6_大麦_sample9,Barley
99,12,10,Wheat bran::RealV6_小麦麸_sample9,Wheat bran
99,12,11,Cassava::RealV6_木薯_sample9,Cassava
99,12,12,Brown rice::RealV6_糙米_sample8,Brown rice
100,3,1,Brown rice::RealV6_糙米_sample5,Brown rice
100,3,2,Wheat bran::RealV6_小麦麸_sample10,Wheat bran
100,3,3,Wheat::RealV6_小麦_sample4,Wheat
100,6,1,Brown rice::RealV6_糙米_sample5,Brown rice
100,6,2,Wheat bran::RealV6_小麦麸_sample10,Wheat bran
100,6,3,Wheat::RealV6_小麦_sample4,Wheat
100,6,4,Sorghum::RealV6_高粱_sample9,Sorghum
100,6,5,Wheat::RealV6_小麦_sample8,Wheat
100,6,6,Brown rice::RealV6_糙米_sample8,Brown rice
100,9,1,Brown rice::RealV6_糙米_sample5,Brown rice
100,9,2,Wheat bran::RealV6_小麦麸_sample10,Wheat bran
100,9,3,Wheat::RealV6_小麦_sample4,Wheat
100,9,4,Sorghum::RealV6_高粱_sample9,Sorghum
100,9,5,Wheat::RealV6_小麦_sample8,Wheat
100,9,6,Brown rice::RealV6_糙米_sample8,Brown rice
100,9,7,Paddy rice::RealV6_稻谷_sample9,Paddy rice
100,9,8,Wheat bran::RealV6_小麦麸_sample3,Wheat bran
100,9,9,Rice bran::RealV6_米糠_sample3,Rice bran
100,12,1,Brown rice::RealV6_糙米_sample5,Brown rice
100,12,2,Wheat bran::RealV6_小麦麸_sample10,Wheat bran
100,12,3,Wheat::RealV6_小麦_sample4,Wheat
100,12,4,Sorghum::RealV6_高粱_sample9,Sorghum
100,12,5,Wheat::RealV6_小麦_sample8,Wheat
100,12,6,Brown rice::RealV6_糙米_sample8,Brown rice
100,12,7,Paddy rice::RealV6_稻谷_sample9,Paddy rice
100,12,8,Wheat bran::RealV6_小麦麸_sample3,Wheat bran
100,12,9,Rice bran::RealV6_米糠_sample3,Rice bran
100,12,10,Brown rice::RealV6_糙米_sample1,Brown rice
100,12,11,Barley::RealV6_大麦_sample2,Barley
100,12,12,Cassava::RealV6_木薯_sample5,Cassava
101,3,1,Rice bran::RealV6_米糠_sample1,Rice bran
101,3,2,Sorghum::RealV6_高粱_sample5,Sorghum
101,3,3,Wheat::RealV6_小麦_sample5,Wheat
101,6,1,Rice bran::RealV6_米糠_sample1,Rice bran
101,6,2,Sorghum::RealV6_高粱_sample5,Sorghum
101,6,3,Wheat::RealV6_小麦_sample5,Wheat
101,6,4,Paddy rice::RealV6_稻谷_sample2,Paddy rice
101,6,5,Brown rice::RealV6_糙米_sample4,Brown rice
101,6,6,Rice bran::RealV6_米糠_sample5,Rice bran
101,9,1,Rice bran::RealV6_米糠_sample1,Rice bran
101,9,2,Sorghum::RealV6_高粱_sample5,Sorghum
101,9,3,Wheat::RealV6_小麦_sample5,Wheat
101,9,4,Paddy rice::RealV6_稻谷_sample2,Paddy rice
101,9,5,Brown rice::RealV6_糙米_sample4,Brown rice
101,9,6,Rice bran::RealV6_米糠_sample5,Rice bran
101,9,7,Wheat::RealV6_小麦_sample4,Wheat
101,9,8,Brown rice::RealV6_糙米_sample1,Brown rice
101,9,9,Barley::RealV6_大麦_sample10,Barley
101,12,1,Rice bran::RealV6_米糠_sample1,Rice bran
101,12,2,Sorghum::RealV6_高粱_sample5,Sorghum
101,12,3,Wheat::RealV6_小麦_sample5,Wheat
101,12,4,Paddy rice::RealV6_稻谷_sample2,Paddy rice
101,12,5,Brown rice::RealV6_糙米_sample4,Brown rice
101,12,6,Rice bran::RealV6_米糠_sample5,Rice bran
101,12,7,Wheat::RealV6_小麦_sample4,Wheat
101,12,8,Brown rice::RealV6_糙米_sample1,Brown rice
101,12,9,Barley::RealV6_大麦_sample10,Barley
101,12,10,Sorghum::RealV6_高粱_sample8,Sorghum
101,12,11,Wheat bran::RealV6_小麦麸_sample8,Wheat bran
101,12,12,Cassava::RealV6_木薯_sample9,Cassava
102,3,1,Sorghum::RealV6_高粱_sample3,Sorghum
102,3,2,Barley::RealV6_大麦_sample2,Barley
102,3,3,Brown rice::RealV6_糙米_sample4,Brown rice
102,6,1,Sorghum::RealV6_高粱_sample3,Sorghum
102,6,2,Barley::RealV6_大麦_sample2,Barley
102,6,3,Brown rice::RealV6_糙米_sample4,Brown rice
102,6,4,Wheat bran::RealV6_小麦麸_sample7,Wheat bran
102,6,5,Barley::RealV6_大麦_sample8,Barley
102,6,6,Sorghum::RealV6_高粱_sample1,Sorghum
102,9,1,Sorghum::RealV6_高粱_sample3,Sorghum
102,9,2,Barley::RealV6_大麦_sample2,Barley
102,9,3,Brown rice::RealV6_糙米_sample4,Brown rice
102,9,4,Wheat bran::RealV6_小麦麸_sample7,Wheat bran
102,9,5,Barley::RealV6_大麦_sample8,Barley
102,9,6,Sorghum::RealV6_高粱_sample1,Sorghum
102,9,7,Brown rice::RealV6_糙米_sample9,Brown rice
102,9,8,Paddy rice::RealV6_稻谷_sample11,Paddy rice
102,9,9,Paddy rice::RealV6_稻谷_sample6,Paddy rice
102,12,1,Sorghum::RealV6_高粱_sample3,Sorghum
102,12,2,Barley::RealV6_大麦_sample2,Barley
102,12,3,Brown rice::RealV6_糙米_sample4,Brown rice
102,12,4,Wheat bran::RealV6_小麦麸_sample7,Wheat bran
102,12,5,Barley::RealV6_大麦_sample8,Barley
102,12,6,Sorghum::RealV6_高粱_sample1,Sorghum
102,12,7,Brown rice::RealV6_糙米_sample9,Brown rice
102,12,8,Paddy rice::RealV6_稻谷_sample11,Paddy rice
102,12,9,Paddy rice::RealV6_稻谷_sample6,Paddy rice
102,12,10,Barley::RealV6_大麦_sample3,Barley
102,12,11,Rice bran::RealV6_米糠_sample8,Rice bran
102,12,12,Rice bran::RealV6_米糠_sample2,Rice bran
103,3,1,Rice bran::RealV6_米糠_sample4,Rice bran
103,3,2,Rapeseed cake::RealV6_菜籽饼_sample1,Rapeseed cake
103,3,3,Barley::RealV6_大麦_sample4,Barley
103,6,1,Rice bran::RealV6_米糠_sample4,Rice bran
103,6,2,Rapeseed cake::RealV6_菜籽饼_sample1,Rapeseed cake
103,6,3,Barley::RealV6_大麦_sample4,Barley
103,6,4,Sorghum::RealV6_高粱_sample3,Sorghum
103,6,5,Sorghum::RealV6_高粱_sample1,Sorghum
103,6,6,Brown rice::RealV6_糙米_sample5,Brown rice
103,9,1,Rice bran::RealV6_米糠_sample4,Rice bran
103,9,2,Rapeseed cake::RealV6_菜籽饼_sample1,Rapeseed cake
103,9,3,Barley::RealV6_大麦_sample4,Barley
103,9,4,Sorghum::RealV6_高粱_sample3,Sorghum
103,9,5,Sorghum::RealV6_高粱_sample1,Sorghum
103,9,6,Brown rice::RealV6_糙米_sample5,Brown rice
103,9,7,Rapeseed cake::RealV6_菜籽饼_sample2,Rapeseed cake
103,9,8,Wheat::RealV6_小麦_sample8,Wheat
103,9,9,Sorghum::RealV6_高粱_sample2,Sorghum
103,12,1,Rice bran::RealV6_米糠_sample4,Rice bran
103,12,2,Rapeseed cake::RealV6_菜籽饼_sample1,Rapeseed cake
103,12,3,Barley::RealV6_大麦_sample4,Barley
103,12,4,Sorghum::RealV6_高粱_sample3,Sorghum
103,12,5,Sorghum::RealV6_高粱_sample1,Sorghum
103,12,6,Brown rice::RealV6_糙米_sample5,Brown rice
103,12,7,Rapeseed cake::RealV6_菜籽饼_sample2,Rapeseed cake
103,12,8,Wheat::RealV6_小麦_sample8,Wheat
103,12,9,Sorghum::RealV6_高粱_sample2,Sorghum
103,12,10,Barley::RealV6_大麦_sample10,Barley
103,12,11,Cassava::RealV6_木薯_sample9,Cassava
103,12,12,Barley::RealV6_大麦_sample3,Barley
104,3,1,Rice bran::RealV6_米糠_sample1,Rice bran
104,3,2,Brown rice::RealV6_糙米_sample8,Brown rice
104,3,3,Sorghum::RealV6_高粱_sample9,Sorghum
104,6,1,Rice bran::RealV6_米糠_sample1,Rice bran
104,6,2,Brown rice::RealV6_糙米_sample8,Brown rice
104,6,3,Sorghum::RealV6_高粱_sample9,Sorghum
104,6,4,Barley::RealV6_大麦_sample6,Barley
104,6,5,Sorghum::RealV6_高粱_sample10,Sorghum
104,6,6,Wheat bran::RealV6_小麦麸_sample1,Wheat bran
104,9,1,Rice bran::RealV6_米糠_sample1,Rice bran
104,9,2,Brown rice::RealV6_糙米_sample8,Brown rice
104,9,3,Sorghum::RealV6_高粱_sample9,Sorghum
104,9,4,Barley::RealV6_大麦_sample6,Barley
104,9,5,Sorghum::RealV6_高粱_sample10,Sorghum
104,9,6,Wheat bran::RealV6_小麦麸_sample1,Wheat bran
104,9,7,Wheat::RealV6_小麦_sample8,Wheat
104,9,8,Paddy rice::RealV6_稻谷_sample9,Paddy rice
104,9,9,Cassava::RealV6_木薯_sample2,Cassava
104,12,1,Rice bran::RealV6_米糠_sample1,Rice bran
104,12,2,Brown rice::RealV6_糙米_sample8,Brown rice
104,12,3,Sorghum::RealV6_高粱_sample9,Sorghum
104,12,4,Barley::RealV6_大麦_sample6,Barley
104,12,5,Sorghum::RealV6_高粱_sample10,Sorghum
104,12,6,Wheat bran::RealV6_小麦麸_sample1,Wheat bran
104,12,7,Wheat::RealV6_小麦_sample8,Wheat
104,12,8,Paddy rice::RealV6_稻谷_sample9,Paddy rice
104,12,9,Cassava::RealV6_木薯_sample2,Cassava
104,12,10,Barley::RealV6_大麦_sample7,Barley
104,12,11,Barley::RealV6_大麦_sample10,Barley
104,12,12,Sorghum::RealV6_高粱_sample5,Sorghum
105,3,1,Sorghum::RealV6_高粱_sample6,Sorghum
105,3,2,Wheat::RealV6_小麦_sample5,Wheat
105,3,3,Brown rice::RealV6_糙米_sample10,Brown rice
105,6,1,Sorghum::RealV6_高粱_sample6,Sorghum
105,6,2,Wheat::RealV6_小麦_sample5,Wheat
105,6,3,Brown rice::RealV6_糙米_sample10,Brown rice
105,6,4,Rice bran::RealV6_米糠_sample3,Rice bran
105,6,5,Brown rice::RealV6_糙米_sample5,Brown rice
105,6,6,Rapeseed cake::RealV6_菜籽饼_sample6,Rapeseed cake
105,9,1,Sorghum::RealV6_高粱_sample6,Sorghum
105,9,2,Wheat::RealV6_小麦_sample5,Wheat
105,9,3,Brown rice::RealV6_糙米_sample10,Brown rice
105,9,4,Rice bran::RealV6_米糠_sample3,Rice bran
105,9,5,Brown rice::RealV6_糙米_sample5,Brown rice
105,9,6,Rapeseed cake::RealV6_菜籽饼_sample6,Rapeseed cake
105,9,7,Brown rice::RealV6_糙米_sample2,Brown rice
105,9,8,Sorghum::RealV6_高粱_sample1,Sorghum
105,9,9,Cassava::RealV6_木薯_sample7,Cassava
105,12,1,Sorghum::RealV6_高粱_sample6,Sorghum
105,12,2,Wheat::RealV6_小麦_sample5,Wheat
105,12,3,Brown rice::RealV6_糙米_sample10,Brown rice
105,12,4,Rice bran::RealV6_米糠_sample3,Rice bran
105,12,5,Brown rice::RealV6_糙米_sample5,Brown rice
105,12,6,Rapeseed cake::RealV6_菜籽饼_sample6,Rapeseed cake
105,12,7,Brown rice::RealV6_糙米_sample2,Brown rice
105,12,8,Sorghum::RealV6_高粱_sample1,Sorghum
105,12,9,Cassava::RealV6_木薯_sample7,Cassava
105,12,10,Paddy rice::RealV6_稻谷_sample4,Paddy rice
105,12,11,Paddy rice::RealV6_稻谷_sample5,Paddy rice
105,12,12,Paddy rice::RealV6_稻谷_sample6,Paddy rice
106,3,1,Barley::RealV6_大麦_sample3,Barley
106,3,2,Brown rice::RealV6_糙米_sample6,Brown rice
106,3,3,Brown rice::RealV6_糙米_sample9,Brown rice
106,6,1,Barley::RealV6_大麦_sample3,Barley
106,6,2,Brown rice::RealV6_糙米_sample6,Brown rice
106,6,3,Brown rice::RealV6_糙米_sample9,Brown rice
106,6,4,Paddy rice::RealV6_稻谷_sample4,Paddy rice
106,6,5,Paddy rice::RealV6_稻谷_sample11,Paddy rice
106,6,6,Wheat::RealV6_小麦_sample1,Wheat
106,9,1,Barley::RealV6_大麦_sample3,Barley
106,9,2,Brown rice::RealV6_糙米_sample6,Brown rice
106,9,3,Brown rice::RealV6_糙米_sample9,Brown rice
106,9,4,Paddy rice::RealV6_稻谷_sample4,Paddy rice
106,9,5,Paddy rice::RealV6_稻谷_sample11,Paddy rice
106,9,6,Wheat::RealV6_小麦_sample1,Wheat
106,9,7,Cassava::RealV6_木薯_sample6,Cassava
106,9,8,Brown rice::RealV6_糙米_sample4,Brown rice
106,9,9,Paddy rice::RealV6_稻谷_sample8,Paddy rice
106,12,1,Barley::RealV6_大麦_sample3,Barley
106,12,2,Brown rice::RealV6_糙米_sample6,Brown rice
106,12,3,Brown rice::RealV6_糙米_sample9,Brown rice
106,12,4,Paddy rice::RealV6_稻谷_sample4,Paddy rice
106,12,5,Paddy rice::RealV6_稻谷_sample11,Paddy rice
106,12,6,Wheat::RealV6_小麦_sample1,Wheat
106,12,7,Cassava::RealV6_木薯_sample6,Cassava
106,12,8,Brown rice::RealV6_糙米_sample4,Brown rice
106,12,9,Paddy rice::RealV6_稻谷_sample8,Paddy rice
106,12,10,Wheat::RealV6_小麦_sample7,Wheat
106,12,11,Sorghum::RealV6_高粱_sample4,Sorghum
106,12,12,Paddy rice::RealV6_稻谷_sample1,Paddy rice
107,3,1,Paddy rice::RealV6_稻谷_sample1,Paddy rice
107,3,2,Sorghum::RealV6_高粱_sample1,Sorghum
107,3,3,Rice bran::RealV6_米糠_sample5,Rice bran
107,6,1,Paddy rice::RealV6_稻谷_sample1,Paddy rice
107,6,2,Sorghum::RealV6_高粱_sample1,Sorghum
107,6,3,Rice bran::RealV6_米糠_sample5,Rice bran
107,6,4,Wheat::RealV6_小麦_sample6,Wheat
107,6,5,Wheat bran::RealV6_小麦麸_sample8,Wheat bran
107,6,6,Cassava::RealV6_木薯_sample7,Cassava
107,9,1,Paddy rice::RealV6_稻谷_sample1,Paddy rice
107,9,2,Sorghum::RealV6_高粱_sample1,Sorghum
107,9,3,Rice bran::RealV6_米糠_sample5,Rice bran
107,9,4,Wheat::RealV6_小麦_sample6,Wheat
107,9,5,Wheat bran::RealV6_小麦麸_sample8,Wheat bran
107,9,6,Cassava::RealV6_木薯_sample7,Cassava
107,9,7,Wheat::RealV6_小麦_sample4,Wheat
107,9,8,Brown rice::RealV6_糙米_sample8,Brown rice
107,9,9,Barley::RealV6_大麦_sample2,Barley
107,12,1,Paddy rice::RealV6_稻谷_sample1,Paddy rice
107,12,2,Sorghum::RealV6_高粱_sample1,Sorghum
107,12,3,Rice bran::RealV6_米糠_sample5,Rice bran
107,12,4,Wheat::RealV6_小麦_sample6,Wheat
107,12,5,Wheat bran::RealV6_小麦麸_sample8,Wheat bran
107,12,6,Cassava::RealV6_木薯_sample7,Cassava
107,12,7,Wheat::RealV6_小麦_sample4,Wheat
107,12,8,Brown rice::RealV6_糙米_sample8,Brown rice
107,12,9,Barley::RealV6_大麦_sample2,Barley
107,12,10,Wheat::RealV6_小麦_sample10,Wheat
107,12,11,Rice bran::RealV6_米糠_sample6,Rice bran
107,12,12,Brown rice::RealV6_糙米_sample7,Brown rice
108,3,1,Rapeseed cake::RealV6_菜籽饼_sample7,Rapeseed cake
108,3,2,Wheat bran::RealV6_小麦麸_sample4,Wheat bran
108,3,3,Rapeseed cake::RealV6_菜籽饼_sample1,Rapeseed cake
108,6,1,Rapeseed cake::RealV6_菜籽饼_sample7,Rapeseed cake
108,6,2,Wheat bran::RealV6_小麦麸_sample4,Wheat bran
108,6,3,Rapeseed cake::RealV6_菜籽饼_sample1,Rapeseed cake
108,6,4,Cassava::RealV6_木薯_sample4,Cassava
108,6,5,Barley::RealV6_大麦_sample8,Barley
108,6,6,Sorghum::RealV6_高粱_sample10,Sorghum
108,9,1,Rapeseed cake::RealV6_菜籽饼_sample7,Rapeseed cake
108,9,2,Wheat bran::RealV6_小麦麸_sample4,Wheat bran
108,9,3,Rapeseed cake::RealV6_菜籽饼_sample1,Rapeseed cake
108,9,4,Cassava::RealV6_木薯_sample4,Cassava
108,9,5,Barley::RealV6_大麦_sample8,Barley
108,9,6,Sorghum::RealV6_高粱_sample10,Sorghum
108,9,7,Brown rice::RealV6_糙米_sample3,Brown rice
108,9,8,Wheat::RealV6_小麦_sample3,Wheat
108,9,9,Barley::RealV6_大麦_sample10,Barley
108,12,1,Rapeseed cake::RealV6_菜籽饼_sample7,Rapeseed cake
108,12,2,Wheat bran::RealV6_小麦麸_sample4,Wheat bran
108,12,3,Rapeseed cake::RealV6_菜籽饼_sample1,Rapeseed cake
108,12,4,Cassava::RealV6_木薯_sample4,Cassava
108,12,5,Barley::RealV6_大麦_sample8,Barley
108,12,6,Sorghum::RealV6_高粱_sample10,Sorghum
108,12,7,Brown rice::RealV6_糙米_sample3,Brown rice
108,12,8,Wheat::RealV6_小麦_sample3,Wheat
108,12,9,Barley::RealV6_大麦_sample10,Barley
108,12,10,Wheat::RealV6_小麦_sample5,Wheat
108,12,11,Brown rice::RealV6_糙米_sample8,Brown rice
108,12,12,Wheat::RealV6_小麦_sample1,Wheat
109,3,1,Barley::RealV6_大麦_sample8,Barley
109,3,2,Rice bran::RealV6_米糠_sample8,Rice bran
109,3,3,Wheat::RealV6_小麦_sample6,Wheat
109,6,1,Barley::RealV6_大麦_sample8,Barley
109,6,2,Rice bran::RealV6_米糠_sample8,Rice bran
109,6,3,Wheat::RealV6_小麦_sample6,Wheat
109,6,4,Sorghum::RealV6_高粱_sample6,Sorghum
109,6,5,Wheat bran::RealV6_小麦麸_sample1,Wheat bran
109,6,6,Cassava::RealV6_木薯_sample5,Cassava
109,9,1,Barley::RealV6_大麦_sample8,Barley
109,9,2,Rice bran::RealV6_米糠_sample8,Rice bran
109,9,3,Wheat::RealV6_小麦_sample6,Wheat
109,9,4,Sorghum::RealV6_高粱_sample6,Sorghum
109,9,5,Wheat bran::RealV6_小麦麸_sample1,Wheat bran
109,9,6,Cassava::RealV6_木薯_sample5,Cassava
109,9,7,Wheat::RealV6_小麦_sample4,Wheat
109,9,8,Rice bran::RealV6_米糠_sample2,Rice bran
109,9,9,Brown rice::RealV6_糙米_sample1,Brown rice
109,12,1,Barley::RealV6_大麦_sample8,Barley
109,12,2,Rice bran::RealV6_米糠_sample8,Rice bran
109,12,3,Wheat::RealV6_小麦_sample6,Wheat
109,12,4,Sorghum::RealV6_高粱_sample6,Sorghum
109,12,5,Wheat bran::RealV6_小麦麸_sample1,Wheat bran
109,12,6,Cassava::RealV6_木薯_sample5,Cassava
109,12,7,Wheat::RealV6_小麦_sample4,Wheat
109,12,8,Rice bran::RealV6_米糠_sample2,Rice bran
109,12,9,Brown rice::RealV6_糙米_sample1,Brown rice
109,12,10,Barley::RealV6_大麦_sample3,Barley
109,12,11,Rapeseed cake::RealV6_菜籽饼_sample6,Rapeseed cake
109,12,12,Rice bran::RealV6_米糠_sample5,Rice bran
110,3,1,Rice bran::RealV6_米糠_sample9,Rice bran
110,3,2,Cassava::RealV6_木薯_sample10,Cassava
110,3,3,Rapeseed cake::RealV6_菜籽饼_sample7,Rapeseed cake
110,6,1,Rice bran::RealV6_米糠_sample9,Rice bran
110,6,2,Cassava::RealV6_木薯_sample10,Cassava
110,6,3,Rapeseed cake::RealV6_菜籽饼_sample7,Rapeseed cake
110,6,4,Wheat bran::RealV6_小麦麸_sample5,Wheat bran
110,6,5,Brown rice::RealV6_糙米_sample1,Brown rice
110,6,6,Rapeseed cake::RealV6_菜籽饼_sample3,Rapeseed cake
110,9,1,Rice bran::RealV6_米糠_sample9,Rice bran
110,9,2,Cassava::RealV6_木薯_sample10,Cassava
110,9,3,Rapeseed cake::RealV6_菜籽饼_sample7,Rapeseed cake
110,9,4,Wheat bran::RealV6_小麦麸_sample5,Wheat bran
110,9,5,Brown rice::RealV6_糙米_sample1,Brown rice
110,9,6,Rapeseed cake::RealV6_菜籽饼_sample3,Rapeseed cake
110,9,7,Rice bran::RealV6_米糠_sample2,Rice bran
110,9,8,Barley::RealV6_大麦_sample2,Barley
110,9,9,Rice bran::RealV6_米糠_sample7,Rice bran
110,12,1,Rice bran::RealV6_米糠_sample9,Rice bran
110,12,2,Cassava::RealV6_木薯_sample10,Cassava
110,12,3,Rapeseed cake::RealV6_菜籽饼_sample7,Rapeseed cake
110,12,4,Wheat bran::RealV6_小麦麸_sample5,Wheat bran
110,12,5,Brown rice::RealV6_糙米_sample1,Brown rice
110,12,6,Rapeseed cake::RealV6_菜籽饼_sample3,Rapeseed cake
110,12,7,Rice bran::RealV6_米糠_sample2,Rice bran
110,12,8,Barley::RealV6_大麦_sample2,Barley
110,12,9,Rice bran::RealV6_米糠_sample7,Rice bran
110,12,10,Rapeseed cake::RealV6_菜籽饼_sample4,Rapeseed cake
110,12,11,Brown rice::RealV6_糙米_sample6,Brown rice
110,12,12,Sorghum::RealV6_高粱_sample3,Sorghum
111,3,1,Rapeseed cake::RealV6_菜籽饼_sample10,Rapeseed cake
111,3,2,Rice bran::RealV6_米糠_sample2,Rice bran
111,3,3,Wheat::RealV6_小麦_sample6,Wheat
111,6,1,Rapeseed cake::RealV6_菜籽饼_sample10,Rapeseed cake
111,6,2,Rice bran::RealV6_米糠_sample2,Rice bran
111,6,3,Wheat::RealV6_小麦_sample6,Wheat
111,6,4,Rice bran::RealV6_米糠_sample8,Rice bran
111,6,5,Brown rice::RealV6_糙米_sample5,Brown rice
111,6,6,Rice bran::RealV6_米糠_sample4,Rice bran
111,9,1,Rapeseed cake::RealV6_菜籽饼_sample10,Rapeseed cake
111,9,2,Rice bran::RealV6_米糠_sample2,Rice bran
111,9,3,Wheat::RealV6_小麦_sample6,Wheat
111,9,4,Rice bran::RealV6_米糠_sample8,Rice bran
111,9,5,Brown rice::RealV6_糙米_sample5,Brown rice
111,9,6,Rice bran::RealV6_米糠_sample4,Rice bran
111,9,7,Paddy rice::RealV6_稻谷_sample10,Paddy rice
111,9,8,Wheat::RealV6_小麦_sample9,Wheat
111,9,9,Wheat::RealV6_小麦_sample5,Wheat
111,12,1,Rapeseed cake::RealV6_菜籽饼_sample10,Rapeseed cake
111,12,2,Rice bran::RealV6_米糠_sample2,Rice bran
111,12,3,Wheat::RealV6_小麦_sample6,Wheat
111,12,4,Rice bran::RealV6_米糠_sample8,Rice bran
111,12,5,Brown rice::RealV6_糙米_sample5,Brown rice
111,12,6,Rice bran::RealV6_米糠_sample4,Rice bran
111,12,7,Paddy rice::RealV6_稻谷_sample10,Paddy rice
111,12,8,Wheat::RealV6_小麦_sample9,Wheat
111,12,9,Wheat::RealV6_小麦_sample5,Wheat
111,12,10,Cassava::RealV6_木薯_sample9,Cassava
111,12,11,Wheat bran::RealV6_小麦麸_sample2,Wheat bran
111,12,12,Barley::RealV6_大麦_sample2,Barley
112,3,1,Wheat bran::RealV6_小麦麸_sample8,Wheat bran
112,3,2,Paddy rice::RealV6_稻谷_sample10,Paddy rice
112,3,3,Barley::RealV6_大麦_sample9,Barley
112,6,1,Wheat bran::RealV6_小麦麸_sample8,Wheat bran
112,6,2,Paddy rice::RealV6_稻谷_sample10,Paddy rice
112,6,3,Barley::RealV6_大麦_sample9,Barley
112,6,4,Sorghum::RealV6_高粱_sample5,Sorghum
112,6,5,Wheat::RealV6_小麦_sample6,Wheat
112,6,6,Rapeseed cake::RealV6_菜籽饼_sample8,Rapeseed cake
112,9,1,Wheat bran::RealV6_小麦麸_sample8,Wheat bran
112,9,2,Paddy rice::RealV6_稻谷_sample10,Paddy rice
112,9,3,Barley::RealV6_大麦_sample9,Barley
112,9,4,Sorghum::RealV6_高粱_sample5,Sorghum
112,9,5,Wheat::RealV6_小麦_sample6,Wheat
112,9,6,Rapeseed cake::RealV6_菜籽饼_sample8,Rapeseed cake
112,9,7,Rice bran::RealV6_米糠_sample9,Rice bran
112,9,8,Sorghum::RealV6_高粱_sample9,Sorghum
112,9,9,Rapeseed cake::RealV6_菜籽饼_sample1,Rapeseed cake
112,12,1,Wheat bran::RealV6_小麦麸_sample8,Wheat bran
112,12,2,Paddy rice::RealV6_稻谷_sample10,Paddy rice
112,12,3,Barley::RealV6_大麦_sample9,Barley
112,12,4,Sorghum::RealV6_高粱_sample5,Sorghum
112,12,5,Wheat::RealV6_小麦_sample6,Wheat
112,12,6,Rapeseed cake::RealV6_菜籽饼_sample8,Rapeseed cake
112,12,7,Rice bran::RealV6_米糠_sample9,Rice bran
112,12,8,Sorghum::RealV6_高粱_sample9,Sorghum
112,12,9,Rapeseed cake::RealV6_菜籽饼_sample1,Rapeseed cake
112,12,10,Rice bran::RealV6_米糠_sample1,Rice bran
112,12,11,Wheat::RealV6_小麦_sample4,Wheat
112,12,12,Brown rice::RealV6_糙米_sample1,Brown rice
113,3,1,Rapeseed cake::RealV6_菜籽饼_sample10,Rapeseed cake
113,3,2,Wheat::RealV6_小麦_sample3,Wheat
113,3,3,Rice bran::RealV6_米糠_sample2,Rice bran
113,6,1,Rapeseed cake::RealV6_菜籽饼_sample10,Rapeseed cake
113,6,2,Wheat::RealV6_小麦_sample3,Wheat
113,6,3,Rice bran::RealV6_米糠_sample2,Rice bran
113,6,4,Cassava::RealV6_木薯_sample10,Cassava
113,6,5,Paddy rice::RealV6_稻谷_sample4,Paddy rice
113,6,6,Cassava::RealV6_木薯_sample8,Cassava
113,9,1,Rapeseed cake::RealV6_菜籽饼_sample10,Rapeseed cake
113,9,2,Wheat::RealV6_小麦_sample3,Wheat
113,9,3,Rice bran::RealV6_米糠_sample2,Rice bran
113,9,4,Cassava::RealV6_木薯_sample10,Cassava
113,9,5,Paddy rice::RealV6_稻谷_sample4,Paddy rice
113,9,6,Cassava::RealV6_木薯_sample8,Cassava
113,9,7,Barley::RealV6_大麦_sample9,Barley
113,9,8,Brown rice::RealV6_糙米_sample4,Brown rice
113,9,9,Barley::RealV6_大麦_sample10,Barley
113,12,1,Rapeseed cake::RealV6_菜籽饼_sample10,Rapeseed cake
113,12,2,Wheat::RealV6_小麦_sample3,Wheat
113,12,3,Rice bran::RealV6_米糠_sample2,Rice bran
113,12,4,Cassava::RealV6_木薯_sample10,Cassava
113,12,5,Paddy rice::RealV6_稻谷_sample4,Paddy rice
113,12,6,Cassava::RealV6_木薯_sample8,Cassava
113,12,7,Barley::RealV6_大麦_sample9,Barley
113,12,8,Brown rice::RealV6_糙米_sample4,Brown rice
113,12,9,Barley::RealV6_大麦_sample10,Barley
113,12,10,Wheat::RealV6_小麦_sample10,Wheat
113,12,11,Barley::RealV6_大麦_sample1,Barley
113,12,12,Sorghum::RealV6_高粱_sample10,Sorghum
114,3,1,Sorghum::RealV6_高粱_sample8,Sorghum
114,3,2,Rice bran::RealV6_米糠_sample7,Rice bran
114,3,3,Cassava::RealV6_木薯_sample4,Cassava
114,6,1,Sorghum::RealV6_高粱_sample8,Sorghum
114,6,2,Rice bran::RealV6_米糠_sample7,Rice bran
114,6,3,Cassava::RealV6_木薯_sample4,Cassava
114,6,4,Wheat::RealV6_小麦_sample4,Wheat
114,6,5,Wheat::RealV6_小麦_sample3,Wheat
114,6,6,Barley::RealV6_大麦_sample6,Barley
114,9,1,Sorghum::RealV6_高粱_sample8,Sorghum
114,9,2,Rice bran::RealV6_米糠_sample7,Rice bran
114,9,3,Cassava::RealV6_木薯_sample4,Cassava
114,9,4,Wheat::RealV6_小麦_sample4,Wheat
114,9,5,Wheat::RealV6_小麦_sample3,Wheat
114,9,6,Barley::RealV6_大麦_sample6,Barley
114,9,7,Barley::RealV6_大麦_sample10,Barley
114,9,8,Wheat bran::RealV6_小麦麸_sample6,Wheat bran
114,9,9,Rice bran::RealV6_米糠_sample6,Rice bran
114,12,1,Sorghum::RealV6_高粱_sample8,Sorghum
114,12,2,Rice bran::RealV6_米糠_sample7,Rice bran
114,12,3,Cassava::RealV6_木薯_sample4,Cassava
114,12,4,Wheat::RealV6_小麦_sample4,Wheat
114,12,5,Wheat::RealV6_小麦_sample3,Wheat
114,12,6,Barley::RealV6_大麦_sample6,Barley
114,12,7,Barley::RealV6_大麦_sample10,Barley
114,12,8,Wheat bran::RealV6_小麦麸_sample6,Wheat bran
114,12,9,Rice bran::RealV6_米糠_sample6,Rice bran
114,12,10,Paddy rice::RealV6_稻谷_sample4,Paddy rice
114,12,11,Barley::RealV6_大麦_sample9,Barley
114,12,12,Sorghum::RealV6_高粱_sample2,Sorghum
115,3,1,Wheat bran::RealV6_小麦麸_sample7,Wheat bran
115,3,2,Paddy rice::RealV6_稻谷_sample10,Paddy rice
115,3,3,Rapeseed cake::RealV6_菜籽饼_sample5,Rapeseed cake
115,6,1,Wheat bran::RealV6_小麦麸_sample7,Wheat bran
115,6,2,Paddy rice::RealV6_稻谷_sample10,Paddy rice
115,6,3,Rapeseed cake::RealV6_菜籽饼_sample5,Rapeseed cake
115,6,4,Wheat bran::RealV6_小麦麸_sample5,Wheat bran
115,6,5,Paddy rice::RealV6_稻谷_sample2,Paddy rice
115,6,6,Rice bran::RealV6_米糠_sample9,Rice bran
115,9,1,Wheat bran::RealV6_小麦麸_sample7,Wheat bran
115,9,2,Paddy rice::RealV6_稻谷_sample10,Paddy rice
115,9,3,Rapeseed cake::RealV6_菜籽饼_sample5,Rapeseed cake
115,9,4,Wheat bran::RealV6_小麦麸_sample5,Wheat bran
115,9,5,Paddy rice::RealV6_稻谷_sample2,Paddy rice
115,9,6,Rice bran::RealV6_米糠_sample9,Rice bran
115,9,7,Brown rice::RealV6_糙米_sample9,Brown rice
115,9,8,Wheat::RealV6_小麦_sample1,Wheat
115,9,9,Cassava::RealV6_木薯_sample5,Cassava
115,12,1,Wheat bran::RealV6_小麦麸_sample7,Wheat bran
115,12,2,Paddy rice::RealV6_稻谷_sample10,Paddy rice
115,12,3,Rapeseed cake::RealV6_菜籽饼_sample5,Rapeseed cake
115,12,4,Wheat bran::RealV6_小麦麸_sample5,Wheat bran
115,12,5,Paddy rice::RealV6_稻谷_sample2,Paddy rice
115,12,6,Rice bran::RealV6_米糠_sample9,Rice bran
115,12,7,Brown rice::RealV6_糙米_sample9,Brown rice
115,12,8,Wheat::RealV6_小麦_sample1,Wheat
115,12,9,Cassava::RealV6_木薯_sample5,Cassava
115,12,10,Brown rice::RealV6_糙米_sample2,Brown rice
115,12,11,Rice bran::RealV6_米糠_sample1,Rice bran
115,12,12,Cassava::RealV6_木薯_sample10,Cassava
116,3,1,Sorghum::RealV6_高粱_sample3,Sorghum
116,3,2,Barley::RealV6_大麦_sample7,Barley
116,3,3,Wheat bran::RealV6_小麦麸_sample1,Wheat bran
116,6,1,Sorghum::RealV6_高粱_sample3,Sorghum
116,6,2,Barley::RealV6_大麦_sample7,Barley
116,6,3,Wheat bran::RealV6_小麦麸_sample1,Wheat bran
116,6,4,Sorghum::RealV6_高粱_sample8,Sorghum
116,6,5,Wheat::RealV6_小麦_sample6,Wheat
116,6,6,Rapeseed cake::RealV6_菜籽饼_sample1,Rapeseed cake
116,9,1,Sorghum::RealV6_高粱_sample3,Sorghum
116,9,2,Barley::RealV6_大麦_sample7,Barley
116,9,3,Wheat bran::RealV6_小麦麸_sample1,Wheat bran
116,9,4,Sorghum::RealV6_高粱_sample8,Sorghum
116,9,5,Wheat::RealV6_小麦_sample6,Wheat
116,9,6,Rapeseed cake::RealV6_菜籽饼_sample1,Rapeseed cake
116,9,7,Rapeseed cake::RealV6_菜籽饼_sample4,Rapeseed cake
116,9,8,Brown rice::RealV6_糙米_sample5,Brown rice
116,9,9,Rapeseed cake::RealV6_菜籽饼_sample6,Rapeseed cake
116,12,1,Sorghum::RealV6_高粱_sample3,Sorghum
116,12,2,Barley::RealV6_大麦_sample7,Barley
116,12,3,Wheat bran::RealV6_小麦麸_sample1,Wheat bran
116,12,4,Sorghum::RealV6_高粱_sample8,Sorghum
116,12,5,Wheat::RealV6_小麦_sample6,Wheat
116,12,6,Rapeseed cake::RealV6_菜籽饼_sample1,Rapeseed cake
116,12,7,Rapeseed cake::RealV6_菜籽饼_sample4,Rapeseed cake
116,12,8,Brown rice::RealV6_糙米_sample5,Brown rice
116,12,9,Rapeseed cake::RealV6_菜籽饼_sample6,Rapeseed cake
116,12,10,Wheat::RealV6_小麦_sample4,Wheat
116,12,11,Sorghum::RealV6_高粱_sample4,Sorghum
116,12,12,Barley::RealV6_大麦_sample3,Barley
117,3,1,Cassava::RealV6_木薯_sample1,Cassava
117,3,2,Cassava::RealV6_木薯_sample7,Cassava
117,3,3,Rice bran::RealV6_米糠_sample8,Rice bran
117,6,1,Cassava::RealV6_木薯_sample1,Cassava
117,6,2,Cassava::RealV6_木薯_sample7,Cassava
117,6,3,Rice bran::RealV6_米糠_sample8,Rice bran
117,6,4,Wheat bran::RealV6_小麦麸_sample6,Wheat bran
117,6,5,Wheat bran::RealV6_小麦麸_sample10,Wheat bran
117,6,6,Paddy rice::RealV6_稻谷_sample5,Paddy rice
117,9,1,Cassava::RealV6_木薯_sample1,Cassava
117,9,2,Cassava::RealV6_木薯_sample7,Cassava
117,9,3,Rice bran::RealV6_米糠_sample8,Rice bran
117,9,4,Wheat bran::RealV6_小麦麸_sample6,Wheat bran
117,9,5,Wheat bran::RealV6_小麦麸_sample10,Wheat bran
117,9,6,Paddy rice::RealV6_稻谷_sample5,Paddy rice
117,9,7,Barley::RealV6_大麦_sample6,Barley
117,9,8,Rapeseed cake::RealV6_菜籽饼_sample3,Rapeseed cake
117,9,9,Barley::RealV6_大麦_sample7,Barley
117,12,1,Cassava::RealV6_木薯_sample1,Cassava
117,12,2,Cassava::RealV6_木薯_sample7,Cassava
117,12,3,Rice bran::RealV6_米糠_sample8,Rice bran
117,12,4,Wheat bran::RealV6_小麦麸_sample6,Wheat bran
117,12,5,Wheat bran::RealV6_小麦麸_sample10,Wheat bran
117,12,6,Paddy rice::RealV6_稻谷_sample5,Paddy rice
117,12,7,Barley::RealV6_大麦_sample6,Barley
117,12,8,Rapeseed cake::RealV6_菜籽饼_sample3,Rapeseed cake
117,12,9,Barley::RealV6_大麦_sample7,Barley
117,12,10,Barley::RealV6_大麦_sample5,Barley
117,12,11,Wheat::RealV6_小麦_sample5,Wheat
117,12,12,Brown rice::RealV6_糙米_sample5,Brown rice
118,3,1,Wheat::RealV6_小麦_sample8,Wheat
118,3,2,Cassava::RealV6_木薯_sample1,Cassava
118,3,3,Rice bran::RealV6_米糠_sample1,Rice bran
118,6,1,Wheat::RealV6_小麦_sample8,Wheat
118,6,2,Cassava::RealV6_木薯_sample1,Cassava
118,6,3,Rice bran::RealV6_米糠_sample1,Rice bran
118,6,4,Rapeseed cake::RealV6_菜籽饼_sample6,Rapeseed cake
118,6,5,Paddy rice::RealV6_稻谷_sample9,Paddy rice
118,6,6,Rapeseed cake::RealV6_菜籽饼_sample1,Rapeseed cake
118,9,1,Wheat::RealV6_小麦_sample8,Wheat
118,9,2,Cassava::RealV6_木薯_sample1,Cassava
118,9,3,Rice bran::RealV6_米糠_sample1,Rice bran
118,9,4,Rapeseed cake::RealV6_菜籽饼_sample6,Rapeseed cake
118,9,5,Paddy rice::RealV6_稻谷_sample9,Paddy rice
118,9,6,Rapeseed cake::RealV6_菜籽饼_sample1,Rapeseed cake
118,9,7,Wheat::RealV6_小麦_sample10,Wheat
118,9,8,Paddy rice::RealV6_稻谷_sample10,Paddy rice
118,9,9,Paddy rice::RealV6_稻谷_sample2,Paddy rice
118,12,1,Wheat::RealV6_小麦_sample8,Wheat
118,12,2,Cassava::RealV6_木薯_sample1,Cassava
118,12,3,Rice bran::RealV6_米糠_sample1,Rice bran
118,12,4,Rapeseed cake::RealV6_菜籽饼_sample6,Rapeseed cake
118,12,5,Paddy rice::RealV6_稻谷_sample9,Paddy rice
118,12,6,Rapeseed cake::RealV6_菜籽饼_sample1,Rapeseed cake
118,12,7,Wheat::RealV6_小麦_sample10,Wheat
118,12,8,Paddy rice::RealV6_稻谷_sample10,Paddy rice
118,12,9,Paddy rice::RealV6_稻谷_sample2,Paddy rice
118,12,10,Paddy rice::RealV6_稻谷_sample7,Paddy rice
118,12,11,Brown rice::RealV6_糙米_sample6,Brown rice
118,12,12,Brown rice::RealV6_糙米_sample5,Brown rice
119,3,1,Cassava::RealV6_木薯_sample9,Cassava
119,3,2,Wheat bran::RealV6_小麦麸_sample9,Wheat bran
119,3,3,Sorghum::RealV6_高粱_sample2,Sorghum
119,6,1,Cassava::RealV6_木薯_sample9,Cassava
119,6,2,Wheat bran::RealV6_小麦麸_sample9,Wheat bran
119,6,3,Sorghum::RealV6_高粱_sample2,Sorghum
119,6,4,Wheat bran::RealV6_小麦麸_sample10,Wheat bran
119,6,5,Paddy rice::RealV6_稻谷_sample2,Paddy rice
119,6,6,Wheat bran::RealV6_小麦麸_sample5,Wheat bran
119,9,1,Cassava::RealV6_木薯_sample9,Cassava
119,9,2,Wheat bran::RealV6_小麦麸_sample9,Wheat bran
119,9,3,Sorghum::RealV6_高粱_sample2,Sorghum
119,9,4,Wheat bran::RealV6_小麦麸_sample10,Wheat bran
119,9,5,Paddy rice::RealV6_稻谷_sample2,Paddy rice
119,9,6,Wheat bran::RealV6_小麦麸_sample5,Wheat bran
119,9,7,Paddy rice::RealV6_稻谷_sample4,Paddy rice
119,9,8,Rice bran::RealV6_米糠_sample5,Rice bran
119,9,9,Wheat::RealV6_小麦_sample2,Wheat
119,12,1,Cassava::RealV6_木薯_sample9,Cassava
119,12,2,Wheat bran::RealV6_小麦麸_sample9,Wheat bran
119,12,3,Sorghum::RealV6_高粱_sample2,Sorghum
119,12,4,Wheat bran::RealV6_小麦麸_sample10,Wheat bran
119,12,5,Paddy rice::RealV6_稻谷_sample2,Paddy rice
119,12,6,Wheat bran::RealV6_小麦麸_sample5,Wheat bran
119,12,7,Paddy rice::RealV6_稻谷_sample4,Paddy rice
119,12,8,Rice bran::RealV6_米糠_sample5,Rice bran
119,12,9,Wheat::RealV6_小麦_sample2,Wheat
119,12,10,Wheat::RealV6_小麦_sample10,Wheat
119,12,11,Wheat bran::RealV6_小麦麸_sample8,Wheat bran
119,12,12,Sorghum::RealV6_高粱_sample8,Sorghum
120,3,1,Barley::RealV6_大麦_sample5,Barley
120,3,2,Barley::RealV6_大麦_sample7,Barley
120,3,3,Barley::RealV6_大麦_sample1,Barley
120,6,1,Barley::RealV6_大麦_sample5,Barley
120,6,2,Barley::RealV6_大麦_sample7,Barley
120,6,3,Barley::RealV6_大麦_sample1,Barley
120,6,4,Wheat::RealV6_小麦_sample8,Wheat
120,6,5,Rapeseed cake::RealV6_菜籽饼_sample1,Rapeseed cake
120,6,6,Brown rice::RealV6_糙米_sample2,Brown rice
120,9,1,Barley::RealV6_大麦_sample5,Barley
120,9,2,Barley::RealV6_大麦_sample7,Barley
120,9,3,Barley::RealV6_大麦_sample1,Barley
120,9,4,Wheat::RealV6_小麦_sample8,Wheat
120,9,5,Rapeseed cake::RealV6_菜籽饼_sample1,Rapeseed cake
120,9,6,Brown rice::RealV6_糙米_sample2,Brown rice
120,9,7,Cassava::RealV6_木薯_sample7,Cassava
120,9,8,Paddy rice::RealV6_稻谷_sample9,Paddy rice
120,9,9,Rice bran::RealV6_米糠_sample5,Rice bran
120,12,1,Barley::RealV6_大麦_sample5,Barley
120,12,2,Barley::RealV6_大麦_sample7,Barley
120,12,3,Barley::RealV6_大麦_sample1,Barley
120,12,4,Wheat::RealV6_小麦_sample8,Wheat
120,12,5,Rapeseed cake::RealV6_菜籽饼_sample1,Rapeseed cake
120,12,6,Brown rice::RealV6_糙米_sample2,Brown rice
120,12,7,Cassava::RealV6_木薯_sample7,Cassava
120,12,8,Paddy rice::RealV6_稻谷_sample9,Paddy rice
120,12,9,Rice bran::RealV6_米糠_sample5,Rice bran
120,12,10,Wheat bran::RealV6_小麦麸_sample1,Wheat bran
120,12,11,Sorghum::RealV6_高粱_sample1,Sorghum
120,12,12,Wheat::RealV6_小麦_sample2,Wheat
121,3,1,Cassava::RealV6_木薯_sample3,Cassava
121,3,2,Sorghum::RealV6_高粱_sample10,Sorghum
121,3,3,Brown rice::RealV6_糙米_sample6,Brown rice
121,6,1,Cassava::RealV6_木薯_sample3,Cassava
121,6,2,Sorghum::RealV6_高粱_sample10,Sorghum
121,6,3,Brown rice::RealV6_糙米_sample6,Brown rice
121,6,4,Brown rice::RealV6_糙米_sample8,Brown rice
121,6,5,Barley::RealV6_大麦_sample1,Barley
121,6,6,Cassava::RealV6_木薯_sample1,Cassava
121,9,1,Cassava::RealV6_木薯_sample3,Cassava
121,9,2,Sorghum::RealV6_高粱_sample10,Sorghum
121,9,3,Brown rice::RealV6_糙米_sample6,Brown rice
121,9,4,Brown rice::RealV6_糙米_sample8,Brown rice
121,9,5,Barley::RealV6_大麦_sample1,Barley
121,9,6,Cassava::RealV6_木薯_sample1,Cassava
121,9,7,Barley::RealV6_大麦_sample8,Barley
121,9,8,Brown rice::RealV6_糙米_sample5,Brown rice
121,9,9,Wheat::RealV6_小麦_sample10,Wheat
121,12,1,Cassava::RealV6_木薯_sample3,Cassava
121,12,2,Sorghum::RealV6_高粱_sample10,Sorghum
121,12,3,Brown rice::RealV6_糙米_sample6,Brown rice
121,12,4,Brown rice::RealV6_糙米_sample8,Brown rice
121,12,5,Barley::RealV6_大麦_sample1,Barley
121,12,6,Cassava::RealV6_木薯_sample1,Cassava
121,12,7,Barley::RealV6_大麦_sample8,Barley
121,12,8,Brown rice::RealV6_糙米_sample5,Brown rice
121,12,9,Wheat::RealV6_小麦_sample10,Wheat
121,12,10,Cassava::RealV6_木薯_sample4,Cassava
121,12,11,Wheat::RealV6_小麦_sample5,Wheat
121,12,12,Barley::RealV6_大麦_sample3,Barley
122,3,1,Wheat::RealV6_小麦_sample1,Wheat
122,3,2,Brown rice::RealV6_糙米_sample8,Brown rice
122,3,3,Sorghum::RealV6_高粱_sample3,Sorghum
122,6,1,Wheat::RealV6_小麦_sample1,Wheat
122,6,2,Brown rice::RealV6_糙米_sample8,Brown rice
122,6,3,Sorghum::RealV6_高粱_sample3,Sorghum
122,6,4,Wheat bran::RealV6_小麦麸_sample10,Wheat bran
122,6,5,Brown rice::RealV6_糙米_sample2,Brown rice
122,6,6,Paddy rice::RealV6_稻谷_sample8,Paddy rice
122,9,1,Wheat::RealV6_小麦_sample1,Wheat
122,9,2,Brown rice::RealV6_糙米_sample8,Brown rice
122,9,3,Sorghum::RealV6_高粱_sample3,Sorghum
122,9,4,Wheat bran::RealV6_小麦麸_sample10,Wheat bran
122,9,5,Brown rice::RealV6_糙米_sample2,Brown rice
122,9,6,Paddy rice::RealV6_稻谷_sample8,Paddy rice
122,9,7,Cassava::RealV6_木薯_sample6,Cassava
122,9,8,Paddy rice::RealV6_稻谷_sample7,Paddy rice
122,9,9,Rapeseed cake::RealV6_菜籽饼_sample5,Rapeseed cake
122,12,1,Wheat::RealV6_小麦_sample1,Wheat
122,12,2,Brown rice::RealV6_糙米_sample8,Brown rice
122,12,3,Sorghum::RealV6_高粱_sample3,Sorghum
122,12,4,Wheat bran::RealV6_小麦麸_sample10,Wheat bran
122,12,5,Brown rice::RealV6_糙米_sample2,Brown rice
122,12,6,Paddy rice::RealV6_稻谷_sample8,Paddy rice
122,12,7,Cassava::RealV6_木薯_sample6,Cassava
122,12,8,Paddy rice::RealV6_稻谷_sample7,Paddy rice
122,12,9,Rapeseed cake::RealV6_菜籽饼_sample5,Rapeseed cake
122,12,10,Sorghum::RealV6_高粱_sample10,Sorghum
122,12,11,Paddy rice::RealV6_稻谷_sample10,Paddy rice
122,12,12,Rapeseed cake::RealV6_菜籽饼_sample3,Rapeseed cake
123,3,1,Sorghum::RealV6_高粱_sample10,Sorghum
123,3,2,Brown rice::RealV6_糙米_sample3,Brown rice
123,3,3,Paddy rice::RealV6_稻谷_sample11,Paddy rice
123,6,1,Sorghum::RealV6_高粱_sample10,Sorghum
123,6,2,Brown rice::RealV6_糙米_sample3,Brown rice
123,6,3,Paddy rice::RealV6_稻谷_sample11,Paddy rice
123,6,4,Barley::RealV6_大麦_sample6,Barley
123,6,5,Rice bran::RealV6_米糠_sample7,Rice bran
123,6,6,Sorghum::RealV6_高粱_sample7,Sorghum
123,9,1,Sorghum::RealV6_高粱_sample10,Sorghum
123,9,2,Brown rice::RealV6_糙米_sample3,Brown rice
123,9,3,Paddy rice::RealV6_稻谷_sample11,Paddy rice
123,9,4,Barley::RealV6_大麦_sample6,Barley
123,9,5,Rice bran::RealV6_米糠_sample7,Rice bran
123,9,6,Sorghum::RealV6_高粱_sample7,Sorghum
123,9,7,Cassava::RealV6_木薯_sample2,Cassava
123,9,8,Barley::RealV6_大麦_sample1,Barley
123,9,9,Cassava::RealV6_木薯_sample3,Cassava
123,12,1,Sorghum::RealV6_高粱_sample10,Sorghum
123,12,2,Brown rice::RealV6_糙米_sample3,Brown rice
123,12,3,Paddy rice::RealV6_稻谷_sample11,Paddy rice
123,12,4,Barley::RealV6_大麦_sample6,Barley
123,12,5,Rice bran::RealV6_米糠_sample7,Rice bran
123,12,6,Sorghum::RealV6_高粱_sample7,Sorghum
123,12,7,Cassava::RealV6_木薯_sample2,Cassava
123,12,8,Barley::RealV6_大麦_sample1,Barley
123,12,9,Cassava::RealV6_木薯_sample3,Cassava
123,12,10,Wheat bran::RealV6_小麦麸_sample4,Wheat bran
123,12,11,Sorghum::RealV6_高粱_sample8,Sorghum
123,12,12,Brown rice::RealV6_糙米_sample6,Brown rice
124,3,1,Cassava::RealV6_木薯_sample3,Cassava
124,3,2,Sorghum::RealV6_高粱_sample10,Sorghum
124,3,3,Wheat::RealV6_小麦_sample9,Wheat
124,6,1,Cassava::RealV6_木薯_sample3,Cassava
124,6,2,Sorghum::RealV6_高粱_sample10,Sorghum
124,6,3,Wheat::RealV6_小麦_sample9,Wheat
124,6,4,Rapeseed cake::RealV6_菜籽饼_sample4,Rapeseed cake
124,6,5,Rapeseed cake::RealV6_菜籽饼_sample2,Rapeseed cake
124,6,6,Brown rice::RealV6_糙米_sample10,Brown rice
124,9,1,Cassava::RealV6_木薯_sample3,Cassava
124,9,2,Sorghum::RealV6_高粱_sample10,Sorghum
124,9,3,Wheat::RealV6_小麦_sample9,Wheat
124,9,4,Rapeseed cake::RealV6_菜籽饼_sample4,Rapeseed cake
124,9,5,Rapeseed cake::RealV6_菜籽饼_sample2,Rapeseed cake
124,9,6,Brown rice::RealV6_糙米_sample10,Brown rice
124,9,7,Sorghum::RealV6_高粱_sample9,Sorghum
124,9,8,Brown rice::RealV6_糙米_sample1,Brown rice
124,9,9,Rapeseed cake::RealV6_菜籽饼_sample8,Rapeseed cake
124,12,1,Cassava::RealV6_木薯_sample3,Cassava
124,12,2,Sorghum::RealV6_高粱_sample10,Sorghum
124,12,3,Wheat::RealV6_小麦_sample9,Wheat
124,12,4,Rapeseed cake::RealV6_菜籽饼_sample4,Rapeseed cake
124,12,5,Rapeseed cake::RealV6_菜籽饼_sample2,Rapeseed cake
124,12,6,Brown rice::RealV6_糙米_sample10,Brown rice
124,12,7,Sorghum::RealV6_高粱_sample9,Sorghum
124,12,8,Brown rice::RealV6_糙米_sample1,Brown rice
124,12,9,Rapeseed cake::RealV6_菜籽饼_sample8,Rapeseed cake
124,12,10,Brown rice::RealV6_糙米_sample3,Brown rice
124,12,11,Barley::RealV6_大麦_sample5,Barley
124,12,12,Paddy rice::RealV6_稻谷_sample5,Paddy rice
125,3,1,Rapeseed cake::RealV6_菜籽饼_sample3,Rapeseed cake
125,3,2,Barley::RealV6_大麦_sample9,Barley
125,3,3,Wheat::RealV6_小麦_sample1,Wheat
125,6,1,Rapeseed cake::RealV6_菜籽饼_sample3,Rapeseed cake
125,6,2,Barley::RealV6_大麦_sample9,Barley
125,6,3,Wheat::RealV6_小麦_sample1,Wheat
125,6,4,Rapeseed cake::RealV6_菜籽饼_sample2,Rapeseed cake
125,6,5,Cassava::RealV6_木薯_sample4,Cassava
125,6,6,Wheat bran::RealV6_小麦麸_sample3,Wheat bran
125,9,1,Rapeseed cake::RealV6_菜籽饼_sample3,Rapeseed cake
125,9,2,Barley::RealV6_大麦_sample9,Barley
125,9,3,Wheat::RealV6_小麦_sample1,Wheat
125,9,4,Rapeseed cake::RealV6_菜籽饼_sample2,Rapeseed cake
125,9,5,Cassava::RealV6_木薯_sample4,Cassava
125,9,6,Wheat bran::RealV6_小麦麸_sample3,Wheat bran
125,9,7,Wheat::RealV6_小麦_sample2,Wheat
125,9,8,Sorghum::RealV6_高粱_sample9,Sorghum
125,9,9,Sorghum::RealV6_高粱_sample7,Sorghum
125,12,1,Rapeseed cake::RealV6_菜籽饼_sample3,Rapeseed cake
125,12,2,Barley::RealV6_大麦_sample9,Barley
125,12,3,Wheat::RealV6_小麦_sample1,Wheat
125,12,4,Rapeseed cake::RealV6_菜籽饼_sample2,Rapeseed cake
125,12,5,Cassava::RealV6_木薯_sample4,Cassava
125,12,6,Wheat bran::RealV6_小麦麸_sample3,Wheat bran
125,12,7,Wheat::RealV6_小麦_sample2,Wheat
125,12,8,Sorghum::RealV6_高粱_sample9,Sorghum
125,12,9,Sorghum::RealV6_高粱_sample7,Sorghum
125,12,10,Wheat bran::RealV6_小麦麸_sample10,Wheat bran
125,12,11,Cassava::RealV6_木薯_sample7,Cassava
125,12,12,Wheat::RealV6_小麦_sample3,Wheat
126,3,1,Rapeseed cake::RealV6_菜籽饼_sample2,Rapeseed cake
126,3,2,Wheat bran::RealV6_小麦麸_sample8,Wheat bran
126,3,3,Rice bran::RealV6_米糠_sample6,Rice bran
126,6,1,Rapeseed cake::RealV6_菜籽饼_sample2,Rapeseed cake
126,6,2,Wheat bran::RealV6_小麦麸_sample8,Wheat bran
126,6,3,Rice bran::RealV6_米糠_sample6,Rice bran
126,6,4,Sorghum::RealV6_高粱_sample3,Sorghum
126,6,5,Rapeseed cake::RealV6_菜籽饼_sample4,Rapeseed cake
126,6,6,Wheat bran::RealV6_小麦麸_sample9,Wheat bran
126,9,1,Rapeseed cake::RealV6_菜籽饼_sample2,Rapeseed cake
126,9,2,Wheat bran::RealV6_小麦麸_sample8,Wheat bran
126,9,3,Rice bran::RealV6_米糠_sample6,Rice bran
126,9,4,Sorghum::RealV6_高粱_sample3,Sorghum
126,9,5,Rapeseed cake::RealV6_菜籽饼_sample4,Rapeseed cake
126,9,6,Wheat bran::RealV6_小麦麸_sample9,Wheat bran
126,9,7,Wheat bran::RealV6_小麦麸_sample3,Wheat bran
126,9,8,Barley::RealV6_大麦_sample10,Barley
126,9,9,Wheat::RealV6_小麦_sample4,Wheat
126,12,1,Rapeseed cake::RealV6_菜籽饼_sample2,Rapeseed cake
126,12,2,Wheat bran::RealV6_小麦麸_sample8,Wheat bran
126,12,3,Rice bran::RealV6_米糠_sample6,Rice bran
126,12,4,Sorghum::RealV6_高粱_sample3,Sorghum
126,12,5,Rapeseed cake::RealV6_菜籽饼_sample4,Rapeseed cake
126,12,6,Wheat bran::RealV6_小麦麸_sample9,Wheat bran
126,12,7,Wheat bran::RealV6_小麦麸_sample3,Wheat bran
126,12,8,Barley::RealV6_大麦_sample10,Barley
126,12,9,Wheat::RealV6_小麦_sample4,Wheat
126,12,10,Rice bran::RealV6_米糠_sample4,Rice bran
126,12,11,Paddy rice::RealV6_稻谷_sample2,Paddy rice
126,12,12,Barley::RealV6_大麦_sample5,Barley
127,3,1,Barley::RealV6_大麦_sample5,Barley
127,3,2,Rice bran::RealV6_米糠_sample2,Rice bran
127,3,3,Rapeseed cake::RealV6_菜籽饼_sample1,Rapeseed cake
127,6,1,Barley::RealV6_大麦_sample5,Barley
127,6,2,Rice bran::RealV6_米糠_sample2,Rice bran
127,6,3,Rapeseed cake::RealV6_菜籽饼_sample1,Rapeseed cake
127,6,4,Barley::RealV6_大麦_sample9,Barley
127,6,5,Cassava::RealV6_木薯_sample6,Cassava
127,6,6,Paddy rice::RealV6_稻谷_sample10,Paddy rice
127,9,1,Barley::RealV6_大麦_sample5,Barley
127,9,2,Rice bran::RealV6_米糠_sample2,Rice bran
127,9,3,Rapeseed cake::RealV6_菜籽饼_sample1,Rapeseed cake
127,9,4,Barley::RealV6_大麦_sample9,Barley
127,9,5,Cassava::RealV6_木薯_sample6,Cassava
127,9,6,Paddy rice::RealV6_稻谷_sample10,Paddy rice
127,9,7,Barley::RealV6_大麦_sample4,Barley
127,9,8,Rice bran::RealV6_米糠_sample4,Rice bran
127,9,9,Wheat::RealV6_小麦_sample6,Wheat
127,12,1,Barley::RealV6_大麦_sample5,Barley
127,12,2,Rice bran::RealV6_米糠_sample2,Rice bran
127,12,3,Rapeseed cake::RealV6_菜籽饼_sample1,Rapeseed cake
127,12,4,Barley::RealV6_大麦_sample9,Barley
127,12,5,Cassava::RealV6_木薯_sample6,Cassava
127,12,6,Paddy rice::RealV6_稻谷_sample10,Paddy rice
127,12,7,Barley::RealV6_大麦_sample4,Barley
127,12,8,Rice bran::RealV6_米糠_sample4,Rice bran
127,12,9,Wheat::RealV6_小麦_sample6,Wheat
127,12,10,Rice bran::RealV6_米糠_sample10,Rice bran
127,12,11,Wheat bran::RealV6_小麦麸_sample1,Wheat bran
127,12,12,Wheat bran::RealV6_小麦麸_sample3,Wheat bran
128,3,1,Rice bran::RealV6_米糠_sample5,Rice bran
128,3,2,Rapeseed cake::RealV6_菜籽饼_sample1,Rapeseed cake
128,3,3,Cassava::RealV6_木薯_sample10,Cassava
128,6,1,Rice bran::RealV6_米糠_sample5,Rice bran
128,6,2,Rapeseed cake::RealV6_菜籽饼_sample1,Rapeseed cake
128,6,3,Cassava::RealV6_木薯_sample10,Cassava
128,6,4,Rice bran::RealV6_米糠_sample10,Rice bran
128,6,5,Paddy rice::RealV6_稻谷_sample8,Paddy rice
128,6,6,Sorghum::RealV6_高粱_sample7,Sorghum
128,9,1,Rice bran::RealV6_米糠_sample5,Rice bran
128,9,2,Rapeseed cake::RealV6_菜籽饼_sample1,Rapeseed cake
128,9,3,Cassava::RealV6_木薯_sample10,Cassava
128,9,4,Rice bran::RealV6_米糠_sample10,Rice bran
128,9,5,Paddy rice::RealV6_稻谷_sample8,Paddy rice
128,9,6,Sorghum::RealV6_高粱_sample7,Sorghum
128,9,7,Paddy rice::RealV6_稻谷_sample10,Paddy rice
128,9,8,Sorghum::RealV6_高粱_sample10,Sorghum
128,9,9,Barley::RealV6_大麦_sample4,Barley
128,12,1,Rice bran::RealV6_米糠_sample5,Rice bran
128,12,2,Rapeseed cake::RealV6_菜籽饼_sample1,Rapeseed cake
128,12,3,Cassava::RealV6_木薯_sample10,Cassava
128,12,4,Rice bran::RealV6_米糠_sample10,Rice bran
128,12,5,Paddy rice::RealV6_稻谷_sample8,Paddy rice
128,12,6,Sorghum::RealV6_高粱_sample7,Sorghum
128,12,7,Paddy rice::RealV6_稻谷_sample10,Paddy rice
128,12,8,Sorghum::RealV6_高粱_sample10,Sorghum
128,12,9,Barley::RealV6_大麦_sample4,Barley
128,12,10,Paddy rice::RealV6_稻谷_sample7,Paddy rice
128,12,11,Cassava::RealV6_木薯_sample4,Cassava
128,12,12,Rapeseed cake::RealV6_菜籽饼_sample8,Rapeseed cake
129,3,1,Paddy rice::RealV6_稻谷_sample11,Paddy rice
129,3,2,Sorghum::RealV6_高粱_sample8,Sorghum
129,3,3,Sorghum::RealV6_高粱_sample4,Sorghum
129,6,1,Paddy rice::RealV6_稻谷_sample11,Paddy rice
129,6,2,Sorghum::RealV6_高粱_sample8,Sorghum
129,6,3,Sorghum::RealV6_高粱_sample4,Sorghum
129,6,4,Paddy rice::RealV6_稻谷_sample8,Paddy rice
129,6,5,Rapeseed cake::RealV6_菜籽饼_sample1,Rapeseed cake
129,6,6,Barley::RealV6_大麦_sample6,Barley
129,9,1,Paddy rice::RealV6_稻谷_sample11,Paddy rice
129,9,2,Sorghum::RealV6_高粱_sample8,Sorghum
129,9,3,Sorghum::RealV6_高粱_sample4,Sorghum
129,9,4,Paddy rice::RealV6_稻谷_sample8,Paddy rice
129,9,5,Rapeseed cake::RealV6_菜籽饼_sample1,Rapeseed cake
129,9,6,Barley::RealV6_大麦_sample6,Barley
129,9,7,Rapeseed cake::RealV6_菜籽饼_sample3,Rapeseed cake
129,9,8,Rice bran::RealV6_米糠_sample8,Rice bran
129,9,9,Sorghum::RealV6_高粱_sample7,Sorghum
129,12,1,Paddy rice::RealV6_稻谷_sample11,Paddy rice
129,12,2,Sorghum::RealV6_高粱_sample8,Sorghum
129,12,3,Sorghum::RealV6_高粱_sample4,Sorghum
129,12,4,Paddy rice::RealV6_稻谷_sample8,Paddy rice
129,12,5,Rapeseed cake::RealV6_菜籽饼_sample1,Rapeseed cake
129,12,6,Barley::RealV6_大麦_sample6,Barley
129,12,7,Rapeseed cake::RealV6_菜籽饼_sample3,Rapeseed cake
129,12,8,Rice bran::RealV6_米糠_sample8,Rice bran
129,12,9,Sorghum::RealV6_高粱_sample7,Sorghum
129,12,10,Rapeseed cake::RealV6_菜籽饼_sample5,Rapeseed cake
129,12,11,Barley::RealV6_大麦_sample2,Barley
129,12,12,Barley::RealV6_大麦_sample10,Barley
130,3,1,Wheat bran::RealV6_小麦麸_sample9,Wheat bran
130,3,2,Barley::RealV6_大麦_sample4,Barley
130,3,3,Sorghum::RealV6_高粱_sample6,Sorghum
130,6,1,Wheat bran::RealV6_小麦麸_sample9,Wheat bran
130,6,2,Barley::RealV6_大麦_sample4,Barley
130,6,3,Sorghum::RealV6_高粱_sample6,Sorghum
130,6,4,Barley::RealV6_大麦_sample3,Barley
130,6,5,Wheat bran::RealV6_小麦麸_sample1,Wheat bran
130,6,6,Brown rice::RealV6_糙米_sample6,Brown rice
130,9,1,Wheat bran::RealV6_小麦麸_sample9,Wheat bran
130,9,2,Barley::RealV6_大麦_sample4,Barley
130,9,3,Sorghum::RealV6_高粱_sample6,Sorghum
130,9,4,Barley::RealV6_大麦_sample3,Barley
130,9,5,Wheat bran::RealV6_小麦麸_sample1,Wheat bran
130,9,6,Brown rice::RealV6_糙米_sample6,Brown rice
130,9,7,Barley::RealV6_大麦_sample8,Barley
130,9,8,Rice bran::RealV6_米糠_sample1,Rice bran
130,9,9,Brown rice::RealV6_糙米_sample1,Brown rice
130,12,1,Wheat bran::RealV6_小麦麸_sample9,Wheat bran
130,12,2,Barley::RealV6_大麦_sample4,Barley
130,12,3,Sorghum::RealV6_高粱_sample6,Sorghum
130,12,4,Barley::RealV6_大麦_sample3,Barley
130,12,5,Wheat bran::RealV6_小麦麸_sample1,Wheat bran
130,12,6,Brown rice::RealV6_糙米_sample6,Brown rice
130,12,7,Barley::RealV6_大麦_sample8,Barley
130,12,8,Rice bran::RealV6_米糠_sample1,Rice bran
130,12,9,Brown rice::RealV6_糙米_sample1,Brown rice
130,12,10,Wheat::RealV6_小麦_sample6,Wheat
130,12,11,Cassava::RealV6_木薯_sample7,Cassava
130,12,12,Cassava::RealV6_木薯_sample6,Cassava
131,3,1,Paddy rice::RealV6_稻谷_sample6,Paddy rice
131,3,2,Sorghum::RealV6_高粱_sample3,Sorghum
131,3,3,Brown rice::RealV6_糙米_sample1,Brown rice
131,6,1,Paddy rice::RealV6_稻谷_sample6,Paddy rice
131,6,2,Sorghum::RealV6_高粱_sample3,Sorghum
131,6,3,Brown rice::RealV6_糙米_sample1,Brown rice
131,6,4,Brown rice::RealV6_糙米_sample7,Brown rice
131,6,5,Wheat bran::RealV6_小麦麸_sample2,Wheat bran
131,6,6,Cassava::RealV6_木薯_sample9,Cassava
131,9,1,Paddy rice::RealV6_稻谷_sample6,Paddy rice
131,9,2,Sorghum::RealV6_高粱_sample3,Sorghum
131,9,3,Brown rice::RealV6_糙米_sample1,Brown rice
131,9,4,Brown rice::RealV6_糙米_sample7,Brown rice
131,9,5,Wheat bran::RealV6_小麦麸_sample2,Wheat bran
131,9,6,Cassava::RealV6_木薯_sample9,Cassava
131,9,7,Wheat::RealV6_小麦_sample9,Wheat
131,9,8,Brown rice::RealV6_糙米_sample3,Brown rice
131,9,9,Wheat::RealV6_小麦_sample1,Wheat
131,12,1,Paddy rice::RealV6_稻谷_sample6,Paddy rice
131,12,2,Sorghum::RealV6_高粱_sample3,Sorghum
131,12,3,Brown rice::RealV6_糙米_sample1,Brown rice
131,12,4,Brown rice::RealV6_糙米_sample7,Brown rice
131,12,5,Wheat bran::RealV6_小麦麸_sample2,Wheat bran
131,12,6,Cassava::RealV6_木薯_sample9,Cassava
131,12,7,Wheat::RealV6_小麦_sample9,Wheat
131,12,8,Brown rice::RealV6_糙米_sample3,Brown rice
131,12,9,Wheat::RealV6_小麦_sample1,Wheat
131,12,10,Paddy rice::RealV6_稻谷_sample7,Paddy rice
131,12,11,Wheat::RealV6_小麦_sample2,Wheat
131,12,12,Rapeseed cake::RealV6_菜籽饼_sample8,Rapeseed cake
132,3,1,Wheat bran::RealV6_小麦麸_sample1,Wheat bran
132,3,2,Paddy rice::RealV6_稻谷_sample4,Paddy rice
132,3,3,Rice bran::RealV6_米糠_sample9,Rice bran
132,6,1,Wheat bran::RealV6_小麦麸_sample1,Wheat bran
132,6,2,Paddy rice::RealV6_稻谷_sample4,Paddy rice
132,6,3,Rice bran::RealV6_米糠_sample9,Rice bran
132,6,4,Rice bran::RealV6_米糠_sample7,Rice bran
132,6,5,Rapeseed cake::RealV6_菜籽饼_sample9,Rapeseed cake
132,6,6,Barley::RealV6_大麦_sample5,Barley
132,9,1,Wheat bran::RealV6_小麦麸_sample1,Wheat bran
132,9,2,Paddy rice::RealV6_稻谷_sample4,Paddy rice
132,9,3,Rice bran::RealV6_米糠_sample9,Rice bran
132,9,4,Rice bran::RealV6_米糠_sample7,Rice bran
132,9,5,Rapeseed cake::RealV6_菜籽饼_sample9,Rapeseed cake
132,9,6,Barley::RealV6_大麦_sample5,Barley
132,9,7,Cassava::RealV6_木薯_sample5,Cassava
132,9,8,Rice bran::RealV6_米糠_sample6,Rice bran
132,9,9,Rapeseed cake::RealV6_菜籽饼_sample1,Rapeseed cake
132,12,1,Wheat bran::RealV6_小麦麸_sample1,Wheat bran
132,12,2,Paddy rice::RealV6_稻谷_sample4,Paddy rice
132,12,3,Rice bran::RealV6_米糠_sample9,Rice bran
132,12,4,Rice bran::RealV6_米糠_sample7,Rice bran
132,12,5,Rapeseed cake::RealV6_菜籽饼_sample9,Rapeseed cake
132,12,6,Barley::RealV6_大麦_sample5,Barley
132,12,7,Cassava::RealV6_木薯_sample5,Cassava
132,12,8,Rice bran::RealV6_米糠_sample6,Rice bran
132,12,9,Rapeseed cake::RealV6_菜籽饼_sample1,Rapeseed cake
132,12,10,Rice bran::RealV6_米糠_sample4,Rice bran
132,12,11,Brown rice::RealV6_糙米_sample3,Brown rice
132,12,12,Sorghum::RealV6_高粱_sample1,Sorghum
133,3,1,Rice bran::RealV6_米糠_sample1,Rice bran
133,3,2,Brown rice::RealV6_糙米_sample3,Brown rice
133,3,3,Rapeseed cake::RealV6_菜籽饼_sample2,Rapeseed cake
133,6,1,Rice bran::RealV6_米糠_sample1,Rice bran
133,6,2,Brown rice::RealV6_糙米_sample3,Brown rice
133,6,3,Rapeseed cake::RealV6_菜籽饼_sample2,Rapeseed cake
133,6,4,Paddy rice::RealV6_稻谷_sample7,Paddy rice
133,6,5,Rice bran::RealV6_米糠_sample3,Rice bran
133,6,6,Barley::RealV6_大麦_sample5,Barley
133,9,1,Rice bran::RealV6_米糠_sample1,Rice bran
133,9,2,Brown rice::RealV6_糙米_sample3,Brown rice
133,9,3,Rapeseed cake::RealV6_菜籽饼_sample2,Rapeseed cake
133,9,4,Paddy rice::RealV6_稻谷_sample7,Paddy rice
133,9,5,Rice bran::RealV6_米糠_sample3,Rice bran
133,9,6,Barley::RealV6_大麦_sample5,Barley
133,9,7,Rice bran::RealV6_米糠_sample10,Rice bran
133,9,8,Barley::RealV6_大麦_sample2,Barley
133,9,9,Paddy rice::RealV6_稻谷_sample10,Paddy rice
133,12,1,Rice bran::RealV6_米糠_sample1,Rice bran
133,12,2,Brown rice::RealV6_糙米_sample3,Brown rice
133,12,3,Rapeseed cake::RealV6_菜籽饼_sample2,Rapeseed cake
133,12,4,Paddy rice::RealV6_稻谷_sample7,Paddy rice
133,12,5,Rice bran::RealV6_米糠_sample3,Rice bran
133,12,6,Barley::RealV6_大麦_sample5,Barley
133,12,7,Rice bran::RealV6_米糠_sample10,Rice bran
133,12,8,Barley::RealV6_大麦_sample2,Barley
133,12,9,Paddy rice::RealV6_稻谷_sample10,Paddy rice
133,12,10,Barley::RealV6_大麦_sample1,Barley
133,12,11,Sorghum::RealV6_高粱_sample10,Sorghum
133,12,12,Sorghum::RealV6_高粱_sample5,Sorghum
134,3,1,Barley::RealV6_大麦_sample1,Barley
134,3,2,Rapeseed cake::RealV6_菜籽饼_sample4,Rapeseed cake
134,3,3,Cassava::RealV6_木薯_sample6,Cassava
134,6,1,Barley::RealV6_大麦_sample1,Barley
134,6,2,Rapeseed cake::RealV6_菜籽饼_sample4,Rapeseed cake
134,6,3,Cassava::RealV6_木薯_sample6,Cassava
134,6,4,Cassava::RealV6_木薯_sample2,Cassava
134,6,5,Barley::RealV6_大麦_sample9,Barley
134,6,6,Paddy rice::RealV6_稻谷_sample5,Paddy rice
134,9,1,Barley::RealV6_大麦_sample1,Barley
134,9,2,Rapeseed cake::RealV6_菜籽饼_sample4,Rapeseed cake
134,9,3,Cassava::RealV6_木薯_sample6,Cassava
134,9,4,Cassava::RealV6_木薯_sample2,Cassava
134,9,5,Barley::RealV6_大麦_sample9,Barley
134,9,6,Paddy rice::RealV6_稻谷_sample5,Paddy rice
134,9,7,Paddy rice::RealV6_稻谷_sample3,Paddy rice
134,9,8,Brown rice::RealV6_糙米_sample9,Brown rice
134,9,9,Rice bran::RealV6_米糠_sample10,Rice bran
134,12,1,Barley::RealV6_大麦_sample1,Barley
134,12,2,Rapeseed cake::RealV6_菜籽饼_sample4,Rapeseed cake
134,12,3,Cassava::RealV6_木薯_sample6,Cassava
134,12,4,Cassava::RealV6_木薯_sample2,Cassava
134,12,5,Barley::RealV6_大麦_sample9,Barley
134,12,6,Paddy rice::RealV6_稻谷_sample5,Paddy rice
134,12,7,Paddy rice::RealV6_稻谷_sample3,Paddy rice
134,12,8,Brown rice::RealV6_糙米_sample9,Brown rice
134,12,9,Rice bran::RealV6_米糠_sample10,Rice bran
134,12,10,Rapeseed cake::RealV6_菜籽饼_sample1,Rapeseed cake
134,12,11,Paddy rice::RealV6_稻谷_sample10,Paddy rice
134,12,12,Wheat::RealV6_小麦_sample5,Wheat
135,3,1,Rapeseed cake::RealV6_菜籽饼_sample5,Rapeseed cake
135,3,2,Cassava::RealV6_木薯_sample9,Cassava
135,3,3,Barley::RealV6_大麦_sample9,Barley
135,6,1,Rapeseed cake::RealV6_菜籽饼_sample5,Rapeseed cake
135,6,2,Cassava::RealV6_木薯_sample9,Cassava
135,6,3,Barley::RealV6_大麦_sample9,Barley
135,6,4,Sorghum::RealV6_高粱_sample8,Sorghum
135,6,5,Wheat bran::RealV6_小麦麸_sample3,Wheat bran
135,6,6,Paddy rice::RealV6_稻谷_sample3,Paddy rice
135,9,1,Rapeseed cake::RealV6_菜籽饼_sample5,Rapeseed cake
135,9,2,Cassava::RealV6_木薯_sample9,Cassava
135,9,3,Barley::RealV6_大麦_sample9,Barley
135,9,4,Sorghum::RealV6_高粱_sample8,Sorghum
135,9,5,Wheat bran::RealV6_小麦麸_sample3,Wheat bran
135,9,6,Paddy rice::RealV6_稻谷_sample3,Paddy rice
135,9,7,Wheat::RealV6_小麦_sample4,Wheat
135,9,8,Sorghum::RealV6_高粱_sample7,Sorghum
135,9,9,Sorghum::RealV6_高粱_sample3,Sorghum
135,12,1,Rapeseed cake::RealV6_菜籽饼_sample5,Rapeseed cake
135,12,2,Cassava::RealV6_木薯_sample9,Cassava
135,12,3,Barley::RealV6_大麦_sample9,Barley
135,12,4,Sorghum::RealV6_高粱_sample8,Sorghum
135,12,5,Wheat bran::RealV6_小麦麸_sample3,Wheat bran
135,12,6,Paddy rice::RealV6_稻谷_sample3,Paddy rice
135,12,7,Wheat::RealV6_小麦_sample4,Wheat
135,12,8,Sorghum::RealV6_高粱_sample7,Sorghum
135,12,9,Sorghum::RealV6_高粱_sample3,Sorghum
135,12,10,Rapeseed cake::RealV6_菜籽饼_sample1,Rapeseed cake
135,12,11,Wheat::RealV6_小麦_sample9,Wheat
135,12,12,Wheat bran::RealV6_小麦麸_sample2,Wheat bran
136,3,1,Wheat bran::RealV6_小麦麸_sample10,Wheat bran
136,3,2,Sorghum::RealV6_高粱_sample6,Sorghum
136,3,3,Cassava::RealV6_木薯_sample3,Cassava
136,6,1,Wheat bran::RealV6_小麦麸_sample10,Wheat bran
136,6,2,Sorghum::RealV6_高粱_sample6,Sorghum
136,6,3,Cassava::RealV6_木薯_sample3,Cassava
136,6,4,Wheat bran::RealV6_小麦麸_sample3,Wheat bran
136,6,5,Rapeseed cake::RealV6_菜籽饼_sample7,Rapeseed cake
136,6,6,Rapeseed cake::RealV6_菜籽饼_sample4,Rapeseed cake
136,9,1,Wheat bran::RealV6_小麦麸_sample10,Wheat bran
136,9,2,Sorghum::RealV6_高粱_sample6,Sorghum
136,9,3,Cassava::RealV6_木薯_sample3,Cassava
136,9,4,Wheat bran::RealV6_小麦麸_sample3,Wheat bran
136,9,5,Rapeseed cake::RealV6_菜籽饼_sample7,Rapeseed cake
136,9,6,Rapeseed cake::RealV6_菜籽饼_sample4,Rapeseed cake
136,9,7,Rapeseed cake::RealV6_菜籽饼_sample5,Rapeseed cake
136,9,8,Wheat::RealV6_小麦_sample2,Wheat
136,9,9,Wheat::RealV6_小麦_sample7,Wheat
136,12,1,Wheat bran::RealV6_小麦麸_sample10,Wheat bran
136,12,2,Sorghum::RealV6_高粱_sample6,Sorghum
136,12,3,Cassava::RealV6_木薯_sample3,Cassava
136,12,4,Wheat bran::RealV6_小麦麸_sample3,Wheat bran
136,12,5,Rapeseed cake::RealV6_菜籽饼_sample7,Rapeseed cake
136,12,6,Rapeseed cake::RealV6_菜籽饼_sample4,Rapeseed cake
136,12,7,Rapeseed cake::RealV6_菜籽饼_sample5,Rapeseed cake
136,12,8,Wheat::RealV6_小麦_sample2,Wheat
136,12,9,Wheat::RealV6_小麦_sample7,Wheat
136,12,10,Paddy rice::RealV6_稻谷_sample5,Paddy rice
136,12,11,Brown rice::RealV6_糙米_sample1,Brown rice
136,12,12,Sorghum::RealV6_高粱_sample4,Sorghum
137,3,1,Rapeseed cake::RealV6_菜籽饼_sample7,Rapeseed cake
137,3,2,Wheat bran::RealV6_小麦麸_sample1,Wheat bran
137,3,3,Brown rice::RealV6_糙米_sample3,Brown rice
137,6,1,Rapeseed cake::RealV6_菜籽饼_sample7,Rapeseed cake
137,6,2,Wheat bran::RealV6_小麦麸_sample1,Wheat bran
137,6,3,Brown rice::RealV6_糙米_sample3,Brown rice
137,6,4,Barley::RealV6_大麦_sample9,Barley
137,6,5,Cassava::RealV6_木薯_sample7,Cassava
137,6,6,Wheat bran::RealV6_小麦麸_sample9,Wheat bran
137,9,1,Rapeseed cake::RealV6_菜籽饼_sample7,Rapeseed cake
137,9,2,Wheat bran::RealV6_小麦麸_sample1,Wheat bran
137,9,3,Brown rice::RealV6_糙米_sample3,Brown rice
137,9,4,Barley::RealV6_大麦_sample9,Barley
137,9,5,Cassava::RealV6_木薯_sample7,Cassava
137,9,6,Wheat bran::RealV6_小麦麸_sample9,Wheat bran
137,9,7,Barley::RealV6_大麦_sample5,Barley
137,9,8,Paddy rice::RealV6_稻谷_sample3,Paddy rice
137,9,9,Cassava::RealV6_木薯_sample1,Cassava
137,12,1,Rapeseed cake::RealV6_菜籽饼_sample7,Rapeseed cake
137,12,2,Wheat bran::RealV6_小麦麸_sample1,Wheat bran
137,12,3,Brown rice::RealV6_糙米_sample3,Brown rice
137,12,4,Barley::RealV6_大麦_sample9,Barley
137,12,5,Cassava::RealV6_木薯_sample7,Cassava
137,12,6,Wheat bran::RealV6_小麦麸_sample9,Wheat bran
137,12,7,Barley::RealV6_大麦_sample5,Barley
137,12,8,Paddy rice::RealV6_稻谷_sample3,Paddy rice
137,12,9,Cassava::RealV6_木薯_sample1,Cassava
137,12,10,Cassava::RealV6_木薯_sample6,Cassava
137,12,11,Barley::RealV6_大麦_sample7,Barley
137,12,12,Sorghum::RealV6_高粱_sample4,Sorghum
138,3,1,Barley::RealV6_大麦_sample2,Barley
138,3,2,Rapeseed cake::RealV6_菜籽饼_sample4,Rapeseed cake
138,3,3,Rapeseed cake::RealV6_菜籽饼_sample2,Rapeseed cake
138,6,1,Barley::RealV6_大麦_sample2,Barley
138,6,2,Rapeseed cake::RealV6_菜籽饼_sample4,Rapeseed cake
138,6,3,Rapeseed cake::RealV6_菜籽饼_sample2,Rapeseed cake
138,6,4,Rapeseed cake::RealV6_菜籽饼_sample3,Rapeseed cake
138,6,5,Rapeseed cake::RealV6_菜籽饼_sample10,Rapeseed cake
138,6,6,Cassava::RealV6_木薯_sample4,Cassava
138,9,1,Barley::RealV6_大麦_sample2,Barley
138,9,2,Rapeseed cake::RealV6_菜籽饼_sample4,Rapeseed cake
138,9,3,Rapeseed cake::RealV6_菜籽饼_sample2,Rapeseed cake
138,9,4,Rapeseed cake::RealV6_菜籽饼_sample3,Rapeseed cake
138,9,5,Rapeseed cake::RealV6_菜籽饼_sample10,Rapeseed cake
138,9,6,Cassava::RealV6_木薯_sample4,Cassava
138,9,7,Sorghum::RealV6_高粱_sample8,Sorghum
138,9,8,Wheat::RealV6_小麦_sample8,Wheat
138,9,9,Rapeseed cake::RealV6_菜籽饼_sample7,Rapeseed cake
138,12,1,Barley::RealV6_大麦_sample2,Barley
138,12,2,Rapeseed cake::RealV6_菜籽饼_sample4,Rapeseed cake
138,12,3,Rapeseed cake::RealV6_菜籽饼_sample2,Rapeseed cake
138,12,4,Rapeseed cake::RealV6_菜籽饼_sample3,Rapeseed cake
138,12,5,Rapeseed cake::RealV6_菜籽饼_sample10,Rapeseed cake
138,12,6,Cassava::RealV6_木薯_sample4,Cassava
138,12,7,Sorghum::RealV6_高粱_sample8,Sorghum
138,12,8,Wheat::RealV6_小麦_sample8,Wheat
138,12,9,Rapeseed cake::RealV6_菜籽饼_sample7,Rapeseed cake
138,12,10,Rice bran::RealV6_米糠_sample7,Rice bran
138,12,11,Rice bran::RealV6_米糠_sample4,Rice bran
138,12,12,Sorghum::RealV6_高粱_sample7,Sorghum
139,3,1,Brown rice::RealV6_糙米_sample4,Brown rice
139,3,2,Cassava::RealV6_木薯_sample5,Cassava
139,3,3,Cassava::RealV6_木薯_sample10,Cassava
139,6,1,Brown rice::RealV6_糙米_sample4,Brown rice
139,6,2,Cassava::RealV6_木薯_sample5,Cassava
139,6,3,Cassava::RealV6_木薯_sample10,Cassava
139,6,4,Paddy rice::RealV6_稻谷_sample11,Paddy rice
139,6,5,Cassava::RealV6_木薯_sample1,Cassava
139,6,6,Rice bran::RealV6_米糠_sample1,Rice bran
139,9,1,Brown rice::RealV6_糙米_sample4,Brown rice
139,9,2,Cassava::RealV6_木薯_sample5,Cassava
139,9,3,Cassava::RealV6_木薯_sample10,Cassava
139,9,4,Paddy rice::RealV6_稻谷_sample11,Paddy rice
139,9,5,Cassava::RealV6_木薯_sample1,Cassava
139,9,6,Rice bran::RealV6_米糠_sample1,Rice bran
139,9,7,Sorghum::RealV6_高粱_sample7,Sorghum
139,9,8,Rice bran::RealV6_米糠_sample5,Rice bran
139,9,9,Paddy rice::RealV6_稻谷_sample5,Paddy rice
139,12,1,Brown rice::RealV6_糙米_sample4,Brown rice
139,12,2,Cassava::RealV6_木薯_sample5,Cassava
139,12,3,Cassava::RealV6_木薯_sample10,Cassava
139,12,4,Paddy rice::RealV6_稻谷_sample11,Paddy rice
139,12,5,Cassava::RealV6_木薯_sample1,Cassava
139,12,6,Rice bran::RealV6_米糠_sample1,Rice bran
139,12,7,Sorghum::RealV6_高粱_sample7,Sorghum
139,12,8,Rice bran::RealV6_米糠_sample5,Rice bran
139,12,9,Paddy rice::RealV6_稻谷_sample5,Paddy rice
139,12,10,Barley::RealV6_大麦_sample2,Barley
139,12,11,Paddy rice::RealV6_稻谷_sample3,Paddy rice
139,12,12,Rapeseed cake::RealV6_菜籽饼_sample8,Rapeseed cake
140,3,1,Wheat::RealV6_小麦_sample6,Wheat
140,3,2,Rapeseed cake::RealV6_菜籽饼_sample10,Rapeseed cake
140,3,3,Sorghum::RealV6_高粱_sample5,Sorghum
140,6,1,Wheat::RealV6_小麦_sample6,Wheat
140,6,2,Rapeseed cake::RealV6_菜籽饼_sample10,Rapeseed cake
140,6,3,Sorghum::RealV6_高粱_sample5,Sorghum
140,6,4,Wheat bran::RealV6_小麦麸_sample7,Wheat bran
140,6,5,Rapeseed cake::RealV6_菜籽饼_sample2,Rapeseed cake
140,6,6,Rice bran::RealV6_米糠_sample6,Rice bran
140,9,1,Wheat::RealV6_小麦_sample6,Wheat
140,9,2,Rapeseed cake::RealV6_菜籽饼_sample10,Rapeseed cake
140,9,3,Sorghum::RealV6_高粱_sample5,Sorghum
140,9,4,Wheat bran::RealV6_小麦麸_sample7,Wheat bran
140,9,5,Rapeseed cake::RealV6_菜籽饼_sample2,Rapeseed cake
140,9,6,Rice bran::RealV6_米糠_sample6,Rice bran
140,9,7,Rapeseed cake::RealV6_菜籽饼_sample1,Rapeseed cake
140,9,8,Paddy rice::RealV6_稻谷_sample9,Paddy rice
140,9,9,Brown rice::RealV6_糙米_sample6,Brown rice
140,12,1,Wheat::RealV6_小麦_sample6,Wheat
140,12,2,Rapeseed cake::RealV6_菜籽饼_sample10,Rapeseed cake
140,12,3,Sorghum::RealV6_高粱_sample5,Sorghum
140,12,4,Wheat bran::RealV6_小麦麸_sample7,Wheat bran
140,12,5,Rapeseed cake::RealV6_菜籽饼_sample2,Rapeseed cake
140,12,6,Rice bran::RealV6_米糠_sample6,Rice bran
140,12,7,Rapeseed cake::RealV6_菜籽饼_sample1,Rapeseed cake
140,12,8,Paddy rice::RealV6_稻谷_sample9,Paddy rice
140,12,9,Brown rice::RealV6_糙米_sample6,Brown rice
140,12,10,Rice bran::RealV6_米糠_sample8,Rice bran
140,12,11,Rice bran::RealV6_米糠_sample9,Rice bran
140,12,12,Brown rice::RealV6_糙米_sample3,Brown rice
141,3,1,Paddy rice::RealV6_稻谷_sample1,Paddy rice
141,3,2,Sorghum::RealV6_高粱_sample10,Sorghum
141,3,3,Wheat::RealV6_小麦_sample1,Wheat
141,6,1,Paddy rice::RealV6_稻谷_sample1,Paddy rice
141,6,2,Sorghum::RealV6_高粱_sample10,Sorghum
141,6,3,Wheat::RealV6_小麦_sample1,Wheat
141,6,4,Wheat bran::RealV6_小麦麸_sample8,Wheat bran
141,6,5,Rice bran::RealV6_米糠_sample2,Rice bran
141,6,6,Rapeseed cake::RealV6_菜籽饼_sample4,Rapeseed cake
141,9,1,Paddy rice::RealV6_稻谷_sample1,Paddy rice
141,9,2,Sorghum::RealV6_高粱_sample10,Sorghum
141,9,3,Wheat::RealV6_小麦_sample1,Wheat
141,9,4,Wheat bran::RealV6_小麦麸_sample8,Wheat bran
141,9,5,Rice bran::RealV6_米糠_sample2,Rice bran
141,9,6,Rapeseed cake::RealV6_菜籽饼_sample4,Rapeseed cake
141,9,7,Sorghum::RealV6_高粱_sample6,Sorghum
141,9,8,Wheat::RealV6_小麦_sample6,Wheat
141,9,9,Cassava::RealV6_木薯_sample10,Cassava
141,12,1,Paddy rice::RealV6_稻谷_sample1,Paddy rice
141,12,2,Sorghum::RealV6_高粱_sample10,Sorghum
141,12,3,Wheat::RealV6_小麦_sample1,Wheat
141,12,4,Wheat bran::RealV6_小麦麸_sample8,Wheat bran
141,12,5,Rice bran::RealV6_米糠_sample2,Rice bran
141,12,6,Rapeseed cake::RealV6_菜籽饼_sample4,Rapeseed cake
141,12,7,Sorghum::RealV6_高粱_sample6,Sorghum
141,12,8,Wheat::RealV6_小麦_sample6,Wheat
141,12,9,Cassava::RealV6_木薯_sample10,Cassava
141,12,10,Wheat::RealV6_小麦_sample3,Wheat
141,12,11,Cassava::RealV6_木薯_sample4,Cassava
141,12,12,Paddy rice::RealV6_稻谷_sample6,Paddy rice
142,3,1,Brown rice::RealV6_糙米_sample7,Brown rice
142,3,2,Rice bran::RealV6_米糠_sample7,Rice bran
142,3,3,Barley::RealV6_大麦_sample10,Barley
142,6,1,Brown rice::RealV6_糙米_sample7,Brown rice
142,6,2,Rice bran::RealV6_米糠_sample7,Rice bran
142,6,3,Barley::RealV6_大麦_sample10,Barley
142,6,4,Sorghum::RealV6_高粱_sample6,Sorghum
142,6,5,Sorghum::RealV6_高粱_sample5,Sorghum
142,6,6,Paddy rice::RealV6_稻谷_sample8,Paddy rice
142,9,1,Brown rice::RealV6_糙米_sample7,Brown rice
142,9,2,Rice bran::RealV6_米糠_sample7,Rice bran
142,9,3,Barley::RealV6_大麦_sample10,Barley
142,9,4,Sorghum::RealV6_高粱_sample6,Sorghum
142,9,5,Sorghum::RealV6_高粱_sample5,Sorghum
142,9,6,Paddy rice::RealV6_稻谷_sample8,Paddy rice
142,9,7,Wheat::RealV6_小麦_sample3,Wheat
142,9,8,Barley::RealV6_大麦_sample1,Barley
142,9,9,Rapeseed cake::RealV6_菜籽饼_sample5,Rapeseed cake
142,12,1,Brown rice::RealV6_糙米_sample7,Brown rice
142,12,2,Rice bran::RealV6_米糠_sample7,Rice bran
142,12,3,Barley::RealV6_大麦_sample10,Barley
142,12,4,Sorghum::RealV6_高粱_sample6,Sorghum
142,12,5,Sorghum::RealV6_高粱_sample5,Sorghum
142,12,6,Paddy rice::RealV6_稻谷_sample8,Paddy rice
142,12,7,Wheat::RealV6_小麦_sample3,Wheat
142,12,8,Barley::RealV6_大麦_sample1,Barley
142,12,9,Rapeseed cake::RealV6_菜籽饼_sample5,Rapeseed cake
142,12,10,Sorghum::RealV6_高粱_sample8,Sorghum
142,12,11,Wheat bran::RealV6_小麦麸_sample9,Wheat bran
142,12,12,Wheat bran::RealV6_小麦麸_sample4,Wheat bran
143,3,1,Wheat::RealV6_小麦_sample5,Wheat
143,3,2,Brown rice::RealV6_糙米_sample1,Brown rice
143,3,3,Sorghum::RealV6_高粱_sample10,Sorghum
143,6,1,Wheat::RealV6_小麦_sample5,Wheat
143,6,2,Brown rice::RealV6_糙米_sample1,Brown rice
143,6,3,Sorghum::RealV6_高粱_sample10,Sorghum
143,6,4,Brown rice::RealV6_糙米_sample9,Brown rice
143,6,5,Paddy rice::RealV6_稻谷_sample7,Paddy rice
143,6,6,Cassava::RealV6_木薯_sample1,Cassava
143,9,1,Wheat::RealV6_小麦_sample5,Wheat
143,9,2,Brown rice::RealV6_糙米_sample1,Brown rice
143,9,3,Sorghum::RealV6_高粱_sample10,Sorghum
143,9,4,Brown rice::RealV6_糙米_sample9,Brown rice
143,9,5,Paddy rice::RealV6_稻谷_sample7,Paddy rice
143,9,6,Cassava::RealV6_木薯_sample1,Cassava
143,9,7,Wheat::RealV6_小麦_sample7,Wheat
143,9,8,Rapeseed cake::RealV6_菜籽饼_sample8,Rapeseed cake
143,9,9,Wheat bran::RealV6_小麦麸_sample3,Wheat bran
143,12,1,Wheat::RealV6_小麦_sample5,Wheat
143,12,2,Brown rice::RealV6_糙米_sample1,Brown rice
143,12,3,Sorghum::RealV6_高粱_sample10,Sorghum
143,12,4,Brown rice::RealV6_糙米_sample9,Brown rice
143,12,5,Paddy rice::RealV6_稻谷_sample7,Paddy rice
143,12,6,Cassava::RealV6_木薯_sample1,Cassava
143,12,7,Wheat::RealV6_小麦_sample7,Wheat
143,12,8,Rapeseed cake::RealV6_菜籽饼_sample8,Rapeseed cake
143,12,9,Wheat bran::RealV6_小麦麸_sample3,Wheat bran
143,12,10,Paddy rice::RealV6_稻谷_sample3,Paddy rice
143,12,11,Rapeseed cake::RealV6_菜籽饼_sample9,Rapeseed cake
143,12,12,Paddy rice::RealV6_稻谷_sample2,Paddy rice
144,3,1,Brown rice::RealV6_糙米_sample4,Brown rice
144,3,2,Barley::RealV6_大麦_sample7,Barley
144,3,3,Rapeseed cake::RealV6_菜籽饼_sample8,Rapeseed cake
144,6,1,Brown rice::RealV6_糙米_sample4,Brown rice
144,6,2,Barley::RealV6_大麦_sample7,Barley
144,6,3,Rapeseed cake::RealV6_菜籽饼_sample8,Rapeseed cake
144,6,4,Wheat bran::RealV6_小麦麸_sample6,Wheat bran
144,6,5,Cassava::RealV6_木薯_sample2,Cassava
144,6,6,Brown rice::RealV6_糙米_sample5,Brown rice
144,9,1,Brown rice::RealV6_糙米_sample4,Brown rice
144,9,2,Barley::RealV6_大麦_sample7,Barley
144,9,3,Rapeseed cake::RealV6_菜籽饼_sample8,Rapeseed cake
144,9,4,Wheat bran::RealV6_小麦麸_sample6,Wheat bran
144,9,5,Cassava::RealV6_木薯_sample2,Cassava
144,9,6,Brown rice::RealV6_糙米_sample5,Brown rice
144,9,7,Paddy rice::RealV6_稻谷_sample5,Paddy rice
144,9,8,Rapeseed cake::RealV6_菜籽饼_sample1,Rapeseed cake
144,9,9,Brown rice::RealV6_糙米_sample1,Brown rice
144,12,1,Brown rice::RealV6_糙米_sample4,Brown rice
144,12,2,Barley::RealV6_大麦_sample7,Barley
144,12,3,Rapeseed cake::RealV6_菜籽饼_sample8,Rapeseed cake
144,12,4,Wheat bran::RealV6_小麦麸_sample6,Wheat bran
144,12,5,Cassava::RealV6_木薯_sample2,Cassava
144,12,6,Brown rice::RealV6_糙米_sample5,Brown rice
144,12,7,Paddy rice::RealV6_稻谷_sample5,Paddy rice
144,12,8,Rapeseed cake::RealV6_菜籽饼_sample1,Rapeseed cake
144,12,9,Brown rice::RealV6_糙米_sample1,Brown rice
144,12,10,Rapeseed cake::RealV6_菜籽饼_sample6,Rapeseed cake
144,12,11,Rice bran::RealV6_米糠_sample8,Rice bran
144,12,12,Sorghum::RealV6_高粱_sample9,Sorghum
145,3,1,Rice bran::RealV6_米糠_sample3,Rice bran
145,3,2,Brown rice::RealV6_糙米_sample8,Brown rice
145,3,3,Wheat::RealV6_小麦_sample4,Wheat
145,6,1,Rice bran::RealV6_米糠_sample3,Rice bran
145,6,2,Brown rice::RealV6_糙米_sample8,Brown rice
145,6,3,Wheat::RealV6_小麦_sample4,Wheat
145,6,4,Brown rice::RealV6_糙米_sample5,Brown rice
145,6,5,Cassava::RealV6_木薯_sample2,Cassava
145,6,6,Barley::RealV6_大麦_sample4,Barley
145,9,1,Rice bran::RealV6_米糠_sample3,Rice bran
145,9,2,Brown rice::RealV6_糙米_sample8,Brown rice
145,9,3,Wheat::RealV6_小麦_sample4,Wheat
145,9,4,Brown rice::RealV6_糙米_sample5,Brown rice
145,9,5,Cassava::RealV6_木薯_sample2,Cassava
145,9,6,Barley::RealV6_大麦_sample4,Barley
145,9,7,Rice bran::RealV6_米糠_sample2,Rice bran
145,9,8,Sorghum::RealV6_高粱_sample3,Sorghum
145,9,9,Wheat bran::RealV6_小麦麸_sample5,Wheat bran
145,12,1,Rice bran::RealV6_米糠_sample3,Rice bran
145,12,2,Brown rice::RealV6_糙米_sample8,Brown rice
145,12,3,Wheat::RealV6_小麦_sample4,Wheat
145,12,4,Brown rice::RealV6_糙米_sample5,Brown rice
145,12,5,Cassava::RealV6_木薯_sample2,Cassava
145,12,6,Barley::RealV6_大麦_sample4,Barley
145,12,7,Rice bran::RealV6_米糠_sample2,Rice bran
145,12,8,Sorghum::RealV6_高粱_sample3,Sorghum
145,12,9,Wheat bran::RealV6_小麦麸_sample5,Wheat bran
145,12,10,Paddy rice::RealV6_稻谷_sample9,Paddy rice
145,12,11,Barley::RealV6_大麦_sample9,Barley
145,12,12,Rapeseed cake::RealV6_菜籽饼_sample6,Rapeseed cake
146,3,1,Paddy rice::RealV6_稻谷_sample4,Paddy rice
146,3,2,Wheat bran::RealV6_小麦麸_sample8,Wheat bran
146,3,3,Wheat::RealV6_小麦_sample8,Wheat
146,6,1,Paddy rice::RealV6_稻谷_sample4,Paddy rice
146,6,2,Wheat bran::RealV6_小麦麸_sample8,Wheat bran
146,6,3,Wheat::RealV6_小麦_sample8,Wheat
146,6,4,Brown rice::RealV6_糙米_sample2,Brown rice
146,6,5,Brown rice::RealV6_糙米_sample5,Brown rice
146,6,6,Rice bran::RealV6_米糠_sample3,Rice bran
146,9,1,Paddy rice::RealV6_稻谷_sample4,Paddy rice
146,9,2,Wheat bran::RealV6_小麦麸_sample8,Wheat bran
146,9,3,Wheat::RealV6_小麦_sample8,Wheat
146,9,4,Brown rice::RealV6_糙米_sample2,Brown rice
146,9,5,Brown rice::RealV6_糙米_sample5,Brown rice
146,9,6,Rice bran::RealV6_米糠_sample3,Rice bran
146,9,7,Cassava::RealV6_木薯_sample4,Cassava
146,9,8,Cassava::RealV6_木薯_sample7,Cassava
146,9,9,Rapeseed cake::RealV6_菜籽饼_sample7,Rapeseed cake
146,12,1,Paddy rice::RealV6_稻谷_sample4,Paddy rice
146,12,2,Wheat bran::RealV6_小麦麸_sample8,Wheat bran
146,12,3,Wheat::RealV6_小麦_sample8,Wheat
146,12,4,Brown rice::RealV6_糙米_sample2,Brown rice
146,12,5,Brown rice::RealV6_糙米_sample5,Brown rice
146,12,6,Rice bran::RealV6_米糠_sample3,Rice bran
146,12,7,Cassava::RealV6_木薯_sample4,Cassava
146,12,8,Cassava::RealV6_木薯_sample7,Cassava
146,12,9,Rapeseed cake::RealV6_菜籽饼_sample7,Rapeseed cake
146,12,10,Brown rice::RealV6_糙米_sample1,Brown rice
146,12,11,Wheat bran::RealV6_小麦麸_sample10,Wheat bran
146,12,12,Rice bran::RealV6_米糠_sample9,Rice bran
147,3,1,Rice bran::RealV6_米糠_sample9,Rice bran
147,3,2,Barley::RealV6_大麦_sample7,Barley
147,3,3,Barley::RealV6_大麦_sample5,Barley
147,6,1,Rice bran::RealV6_米糠_sample9,Rice bran
147,6,2,Barley::RealV6_大麦_sample7,Barley
147,6,3,Barley::RealV6_大麦_sample5,Barley
147,6,4,Wheat::RealV6_小麦_sample4,Wheat
147,6,5,Brown rice::RealV6_糙米_sample2,Brown rice
147,6,6,Wheat::RealV6_小麦_sample1,Wheat
147,9,1,Rice bran::RealV6_米糠_sample9,Rice bran
147,9,2,Barley::RealV6_大麦_sample7,Barley
147,9,3,Barley::RealV6_大麦_sample5,Barley
147,9,4,Wheat::RealV6_小麦_sample4,Wheat
147,9,5,Brown rice::RealV6_糙米_sample2,Brown rice
147,9,6,Wheat::RealV6_小麦_sample1,Wheat
147,9,7,Paddy rice::RealV6_稻谷_sample2,Paddy rice
147,9,8,Barley::RealV6_大麦_sample10,Barley
147,9,9,Sorghum::RealV6_高粱_sample9,Sorghum
147,12,1,Rice bran::RealV6_米糠_sample9,Rice bran
147,12,2,Barley::RealV6_大麦_sample7,Barley
147,12,3,Barley::RealV6_大麦_sample5,Barley
147,12,4,Wheat::RealV6_小麦_sample4,Wheat
147,12,5,Brown rice::RealV6_糙米_sample2,Brown rice
147,12,6,Wheat::RealV6_小麦_sample1,Wheat
147,12,7,Paddy rice::RealV6_稻谷_sample2,Paddy rice
147,12,8,Barley::RealV6_大麦_sample10,Barley
147,12,9,Sorghum::RealV6_高粱_sample9,Sorghum
147,12,10,Cassava::RealV6_木薯_sample1,Cassava
147,12,11,Rapeseed cake::RealV6_菜籽饼_sample5,Rapeseed cake
147,12,12,Paddy rice::RealV6_稻谷_sample9,Paddy rice
148,3,1,Brown rice::RealV6_糙米_sample10,Brown rice
148,3,2,Rice bran::RealV6_米糠_sample9,Rice bran
148,3,3,Sorghum::RealV6_高粱_sample5,Sorghum
148,6,1,Brown rice::RealV6_糙米_sample10,Brown rice
148,6,2,Rice bran::RealV6_米糠_sample9,Rice bran
148,6,3,Sorghum::RealV6_高粱_sample5,Sorghum
148,6,4,Paddy rice::RealV6_稻谷_sample1,Paddy rice
148,6,5,Rice bran::RealV6_米糠_sample1,Rice bran
148,6,6,Rice bran::RealV6_米糠_sample4,Rice bran
148,9,1,Brown rice::RealV6_糙米_sample10,Brown rice
148,9,2,Rice bran::RealV6_米糠_sample9,Rice bran
148,9,3,Sorghum::RealV6_高粱_sample5,Sorghum
148,9,4,Paddy rice::RealV6_稻谷_sample1,Paddy rice
148,9,5,Rice bran::RealV6_米糠_sample1,Rice bran
148,9,6,Rice bran::RealV6_米糠_sample4,Rice bran
148,9,7,Wheat bran::RealV6_小麦麸_sample5,Wheat bran
148,9,8,Wheat bran::RealV6_小麦麸_sample3,Wheat bran
148,9,9,Cassava::RealV6_木薯_sample3,Cassava
148,12,1,Brown rice::RealV6_糙米_sample10,Brown rice
148,12,2,Rice bran::RealV6_米糠_sample9,Rice bran
148,12,3,Sorghum::RealV6_高粱_sample5,Sorghum
148,12,4,Paddy rice::RealV6_稻谷_sample1,Paddy rice
148,12,5,Rice bran::RealV6_米糠_sample1,Rice bran
148,12,6,Rice bran::RealV6_米糠_sample4,Rice bran
148,12,7,Wheat bran::RealV6_小麦麸_sample5,Wheat bran
148,12,8,Wheat bran::RealV6_小麦麸_sample3,Wheat bran
148,12,9,Cassava::RealV6_木薯_sample3,Cassava
148,12,10,Paddy rice::RealV6_稻谷_sample11,Paddy rice
148,12,11,Brown rice::RealV6_糙米_sample7,Brown rice
148,12,12,Wheat::RealV6_小麦_sample3,Wheat
149,3,1,Wheat bran::RealV6_小麦麸_sample10,Wheat bran
149,3,2,Barley::RealV6_大麦_sample9,Barley
149,3,3,Wheat bran::RealV6_小麦麸_sample3,Wheat bran
149,6,1,Wheat bran::RealV6_小麦麸_sample10,Wheat bran
149,6,2,Barley::RealV6_大麦_sample9,Barley
149,6,3,Wheat bran::RealV6_小麦麸_sample3,Wheat bran
149,6,4,Wheat::RealV6_小麦_sample9,Wheat
149,6,5,Rice bran::RealV6_米糠_sample10,Rice bran
149,6,6,Rapeseed cake::RealV6_菜籽饼_sample5,Rapeseed cake
149,9,1,Wheat bran::RealV6_小麦麸_sample10,Wheat bran
149,9,2,Barley::RealV6_大麦_sample9,Barley
149,9,3,Wheat bran::RealV6_小麦麸_sample3,Wheat bran
149,9,4,Wheat::RealV6_小麦_sample9,Wheat
149,9,5,Rice bran::RealV6_米糠_sample10,Rice bran
149,9,6,Rapeseed cake::RealV6_菜籽饼_sample5,Rapeseed cake
149,9,7,Sorghum::RealV6_高粱_sample6,Sorghum
149,9,8,Rice bran::RealV6_米糠_sample7,Rice bran
149,9,9,Sorghum::RealV6_高粱_sample8,Sorghum
149,12,1,Wheat bran::RealV6_小麦麸_sample10,Wheat bran
149,12,2,Barley::RealV6_大麦_sample9,Barley
149,12,3,Wheat bran::RealV6_小麦麸_sample3,Wheat bran
149,12,4,Wheat::RealV6_小麦_sample9,Wheat
149,12,5,Rice bran::RealV6_米糠_sample10,Rice bran
149,12,6,Rapeseed cake::RealV6_菜籽饼_sample5,Rapeseed cake
149,12,7,Sorghum::RealV6_高粱_sample6,Sorghum
149,12,8,Rice bran::RealV6_米糠_sample7,Rice bran
149,12,9,Sorghum::RealV6_高粱_sample8,Sorghum
149,12,10,Sorghum::RealV6_高粱_sample5,Sorghum
149,12,11,Cassava::RealV6_木薯_sample7,Cassava
149,12,12,Brown rice::RealV6_糙米_sample4,Brown rice
150,3,1,Wheat::RealV6_小麦_sample9,Wheat
150,3,2,Barley::RealV6_大麦_sample10,Barley
150,3,3,Cassava::RealV6_木薯_sample6,Cassava
150,6,1,Wheat::RealV6_小麦_sample9,Wheat
150,6,2,Barley::RealV6_大麦_sample10,Barley
150,6,3,Cassava::RealV6_木薯_sample6,Cassava
150,6,4,Barley::RealV6_大麦_sample4,Barley
150,6,5,Paddy rice::RealV6_稻谷_sample2,Paddy rice
150,6,6,Rice bran::RealV6_米糠_sample8,Rice bran
150,9,1,Wheat::RealV6_小麦_sample9,Wheat
150,9,2,Barley::RealV6_大麦_sample10,Barley
150,9,3,Cassava::RealV6_木薯_sample6,Cassava
150,9,4,Barley::RealV6_大麦_sample4,Barley
150,9,5,Paddy rice::RealV6_稻谷_sample2,Paddy rice
150,9,6,Rice bran::RealV6_米糠_sample8,Rice bran
150,9,7,Cassava::RealV6_木薯_sample4,Cassava
150,9,8,Cassava::RealV6_木薯_sample10,Cassava
150,9,9,Rapeseed cake::RealV6_菜籽饼_sample6,Rapeseed cake
150,12,1,Wheat::RealV6_小麦_sample9,Wheat
150,12,2,Barley::RealV6_大麦_sample10,Barley
150,12,3,Cassava::RealV6_木薯_sample6,Cassava
150,12,4,Barley::RealV6_大麦_sample4,Barley
150,12,5,Paddy rice::RealV6_稻谷_sample2,Paddy rice
150,12,6,Rice bran::RealV6_米糠_sample8,Rice bran
150,12,7,Cassava::RealV6_木薯_sample4,Cassava
150,12,8,Cassava::RealV6_木薯_sample10,Cassava
150,12,9,Rapeseed cake::RealV6_菜籽饼_sample6,Rapeseed cake
150,12,10,Barley::RealV6_大麦_sample3,Barley
150,12,11,Wheat bran::RealV6_小麦麸_sample10,Wheat bran
150,12,12,Wheat bran::RealV6_小麦麸_sample8,Wheat bran
151,3,1,Barley::RealV6_大麦_sample3,Barley
151,3,2,Sorghum::RealV6_高粱_sample4,Sorghum
151,3,3,Brown rice::RealV6_糙米_sample1,Brown rice
151,6,1,Barley::RealV6_大麦_sample3,Barley
151,6,2,Sorghum::RealV6_高粱_sample4,Sorghum
151,6,3,Brown rice::RealV6_糙米_sample1,Brown rice
151,6,4,Rice bran::RealV6_米糠_sample5,Rice bran
151,6,5,Wheat bran::RealV6_小麦麸_sample9,Wheat bran
151,6,6,Rice bran::RealV6_米糠_sample7,Rice bran
151,9,1,Barley::RealV6_大麦_sample3,Barley
151,9,2,Sorghum::RealV6_高粱_sample4,Sorghum
151,9,3,Brown rice::RealV6_糙米_sample1,Brown rice
151,9,4,Rice bran::RealV6_米糠_sample5,Rice bran
151,9,5,Wheat bran::RealV6_小麦麸_sample9,Wheat bran
151,9,6,Rice bran::RealV6_米糠_sample7,Rice bran
151,9,7,Rapeseed cake::RealV6_菜籽饼_sample6,Rapeseed cake
151,9,8,Wheat::RealV6_小麦_sample3,Wheat
151,9,9,Wheat bran::RealV6_小麦麸_sample10,Wheat bran
151,12,1,Barley::RealV6_大麦_sample3,Barley
151,12,2,Sorghum::RealV6_高粱_sample4,Sorghum
151,12,3,Brown rice::RealV6_糙米_sample1,Brown rice
151,12,4,Rice bran::RealV6_米糠_sample5,Rice bran
151,12,5,Wheat bran::RealV6_小麦麸_sample9,Wheat bran
151,12,6,Rice bran::RealV6_米糠_sample7,Rice bran
151,12,7,Rapeseed cake::RealV6_菜籽饼_sample6,Rapeseed cake
151,12,8,Wheat::RealV6_小麦_sample3,Wheat
151,12,9,Wheat bran::RealV6_小麦麸_sample10,Wheat bran
151,12,10,Paddy rice::RealV6_稻谷_sample8,Paddy rice
151,12,11,Paddy rice::RealV6_稻谷_sample11,Paddy rice
151,12,12,Sorghum::RealV6_高粱_sample9,Sorghum
152,3,1,Wheat bran::RealV6_小麦麸_sample3,Wheat bran
152,3,2,Sorghum::RealV6_高粱_sample1,Sorghum
152,3,3,Wheat bran::RealV6_小麦麸_sample5,Wheat bran
152,6,1,Wheat bran::RealV6_小麦麸_sample3,Wheat bran
152,6,2,Sorghum::RealV6_高粱_sample1,Sorghum
152,6,3,Wheat bran::RealV6_小麦麸_sample5,Wheat bran
152,6,4,Cassava::RealV6_木薯_sample9,Cassava
152,6,5,Paddy rice::RealV6_稻谷_sample7,Paddy rice
152,6,6,Wheat bran::RealV6_小麦麸_sample2,Wheat bran
152,9,1,Wheat bran::RealV6_小麦麸_sample3,Wheat bran
152,9,2,Sorghum::RealV6_高粱_sample1,Sorghum
152,9,3,Wheat bran::RealV6_小麦麸_sample5,Wheat bran
152,9,4,Cassava::RealV6_木薯_sample9,Cassava
152,9,5,Paddy rice::RealV6_稻谷_sample7,Paddy rice
152,9,6,Wheat bran::RealV6_小麦麸_sample2,Wheat bran
152,9,7,Sorghum::RealV6_高粱_sample9,Sorghum
152,9,8,Cassava::RealV6_木薯_sample8,Cassava
152,9,9,Brown rice::RealV6_糙米_sample1,Brown rice
152,12,1,Wheat bran::RealV6_小麦麸_sample3,Wheat bran
152,12,2,Sorghum::RealV6_高粱_sample1,Sorghum
152,12,3,Wheat bran::RealV6_小麦麸_sample5,Wheat bran
152,12,4,Cassava::RealV6_木薯_sample9,Cassava
152,12,5,Paddy rice::RealV6_稻谷_sample7,Paddy rice
152,12,6,Wheat bran::RealV6_小麦麸_sample2,Wheat bran
152,12,7,Sorghum::RealV6_高粱_sample9,Sorghum
152,12,8,Cassava::RealV6_木薯_sample8,Cassava
152,12,9,Brown rice::RealV6_糙米_sample1,Brown rice
152,12,10,Sorghum::RealV6_高粱_sample8,Sorghum
152,12,11,Cassava::RealV6_木薯_sample7,Cassava
152,12,12,Rice bran::RealV6_米糠_sample5,Rice bran
153,3,1,Cassava::RealV6_木薯_sample1,Cassava
153,3,2,Wheat bran::RealV6_小麦麸_sample10,Wheat bran
153,3,3,Wheat::RealV6_小麦_sample3,Wheat
153,6,1,Cassava::RealV6_木薯_sample1,Cassava
153,6,2,Wheat bran::RealV6_小麦麸_sample10,Wheat bran
153,6,3,Wheat::RealV6_小麦_sample3,Wheat
153,6,4,Paddy rice::RealV6_稻谷_sample8,Paddy rice
153,6,5,Wheat::RealV6_小麦_sample9,Wheat
153,6,6,Rice bran::RealV6_米糠_sample9,Rice bran
153,9,1,Cassava::RealV6_木薯_sample1,Cassava
153,9,2,Wheat bran::RealV6_小麦麸_sample10,Wheat bran
153,9,3,Wheat::RealV6_小麦_sample3,Wheat
153,9,4,Paddy rice::RealV6_稻谷_sample8,Paddy rice
153,9,5,Wheat::RealV6_小麦_sample9,Wheat
153,9,6,Rice bran::RealV6_米糠_sample9,Rice bran
153,9,7,Sorghum::RealV6_高粱_sample10,Sorghum
153,9,8,Barley::RealV6_大麦_sample7,Barley
153,9,9,Wheat bran::RealV6_小麦麸_sample2,Wheat bran
153,12,1,Cassava::RealV6_木薯_sample1,Cassava
153,12,2,Wheat bran::RealV6_小麦麸_sample10,Wheat bran
153,12,3,Wheat::RealV6_小麦_sample3,Wheat
153,12,4,Paddy rice::RealV6_稻谷_sample8,Paddy rice
153,12,5,Wheat::RealV6_小麦_sample9,Wheat
153,12,6,Rice bran::RealV6_米糠_sample9,Rice bran
153,12,7,Sorghum::RealV6_高粱_sample10,Sorghum
153,12,8,Barley::RealV6_大麦_sample7,Barley
153,12,9,Wheat bran::RealV6_小麦麸_sample2,Wheat bran
153,12,10,Paddy rice::RealV6_稻谷_sample1,Paddy rice
153,12,11,Barley::RealV6_大麦_sample4,Barley
153,12,12,Brown rice::RealV6_糙米_sample7,Brown rice
154,3,1,Wheat bran::RealV6_小麦麸_sample5,Wheat bran
154,3,2,Brown rice::RealV6_糙米_sample4,Brown rice
154,3,3,Barley::RealV6_大麦_sample6,Barley
154,6,1,Wheat bran::RealV6_小麦麸_sample5,Wheat bran
154,6,2,Brown rice::RealV6_糙米_sample4,Brown rice
154,6,3,Barley::RealV6_大麦_sample6,Barley
154,6,4,Sorghum::RealV6_高粱_sample5,Sorghum
154,6,5,Barley::RealV6_大麦_sample7,Barley
154,6,6,Sorghum::RealV6_高粱_sample4,Sorghum
154,9,1,Wheat bran::RealV6_小麦麸_sample5,Wheat bran
154,9,2,Brown rice::RealV6_糙米_sample4,Brown rice
154,9,3,Barley::RealV6_大麦_sample6,Barley
154,9,4,Sorghum::RealV6_高粱_sample5,Sorghum
154,9,5,Barley::RealV6_大麦_sample7,Barley
154,9,6,Sorghum::RealV6_高粱_sample4,Sorghum
154,9,7,Barley::RealV6_大麦_sample9,Barley
154,9,8,Rapeseed cake::RealV6_菜籽饼_sample7,Rapeseed cake
154,9,9,Sorghum::RealV6_高粱_sample8,Sorghum
154,12,1,Wheat bran::RealV6_小麦麸_sample5,Wheat bran
154,12,2,Brown rice::RealV6_糙米_sample4,Brown rice
154,12,3,Barley::RealV6_大麦_sample6,Barley
154,12,4,Sorghum::RealV6_高粱_sample5,Sorghum
154,12,5,Barley::RealV6_大麦_sample7,Barley
154,12,6,Sorghum::RealV6_高粱_sample4,Sorghum
154,12,7,Barley::RealV6_大麦_sample9,Barley
154,12,8,Rapeseed cake::RealV6_菜籽饼_sample7,Rapeseed cake
154,12,9,Sorghum::RealV6_高粱_sample8,Sorghum
154,12,10,Cassava::RealV6_木薯_sample5,Cassava
154,12,11,Barley::RealV6_大麦_sample3,Barley
154,12,12,Wheat bran::RealV6_小麦麸_sample3,Wheat bran
155,3,1,Wheat::RealV6_小麦_sample10,Wheat
155,3,2,Rice bran::RealV6_米糠_sample4,Rice bran
155,3,3,Brown rice::RealV6_糙米_sample9,Brown rice
155,6,1,Wheat::RealV6_小麦_sample10,Wheat
155,6,2,Rice bran::RealV6_米糠_sample4,Rice bran
155,6,3,Brown rice::RealV6_糙米_sample9,Brown rice
155,6,4,Paddy rice::RealV6_稻谷_sample8,Paddy rice
155,6,5,Paddy rice::RealV6_稻谷_sample6,Paddy rice
155,6,6,Rice bran::RealV6_米糠_sample9,Rice bran
155,9,1,Wheat::RealV6_小麦_sample10,Wheat
155,9,2,Rice bran::RealV6_米糠_sample4,Rice bran
155,9,3,Brown rice::RealV6_糙米_sample9,Brown rice
155,9,4,Paddy rice::RealV6_稻谷_sample8,Paddy rice
155,9,5,Paddy rice::RealV6_稻谷_sample6,Paddy rice
155,9,6,Rice bran::RealV6_米糠_sample9,Rice bran
155,9,7,Cassava::RealV6_木薯_sample9,Cassava
155,9,8,Sorghum::RealV6_高粱_sample5,Sorghum
155,9,9,Cassava::RealV6_木薯_sample10,Cassava
155,12,1,Wheat::RealV6_小麦_sample10,Wheat
155,12,2,Rice bran::RealV6_米糠_sample4,Rice bran
155,12,3,Brown rice::RealV6_糙米_sample9,Brown rice
155,12,4,Paddy rice::RealV6_稻谷_sample8,Paddy rice
155,12,5,Paddy rice::RealV6_稻谷_sample6,Paddy rice
155,12,6,Rice bran::RealV6_米糠_sample9,Rice bran
155,12,7,Cassava::RealV6_木薯_sample9,Cassava
155,12,8,Sorghum::RealV6_高粱_sample5,Sorghum
155,12,9,Cassava::RealV6_木薯_sample10,Cassava
155,12,10,Rice bran::RealV6_米糠_sample8,Rice bran
155,12,11,Rice bran::RealV6_米糠_sample10,Rice bran
155,12,12,Barley::RealV6_大麦_sample4,Barley
156,3,1,Sorghum::RealV6_高粱_sample6,Sorghum
156,3,2,Paddy rice::RealV6_稻谷_sample9,Paddy rice
156,3,3,Brown rice::RealV6_糙米_sample7,Brown rice
156,6,1,Sorghum::RealV6_高粱_sample6,Sorghum
156,6,2,Paddy rice::RealV6_稻谷_sample9,Paddy rice
156,6,3,Brown rice::RealV6_糙米_sample7,Brown rice
156,6,4,Paddy rice::RealV6_稻谷_sample10,Paddy rice
156,6,5,Rice bran::RealV6_米糠_sample4,Rice bran
156,6,6,Brown rice::RealV6_糙米_sample2,Brown rice
156,9,1,Sorghum::RealV6_高粱_sample6,Sorghum
156,9,2,Paddy rice::RealV6_稻谷_sample9,Paddy rice
156,9,3,Brown rice::RealV6_糙米_sample7,Brown rice
156,9,4,Paddy rice::RealV6_稻谷_sample10,Paddy rice
156,9,5,Rice bran::RealV6_米糠_sample4,Rice bran
156,9,6,Brown rice::RealV6_糙米_sample2,Brown rice
156,9,7,Cassava::RealV6_木薯_sample3,Cassava
156,9,8,Rice bran::RealV6_米糠_sample7,Rice bran
156,9,9,Rapeseed cake::RealV6_菜籽饼_sample8,Rapeseed cake
156,12,1,Sorghum::RealV6_高粱_sample6,Sorghum
156,12,2,Paddy rice::RealV6_稻谷_sample9,Paddy rice
156,12,3,Brown rice::RealV6_糙米_sample7,Brown rice
156,12,4,Paddy rice::RealV6_稻谷_sample10,Paddy rice
156,12,5,Rice bran::RealV6_米糠_sample4,Rice bran
156,12,6,Brown rice::RealV6_糙米_sample2,Brown rice
156,12,7,Cassava::RealV6_木薯_sample3,Cassava
156,12,8,Rice bran::RealV6_米糠_sample7,Rice bran
156,12,9,Rapeseed cake::RealV6_菜籽饼_sample8,Rapeseed cake
156,12,10,Rapeseed cake::RealV6_菜籽饼_sample10,Rapeseed cake
156,12,11,Brown rice::RealV6_糙米_sample3,Brown rice
156,12,12,Wheat bran::RealV6_小麦麸_sample5,Wheat bran
157,3,1,Rapeseed cake::RealV6_菜籽饼_sample4,Rapeseed cake
157,3,2,Wheat::RealV6_小麦_sample6,Wheat
157,3,3,Rice bran::RealV6_米糠_sample3,Rice bran
157,6,1,Rapeseed cake::RealV6_菜籽饼_sample4,Rapeseed cake
157,6,2,Wheat::RealV6_小麦_sample6,Wheat
157,6,3,Rice bran::RealV6_米糠_sample3,Rice bran
157,6,4,Wheat::RealV6_小麦_sample3,Wheat
157,6,5,Brown rice::RealV6_糙米_sample8,Brown rice
157,6,6,Sorghum::RealV6_高粱_sample3,Sorghum
157,9,1,Rapeseed cake::RealV6_菜籽饼_sample4,Rapeseed cake
157,9,2,Wheat::RealV6_小麦_sample6,Wheat
157,9,3,Rice bran::RealV6_米糠_sample3,Rice bran
157,9,4,Wheat::RealV6_小麦_sample3,Wheat
157,9,5,Brown rice::RealV6_糙米_sample8,Brown rice
157,9,6,Sorghum::RealV6_高粱_sample3,Sorghum
157,9,7,Sorghum::RealV6_高粱_sample6,Sorghum
157,9,8,Brown rice::RealV6_糙米_sample5,Brown rice
157,9,9,Wheat bran::RealV6_小麦麸_sample1,Wheat bran
157,12,1,Rapeseed cake::RealV6_菜籽饼_sample4,Rapeseed cake
157,12,2,Wheat::RealV6_小麦_sample6,Wheat
157,12,3,Rice bran::RealV6_米糠_sample3,Rice bran
157,12,4,Wheat::RealV6_小麦_sample3,Wheat
157,12,5,Brown rice::RealV6_糙米_sample8,Brown rice
157,12,6,Sorghum::RealV6_高粱_sample3,Sorghum
157,12,7,Sorghum::RealV6_高粱_sample6,Sorghum
157,12,8,Brown rice::RealV6_糙米_sample5,Brown rice
157,12,9,Wheat bran::RealV6_小麦麸_sample1,Wheat bran
157,12,10,Rapeseed cake::RealV6_菜籽饼_sample10,Rapeseed cake
157,12,11,Rice bran::RealV6_米糠_sample4,Rice bran
157,12,12,Wheat::RealV6_小麦_sample5,Wheat
158,3,1,Cassava::RealV6_木薯_sample5,Cassava
158,3,2,Barley::RealV6_大麦_sample9,Barley
158,3,3,Cassava::RealV6_木薯_sample2,Cassava
158,6,1,Cassava::RealV6_木薯_sample5,Cassava
158,6,2,Barley::RealV6_大麦_sample9,Barley
158,6,3,Cassava::RealV6_木薯_sample2,Cassava
158,6,4,Rapeseed cake::RealV6_菜籽饼_sample6,Rapeseed cake
158,6,5,Brown rice::RealV6_糙米_sample2,Brown rice
158,6,6,Paddy rice::RealV6_稻谷_sample4,Paddy rice
158,9,1,Cassava::RealV6_木薯_sample5,Cassava
158,9,2,Barley::RealV6_大麦_sample9,Barley
158,9,3,Cassava::RealV6_木薯_sample2,Cassava
158,9,4,Rapeseed cake::RealV6_菜籽饼_sample6,Rapeseed cake
158,9,5,Brown rice::RealV6_糙米_sample2,Brown rice
158,9,6,Paddy rice::RealV6_稻谷_sample4,Paddy rice
158,9,7,Wheat::RealV6_小麦_sample9,Wheat
158,9,8,Barley::RealV6_大麦_sample7,Barley
158,9,9,Rice bran::RealV6_米糠_sample4,Rice bran
158,12,1,Cassava::RealV6_木薯_sample5,Cassava
158,12,2,Barley::RealV6_大麦_sample9,Barley
158,12,3,Cassava::RealV6_木薯_sample2,Cassava
158,12,4,Rapeseed cake::RealV6_菜籽饼_sample6,Rapeseed cake
158,12,5,Brown rice::RealV6_糙米_sample2,Brown rice
158,12,6,Paddy rice::RealV6_稻谷_sample4,Paddy rice
158,12,7,Wheat::RealV6_小麦_sample9,Wheat
158,12,8,Barley::RealV6_大麦_sample7,Barley
158,12,9,Rice bran::RealV6_米糠_sample4,Rice bran
158,12,10,Cassava::RealV6_木薯_sample8,Cassava
158,12,11,Rice bran::RealV6_米糠_sample5,Rice bran
158,12,12,Rapeseed cake::RealV6_菜籽饼_sample3,Rapeseed cake
159,3,1,Brown rice::RealV6_糙米_sample4,Brown rice
159,3,2,Barley::RealV6_大麦_sample1,Barley
159,3,3,Barley::RealV6_大麦_sample6,Barley
159,6,1,Brown rice::RealV6_糙米_sample4,Brown rice
159,6,2,Barley::RealV6_大麦_sample1,Barley
159,6,3,Barley::RealV6_大麦_sample6,Barley
159,6,4,Rapeseed cake::RealV6_菜籽饼_sample1,Rapeseed cake
159,6,5,Wheat bran::RealV6_小麦麸_sample5,Wheat bran
159,6,6,Barley::RealV6_大麦_sample2,Barley
159,9,1,Brown rice::RealV6_糙米_sample4,Brown rice
159,9,2,Barley::RealV6_大麦_sample1,Barley
159,9,3,Barley::RealV6_大麦_sample6,Barley
159,9,4,Rapeseed cake::RealV6_菜籽饼_sample1,Rapeseed cake
159,9,5,Wheat bran::RealV6_小麦麸_sample5,Wheat bran
159,9,6,Barley::RealV6_大麦_sample2,Barley
159,9,7,Sorghum::RealV6_高粱_sample3,Sorghum
159,9,8,Sorghum::RealV6_高粱_sample8,Sorghum
159,9,9,Paddy rice::RealV6_稻谷_sample1,Paddy rice
159,12,1,Brown rice::RealV6_糙米_sample4,Brown rice
159,12,2,Barley::RealV6_大麦_sample1,Barley
159,12,3,Barley::RealV6_大麦_sample6,Barley
159,12,4,Rapeseed cake::RealV6_菜籽饼_sample1,Rapeseed cake
159,12,5,Wheat bran::RealV6_小麦麸_sample5,Wheat bran
159,12,6,Barley::RealV6_大麦_sample2,Barley
159,12,7,Sorghum::RealV6_高粱_sample3,Sorghum
159,12,8,Sorghum::RealV6_高粱_sample8,Sorghum
159,12,9,Paddy rice::RealV6_稻谷_sample1,Paddy rice
159,12,10,Paddy rice::RealV6_稻谷_sample10,Paddy rice
159,12,11,Paddy rice::RealV6_稻谷_sample2,Paddy rice
159,12,12,Barley::RealV6_大麦_sample10,Barley
160,3,1,Paddy rice::RealV6_稻谷_sample7,Paddy rice
160,3,2,Rapeseed cake::RealV6_菜籽饼_sample1,Rapeseed cake
160,3,3,Rice bran::RealV6_米糠_sample1,Rice bran
160,6,1,Paddy rice::RealV6_稻谷_sample7,Paddy rice
160,6,2,Rapeseed cake::RealV6_菜籽饼_sample1,Rapeseed cake
160,6,3,Rice bran::RealV6_米糠_sample1,Rice bran
160,6,4,Rapeseed cake::RealV6_菜籽饼_sample2,Rapeseed cake
160,6,5,Barley::RealV6_大麦_sample2,Barley
160,6,6,Paddy rice::RealV6_稻谷_sample3,Paddy rice
160,9,1,Paddy rice::RealV6_稻谷_sample7,Paddy rice
160,9,2,Rapeseed cake::RealV6_菜籽饼_sample1,Rapeseed cake
160,9,3,Rice bran::RealV6_米糠_sample1,Rice bran
160,9,4,Rapeseed cake::RealV6_菜籽饼_sample2,Rapeseed cake
160,9,5,Barley::RealV6_大麦_sample2,Barley
160,9,6,Paddy rice::RealV6_稻谷_sample3,Paddy rice
160,9,7,Brown rice::RealV6_糙米_sample3,Brown rice
160,9,8,Brown rice::RealV6_糙米_sample5,Brown rice
160,9,9,Paddy rice::RealV6_稻谷_sample6,Paddy rice
160,12,1,Paddy rice::RealV6_稻谷_sample7,Paddy rice
160,12,2,Rapeseed cake::RealV6_菜籽饼_sample1,Rapeseed cake
160,12,3,Rice bran::RealV6_米糠_sample1,Rice bran
160,12,4,Rapeseed cake::RealV6_菜籽饼_sample2,Rapeseed cake
160,12,5,Barley::RealV6_大麦_sample2,Barley
160,12,6,Paddy rice::RealV6_稻谷_sample3,Paddy rice
160,12,7,Brown rice::RealV6_糙米_sample3,Brown rice
160,12,8,Brown rice::RealV6_糙米_sample5,Brown rice
160,12,9,Paddy rice::RealV6_稻谷_sample6,Paddy rice
160,12,10,Cassava::RealV6_木薯_sample5,Cassava
160,12,11,Sorghum::RealV6_高粱_sample7,Sorghum
160,12,12,Wheat::RealV6_小麦_sample2,Wheat
161,3,1,Rapeseed cake::RealV6_菜籽饼_sample1,Rapeseed cake
161,3,2,Paddy rice::RealV6_稻谷_sample1,Paddy rice
161,3,3,Sorghum::RealV6_高粱_sample5,Sorghum
161,6,1,Rapeseed cake::RealV6_菜籽饼_sample1,Rapeseed cake
161,6,2,Paddy rice::RealV6_稻谷_sample1,Paddy rice
161,6,3,Sorghum::RealV6_高粱_sample5,Sorghum
161,6,4,Wheat bran::RealV6_小麦麸_sample1,Wheat bran
161,6,5,Paddy rice::RealV6_稻谷_sample8,Paddy rice
161,6,6,Wheat::RealV6_小麦_sample5,Wheat
161,9,1,Rapeseed cake::RealV6_菜籽饼_sample1,Rapeseed cake
161,9,2,Paddy rice::RealV6_稻谷_sample1,Paddy rice
161,9,3,Sorghum::RealV6_高粱_sample5,Sorghum
161,9,4,Wheat bran::RealV6_小麦麸_sample1,Wheat bran
161,9,5,Paddy rice::RealV6_稻谷_sample8,Paddy rice
161,9,6,Wheat::RealV6_小麦_sample5,Wheat
161,9,7,Brown rice::RealV6_糙米_sample10,Brown rice
161,9,8,Barley::RealV6_大麦_sample8,Barley
161,9,9,Cassava::RealV6_木薯_sample5,Cassava
161,12,1,Rapeseed cake::RealV6_菜籽饼_sample1,Rapeseed cake
161,12,2,Paddy rice::RealV6_稻谷_sample1,Paddy rice
161,12,3,Sorghum::RealV6_高粱_sample5,Sorghum
161,12,4,Wheat bran::RealV6_小麦麸_sample1,Wheat bran
161,12,5,Paddy rice::RealV6_稻谷_sample8,Paddy rice
161,12,6,Wheat::RealV6_小麦_sample5,Wheat
161,12,7,Brown rice::RealV6_糙米_sample10,Brown rice
161,12,8,Barley::RealV6_大麦_sample8,Barley
161,12,9,Cassava::RealV6_木薯_sample5,Cassava
161,12,10,Rapeseed cake::RealV6_菜籽饼_sample6,Rapeseed cake
161,12,11,Rapeseed cake::RealV6_菜籽饼_sample9,Rapeseed cake
161,12,12,Wheat::RealV6_小麦_sample6,Wheat
162,3,1,Sorghum::RealV6_高粱_sample5,Sorghum
162,3,2,Brown rice::RealV6_糙米_sample6,Brown rice
162,3,3,Brown rice::RealV6_糙米_sample2,Brown rice
162,6,1,Sorghum::RealV6_高粱_sample5,Sorghum
162,6,2,Brown rice::RealV6_糙米_sample6,Brown rice
162,6,3,Brown rice::RealV6_糙米_sample2,Brown rice
162,6,4,Sorghum::RealV6_高粱_sample6,Sorghum
162,6,5,Wheat bran::RealV6_小麦麸_sample2,Wheat bran
162,6,6,Cassava::RealV6_木薯_sample2,Cassava
162,9,1,Sorghum::RealV6_高粱_sample5,Sorghum
162,9,2,Brown rice::RealV6_糙米_sample6,Brown rice
162,9,3,Brown rice::RealV6_糙米_sample2,Brown rice
162,9,4,Sorghum::RealV6_高粱_sample6,Sorghum
162,9,5,Wheat bran::RealV6_小麦麸_sample2,Wheat bran
162,9,6,Cassava::RealV6_木薯_sample2,Cassava
162,9,7,Sorghum::RealV6_高粱_sample8,Sorghum
162,9,8,Paddy rice::RealV6_稻谷_sample2,Paddy rice
162,9,9,Barley::RealV6_大麦_sample10,Barley
162,12,1,Sorghum::RealV6_高粱_sample5,Sorghum
162,12,2,Brown rice::RealV6_糙米_sample6,Brown rice
162,12,3,Brown rice::RealV6_糙米_sample2,Brown rice
162,12,4,Sorghum::RealV6_高粱_sample6,Sorghum
162,12,5,Wheat bran::RealV6_小麦麸_sample2,Wheat bran
162,12,6,Cassava::RealV6_木薯_sample2,Cassava
162,12,7,Sorghum::RealV6_高粱_sample8,Sorghum
162,12,8,Paddy rice::RealV6_稻谷_sample2,Paddy rice
162,12,9,Barley::RealV6_大麦_sample10,Barley
162,12,10,Rice bran::RealV6_米糠_sample9,Rice bran
162,12,11,Wheat bran::RealV6_小麦麸_sample3,Wheat bran
162,12,12,Rice bran::RealV6_米糠_sample2,Rice bran
163,3,1,Barley::RealV6_大麦_sample1,Barley
163,3,2,Wheat bran::RealV6_小麦麸_sample9,Wheat bran
163,3,3,Sorghum::RealV6_高粱_sample1,Sorghum
163,6,1,Barley::RealV6_大麦_sample1,Barley
163,6,2,Wheat bran::RealV6_小麦麸_sample9,Wheat bran
163,6,3,Sorghum::RealV6_高粱_sample1,Sorghum
163,6,4,Rapeseed cake::RealV6_菜籽饼_sample2,Rapeseed cake
163,6,5,Rice bran::RealV6_米糠_sample10,Rice bran
163,6,6,Cassava::RealV6_木薯_sample6,Cassava
163,9,1,Barley::RealV6_大麦_sample1,Barley
163,9,2,Wheat bran::RealV6_小麦麸_sample9,Wheat bran
163,9,3,Sorghum::RealV6_高粱_sample1,Sorghum
163,9,4,Rapeseed cake::RealV6_菜籽饼_sample2,Rapeseed cake
163,9,5,Rice bran::RealV6_米糠_sample10,Rice bran
163,9,6,Cassava::RealV6_木薯_sample6,Cassava
163,9,7,Rapeseed cake::RealV6_菜籽饼_sample4,Rapeseed cake
163,9,8,Brown rice::RealV6_糙米_sample6,Brown rice
163,9,9,Wheat bran::RealV6_小麦麸_sample10,Wheat bran
163,12,1,Barley::RealV6_大麦_sample1,Barley
163,12,2,Wheat bran::RealV6_小麦麸_sample9,Wheat bran
163,12,3,Sorghum::RealV6_高粱_sample1,Sorghum
163,12,4,Rapeseed cake::RealV6_菜籽饼_sample2,Rapeseed cake
163,12,5,Rice bran::RealV6_米糠_sample10,Rice bran
163,12,6,Cassava::RealV6_木薯_sample6,Cassava
163,12,7,Rapeseed cake::RealV6_菜籽饼_sample4,Rapeseed cake
163,12,8,Brown rice::RealV6_糙米_sample6,Brown rice
163,12,9,Wheat bran::RealV6_小麦麸_sample10,Wheat bran
163,12,10,Barley::RealV6_大麦_sample8,Barley
163,12,11,Brown rice::RealV6_糙米_sample8,Brown rice
163,12,12,Cassava::RealV6_木薯_sample3,Cassava
164,3,1,Paddy rice::RealV6_稻谷_sample8,Paddy rice
164,3,2,Brown rice::RealV6_糙米_sample3,Brown rice
164,3,3,Rice bran::RealV6_米糠_sample8,Rice bran
164,6,1,Paddy rice::RealV6_稻谷_sample8,Paddy rice
164,6,2,Brown rice::RealV6_糙米_sample3,Brown rice
164,6,3,Rice bran::RealV6_米糠_sample8,Rice bran
164,6,4,Sorghum::RealV6_高粱_sample6,Sorghum
164,6,5,Wheat::RealV6_小麦_sample6,Wheat
164,6,6,Brown rice::RealV6_糙米_sample2,Brown rice
164,9,1,Paddy rice::RealV6_稻谷_sample8,Paddy rice
164,9,2,Brown rice::RealV6_糙米_sample3,Brown rice
164,9,3,Rice bran::RealV6_米糠_sample8,Rice bran
164,9,4,Sorghum::RealV6_高粱_sample6,Sorghum
164,9,5,Wheat::RealV6_小麦_sample6,Wheat
164,9,6,Brown rice::RealV6_糙米_sample2,Brown rice
164,9,7,Cassava::RealV6_木薯_sample4,Cassava
164,9,8,Rice bran::RealV6_米糠_sample7,Rice bran
164,9,9,Rapeseed cake::RealV6_菜籽饼_sample7,Rapeseed cake
164,12,1,Paddy rice::RealV6_稻谷_sample8,Paddy rice
164,12,2,Brown rice::RealV6_糙米_sample3,Brown rice
164,12,3,Rice bran::RealV6_米糠_sample8,Rice bran
164,12,4,Sorghum::RealV6_高粱_sample6,Sorghum
164,12,5,Wheat::RealV6_小麦_sample6,Wheat
164,12,6,Brown rice::RealV6_糙米_sample2,Brown rice
164,12,7,Cassava::RealV6_木薯_sample4,Cassava
164,12,8,Rice bran::RealV6_米糠_sample7,Rice bran
164,12,9,Rapeseed cake::RealV6_菜籽饼_sample7,Rapeseed cake
164,12,10,Wheat bran::RealV6_小麦麸_sample1,Wheat bran
164,12,11,Barley::RealV6_大麦_sample9,Barley
164,12,12,Rapeseed cake::RealV6_菜籽饼_sample1,Rapeseed cake
165,3,1,Paddy rice::RealV6_稻谷_sample4,Paddy rice
165,3,2,Wheat bran::RealV6_小麦麸_sample5,Wheat bran
165,3,3,Paddy rice::RealV6_稻谷_sample7,Paddy rice
165,6,1,Paddy rice::RealV6_稻谷_sample4,Paddy rice
165,6,2,Wheat bran::RealV6_小麦麸_sample5,Wheat bran
165,6,3,Paddy rice::RealV6_稻谷_sample7,Paddy rice
165,6,4,Rice bran::RealV6_米糠_sample9,Rice bran
165,6,5,Paddy rice::RealV6_稻谷_sample10,Paddy rice
165,6,6,Rice bran::RealV6_米糠_sample5,Rice bran
165,9,1,Paddy rice::RealV6_稻谷_sample4,Paddy rice
165,9,2,Wheat bran::RealV6_小麦麸_sample5,Wheat bran
165,9,3,Paddy rice::RealV6_稻谷_sample7,Paddy rice
165,9,4,Rice bran::RealV6_米糠_sample9,Rice bran
165,9,5,Paddy rice::RealV6_稻谷_sample10,Paddy rice
165,9,6,Rice bran::RealV6_米糠_sample5,Rice bran
165,9,7,Cassava::RealV6_木薯_sample7,Cassava
165,9,8,Sorghum::RealV6_高粱_sample1,Sorghum
165,9,9,Sorghum::RealV6_高粱_sample2,Sorghum
165,12,1,Paddy rice::RealV6_稻谷_sample4,Paddy rice
165,12,2,Wheat bran::RealV6_小麦麸_sample5,Wheat bran
165,12,3,Paddy rice::RealV6_稻谷_sample7,Paddy rice
165,12,4,Rice bran::RealV6_米糠_sample9,Rice bran
165,12,5,Paddy rice::RealV6_稻谷_sample10,Paddy rice
165,12,6,Rice bran::RealV6_米糠_sample5,Rice bran
165,12,7,Cassava::RealV6_木薯_sample7,Cassava
165,12,8,Sorghum::RealV6_高粱_sample1,Sorghum
165,12,9,Sorghum::RealV6_高粱_sample2,Sorghum
165,12,10,Cassava::RealV6_木薯_sample3,Cassava
165,12,11,Barley::RealV6_大麦_sample6,Barley
165,12,12,Brown rice::RealV6_糙米_sample8,Brown rice
166,3,1,Rice bran::RealV6_米糠_sample1,Rice bran
166,3,2,Cassava::RealV6_木薯_sample10,Cassava
166,3,3,Barley::RealV6_大麦_sample5,Barley
166,6,1,Rice bran::RealV6_米糠_sample1,Rice bran
166,6,2,Cassava::RealV6_木薯_sample10,Cassava
166,6,3,Barley::RealV6_大麦_sample5,Barley
166,6,4,Cassava::RealV6_木薯_sample9,Cassava
166,6,5,Paddy rice::RealV6_稻谷_sample11,Paddy rice
166,6,6,Rapeseed cake::RealV6_菜籽饼_sample3,Rapeseed cake
166,9,1,Rice bran::RealV6_米糠_sample1,Rice bran
166,9,2,Cassava::RealV6_木薯_sample10,Cassava
166,9,3,Barley::RealV6_大麦_sample5,Barley
166,9,4,Cassava::RealV6_木薯_sample9,Cassava
166,9,5,Paddy rice::RealV6_稻谷_sample11,Paddy rice
166,9,6,Rapeseed cake::RealV6_菜籽饼_sample3,Rapeseed cake
166,9,7,Sorghum::RealV6_高粱_sample5,Sorghum
166,9,8,Cassava::RealV6_木薯_sample2,Cassava
166,9,9,Rapeseed cake::RealV6_菜籽饼_sample4,Rapeseed cake
166,12,1,Rice bran::RealV6_米糠_sample1,Rice bran
166,12,2,Cassava::RealV6_木薯_sample10,Cassava
166,12,3,Barley::RealV6_大麦_sample5,Barley
166,12,4,Cassava::RealV6_木薯_sample9,Cassava
166,12,5,Paddy rice::RealV6_稻谷_sample11,Paddy rice
166,12,6,Rapeseed cake::RealV6_菜籽饼_sample3,Rapeseed cake
166,12,7,Sorghum::RealV6_高粱_sample5,Sorghum
166,12,8,Cassava::RealV6_木薯_sample2,Cassava
166,12,9,Rapeseed cake::RealV6_菜籽饼_sample4,Rapeseed cake
166,12,10,Paddy rice::RealV6_稻谷_sample9,Paddy rice
166,12,11,Cassava::RealV6_木薯_sample7,Cassava
166,12,12,Barley::RealV6_大麦_sample3,Barley
167,3,1,Sorghum::RealV6_高粱_sample10,Sorghum
167,3,2,Wheat::RealV6_小麦_sample6,Wheat
167,3,3,Wheat bran::RealV6_小麦麸_sample7,Wheat bran
167,6,1,Sorghum::RealV6_高粱_sample10,Sorghum
167,6,2,Wheat::RealV6_小麦_sample6,Wheat
167,6,3,Wheat bran::RealV6_小麦麸_sample7,Wheat bran
167,6,4,Sorghum::RealV6_高粱_sample9,Sorghum
167,6,5,Barley::RealV6_大麦_sample9,Barley
167,6,6,Cassava::RealV6_木薯_sample10,Cassava
167,9,1,Sorghum::RealV6_高粱_sample10,Sorghum
167,9,2,Wheat::RealV6_小麦_sample6,Wheat
167,9,3,Wheat bran::RealV6_小麦麸_sample7,Wheat bran
167,9,4,Sorghum::RealV6_高粱_sample9,Sorghum
167,9,5,Barley::RealV6_大麦_sample9,Barley
167,9,6,Cassava::RealV6_木薯_sample10,Cassava
167,9,7,Wheat bran::RealV6_小麦麸_sample4,Wheat bran
167,9,8,Cassava::RealV6_木薯_sample4,Cassava
167,9,9,Rapeseed cake::RealV6_菜籽饼_sample6,Rapeseed cake
167,12,1,Sorghum::RealV6_高粱_sample10,Sorghum
167,12,2,Wheat::RealV6_小麦_sample6,Wheat
167,12,3,Wheat bran::RealV6_小麦麸_sample7,Wheat bran
167,12,4,Sorghum::RealV6_高粱_sample9,Sorghum
167,12,5,Barley::RealV6_大麦_sample9,Barley
167,12,6,Cassava::RealV6_木薯_sample10,Cassava
167,12,7,Wheat bran::RealV6_小麦麸_sample4,Wheat bran
167,12,8,Cassava::RealV6_木薯_sample4,Cassava
167,12,9,Rapeseed cake::RealV6_菜籽饼_sample6,Rapeseed cake
167,12,10,Brown rice::RealV6_糙米_sample6,Brown rice
167,12,11,Wheat::RealV6_小麦_sample5,Wheat
167,12,12,Rice bran::RealV6_米糠_sample6,Rice bran
168,3,1,Brown rice::RealV6_糙米_sample4,Brown rice
168,3,2,Brown rice::RealV6_糙米_sample6,Brown rice
168,3,3,Rapeseed cake::RealV6_菜籽饼_sample10,Rapeseed cake
168,6,1,Brown rice::RealV6_糙米_sample4,Brown rice
168,6,2,Brown rice::RealV6_糙米_sample6,Brown rice
168,6,3,Rapeseed cake::RealV6_菜籽饼_sample10,Rapeseed cake
168,6,4,Sorghum::RealV6_高粱_sample9,Sorghum
168,6,5,Cassava::RealV6_木薯_sample6,Cassava
168,6,6,Sorghum::RealV6_高粱_sample5,Sorghum
168,9,1,Brown rice::RealV6_糙米_sample4,Brown rice
168,9,2,Brown rice::RealV6_糙米_sample6,Brown rice
168,9,3,Rapeseed cake::RealV6_菜籽饼_sample10,Rapeseed cake
168,9,4,Sorghum::RealV6_高粱_sample9,Sorghum
168,9,5,Cassava::RealV6_木薯_sample6,Cassava
168,9,6,Sorghum::RealV6_高粱_sample5,Sorghum
168,9,7,Paddy rice::RealV6_稻谷_sample1,Paddy rice
168,9,8,Wheat::RealV6_小麦_sample8,Wheat
168,9,9,Rapeseed cake::RealV6_菜籽饼_sample3,Rapeseed cake
168,12,1,Brown rice::RealV6_糙米_sample4,Brown rice
168,12,2,Brown rice::RealV6_糙米_sample6,Brown rice
168,12,3,Rapeseed cake::RealV6_菜籽饼_sample10,Rapeseed cake
168,12,4,Sorghum::RealV6_高粱_sample9,Sorghum
168,12,5,Cassava::RealV6_木薯_sample6,Cassava
168,12,6,Sorghum::RealV6_高粱_sample5,Sorghum
168,12,7,Paddy rice::RealV6_稻谷_sample1,Paddy rice
168,12,8,Wheat::RealV6_小麦_sample8,Wheat
168,12,9,Rapeseed cake::RealV6_菜籽饼_sample3,Rapeseed cake
168,12,10,Wheat bran::RealV6_小麦麸_sample9,Wheat bran
168,12,11,Cassava::RealV6_木薯_sample1,Cassava
168,12,12,Barley::RealV6_大麦_sample1,Barley
169,3,1,Paddy rice::RealV6_稻谷_sample2,Paddy rice
169,3,2,Sorghum::RealV6_高粱_sample9,Sorghum
169,3,3,Wheat::RealV6_小麦_sample9,Wheat
169,6,1,Paddy rice::RealV6_稻谷_sample2,Paddy rice
169,6,2,Sorghum::RealV6_高粱_sample9,Sorghum
169,6,3,Wheat::RealV6_小麦_sample9,Wheat
169,6,4,Sorghum::RealV6_高粱_sample4,Sorghum
169,6,5,Brown rice::RealV6_糙米_sample8,Brown rice
169,6,6,Paddy rice::RealV6_稻谷_sample9,Paddy rice
169,9,1,Paddy rice::RealV6_稻谷_sample2,Paddy rice
169,9,2,Sorghum::RealV6_高粱_sample9,Sorghum
169,9,3,Wheat::RealV6_小麦_sample9,Wheat
169,9,4,Sorghum::RealV6_高粱_sample4,Sorghum
169,9,5,Brown rice::RealV6_糙米_sample8,Brown rice
169,9,6,Paddy rice::RealV6_稻谷_sample9,Paddy rice
169,9,7,Wheat::RealV6_小麦_sample2,Wheat
169,9,8,Brown rice::RealV6_糙米_sample3,Brown rice
169,9,9,Barley::RealV6_大麦_sample4,Barley
169,12,1,Paddy rice::RealV6_稻谷_sample2,Paddy rice
169,12,2,Sorghum::RealV6_高粱_sample9,Sorghum
169,12,3,Wheat::RealV6_小麦_sample9,Wheat
169,12,4,Sorghum::RealV6_高粱_sample4,Sorghum
169,12,5,Brown rice::RealV6_糙米_sample8,Brown rice
169,12,6,Paddy rice::RealV6_稻谷_sample9,Paddy rice
169,12,7,Wheat::RealV6_小麦_sample2,Wheat
169,12,8,Brown rice::RealV6_糙米_sample3,Brown rice
169,12,9,Barley::RealV6_大麦_sample4,Barley
169,12,10,Wheat bran::RealV6_小麦麸_sample9,Wheat bran
169,12,11,Rapeseed cake::RealV6_菜籽饼_sample5,Rapeseed cake
169,12,12,Rapeseed cake::RealV6_菜籽饼_sample7,Rapeseed cake
170,3,1,Rice bran::RealV6_米糠_sample6,Rice bran
170,3,2,Brown rice::RealV6_糙米_sample7,Brown rice
170,3,3,Rice bran::RealV6_米糠_sample3,Rice bran
170,6,1,Rice bran::RealV6_米糠_sample6,Rice bran
170,6,2,Brown rice::RealV6_糙米_sample7,Brown rice
170,6,3,Rice bran::RealV6_米糠_sample3,Rice bran
170,6,4,Wheat::RealV6_小麦_sample3,Wheat
170,6,5,Paddy rice::RealV6_稻谷_sample3,Paddy rice
170,6,6,Brown rice::RealV6_糙米_sample4,Brown rice
170,9,1,Rice bran::RealV6_米糠_sample6,Rice bran
170,9,2,Brown rice::RealV6_糙米_sample7,Brown rice
170,9,3,Rice bran::RealV6_米糠_sample3,Rice bran
170,9,4,Wheat::RealV6_小麦_sample3,Wheat
170,9,5,Paddy rice::RealV6_稻谷_sample3,Paddy rice
170,9,6,Brown rice::RealV6_糙米_sample4,Brown rice
170,9,7,Rapeseed cake::RealV6_菜籽饼_sample2,Rapeseed cake
170,9,8,Barley::RealV6_大麦_sample8,Barley
170,9,9,Wheat bran::RealV6_小麦麸_sample7,Wheat bran
170,12,1,Rice bran::RealV6_米糠_sample6,Rice bran
170,12,2,Brown rice::RealV6_糙米_sample7,Brown rice
170,12,3,Rice bran::RealV6_米糠_sample3,Rice bran
170,12,4,Wheat::RealV6_小麦_sample3,Wheat
170,12,5,Paddy rice::RealV6_稻谷_sample3,Paddy rice
170,12,6,Brown rice::RealV6_糙米_sample4,Brown rice
170,12,7,Rapeseed cake::RealV6_菜籽饼_sample2,Rapeseed cake
170,12,8,Barley::RealV6_大麦_sample8,Barley
170,12,9,Wheat bran::RealV6_小麦麸_sample7,Wheat bran
170,12,10,Barley::RealV6_大麦_sample3,Barley
170,12,11,Cassava::RealV6_木薯_sample10,Cassava
170,12,12,Rapeseed cake::RealV6_菜籽饼_sample5,Rapeseed cake
171,3,1,Wheat::RealV6_小麦_sample2,Wheat
171,3,2,Rapeseed cake::RealV6_菜籽饼_sample9,Rapeseed cake
171,3,3,Wheat::RealV6_小麦_sample7,Wheat
171,6,1,Wheat::RealV6_小麦_sample2,Wheat
171,6,2,Rapeseed cake::RealV6_菜籽饼_sample9,Rapeseed cake
171,6,3,Wheat::RealV6_小麦_sample7,Wheat
171,6,4,Rice bran::RealV6_米糠_sample5,Rice bran
171,6,5,Barley::RealV6_大麦_sample6,Barley
171,6,6,Brown rice::RealV6_糙米_sample4,Brown rice
171,9,1,Wheat::RealV6_小麦_sample2,Wheat
171,9,2,Rapeseed cake::RealV6_菜籽饼_sample9,Rapeseed cake
171,9,3,Wheat::RealV6_小麦_sample7,Wheat
171,9,4,Rice bran::RealV6_米糠_sample5,Rice bran
171,9,5,Barley::RealV6_大麦_sample6,Barley
171,9,6,Brown rice::RealV6_糙米_sample4,Brown rice
171,9,7,Brown rice::RealV6_糙米_sample5,Brown rice
171,9,8,Brown rice::RealV6_糙米_sample6,Brown rice
171,9,9,Rapeseed cake::RealV6_菜籽饼_sample10,Rapeseed cake
171,12,1,Wheat::RealV6_小麦_sample2,Wheat
171,12,2,Rapeseed cake::RealV6_菜籽饼_sample9,Rapeseed cake
171,12,3,Wheat::RealV6_小麦_sample7,Wheat
171,12,4,Rice bran::RealV6_米糠_sample5,Rice bran
171,12,5,Barley::RealV6_大麦_sample6,Barley
171,12,6,Brown rice::RealV6_糙米_sample4,Brown rice
171,12,7,Brown rice::RealV6_糙米_sample5,Brown rice
171,12,8,Brown rice::RealV6_糙米_sample6,Brown rice
171,12,9,Rapeseed cake::RealV6_菜籽饼_sample10,Rapeseed cake
171,12,10,Brown rice::RealV6_糙米_sample7,Brown rice
171,12,11,Rice bran::RealV6_米糠_sample1,Rice bran
171,12,12,Paddy rice::RealV6_稻谷_sample8,Paddy rice
172,3,1,Cassava::RealV6_木薯_sample10,Cassava
172,3,2,Sorghum::RealV6_高粱_sample4,Sorghum
172,3,3,Rapeseed cake::RealV6_菜籽饼_sample4,Rapeseed cake
172,6,1,Cassava::RealV6_木薯_sample10,Cassava
172,6,2,Sorghum::RealV6_高粱_sample4,Sorghum
172,6,3,Rapeseed cake::RealV6_菜籽饼_sample4,Rapeseed cake
172,6,4,Wheat bran::RealV6_小麦麸_sample3,Wheat bran
172,6,5,Cassava::RealV6_木薯_sample3,Cassava
172,6,6,Rapeseed cake::RealV6_菜籽饼_sample7,Rapeseed cake
172,9,1,Cassava::RealV6_木薯_sample10,Cassava
172,9,2,Sorghum::RealV6_高粱_sample4,Sorghum
172,9,3,Rapeseed cake::RealV6_菜籽饼_sample4,Rapeseed cake
172,9,4,Wheat bran::RealV6_小麦麸_sample3,Wheat bran
172,9,5,Cassava::RealV6_木薯_sample3,Cassava
172,9,6,Rapeseed cake::RealV6_菜籽饼_sample7,Rapeseed cake
172,9,7,Sorghum::RealV6_高粱_sample5,Sorghum
172,9,8,Barley::RealV6_大麦_sample7,Barley
172,9,9,Wheat bran::RealV6_小麦麸_sample8,Wheat bran
172,12,1,Cassava::RealV6_木薯_sample10,Cassava
172,12,2,Sorghum::RealV6_高粱_sample4,Sorghum
172,12,3,Rapeseed cake::RealV6_菜籽饼_sample4,Rapeseed cake
172,12,4,Wheat bran::RealV6_小麦麸_sample3,Wheat bran
172,12,5,Cassava::RealV6_木薯_sample3,Cassava
172,12,6,Rapeseed cake::RealV6_菜籽饼_sample7,Rapeseed cake
172,12,7,Sorghum::RealV6_高粱_sample5,Sorghum
172,12,8,Barley::RealV6_大麦_sample7,Barley
172,12,9,Wheat bran::RealV6_小麦麸_sample8,Wheat bran
172,12,10,Barley::RealV6_大麦_sample3,Barley
172,12,11,Sorghum::RealV6_高粱_sample9,Sorghum
172,12,12,Cassava::RealV6_木薯_sample4,Cassava
173,3,1,Wheat::RealV6_小麦_sample3,Wheat
173,3,2,Rapeseed cake::RealV6_菜籽饼_sample6,Rapeseed cake
173,3,3,Rapeseed cake::RealV6_菜籽饼_sample3,Rapeseed cake
173,6,1,Wheat::RealV6_小麦_sample3,Wheat
173,6,2,Rapeseed cake::RealV6_菜籽饼_sample6,Rapeseed cake
173,6,3,Rapeseed cake::RealV6_菜籽饼_sample3,Rapeseed cake
173,6,4,Paddy rice::RealV6_稻谷_sample3,Paddy rice
173,6,5,Rapeseed cake::RealV6_菜籽饼_sample1,Rapeseed cake
173,6,6,Cassava::RealV6_木薯_sample4,Cassava
173,9,1,Wheat::RealV6_小麦_sample3,Wheat
173,9,2,Rapeseed cake::RealV6_菜籽饼_sample6,Rapeseed cake
173,9,3,Rapeseed cake::RealV6_菜籽饼_sample3,Rapeseed cake
173,9,4,Paddy rice::RealV6_稻谷_sample3,Paddy rice
173,9,5,Rapeseed cake::RealV6_菜籽饼_sample1,Rapeseed cake
173,9,6,Cassava::RealV6_木薯_sample4,Cassava
173,9,7,Paddy rice::RealV6_稻谷_sample11,Paddy rice
173,9,8,Barley::RealV6_大麦_sample2,Barley
173,9,9,Brown rice::RealV6_糙米_sample4,Brown rice
173,12,1,Wheat::RealV6_小麦_sample3,Wheat
173,12,2,Rapeseed cake::RealV6_菜籽饼_sample6,Rapeseed cake
173,12,3,Rapeseed cake::RealV6_菜籽饼_sample3,Rapeseed cake
173,12,4,Paddy rice::RealV6_稻谷_sample3,Paddy rice
173,12,5,Rapeseed cake::RealV6_菜籽饼_sample1,Rapeseed cake
173,12,6,Cassava::RealV6_木薯_sample4,Cassava
173,12,7,Paddy rice::RealV6_稻谷_sample11,Paddy rice
173,12,8,Barley::RealV6_大麦_sample2,Barley
173,12,9,Brown rice::RealV6_糙米_sample4,Brown rice
173,12,10,Cassava::RealV6_木薯_sample8,Cassava
173,12,11,Cassava::RealV6_木薯_sample2,Cassava
173,12,12,Wheat::RealV6_小麦_sample4,Wheat
174,3,1,Rapeseed cake::RealV6_菜籽饼_sample1,Rapeseed cake
174,3,2,Wheat::RealV6_小麦_sample4,Wheat
174,3,3,Brown rice::RealV6_糙米_sample9,Brown rice
174,6,1,Rapeseed cake::RealV6_菜籽饼_sample1,Rapeseed cake
174,6,2,Wheat::RealV6_小麦_sample4,Wheat
174,6,3,Brown rice::RealV6_糙米_sample9,Brown rice
174,6,4,Barley::RealV6_大麦_sample8,Barley
174,6,5,Wheat bran::RealV6_小麦麸_sample5,Wheat bran
174,6,6,Paddy rice::RealV6_稻谷_sample10,Paddy rice
174,9,1,Rapeseed cake::RealV6_菜籽饼_sample1,Rapeseed cake
174,9,2,Wheat::RealV6_小麦_sample4,Wheat
174,9,3,Brown rice::RealV6_糙米_sample9,Brown rice
174,9,4,Barley::RealV6_大麦_sample8,Barley
174,9,5,Wheat bran::RealV6_小麦麸_sample5,Wheat bran
174,9,6,Paddy rice::RealV6_稻谷_sample10,Paddy rice
174,9,7,Rice bran::RealV6_米糠_sample1,Rice bran
174,9,8,Wheat::RealV6_小麦_sample3,Wheat
174,9,9,Brown rice::RealV6_糙米_sample1,Brown rice
174,12,1,Rapeseed cake::RealV6_菜籽饼_sample1,Rapeseed cake
174,12,2,Wheat::RealV6_小麦_sample4,Wheat
174,12,3,Brown rice::RealV6_糙米_sample9,Brown rice
174,12,4,Barley::RealV6_大麦_sample8,Barley
174,12,5,Wheat bran::RealV6_小麦麸_sample5,Wheat bran
174,12,6,Paddy rice::RealV6_稻谷_sample10,Paddy rice
174,12,7,Rice bran::RealV6_米糠_sample1,Rice bran
174,12,8,Wheat::RealV6_小麦_sample3,Wheat
174,12,9,Brown rice::RealV6_糙米_sample1,Brown rice
174,12,10,Sorghum::RealV6_高粱_sample3,Sorghum
174,12,11,Paddy rice::RealV6_稻谷_sample2,Paddy rice
174,12,12,Paddy rice::RealV6_稻谷_sample9,Paddy rice
175,3,1,Rice bran::RealV6_米糠_sample6,Rice bran
175,3,2,Rapeseed cake::RealV6_菜籽饼_sample7,Rapeseed cake
175,3,3,Wheat bran::RealV6_小麦麸_sample9,Wheat bran
175,6,1,Rice bran::RealV6_米糠_sample6,Rice bran
175,6,2,Rapeseed cake::RealV6_菜籽饼_sample7,Rapeseed cake
175,6,3,Wheat bran::RealV6_小麦麸_sample9,Wheat bran
175,6,4,Barley::RealV6_大麦_sample3,Barley
175,6,5,Paddy rice::RealV6_稻谷_sample4,Paddy rice
175,6,6,Rapeseed cake::RealV6_菜籽饼_sample3,Rapeseed cake
175,9,1,Rice bran::RealV6_米糠_sample6,Rice bran
175,9,2,Rapeseed cake::RealV6_菜籽饼_sample7,Rapeseed cake
175,9,3,Wheat bran::RealV6_小麦麸_sample9,Wheat bran
175,9,4,Barley::RealV6_大麦_sample3,Barley
175,9,5,Paddy rice::RealV6_稻谷_sample4,Paddy rice
175,9,6,Rapeseed cake::RealV6_菜籽饼_sample3,Rapeseed cake
175,9,7,Wheat bran::RealV6_小麦麸_sample4,Wheat bran
175,9,8,Paddy rice::RealV6_稻谷_sample10,Paddy rice
175,9,9,Paddy rice::RealV6_稻谷_sample8,Paddy rice
175,12,1,Rice bran::RealV6_米糠_sample6,Rice bran
175,12,2,Rapeseed cake::RealV6_菜籽饼_sample7,Rapeseed cake
175,12,3,Wheat bran::RealV6_小麦麸_sample9,Wheat bran
175,12,4,Barley::RealV6_大麦_sample3,Barley
175,12,5,Paddy rice::RealV6_稻谷_sample4,Paddy rice
175,12,6,Rapeseed cake::RealV6_菜籽饼_sample3,Rapeseed cake
175,12,7,Wheat bran::RealV6_小麦麸_sample4,Wheat bran
175,12,8,Paddy rice::RealV6_稻谷_sample10,Paddy rice
175,12,9,Paddy rice::RealV6_稻谷_sample8,Paddy rice
175,12,10,Rice bran::RealV6_米糠_sample3,Rice bran
175,12,11,Wheat bran::RealV6_小麦麸_sample8,Wheat bran
175,12,12,Barley::RealV6_大麦_sample1,Barley
176,3,1,Rapeseed cake::RealV6_菜籽饼_sample5,Rapeseed cake
176,3,2,Barley::RealV6_大麦_sample10,Barley
176,3,3,Cassava::RealV6_木薯_sample4,Cassava
176,6,1,Rapeseed cake::RealV6_菜籽饼_sample5,Rapeseed cake
176,6,2,Barley::RealV6_大麦_sample10,Barley
176,6,3,Cassava::RealV6_木薯_sample4,Cassava
176,6,4,Rapeseed cake::RealV6_菜籽饼_sample10,Rapeseed cake
176,6,5,Brown rice::RealV6_糙米_sample6,Brown rice
176,6,6,Wheat::RealV6_小麦_sample10,Wheat
176,9,1,Rapeseed cake::RealV6_菜籽饼_sample5,Rapeseed cake
176,9,2,Barley::RealV6_大麦_sample10,Barley
176,9,3,Cassava::RealV6_木薯_sample4,Cassava
176,9,4,Rapeseed cake::RealV6_菜籽饼_sample10,Rapeseed cake
176,9,5,Brown rice::RealV6_糙米_sample6,Brown rice
176,9,6,Wheat::RealV6_小麦_sample10,Wheat
176,9,7,Barley::RealV6_大麦_sample4,Barley
176,9,8,Rice bran::RealV6_米糠_sample8,Rice bran
176,9,9,Wheat::RealV6_小麦_sample4,Wheat
176,12,1,Rapeseed cake::RealV6_菜籽饼_sample5,Rapeseed cake
176,12,2,Barley::RealV6_大麦_sample10,Barley
176,12,3,Cassava::RealV6_木薯_sample4,Cassava
176,12,4,Rapeseed cake::RealV6_菜籽饼_sample10,Rapeseed cake
176,12,5,Brown rice::RealV6_糙米_sample6,Brown rice
176,12,6,Wheat::RealV6_小麦_sample10,Wheat
176,12,7,Barley::RealV6_大麦_sample4,Barley
176,12,8,Rice bran::RealV6_米糠_sample8,Rice bran
176,12,9,Wheat::RealV6_小麦_sample4,Wheat
176,12,10,Sorghum::RealV6_高粱_sample3,Sorghum
176,12,11,Wheat bran::RealV6_小麦麸_sample5,Wheat bran
176,12,12,Cassava::RealV6_木薯_sample9,Cassava
177,3,1,Barley::RealV6_大麦_sample8,Barley
177,3,2,Brown rice::RealV6_糙米_sample5,Brown rice
177,3,3,Brown rice::RealV6_糙米_sample7,Brown rice
177,6,1,Barley::RealV6_大麦_sample8,Barley
177,6,2,Brown rice::RealV6_糙米_sample5,Brown rice
177,6,3,Brown rice::RealV6_糙米_sample7,Brown rice
177,6,4,Rapeseed cake::RealV6_菜籽饼_sample5,Rapeseed cake
177,6,5,Wheat bran::RealV6_小麦麸_sample9,Wheat bran
177,6,6,Sorghum::RealV6_高粱_sample4,Sorghum
177,9,1,Barley::RealV6_大麦_sample8,Barley
177,9,2,Brown rice::RealV6_糙米_sample5,Brown rice
177,9,3,Brown rice::RealV6_糙米_sample7,Brown rice
177,9,4,Rapeseed cake::RealV6_菜籽饼_sample5,Rapeseed cake
177,9,5,Wheat bran::RealV6_小麦麸_sample9,Wheat bran
177,9,6,Sorghum::RealV6_高粱_sample4,Sorghum
177,9,7,Paddy rice::RealV6_稻谷_sample5,Paddy rice
177,9,8,Wheat::RealV6_小麦_sample3,Wheat
177,9,9,Wheat bran::RealV6_小麦麸_sample7,Wheat bran
177,12,1,Barley::RealV6_大麦_sample8,Barley
177,12,2,Brown rice::RealV6_糙米_sample5,Brown rice
177,12,3,Brown rice::RealV6_糙米_sample7,Brown rice
177,12,4,Rapeseed cake::RealV6_菜籽饼_sample5,Rapeseed cake
177,12,5,Wheat bran::RealV6_小麦麸_sample9,Wheat bran
177,12,6,Sorghum::RealV6_高粱_sample4,Sorghum
177,12,7,Paddy rice::RealV6_稻谷_sample5,Paddy rice
177,12,8,Wheat::RealV6_小麦_sample3,Wheat
177,12,9,Wheat bran::RealV6_小麦麸_sample7,Wheat bran
177,12,10,Sorghum::RealV6_高粱_sample6,Sorghum
177,12,11,Cassava::RealV6_木薯_sample8,Cassava
177,12,12,Paddy rice::RealV6_稻谷_sample1,Paddy rice
178,3,1,Cassava::RealV6_木薯_sample5,Cassava
178,3,2,Wheat bran::RealV6_小麦麸_sample6,Wheat bran
178,3,3,Paddy rice::RealV6_稻谷_sample8,Paddy rice
178,6,1,Cassava::RealV6_木薯_sample5,Cassava
178,6,2,Wheat bran::RealV6_小麦麸_sample6,Wheat bran
178,6,3,Paddy rice::RealV6_稻谷_sample8,Paddy rice
178,6,4,Sorghum::RealV6_高粱_sample8,Sorghum
178,6,5,Barley::RealV6_大麦_sample2,Barley
178,6,6,Wheat::RealV6_小麦_sample9,Wheat
178,9,1,Cassava::RealV6_木薯_sample5,Cassava
178,9,2,Wheat bran::RealV6_小麦麸_sample6,Wheat bran
178,9,3,Paddy rice::RealV6_稻谷_sample8,Paddy rice
178,9,4,Sorghum::RealV6_高粱_sample8,Sorghum
178,9,5,Barley::RealV6_大麦_sample2,Barley
178,9,6,Wheat::RealV6_小麦_sample9,Wheat
178,9,7,Barley::RealV6_大麦_sample1,Barley
178,9,8,Rapeseed cake::RealV6_菜籽饼_sample6,Rapeseed cake
178,9,9,Paddy rice::RealV6_稻谷_sample3,Paddy rice
178,12,1,Cassava::RealV6_木薯_sample5,Cassava
178,12,2,Wheat bran::RealV6_小麦麸_sample6,Wheat bran
178,12,3,Paddy rice::RealV6_稻谷_sample8,Paddy rice
178,12,4,Sorghum::RealV6_高粱_sample8,Sorghum
178,12,5,Barley::RealV6_大麦_sample2,Barley
178,12,6,Wheat::RealV6_小麦_sample9,Wheat
178,12,7,Barley::RealV6_大麦_sample1,Barley
178,12,8,Rapeseed cake::RealV6_菜籽饼_sample6,Rapeseed cake
178,12,9,Paddy rice::RealV6_稻谷_sample3,Paddy rice
178,12,10,Rice bran::RealV6_米糠_sample10,Rice bran
178,12,11,Barley::RealV6_大麦_sample10,Barley
178,12,12,Rice bran::RealV6_米糠_sample3,Rice bran
179,3,1,Wheat bran::RealV6_小麦麸_sample3,Wheat bran
179,3,2,Wheat bran::RealV6_小麦麸_sample7,Wheat bran
179,3,3,Sorghum::RealV6_高粱_sample3,Sorghum
179,6,1,Wheat bran::RealV6_小麦麸_sample3,Wheat bran
179,6,2,Wheat bran::RealV6_小麦麸_sample7,Wheat bran
179,6,3,Sorghum::RealV6_高粱_sample3,Sorghum
179,6,4,Cassava::RealV6_木薯_sample10,Cassava
179,6,5,Rice bran::RealV6_米糠_sample10,Rice bran
179,6,6,Rapeseed cake::RealV6_菜籽饼_sample10,Rapeseed cake
179,9,1,Wheat bran::RealV6_小麦麸_sample3,Wheat bran
179,9,2,Wheat bran::RealV6_小麦麸_sample7,Wheat bran
179,9,3,Sorghum::RealV6_高粱_sample3,Sorghum
179,9,4,Cassava::RealV6_木薯_sample10,Cassava
179,9,5,Rice bran::RealV6_米糠_sample10,Rice bran
179,9,6,Rapeseed cake::RealV6_菜籽饼_sample10,Rapeseed cake
179,9,7,Paddy rice::RealV6_稻谷_sample2,Paddy rice
179,9,8,Wheat::RealV6_小麦_sample1,Wheat
179,9,9,Wheat bran::RealV6_小麦麸_sample8,Wheat bran
179,12,1,Wheat bran::RealV6_小麦麸_sample3,Wheat bran
179,12,2,Wheat bran::RealV6_小麦麸_sample7,Wheat bran
179,12,3,Sorghum::RealV6_高粱_sample3,Sorghum
179,12,4,Cassava::RealV6_木薯_sample10,Cassava
179,12,5,Rice bran::RealV6_米糠_sample10,Rice bran
179,12,6,Rapeseed cake::RealV6_菜籽饼_sample10,Rapeseed cake
179,12,7,Paddy rice::RealV6_稻谷_sample2,Paddy rice
179,12,8,Wheat::RealV6_小麦_sample1,Wheat
179,12,9,Wheat bran::RealV6_小麦麸_sample8,Wheat bran
179,12,10,Brown rice::RealV6_糙米_sample3,Brown rice
179,12,11,Wheat::RealV6_小麦_sample5,Wheat
179,12,12,Cassava::RealV6_木薯_sample7,Cassava
180,3,1,Brown rice::RealV6_糙米_sample8,Brown rice
180,3,2,Brown rice::RealV6_糙米_sample5,Brown rice
180,3,3,Wheat bran::RealV6_小麦麸_sample10,Wheat bran
180,6,1,Brown rice::RealV6_糙米_sample8,Brown rice
180,6,2,Brown rice::RealV6_糙米_sample5,Brown rice
180,6,3,Wheat bran::RealV6_小麦麸_sample10,Wheat bran
180,6,4,Rice bran::RealV6_米糠_sample2,Rice bran
180,6,5,Brown rice::RealV6_糙米_sample6,Brown rice
180,6,6,Barley::RealV6_大麦_sample4,Barley
180,9,1,Brown rice::RealV6_糙米_sample8,Brown rice
180,9,2,Brown rice::RealV6_糙米_sample5,Brown rice
180,9,3,Wheat bran::RealV6_小麦麸_sample10,Wheat bran
180,9,4,Rice bran::RealV6_米糠_sample2,Rice bran
180,9,5,Brown rice::RealV6_糙米_sample6,Brown rice
180,9,6,Barley::RealV6_大麦_sample4,Barley
180,9,7,Rapeseed cake::RealV6_菜籽饼_sample1,Rapeseed cake
180,9,8,Paddy rice::RealV6_稻谷_sample5,Paddy rice
180,9,9,Barley::RealV6_大麦_sample5,Barley
180,12,1,Brown rice::RealV6_糙米_sample8,Brown rice
180,12,2,Brown rice::RealV6_糙米_sample5,Brown rice
180,12,3,Wheat bran::RealV6_小麦麸_sample10,Wheat bran
180,12,4,Rice bran::RealV6_米糠_sample2,Rice bran
180,12,5,Brown rice::RealV6_糙米_sample6,Brown rice
180,12,6,Barley::RealV6_大麦_sample4,Barley
180,12,7,Rapeseed cake::RealV6_菜籽饼_sample1,Rapeseed cake
180,12,8,Paddy rice::RealV6_稻谷_sample5,Paddy rice
180,12,9,Barley::RealV6_大麦_sample5,Barley
180,12,10,Wheat bran::RealV6_小麦麸_sample3,Wheat bran
180,12,11,Cassava::RealV6_木薯_sample6,Cassava
180,12,12,Rapeseed cake::RealV6_菜籽饼_sample7,Rapeseed cake
181,3,1,Barley::RealV6_大麦_sample6,Barley
181,3,2,Rice bran::RealV6_米糠_sample4,Rice bran
181,3,3,Brown rice::RealV6_糙米_sample6,Brown rice
181,6,1,Barley::RealV6_大麦_sample6,Barley
181,6,2,Rice bran::RealV6_米糠_sample4,Rice bran
181,6,3,Brown rice::RealV6_糙米_sample6,Brown rice
181,6,4,Cassava::RealV6_木薯_sample6,Cassava
181,6,5,Sorghum::RealV6_高粱_sample9,Sorghum
181,6,6,Cassava::RealV6_木薯_sample10,Cassava
181,9,1,Barley::RealV6_大麦_sample6,Barley
181,9,2,Rice bran::RealV6_米糠_sample4,Rice bran
181,9,3,Brown rice::RealV6_糙米_sample6,Brown rice
181,9,4,Cassava::RealV6_木薯_sample6,Cassava
181,9,5,Sorghum::RealV6_高粱_sample9,Sorghum
181,9,6,Cassava::RealV6_木薯_sample10,Cassava
181,9,7,Cassava::RealV6_木薯_sample1,Cassava
181,9,8,Brown rice::RealV6_糙米_sample9,Brown rice
181,9,9,Rice bran::RealV6_米糠_sample5,Rice bran
181,12,1,Barley::RealV6_大麦_sample6,Barley
181,12,2,Rice bran::RealV6_米糠_sample4,Rice bran
181,12,3,Brown rice::RealV6_糙米_sample6,Brown rice
181,12,4,Cassava::RealV6_木薯_sample6,Cassava
181,12,5,Sorghum::RealV6_高粱_sample9,Sorghum
181,12,6,Cassava::RealV6_木薯_sample10,Cassava
181,12,7,Cassava::RealV6_木薯_sample1,Cassava
181,12,8,Brown rice::RealV6_糙米_sample9,Brown rice
181,12,9,Rice bran::RealV6_米糠_sample5,Rice bran
181,12,10,Cassava::RealV6_木薯_sample8,Cassava
181,12,11,Paddy rice::RealV6_稻谷_sample10,Paddy rice
181,12,12,Paddy rice::RealV6_稻谷_sample11,Paddy rice
182,3,1,Sorghum::RealV6_高粱_sample4,Sorghum
182,3,2,Barley::RealV6_大麦_sample2,Barley
182,3,3,Wheat bran::RealV6_小麦麸_sample8,Wheat bran
182,6,1,Sorghum::RealV6_高粱_sample4,Sorghum
182,6,2,Barley::RealV6_大麦_sample2,Barley
182,6,3,Wheat bran::RealV6_小麦麸_sample8,Wheat bran
182,6,4,Barley::RealV6_大麦_sample10,Barley
182,6,5,Wheat bran::RealV6_小麦麸_sample2,Wheat bran
182,6,6,Paddy rice::RealV6_稻谷_sample5,Paddy rice
182,9,1,Sorghum::RealV6_高粱_sample4,Sorghum
182,9,2,Barley::RealV6_大麦_sample2,Barley
182,9,3,Wheat bran::RealV6_小麦麸_sample8,Wheat bran
182,9,4,Barley::RealV6_大麦_sample10,Barley
182,9,5,Wheat bran::RealV6_小麦麸_sample2,Wheat bran
182,9,6,Paddy rice::RealV6_稻谷_sample5,Paddy rice
182,9,7,Wheat::RealV6_小麦_sample3,Wheat
182,9,8,Sorghum::RealV6_高粱_sample1,Sorghum
182,9,9,Barley::RealV6_大麦_sample1,Barley
182,12,1,Sorghum::RealV6_高粱_sample4,Sorghum
182,12,2,Barley::RealV6_大麦_sample2,Barley
182,12,3,Wheat bran::RealV6_小麦麸_sample8,Wheat bran
182,12,4,Barley::RealV6_大麦_sample10,Barley
182,12,5,Wheat bran::RealV6_小麦麸_sample2,Wheat bran
182,12,6,Paddy rice::RealV6_稻谷_sample5,Paddy rice
182,12,7,Wheat::RealV6_小麦_sample3,Wheat
182,12,8,Sorghum::RealV6_高粱_sample1,Sorghum
182,12,9,Barley::RealV6_大麦_sample1,Barley
182,12,10,Paddy rice::RealV6_稻谷_sample3,Paddy rice
182,12,11,Sorghum::RealV6_高粱_sample9,Sorghum
182,12,12,Brown rice::RealV6_糙米_sample5,Brown rice
183,3,1,Wheat::RealV6_小麦_sample10,Wheat
183,3,2,Sorghum::RealV6_高粱_sample7,Sorghum
183,3,3,Wheat::RealV6_小麦_sample5,Wheat
183,6,1,Wheat::RealV6_小麦_sample10,Wheat
183,6,2,Sorghum::RealV6_高粱_sample7,Sorghum
183,6,3,Wheat::RealV6_小麦_sample5,Wheat
183,6,4,Paddy rice::RealV6_稻谷_sample6,Paddy rice
183,6,5,Brown rice::RealV6_糙米_sample6,Brown rice
183,6,6,Wheat bran::RealV6_小麦麸_sample1,Wheat bran
183,9,1,Wheat::RealV6_小麦_sample10,Wheat
183,9,2,Sorghum::RealV6_高粱_sample7,Sorghum
183,9,3,Wheat::RealV6_小麦_sample5,Wheat
183,9,4,Paddy rice::RealV6_稻谷_sample6,Paddy rice
183,9,5,Brown rice::RealV6_糙米_sample6,Brown rice
183,9,6,Wheat bran::RealV6_小麦麸_sample1,Wheat bran
183,9,7,Cassava::RealV6_木薯_sample1,Cassava
183,9,8,Cassava::RealV6_木薯_sample5,Cassava
183,9,9,Wheat bran::RealV6_小麦麸_sample5,Wheat bran
183,12,1,Wheat::RealV6_小麦_sample10,Wheat
183,12,2,Sorghum::RealV6_高粱_sample7,Sorghum
183,12,3,Wheat::RealV6_小麦_sample5,Wheat
183,12,4,Paddy rice::RealV6_稻谷_sample6,Paddy rice
183,12,5,Brown rice::RealV6_糙米_sample6,Brown rice
183,12,6,Wheat bran::RealV6_小麦麸_sample1,Wheat bran
183,12,7,Cassava::RealV6_木薯_sample1,Cassava
183,12,8,Cassava::RealV6_木薯_sample5,Cassava
183,12,9,Wheat bran::RealV6_小麦麸_sample5,Wheat bran
183,12,10,Paddy rice::RealV6_稻谷_sample2,Paddy rice
183,12,11,Brown rice::RealV6_糙米_sample4,Brown rice
183,12,12,Paddy rice::RealV6_稻谷_sample4,Paddy rice
184,3,1,Paddy rice::RealV6_稻谷_sample6,Paddy rice
184,3,2,Wheat bran::RealV6_小麦麸_sample1,Wheat bran
184,3,3,Rice bran::RealV6_米糠_sample5,Rice bran
184,6,1,Paddy rice::RealV6_稻谷_sample6,Paddy rice
184,6,2,Wheat bran::RealV6_小麦麸_sample1,Wheat bran
184,6,3,Rice bran::RealV6_米糠_sample5,Rice bran
184,6,4,Barley::RealV6_大麦_sample9,Barley
184,6,5,Rapeseed cake::RealV6_菜籽饼_sample7,Rapeseed cake
184,6,6,Cassava::RealV6_木薯_sample5,Cassava
184,9,1,Paddy rice::RealV6_稻谷_sample6,Paddy rice
184,9,2,Wheat bran::RealV6_小麦麸_sample1,Wheat bran
184,9,3,Rice bran::RealV6_米糠_sample5,Rice bran
184,9,4,Barley::RealV6_大麦_sample9,Barley
184,9,5,Rapeseed cake::RealV6_菜籽饼_sample7,Rapeseed cake
184,9,6,Cassava::RealV6_木薯_sample5,Cassava
184,9,7,Wheat bran::RealV6_小麦麸_sample8,Wheat bran
184,9,8,Paddy rice::RealV6_稻谷_sample8,Paddy rice
184,9,9,Wheat::RealV6_小麦_sample7,Wheat
184,12,1,Paddy rice::RealV6_稻谷_sample6,Paddy rice
184,12,2,Wheat bran::RealV6_小麦麸_sample1,Wheat bran
184,12,3,Rice bran::RealV6_米糠_sample5,Rice bran
184,12,4,Barley::RealV6_大麦_sample9,Barley
184,12,5,Rapeseed cake::RealV6_菜籽饼_sample7,Rapeseed cake
184,12,6,Cassava::RealV6_木薯_sample5,Cassava
184,12,7,Wheat bran::RealV6_小麦麸_sample8,Wheat bran
184,12,8,Paddy rice::RealV6_稻谷_sample8,Paddy rice
184,12,9,Wheat::RealV6_小麦_sample7,Wheat
184,12,10,Sorghum::RealV6_高粱_sample8,Sorghum
184,12,11,Sorghum::RealV6_高粱_sample3,Sorghum
184,12,12,Rice bran::RealV6_米糠_sample4,Rice bran
185,3,1,Rice bran::RealV6_米糠_sample2,Rice bran
185,3,2,Sorghum::RealV6_高粱_sample4,Sorghum
185,3,3,Paddy rice::RealV6_稻谷_sample9,Paddy rice
185,6,1,Rice bran::RealV6_米糠_sample2,Rice bran
185,6,2,Sorghum::RealV6_高粱_sample4,Sorghum
185,6,3,Paddy rice::RealV6_稻谷_sample9,Paddy rice
185,6,4,Wheat bran::RealV6_小麦麸_sample4,Wheat bran
185,6,5,Brown rice::RealV6_糙米_sample9,Brown rice
185,6,6,Paddy rice::RealV6_稻谷_sample7,Paddy rice
185,9,1,Rice bran::RealV6_米糠_sample2,Rice bran
185,9,2,Sorghum::RealV6_高粱_sample4,Sorghum
185,9,3,Paddy rice::RealV6_稻谷_sample9,Paddy rice
185,9,4,Wheat bran::RealV6_小麦麸_sample4,Wheat bran
185,9,5,Brown rice::RealV6_糙米_sample9,Brown rice
185,9,6,Paddy rice::RealV6_稻谷_sample7,Paddy rice
185,9,7,Barley::RealV6_大麦_sample1,Barley
185,9,8,Wheat::RealV6_小麦_sample9,Wheat
185,9,9,Wheat::RealV6_小麦_sample3,Wheat
185,12,1,Rice bran::RealV6_米糠_sample2,Rice bran
185,12,2,Sorghum::RealV6_高粱_sample4,Sorghum
185,12,3,Paddy rice::RealV6_稻谷_sample9,Paddy rice
185,12,4,Wheat bran::RealV6_小麦麸_sample4,Wheat bran
185,12,5,Brown rice::RealV6_糙米_sample9,Brown rice
185,12,6,Paddy rice::RealV6_稻谷_sample7,Paddy rice
185,12,7,Barley::RealV6_大麦_sample1,Barley
185,12,8,Wheat::RealV6_小麦_sample9,Wheat
185,12,9,Wheat::RealV6_小麦_sample3,Wheat
185,12,10,Wheat bran::RealV6_小麦麸_sample1,Wheat bran
185,12,11,Paddy rice::RealV6_稻谷_sample10,Paddy rice
185,12,12,Cassava::RealV6_木薯_sample9,Cassava
186,3,1,Wheat bran::RealV6_小麦麸_sample7,Wheat bran
186,3,2,Sorghum::RealV6_高粱_sample1,Sorghum
186,3,3,Paddy rice::RealV6_稻谷_sample3,Paddy rice
186,6,1,Wheat bran::RealV6_小麦麸_sample7,Wheat bran
186,6,2,Sorghum::RealV6_高粱_sample1,Sorghum
186,6,3,Paddy rice::RealV6_稻谷_sample3,Paddy rice
186,6,4,Brown rice::RealV6_糙米_sample7,Brown rice
186,6,5,Brown rice::RealV6_糙米_sample8,Brown rice
186,6,6,Cassava::RealV6_木薯_sample3,Cassava
186,9,1,Wheat bran::RealV6_小麦麸_sample7,Wheat bran
186,9,2,Sorghum::RealV6_高粱_sample1,Sorghum
186,9,3,Paddy rice::RealV6_稻谷_sample3,Paddy rice
186,9,4,Brown rice::RealV6_糙米_sample7,Brown rice
186,9,5,Brown rice::RealV6_糙米_sample8,Brown rice
186,9,6,Cassava::RealV6_木薯_sample3,Cassava
186,9,7,Cassava::RealV6_木薯_sample1,Cassava
186,9,8,Barley::RealV6_大麦_sample8,Barley
186,9,9,Wheat bran::RealV6_小麦麸_sample9,Wheat bran
186,12,1,Wheat bran::RealV6_小麦麸_sample7,Wheat bran
186,12,2,Sorghum::RealV6_高粱_sample1,Sorghum
186,12,3,Paddy rice::RealV6_稻谷_sample3,Paddy rice
186,12,4,Brown rice::RealV6_糙米_sample7,Brown rice
186,12,5,Brown rice::RealV6_糙米_sample8,Brown rice
186,12,6,Cassava::RealV6_木薯_sample3,Cassava
186,12,7,Cassava::RealV6_木薯_sample1,Cassava
186,12,8,Barley::RealV6_大麦_sample8,Barley
186,12,9,Wheat bran::RealV6_小麦麸_sample9,Wheat bran
186,12,10,Brown rice::RealV6_糙米_sample1,Brown rice
186,12,11,Barley::RealV6_大麦_sample2,Barley
186,12,12,Rice bran::RealV6_米糠_sample8,Rice bran
187,3,1,Rice bran::RealV6_米糠_sample2,Rice bran
187,3,2,Brown rice::RealV6_糙米_sample2,Brown rice
187,3,3,Wheat::RealV6_小麦_sample10,Wheat
187,6,1,Rice bran::RealV6_米糠_sample2,Rice bran
187,6,2,Brown rice::RealV6_糙米_sample2,Brown rice
187,6,3,Wheat::RealV6_小麦_sample10,Wheat
187,6,4,Rice bran::RealV6_米糠_sample4,Rice bran
187,6,5,Sorghum::RealV6_高粱_sample8,Sorghum
187,6,6,Wheat bran::RealV6_小麦麸_sample9,Wheat bran
187,9,1,Rice bran::RealV6_米糠_sample2,Rice bran
187,9,2,Brown rice::RealV6_糙米_sample2,Brown rice
187,9,3,Wheat::RealV6_小麦_sample10,Wheat
187,9,4,Rice bran::RealV6_米糠_sample4,Rice bran
187,9,5,Sorghum::RealV6_高粱_sample8,Sorghum
187,9,6,Wheat bran::RealV6_小麦麸_sample9,Wheat bran
187,9,7,Paddy rice::RealV6_稻谷_sample8,Paddy rice
187,9,8,Sorghum::RealV6_高粱_sample4,Sorghum
187,9,9,Cassava::RealV6_木薯_sample1,Cassava
187,12,1,Rice bran::RealV6_米糠_sample2,Rice bran
187,12,2,Brown rice::RealV6_糙米_sample2,Brown rice
187,12,3,Wheat::RealV6_小麦_sample10,Wheat
187,12,4,Rice bran::RealV6_米糠_sample4,Rice bran
187,12,5,Sorghum::RealV6_高粱_sample8,Sorghum
187,12,6,Wheat bran::RealV6_小麦麸_sample9,Wheat bran
187,12,7,Paddy rice::RealV6_稻谷_sample8,Paddy rice
187,12,8,Sorghum::RealV6_高粱_sample4,Sorghum
187,12,9,Cassava::RealV6_木薯_sample1,Cassava
187,12,10,Wheat::RealV6_小麦_sample6,Wheat
187,12,11,Cassava::RealV6_木薯_sample8,Cassava
187,12,12,Rapeseed cake::RealV6_菜籽饼_sample2,Rapeseed cake
188,3,1,Sorghum::RealV6_高粱_sample6,Sorghum
188,3,2,Wheat bran::RealV6_小麦麸_sample1,Wheat bran
188,3,3,Paddy rice::RealV6_稻谷_sample2,Paddy rice
188,6,1,Sorghum::RealV6_高粱_sample6,Sorghum
188,6,2,Wheat bran::RealV6_小麦麸_sample1,Wheat bran
188,6,3,Paddy rice::RealV6_稻谷_sample2,Paddy rice
188,6,4,Brown rice::RealV6_糙米_sample10,Brown rice
188,6,5,Rice bran::RealV6_米糠_sample10,Rice bran
188,6,6,Cassava::RealV6_木薯_sample8,Cassava
188,9,1,Sorghum::RealV6_高粱_sample6,Sorghum
188,9,2,Wheat bran::RealV6_小麦麸_sample1,Wheat bran
188,9,3,Paddy rice::RealV6_稻谷_sample2,Paddy rice
188,9,4,Brown rice::RealV6_糙米_sample10,Brown rice
188,9,5,Rice bran::RealV6_米糠_sample10,Rice bran
188,9,6,Cassava::RealV6_木薯_sample8,Cassava
188,9,7,Brown rice::RealV6_糙米_sample4,Brown rice
188,9,8,Barley::RealV6_大麦_sample5,Barley
188,9,9,Rapeseed cake::RealV6_菜籽饼_sample6,Rapeseed cake
188,12,1,Sorghum::RealV6_高粱_sample6,Sorghum
188,12,2,Wheat bran::RealV6_小麦麸_sample1,Wheat bran
188,12,3,Paddy rice::RealV6_稻谷_sample2,Paddy rice
188,12,4,Brown rice::RealV6_糙米_sample10,Brown rice
188,12,5,Rice bran::RealV6_米糠_sample10,Rice bran
188,12,6,Cassava::RealV6_木薯_sample8,Cassava
188,12,7,Brown rice::RealV6_糙米_sample4,Brown rice
188,12,8,Barley::RealV6_大麦_sample5,Barley
188,12,9,Rapeseed cake::RealV6_菜籽饼_sample6,Rapeseed cake
188,12,10,Paddy rice::RealV6_稻谷_sample5,Paddy rice
188,12,11,Wheat bran::RealV6_小麦麸_sample8,Wheat bran
188,12,12,Brown rice::RealV6_糙米_sample7,Brown rice
189,3,1,Wheat::RealV6_小麦_sample9,Wheat
189,3,2,Barley::RealV6_大麦_sample4,Barley
189,3,3,Wheat::RealV6_小麦_sample2,Wheat
189,6,1,Wheat::RealV6_小麦_sample9,Wheat
189,6,2,Barley::RealV6_大麦_sample4,Barley
189,6,3,Wheat::RealV6_小麦_sample2,Wheat
189,6,4,Cassava::RealV6_木薯_sample3,Cassava
189,6,5,Wheat bran::RealV6_小麦麸_sample10,Wheat bran
189,6,6,Paddy rice::RealV6_稻谷_sample2,Paddy rice
189,9,1,Wheat::RealV6_小麦_sample9,Wheat
189,9,2,Barley::RealV6_大麦_sample4,Barley
189,9,3,Wheat::RealV6_小麦_sample2,Wheat
189,9,4,Cassava::RealV6_木薯_sample3,Cassava
189,9,5,Wheat bran::RealV6_小麦麸_sample10,Wheat bran
189,9,6,Paddy rice::RealV6_稻谷_sample2,Paddy rice
189,9,7,Rice bran::RealV6_米糠_sample10,Rice bran
189,9,8,Cassava::RealV6_木薯_sample8,Cassava
189,9,9,Brown rice::RealV6_糙米_sample4,Brown rice
189,12,1,Wheat::RealV6_小麦_sample9,Wheat
189,12,2,Barley::RealV6_大麦_sample4,Barley
189,12,3,Wheat::RealV6_小麦_sample2,Wheat
189,12,4,Cassava::RealV6_木薯_sample3,Cassava
189,12,5,Wheat bran::RealV6_小麦麸_sample10,Wheat bran
189,12,6,Paddy rice::RealV6_稻谷_sample2,Paddy rice
189,12,7,Rice bran::RealV6_米糠_sample10,Rice bran
189,12,8,Cassava::RealV6_木薯_sample8,Cassava
189,12,9,Brown rice::RealV6_糙米_sample4,Brown rice
189,12,10,Barley::RealV6_大麦_sample5,Barley
189,12,11,Barley::RealV6_大麦_sample2,Barley
189,12,12,Rapeseed cake::RealV6_菜籽饼_sample1,Rapeseed cake
190,3,1,Cassava::RealV6_木薯_sample8,Cassava
190,3,2,Sorghum::RealV6_高粱_sample7,Sorghum
190,3,3,Wheat::RealV6_小麦_sample5,Wheat
190,6,1,Cassava::RealV6_木薯_sample8,Cassava
190,6,2,Sorghum::RealV6_高粱_sample7,Sorghum
190,6,3,Wheat::RealV6_小麦_sample5,Wheat
190,6,4,Paddy rice::RealV6_稻谷_sample7,Paddy rice
190,6,5,Sorghum::RealV6_高粱_sample2,Sorghum
190,6,6,Wheat::RealV6_小麦_sample3,Wheat
190,9,1,Cassava::RealV6_木薯_sample8,Cassava
190,9,2,Sorghum::RealV6_高粱_sample7,Sorghum
190,9,3,Wheat::RealV6_小麦_sample5,Wheat
190,9,4,Paddy rice::RealV6_稻谷_sample7,Paddy rice
190,9,5,Sorghum::RealV6_高粱_sample2,Sorghum
190,9,6,Wheat::RealV6_小麦_sample3,Wheat
190,9,7,Cassava::RealV6_木薯_sample4,Cassava
190,9,8,Barley::RealV6_大麦_sample3,Barley
190,9,9,Wheat bran::RealV6_小麦麸_sample9,Wheat bran
190,12,1,Cassava::RealV6_木薯_sample8,Cassava
190,12,2,Sorghum::RealV6_高粱_sample7,Sorghum
190,12,3,Wheat::RealV6_小麦_sample5,Wheat
190,12,4,Paddy rice::RealV6_稻谷_sample7,Paddy rice
190,12,5,Sorghum::RealV6_高粱_sample2,Sorghum
190,12,6,Wheat::RealV6_小麦_sample3,Wheat
190,12,7,Cassava::RealV6_木薯_sample4,Cassava
190,12,8,Barley::RealV6_大麦_sample3,Barley
190,12,9,Wheat bran::RealV6_小麦麸_sample9,Wheat bran
190,12,10,Rapeseed cake::RealV6_菜籽饼_sample2,Rapeseed cake
190,12,11,Cassava::RealV6_木薯_sample1,Cassava
190,12,12,Barley::RealV6_大麦_sample7,Barley
191,3,1,Sorghum::RealV6_高粱_sample2,Sorghum
191,3,2,Brown rice::RealV6_糙米_sample10,Brown rice
191,3,3,Paddy rice::RealV6_稻谷_sample1,Paddy rice
191,6,1,Sorghum::RealV6_高粱_sample2,Sorghum
191,6,2,Brown rice::RealV6_糙米_sample10,Brown rice
191,6,3,Paddy rice::RealV6_稻谷_sample1,Paddy rice
191,6,4,Rice bran::RealV6_米糠_sample4,Rice bran
191,6,5,Wheat::RealV6_小麦_sample1,Wheat
191,6,6,Barley::RealV6_大麦_sample1,Barley
191,9,1,Sorghum::RealV6_高粱_sample2,Sorghum
191,9,2,Brown rice::RealV6_糙米_sample10,Brown rice
191,9,3,Paddy rice::RealV6_稻谷_sample1,Paddy rice
191,9,4,Rice bran::RealV6_米糠_sample4,Rice bran
191,9,5,Wheat::RealV6_小麦_sample1,Wheat
191,9,6,Barley::RealV6_大麦_sample1,Barley
191,9,7,Paddy rice::RealV6_稻谷_sample10,Paddy rice
191,9,8,Wheat::RealV6_小麦_sample7,Wheat
191,9,9,Sorghum::RealV6_高粱_sample5,Sorghum
191,12,1,Sorghum::RealV6_高粱_sample2,Sorghum
191,12,2,Brown rice::RealV6_糙米_sample10,Brown rice
191,12,3,Paddy rice::RealV6_稻谷_sample1,Paddy rice
191,12,4,Rice bran::RealV6_米糠_sample4,Rice bran
191,12,5,Wheat::RealV6_小麦_sample1,Wheat
191,12,6,Barley::RealV6_大麦_sample1,Barley
191,12,7,Paddy rice::RealV6_稻谷_sample10,Paddy rice
191,12,8,Wheat::RealV6_小麦_sample7,Wheat
191,12,9,Sorghum::RealV6_高粱_sample5,Sorghum
191,12,10,Rice bran::RealV6_米糠_sample7,Rice bran
191,12,11,Wheat::RealV6_小麦_sample3,Wheat
191,12,12,Wheat bran::RealV6_小麦麸_sample1,Wheat bran
192,3,1,Rice bran::RealV6_米糠_sample3,Rice bran
192,3,2,Cassava::RealV6_木薯_sample6,Cassava
192,3,3,Rapeseed cake::RealV6_菜籽饼_sample1,Rapeseed cake
192,6,1,Rice bran::RealV6_米糠_sample3,Rice bran
192,6,2,Cassava::RealV6_木薯_sample6,Cassava
192,6,3,Rapeseed cake::RealV6_菜籽饼_sample1,Rapeseed cake
192,6,4,Paddy rice::RealV6_稻谷_sample1,Paddy rice
192,6,5,Cassava::RealV6_木薯_sample4,Cassava
192,6,6,Cassava::RealV6_木薯_sample9,Cassava
192,9,1,Rice bran::RealV6_米糠_sample3,Rice bran
192,9,2,Cassava::RealV6_木薯_sample6,Cassava
192,9,3,Rapeseed cake::RealV6_菜籽饼_sample1,Rapeseed cake
192,9,4,Paddy rice::RealV6_稻谷_sample1,Paddy rice
192,9,5,Cassava::RealV6_木薯_sample4,Cassava
192,9,6,Cassava::RealV6_木薯_sample9,Cassava
192,9,7,Rapeseed cake::RealV6_菜籽饼_sample7,Rapeseed cake
192,9,8,Sorghum::RealV6_高粱_sample1,Sorghum
192,9,9,Paddy rice::RealV6_稻谷_sample11,Paddy rice
192,12,1,Rice bran::RealV6_米糠_sample3,Rice bran
192,12,2,Cassava::RealV6_木薯_sample6,Cassava
192,12,3,Rapeseed cake::RealV6_菜籽饼_sample1,Rapeseed cake
192,12,4,Paddy rice::RealV6_稻谷_sample1,Paddy rice
192,12,5,Cassava::RealV6_木薯_sample4,Cassava
192,12,6,Cassava::RealV6_木薯_sample9,Cassava
192,12,7,Rapeseed cake::RealV6_菜籽饼_sample7,Rapeseed cake
192,12,8,Sorghum::RealV6_高粱_sample1,Sorghum
192,12,9,Paddy rice::RealV6_稻谷_sample11,Paddy rice
192,12,10,Wheat bran::RealV6_小麦麸_sample1,Wheat bran
192,12,11,Brown rice::RealV6_糙米_sample7,Brown rice
192,12,12,Brown rice::RealV6_糙米_sample8,Brown rice
193,3,1,Wheat::RealV6_小麦_sample7,Wheat
193,3,2,Cassava::RealV6_木薯_sample3,Cassava
193,3,3,Barley::RealV6_大麦_sample6,Barley
193,6,1,Wheat::RealV6_小麦_sample7,Wheat
193,6,2,Cassava::RealV6_木薯_sample3,Cassava
193,6,3,Barley::RealV6_大麦_sample6,Barley
193,6,4,Paddy rice::RealV6_稻谷_sample4,Paddy rice
193,6,5,Brown rice::RealV6_糙米_sample5,Brown rice
193,6,6,Sorghum::RealV6_高粱_sample3,Sorghum
193,9,1,Wheat::RealV6_小麦_sample7,Wheat
193,9,2,Cassava::RealV6_木薯_sample3,Cassava
193,9,3,Barley::RealV6_大麦_sample6,Barley
193,9,4,Paddy rice::RealV6_稻谷_sample4,Paddy rice
193,9,5,Brown rice::RealV6_糙米_sample5,Brown rice
193,9,6,Sorghum::RealV6_高粱_sample3,Sorghum
193,9,7,Rapeseed cake::RealV6_菜籽饼_sample5,Rapeseed cake
193,9,8,Barley::RealV6_大麦_sample4,Barley
193,9,9,Brown rice::RealV6_糙米_sample6,Brown rice
193,12,1,Wheat::RealV6_小麦_sample7,Wheat
193,12,2,Cassava::RealV6_木薯_sample3,Cassava
193,12,3,Barley::RealV6_大麦_sample6,Barley
193,12,4,Paddy rice::RealV6_稻谷_sample4,Paddy rice
193,12,5,Brown rice::RealV6_糙米_sample5,Brown rice
193,12,6,Sorghum::RealV6_高粱_sample3,Sorghum
193,12,7,Rapeseed cake::RealV6_菜籽饼_sample5,Rapeseed cake
193,12,8,Barley::RealV6_大麦_sample4,Barley
193,12,9,Brown rice::RealV6_糙米_sample6,Brown rice
193,12,10,Brown rice::RealV6_糙米_sample8,Brown rice
193,12,11,Barley::RealV6_大麦_sample10,Barley
193,12,12,Rapeseed cake::RealV6_菜籽饼_sample8,Rapeseed cake
194,3,1,Barley::RealV6_大麦_sample6,Barley
194,3,2,Rice bran::RealV6_米糠_sample7,Rice bran
194,3,3,Wheat bran::RealV6_小麦麸_sample1,Wheat bran
194,6,1,Barley::RealV6_大麦_sample6,Barley
194,6,2,Rice bran::RealV6_米糠_sample7,Rice bran
194,6,3,Wheat bran::RealV6_小麦麸_sample1,Wheat bran
194,6,4,Brown rice::RealV6_糙米_sample10,Brown rice
194,6,5,Wheat::RealV6_小麦_sample8,Wheat
194,6,6,Wheat bran::RealV6_小麦麸_sample7,Wheat bran
194,9,1,Barley::RealV6_大麦_sample6,Barley
194,9,2,Rice bran::RealV6_米糠_sample7,Rice bran
194,9,3,Wheat bran::RealV6_小麦麸_sample1,Wheat bran
194,9,4,Brown rice::RealV6_糙米_sample10,Brown rice
194,9,5,Wheat::RealV6_小麦_sample8,Wheat
194,9,6,Wheat bran::RealV6_小麦麸_sample7,Wheat bran
194,9,7,Rapeseed cake::RealV6_菜籽饼_sample1,Rapeseed cake
194,9,8,Wheat::RealV6_小麦_sample6,Wheat
194,9,9,Barley::RealV6_大麦_sample9,Barley
194,12,1,Barley::RealV6_大麦_sample6,Barley
194,12,2,Rice bran::RealV6_米糠_sample7,Rice bran
194,12,3,Wheat bran::RealV6_小麦麸_sample1,Wheat bran
194,12,4,Brown rice::RealV6_糙米_sample10,Brown rice
194,12,5,Wheat::RealV6_小麦_sample8,Wheat
194,12,6,Wheat bran::RealV6_小麦麸_sample7,Wheat bran
194,12,7,Rapeseed cake::RealV6_菜籽饼_sample1,Rapeseed cake
194,12,8,Wheat::RealV6_小麦_sample6,Wheat
194,12,9,Barley::RealV6_大麦_sample9,Barley
194,12,10,Sorghum::RealV6_高粱_sample5,Sorghum
194,12,11,Wheat bran::RealV6_小麦麸_sample5,Wheat bran
194,12,12,Sorghum::RealV6_高粱_sample10,Sorghum
195,3,1,Rapeseed cake::RealV6_菜籽饼_sample7,Rapeseed cake
195,3,2,Sorghum::RealV6_高粱_sample5,Sorghum
195,3,3,Brown rice::RealV6_糙米_sample6,Brown rice
195,6,1,Rapeseed cake::RealV6_菜籽饼_sample7,Rapeseed cake
195,6,2,Sorghum::RealV6_高粱_sample5,Sorghum
195,6,3,Brown rice::RealV6_糙米_sample6,Brown rice
195,6,4,Barley::RealV6_大麦_sample7,Barley
195,6,5,Wheat bran::RealV6_小麦麸_sample8,Wheat bran
195,6,6,Wheat bran::RealV6_小麦麸_sample9,Wheat bran
195,9,1,Rapeseed cake::RealV6_菜籽饼_sample7,Rapeseed cake
195,9,2,Sorghum::RealV6_高粱_sample5,Sorghum
195,9,3,Brown rice::RealV6_糙米_sample6,Brown rice
195,9,4,Barley::RealV6_大麦_sample7,Barley
195,9,5,Wheat bran::RealV6_小麦麸_sample8,Wheat bran
195,9,6,Wheat bran::RealV6_小麦麸_sample9,Wheat bran
195,9,7,Rapeseed cake::RealV6_菜籽饼_sample9,Rapeseed cake
195,9,8,Wheat::RealV6_小麦_sample1,Wheat
195,9,9,Paddy rice::RealV6_稻谷_sample10,Paddy rice
195,12,1,Rapeseed cake::RealV6_菜籽饼_sample7,Rapeseed cake
195,12,2,Sorghum::RealV6_高粱_sample5,Sorghum
195,12,3,Brown rice::RealV6_糙米_sample6,Brown rice
195,12,4,Barley::RealV6_大麦_sample7,Barley
195,12,5,Wheat bran::RealV6_小麦麸_sample8,Wheat bran
195,12,6,Wheat bran::RealV6_小麦麸_sample9,Wheat bran
195,12,7,Rapeseed cake::RealV6_菜籽饼_sample9,Rapeseed cake
195,12,8,Wheat::RealV6_小麦_sample1,Wheat
195,12,9,Paddy rice::RealV6_稻谷_sample10,Paddy rice
195,12,10,Wheat bran::RealV6_小麦麸_sample1,Wheat bran
195,12,11,Sorghum::RealV6_高粱_sample10,Sorghum
195,12,12,Rapeseed cake::RealV6_菜籽饼_sample6,Rapeseed cake
196,3,1,Rice bran::RealV6_米糠_sample8,Rice bran
196,3,2,Barley::RealV6_大麦_sample2,Barley
196,3,3,Wheat::RealV6_小麦_sample8,Wheat
196,6,1,Rice bran::RealV6_米糠_sample8,Rice bran
196,6,2,Barley::RealV6_大麦_sample2,Barley
196,6,3,Wheat::RealV6_小麦_sample8,Wheat
196,6,4,Rapeseed cake::RealV6_菜籽饼_sample10,Rapeseed cake
196,6,5,Paddy rice::RealV6_稻谷_sample7,Paddy rice
196,6,6,Sorghum::RealV6_高粱_sample8,Sorghum
196,9,1,Rice bran::RealV6_米糠_sample8,Rice bran
196,9,2,Barley::RealV6_大麦_sample2,Barley
196,9,3,Wheat::RealV6_小麦_sample8,Wheat
196,9,4,Rapeseed cake::RealV6_菜籽饼_sample10,Rapeseed cake
196,9,5,Paddy rice::RealV6_稻谷_sample7,Paddy rice
196,9,6,Sorghum::RealV6_高粱_sample8,Sorghum
196,9,7,Paddy rice::RealV6_稻谷_sample2,Paddy rice
196,9,8,Wheat bran::RealV6_小麦麸_sample7,Wheat bran
196,9,9,Sorghum::RealV6_高粱_sample7,Sorghum
196,12,1,Rice bran::RealV6_米糠_sample8,Rice bran
196,12,2,Barley::RealV6_大麦_sample2,Barley
196,12,3,Wheat::RealV6_小麦_sample8,Wheat
196,12,4,Rapeseed cake::RealV6_菜籽饼_sample10,Rapeseed cake
196,12,5,Paddy rice::RealV6_稻谷_sample7,Paddy rice
196,12,6,Sorghum::RealV6_高粱_sample8,Sorghum
196,12,7,Paddy rice::RealV6_稻谷_sample2,Paddy rice
196,12,8,Wheat bran::RealV6_小麦麸_sample7,Wheat bran
196,12,9,Sorghum::RealV6_高粱_sample7,Sorghum
196,12,10,Rapeseed cake::RealV6_菜籽饼_sample9,Rapeseed cake
196,12,11,Barley::RealV6_大麦_sample9,Barley
196,12,12,Cassava::RealV6_木薯_sample10,Cassava
197,3,1,Barley::RealV6_大麦_sample9,Barley
197,3,2,Rice bran::RealV6_米糠_sample6,Rice bran
197,3,3,Cassava::RealV6_木薯_sample4,Cassava
197,6,1,Barley::RealV6_大麦_sample9,Barley
197,6,2,Rice bran::RealV6_米糠_sample6,Rice bran
197,6,3,Cassava::RealV6_木薯_sample4,Cassava
197,6,4,Brown rice::RealV6_糙米_sample8,Brown rice
197,6,5,Cassava::RealV6_木薯_sample1,Cassava
197,6,6,Wheat bran::RealV6_小麦麸_sample2,Wheat bran
197,9,1,Barley::RealV6_大麦_sample9,Barley
197,9,2,Rice bran::RealV6_米糠_sample6,Rice bran
197,9,3,Cassava::RealV6_木薯_sample4,Cassava
197,9,4,Brown rice::RealV6_糙米_sample8,Brown rice
197,9,5,Cassava::RealV6_木薯_sample1,Cassava
197,9,6,Wheat bran::RealV6_小麦麸_sample2,Wheat bran
197,9,7,Rapeseed cake::RealV6_菜籽饼_sample3,Rapeseed cake
197,9,8,Wheat::RealV6_小麦_sample9,Wheat
197,9,9,Barley::RealV6_大麦_sample10,Barley
197,12,1,Barley::RealV6_大麦_sample9,Barley
197,12,2,Rice bran::RealV6_米糠_sample6,Rice bran
197,12,3,Cassava::RealV6_木薯_sample4,Cassava
197,12,4,Brown rice::RealV6_糙米_sample8,Brown rice
197,12,5,Cassava::RealV6_木薯_sample1,Cassava
197,12,6,Wheat bran::RealV6_小麦麸_sample2,Wheat bran
197,12,7,Rapeseed cake::RealV6_菜籽饼_sample3,Rapeseed cake
197,12,8,Wheat::RealV6_小麦_sample9,Wheat
197,12,9,Barley::RealV6_大麦_sample10,Barley
197,12,10,Rapeseed cake::RealV6_菜籽饼_sample9,Rapeseed cake
197,12,11,Rapeseed cake::RealV6_菜籽饼_sample1,Rapeseed cake
197,12,12,Sorghum::RealV6_高粱_sample10,Sorghum
198,3,1,Sorghum::RealV6_高粱_sample4,Sorghum
198,3,2,Rice bran::RealV6_米糠_sample7,Rice bran
198,3,3,Brown rice::RealV6_糙米_sample1,Brown rice
198,6,1,Sorghum::RealV6_高粱_sample4,Sorghum
198,6,2,Rice bran::RealV6_米糠_sample7,Rice bran
198,6,3,Brown rice::RealV6_糙米_sample1,Brown rice
198,6,4,Sorghum::RealV6_高粱_sample2,Sorghum
198,6,5,Wheat::RealV6_小麦_sample7,Wheat
198,6,6,Sorghum::RealV6_高粱_sample7,Sorghum
198,9,1,Sorghum::RealV6_高粱_sample4,Sorghum
198,9,2,Rice bran::RealV6_米糠_sample7,Rice bran
198,9,3,Brown rice::RealV6_糙米_sample1,Brown rice
198,9,4,Sorghum::RealV6_高粱_sample2,Sorghum
198,9,5,Wheat::RealV6_小麦_sample7,Wheat
198,9,6,Sorghum::RealV6_高粱_sample7,Sorghum
198,9,7,Rice bran::RealV6_米糠_sample3,Rice bran
198,9,8,Wheat::RealV6_小麦_sample3,Wheat
198,9,9,Brown rice::RealV6_糙米_sample10,Brown rice
198,12,1,Sorghum::RealV6_高粱_sample4,Sorghum
198,12,2,Rice bran::RealV6_米糠_sample7,Rice bran
198,12,3,Brown rice::RealV6_糙米_sample1,Brown rice
198,12,4,Sorghum::RealV6_高粱_sample2,Sorghum
198,12,5,Wheat::RealV6_小麦_sample7,Wheat
198,12,6,Sorghum::RealV6_高粱_sample7,Sorghum
198,12,7,Rice bran::RealV6_米糠_sample3,Rice bran
198,12,8,Wheat::RealV6_小麦_sample3,Wheat
198,12,9,Brown rice::RealV6_糙米_sample10,Brown rice
198,12,10,Sorghum::RealV6_高粱_sample5,Sorghum
198,12,11,Rapeseed cake::RealV6_菜籽饼_sample3,Rapeseed cake
198,12,12,Wheat::RealV6_小麦_sample6,Wheat
199,3,1,Wheat bran::RealV6_小麦麸_sample4,Wheat bran
199,3,2,Sorghum::RealV6_高粱_sample4,Sorghum
199,3,3,Rice bran::RealV6_米糠_sample10,Rice bran
199,6,1,Wheat bran::RealV6_小麦麸_sample4,Wheat bran
199,6,2,Sorghum::RealV6_高粱_sample4,Sorghum
199,6,3,Rice bran::RealV6_米糠_sample10,Rice bran
199,6,4,Wheat bran::RealV6_小麦麸_sample7,Wheat bran
199,6,5,Sorghum::RealV6_高粱_sample3,Sorghum
199,6,6,Paddy rice::RealV6_稻谷_sample8,Paddy rice
199,9,1,Wheat bran::RealV6_小麦麸_sample4,Wheat bran
199,9,2,Sorghum::RealV6_高粱_sample4,Sorghum
199,9,3,Rice bran::RealV6_米糠_sample10,Rice bran
199,9,4,Wheat bran::RealV6_小麦麸_sample7,Wheat bran
199,9,5,Sorghum::RealV6_高粱_sample3,Sorghum
199,9,6,Paddy rice::RealV6_稻谷_sample8,Paddy rice
199,9,7,Wheat::RealV6_小麦_sample2,Wheat
199,9,8,Barley::RealV6_大麦_sample3,Barley
199,9,9,Cassava::RealV6_木薯_sample8,Cassava
199,12,1,Wheat bran::RealV6_小麦麸_sample4,Wheat bran
199,12,2,Sorghum::RealV6_高粱_sample4,Sorghum
199,12,3,Rice bran::RealV6_米糠_sample10,Rice bran
199,12,4,Wheat bran::RealV6_小麦麸_sample7,Wheat bran
199,12,5,Sorghum::RealV6_高粱_sample3,Sorghum
199,12,6,Paddy rice::RealV6_稻谷_sample8,Paddy rice
199,12,7,Wheat::RealV6_小麦_sample2,Wheat
199,12,8,Barley::RealV6_大麦_sample3,Barley
199,12,9,Cassava::RealV6_木薯_sample8,Cassava
199,12,10,Paddy rice::RealV6_稻谷_sample5,Paddy rice
199,12,11,Wheat bran::RealV6_小麦麸_sample1,Wheat bran
199,12,12,Rapeseed cake::RealV6_菜籽饼_sample10,Rapeseed cake
200,3,1,Wheat bran::RealV6_小麦麸_sample1,Wheat bran
200,3,2,Barley::RealV6_大麦_sample6,Barley
200,3,3,Sorghum::RealV6_高粱_sample7,Sorghum
200,6,1,Wheat bran::RealV6_小麦麸_sample1,Wheat bran
200,6,2,Barley::RealV6_大麦_sample6,Barley
200,6,3,Sorghum::RealV6_高粱_sample7,Sorghum
200,6,4,Rapeseed cake::RealV6_菜籽饼_sample6,Rapeseed cake
200,6,5,Rice bran::RealV6_米糠_sample8,Rice bran
200,6,6,Rapeseed cake::RealV6_菜籽饼_sample3,Rapeseed cake
200,9,1,Wheat bran::RealV6_小麦麸_sample1,Wheat bran
200,9,2,Barley::RealV6_大麦_sample6,Barley
200,9,3,Sorghum::RealV6_高粱_sample7,Sorghum
200,9,4,Rapeseed cake::RealV6_菜籽饼_sample6,Rapeseed cake
200,9,5,Rice bran::RealV6_米糠_sample8,Rice bran
200,9,6,Rapeseed cake::RealV6_菜籽饼_sample3,Rapeseed cake
200,9,7,Cassava::RealV6_木薯_sample10,Cassava
200,9,8,Sorghum::RealV6_高粱_sample4,Sorghum
200,9,9,Sorghum::RealV6_高粱_sample5,Sorghum
200,12,1,Wheat bran::RealV6_小麦麸_sample1,Wheat bran
200,12,2,Barley::RealV6_大麦_sample6,Barley
200,12,3,Sorghum::RealV6_高粱_sample7,Sorghum
200,12,4,Rapeseed cake::RealV6_菜籽饼_sample6,Rapeseed cake
200,12,5,Rice bran::RealV6_米糠_sample8,Rice bran
200,12,6,Rapeseed cake::RealV6_菜籽饼_sample3,Rapeseed cake
200,12,7,Cassava::RealV6_木薯_sample10,Cassava
200,12,8,Sorghum::RealV6_高粱_sample4,Sorghum
200,12,9,Sorghum::RealV6_高粱_sample5,Sorghum
200,12,10,Wheat::RealV6_小麦_sample2,Wheat
200,12,11,Brown rice::RealV6_糙米_sample1,Brown rice
200,12,12,Paddy rice::RealV6_稻谷_sample11,Paddy rice
201,3,1,Cassava::RealV6_木薯_sample6,Cassava
201,3,2,Cassava::RealV6_木薯_sample10,Cassava
201,3,3,Wheat::RealV6_小麦_sample5,Wheat
201,6,1,Cassava::RealV6_木薯_sample6,Cassava
201,6,2,Cassava::RealV6_木薯_sample10,Cassava
201,6,3,Wheat::RealV6_小麦_sample5,Wheat
201,6,4,Barley::RealV6_大麦_sample4,Barley
201,6,5,Sorghum::RealV6_高粱_sample9,Sorghum
201,6,6,Barley::RealV6_大麦_sample5,Barley
201,9,1,Cassava::RealV6_木薯_sample6,Cassava
201,9,2,Cassava::RealV6_木薯_sample10,Cassava
201,9,3,Wheat::RealV6_小麦_sample5,Wheat
201,9,4,Barley::RealV6_大麦_sample4,Barley
201,9,5,Sorghum::RealV6_高粱_sample9,Sorghum
201,9,6,Barley::RealV6_大麦_sample5,Barley
201,9,7,Rice bran::RealV6_米糠_sample5,Rice bran
201,9,8,Rice bran::RealV6_米糠_sample4,Rice bran
201,9,9,Barley::RealV6_大麦_sample2,Barley
201,12,1,Cassava::RealV6_木薯_sample6,Cassava
201,12,2,Cassava::RealV6_木薯_sample10,Cassava
201,12,3,Wheat::RealV6_小麦_sample5,Wheat
201,12,4,Barley::RealV6_大麦_sample4,Barley
201,12,5,Sorghum::RealV6_高粱_sample9,Sorghum
201,12,6,Barley::RealV6_大麦_sample5,Barley
201,12,7,Rice bran::RealV6_米糠_sample5,Rice bran
201,12,8,Rice bran::RealV6_米糠_sample4,Rice bran
201,12,9,Barley::RealV6_大麦_sample2,Barley
201,12,10,Brown rice::RealV6_糙米_sample3,Brown rice
201,12,11,Rice bran::RealV6_米糠_sample10,Rice bran
201,12,12,Cassava::RealV6_木薯_sample7,Cassava
202,3,1,Sorghum::RealV6_高粱_sample2,Sorghum
202,3,2,Brown rice::RealV6_糙米_sample10,Brown rice
202,3,3,Paddy rice::RealV6_稻谷_sample5,Paddy rice
202,6,1,Sorghum::RealV6_高粱_sample2,Sorghum
202,6,2,Brown rice::RealV6_糙米_sample10,Brown rice
202,6,3,Paddy rice::RealV6_稻谷_sample5,Paddy rice
202,6,4,Paddy rice::RealV6_稻谷_sample9,Paddy rice
202,6,5,Brown rice::RealV6_糙米_sample1,Brown rice
202,6,6,Wheat::RealV6_小麦_sample1,Wheat
202,9,1,Sorghum::RealV6_高粱_sample2,Sorghum
202,9,2,Brown rice::RealV6_糙米_sample10,Brown rice
202,9,3,Paddy rice::RealV6_稻谷_sample5,Paddy rice
202,9,4,Paddy rice::RealV6_稻谷_sample9,Paddy rice
202,9,5,Brown rice::RealV6_糙米_sample1,Brown rice
202,9,6,Wheat::RealV6_小麦_sample1,Wheat
202,9,7,Wheat::RealV6_小麦_sample9,Wheat
202,9,8,Brown rice::RealV6_糙米_sample8,Brown rice
202,9,9,Wheat bran::RealV6_小麦麸_sample3,Wheat bran
202,12,1,Sorghum::RealV6_高粱_sample2,Sorghum
202,12,2,Brown rice::RealV6_糙米_sample10,Brown rice
202,12,3,Paddy rice::RealV6_稻谷_sample5,Paddy rice
202,12,4,Paddy rice::RealV6_稻谷_sample9,Paddy rice
202,12,5,Brown rice::RealV6_糙米_sample1,Brown rice
202,12,6,Wheat::RealV6_小麦_sample1,Wheat
202,12,7,Wheat::RealV6_小麦_sample9,Wheat
202,12,8,Brown rice::RealV6_糙米_sample8,Brown rice
202,12,9,Wheat bran::RealV6_小麦麸_sample3,Wheat bran
202,12,10,Wheat bran::RealV6_小麦麸_sample9,Wheat bran
202,12,11,Wheat bran::RealV6_小麦麸_sample2,Wheat bran
202,12,12,Brown rice::RealV6_糙米_sample7,Brown rice
203,3,1,Rice bran::RealV6_米糠_sample3,Rice bran
203,3,2,Rice bran::RealV6_米糠_sample9,Rice bran
203,3,3,Wheat bran::RealV6_小麦麸_sample8,Wheat bran
203,6,1,Rice bran::RealV6_米糠_sample3,Rice bran
203,6,2,Rice bran::RealV6_米糠_sample9,Rice bran
203,6,3,Wheat bran::RealV6_小麦麸_sample8,Wheat bran
203,6,4,Wheat bran::RealV6_小麦麸_sample7,Wheat bran
203,6,5,Paddy rice::RealV6_稻谷_sample7,Paddy rice
203,6,6,Wheat::RealV6_小麦_sample1,Wheat
203,9,1,Rice bran::RealV6_米糠_sample3,Rice bran
203,9,2,Rice bran::RealV6_米糠_sample9,Rice bran
203,9,3,Wheat bran::RealV6_小麦麸_sample8,Wheat bran
203,9,4,Wheat bran::RealV6_小麦麸_sample7,Wheat bran
203,9,5,Paddy rice::RealV6_稻谷_sample7,Paddy rice
203,9,6,Wheat::RealV6_小麦_sample1,Wheat
203,9,7,Rapeseed cake::RealV6_菜籽饼_sample10,Rapeseed cake
203,9,8,Rice bran::RealV6_米糠_sample8,Rice bran
203,9,9,Wheat bran::RealV6_小麦麸_sample5,Wheat bran
203,12,1,Rice bran::RealV6_米糠_sample3,Rice bran
203,12,2,Rice bran::RealV6_米糠_sample9,Rice bran
203,12,3,Wheat bran::RealV6_小麦麸_sample8,Wheat bran
203,12,4,Wheat bran::RealV6_小麦麸_sample7,Wheat bran
203,12,5,Paddy rice::RealV6_稻谷_sample7,Paddy rice
203,12,6,Wheat::RealV6_小麦_sample1,Wheat
203,12,7,Rapeseed cake::RealV6_菜籽饼_sample10,Rapeseed cake
203,12,8,Rice bran::RealV6_米糠_sample8,Rice bran
203,12,9,Wheat bran::RealV6_小麦麸_sample5,Wheat bran
203,12,10,Rapeseed cake::RealV6_菜籽饼_sample9,Rapeseed cake
203,12,11,Rapeseed cake::RealV6_菜籽饼_sample3,Rapeseed cake
203,12,12,Paddy rice::RealV6_稻谷_sample11,Paddy rice
204,3,1,Rapeseed cake::RealV6_菜籽饼_sample1,Rapeseed cake
204,3,2,Wheat::RealV6_小麦_sample5,Wheat
204,3,3,Cassava::RealV6_木薯_sample1,Cassava
204,6,1,Rapeseed cake::RealV6_菜籽饼_sample1,Rapeseed cake
204,6,2,Wheat::RealV6_小麦_sample5,Wheat
204,6,3,Cassava::RealV6_木薯_sample1,Cassava
204,6,4,Brown rice::RealV6_糙米_sample10,Brown rice
204,6,5,Cassava::RealV6_木薯_sample9,Cassava
204,6,6,Rice bran::RealV6_米糠_sample10,Rice bran
204,9,1,Rapeseed cake::RealV6_菜籽饼_sample1,Rapeseed cake
204,9,2,Wheat::RealV6_小麦_sample5,Wheat
204,9,3,Cassava::RealV6_木薯_sample1,Cassava
204,9,4,Brown rice::RealV6_糙米_sample10,Brown rice
204,9,5,Cassava::RealV6_木薯_sample9,Cassava
204,9,6,Rice bran::RealV6_米糠_sample10,Rice bran
204,9,7,Rapeseed cake::RealV6_菜籽饼_sample8,Rapeseed cake
204,9,8,Wheat::RealV6_小麦_sample8,Wheat
204,9,9,Wheat bran::RealV6_小麦麸_sample3,Wheat bran
204,12,1,Rapeseed cake::RealV6_菜籽饼_sample1,Rapeseed cake
204,12,2,Wheat::RealV6_小麦_sample5,Wheat
204,12,3,Cassava::RealV6_木薯_sample1,Cassava
204,12,4,Brown rice::RealV6_糙米_sample10,Brown rice
204,12,5,Cassava::RealV6_木薯_sample9,Cassava
204,12,6,Rice bran::RealV6_米糠_sample10,Rice bran
204,12,7,Rapeseed cake::RealV6_菜籽饼_sample8,Rapeseed cake
204,12,8,Wheat::RealV6_小麦_sample8,Wheat
204,12,9,Wheat bran::RealV6_小麦麸_sample3,Wheat bran
204,12,10,Paddy rice::RealV6_稻谷_sample10,Paddy rice
204,12,11,Barley::RealV6_大麦_sample4,Barley
204,12,12,Rice bran::RealV6_米糠_sample2,Rice bran
205,3,1,Rice bran::RealV6_米糠_sample2,Rice bran
205,3,2,Barley::RealV6_大麦_sample1,Barley
205,3,3,Barley::RealV6_大麦_sample10,Barley
205,6,1,Rice bran::RealV6_米糠_sample2,Rice bran
205,6,2,Barley::RealV6_大麦_sample1,Barley
205,6,3,Barley::RealV6_大麦_sample10,Barley
205,6,4,Cassava::RealV6_木薯_sample5,Cassava
205,6,5,Wheat::RealV6_小麦_sample1,Wheat
205,6,6,Wheat bran::RealV6_小麦麸_sample1,Wheat bran
205,9,1,Rice bran::RealV6_米糠_sample2,Rice bran
205,9,2,Barley::RealV6_大麦_sample1,Barley
205,9,3,Barley::RealV6_大麦_sample10,Barley
205,9,4,Cassava::RealV6_木薯_sample5,Cassava
205,9,5,Wheat::RealV6_小麦_sample1,Wheat
205,9,6,Wheat bran::RealV6_小麦麸_sample1,Wheat bran
205,9,7,Rapeseed cake::RealV6_菜籽饼_sample3,Rapeseed cake
205,9,8,Brown rice::RealV6_糙米_sample6,Brown rice
205,9,9,Wheat bran::RealV6_小麦麸_sample5,Wheat bran
205,12,1,Rice bran::RealV6_米糠_sample2,Rice bran
205,12,2,Barley::RealV6_大麦_sample1,Barley
205,12,3,Barley::RealV6_大麦_sample10,Barley
205,12,4,Cassava::RealV6_木薯_sample5,Cassava
205,12,5,Wheat::RealV6_小麦_sample1,Wheat
205,12,6,Wheat bran::RealV6_小麦麸_sample1,Wheat bran
205,12,7,Rapeseed cake::RealV6_菜籽饼_sample3,Rapeseed cake
205,12,8,Brown rice::RealV6_糙米_sample6,Brown rice
205,12,9,Wheat bran::RealV6_小麦麸_sample5,Wheat bran
205,12,10,Brown rice::RealV6_糙米_sample1,Brown rice
205,12,11,Barley::RealV6_大麦_sample8,Barley
205,12,12,Paddy rice::RealV6_稻谷_sample2,Paddy rice
206,3,1,Paddy rice::RealV6_稻谷_sample9,Paddy rice
206,3,2,Wheat::RealV6_小麦_sample2,Wheat
206,3,3,Wheat bran::RealV6_小麦麸_sample5,Wheat bran
206,6,1,Paddy rice::RealV6_稻谷_sample9,Paddy rice
206,6,2,Wheat::RealV6_小麦_sample2,Wheat
206,6,3,Wheat bran::RealV6_小麦麸_sample5,Wheat bran
206,6,4,Rapeseed cake::RealV6_菜籽饼_sample1,Rapeseed cake
206,6,5,Rice bran::RealV6_米糠_sample2,Rice bran
206,6,6,Wheat::RealV6_小麦_sample5,Wheat
206,9,1,Paddy rice::RealV6_稻谷_sample9,Paddy rice
206,9,2,Wheat::RealV6_小麦_sample2,Wheat
206,9,3,Wheat bran::RealV6_小麦麸_sample5,Wheat bran
206,9,4,Rapeseed cake::RealV6_菜籽饼_sample1,Rapeseed cake
206,9,5,Rice bran::RealV6_米糠_sample2,Rice bran
206,9,6,Wheat::RealV6_小麦_sample5,Wheat
206,9,7,Brown rice::RealV6_糙米_sample2,Brown rice
206,9,8,Rapeseed cake::RealV6_菜籽饼_sample5,Rapeseed cake
206,9,9,Wheat::RealV6_小麦_sample3,Wheat
206,12,1,Paddy rice::RealV6_稻谷_sample9,Paddy rice
206,12,2,Wheat::RealV6_小麦_sample2,Wheat
206,12,3,Wheat bran::RealV6_小麦麸_sample5,Wheat bran
206,12,4,Rapeseed cake::RealV6_菜籽饼_sample1,Rapeseed cake
206,12,5,Rice bran::RealV6_米糠_sample2,Rice bran
206,12,6,Wheat::RealV6_小麦_sample5,Wheat
206,12,7,Brown rice::RealV6_糙米_sample2,Brown rice
206,12,8,Rapeseed cake::RealV6_菜籽饼_sample5,Rapeseed cake
206,12,9,Wheat::RealV6_小麦_sample3,Wheat
206,12,10,Rapeseed cake::RealV6_菜籽饼_sample7,Rapeseed cake
206,12,11,Wheat::RealV6_小麦_sample10,Wheat
206,12,12,Rice bran::RealV6_米糠_sample9,Rice bran
207,3,1,Rapeseed cake::RealV6_菜籽饼_sample2,Rapeseed cake
207,3,2,Sorghum::RealV6_高粱_sample4,Sorghum
207,3,3,Cassava::RealV6_木薯_sample7,Cassava
207,6,1,Rapeseed cake::RealV6_菜籽饼_sample2,Rapeseed cake
207,6,2,Sorghum::RealV6_高粱_sample4,Sorghum
207,6,3,Cassava::RealV6_木薯_sample7,Cassava
207,6,4,Sorghum::RealV6_高粱_sample2,Sorghum
207,6,5,Paddy rice::RealV6_稻谷_sample1,Paddy rice
207,6,6,Paddy rice::RealV6_稻谷_sample10,Paddy rice
207,9,1,Rapeseed cake::RealV6_菜籽饼_sample2,Rapeseed cake
207,9,2,Sorghum::RealV6_高粱_sample4,Sorghum
207,9,3,Cassava::RealV6_木薯_sample7,Cassava
207,9,4,Sorghum::RealV6_高粱_sample2,Sorghum
207,9,5,Paddy rice::RealV6_稻谷_sample1,Paddy rice
207,9,6,Paddy rice::RealV6_稻谷_sample10,Paddy rice
207,9,7,Paddy rice::RealV6_稻谷_sample11,Paddy rice
207,9,8,Rapeseed cake::RealV6_菜籽饼_sample6,Rapeseed cake
207,9,9,Brown rice::RealV6_糙米_sample5,Brown rice
207,12,1,Rapeseed cake::RealV6_菜籽饼_sample2,Rapeseed cake
207,12,2,Sorghum::RealV6_高粱_sample4,Sorghum
207,12,3,Cassava::RealV6_木薯_sample7,Cassava
207,12,4,Sorghum::RealV6_高粱_sample2,Sorghum
207,12,5,Paddy rice::RealV6_稻谷_sample1,Paddy rice
207,12,6,Paddy rice::RealV6_稻谷_sample10,Paddy rice
207,12,7,Paddy rice::RealV6_稻谷_sample11,Paddy rice
207,12,8,Rapeseed cake::RealV6_菜籽饼_sample6,Rapeseed cake
207,12,9,Brown rice::RealV6_糙米_sample5,Brown rice
207,12,10,Barley::RealV6_大麦_sample5,Barley
207,12,11,Wheat::RealV6_小麦_sample3,Wheat
207,12,12,Cassava::RealV6_木薯_sample8,Cassava
208,3,1,Cassava::RealV6_木薯_sample10,Cassava
208,3,2,Rice bran::RealV6_米糠_sample6,Rice bran
208,3,3,Cassava::RealV6_木薯_sample7,Cassava
208,6,1,Cassava::RealV6_木薯_sample10,Cassava
208,6,2,Rice bran::RealV6_米糠_sample6,Rice bran
208,6,3,Cassava::RealV6_木薯_sample7,Cassava
208,6,4,Brown rice::RealV6_糙米_sample10,Brown rice
208,6,5,Rice bran::RealV6_米糠_sample5,Rice bran
208,6,6,Paddy rice::RealV6_稻谷_sample9,Paddy rice
208,9,1,Cassava::RealV6_木薯_sample10,Cassava
208,9,2,Rice bran::RealV6_米糠_sample6,Rice bran
208,9,3,Cassava::RealV6_木薯_sample7,Cassava
208,9,4,Brown rice::RealV6_糙米_sample10,Brown rice
208,9,5,Rice bran::RealV6_米糠_sample5,Rice bran
208,9,6,Paddy rice::RealV6_稻谷_sample9,Paddy rice
208,9,7,Rice bran::RealV6_米糠_sample8,Rice bran
208,9,8,Brown rice::RealV6_糙米_sample3,Brown rice
208,9,9,Barley::RealV6_大麦_sample2,Barley
208,12,1,Cassava::RealV6_木薯_sample10,Cassava
208,12,2,Rice bran::RealV6_米糠_sample6,Rice bran
208,12,3,Cassava::RealV6_木薯_sample7,Cassava
208,12,4,Brown rice::RealV6_糙米_sample10,Brown rice
208,12,5,Rice bran::RealV6_米糠_sample5,Rice bran
208,12,6,Paddy rice::RealV6_稻谷_sample9,Paddy rice
208,12,7,Rice bran::RealV6_米糠_sample8,Rice bran
208,12,8,Brown rice::RealV6_糙米_sample3,Brown rice
208,12,9,Barley::RealV6_大麦_sample2,Barley
208,12,10,Cassava::RealV6_木薯_sample4,Cassava
208,12,11,Sorghum::RealV6_高粱_sample7,Sorghum
208,12,12,Rapeseed cake::RealV6_菜籽饼_sample8,Rapeseed cake
209,3,1,Barley::RealV6_大麦_sample7,Barley
209,3,2,Wheat bran::RealV6_小麦麸_sample10,Wheat bran
209,3,3,Rapeseed cake::RealV6_菜籽饼_sample2,Rapeseed cake
209,6,1,Barley::RealV6_大麦_sample7,Barley
209,6,2,Wheat bran::RealV6_小麦麸_sample10,Wheat bran
209,6,3,Rapeseed cake::RealV6_菜籽饼_sample2,Rapeseed cake
209,6,4,Cassava::RealV6_木薯_sample8,Cassava
209,6,5,Paddy rice::RealV6_稻谷_sample4,Paddy rice
209,6,6,Paddy rice::RealV6_稻谷_sample2,Paddy rice
209,9,1,Barley::RealV6_大麦_sample7,Barley
209,9,2,Wheat bran::RealV6_小麦麸_sample10,Wheat bran
209,9,3,Rapeseed cake::RealV6_菜籽饼_sample2,Rapeseed cake
209,9,4,Cassava::RealV6_木薯_sample8,Cassava
209,9,5,Paddy rice::RealV6_稻谷_sample4,Paddy rice
209,9,6,Paddy rice::RealV6_稻谷_sample2,Paddy rice
209,9,7,Rapeseed cake::RealV6_菜籽饼_sample4,Rapeseed cake
209,9,8,Brown rice::RealV6_糙米_sample1,Brown rice
209,9,9,Rice bran::RealV6_米糠_sample9,Rice bran
209,12,1,Barley::RealV6_大麦_sample7,Barley
209,12,2,Wheat bran::RealV6_小麦麸_sample10,Wheat bran
209,12,3,Rapeseed cake::RealV6_菜籽饼_sample2,Rapeseed cake
209,12,4,Cassava::RealV6_木薯_sample8,Cassava
209,12,5,Paddy rice::RealV6_稻谷_sample4,Paddy rice
209,12,6,Paddy rice::RealV6_稻谷_sample2,Paddy rice
209,12,7,Rapeseed cake::RealV6_菜籽饼_sample4,Rapeseed cake
209,12,8,Brown rice::RealV6_糙米_sample1,Brown rice
209,12,9,Rice bran::RealV6_米糠_sample9,Rice bran
209,12,10,Wheat bran::RealV6_小麦麸_sample7,Wheat bran
209,12,11,Rice bran::RealV6_米糠_sample7,Rice bran
209,12,12,Cassava::RealV6_木薯_sample10,Cassava
210,3,1,Brown rice::RealV6_糙米_sample2,Brown rice
210,3,2,Rapeseed cake::RealV6_菜籽饼_sample10,Rapeseed cake
210,3,3,Sorghum::RealV6_高粱_sample7,Sorghum
210,6,1,Brown rice::RealV6_糙米_sample2,Brown rice
210,6,2,Rapeseed cake::RealV6_菜籽饼_sample10,Rapeseed cake
210,6,3,Sorghum::RealV6_高粱_sample7,Sorghum
210,6,4,Barley::RealV6_大麦_sample10,Barley
210,6,5,Rapeseed cake::RealV6_菜籽饼_sample5,Rapeseed cake
210,6,6,Cassava::RealV6_木薯_sample5,Cassava
210,9,1,Brown rice::RealV6_糙米_sample2,Brown rice
210,9,2,Rapeseed cake::RealV6_菜籽饼_sample10,Rapeseed cake
210,9,3,Sorghum::RealV6_高粱_sample7,Sorghum
210,9,4,Barley::RealV6_大麦_sample10,Barley
210,9,5,Rapeseed cake::RealV6_菜籽饼_sample5,Rapeseed cake
210,9,6,Cassava::RealV6_木薯_sample5,Cassava
210,9,7,Cassava::RealV6_木薯_sample9,Cassava
210,9,8,Rapeseed cake::RealV6_菜籽饼_sample8,Rapeseed cake
210,9,9,Wheat bran::RealV6_小麦麸_sample2,Wheat bran
210,12,1,Brown rice::RealV6_糙米_sample2,Brown rice
210,12,2,Rapeseed cake::RealV6_菜籽饼_sample10,Rapeseed cake
210,12,3,Sorghum::RealV6_高粱_sample7,Sorghum
210,12,4,Barley::RealV6_大麦_sample10,Barley
210,12,5,Rapeseed cake::RealV6_菜籽饼_sample5,Rapeseed cake
210,12,6,Cassava::RealV6_木薯_sample5,Cassava
210,12,7,Cassava::RealV6_木薯_sample9,Cassava
210,12,8,Rapeseed cake::RealV6_菜籽饼_sample8,Rapeseed cake
210,12,9,Wheat bran::RealV6_小麦麸_sample2,Wheat bran
210,12,10,Wheat::RealV6_小麦_sample8,Wheat
210,12,11,Barley::RealV6_大麦_sample8,Barley
210,12,12,Rapeseed cake::RealV6_菜籽饼_sample7,Rapeseed cake
211,3,1,Wheat bran::RealV6_小麦麸_sample5,Wheat bran
211,3,2,Barley::RealV6_大麦_sample7,Barley
211,3,3,Barley::RealV6_大麦_sample2,Barley
211,6,1,Wheat bran::RealV6_小麦麸_sample5,Wheat bran
211,6,2,Barley::RealV6_大麦_sample7,Barley
211,6,3,Barley::RealV6_大麦_sample2,Barley
211,6,4,Brown rice::RealV6_糙米_sample4,Brown rice
211,6,5,Wheat bran::RealV6_小麦麸_sample1,Wheat bran
211,6,6,Rice bran::RealV6_米糠_sample6,Rice bran
211,9,1,Wheat bran::RealV6_小麦麸_sample5,Wheat bran
211,9,2,Barley::RealV6_大麦_sample7,Barley
211,9,3,Barley::RealV6_大麦_sample2,Barley
211,9,4,Brown rice::RealV6_糙米_sample4,Brown rice
211,9,5,Wheat bran::RealV6_小麦麸_sample1,Wheat bran
211,9,6,Rice bran::RealV6_米糠_sample6,Rice bran
211,9,7,Sorghum::RealV6_高粱_sample10,Sorghum
211,9,8,Barley::RealV6_大麦_sample8,Barley
211,9,9,Paddy rice::RealV6_稻谷_sample9,Paddy rice
211,12,1,Wheat bran::RealV6_小麦麸_sample5,Wheat bran
211,12,2,Barley::RealV6_大麦_sample7,Barley
211,12,3,Barley::RealV6_大麦_sample2,Barley
211,12,4,Brown rice::RealV6_糙米_sample4,Brown rice
211,12,5,Wheat bran::RealV6_小麦麸_sample1,Wheat bran
211,12,6,Rice bran::RealV6_米糠_sample6,Rice bran
211,12,7,Sorghum::RealV6_高粱_sample10,Sorghum
211,12,8,Barley::RealV6_大麦_sample8,Barley
211,12,9,Paddy rice::RealV6_稻谷_sample9,Paddy rice
211,12,10,Brown rice::RealV6_糙米_sample5,Brown rice
211,12,11,Brown rice::RealV6_糙米_sample8,Brown rice
211,12,12,Barley::RealV6_大麦_sample5,Barley
212,3,1,Wheat::RealV6_小麦_sample6,Wheat
212,3,2,Wheat::RealV6_小麦_sample8,Wheat
212,3,3,Rapeseed cake::RealV6_菜籽饼_sample3,Rapeseed cake
212,6,1,Wheat::RealV6_小麦_sample6,Wheat
212,6,2,Wheat::RealV6_小麦_sample8,Wheat
212,6,3,Rapeseed cake::RealV6_菜籽饼_sample3,Rapeseed cake
212,6,4,Paddy rice::RealV6_稻谷_sample10,Paddy rice
212,6,5,Rapeseed cake::RealV6_菜籽饼_sample7,Rapeseed cake
212,6,6,Barley::RealV6_大麦_sample1,Barley
212,9,1,Wheat::RealV6_小麦_sample6,Wheat
212,9,2,Wheat::RealV6_小麦_sample8,Wheat
212,9,3,Rapeseed cake::RealV6_菜籽饼_sample3,Rapeseed cake
212,9,4,Paddy rice::RealV6_稻谷_sample10,Paddy rice
212,9,5,Rapeseed cake::RealV6_菜籽饼_sample7,Rapeseed cake
212,9,6,Barley::RealV6_大麦_sample1,Barley
212,9,7,Wheat::RealV6_小麦_sample3,Wheat
212,9,8,Sorghum::RealV6_高粱_sample7,Sorghum
212,9,9,Rapeseed cake::RealV6_菜籽饼_sample8,Rapeseed cake
212,12,1,Wheat::RealV6_小麦_sample6,Wheat
212,12,2,Wheat::RealV6_小麦_sample8,Wheat
212,12,3,Rapeseed cake::RealV6_菜籽饼_sample3,Rapeseed cake
212,12,4,Paddy rice::RealV6_稻谷_sample10,Paddy rice
212,12,5,Rapeseed cake::RealV6_菜籽饼_sample7,Rapeseed cake
212,12,6,Barley::RealV6_大麦_sample1,Barley
212,12,7,Wheat::RealV6_小麦_sample3,Wheat
212,12,8,Sorghum::RealV6_高粱_sample7,Sorghum
212,12,9,Rapeseed cake::RealV6_菜籽饼_sample8,Rapeseed cake
212,12,10,Paddy rice::RealV6_稻谷_sample2,Paddy rice
212,12,11,Wheat bran::RealV6_小麦麸_sample7,Wheat bran
212,12,12,Paddy rice::RealV6_稻谷_sample9,Paddy rice
213,3,1,Sorghum::RealV6_高粱_sample1,Sorghum
213,3,2,Wheat bran::RealV6_小麦麸_sample8,Wheat bran
213,3,3,Brown rice::RealV6_糙米_sample9,Brown rice
213,6,1,Sorghum::RealV6_高粱_sample1,Sorghum
213,6,2,Wheat bran::RealV6_小麦麸_sample8,Wheat bran
213,6,3,Brown rice::RealV6_糙米_sample9,Brown rice
213,6,4,Brown rice::RealV6_糙米_sample10,Brown rice
213,6,5,Sorghum::RealV6_高粱_sample5,Sorghum
213,6,6,Wheat bran::RealV6_小麦麸_sample4,Wheat bran
213,9,1,Sorghum::RealV6_高粱_sample1,Sorghum
213,9,2,Wheat bran::RealV6_小麦麸_sample8,Wheat bran
213,9,3,Brown rice::RealV6_糙米_sample9,Brown rice
213,9,4,Brown rice::RealV6_糙米_sample10,Brown rice
213,9,5,Sorghum::RealV6_高粱_sample5,Sorghum
213,9,6,Wheat bran::RealV6_小麦麸_sample4,Wheat bran
213,9,7,Rice bran::RealV6_米糠_sample4,Rice bran
213,9,8,Cassava::RealV6_木薯_sample10,Cassava
213,9,9,Brown rice::RealV6_糙米_sample8,Brown rice
213,12,1,Sorghum::RealV6_高粱_sample1,Sorghum
213,12,2,Wheat bran::RealV6_小麦麸_sample8,Wheat bran
213,12,3,Brown rice::RealV6_糙米_sample9,Brown rice
213,12,4,Brown rice::RealV6_糙米_sample10,Brown rice
213,12,5,Sorghum::RealV6_高粱_sample5,Sorghum
213,12,6,Wheat bran::RealV6_小麦麸_sample4,Wheat bran
213,12,7,Rice bran::RealV6_米糠_sample4,Rice bran
213,12,8,Cassava::RealV6_木薯_sample10,Cassava
213,12,9,Brown rice::RealV6_糙米_sample8,Brown rice
213,12,10,Rice bran::RealV6_米糠_sample6,Rice bran
213,12,11,Rice bran::RealV6_米糠_sample7,Rice bran
213,12,12,Paddy rice::RealV6_稻谷_sample5,Paddy rice
214,3,1,Wheat bran::RealV6_小麦麸_sample4,Wheat bran
214,3,2,Paddy rice::RealV6_稻谷_sample7,Paddy rice
214,3,3,Rapeseed cake::RealV6_菜籽饼_sample7,Rapeseed cake
214,6,1,Wheat bran::RealV6_小麦麸_sample4,Wheat bran
214,6,2,Paddy rice::RealV6_稻谷_sample7,Paddy rice
214,6,3,Rapeseed cake::RealV6_菜籽饼_sample7,Rapeseed cake
214,6,4,Barley::RealV6_大麦_sample4,Barley
214,6,5,Cassava::RealV6_木薯_sample2,Cassava
214,6,6,Wheat bran::RealV6_小麦麸_sample8,Wheat bran
214,9,1,Wheat bran::RealV6_小麦麸_sample4,Wheat bran
214,9,2,Paddy rice::RealV6_稻谷_sample7,Paddy rice
214,9,3,Rapeseed cake::RealV6_菜籽饼_sample7,Rapeseed cake
214,9,4,Barley::RealV6_大麦_sample4,Barley
214,9,5,Cassava::RealV6_木薯_sample2,Cassava
214,9,6,Wheat bran::RealV6_小麦麸_sample8,Wheat bran
214,9,7,Paddy rice::RealV6_稻谷_sample6,Paddy rice
214,9,8,Rice bran::RealV6_米糠_sample3,Rice bran
214,9,9,Brown rice::RealV6_糙米_sample2,Brown rice
214,12,1,Wheat bran::RealV6_小麦麸_sample4,Wheat bran
214,12,2,Paddy rice::RealV6_稻谷_sample7,Paddy rice
214,12,3,Rapeseed cake::RealV6_菜籽饼_sample7,Rapeseed cake
214,12,4,Barley::RealV6_大麦_sample4,Barley
214,12,5,Cassava::RealV6_木薯_sample2,Cassava
214,12,6,Wheat bran::RealV6_小麦麸_sample8,Wheat bran
214,12,7,Paddy rice::RealV6_稻谷_sample6,Paddy rice
214,12,8,Rice bran::RealV6_米糠_sample3,Rice bran
214,12,9,Brown rice::RealV6_糙米_sample2,Brown rice
214,12,10,Rice bran::RealV6_米糠_sample7,Rice bran
214,12,11,Paddy rice::RealV6_稻谷_sample3,Paddy rice
214,12,12,Barley::RealV6_大麦_sample8,Barley
215,3,1,Sorghum::RealV6_高粱_sample10,Sorghum
215,3,2,Sorghum::RealV6_高粱_sample6,Sorghum
215,3,3,Barley::RealV6_大麦_sample7,Barley
215,6,1,Sorghum::RealV6_高粱_sample10,Sorghum
215,6,2,Sorghum::RealV6_高粱_sample6,Sorghum
215,6,3,Barley::RealV6_大麦_sample7,Barley
215,6,4,Brown rice::RealV6_糙米_sample8,Brown rice
215,6,5,Rapeseed cake::RealV6_菜籽饼_sample8,Rapeseed cake
215,6,6,Barley::RealV6_大麦_sample8,Barley
215,9,1,Sorghum::RealV6_高粱_sample10,Sorghum
215,9,2,Sorghum::RealV6_高粱_sample6,Sorghum
215,9,3,Barley::RealV6_大麦_sample7,Barley
215,9,4,Brown rice::RealV6_糙米_sample8,Brown rice
215,9,5,Rapeseed cake::RealV6_菜籽饼_sample8,Rapeseed cake
215,9,6,Barley::RealV6_大麦_sample8,Barley
215,9,7,Wheat bran::RealV6_小麦麸_sample5,Wheat bran
215,9,8,Wheat::RealV6_小麦_sample2,Wheat
215,9,9,Wheat bran::RealV6_小麦麸_sample7,Wheat bran
215,12,1,Sorghum::RealV6_高粱_sample10,Sorghum
215,12,2,Sorghum::RealV6_高粱_sample6,Sorghum
215,12,3,Barley::RealV6_大麦_sample7,Barley
215,12,4,Brown rice::RealV6_糙米_sample8,Brown rice
215,12,5,Rapeseed cake::RealV6_菜籽饼_sample8,Rapeseed cake
215,12,6,Barley::RealV6_大麦_sample8,Barley
215,12,7,Wheat bran::RealV6_小麦麸_sample5,Wheat bran
215,12,8,Wheat::RealV6_小麦_sample2,Wheat
215,12,9,Wheat bran::RealV6_小麦麸_sample7,Wheat bran
215,12,10,Paddy rice::RealV6_稻谷_sample4,Paddy rice
215,12,11,Wheat bran::RealV6_小麦麸_sample2,Wheat bran
215,12,12,Barley::RealV6_大麦_sample4,Barley
216,3,1,Wheat::RealV6_小麦_sample1,Wheat
216,3,2,Sorghum::RealV6_高粱_sample9,Sorghum
216,3,3,Barley::RealV6_大麦_sample4,Barley
216,6,1,Wheat::RealV6_小麦_sample1,Wheat
216,6,2,Sorghum::RealV6_高粱_sample9,Sorghum
216,6,3,Barley::RealV6_大麦_sample4,Barley
216,6,4,Barley::RealV6_大麦_sample6,Barley
216,6,5,Rapeseed cake::RealV6_菜籽饼_sample10,Rapeseed cake
216,6,6,Sorghum::RealV6_高粱_sample6,Sorghum
216,9,1,Wheat::RealV6_小麦_sample1,Wheat
216,9,2,Sorghum::RealV6_高粱_sample9,Sorghum
216,9,3,Barley::RealV6_大麦_sample4,Barley
216,9,4,Barley::RealV6_大麦_sample6,Barley
216,9,5,Rapeseed cake::RealV6_菜籽饼_sample10,Rapeseed cake
216,9,6,Sorghum::RealV6_高粱_sample6,Sorghum
216,9,7,Brown rice::RealV6_糙米_sample7,Brown rice
216,9,8,Wheat bran::RealV6_小麦麸_sample4,Wheat bran
216,9,9,Cassava::RealV6_木薯_sample6,Cassava
216,12,1,Wheat::RealV6_小麦_sample1,Wheat
216,12,2,Sorghum::RealV6_高粱_sample9,Sorghum
216,12,3,Barley::RealV6_大麦_sample4,Barley
216,12,4,Barley::RealV6_大麦_sample6,Barley
216,12,5,Rapeseed cake::RealV6_菜籽饼_sample10,Rapeseed cake
216,12,6,Sorghum::RealV6_高粱_sample6,Sorghum
216,12,7,Brown rice::RealV6_糙米_sample7,Brown rice
216,12,8,Wheat bran::RealV6_小麦麸_sample4,Wheat bran
216,12,9,Cassava::RealV6_木薯_sample6,Cassava
216,12,10,Rice bran::RealV6_米糠_sample10,Rice bran
216,12,11,Paddy rice::RealV6_稻谷_sample6,Paddy rice
216,12,12,Wheat bran::RealV6_小麦麸_sample7,Wheat bran
217,3,1,Wheat::RealV6_小麦_sample10,Wheat
217,3,2,Cassava::RealV6_木薯_sample2,Cassava
217,3,3,Rice bran::RealV6_米糠_sample10,Rice bran
217,6,1,Wheat::RealV6_小麦_sample10,Wheat
217,6,2,Cassava::RealV6_木薯_sample2,Cassava
217,6,3,Rice bran::RealV6_米糠_sample10,Rice bran
217,6,4,Paddy rice::RealV6_稻谷_sample4,Paddy rice
217,6,5,Sorghum::RealV6_高粱_sample5,Sorghum
217,6,6,Paddy rice::RealV6_稻谷_sample3,Paddy rice
217,9,1,Wheat::RealV6_小麦_sample10,Wheat
217,9,2,Cassava::RealV6_木薯_sample2,Cassava
217,9,3,Rice bran::RealV6_米糠_sample10,Rice bran
217,9,4,Paddy rice::RealV6_稻谷_sample4,Paddy rice
217,9,5,Sorghum::RealV6_高粱_sample5,Sorghum
217,9,6,Paddy rice::RealV6_稻谷_sample3,Paddy rice
217,9,7,Wheat::RealV6_小麦_sample2,Wheat
217,9,8,Wheat::RealV6_小麦_sample5,Wheat
217,9,9,Cassava::RealV6_木薯_sample10,Cassava
217,12,1,Wheat::RealV6_小麦_sample10,Wheat
217,12,2,Cassava::RealV6_木薯_sample2,Cassava
217,12,3,Rice bran::RealV6_米糠_sample10,Rice bran
217,12,4,Paddy rice::RealV6_稻谷_sample4,Paddy rice
217,12,5,Sorghum::RealV6_高粱_sample5,Sorghum
217,12,6,Paddy rice::RealV6_稻谷_sample3,Paddy rice
217,12,7,Wheat::RealV6_小麦_sample2,Wheat
217,12,8,Wheat::RealV6_小麦_sample5,Wheat
217,12,9,Cassava::RealV6_木薯_sample10,Cassava
217,12,10,Cassava::RealV6_木薯_sample9,Cassava
217,12,11,Paddy rice::RealV6_稻谷_sample7,Paddy rice
217,12,12,Barley::RealV6_大麦_sample2,Barley
218,3,1,Rapeseed cake::RealV6_菜籽饼_sample6,Rapeseed cake
218,3,2,Cassava::RealV6_木薯_sample7,Cassava
218,3,3,Wheat bran::RealV6_小麦麸_sample3,Wheat bran
218,6,1,Rapeseed cake::RealV6_菜籽饼_sample6,Rapeseed cake
218,6,2,Cassava::RealV6_木薯_sample7,Cassava
218,6,3,Wheat bran::RealV6_小麦麸_sample3,Wheat bran
218,6,4,Rapeseed cake::RealV6_菜籽饼_sample1,Rapeseed cake
218,6,5,Rapeseed cake::RealV6_菜籽饼_sample10,Rapeseed cake
218,6,6,Barley::RealV6_大麦_sample6,Barley
218,9,1,Rapeseed cake::RealV6_菜籽饼_sample6,Rapeseed cake
218,9,2,Cassava::RealV6_木薯_sample7,Cassava
218,9,3,Wheat bran::RealV6_小麦麸_sample3,Wheat bran
218,9,4,Rapeseed cake::RealV6_菜籽饼_sample1,Rapeseed cake
218,9,5,Rapeseed cake::RealV6_菜籽饼_sample10,Rapeseed cake
218,9,6,Barley::RealV6_大麦_sample6,Barley
218,9,7,Brown rice::RealV6_糙米_sample9,Brown rice
218,9,8,Wheat bran::RealV6_小麦麸_sample5,Wheat bran
218,9,9,Rapeseed cake::RealV6_菜籽饼_sample7,Rapeseed cake
218,12,1,Rapeseed cake::RealV6_菜籽饼_sample6,Rapeseed cake
218,12,2,Cassava::RealV6_木薯_sample7,Cassava
218,12,3,Wheat bran::RealV6_小麦麸_sample3,Wheat bran
218,12,4,Rapeseed cake::RealV6_菜籽饼_sample1,Rapeseed cake
218,12,5,Rapeseed cake::RealV6_菜籽饼_sample10,Rapeseed cake
218,12,6,Barley::RealV6_大麦_sample6,Barley
218,12,7,Brown rice::RealV6_糙米_sample9,Brown rice
218,12,8,Wheat bran::RealV6_小麦麸_sample5,Wheat bran
218,12,9,Rapeseed cake::RealV6_菜籽饼_sample7,Rapeseed cake
218,12,10,Barley::RealV6_大麦_sample2,Barley
218,12,11,Cassava::RealV6_木薯_sample1,Cassava
218,12,12,Paddy rice::RealV6_稻谷_sample11,Paddy rice
219,3,1,Barley::RealV6_大麦_sample1,Barley
219,3,2,Rice bran::RealV6_米糠_sample9,Rice bran
219,3,3,Rapeseed cake::RealV6_菜籽饼_sample5,Rapeseed cake
219,6,1,Barley::RealV6_大麦_sample1,Barley
219,6,2,Rice bran::RealV6_米糠_sample9,Rice bran
219,6,3,Rapeseed cake::RealV6_菜籽饼_sample5,Rapeseed cake
219,6,4,Paddy rice::RealV6_稻谷_sample3,Paddy rice
219,6,5,Barley::RealV6_大麦_sample5,Barley
219,6,6,Wheat::RealV6_小麦_sample2,Wheat
219,9,1,Barley::RealV6_大麦_sample1,Barley
219,9,2,Rice bran::RealV6_米糠_sample9,Rice bran
219,9,3,Rapeseed cake::RealV6_菜籽饼_sample5,Rapeseed cake
219,9,4,Paddy rice::RealV6_稻谷_sample3,Paddy rice
219,9,5,Barley::RealV6_大麦_sample5,Barley
219,9,6,Wheat::RealV6_小麦_sample2,Wheat
219,9,7,Paddy rice::RealV6_稻谷_sample2,Paddy rice
219,9,8,Brown rice::RealV6_糙米_sample7,Brown rice
219,9,9,Wheat bran::RealV6_小麦麸_sample4,Wheat bran
219,12,1,Barley::RealV6_大麦_sample1,Barley
219,12,2,Rice bran::RealV6_米糠_sample9,Rice bran
219,12,3,Rapeseed cake::RealV6_菜籽饼_sample5,Rapeseed cake
219,12,4,Paddy rice::RealV6_稻谷_sample3,Paddy rice
219,12,5,Barley::RealV6_大麦_sample5,Barley
219,12,6,Wheat::RealV6_小麦_sample2,Wheat
219,12,7,Paddy rice::RealV6_稻谷_sample2,Paddy rice
219,12,8,Brown rice::RealV6_糙米_sample7,Brown rice
219,12,9,Wheat bran::RealV6_小麦麸_sample4,Wheat bran
219,12,10,Rapeseed cake::RealV6_菜籽饼_sample10,Rapeseed cake
219,12,11,Cassava::RealV6_木薯_sample7,Cassava
219,12,12,Rapeseed cake::RealV6_菜籽饼_sample8,Rapeseed cake
220,3,1,Paddy rice::RealV6_稻谷_sample5,Paddy rice
220,3,2,Barley::RealV6_大麦_sample6,Barley
220,3,3,Wheat bran::RealV6_小麦麸_sample2,Wheat bran
220,6,1,Paddy rice::RealV6_稻谷_sample5,Paddy rice
220,6,2,Barley::RealV6_大麦_sample6,Barley
220,6,3,Wheat bran::RealV6_小麦麸_sample2,Wheat bran
220,6,4,Barley::RealV6_大麦_sample10,Barley
220,6,5,Sorghum::RealV6_高粱_sample1,Sorghum
220,6,6,Cassava::RealV6_木薯_sample6,Cassava
220,9,1,Paddy rice::RealV6_稻谷_sample5,Paddy rice
220,9,2,Barley::RealV6_大麦_sample6,Barley
220,9,3,Wheat bran::RealV6_小麦麸_sample2,Wheat bran
220,9,4,Barley::RealV6_大麦_sample10,Barley
220,9,5,Sorghum::RealV6_高粱_sample1,Sorghum
220,9,6,Cassava::RealV6_木薯_sample6,Cassava
220,9,7,Brown rice::RealV6_糙米_sample9,Brown rice
220,9,8,Rice bran::RealV6_米糠_sample4,Rice bran
220,9,9,Brown rice::RealV6_糙米_sample4,Brown rice
220,12,1,Paddy rice::RealV6_稻谷_sample5,Paddy rice
220,12,2,Barley::RealV6_大麦_sample6,Barley
220,12,3,Wheat bran::RealV6_小麦麸_sample2,Wheat bran
220,12,4,Barley::RealV6_大麦_sample10,Barley
220,12,5,Sorghum::RealV6_高粱_sample1,Sorghum
220,12,6,Cassava::RealV6_木薯_sample6,Cassava
220,12,7,Brown rice::RealV6_糙米_sample9,Brown rice
220,12,8,Rice bran::RealV6_米糠_sample4,Rice bran
220,12,9,Brown rice::RealV6_糙米_sample4,Brown rice
220,12,10,Paddy rice::RealV6_稻谷_sample11,Paddy rice
220,12,11,Wheat bran::RealV6_小麦麸_sample3,Wheat bran
220,12,12,Paddy rice::RealV6_稻谷_sample6,Paddy rice
221,3,1,Brown rice::RealV6_糙米_sample4,Brown rice
221,3,2,Paddy rice::RealV6_稻谷_sample5,Paddy rice
221,3,3,Paddy rice::RealV6_稻谷_sample1,Paddy rice
221,6,1,Brown rice::RealV6_糙米_sample4,Brown rice
221,6,2,Paddy rice::RealV6_稻谷_sample5,Paddy rice
221,6,3,Paddy rice::RealV6_稻谷_sample1,Paddy rice
221,6,4,Sorghum::RealV6_高粱_sample3,Sorghum
221,6,5,Paddy rice::RealV6_稻谷_sample9,Paddy rice
221,6,6,Cassava::RealV6_木薯_sample9,Cassava
221,9,1,Brown rice::RealV6_糙米_sample4,Brown rice
221,9,2,Paddy rice::RealV6_稻谷_sample5,Paddy rice
221,9,3,Paddy rice::RealV6_稻谷_sample1,Paddy rice
221,9,4,Sorghum::RealV6_高粱_sample3,Sorghum
221,9,5,Paddy rice::RealV6_稻谷_sample9,Paddy rice
221,9,6,Cassava::RealV6_木薯_sample9,Cassava
221,9,7,Cassava::RealV6_木薯_sample8,Cassava
221,9,8,Wheat::RealV6_小麦_sample9,Wheat
221,9,9,Rapeseed cake::RealV6_菜籽饼_sample10,Rapeseed cake
221,12,1,Brown rice::RealV6_糙米_sample4,Brown rice
221,12,2,Paddy rice::RealV6_稻谷_sample5,Paddy rice
221,12,3,Paddy rice::RealV6_稻谷_sample1,Paddy rice
221,12,4,Sorghum::RealV6_高粱_sample3,Sorghum
221,12,5,Paddy rice::RealV6_稻谷_sample9,Paddy rice
221,12,6,Cassava::RealV6_木薯_sample9,Cassava
221,12,7,Cassava::RealV6_木薯_sample8,Cassava
221,12,8,Wheat::RealV6_小麦_sample9,Wheat
221,12,9,Rapeseed cake::RealV6_菜籽饼_sample10,Rapeseed cake
221,12,10,Wheat bran::RealV6_小麦麸_sample4,Wheat bran
221,12,11,Rice bran::RealV6_米糠_sample4,Rice bran
221,12,12,Rice bran::RealV6_米糠_sample10,Rice bran
222,3,1,Sorghum::RealV6_高粱_sample4,Sorghum
222,3,2,Rapeseed cake::RealV6_菜籽饼_sample7,Rapeseed cake
222,3,3,Paddy rice::RealV6_稻谷_sample5,Paddy rice
222,6,1,Sorghum::RealV6_高粱_sample4,Sorghum
222,6,2,Rapeseed cake::RealV6_菜籽饼_sample7,Rapeseed cake
222,6,3,Paddy rice::RealV6_稻谷_sample5,Paddy rice
222,6,4,Paddy rice::RealV6_稻谷_sample2,Paddy rice
222,6,5,Brown rice::RealV6_糙米_sample1,Brown rice
222,6,6,Barley::RealV6_大麦_sample8,Barley
222,9,1,Sorghum::RealV6_高粱_sample4,Sorghum
222,9,2,Rapeseed cake::RealV6_菜籽饼_sample7,Rapeseed cake
222,9,3,Paddy rice::RealV6_稻谷_sample5,Paddy rice
222,9,4,Paddy rice::RealV6_稻谷_sample2,Paddy rice
222,9,5,Brown rice::RealV6_糙米_sample1,Brown rice
222,9,6,Barley::RealV6_大麦_sample8,Barley
222,9,7,Paddy rice::RealV6_稻谷_sample1,Paddy rice
222,9,8,Rice bran::RealV6_米糠_sample2,Rice bran
222,9,9,Cassava::RealV6_木薯_sample10,Cassava
222,12,1,Sorghum::RealV6_高粱_sample4,Sorghum
222,12,2,Rapeseed cake::RealV6_菜籽饼_sample7,Rapeseed cake
222,12,3,Paddy rice::RealV6_稻谷_sample5,Paddy rice
222,12,4,Paddy rice::RealV6_稻谷_sample2,Paddy rice
222,12,5,Brown rice::RealV6_糙米_sample1,Brown rice
222,12,6,Barley::RealV6_大麦_sample8,Barley
222,12,7,Paddy rice::RealV6_稻谷_sample1,Paddy rice
222,12,8,Rice bran::RealV6_米糠_sample2,Rice bran
222,12,9,Cassava::RealV6_木薯_sample10,Cassava
222,12,10,Wheat::RealV6_小麦_sample2,Wheat
222,12,11,Cassava::RealV6_木薯_sample7,Cassava
222,12,12,Cassava::RealV6_木薯_sample1,Cassava
223,3,1,Paddy rice::RealV6_稻谷_sample11,Paddy rice
223,3,2,Paddy rice::RealV6_稻谷_sample8,Paddy rice
223,3,3,Sorghum::RealV6_高粱_sample10,Sorghum
223,6,1,Paddy rice::RealV6_稻谷_sample11,Paddy rice
223,6,2,Paddy rice::RealV6_稻谷_sample8,Paddy rice
223,6,3,Sorghum::RealV6_高粱_sample10,Sorghum
223,6,4,Barley::RealV6_大麦_sample2,Barley
223,6,5,Barley::RealV6_大麦_sample10,Barley
223,6,6,Paddy rice::RealV6_稻谷_sample2,Paddy rice
223,9,1,Paddy rice::RealV6_稻谷_sample11,Paddy rice
223,9,2,Paddy rice::RealV6_稻谷_sample8,Paddy rice
223,9,3,Sorghum::RealV6_高粱_sample10,Sorghum
223,9,4,Barley::RealV6_大麦_sample2,Barley
223,9,5,Barley::RealV6_大麦_sample10,Barley
223,9,6,Paddy rice::RealV6_稻谷_sample2,Paddy rice
223,9,7,Sorghum::RealV6_高粱_sample3,Sorghum
223,9,8,Wheat bran::RealV6_小麦麸_sample10,Wheat bran
223,9,9,Cassava::RealV6_木薯_sample4,Cassava
223,12,1,Paddy rice::RealV6_稻谷_sample11,Paddy rice
223,12,2,Paddy rice::RealV6_稻谷_sample8,Paddy rice
223,12,3,Sorghum::RealV6_高粱_sample10,Sorghum
223,12,4,Barley::RealV6_大麦_sample2,Barley
223,12,5,Barley::RealV6_大麦_sample10,Barley
223,12,6,Paddy rice::RealV6_稻谷_sample2,Paddy rice
223,12,7,Sorghum::RealV6_高粱_sample3,Sorghum
223,12,8,Wheat bran::RealV6_小麦麸_sample10,Wheat bran
223,12,9,Cassava::RealV6_木薯_sample4,Cassava
223,12,10,Brown rice::RealV6_糙米_sample3,Brown rice
223,12,11,Rapeseed cake::RealV6_菜籽饼_sample8,Rapeseed cake
223,12,12,Paddy rice::RealV6_稻谷_sample10,Paddy rice
224,3,1,Rapeseed cake::RealV6_菜籽饼_sample1,Rapeseed cake
224,3,2,Rapeseed cake::RealV6_菜籽饼_sample5,Rapeseed cake
224,3,3,Cassava::RealV6_木薯_sample3,Cassava
224,6,1,Rapeseed cake::RealV6_菜籽饼_sample1,Rapeseed cake
224,6,2,Rapeseed cake::RealV6_菜籽饼_sample5,Rapeseed cake
224,6,3,Cassava::RealV6_木薯_sample3,Cassava
224,6,4,Wheat::RealV6_小麦_sample5,Wheat
224,6,5,Brown rice::RealV6_糙米_sample7,Brown rice
224,6,6,Brown rice::RealV6_糙米_sample3,Brown rice
224,9,1,Rapeseed cake::RealV6_菜籽饼_sample1,Rapeseed cake
224,9,2,Rapeseed cake::RealV6_菜籽饼_sample5,Rapeseed cake
224,9,3,Cassava::RealV6_木薯_sample3,Cassava
224,9,4,Wheat::RealV6_小麦_sample5,Wheat
224,9,5,Brown rice::RealV6_糙米_sample7,Brown rice
224,9,6,Brown rice::RealV6_糙米_sample3,Brown rice
224,9,7,Rapeseed cake::RealV6_菜籽饼_sample8,Rapeseed cake
224,9,8,Brown rice::RealV6_糙米_sample10,Brown rice
224,9,9,Sorghum::RealV6_高粱_sample2,Sorghum
224,12,1,Rapeseed cake::RealV6_菜籽饼_sample1,Rapeseed cake
224,12,2,Rapeseed cake::RealV6_菜籽饼_sample5,Rapeseed cake
224,12,3,Cassava::RealV6_木薯_sample3,Cassava
224,12,4,Wheat::RealV6_小麦_sample5,Wheat
224,12,5,Brown rice::RealV6_糙米_sample7,Brown rice
224,12,6,Brown rice::RealV6_糙米_sample3,Brown rice
224,12,7,Rapeseed cake::RealV6_菜籽饼_sample8,Rapeseed cake
224,12,8,Brown rice::RealV6_糙米_sample10,Brown rice
224,12,9,Sorghum::RealV6_高粱_sample2,Sorghum
224,12,10,Sorghum::RealV6_高粱_sample6,Sorghum
224,12,11,Cassava::RealV6_木薯_sample6,Cassava
224,12,12,Wheat::RealV6_小麦_sample1,Wheat
225,3,1,Rice bran::RealV6_米糠_sample1,Rice bran
225,3,2,Rapeseed cake::RealV6_菜籽饼_sample9,Rapeseed cake
225,3,3,Brown rice::RealV6_糙米_sample8,Brown rice
225,6,1,Rice bran::RealV6_米糠_sample1,Rice bran
225,6,2,Rapeseed cake::RealV6_菜籽饼_sample9,Rapeseed cake
225,6,3,Brown rice::RealV6_糙米_sample8,Brown rice
225,6,4,Wheat bran::RealV6_小麦麸_sample9,Wheat bran
225,6,5,Sorghum::RealV6_高粱_sample2,Sorghum
225,6,6,Barley::RealV6_大麦_sample9,Barley
225,9,1,Rice bran::RealV6_米糠_sample1,Rice bran
225,9,2,Rapeseed cake::RealV6_菜籽饼_sample9,Rapeseed cake
225,9,3,Brown rice::RealV6_糙米_sample8,Brown rice
225,9,4,Wheat bran::RealV6_小麦麸_sample9,Wheat bran
225,9,5,Sorghum::RealV6_高粱_sample2,Sorghum
225,9,6,Barley::RealV6_大麦_sample9,Barley
225,9,7,Rapeseed cake::RealV6_菜籽饼_sample10,Rapeseed cake
225,9,8,Wheat bran::RealV6_小麦麸_sample10,Wheat bran
225,9,9,Cassava::RealV6_木薯_sample5,Cassava
225,12,1,Rice bran::RealV6_米糠_sample1,Rice bran
225,12,2,Rapeseed cake::RealV6_菜籽饼_sample9,Rapeseed cake
225,12,3,Brown rice::RealV6_糙米_sample8,Brown rice
225,12,4,Wheat bran::RealV6_小麦麸_sample9,Wheat bran
225,12,5,Sorghum::RealV6_高粱_sample2,Sorghum
225,12,6,Barley::RealV6_大麦_sample9,Barley
225,12,7,Rapeseed cake::RealV6_菜籽饼_sample10,Rapeseed cake
225,12,8,Wheat bran::RealV6_小麦麸_sample10,Wheat bran
225,12,9,Cassava::RealV6_木薯_sample5,Cassava
225,12,10,Rice bran::RealV6_米糠_sample2,Rice bran
225,12,11,Wheat::RealV6_小麦_sample5,Wheat
225,12,12,Brown rice::RealV6_糙米_sample3,Brown rice
226,3,1,Rapeseed cake::RealV6_菜籽饼_sample6,Rapeseed cake
226,3,2,Paddy rice::RealV6_稻谷_sample7,Paddy rice
226,3,3,Paddy rice::RealV6_稻谷_sample4,Paddy rice
226,6,1,Rapeseed cake::RealV6_菜籽饼_sample6,Rapeseed cake
226,6,2,Paddy rice::RealV6_稻谷_sample7,Paddy rice
226,6,3,Paddy rice::RealV6_稻谷_sample4,Paddy rice
226,6,4,Barley::RealV6_大麦_sample10,Barley
226,6,5,Wheat::RealV6_小麦_sample8,Wheat
226,6,6,Wheat::RealV6_小麦_sample7,Wheat
226,9,1,Rapeseed cake::RealV6_菜籽饼_sample6,Rapeseed cake
226,9,2,Paddy rice::RealV6_稻谷_sample7,Paddy rice
226,9,3,Paddy rice::RealV6_稻谷_sample4,Paddy rice
226,9,4,Barley::RealV6_大麦_sample10,Barley
226,9,5,Wheat::RealV6_小麦_sample8,Wheat
226,9,6,Wheat::RealV6_小麦_sample7,Wheat
226,9,7,Rapeseed cake::RealV6_菜籽饼_sample3,Rapeseed cake
226,9,8,Wheat bran::RealV6_小麦麸_sample8,Wheat bran
226,9,9,Cassava::RealV6_木薯_sample5,Cassava
226,12,1,Rapeseed cake::RealV6_菜籽饼_sample6,Rapeseed cake
226,12,2,Paddy rice::RealV6_稻谷_sample7,Paddy rice
226,12,3,Paddy rice::RealV6_稻谷_sample4,Paddy rice
226,12,4,Barley::RealV6_大麦_sample10,Barley
226,12,5,Wheat::RealV6_小麦_sample8,Wheat
226,12,6,Wheat::RealV6_小麦_sample7,Wheat
226,12,7,Rapeseed cake::RealV6_菜籽饼_sample3,Rapeseed cake
226,12,8,Wheat bran::RealV6_小麦麸_sample8,Wheat bran
226,12,9,Cassava::RealV6_木薯_sample5,Cassava
226,12,10,Rice bran::RealV6_米糠_sample4,Rice bran
226,12,11,Cassava::RealV6_木薯_sample4,Cassava
226,12,12,Wheat bran::RealV6_小麦麸_sample9,Wheat bran
227,3,1,Rice bran::RealV6_米糠_sample8,Rice bran
227,3,2,Rapeseed cake::RealV6_菜籽饼_sample10,Rapeseed cake
227,3,3,Paddy rice::RealV6_稻谷_sample2,Paddy rice
227,6,1,Rice bran::RealV6_米糠_sample8,Rice bran
227,6,2,Rapeseed cake::RealV6_菜籽饼_sample10,Rapeseed cake
227,6,3,Paddy rice::RealV6_稻谷_sample2,Paddy rice
227,6,4,Wheat::RealV6_小麦_sample9,Wheat
227,6,5,Rapeseed cake::RealV6_菜籽饼_sample8,Rapeseed cake
227,6,6,Wheat bran::RealV6_小麦麸_sample9,Wheat bran
227,9,1,Rice bran::RealV6_米糠_sample8,Rice bran
227,9,2,Rapeseed cake::RealV6_菜籽饼_sample10,Rapeseed cake
227,9,3,Paddy rice::RealV6_稻谷_sample2,Paddy rice
227,9,4,Wheat::RealV6_小麦_sample9,Wheat
227,9,5,Rapeseed cake::RealV6_菜籽饼_sample8,Rapeseed cake
227,9,6,Wheat bran::RealV6_小麦麸_sample9,Wheat bran
227,9,7,Paddy rice::RealV6_稻谷_sample6,Paddy rice
227,9,8,Barley::RealV6_大麦_sample2,Barley
227,9,9,Rice bran::RealV6_米糠_sample2,Rice bran
227,12,1,Rice bran::RealV6_米糠_sample8,Rice bran
227,12,2,Rapeseed cake::RealV6_菜籽饼_sample10,Rapeseed cake
227,12,3,Paddy rice::RealV6_稻谷_sample2,Paddy rice
227,12,4,Wheat::RealV6_小麦_sample9,Wheat
227,12,5,Rapeseed cake::RealV6_菜籽饼_sample8,Rapeseed cake
227,12,6,Wheat bran::RealV6_小麦麸_sample9,Wheat bran
227,12,7,Paddy rice::RealV6_稻谷_sample6,Paddy rice
227,12,8,Barley::RealV6_大麦_sample2,Barley
227,12,9,Rice bran::RealV6_米糠_sample2,Rice bran
227,12,10,Paddy rice::RealV6_稻谷_sample11,Paddy rice
227,12,11,Sorghum::RealV6_高粱_sample5,Sorghum
227,12,12,Rapeseed cake::RealV6_菜籽饼_sample3,Rapeseed cake
228,3,1,Rice bran::RealV6_米糠_sample9,Rice bran
228,3,2,Wheat::RealV6_小麦_sample10,Wheat
228,3,3,Wheat::RealV6_小麦_sample4,Wheat
228,6,1,Rice bran::RealV6_米糠_sample9,Rice bran
228,6,2,Wheat::RealV6_小麦_sample10,Wheat
228,6,3,Wheat::RealV6_小麦_sample4,Wheat
228,6,4,Wheat::RealV6_小麦_sample7,Wheat
228,6,5,Wheat bran::RealV6_小麦麸_sample1,Wheat bran
228,6,6,Paddy rice::RealV6_稻谷_sample5,Paddy rice
228,9,1,Rice bran::RealV6_米糠_sample9,Rice bran
228,9,2,Wheat::RealV6_小麦_sample10,Wheat
228,9,3,Wheat::RealV6_小麦_sample4,Wheat
228,9,4,Wheat::RealV6_小麦_sample7,Wheat
228,9,5,Wheat bran::RealV6_小麦麸_sample1,Wheat bran
228,9,6,Paddy rice::RealV6_稻谷_sample5,Paddy rice
228,9,7,Brown rice::RealV6_糙米_sample9,Brown rice
228,9,8,Wheat bran::RealV6_小麦麸_sample3,Wheat bran
228,9,9,Cassava::RealV6_木薯_sample1,Cassava
228,12,1,Rice bran::RealV6_米糠_sample9,Rice bran
228,12,2,Wheat::RealV6_小麦_sample10,Wheat
228,12,3,Wheat::RealV6_小麦_sample4,Wheat
228,12,4,Wheat::RealV6_小麦_sample7,Wheat
228,12,5,Wheat bran::RealV6_小麦麸_sample1,Wheat bran
228,12,6,Paddy rice::RealV6_稻谷_sample5,Paddy rice
228,12,7,Brown rice::RealV6_糙米_sample9,Brown rice
228,12,8,Wheat bran::RealV6_小麦麸_sample3,Wheat bran
228,12,9,Cassava::RealV6_木薯_sample1,Cassava
228,12,10,Sorghum::RealV6_高粱_sample9,Sorghum
228,12,11,Wheat bran::RealV6_小麦麸_sample10,Wheat bran
228,12,12,Cassava::RealV6_木薯_sample2,Cassava
229,3,1,Sorghum::RealV6_高粱_sample5,Sorghum
229,3,2,Wheat bran::RealV6_小麦麸_sample8,Wheat bran
229,3,3,Sorghum::RealV6_高粱_sample3,Sorghum
229,6,1,Sorghum::RealV6_高粱_sample5,Sorghum
229,6,2,Wheat bran::RealV6_小麦麸_sample8,Wheat bran
229,6,3,Sorghum::RealV6_高粱_sample3,Sorghum
229,6,4,Brown rice::RealV6_糙米_sample9,Brown rice
229,6,5,Rapeseed cake::RealV6_菜籽饼_sample4,Rapeseed cake
229,6,6,Cassava::RealV6_木薯_sample7,Cassava
229,9,1,Sorghum::RealV6_高粱_sample5,Sorghum
229,9,2,Wheat bran::RealV6_小麦麸_sample8,Wheat bran
229,9,3,Sorghum::RealV6_高粱_sample3,Sorghum
229,9,4,Brown rice::RealV6_糙米_sample9,Brown rice
229,9,5,Rapeseed cake::RealV6_菜籽饼_sample4,Rapeseed cake
229,9,6,Cassava::RealV6_木薯_sample7,Cassava
229,9,7,Wheat bran::RealV6_小麦麸_sample7,Wheat bran
229,9,8,Wheat bran::RealV6_小麦麸_sample2,Wheat bran
229,9,9,Wheat::RealV6_小麦_sample1,Wheat
229,12,1,Sorghum::RealV6_高粱_sample5,Sorghum
229,12,2,Wheat bran::RealV6_小麦麸_sample8,Wheat bran
229,12,3,Sorghum::RealV6_高粱_sample3,Sorghum
229,12,4,Brown rice::RealV6_糙米_sample9,Brown rice
229,12,5,Rapeseed cake::RealV6_菜籽饼_sample4,Rapeseed cake
229,12,6,Cassava::RealV6_木薯_sample7,Cassava
229,12,7,Wheat bran::RealV6_小麦麸_sample7,Wheat bran
229,12,8,Wheat bran::RealV6_小麦麸_sample2,Wheat bran
229,12,9,Wheat::RealV6_小麦_sample1,Wheat
229,12,10,Rapeseed cake::RealV6_菜籽饼_sample2,Rapeseed cake
229,12,11,Barley::RealV6_大麦_sample9,Barley
229,12,12,Wheat bran::RealV6_小麦麸_sample4,Wheat bran
230,3,1,Sorghum::RealV6_高粱_sample1,Sorghum
230,3,2,Rapeseed cake::RealV6_菜籽饼_sample8,Rapeseed cake
230,3,3,Rapeseed cake::RealV6_菜籽饼_sample10,Rapeseed cake
230,6,1,Sorghum::RealV6_高粱_sample1,Sorghum
230,6,2,Rapeseed cake::RealV6_菜籽饼_sample8,Rapeseed cake
230,6,3,Rapeseed cake::RealV6_菜籽饼_sample10,Rapeseed cake
230,6,4,Rapeseed cake::RealV6_菜籽饼_sample9,Rapeseed cake
230,6,5,Brown rice::RealV6_糙米_sample10,Brown rice
230,6,6,Cassava::RealV6_木薯_sample2,Cassava
230,9,1,Sorghum::RealV6_高粱_sample1,Sorghum
230,9,2,Rapeseed cake::RealV6_菜籽饼_sample8,Rapeseed cake
230,9,3,Rapeseed cake::RealV6_菜籽饼_sample10,Rapeseed cake
230,9,4,Rapeseed cake::RealV6_菜籽饼_sample9,Rapeseed cake
230,9,5,Brown rice::RealV6_糙米_sample10,Brown rice
230,9,6,Cassava::RealV6_木薯_sample2,Cassava
230,9,7,Wheat bran::RealV6_小麦麸_sample1,Wheat bran
230,9,8,Paddy rice::RealV6_稻谷_sample8,Paddy rice
230,9,9,Paddy rice::RealV6_稻谷_sample7,Paddy rice
230,12,1,Sorghum::RealV6_高粱_sample1,Sorghum
230,12,2,Rapeseed cake::RealV6_菜籽饼_sample8,Rapeseed cake
230,12,3,Rapeseed cake::RealV6_菜籽饼_sample10,Rapeseed cake
230,12,4,Rapeseed cake::RealV6_菜籽饼_sample9,Rapeseed cake
230,12,5,Brown rice::RealV6_糙米_sample10,Brown rice
230,12,6,Cassava::RealV6_木薯_sample2,Cassava
230,12,7,Wheat bran::RealV6_小麦麸_sample1,Wheat bran
230,12,8,Paddy rice::RealV6_稻谷_sample8,Paddy rice
230,12,9,Paddy rice::RealV6_稻谷_sample7,Paddy rice
230,12,10,Wheat bran::RealV6_小麦麸_sample3,Wheat bran
230,12,11,Wheat::RealV6_小麦_sample1,Wheat
230,12,12,Cassava::RealV6_木薯_sample9,Cassava
231,3,1,Wheat bran::RealV6_小麦麸_sample3,Wheat bran
231,3,2,Sorghum::RealV6_高粱_sample2,Sorghum
231,3,3,Rice bran::RealV6_米糠_sample2,Rice bran
231,6,1,Wheat bran::RealV6_小麦麸_sample3,Wheat bran
231,6,2,Sorghum::RealV6_高粱_sample2,Sorghum
231,6,3,Rice bran::RealV6_米糠_sample2,Rice bran
231,6,4,Wheat bran::RealV6_小麦麸_sample1,Wheat bran
231,6,5,Rapeseed cake::RealV6_菜籽饼_sample3,Rapeseed cake
231,6,6,Cassava::RealV6_木薯_sample6,Cassava
231,9,1,Wheat bran::RealV6_小麦麸_sample3,Wheat bran
231,9,2,Sorghum::RealV6_高粱_sample2,Sorghum
231,9,3,Rice bran::RealV6_米糠_sample2,Rice bran
231,9,4,Wheat bran::RealV6_小麦麸_sample1,Wheat bran
231,9,5,Rapeseed cake::RealV6_菜籽饼_sample3,Rapeseed cake
231,9,6,Cassava::RealV6_木薯_sample6,Cassava
231,9,7,Rapeseed cake::RealV6_菜籽饼_sample4,Rapeseed cake
231,9,8,Cassava::RealV6_木薯_sample8,Cassava
231,9,9,Paddy rice::RealV6_稻谷_sample8,Paddy rice
231,12,1,Wheat bran::RealV6_小麦麸_sample3,Wheat bran
231,12,2,Sorghum::RealV6_高粱_sample2,Sorghum
231,12,3,Rice bran::RealV6_米糠_sample2,Rice bran
231,12,4,Wheat bran::RealV6_小麦麸_sample1,Wheat bran
231,12,5,Rapeseed cake::RealV6_菜籽饼_sample3,Rapeseed cake
231,12,6,Cassava::RealV6_木薯_sample6,Cassava
231,12,7,Rapeseed cake::RealV6_菜籽饼_sample4,Rapeseed cake
231,12,8,Cassava::RealV6_木薯_sample8,Cassava
231,12,9,Paddy rice::RealV6_稻谷_sample8,Paddy rice
231,12,10,Paddy rice::RealV6_稻谷_sample11,Paddy rice
231,12,11,Brown rice::RealV6_糙米_sample2,Brown rice
231,12,12,Paddy rice::RealV6_稻谷_sample5,Paddy rice
232,3,1,Rice bran::RealV6_米糠_sample3,Rice bran
232,3,2,Wheat bran::RealV6_小麦麸_sample8,Wheat bran
232,3,3,Brown rice::RealV6_糙米_sample7,Brown rice
232,6,1,Rice bran::RealV6_米糠_sample3,Rice bran
232,6,2,Wheat bran::RealV6_小麦麸_sample8,Wheat bran
232,6,3,Brown rice::RealV6_糙米_sample7,Brown rice
232,6,4,Wheat bran::RealV6_小麦麸_sample1,Wheat bran
232,6,5,Wheat bran::RealV6_小麦麸_sample10,Wheat bran
232,6,6,Rice bran::RealV6_米糠_sample7,Rice bran
232,9,1,Rice bran::RealV6_米糠_sample3,Rice bran
232,9,2,Wheat bran::RealV6_小麦麸_sample8,Wheat bran
232,9,3,Brown rice::RealV6_糙米_sample7,Brown rice
232,9,4,Wheat bran::RealV6_小麦麸_sample1,Wheat bran
232,9,5,Wheat bran::RealV6_小麦麸_sample10,Wheat bran
232,9,6,Rice bran::RealV6_米糠_sample7,Rice bran
232,9,7,Rice bran::RealV6_米糠_sample6,Rice bran
232,9,8,Sorghum::RealV6_高粱_sample6,Sorghum
232,9,9,Wheat::RealV6_小麦_sample8,Wheat
232,12,1,Rice bran::RealV6_米糠_sample3,Rice bran
232,12,2,Wheat bran::RealV6_小麦麸_sample8,Wheat bran
232,12,3,Brown rice::RealV6_糙米_sample7,Brown rice
232,12,4,Wheat bran::RealV6_小麦麸_sample1,Wheat bran
232,12,5,Wheat bran::RealV6_小麦麸_sample10,Wheat bran
232,12,6,Rice bran::RealV6_米糠_sample7,Rice bran
232,12,7,Rice bran::RealV6_米糠_sample6,Rice bran
232,12,8,Sorghum::RealV6_高粱_sample6,Sorghum
232,12,9,Wheat::RealV6_小麦_sample8,Wheat
232,12,10,Brown rice::RealV6_糙米_sample5,Brown rice
232,12,11,Rapeseed cake::RealV6_菜籽饼_sample3,Rapeseed cake
232,12,12,Sorghum::RealV6_高粱_sample2,Sorghum
233,3,1,Paddy rice::RealV6_稻谷_sample10,Paddy rice
233,3,2,Wheat::RealV6_小麦_sample7,Wheat
233,3,3,Cassava::RealV6_木薯_sample1,Cassava
233,6,1,Paddy rice::RealV6_稻谷_sample10,Paddy rice
233,6,2,Wheat::RealV6_小麦_sample7,Wheat
233,6,3,Cassava::RealV6_木薯_sample1,Cassava
233,6,4,Sorghum::RealV6_高粱_sample8,Sorghum
233,6,5,Brown rice::RealV6_糙米_sample7,Brown rice
233,6,6,Brown rice::RealV6_糙米_sample4,Brown rice
233,9,1,Paddy rice::RealV6_稻谷_sample10,Paddy rice
233,9,2,Wheat::RealV6_小麦_sample7,Wheat
233,9,3,Cassava::RealV6_木薯_sample1,Cassava
233,9,4,Sorghum::RealV6_高粱_sample8,Sorghum
233,9,5,Brown rice::RealV6_糙米_sample7,Brown rice
233,9,6,Brown rice::RealV6_糙米_sample4,Brown rice
233,9,7,Rapeseed cake::RealV6_菜籽饼_sample3,Rapeseed cake
233,9,8,Rapeseed cake::RealV6_菜籽饼_sample1,Rapeseed cake
233,9,9,Wheat::RealV6_小麦_sample9,Wheat
233,12,1,Paddy rice::RealV6_稻谷_sample10,Paddy rice
233,12,2,Wheat::RealV6_小麦_sample7,Wheat
233,12,3,Cassava::RealV6_木薯_sample1,Cassava
233,12,4,Sorghum::RealV6_高粱_sample8,Sorghum
233,12,5,Brown rice::RealV6_糙米_sample7,Brown rice
233,12,6,Brown rice::RealV6_糙米_sample4,Brown rice
233,12,7,Rapeseed cake::RealV6_菜籽饼_sample3,Rapeseed cake
233,12,8,Rapeseed cake::RealV6_菜籽饼_sample1,Rapeseed cake
233,12,9,Wheat::RealV6_小麦_sample9,Wheat
233,12,10,Cassava::RealV6_木薯_sample2,Cassava
233,12,11,Rice bran::RealV6_米糠_sample9,Rice bran
233,12,12,Sorghum::RealV6_高粱_sample7,Sorghum
234,3,1,Rapeseed cake::RealV6_菜籽饼_sample1,Rapeseed cake
234,3,2,Cassava::RealV6_木薯_sample7,Cassava
234,3,3,Barley::RealV6_大麦_sample1,Barley
234,6,1,Rapeseed cake::RealV6_菜籽饼_sample1,Rapeseed cake
234,6,2,Cassava::RealV6_木薯_sample7,Cassava
234,6,3,Barley::RealV6_大麦_sample1,Barley
234,6,4,Wheat::RealV6_小麦_sample9,Wheat
234,6,5,Cassava::RealV6_木薯_sample1,Cassava
234,6,6,Sorghum::RealV6_高粱_sample3,Sorghum
234,9,1,Rapeseed cake::RealV6_菜籽饼_sample1,Rapeseed cake
234,9,2,Cassava::RealV6_木薯_sample7,Cassava
234,9,3,Barley::RealV6_大麦_sample1,Barley
234,9,4,Wheat::RealV6_小麦_sample9,Wheat
234,9,5,Cassava::RealV6_木薯_sample1,Cassava
234,9,6,Sorghum::RealV6_高粱_sample3,Sorghum
234,9,7,Wheat bran::RealV6_小麦麸_sample6,Wheat bran
234,9,8,Wheat bran::RealV6_小麦麸_sample9,Wheat bran
234,9,9,Sorghum::RealV6_高粱_sample8,Sorghum
234,12,1,Rapeseed cake::RealV6_菜籽饼_sample1,Rapeseed cake
234,12,2,Cassava::RealV6_木薯_sample7,Cassava
234,12,3,Barley::RealV6_大麦_sample1,Barley
234,12,4,Wheat::RealV6_小麦_sample9,Wheat
234,12,5,Cassava::RealV6_木薯_sample1,Cassava
234,12,6,Sorghum::RealV6_高粱_sample3,Sorghum
234,12,7,Wheat bran::RealV6_小麦麸_sample6,Wheat bran
234,12,8,Wheat bran::RealV6_小麦麸_sample9,Wheat bran
234,12,9,Sorghum::RealV6_高粱_sample8,Sorghum
234,12,10,Cassava::RealV6_木薯_sample8,Cassava
234,12,11,Rice bran::RealV6_米糠_sample1,Rice bran
234,12,12,Paddy rice::RealV6_稻谷_sample5,Paddy rice
235,3,1,Barley::RealV6_大麦_sample9,Barley
235,3,2,Brown rice::RealV6_糙米_sample8,Brown rice
235,3,3,Wheat::RealV6_小麦_sample1,Wheat
235,6,1,Barley::RealV6_大麦_sample9,Barley
235,6,2,Brown rice::RealV6_糙米_sample8,Brown rice
235,6,3,Wheat::RealV6_小麦_sample1,Wheat
235,6,4,Wheat::RealV6_小麦_sample10,Wheat
235,6,5,Wheat bran::RealV6_小麦麸_sample6,Wheat bran
235,6,6,Paddy rice::RealV6_稻谷_sample7,Paddy rice
235,9,1,Barley::RealV6_大麦_sample9,Barley
235,9,2,Brown rice::RealV6_糙米_sample8,Brown rice
235,9,3,Wheat::RealV6_小麦_sample1,Wheat
235,9,4,Wheat::RealV6_小麦_sample10,Wheat
235,9,5,Wheat bran::RealV6_小麦麸_sample6,Wheat bran
235,9,6,Paddy rice::RealV6_稻谷_sample7,Paddy rice
235,9,7,Paddy rice::RealV6_稻谷_sample10,Paddy rice
235,9,8,Brown rice::RealV6_糙米_sample6,Brown rice
235,9,9,Rapeseed cake::RealV6_菜籽饼_sample2,Rapeseed cake
235,12,1,Barley::RealV6_大麦_sample9,Barley
235,12,2,Brown rice::RealV6_糙米_sample8,Brown rice
235,12,3,Wheat::RealV6_小麦_sample1,Wheat
235,12,4,Wheat::RealV6_小麦_sample10,Wheat
235,12,5,Wheat bran::RealV6_小麦麸_sample6,Wheat bran
235,12,6,Paddy rice::RealV6_稻谷_sample7,Paddy rice
235,12,7,Paddy rice::RealV6_稻谷_sample10,Paddy rice
235,12,8,Brown rice::RealV6_糙米_sample6,Brown rice
235,12,9,Rapeseed cake::RealV6_菜籽饼_sample2,Rapeseed cake
235,12,10,Rice bran::RealV6_米糠_sample2,Rice bran
235,12,11,Wheat bran::RealV6_小麦麸_sample5,Wheat bran
235,12,12,Rapeseed cake::RealV6_菜籽饼_sample3,Rapeseed cake
236,3,1,Sorghum::RealV6_高粱_sample9,Sorghum
236,3,2,Barley::RealV6_大麦_sample1,Barley
236,3,3,Cassava::RealV6_木薯_sample3,Cassava
236,6,1,Sorghum::RealV6_高粱_sample9,Sorghum
236,6,2,Barley::RealV6_大麦_sample1,Barley
236,6,3,Cassava::RealV6_木薯_sample3,Cassava
236,6,4,Rice bran::RealV6_米糠_sample5,Rice bran
236,6,5,Rice bran::RealV6_米糠_sample3,Rice bran
236,6,6,Wheat::RealV6_小麦_sample9,Wheat
236,9,1,Sorghum::RealV6_高粱_sample9,Sorghum
236,9,2,Barley::RealV6_大麦_sample1,Barley
236,9,3,Cassava::RealV6_木薯_sample3,Cassava
236,9,4,Rice bran::RealV6_米糠_sample5,Rice bran
236,9,5,Rice bran::RealV6_米糠_sample3,Rice bran
236,9,6,Wheat::RealV6_小麦_sample9,Wheat
236,9,7,Brown rice::RealV6_糙米_sample4,Brown rice
236,9,8,Paddy rice::RealV6_稻谷_sample9,Paddy rice
236,9,9,Rapeseed cake::RealV6_菜籽饼_sample7,Rapeseed cake
236,12,1,Sorghum::RealV6_高粱_sample9,Sorghum
236,12,2,Barley::RealV6_大麦_sample1,Barley
236,12,3,Cassava::RealV6_木薯_sample3,Cassava
236,12,4,Rice bran::RealV6_米糠_sample5,Rice bran
236,12,5,Rice bran::RealV6_米糠_sample3,Rice bran
236,12,6,Wheat::RealV6_小麦_sample9,Wheat
236,12,7,Brown rice::RealV6_糙米_sample4,Brown rice
236,12,8,Paddy rice::RealV6_稻谷_sample9,Paddy rice
236,12,9,Rapeseed cake::RealV6_菜籽饼_sample7,Rapeseed cake
236,12,10,Paddy rice::RealV6_稻谷_sample1,Paddy rice
236,12,11,Wheat::RealV6_小麦_sample8,Wheat
236,12,12,Rice bran::RealV6_米糠_sample9,Rice bran
237,3,1,Brown rice::RealV6_糙米_sample8,Brown rice
237,3,2,Paddy rice::RealV6_稻谷_sample5,Paddy rice
237,3,3,Rapeseed cake::RealV6_菜籽饼_sample2,Rapeseed cake
237,6,1,Brown rice::RealV6_糙米_sample8,Brown rice
237,6,2,Paddy rice::RealV6_稻谷_sample5,Paddy rice
237,6,3,Rapeseed cake::RealV6_菜籽饼_sample2,Rapeseed cake
237,6,4,Rapeseed cake::RealV6_菜籽饼_sample8,Rapeseed cake
237,6,5,Cassava::RealV6_木薯_sample1,Cassava
237,6,6,Wheat::RealV6_小麦_sample7,Wheat
237,9,1,Brown rice::RealV6_糙米_sample8,Brown rice
237,9,2,Paddy rice::RealV6_稻谷_sample5,Paddy rice
237,9,3,Rapeseed cake::RealV6_菜籽饼_sample2,Rapeseed cake
237,9,4,Rapeseed cake::RealV6_菜籽饼_sample8,Rapeseed cake
237,9,5,Cassava::RealV6_木薯_sample1,Cassava
237,9,6,Wheat::RealV6_小麦_sample7,Wheat
237,9,7,Brown rice::RealV6_糙米_sample10,Brown rice
237,9,8,Wheat::RealV6_小麦_sample9,Wheat
237,9,9,Paddy rice::RealV6_稻谷_sample7,Paddy rice
237,12,1,Brown rice::RealV6_糙米_sample8,Brown rice
237,12,2,Paddy rice::RealV6_稻谷_sample5,Paddy rice
237,12,3,Rapeseed cake::RealV6_菜籽饼_sample2,Rapeseed cake
237,12,4,Rapeseed cake::RealV6_菜籽饼_sample8,Rapeseed cake
237,12,5,Cassava::RealV6_木薯_sample1,Cassava
237,12,6,Wheat::RealV6_小麦_sample7,Wheat
237,12,7,Brown rice::RealV6_糙米_sample10,Brown rice
237,12,8,Wheat::RealV6_小麦_sample9,Wheat
237,12,9,Paddy rice::RealV6_稻谷_sample7,Paddy rice
237,12,10,Wheat::RealV6_小麦_sample8,Wheat
237,12,11,Wheat::RealV6_小麦_sample1,Wheat
237,12,12,Wheat::RealV6_小麦_sample3,Wheat
238,3,1,Sorghum::RealV6_高粱_sample3,Sorghum
238,3,2,Paddy rice::RealV6_稻谷_sample10,Paddy rice
238,3,3,Rapeseed cake::RealV6_菜籽饼_sample4,Rapeseed cake
238,6,1,Sorghum::RealV6_高粱_sample3,Sorghum
238,6,2,Paddy rice::RealV6_稻谷_sample10,Paddy rice
238,6,3,Rapeseed cake::RealV6_菜籽饼_sample4,Rapeseed cake
238,6,4,Rapeseed cake::RealV6_菜籽饼_sample5,Rapeseed cake
238,6,5,Paddy rice::RealV6_稻谷_sample8,Paddy rice
238,6,6,Barley::RealV6_大麦_sample4,Barley
238,9,1,Sorghum::RealV6_高粱_sample3,Sorghum
238,9,2,Paddy rice::RealV6_稻谷_sample10,Paddy rice
238,9,3,Rapeseed cake::RealV6_菜籽饼_sample4,Rapeseed cake
238,9,4,Rapeseed cake::RealV6_菜籽饼_sample5,Rapeseed cake
238,9,5,Paddy rice::RealV6_稻谷_sample8,Paddy rice
238,9,6,Barley::RealV6_大麦_sample4,Barley
238,9,7,Brown rice::RealV6_糙米_sample10,Brown rice
238,9,8,Wheat bran::RealV6_小麦麸_sample2,Wheat bran
238,9,9,Sorghum::RealV6_高粱_sample8,Sorghum
238,12,1,Sorghum::RealV6_高粱_sample3,Sorghum
238,12,2,Paddy rice::RealV6_稻谷_sample10,Paddy rice
238,12,3,Rapeseed cake::RealV6_菜籽饼_sample4,Rapeseed cake
238,12,4,Rapeseed cake::RealV6_菜籽饼_sample5,Rapeseed cake
238,12,5,Paddy rice::RealV6_稻谷_sample8,Paddy rice
238,12,6,Barley::RealV6_大麦_sample4,Barley
238,12,7,Brown rice::RealV6_糙米_sample10,Brown rice
238,12,8,Wheat bran::RealV6_小麦麸_sample2,Wheat bran
238,12,9,Sorghum::RealV6_高粱_sample8,Sorghum
238,12,10,Wheat::RealV6_小麦_sample3,Wheat
238,12,11,Barley::RealV6_大麦_sample3,Barley
238,12,12,Wheat::RealV6_小麦_sample2,Wheat
239,3,1,Cassava::RealV6_木薯_sample2,Cassava
239,3,2,Wheat::RealV6_小麦_sample9,Wheat
239,3,3,Sorghum::RealV6_高粱_sample5,Sorghum
239,6,1,Cassava::RealV6_木薯_sample2,Cassava
239,6,2,Wheat::RealV6_小麦_sample9,Wheat
239,6,3,Sorghum::RealV6_高粱_sample5,Sorghum
239,6,4,Rapeseed cake::RealV6_菜籽饼_sample9,Rapeseed cake
239,6,5,Paddy rice::RealV6_稻谷_sample8,Paddy rice
239,6,6,Paddy rice::RealV6_稻谷_sample2,Paddy rice
239,9,1,Cassava::RealV6_木薯_sample2,Cassava
239,9,2,Wheat::RealV6_小麦_sample9,Wheat
239,9,3,Sorghum::RealV6_高粱_sample5,Sorghum
239,9,4,Rapeseed cake::RealV6_菜籽饼_sample9,Rapeseed cake
239,9,5,Paddy rice::RealV6_稻谷_sample8,Paddy rice
239,9,6,Paddy rice::RealV6_稻谷_sample2,Paddy rice
239,9,7,Rice bran::RealV6_米糠_sample1,Rice bran
239,9,8,Brown rice::RealV6_糙米_sample1,Brown rice
239,9,9,Brown rice::RealV6_糙米_sample4,Brown rice
239,12,1,Cassava::RealV6_木薯_sample2,Cassava
239,12,2,Wheat::RealV6_小麦_sample9,Wheat
239,12,3,Sorghum::RealV6_高粱_sample5,Sorghum
239,12,4,Rapeseed cake::RealV6_菜籽饼_sample9,Rapeseed cake
239,12,5,Paddy rice::RealV6_稻谷_sample8,Paddy rice
239,12,6,Paddy rice::RealV6_稻谷_sample2,Paddy rice
239,12,7,Rice bran::RealV6_米糠_sample1,Rice bran
239,12,8,Brown rice::RealV6_糙米_sample1,Brown rice
239,12,9,Brown rice::RealV6_糙米_sample4,Brown rice
239,12,10,Wheat bran::RealV6_小麦麸_sample1,Wheat bran
239,12,11,Barley::RealV6_大麦_sample6,Barley
239,12,12,Rapeseed cake::RealV6_菜籽饼_sample7,Rapeseed cake
240,3,1,Rice bran::RealV6_米糠_sample4,Rice bran
240,3,2,Rice bran::RealV6_米糠_sample9,Rice bran
240,3,3,Wheat::RealV6_小麦_sample3,Wheat
240,6,1,Rice bran::RealV6_米糠_sample4,Rice bran
240,6,2,Rice bran::RealV6_米糠_sample9,Rice bran
240,6,3,Wheat::RealV6_小麦_sample3,Wheat
240,6,4,Rice bran::RealV6_米糠_sample10,Rice bran
240,6,5,Rice bran::RealV6_米糠_sample3,Rice bran
240,6,6,Barley::RealV6_大麦_sample5,Barley
240,9,1,Rice bran::RealV6_米糠_sample4,Rice bran
240,9,2,Rice bran::RealV6_米糠_sample9,Rice bran
240,9,3,Wheat::RealV6_小麦_sample3,Wheat
240,9,4,Rice bran::RealV6_米糠_sample10,Rice bran
240,9,5,Rice bran::RealV6_米糠_sample3,Rice bran
240,9,6,Barley::RealV6_大麦_sample5,Barley
240,9,7,Wheat bran::RealV6_小麦麸_sample7,Wheat bran
240,9,8,Wheat bran::RealV6_小麦麸_sample2,Wheat bran
240,9,9,Cassava::RealV6_木薯_sample9,Cassava
240,12,1,Rice bran::RealV6_米糠_sample4,Rice bran
240,12,2,Rice bran::RealV6_米糠_sample9,Rice bran
240,12,3,Wheat::RealV6_小麦_sample3,Wheat
240,12,4,Rice bran::RealV6_米糠_sample10,Rice bran
240,12,5,Rice bran::RealV6_米糠_sample3,Rice bran
240,12,6,Barley::RealV6_大麦_sample5,Barley
240,12,7,Wheat bran::RealV6_小麦麸_sample7,Wheat bran
240,12,8,Wheat bran::RealV6_小麦麸_sample2,Wheat bran
240,12,9,Cassava::RealV6_木薯_sample9,Cassava
240,12,10,Wheat::RealV6_小麦_sample2,Wheat
240,12,11,Rice bran::RealV6_米糠_sample6,Rice bran
240,12,12,Paddy rice::RealV6_稻谷_sample5,Paddy rice
241,3,1,Sorghum::RealV6_高粱_sample2,Sorghum
241,3,2,Barley::RealV6_大麦_sample4,Barley
241,3,3,Wheat bran::RealV6_小麦麸_sample7,Wheat bran
241,6,1,Sorghum::RealV6_高粱_sample2,Sorghum
241,6,2,Barley::RealV6_大麦_sample4,Barley
241,6,3,Wheat bran::RealV6_小麦麸_sample7,Wheat bran
241,6,4,Wheat::RealV6_小麦_sample4,Wheat
241,6,5,Wheat bran::RealV6_小麦麸_sample5,Wheat bran
241,6,6,Paddy rice::RealV6_稻谷_sample2,Paddy rice
241,9,1,Sorghum::RealV6_高粱_sample2,Sorghum
241,9,2,Barley::RealV6_大麦_sample4,Barley
241,9,3,Wheat bran::RealV6_小麦麸_sample7,Wheat bran
241,9,4,Wheat::RealV6_小麦_sample4,Wheat
241,9,5,Wheat bran::RealV6_小麦麸_sample5,Wheat bran
241,9,6,Paddy rice::RealV6_稻谷_sample2,Paddy rice
241,9,7,Wheat::RealV6_小麦_sample3,Wheat
241,9,8,Cassava::RealV6_木薯_sample6,Cassava
241,9,9,Rice bran::RealV6_米糠_sample8,Rice bran
241,12,1,Sorghum::RealV6_高粱_sample2,Sorghum
241,12,2,Barley::RealV6_大麦_sample4,Barley
241,12,3,Wheat bran::RealV6_小麦麸_sample7,Wheat bran
241,12,4,Wheat::RealV6_小麦_sample4,Wheat
241,12,5,Wheat bran::RealV6_小麦麸_sample5,Wheat bran
241,12,6,Paddy rice::RealV6_稻谷_sample2,Paddy rice
241,12,7,Wheat::RealV6_小麦_sample3,Wheat
241,12,8,Cassava::RealV6_木薯_sample6,Cassava
241,12,9,Rice bran::RealV6_米糠_sample8,Rice bran
241,12,10,Cassava::RealV6_木薯_sample8,Cassava
241,12,11,Cassava::RealV6_木薯_sample1,Cassava
241,12,12,Cassava::RealV6_木薯_sample2,Cassava
242,3,1,Rice bran::RealV6_米糠_sample8,Rice bran
242,3,2,Sorghum::RealV6_高粱_sample8,Sorghum
242,3,3,Cassava::RealV6_木薯_sample3,Cassava
242,6,1,Rice bran::RealV6_米糠_sample8,Rice bran
242,6,2,Sorghum::RealV6_高粱_sample8,Sorghum
242,6,3,Cassava::RealV6_木薯_sample3,Cassava
242,6,4,Barley::RealV6_大麦_sample6,Barley
242,6,5,Cassava::RealV6_木薯_sample7,Cassava
242,6,6,Brown rice::RealV6_糙米_sample7,Brown rice
242,9,1,Rice bran::RealV6_米糠_sample8,Rice bran
242,9,2,Sorghum::RealV6_高粱_sample8,Sorghum
242,9,3,Cassava::RealV6_木薯_sample3,Cassava
242,9,4,Barley::RealV6_大麦_sample6,Barley
242,9,5,Cassava::RealV6_木薯_sample7,Cassava
242,9,6,Brown rice::RealV6_糙米_sample7,Brown rice
242,9,7,Sorghum::RealV6_高粱_sample9,Sorghum
242,9,8,Barley::RealV6_大麦_sample7,Barley
242,9,9,Wheat::RealV6_小麦_sample9,Wheat
242,12,1,Rice bran::RealV6_米糠_sample8,Rice bran
242,12,2,Sorghum::RealV6_高粱_sample8,Sorghum
242,12,3,Cassava::RealV6_木薯_sample3,Cassava
242,12,4,Barley::RealV6_大麦_sample6,Barley
242,12,5,Cassava::RealV6_木薯_sample7,Cassava
242,12,6,Brown rice::RealV6_糙米_sample7,Brown rice
242,12,7,Sorghum::RealV6_高粱_sample9,Sorghum
242,12,8,Barley::RealV6_大麦_sample7,Barley
242,12,9,Wheat::RealV6_小麦_sample9,Wheat
242,12,10,Rice bran::RealV6_米糠_sample2,Rice bran
242,12,11,Wheat::RealV6_小麦_sample10,Wheat
242,12,12,Wheat bran::RealV6_小麦麸_sample5,Wheat bran
243,3,1,Barley::RealV6_大麦_sample5,Barley
243,3,2,Cassava::RealV6_木薯_sample4,Cassava
243,3,3,Sorghum::RealV6_高粱_sample2,Sorghum
243,6,1,Barley::RealV6_大麦_sample5,Barley
243,6,2,Cassava::RealV6_木薯_sample4,Cassava
243,6,3,Sorghum::RealV6_高粱_sample2,Sorghum
243,6,4,Paddy rice::RealV6_稻谷_sample7,Paddy rice
243,6,5,Paddy rice::RealV6_稻谷_sample2,Paddy rice
243,6,6,Barley::RealV6_大麦_sample6,Barley
243,9,1,Barley::RealV6_大麦_sample5,Barley
243,9,2,Cassava::RealV6_木薯_sample4,Cassava
243,9,3,Sorghum::RealV6_高粱_sample2,Sorghum
243,9,4,Paddy rice::RealV6_稻谷_sample7,Paddy rice
243,9,5,Paddy rice::RealV6_稻谷_sample2,Paddy rice
243,9,6,Barley::RealV6_大麦_sample6,Barley
243,9,7,Rice bran::RealV6_米糠_sample10,Rice bran
243,9,8,Rice bran::RealV6_米糠_sample3,Rice bran
243,9,9,Cassava::RealV6_木薯_sample5,Cassava
243,12,1,Barley::RealV6_大麦_sample5,Barley
243,12,2,Cassava::RealV6_木薯_sample4,Cassava
243,12,3,Sorghum::RealV6_高粱_sample2,Sorghum
243,12,4,Paddy rice::RealV6_稻谷_sample7,Paddy rice
243,12,5,Paddy rice::RealV6_稻谷_sample2,Paddy rice
243,12,6,Barley::RealV6_大麦_sample6,Barley
243,12,7,Rice bran::RealV6_米糠_sample10,Rice bran
243,12,8,Rice bran::RealV6_米糠_sample3,Rice bran
243,12,9,Cassava::RealV6_木薯_sample5,Cassava
243,12,10,Sorghum::RealV6_高粱_sample1,Sorghum
243,12,11,Wheat::RealV6_小麦_sample5,Wheat
243,12,12,Cassava::RealV6_木薯_sample10,Cassava
244,3,1,Rapeseed cake::RealV6_菜籽饼_sample6,Rapeseed cake
244,3,2,Wheat::RealV6_小麦_sample1,Wheat
244,3,3,Cassava::RealV6_木薯_sample7,Cassava
244,6,1,Rapeseed cake::RealV6_菜籽饼_sample6,Rapeseed cake
244,6,2,Wheat::RealV6_小麦_sample1,Wheat
244,6,3,Cassava::RealV6_木薯_sample7,Cassava
244,6,4,Rice bran::RealV6_米糠_sample6,Rice bran
244,6,5,Brown rice::RealV6_糙米_sample2,Brown rice
244,6,6,Cassava::RealV6_木薯_sample10,Cassava
244,9,1,Rapeseed cake::RealV6_菜籽饼_sample6,Rapeseed cake
244,9,2,Wheat::RealV6_小麦_sample1,Wheat
244,9,3,Cassava::RealV6_木薯_sample7,Cassava
244,9,4,Rice bran::RealV6_米糠_sample6,Rice bran
244,9,5,Brown rice::RealV6_糙米_sample2,Brown rice
244,9,6,Cassava::RealV6_木薯_sample10,Cassava
244,9,7,Wheat::RealV6_小麦_sample8,Wheat
244,9,8,Sorghum::RealV6_高粱_sample2,Sorghum
244,9,9,Wheat bran::RealV6_小麦麸_sample1,Wheat bran
244,12,1,Rapeseed cake::RealV6_菜籽饼_sample6,Rapeseed cake
244,12,2,Wheat::RealV6_小麦_sample1,Wheat
244,12,3,Cassava::RealV6_木薯_sample7,Cassava
244,12,4,Rice bran::RealV6_米糠_sample6,Rice bran
244,12,5,Brown rice::RealV6_糙米_sample2,Brown rice
244,12,6,Cassava::RealV6_木薯_sample10,Cassava
244,12,7,Wheat::RealV6_小麦_sample8,Wheat
244,12,8,Sorghum::RealV6_高粱_sample2,Sorghum
244,12,9,Wheat bran::RealV6_小麦麸_sample1,Wheat bran
244,12,10,Rapeseed cake::RealV6_菜籽饼_sample7,Rapeseed cake
244,12,11,Wheat::RealV6_小麦_sample7,Wheat
244,12,12,Cassava::RealV6_木薯_sample8,Cassava
245,3,1,Rapeseed cake::RealV6_菜籽饼_sample6,Rapeseed cake
245,3,2,Wheat::RealV6_小麦_sample9,Wheat
245,3,3,Rapeseed cake::RealV6_菜籽饼_sample9,Rapeseed cake
245,6,1,Rapeseed cake::RealV6_菜籽饼_sample6,Rapeseed cake
245,6,2,Wheat::RealV6_小麦_sample9,Wheat
245,6,3,Rapeseed cake::RealV6_菜籽饼_sample9,Rapeseed cake
245,6,4,Cassava::RealV6_木薯_sample1,Cassava
245,6,5,Cassava::RealV6_木薯_sample4,Cassava
245,6,6,Barley::RealV6_大麦_sample9,Barley
245,9,1,Rapeseed cake::RealV6_菜籽饼_sample6,Rapeseed cake
245,9,2,Wheat::RealV6_小麦_sample9,Wheat
245,9,3,Rapeseed cake::RealV6_菜籽饼_sample9,Rapeseed cake
245,9,4,Cassava::RealV6_木薯_sample1,Cassava
245,9,5,Cassava::RealV6_木薯_sample4,Cassava
245,9,6,Barley::RealV6_大麦_sample9,Barley
245,9,7,Paddy rice::RealV6_稻谷_sample7,Paddy rice
245,9,8,Wheat bran::RealV6_小麦麸_sample5,Wheat bran
245,9,9,Cassava::RealV6_木薯_sample7,Cassava
245,12,1,Rapeseed cake::RealV6_菜籽饼_sample6,Rapeseed cake
245,12,2,Wheat::RealV6_小麦_sample9,Wheat
245,12,3,Rapeseed cake::RealV6_菜籽饼_sample9,Rapeseed cake
245,12,4,Cassava::RealV6_木薯_sample1,Cassava
245,12,5,Cassava::RealV6_木薯_sample4,Cassava
245,12,6,Barley::RealV6_大麦_sample9,Barley
245,12,7,Paddy rice::RealV6_稻谷_sample7,Paddy rice
245,12,8,Wheat bran::RealV6_小麦麸_sample5,Wheat bran
245,12,9,Cassava::RealV6_木薯_sample7,Cassava
245,12,10,Wheat::RealV6_小麦_sample8,Wheat
245,12,11,Sorghum::RealV6_高粱_sample10,Sorghum
245,12,12,Rapeseed cake::RealV6_菜籽饼_sample1,Rapeseed cake
246,3,1,Sorghum::RealV6_高粱_sample8,Sorghum
246,3,2,Wheat bran::RealV6_小麦麸_sample7,Wheat bran
246,3,3,Cassava::RealV6_木薯_sample2,Cassava
246,6,1,Sorghum::RealV6_高粱_sample8,Sorghum
246,6,2,Wheat bran::RealV6_小麦麸_sample7,Wheat bran
246,6,3,Cassava::RealV6_木薯_sample2,Cassava
246,6,4,Rice bran::RealV6_米糠_sample9,Rice bran
246,6,5,Cassava::RealV6_木薯_sample6,Cassava
246,6,6,Sorghum::RealV6_高粱_sample7,Sorghum
246,9,1,Sorghum::RealV6_高粱_sample8,Sorghum
246,9,2,Wheat bran::RealV6_小麦麸_sample7,Wheat bran
246,9,3,Cassava::RealV6_木薯_sample2,Cassava
246,9,4,Rice bran::RealV6_米糠_sample9,Rice bran
246,9,5,Cassava::RealV6_木薯_sample6,Cassava
246,9,6,Sorghum::RealV6_高粱_sample7,Sorghum
246,9,7,Wheat bran::RealV6_小麦麸_sample3,Wheat bran
246,9,8,Rapeseed cake::RealV6_菜籽饼_sample2,Rapeseed cake
246,9,9,Barley::RealV6_大麦_sample8,Barley
246,12,1,Sorghum::RealV6_高粱_sample8,Sorghum
246,12,2,Wheat bran::RealV6_小麦麸_sample7,Wheat bran
246,12,3,Cassava::RealV6_木薯_sample2,Cassava
246,12,4,Rice bran::RealV6_米糠_sample9,Rice bran
246,12,5,Cassava::RealV6_木薯_sample6,Cassava
246,12,6,Sorghum::RealV6_高粱_sample7,Sorghum
246,12,7,Wheat bran::RealV6_小麦麸_sample3,Wheat bran
246,12,8,Rapeseed cake::RealV6_菜籽饼_sample2,Rapeseed cake
246,12,9,Barley::RealV6_大麦_sample8,Barley
246,12,10,Rapeseed cake::RealV6_菜籽饼_sample9,Rapeseed cake
246,12,11,Paddy rice::RealV6_稻谷_sample8,Paddy rice
246,12,12,Rapeseed cake::RealV6_菜籽饼_sample3,Rapeseed cake
247,3,1,Paddy rice::RealV6_稻谷_sample10,Paddy rice
247,3,2,Cassava::RealV6_木薯_sample3,Cassava
247,3,3,Sorghum::RealV6_高粱_sample9,Sorghum
247,6,1,Paddy rice::RealV6_稻谷_sample10,Paddy rice
247,6,2,Cassava::RealV6_木薯_sample3,Cassava
247,6,3,Sorghum::RealV6_高粱_sample9,Sorghum
247,6,4,Rapeseed cake::RealV6_菜籽饼_sample3,Rapeseed cake
247,6,5,Brown rice::RealV6_糙米_sample9,Brown rice
247,6,6,Rice bran::RealV6_米糠_sample5,Rice bran
247,9,1,Paddy rice::RealV6_稻谷_sample10,Paddy rice
247,9,2,Cassava::RealV6_木薯_sample3,Cassava
247,9,3,Sorghum::RealV6_高粱_sample9,Sorghum
247,9,4,Rapeseed cake::RealV6_菜籽饼_sample3,Rapeseed cake
247,9,5,Brown rice::RealV6_糙米_sample9,Brown rice
247,9,6,Rice bran::RealV6_米糠_sample5,Rice bran
247,9,7,Paddy rice::RealV6_稻谷_sample8,Paddy rice
247,9,8,Cassava::RealV6_木薯_sample6,Cassava
247,9,9,Wheat bran::RealV6_小麦麸_sample7,Wheat bran
247,12,1,Paddy rice::RealV6_稻谷_sample10,Paddy rice
247,12,2,Cassava::RealV6_木薯_sample3,Cassava
247,12,3,Sorghum::RealV6_高粱_sample9,Sorghum
247,12,4,Rapeseed cake::RealV6_菜籽饼_sample3,Rapeseed cake
247,12,5,Brown rice::RealV6_糙米_sample9,Brown rice
247,12,6,Rice bran::RealV6_米糠_sample5,Rice bran
247,12,7,Paddy rice::RealV6_稻谷_sample8,Paddy rice
247,12,8,Cassava::RealV6_木薯_sample6,Cassava
247,12,9,Wheat bran::RealV6_小麦麸_sample7,Wheat bran
247,12,10,Wheat bran::RealV6_小麦麸_sample1,Wheat bran
247,12,11,Sorghum::RealV6_高粱_sample7,Sorghum
247,12,12,Rice bran::RealV6_米糠_sample10,Rice bran
248,3,1,Wheat bran::RealV6_小麦麸_sample5,Wheat bran
248,3,2,Rapeseed cake::RealV6_菜籽饼_sample5,Rapeseed cake
248,3,3,Paddy rice::RealV6_稻谷_sample11,Paddy rice
248,6,1,Wheat bran::RealV6_小麦麸_sample5,Wheat bran
248,6,2,Rapeseed cake::RealV6_菜籽饼_sample5,Rapeseed cake
248,6,3,Paddy rice::RealV6_稻谷_sample11,Paddy rice
248,6,4,Rapeseed cake::RealV6_菜籽饼_sample3,Rapeseed cake
248,6,5,Rice bran::RealV6_米糠_sample4,Rice bran
248,6,6,Rapeseed cake::RealV6_菜籽饼_sample7,Rapeseed cake
248,9,1,Wheat bran::RealV6_小麦麸_sample5,Wheat bran
248,9,2,Rapeseed cake::RealV6_菜籽饼_sample5,Rapeseed cake
248,9,3,Paddy rice::RealV6_稻谷_sample11,Paddy rice
248,9,4,Rapeseed cake::RealV6_菜籽饼_sample3,Rapeseed cake
248,9,5,Rice bran::RealV6_米糠_sample4,Rice bran
248,9,6,Rapeseed cake::RealV6_菜籽饼_sample7,Rapeseed cake
248,9,7,Wheat bran::RealV6_小麦麸_sample6,Wheat bran
248,9,8,Cassava::RealV6_木薯_sample1,Cassava
248,9,9,Paddy rice::RealV6_稻谷_sample3,Paddy rice
248,12,1,Wheat bran::RealV6_小麦麸_sample5,Wheat bran
248,12,2,Rapeseed cake::RealV6_菜籽饼_sample5,Rapeseed cake
248,12,3,Paddy rice::RealV6_稻谷_sample11,Paddy rice
248,12,4,Rapeseed cake::RealV6_菜籽饼_sample3,Rapeseed cake
248,12,5,Rice bran::RealV6_米糠_sample4,Rice bran
248,12,6,Rapeseed cake::RealV6_菜籽饼_sample7,Rapeseed cake
248,12,7,Wheat bran::RealV6_小麦麸_sample6,Wheat bran
248,12,8,Cassava::RealV6_木薯_sample1,Cassava
248,12,9,Paddy rice::RealV6_稻谷_sample3,Paddy rice
248,12,10,Cassava::RealV6_木薯_sample10,Cassava
248,12,11,Cassava::RealV6_木薯_sample5,Cassava
248,12,12,Brown rice::RealV6_糙米_sample9,Brown rice
249,3,1,Rapeseed cake::RealV6_菜籽饼_sample3,Rapeseed cake
249,3,2,Sorghum::RealV6_高粱_sample2,Sorghum
249,3,3,Cassava::RealV6_木薯_sample6,Cassava
249,6,1,Rapeseed cake::RealV6_菜籽饼_sample3,Rapeseed cake
249,6,2,Sorghum::RealV6_高粱_sample2,Sorghum
249,6,3,Cassava::RealV6_木薯_sample6,Cassava
249,6,4,Rice bran::RealV6_米糠_sample5,Rice bran
249,6,5,Wheat::RealV6_小麦_sample8,Wheat
249,6,6,Barley::RealV6_大麦_sample2,Barley
249,9,1,Rapeseed cake::RealV6_菜籽饼_sample3,Rapeseed cake
249,9,2,Sorghum::RealV6_高粱_sample2,Sorghum
249,9,3,Cassava::RealV6_木薯_sample6,Cassava
249,9,4,Rice bran::RealV6_米糠_sample5,Rice bran
249,9,5,Wheat::RealV6_小麦_sample8,Wheat
249,9,6,Barley::RealV6_大麦_sample2,Barley
249,9,7,Wheat bran::RealV6_小麦麸_sample3,Wheat bran
249,9,8,Wheat::RealV6_小麦_sample7,Wheat
249,9,9,Rapeseed cake::RealV6_菜籽饼_sample4,Rapeseed cake
249,12,1,Rapeseed cake::RealV6_菜籽饼_sample3,Rapeseed cake
249,12,2,Sorghum::RealV6_高粱_sample2,Sorghum
249,12,3,Cassava::RealV6_木薯_sample6,Cassava
249,12,4,Rice bran::RealV6_米糠_sample5,Rice bran
249,12,5,Wheat::RealV6_小麦_sample8,Wheat
249,12,6,Barley::RealV6_大麦_sample2,Barley
249,12,7,Wheat bran::RealV6_小麦麸_sample3,Wheat bran
249,12,8,Wheat::RealV6_小麦_sample7,Wheat
249,12,9,Rapeseed cake::RealV6_菜籽饼_sample4,Rapeseed cake
249,12,10,Rapeseed cake::RealV6_菜籽饼_sample9,Rapeseed cake
249,12,11,Wheat::RealV6_小麦_sample5,Wheat
249,12,12,Barley::RealV6_大麦_sample8,Barley
250,3,1,Rapeseed cake::RealV6_菜籽饼_sample6,Rapeseed cake
250,3,2,Wheat bran::RealV6_小麦麸_sample2,Wheat bran
250,3,3,Barley::RealV6_大麦_sample4,Barley
250,6,1,Rapeseed cake::RealV6_菜籽饼_sample6,Rapeseed cake
250,6,2,Wheat bran::RealV6_小麦麸_sample2,Wheat bran
250,6,3,Barley::RealV6_大麦_sample4,Barley
250,6,4,Cassava::RealV6_木薯_sample10,Cassava
250,6,5,Paddy rice::RealV6_稻谷_sample3,Paddy rice
250,6,6,Rapeseed cake::RealV6_菜籽饼_sample9,Rapeseed cake
250,9,1,Rapeseed cake::RealV6_菜籽饼_sample6,Rapeseed cake
250,9,2,Wheat bran::RealV6_小麦麸_sample2,Wheat bran
250,9,3,Barley::RealV6_大麦_sample4,Barley
250,9,4,Cassava::RealV6_木薯_sample10,Cassava
250,9,5,Paddy rice::RealV6_稻谷_sample3,Paddy rice
250,9,6,Rapeseed cake::RealV6_菜籽饼_sample9,Rapeseed cake
250,9,7,Rice bran::RealV6_米糠_sample2,Rice bran
250,9,8,Wheat::RealV6_小麦_sample4,Wheat
250,9,9,Rice bran::RealV6_米糠_sample4,Rice bran
250,12,1,Rapeseed cake::RealV6_菜籽饼_sample6,Rapeseed cake
250,12,2,Wheat bran::RealV6_小麦麸_sample2,Wheat bran
250,12,3,Barley::RealV6_大麦_sample4,Barley
250,12,4,Cassava::RealV6_木薯_sample10,Cassava
250,12,5,Paddy rice::RealV6_稻谷_sample3,Paddy rice
250,12,6,Rapeseed cake::RealV6_菜籽饼_sample9,Rapeseed cake
250,12,7,Rice bran::RealV6_米糠_sample2,Rice bran
250,12,8,Wheat::RealV6_小麦_sample4,Wheat
250,12,9,Rice bran::RealV6_米糠_sample4,Rice bran
250,12,10,Barley::RealV6_大麦_sample6,Barley
250,12,11,Rapeseed cake::RealV6_菜籽饼_sample1,Rapeseed cake
250,12,12,Rapeseed cake::RealV6_菜籽饼_sample8,Rapeseed cake
251,3,1,Sorghum::RealV6_高粱_sample9,Sorghum
251,3,2,Sorghum::RealV6_高粱_sample10,Sorghum
251,3,3,Wheat bran::RealV6_小麦麸_sample5,Wheat bran
251,6,1,Sorghum::RealV6_高粱_sample9,Sorghum
251,6,2,Sorghum::RealV6_高粱_sample10,Sorghum
251,6,3,Wheat bran::RealV6_小麦麸_sample5,Wheat bran
251,6,4,Wheat::RealV6_小麦_sample10,Wheat
251,6,5,Rapeseed cake::RealV6_菜籽饼_sample6,Rapeseed cake
251,6,6,Wheat::RealV6_小麦_sample9,Wheat
251,9,1,Sorghum::RealV6_高粱_sample9,Sorghum
251,9,2,Sorghum::RealV6_高粱_sample10,Sorghum
251,9,3,Wheat bran::RealV6_小麦麸_sample5,Wheat bran
251,9,4,Wheat::RealV6_小麦_sample10,Wheat
251,9,5,Rapeseed cake::RealV6_菜籽饼_sample6,Rapeseed cake
251,9,6,Wheat::RealV6_小麦_sample9,Wheat
251,9,7,Paddy rice::RealV6_稻谷_sample11,Paddy rice
251,9,8,Rice bran::RealV6_米糠_sample9,Rice bran
251,9,9,Wheat bran::RealV6_小麦麸_sample1,Wheat bran
251,12,1,Sorghum::RealV6_高粱_sample9,Sorghum
251,12,2,Sorghum::RealV6_高粱_sample10,Sorghum
251,12,3,Wheat bran::RealV6_小麦麸_sample5,Wheat bran
251,12,4,Wheat::RealV6_小麦_sample10,Wheat
251,12,5,Rapeseed cake::RealV6_菜籽饼_sample6,Rapeseed cake
251,12,6,Wheat::RealV6_小麦_sample9,Wheat
251,12,7,Paddy rice::RealV6_稻谷_sample11,Paddy rice
251,12,8,Rice bran::RealV6_米糠_sample9,Rice bran
251,12,9,Wheat bran::RealV6_小麦麸_sample1,Wheat bran
251,12,10,Wheat::RealV6_小麦_sample1,Wheat
251,12,11,Wheat::RealV6_小麦_sample4,Wheat
251,12,12,Rapeseed cake::RealV6_菜籽饼_sample3,Rapeseed cake
252,3,1,Barley::RealV6_大麦_sample5,Barley
252,3,2,Paddy rice::RealV6_稻谷_sample6,Paddy rice
252,3,3,Rapeseed cake::RealV6_菜籽饼_sample5,Rapeseed cake
252,6,1,Barley::RealV6_大麦_sample5,Barley
252,6,2,Paddy rice::RealV6_稻谷_sample6,Paddy rice
252,6,3,Rapeseed cake::RealV6_菜籽饼_sample5,Rapeseed cake
252,6,4,Sorghum::RealV6_高粱_sample1,Sorghum
252,6,5,Cassava::RealV6_木薯_sample2,Cassava
252,6,6,Paddy rice::RealV6_稻谷_sample4,Paddy rice
252,9,1,Barley::RealV6_大麦_sample5,Barley
252,9,2,Paddy rice::RealV6_稻谷_sample6,Paddy rice
252,9,3,Rapeseed cake::RealV6_菜籽饼_sample5,Rapeseed cake
252,9,4,Sorghum::RealV6_高粱_sample1,Sorghum
252,9,5,Cassava::RealV6_木薯_sample2,Cassava
252,9,6,Paddy rice::RealV6_稻谷_sample4,Paddy rice
252,9,7,Rice bran::RealV6_米糠_sample9,Rice bran
252,9,8,Cassava::RealV6_木薯_sample4,Cassava
252,9,9,Sorghum::RealV6_高粱_sample10,Sorghum
252,12,1,Barley::RealV6_大麦_sample5,Barley
252,12,2,Paddy rice::RealV6_稻谷_sample6,Paddy rice
252,12,3,Rapeseed cake::RealV6_菜籽饼_sample5,Rapeseed cake
252,12,4,Sorghum::RealV6_高粱_sample1,Sorghum
252,12,5,Cassava::RealV6_木薯_sample2,Cassava
252,12,6,Paddy rice::RealV6_稻谷_sample4,Paddy rice
252,12,7,Rice bran::RealV6_米糠_sample9,Rice bran
252,12,8,Cassava::RealV6_木薯_sample4,Cassava
252,12,9,Sorghum::RealV6_高粱_sample10,Sorghum
252,12,10,Wheat bran::RealV6_小麦麸_sample10,Wheat bran
252,12,11,Rapeseed cake::RealV6_菜籽饼_sample4,Rapeseed cake
252,12,12,Cassava::RealV6_木薯_sample8,Cassava
253,3,1,Brown rice::RealV6_糙米_sample7,Brown rice
253,3,2,Brown rice::RealV6_糙米_sample8,Brown rice
253,3,3,Rapeseed cake::RealV6_菜籽饼_sample10,Rapeseed cake
253,6,1,Brown rice::RealV6_糙米_sample7,Brown rice
253,6,2,Brown rice::RealV6_糙米_sample8,Brown rice
253,6,3,Rapeseed cake::RealV6_菜籽饼_sample10,Rapeseed cake
253,6,4,Sorghum::RealV6_高粱_sample2,Sorghum
253,6,5,Wheat::RealV6_小麦_sample6,Wheat
253,6,6,Wheat bran::RealV6_小麦麸_sample4,Wheat bran
253,9,1,Brown rice::RealV6_糙米_sample7,Brown rice
253,9,2,Brown rice::RealV6_糙米_sample8,Brown rice
253,9,3,Rapeseed cake::RealV6_菜籽饼_sample10,Rapeseed cake
253,9,4,Sorghum::RealV6_高粱_sample2,Sorghum
253,9,5,Wheat::RealV6_小麦_sample6,Wheat
253,9,6,Wheat bran::RealV6_小麦麸_sample4,Wheat bran
253,9,7,Wheat::RealV6_小麦_sample3,Wheat
253,9,8,Rice bran::RealV6_米糠_sample8,Rice bran
253,9,9,Wheat bran::RealV6_小麦麸_sample1,Wheat bran
253,12,1,Brown rice::RealV6_糙米_sample7,Brown rice
253,12,2,Brown rice::RealV6_糙米_sample8,Brown rice
253,12,3,Rapeseed cake::RealV6_菜籽饼_sample10,Rapeseed cake
253,12,4,Sorghum::RealV6_高粱_sample2,Sorghum
253,12,5,Wheat::RealV6_小麦_sample6,Wheat
253,12,6,Wheat bran::RealV6_小麦麸_sample4,Wheat bran
253,12,7,Wheat::RealV6_小麦_sample3,Wheat
253,12,8,Rice bran::RealV6_米糠_sample8,Rice bran
253,12,9,Wheat bran::RealV6_小麦麸_sample1,Wheat bran
253,12,10,Sorghum::RealV6_高粱_sample7,Sorghum
253,12,11,Sorghum::RealV6_高粱_sample3,Sorghum
253,12,12,Wheat::RealV6_小麦_sample5,Wheat
254,3,1,Brown rice::RealV6_糙米_sample5,Brown rice
254,3,2,Barley::RealV6_大麦_sample1,Barley
254,3,3,Wheat bran::RealV6_小麦麸_sample4,Wheat bran
254,6,1,Brown rice::RealV6_糙米_sample5,Brown rice
254,6,2,Barley::RealV6_大麦_sample1,Barley
254,6,3,Wheat bran::RealV6_小麦麸_sample4,Wheat bran
254,6,4,Brown rice::RealV6_糙米_sample4,Brown rice
254,6,5,Rice bran::RealV6_米糠_sample8,Rice bran
254,6,6,Paddy rice::RealV6_稻谷_sample11,Paddy rice
254,9,1,Brown rice::RealV6_糙米_sample5,Brown rice
254,9,2,Barley::RealV6_大麦_sample1,Barley
254,9,3,Wheat bran::RealV6_小麦麸_sample4,Wheat bran
254,9,4,Brown rice::RealV6_糙米_sample4,Brown rice
254,9,5,Rice bran::RealV6_米糠_sample8,Rice bran
254,9,6,Paddy rice::RealV6_稻谷_sample11,Paddy rice
254,9,7,Barley::RealV6_大麦_sample8,Barley
254,9,8,Barley::RealV6_大麦_sample6,Barley
254,9,9,Rice bran::RealV6_米糠_sample3,Rice bran
254,12,1,Brown rice::RealV6_糙米_sample5,Brown rice
254,12,2,Barley::RealV6_大麦_sample1,Barley
254,12,3,Wheat bran::RealV6_小麦麸_sample4,Wheat bran
254,12,4,Brown rice::RealV6_糙米_sample4,Brown rice
254,12,5,Rice bran::RealV6_米糠_sample8,Rice bran
254,12,6,Paddy rice::RealV6_稻谷_sample11,Paddy rice
254,12,7,Barley::RealV6_大麦_sample8,Barley
254,12,8,Barley::RealV6_大麦_sample6,Barley
254,12,9,Rice bran::RealV6_米糠_sample3,Rice bran
254,12,10,Barley::RealV6_大麦_sample10,Barley
254,12,11,Wheat bran::RealV6_小麦麸_sample7,Wheat bran
254,12,12,Wheat::RealV6_小麦_sample8,Wheat
255,3,1,Sorghum::RealV6_高粱_sample4,Sorghum
255,3,2,Wheat::RealV6_小麦_sample8,Wheat
255,3,3,Wheat::RealV6_小麦_sample5,Wheat
255,6,1,Sorghum::RealV6_高粱_sample4,Sorghum
255,6,2,Wheat::RealV6_小麦_sample8,Wheat
255,6,3,Wheat::RealV6_小麦_sample5,Wheat
255,6,4,Wheat::RealV6_小麦_sample1,Wheat
255,6,5,Rapeseed cake::RealV6_菜籽饼_sample7,Rapeseed cake
255,6,6,Sorghum::RealV6_高粱_sample9,Sorghum
255,9,1,Sorghum::RealV6_高粱_sample4,Sorghum
255,9,2,Wheat::RealV6_小麦_sample8,Wheat
255,9,3,Wheat::RealV6_小麦_sample5,Wheat
255,9,4,Wheat::RealV6_小麦_sample1,Wheat
255,9,5,Rapeseed cake::RealV6_菜籽饼_sample7,Rapeseed cake
255,9,6,Sorghum::RealV6_高粱_sample9,Sorghum
255,9,7,Paddy rice::RealV6_稻谷_sample8,Paddy rice
255,9,8,Brown rice::RealV6_糙米_sample6,Brown rice
255,9,9,Cassava::RealV6_木薯_sample8,Cassava
255,12,1,Sorghum::RealV6_高粱_sample4,Sorghum
255,12,2,Wheat::RealV6_小麦_sample8,Wheat
255,12,3,Wheat::RealV6_小麦_sample5,Wheat
255,12,4,Wheat::RealV6_小麦_sample1,Wheat
255,12,5,Rapeseed cake::RealV6_菜籽饼_sample7,Rapeseed cake
255,12,6,Sorghum::RealV6_高粱_sample9,Sorghum
255,12,7,Paddy rice::RealV6_稻谷_sample8,Paddy rice
255,12,8,Brown rice::RealV6_糙米_sample6,Brown rice
255,12,9,Cassava::RealV6_木薯_sample8,Cassava
255,12,10,Brown rice::RealV6_糙米_sample8,Brown rice
255,12,11,Rapeseed cake::RealV6_菜籽饼_sample9,Rapeseed cake
255,12,12,Rapeseed cake::RealV6_菜籽饼_sample1,Rapeseed cake
256,3,1,Paddy rice::RealV6_稻谷_sample1,Paddy rice
256,3,2,Cassava::RealV6_木薯_sample1,Cassava
256,3,3,Brown rice::RealV6_糙米_sample10,Brown rice
256,6,1,Paddy rice::RealV6_稻谷_sample1,Paddy rice
256,6,2,Cassava::RealV6_木薯_sample1,Cassava
256,6,3,Brown rice::RealV6_糙米_sample10,Brown rice
256,6,4,Rapeseed cake::RealV6_菜籽饼_sample10,Rapeseed cake
256,6,5,Brown rice::RealV6_糙米_sample6,Brown rice
256,6,6,Sorghum::RealV6_高粱_sample7,Sorghum
256,9,1,Paddy rice::RealV6_稻谷_sample1,Paddy rice
256,9,2,Cassava::RealV6_木薯_sample1,Cassava
256,9,3,Brown rice::RealV6_糙米_sample10,Brown rice
256,9,4,Rapeseed cake::RealV6_菜籽饼_sample10,Rapeseed cake
256,9,5,Brown rice::RealV6_糙米_sample6,Brown rice
256,9,6,Sorghum::RealV6_高粱_sample7,Sorghum
256,9,7,Paddy rice::RealV6_稻谷_sample10,Paddy rice
256,9,8,Barley::RealV6_大麦_sample7,Barley
256,9,9,Rapeseed cake::RealV6_菜籽饼_sample9,Rapeseed cake
256,12,1,Paddy rice::RealV6_稻谷_sample1,Paddy rice
256,12,2,Cassava::RealV6_木薯_sample1,Cassava
256,12,3,Brown rice::RealV6_糙米_sample10,Brown rice
256,12,4,Rapeseed cake::RealV6_菜籽饼_sample10,Rapeseed cake
256,12,5,Brown rice::RealV6_糙米_sample6,Brown rice
256,12,6,Sorghum::RealV6_高粱_sample7,Sorghum
256,12,7,Paddy rice::RealV6_稻谷_sample10,Paddy rice
256,12,8,Barley::RealV6_大麦_sample7,Barley
256,12,9,Rapeseed cake::RealV6_菜籽饼_sample9,Rapeseed cake
256,12,10,Brown rice::RealV6_糙米_sample1,Brown rice
256,12,11,Wheat::RealV6_小麦_sample7,Wheat
256,12,12,Wheat bran::RealV6_小麦麸_sample2,Wheat bran
257,3,1,Barley::RealV6_大麦_sample9,Barley
257,3,2,Sorghum::RealV6_高粱_sample5,Sorghum
257,3,3,Rapeseed cake::RealV6_菜籽饼_sample8,Rapeseed cake
257,6,1,Barley::RealV6_大麦_sample9,Barley
257,6,2,Sorghum::RealV6_高粱_sample5,Sorghum
257,6,3,Rapeseed cake::RealV6_菜籽饼_sample8,Rapeseed cake
257,6,4,Wheat bran::RealV6_小麦麸_sample4,Wheat bran
257,6,5,Sorghum::RealV6_高粱_sample6,Sorghum
257,6,6,Rice bran::RealV6_米糠_sample8,Rice bran
257,9,1,Barley::RealV6_大麦_sample9,Barley
257,9,2,Sorghum::RealV6_高粱_sample5,Sorghum
257,9,3,Rapeseed cake::RealV6_菜籽饼_sample8,Rapeseed cake
257,9,4,Wheat bran::RealV6_小麦麸_sample4,Wheat bran
257,9,5,Sorghum::RealV6_高粱_sample6,Sorghum
257,9,6,Rice bran::RealV6_米糠_sample8,Rice bran
257,9,7,Barley::RealV6_大麦_sample5,Barley
257,9,8,Sorghum::RealV6_高粱_sample7,Sorghum
257,9,9,Barley::RealV6_大麦_sample2,Barley
257,12,1,Barley::RealV6_大麦_sample9,Barley
257,12,2,Sorghum::RealV6_高粱_sample5,Sorghum
257,12,3,Rapeseed cake::RealV6_菜籽饼_sample8,Rapeseed cake
257,12,4,Wheat bran::RealV6_小麦麸_sample4,Wheat bran
257,12,5,Sorghum::RealV6_高粱_sample6,Sorghum
257,12,6,Rice bran::RealV6_米糠_sample8,Rice bran
257,12,7,Barley::RealV6_大麦_sample5,Barley
257,12,8,Sorghum::RealV6_高粱_sample7,Sorghum
257,12,9,Barley::RealV6_大麦_sample2,Barley
257,12,10,Wheat::RealV6_小麦_sample3,Wheat
257,12,11,Brown rice::RealV6_糙米_sample10,Brown rice
257,12,12,Cassava::RealV6_木薯_sample7,Cassava
258,3,1,Barley::RealV6_大麦_sample4,Barley
258,3,2,Cassava::RealV6_木薯_sample10,Cassava
258,3,3,Wheat bran::RealV6_小麦麸_sample10,Wheat bran
258,6,1,Barley::RealV6_大麦_sample4,Barley
258,6,2,Cassava::RealV6_木薯_sample10,Cassava
258,6,3,Wheat bran::RealV6_小麦麸_sample10,Wheat bran
258,6,4,Sorghum::RealV6_高粱_sample4,Sorghum
258,6,5,Sorghum::RealV6_高粱_sample1,Sorghum
258,6,6,Cassava::RealV6_木薯_sample6,Cassava
258,9,1,Barley::RealV6_大麦_sample4,Barley
258,9,2,Cassava::RealV6_木薯_sample10,Cassava
258,9,3,Wheat bran::RealV6_小麦麸_sample10,Wheat bran
258,9,4,Sorghum::RealV6_高粱_sample4,Sorghum
258,9,5,Sorghum::RealV6_高粱_sample1,Sorghum
258,9,6,Cassava::RealV6_木薯_sample6,Cassava
258,9,7,Wheat bran::RealV6_小麦麸_sample5,Wheat bran
258,9,8,Rice bran::RealV6_米糠_sample7,Rice bran
258,9,9,Sorghum::RealV6_高粱_sample6,Sorghum
258,12,1,Barley::RealV6_大麦_sample4,Barley
258,12,2,Cassava::RealV6_木薯_sample10,Cassava
258,12,3,Wheat bran::RealV6_小麦麸_sample10,Wheat bran
258,12,4,Sorghum::RealV6_高粱_sample4,Sorghum
258,12,5,Sorghum::RealV6_高粱_sample1,Sorghum
258,12,6,Cassava::RealV6_木薯_sample6,Cassava
258,12,7,Wheat bran::RealV6_小麦麸_sample5,Wheat bran
258,12,8,Rice bran::RealV6_米糠_sample7,Rice bran
258,12,9,Sorghum::RealV6_高粱_sample6,Sorghum
258,12,10,Wheat::RealV6_小麦_sample3,Wheat
258,12,11,Rice bran::RealV6_米糠_sample8,Rice bran
258,12,12,Rapeseed cake::RealV6_菜籽饼_sample8,Rapeseed cake
259,3,1,Cassava::RealV6_木薯_sample1,Cassava
259,3,2,Sorghum::RealV6_高粱_sample9,Sorghum
259,3,3,Rapeseed cake::RealV6_菜籽饼_sample8,Rapeseed cake
259,6,1,Cassava::RealV6_木薯_sample1,Cassava
259,6,2,Sorghum::RealV6_高粱_sample9,Sorghum
259,6,3,Rapeseed cake::RealV6_菜籽饼_sample8,Rapeseed cake
259,6,4,Rice bran::RealV6_米糠_sample1,Rice bran
259,6,5,Paddy rice::RealV6_稻谷_sample10,Paddy rice
259,6,6,Brown rice::RealV6_糙米_sample1,Brown rice
259,9,1,Cassava::RealV6_木薯_sample1,Cassava
259,9,2,Sorghum::RealV6_高粱_sample9,Sorghum
259,9,3,Rapeseed cake::RealV6_菜籽饼_sample8,Rapeseed cake
259,9,4,Rice bran::RealV6_米糠_sample1,Rice bran
259,9,5,Paddy rice::RealV6_稻谷_sample10,Paddy rice
259,9,6,Brown rice::RealV6_糙米_sample1,Brown rice
259,9,7,Brown rice::RealV6_糙米_sample10,Brown rice
259,9,8,Wheat bran::RealV6_小麦麸_sample8,Wheat bran
259,9,9,Cassava::RealV6_木薯_sample7,Cassava
259,12,1,Cassava::RealV6_木薯_sample1,Cassava
259,12,2,Sorghum::RealV6_高粱_sample9,Sorghum
259,12,3,Rapeseed cake::RealV6_菜籽饼_sample8,Rapeseed cake
259,12,4,Rice bran::RealV6_米糠_sample1,Rice bran
259,12,5,Paddy rice::RealV6_稻谷_sample10,Paddy rice
259,12,6,Brown rice::RealV6_糙米_sample1,Brown rice
259,12,7,Brown rice::RealV6_糙米_sample10,Brown rice
259,12,8,Wheat bran::RealV6_小麦麸_sample8,Wheat bran
259,12,9,Cassava::RealV6_木薯_sample7,Cassava
259,12,10,Cassava::RealV6_木薯_sample2,Cassava
259,12,11,Sorghum::RealV6_高粱_sample2,Sorghum
259,12,12,Sorghum::RealV6_高粱_sample4,Sorghum
260,3,1,Rapeseed cake::RealV6_菜籽饼_sample9,Rapeseed cake
260,3,2,Rapeseed cake::RealV6_菜籽饼_sample7,Rapeseed cake
260,3,3,Rapeseed cake::RealV6_菜籽饼_sample8,Rapeseed cake
260,6,1,Rapeseed cake::RealV6_菜籽饼_sample9,Rapeseed cake
260,6,2,Rapeseed cake::RealV6_菜籽饼_sample7,Rapeseed cake
260,6,3,Rapeseed cake::RealV6_菜籽饼_sample8,Rapeseed cake
260,6,4,Barley::RealV6_大麦_sample10,Barley
260,6,5,Barley::RealV6_大麦_sample7,Barley
260,6,6,Brown rice::RealV6_糙米_sample1,Brown rice
260,9,1,Rapeseed cake::RealV6_菜籽饼_sample9,Rapeseed cake
260,9,2,Rapeseed cake::RealV6_菜籽饼_sample7,Rapeseed cake
260,9,3,Rapeseed cake::RealV6_菜籽饼_sample8,Rapeseed cake
260,9,4,Barley::RealV6_大麦_sample10,Barley
260,9,5,Barley::RealV6_大麦_sample7,Barley
260,9,6,Brown rice::RealV6_糙米_sample1,Brown rice
260,9,7,Cassava::RealV6_木薯_sample4,Cassava
260,9,8,Barley::RealV6_大麦_sample5,Barley
260,9,9,Rice bran::RealV6_米糠_sample1,Rice bran
260,12,1,Rapeseed cake::RealV6_菜籽饼_sample9,Rapeseed cake
260,12,2,Rapeseed cake::RealV6_菜籽饼_sample7,Rapeseed cake
260,12,3,Rapeseed cake::RealV6_菜籽饼_sample8,Rapeseed cake
260,12,4,Barley::RealV6_大麦_sample10,Barley
260,12,5,Barley::RealV6_大麦_sample7,Barley
260,12,6,Brown rice::RealV6_糙米_sample1,Brown rice
260,12,7,Cassava::RealV6_木薯_sample4,Cassava
260,12,8,Barley::RealV6_大麦_sample5,Barley
260,12,9,Rice bran::RealV6_米糠_sample1,Rice bran
260,12,10,Rapeseed cake::RealV6_菜籽饼_sample1,Rapeseed cake
260,12,11,Rapeseed cake::RealV6_菜籽饼_sample2,Rapeseed cake
260,12,12,Cassava::RealV6_木薯_sample3,Cassava
261,3,1,Wheat bran::RealV6_小麦麸_sample9,Wheat bran
261,3,2,Sorghum::RealV6_高粱_sample2,Sorghum
261,3,3,Wheat::RealV6_小麦_sample4,Wheat
261,6,1,Wheat bran::RealV6_小麦麸_sample9,Wheat bran
261,6,2,Sorghum::RealV6_高粱_sample2,Sorghum
261,6,3,Wheat::RealV6_小麦_sample4,Wheat
261,6,4,Brown rice::RealV6_糙米_sample7,Brown rice
261,6,5,Barley::RealV6_大麦_sample3,Barley
261,6,6,Wheat::RealV6_小麦_sample9,Wheat
261,9,1,Wheat bran::RealV6_小麦麸_sample9,Wheat bran
261,9,2,Sorghum::RealV6_高粱_sample2,Sorghum
261,9,3,Wheat::RealV6_小麦_sample4,Wheat
261,9,4,Brown rice::RealV6_糙米_sample7,Brown rice
261,9,5,Barley::RealV6_大麦_sample3,Barley
261,9,6,Wheat::RealV6_小麦_sample9,Wheat
261,9,7,Wheat bran::RealV6_小麦麸_sample5,Wheat bran
261,9,8,Brown rice::RealV6_糙米_sample8,Brown rice
261,9,9,Paddy rice::RealV6_稻谷_sample2,Paddy rice
261,12,1,Wheat bran::RealV6_小麦麸_sample9,Wheat bran
261,12,2,Sorghum::RealV6_高粱_sample2,Sorghum
261,12,3,Wheat::RealV6_小麦_sample4,Wheat
261,12,4,Brown rice::RealV6_糙米_sample7,Brown rice
261,12,5,Barley::RealV6_大麦_sample3,Barley
261,12,6,Wheat::RealV6_小麦_sample9,Wheat
261,12,7,Wheat bran::RealV6_小麦麸_sample5,Wheat bran
261,12,8,Brown rice::RealV6_糙米_sample8,Brown rice
261,12,9,Paddy rice::RealV6_稻谷_sample2,Paddy rice
261,12,10,Rapeseed cake::RealV6_菜籽饼_sample9,Rapeseed cake
261,12,11,Paddy rice::RealV6_稻谷_sample5,Paddy rice
261,12,12,Sorghum::RealV6_高粱_sample8,Sorghum
262,3,1,Cassava::RealV6_木薯_sample7,Cassava
262,3,2,Rice bran::RealV6_米糠_sample2,Rice bran
262,3,3,Wheat bran::RealV6_小麦麸_sample9,Wheat bran
262,6,1,Cassava::RealV6_木薯_sample7,Cassava
262,6,2,Rice bran::RealV6_米糠_sample2,Rice bran
262,6,3,Wheat bran::RealV6_小麦麸_sample9,Wheat bran
262,6,4,Brown rice::RealV6_糙米_sample8,Brown rice
262,6,5,Wheat bran::RealV6_小麦麸_sample7,Wheat bran
262,6,6,Barley::RealV6_大麦_sample4,Barley
262,9,1,Cassava::RealV6_木薯_sample7,Cassava
262,9,2,Rice bran::RealV6_米糠_sample2,Rice bran
262,9,3,Wheat bran::RealV6_小麦麸_sample9,Wheat bran
262,9,4,Brown rice::RealV6_糙米_sample8,Brown rice
262,9,5,Wheat bran::RealV6_小麦麸_sample7,Wheat bran
262,9,6,Barley::RealV6_大麦_sample4,Barley
262,9,7,Wheat bran::RealV6_小麦麸_sample6,Wheat bran
262,9,8,Barley::RealV6_大麦_sample5,Barley
262,9,9,Cassava::RealV6_木薯_sample10,Cassava
262,12,1,Cassava::RealV6_木薯_sample7,Cassava
262,12,2,Rice bran::RealV6_米糠_sample2,Rice bran
262,12,3,Wheat bran::RealV6_小麦麸_sample9,Wheat bran
262,12,4,Brown rice::RealV6_糙米_sample8,Brown rice
262,12,5,Wheat bran::RealV6_小麦麸_sample7,Wheat bran
262,12,6,Barley::RealV6_大麦_sample4,Barley
262,12,7,Wheat bran::RealV6_小麦麸_sample6,Wheat bran
262,12,8,Barley::RealV6_大麦_sample5,Barley
262,12,9,Cassava::RealV6_木薯_sample10,Cassava
262,12,10,Rice bran::RealV6_米糠_sample8,Rice bran
262,12,11,Paddy rice::RealV6_稻谷_sample9,Paddy rice
262,12,12,Rapeseed cake::RealV6_菜籽饼_sample7,Rapeseed cake
263,3,1,Rice bran::RealV6_米糠_sample5,Rice bran
263,3,2,Wheat bran::RealV6_小麦麸_sample1,Wheat bran
263,3,3,Cassava::RealV6_木薯_sample8,Cassava
263,6,1,Rice bran::RealV6_米糠_sample5,Rice bran
263,6,2,Wheat bran::RealV6_小麦麸_sample1,Wheat bran
263,6,3,Cassava::RealV6_木薯_sample8,Cassava
263,6,4,Barley::RealV6_大麦_sample5,Barley
263,6,5,Wheat::RealV6_小麦_sample6,Wheat
263,6,6,Paddy rice::RealV6_稻谷_sample4,Paddy rice
263,9,1,Rice bran::RealV6_米糠_sample5,Rice bran
263,9,2,Wheat bran::RealV6_小麦麸_sample1,Wheat bran
263,9,3,Cassava::RealV6_木薯_sample8,Cassava
263,9,4,Barley::RealV6_大麦_sample5,Barley
263,9,5,Wheat::RealV6_小麦_sample6,Wheat
263,9,6,Paddy rice::RealV6_稻谷_sample4,Paddy rice
263,9,7,Barley::RealV6_大麦_sample4,Barley
263,9,8,Paddy rice::RealV6_稻谷_sample6,Paddy rice
263,9,9,Rice bran::RealV6_米糠_sample1,Rice bran
263,12,1,Rice bran::RealV6_米糠_sample5,Rice bran
263,12,2,Wheat bran::RealV6_小麦麸_sample1,Wheat bran
263,12,3,Cassava::RealV6_木薯_sample8,Cassava
263,12,4,Barley::RealV6_大麦_sample5,Barley
263,12,5,Wheat::RealV6_小麦_sample6,Wheat
263,12,6,Paddy rice::RealV6_稻谷_sample4,Paddy rice
263,12,7,Barley::RealV6_大麦_sample4,Barley
263,12,8,Paddy rice::RealV6_稻谷_sample6,Paddy rice
263,12,9,Rice bran::RealV6_米糠_sample1,Rice bran
263,12,10,Wheat bran::RealV6_小麦麸_sample10,Wheat bran
263,12,11,Paddy rice::RealV6_稻谷_sample5,Paddy rice
263,12,12,Cassava::RealV6_木薯_sample2,Cassava
264,3,1,Sorghum::RealV6_高粱_sample5,Sorghum
264,3,2,Rice bran::RealV6_米糠_sample1,Rice bran
264,3,3,Rice bran::RealV6_米糠_sample4,Rice bran
264,6,1,Sorghum::RealV6_高粱_sample5,Sorghum
264,6,2,Rice bran::RealV6_米糠_sample1,Rice bran
264,6,3,Rice bran::RealV6_米糠_sample4,Rice bran
264,6,4,Wheat bran::RealV6_小麦麸_sample10,Wheat bran
264,6,5,Wheat::RealV6_小麦_sample8,Wheat
264,6,6,Barley::RealV6_大麦_sample8,Barley
264,9,1,Sorghum::RealV6_高粱_sample5,Sorghum
264,9,2,Rice bran::RealV6_米糠_sample1,Rice bran
264,9,3,Rice bran::RealV6_米糠_sample4,Rice bran
264,9,4,Wheat bran::RealV6_小麦麸_sample10,Wheat bran
264,9,5,Wheat::RealV6_小麦_sample8,Wheat
264,9,6,Barley::RealV6_大麦_sample8,Barley
264,9,7,Barley::RealV6_大麦_sample10,Barley
264,9,8,Cassava::RealV6_木薯_sample5,Cassava
264,9,9,Wheat bran::RealV6_小麦麸_sample8,Wheat bran
264,12,1,Sorghum::RealV6_高粱_sample5,Sorghum
264,12,2,Rice bran::RealV6_米糠_sample1,Rice bran
264,12,3,Rice bran::RealV6_米糠_sample4,Rice bran
264,12,4,Wheat bran::RealV6_小麦麸_sample10,Wheat bran
264,12,5,Wheat::RealV6_小麦_sample8,Wheat
264,12,6,Barley::RealV6_大麦_sample8,Barley
264,12,7,Barley::RealV6_大麦_sample10,Barley
264,12,8,Cassava::RealV6_木薯_sample5,Cassava
264,12,9,Wheat bran::RealV6_小麦麸_sample8,Wheat bran
264,12,10,Brown rice::RealV6_糙米_sample5,Brown rice
264,12,11,Rice bran::RealV6_米糠_sample10,Rice bran
264,12,12,Paddy rice::RealV6_稻谷_sample11,Paddy rice
265,3,1,Wheat::RealV6_小麦_sample7,Wheat
265,3,2,Rapeseed cake::RealV6_菜籽饼_sample5,Rapeseed cake
265,3,3,Wheat bran::RealV6_小麦麸_sample9,Wheat bran
265,6,1,Wheat::RealV6_小麦_sample7,Wheat
265,6,2,Rapeseed cake::RealV6_菜籽饼_sample5,Rapeseed cake
265,6,3,Wheat bran::RealV6_小麦麸_sample9,Wheat bran
265,6,4,Brown rice::RealV6_糙米_sample5,Brown rice
265,6,5,Brown rice::RealV6_糙米_sample7,Brown rice
265,6,6,Brown rice::RealV6_糙米_sample8,Brown rice
265,9,1,Wheat::RealV6_小麦_sample7,Wheat
265,9,2,Rapeseed cake::RealV6_菜籽饼_sample5,Rapeseed cake
265,9,3,Wheat bran::RealV6_小麦麸_sample9,Wheat bran
265,9,4,Brown rice::RealV6_糙米_sample5,Brown rice
265,9,5,Brown rice::RealV6_糙米_sample7,Brown rice
265,9,6,Brown rice::RealV6_糙米_sample8,Brown rice
265,9,7,Brown rice::RealV6_糙米_sample9,Brown rice
265,9,8,Wheat bran::RealV6_小麦麸_sample5,Wheat bran
265,9,9,Paddy rice::RealV6_稻谷_sample2,Paddy rice
265,12,1,Wheat::RealV6_小麦_sample7,Wheat
265,12,2,Rapeseed cake::RealV6_菜籽饼_sample5,Rapeseed cake
265,12,3,Wheat bran::RealV6_小麦麸_sample9,Wheat bran
265,12,4,Brown rice::RealV6_糙米_sample5,Brown rice
265,12,5,Brown rice::RealV6_糙米_sample7,Brown rice
265,12,6,Brown rice::RealV6_糙米_sample8,Brown rice
265,12,7,Brown rice::RealV6_糙米_sample9,Brown rice
265,12,8,Wheat bran::RealV6_小麦麸_sample5,Wheat bran
265,12,9,Paddy rice::RealV6_稻谷_sample2,Paddy rice
265,12,10,Wheat::RealV6_小麦_sample2,Wheat
265,12,11,Cassava::RealV6_木薯_sample2,Cassava
265,12,12,Sorghum::RealV6_高粱_sample1,Sorghum
266,3,1,Sorghum::RealV6_高粱_sample2,Sorghum
266,3,2,Wheat bran::RealV6_小麦麸_sample4,Wheat bran
266,3,3,Rapeseed cake::RealV6_菜籽饼_sample2,Rapeseed cake
266,6,1,Sorghum::RealV6_高粱_sample2,Sorghum
266,6,2,Wheat bran::RealV6_小麦麸_sample4,Wheat bran
266,6,3,Rapeseed cake::RealV6_菜籽饼_sample2,Rapeseed cake
266,6,4,Barley::RealV6_大麦_sample10,Barley
266,6,5,Rapeseed cake::RealV6_菜籽饼_sample9,Rapeseed cake
266,6,6,Paddy rice::RealV6_稻谷_sample2,Paddy rice
266,9,1,Sorghum::RealV6_高粱_sample2,Sorghum
266,9,2,Wheat bran::RealV6_小麦麸_sample4,Wheat bran
266,9,3,Rapeseed cake::RealV6_菜籽饼_sample2,Rapeseed cake
266,9,4,Barley::RealV6_大麦_sample10,Barley
266,9,5,Rapeseed cake::RealV6_菜籽饼_sample9,Rapeseed cake
266,9,6,Paddy rice::RealV6_稻谷_sample2,Paddy rice
266,9,7,Wheat::RealV6_小麦_sample1,Wheat
266,9,8,Wheat::RealV6_小麦_sample2,Wheat
266,9,9,Rice bran::RealV6_米糠_sample10,Rice bran
266,12,1,Sorghum::RealV6_高粱_sample2,Sorghum
266,12,2,Wheat bran::RealV6_小麦麸_sample4,Wheat bran
266,12,3,Rapeseed cake::RealV6_菜籽饼_sample2,Rapeseed cake
266,12,4,Barley::RealV6_大麦_sample10,Barley
266,12,5,Rapeseed cake::RealV6_菜籽饼_sample9,Rapeseed cake
266,12,6,Paddy rice::RealV6_稻谷_sample2,Paddy rice
266,12,7,Wheat::RealV6_小麦_sample1,Wheat
266,12,8,Wheat::RealV6_小麦_sample2,Wheat
266,12,9,Rice bran::RealV6_米糠_sample10,Rice bran
266,12,10,Brown rice::RealV6_糙米_sample7,Brown rice
266,12,11,Sorghum::RealV6_高粱_sample6,Sorghum
266,12,12,Sorghum::RealV6_高粱_sample3,Sorghum
267,3,1,Rice bran::RealV6_米糠_sample6,Rice bran
267,3,2,Wheat::RealV6_小麦_sample2,Wheat
267,3,3,Cassava::RealV6_木薯_sample4,Cassava
267,6,1,Rice bran::RealV6_米糠_sample6,Rice bran
267,6,2,Wheat::RealV6_小麦_sample2,Wheat
267,6,3,Cassava::RealV6_木薯_sample4,Cassava
267,6,4,Rice bran::RealV6_米糠_sample7,Rice bran
267,6,5,Brown rice::RealV6_糙米_sample8,Brown rice
267,6,6,Barley::RealV6_大麦_sample7,Barley
267,9,1,Rice bran::RealV6_米糠_sample6,Rice bran
267,9,2,Wheat::RealV6_小麦_sample2,Wheat
267,9,3,Cassava::RealV6_木薯_sample4,Cassava
267,9,4,Rice bran::RealV6_米糠_sample7,Rice bran
267,9,5,Brown rice::RealV6_糙米_sample8,Brown rice
267,9,6,Barley::RealV6_大麦_sample7,Barley
267,9,7,Wheat bran::RealV6_小麦麸_sample8,Wheat bran
267,9,8,Cassava::RealV6_木薯_sample10,Cassava
267,9,9,Sorghum::RealV6_高粱_sample1,Sorghum
267,12,1,Rice bran::RealV6_米糠_sample6,Rice bran
267,12,2,Wheat::RealV6_小麦_sample2,Wheat
267,12,3,Cassava::RealV6_木薯_sample4,Cassava
267,12,4,Rice bran::RealV6_米糠_sample7,Rice bran
267,12,5,Brown rice::RealV6_糙米_sample8,Brown rice
267,12,6,Barley::RealV6_大麦_sample7,Barley
267,12,7,Wheat bran::RealV6_小麦麸_sample8,Wheat bran
267,12,8,Cassava::RealV6_木薯_sample10,Cassava
267,12,9,Sorghum::RealV6_高粱_sample1,Sorghum
267,12,10,Wheat::RealV6_小麦_sample6,Wheat
267,12,11,Rapeseed cake::RealV6_菜籽饼_sample3,Rapeseed cake
267,12,12,Rapeseed cake::RealV6_菜籽饼_sample9,Rapeseed cake
268,3,1,Wheat bran::RealV6_小麦麸_sample9,Wheat bran
268,3,2,Wheat::RealV6_小麦_sample7,Wheat
268,3,3,Cassava::RealV6_木薯_sample8,Cassava
268,6,1,Wheat bran::RealV6_小麦麸_sample9,Wheat bran
268,6,2,Wheat::RealV6_小麦_sample7,Wheat
268,6,3,Cassava::RealV6_木薯_sample8,Cassava
268,6,4,Rapeseed cake::RealV6_菜籽饼_sample3,Rapeseed cake
268,6,5,Wheat bran::RealV6_小麦麸_sample4,Wheat bran
268,6,6,Brown rice::RealV6_糙米_sample9,Brown rice
268,9,1,Wheat bran::RealV6_小麦麸_sample9,Wheat bran
268,9,2,Wheat::RealV6_小麦_sample7,Wheat
268,9,3,Cassava::RealV6_木薯_sample8,Cassava
268,9,4,Rapeseed cake::RealV6_菜籽饼_sample3,Rapeseed cake
268,9,5,Wheat bran::RealV6_小麦麸_sample4,Wheat bran
268,9,6,Brown rice::RealV6_糙米_sample9,Brown rice
268,9,7,Rice bran::RealV6_米糠_sample10,Rice bran
268,9,8,Barley::RealV6_大麦_sample6,Barley
268,9,9,Cassava::RealV6_木薯_sample7,Cassava
268,12,1,Wheat bran::RealV6_小麦麸_sample9,Wheat bran
268,12,2,Wheat::RealV6_小麦_sample7,Wheat
268,12,3,Cassava::RealV6_木薯_sample8,Cassava
268,12,4,Rapeseed cake::RealV6_菜籽饼_sample3,Rapeseed cake
268,12,5,Wheat bran::RealV6_小麦麸_sample4,Wheat bran
268,12,6,Brown rice::RealV6_糙米_sample9,Brown rice
268,12,7,Rice bran::RealV6_米糠_sample10,Rice bran
268,12,8,Barley::RealV6_大麦_sample6,Barley
268,12,9,Cassava::RealV6_木薯_sample7,Cassava
268,12,10,Paddy rice::RealV6_稻谷_sample9,Paddy rice
268,12,11,Paddy rice::RealV6_稻谷_sample1,Paddy rice
268,12,12,Rapeseed cake::RealV6_菜籽饼_sample4,Rapeseed cake
269,3,1,Rice bran::RealV6_米糠_sample10,Rice bran
269,3,2,Rice bran::RealV6_米糠_sample6,Rice bran
269,3,3,Brown rice::RealV6_糙米_sample9,Brown rice
269,6,1,Rice bran::RealV6_米糠_sample10,Rice bran
269,6,2,Rice bran::RealV6_米糠_sample6,Rice bran
269,6,3,Brown rice::RealV6_糙米_sample9,Brown rice
269,6,4,Paddy rice::RealV6_稻谷_sample2,Paddy rice
269,6,5,Cassava::RealV6_木薯_sample1,Cassava
269,6,6,Barley::RealV6_大麦_sample1,Barley
269,9,1,Rice bran::RealV6_米糠_sample10,Rice bran
269,9,2,Rice bran::RealV6_米糠_sample6,Rice bran
269,9,3,Brown rice::RealV6_糙米_sample9,Brown rice
269,9,4,Paddy rice::RealV6_稻谷_sample2,Paddy rice
269,9,5,Cassava::RealV6_木薯_sample1,Cassava
269,9,6,Barley::RealV6_大麦_sample1,Barley
269,9,7,Wheat::RealV6_小麦_sample3,Wheat
269,9,8,Rice bran::RealV6_米糠_sample4,Rice bran
269,9,9,Sorghum::RealV6_高粱_sample9,Sorghum
269,12,1,Rice bran::RealV6_米糠_sample10,Rice bran
269,12,2,Rice bran::RealV6_米糠_sample6,Rice bran
269,12,3,Brown rice::RealV6_糙米_sample9,Brown rice
269,12,4,Paddy rice::RealV6_稻谷_sample2,Paddy rice
269,12,5,Cassava::RealV6_木薯_sample1,Cassava
269,12,6,Barley::RealV6_大麦_sample1,Barley
269,12,7,Wheat::RealV6_小麦_sample3,Wheat
269,12,8,Rice bran::RealV6_米糠_sample4,Rice bran
269,12,9,Sorghum::RealV6_高粱_sample9,Sorghum
269,12,10,Brown rice::RealV6_糙米_sample3,Brown rice
269,12,11,Barley::RealV6_大麦_sample2,Barley
269,12,12,Barley::RealV6_大麦_sample4,Barley
270,3,1,Cassava::RealV6_木薯_sample8,Cassava
270,3,2,Barley::RealV6_大麦_sample10,Barley
270,3,3,Wheat bran::RealV6_小麦麸_sample1,Wheat bran
270,6,1,Cassava::RealV6_木薯_sample8,Cassava
270,6,2,Barley::RealV6_大麦_sample10,Barley
270,6,3,Wheat bran::RealV6_小麦麸_sample1,Wheat bran
270,6,4,Wheat::RealV6_小麦_sample10,Wheat
270,6,5,Paddy rice::RealV6_稻谷_sample6,Paddy rice
270,6,6,Rice bran::RealV6_米糠_sample1,Rice bran
270,9,1,Cassava::RealV6_木薯_sample8,Cassava
270,9,2,Barley::RealV6_大麦_sample10,Barley
270,9,3,Wheat bran::RealV6_小麦麸_sample1,Wheat bran
270,9,4,Wheat::RealV6_小麦_sample10,Wheat
270,9,5,Paddy rice::RealV6_稻谷_sample6,Paddy rice
270,9,6,Rice bran::RealV6_米糠_sample1,Rice bran
270,9,7,Wheat bran::RealV6_小麦麸_sample4,Wheat bran
270,9,8,Brown rice::RealV6_糙米_sample10,Brown rice
270,9,9,Paddy rice::RealV6_稻谷_sample4,Paddy rice
270,12,1,Cassava::RealV6_木薯_sample8,Cassava
270,12,2,Barley::RealV6_大麦_sample10,Barley
270,12,3,Wheat bran::RealV6_小麦麸_sample1,Wheat bran
270,12,4,Wheat::RealV6_小麦_sample10,Wheat
270,12,5,Paddy rice::RealV6_稻谷_sample6,Paddy rice
270,12,6,Rice bran::RealV6_米糠_sample1,Rice bran
270,12,7,Wheat bran::RealV6_小麦麸_sample4,Wheat bran
270,12,8,Brown rice::RealV6_糙米_sample10,Brown rice
270,12,9,Paddy rice::RealV6_稻谷_sample4,Paddy rice
270,12,10,Cassava::RealV6_木薯_sample4,Cassava
270,12,11,Cassava::RealV6_木薯_sample9,Cassava
270,12,12,Paddy rice::RealV6_稻谷_sample10,Paddy rice
271,3,1,Wheat::RealV6_小麦_sample7,Wheat
271,3,2,Paddy rice::RealV6_稻谷_sample11,Paddy rice
271,3,3,Wheat bran::RealV6_小麦麸_sample10,Wheat bran
271,6,1,Wheat::RealV6_小麦_sample7,Wheat
271,6,2,Paddy rice::RealV6_稻谷_sample11,Paddy rice
271,6,3,Wheat bran::RealV6_小麦麸_sample10,Wheat bran
271,6,4,Sorghum::RealV6_高粱_sample5,Sorghum
271,6,5,Barley::RealV6_大麦_sample3,Barley
271,6,6,Wheat bran::RealV6_小麦麸_sample7,Wheat bran
271,9,1,Wheat::RealV6_小麦_sample7,Wheat
271,9,2,Paddy rice::RealV6_稻谷_sample11,Paddy rice
271,9,3,Wheat bran::RealV6_小麦麸_sample10,Wheat bran
271,9,4,Sorghum::RealV6_高粱_sample5,Sorghum
271,9,5,Barley::RealV6_大麦_sample3,Barley
271,9,6,Wheat bran::RealV6_小麦麸_sample7,Wheat bran
271,9,7,Brown rice::RealV6_糙米_sample5,Brown rice
271,9,8,Paddy rice::RealV6_稻谷_sample2,Paddy rice
271,9,9,Rapeseed cake::RealV6_菜籽饼_sample9,Rapeseed cake
271,12,1,Wheat::RealV6_小麦_sample7,Wheat
271,12,2,Paddy rice::RealV6_稻谷_sample11,Paddy rice
271,12,3,Wheat bran::RealV6_小麦麸_sample10,Wheat bran
271,12,4,Sorghum::RealV6_高粱_sample5,Sorghum
271,12,5,Barley::RealV6_大麦_sample3,Barley
271,12,6,Wheat bran::RealV6_小麦麸_sample7,Wheat bran
271,12,7,Brown rice::RealV6_糙米_sample5,Brown rice
271,12,8,Paddy rice::RealV6_稻谷_sample2,Paddy rice
271,12,9,Rapeseed cake::RealV6_菜籽饼_sample9,Rapeseed cake
271,12,10,Rapeseed cake::RealV6_菜籽饼_sample5,Rapeseed cake
271,12,11,Rapeseed cake::RealV6_菜籽饼_sample2,Rapeseed cake
271,12,12,Brown rice::RealV6_糙米_sample6,Brown rice
272,3,1,Brown rice::RealV6_糙米_sample10,Brown rice
272,3,2,Barley::RealV6_大麦_sample9,Barley
272,3,3,Paddy rice::RealV6_稻谷_sample5,Paddy rice
272,6,1,Brown rice::RealV6_糙米_sample10,Brown rice
272,6,2,Barley::RealV6_大麦_sample9,Barley
272,6,3,Paddy rice::RealV6_稻谷_sample5,Paddy rice
272,6,4,Wheat bran::RealV6_小麦麸_sample7,Wheat bran
272,6,5,Cassava::RealV6_木薯_sample3,Cassava
272,6,6,Brown rice::RealV6_糙米_sample7,Brown rice
272,9,1,Brown rice::RealV6_糙米_sample10,Brown rice
272,9,2,Barley::RealV6_大麦_sample9,Barley
272,9,3,Paddy rice::RealV6_稻谷_sample5,Paddy rice
272,9,4,Wheat bran::RealV6_小麦麸_sample7,Wheat bran
272,9,5,Cassava::RealV6_木薯_sample3,Cassava
272,9,6,Brown rice::RealV6_糙米_sample7,Brown rice
272,9,7,Wheat bran::RealV6_小麦麸_sample10,Wheat bran
272,9,8,Sorghum::RealV6_高粱_sample10,Sorghum
272,9,9,Rice bran::RealV6_米糠_sample4,Rice bran
272,12,1,Brown rice::RealV6_糙米_sample10,Brown rice
272,12,2,Barley::RealV6_大麦_sample9,Barley
272,12,3,Paddy rice::RealV6_稻谷_sample5,Paddy rice
272,12,4,Wheat bran::RealV6_小麦麸_sample7,Wheat bran
272,12,5,Cassava::RealV6_木薯_sample3,Cassava
272,12,6,Brown rice::RealV6_糙米_sample7,Brown rice
272,12,7,Wheat bran::RealV6_小麦麸_sample10,Wheat bran
272,12,8,Sorghum::RealV6_高粱_sample10,Sorghum
272,12,9,Rice bran::RealV6_米糠_sample4,Rice bran
272,12,10,Rice bran::RealV6_米糠_sample10,Rice bran
272,12,11,Barley::RealV6_大麦_sample7,Barley
272,12,12,Wheat::RealV6_小麦_sample6,Wheat
273,3,1,Paddy rice::RealV6_稻谷_sample10,Paddy rice
273,3,2,Wheat bran::RealV6_小麦麸_sample5,Wheat bran
273,3,3,Sorghum::RealV6_高粱_sample3,Sorghum
273,6,1,Paddy rice::RealV6_稻谷_sample10,Paddy rice
273,6,2,Wheat bran::RealV6_小麦麸_sample5,Wheat bran
273,6,3,Sorghum::RealV6_高粱_sample3,Sorghum
273,6,4,Wheat bran::RealV6_小麦麸_sample8,Wheat bran
273,6,5,Paddy rice::RealV6_稻谷_sample1,Paddy rice
273,6,6,Sorghum::RealV6_高粱_sample6,Sorghum
273,9,1,Paddy rice::RealV6_稻谷_sample10,Paddy rice
273,9,2,Wheat bran::RealV6_小麦麸_sample5,Wheat bran
273,9,3,Sorghum::RealV6_高粱_sample3,Sorghum
273,9,4,Wheat bran::RealV6_小麦麸_sample8,Wheat bran
273,9,5,Paddy rice::RealV6_稻谷_sample1,Paddy rice
273,9,6,Sorghum::RealV6_高粱_sample6,Sorghum
273,9,7,Wheat::RealV6_小麦_sample1,Wheat
273,9,8,Rapeseed cake::RealV6_菜籽饼_sample4,Rapeseed cake
273,9,9,Rapeseed cake::RealV6_菜籽饼_sample3,Rapeseed cake
273,12,1,Paddy rice::RealV6_稻谷_sample10,Paddy rice
273,12,2,Wheat bran::RealV6_小麦麸_sample5,Wheat bran
273,12,3,Sorghum::RealV6_高粱_sample3,Sorghum
273,12,4,Wheat bran::RealV6_小麦麸_sample8,Wheat bran
273,12,5,Paddy rice::RealV6_稻谷_sample1,Paddy rice
273,12,6,Sorghum::RealV6_高粱_sample6,Sorghum
273,12,7,Wheat::RealV6_小麦_sample1,Wheat
273,12,8,Rapeseed cake::RealV6_菜籽饼_sample4,Rapeseed cake
273,12,9,Rapeseed cake::RealV6_菜籽饼_sample3,Rapeseed cake
273,12,10,Wheat::RealV6_小麦_sample8,Wheat
273,12,11,Barley::RealV6_大麦_sample1,Barley
273,12,12,Wheat::RealV6_小麦_sample9,Wheat
274,3,1,Rice bran::RealV6_米糠_sample4,Rice bran
274,3,2,Rapeseed cake::RealV6_菜籽饼_sample2,Rapeseed cake
274,3,3,Wheat bran::RealV6_小麦麸_sample8,Wheat bran
274,6,1,Rice bran::RealV6_米糠_sample4,Rice bran
274,6,2,Rapeseed cake::RealV6_菜籽饼_sample2,Rapeseed cake
274,6,3,Wheat bran::RealV6_小麦麸_sample8,Wheat bran
274,6,4,Paddy rice::RealV6_稻谷_sample11,Paddy rice
274,6,5,Wheat::RealV6_小麦_sample8,Wheat
274,6,6,Rice bran::RealV6_米糠_sample6,Rice bran
274,9,1,Rice bran::RealV6_米糠_sample4,Rice bran
274,9,2,Rapeseed cake::RealV6_菜籽饼_sample2,Rapeseed cake
274,9,3,Wheat bran::RealV6_小麦麸_sample8,Wheat bran
274,9,4,Paddy rice::RealV6_稻谷_sample11,Paddy rice
274,9,5,Wheat::RealV6_小麦_sample8,Wheat
274,9,6,Rice bran::RealV6_米糠_sample6,Rice bran
274,9,7,Wheat bran::RealV6_小麦麸_sample2,Wheat bran
274,9,8,Wheat bran::RealV6_小麦麸_sample3,Wheat bran
274,9,9,Paddy rice::RealV6_稻谷_sample1,Paddy rice
274,12,1,Rice bran::RealV6_米糠_sample4,Rice bran
274,12,2,Rapeseed cake::RealV6_菜籽饼_sample2,Rapeseed cake
274,12,3,Wheat bran::RealV6_小麦麸_sample8,Wheat bran
274,12,4,Paddy rice::RealV6_稻谷_sample11,Paddy rice
274,12,5,Wheat::RealV6_小麦_sample8,Wheat
274,12,6,Rice bran::RealV6_米糠_sample6,Rice bran
274,12,7,Wheat bran::RealV6_小麦麸_sample2,Wheat bran
274,12,8,Wheat bran::RealV6_小麦麸_sample3,Wheat bran
274,12,9,Paddy rice::RealV6_稻谷_sample1,Paddy rice
274,12,10,Rice bran::RealV6_米糠_sample7,Rice bran
274,12,11,Paddy rice::RealV6_稻谷_sample8,Paddy rice
274,12,12,Barley::RealV6_大麦_sample9,Barley
275,3,1,Rice bran::RealV6_米糠_sample1,Rice bran
275,3,2,Brown rice::RealV6_糙米_sample10,Brown rice
275,3,3,Cassava::RealV6_木薯_sample9,Cassava
275,6,1,Rice bran::RealV6_米糠_sample1,Rice bran
275,6,2,Brown rice::RealV6_糙米_sample10,Brown rice
275,6,3,Cassava::RealV6_木薯_sample9,Cassava
275,6,4,Paddy rice::RealV6_稻谷_sample8,Paddy rice
275,6,5,Paddy rice::RealV6_稻谷_sample11,Paddy rice
275,6,6,Brown rice::RealV6_糙米_sample9,Brown rice
275,9,1,Rice bran::RealV6_米糠_sample1,Rice bran
275,9,2,Brown rice::RealV6_糙米_sample10,Brown rice
275,9,3,Cassava::RealV6_木薯_sample9,Cassava
275,9,4,Paddy rice::RealV6_稻谷_sample8,Paddy rice
275,9,5,Paddy rice::RealV6_稻谷_sample11,Paddy rice
275,9,6,Brown rice::RealV6_糙米_sample9,Brown rice
275,9,7,Rice bran::RealV6_米糠_sample7,Rice bran
275,9,8,Wheat::RealV6_小麦_sample8,Wheat
275,9,9,Barley::RealV6_大麦_sample4,Barley
275,12,1,Rice bran::RealV6_米糠_sample1,Rice bran
275,12,2,Brown rice::RealV6_糙米_sample10,Brown rice
275,12,3,Cassava::RealV6_木薯_sample9,Cassava
275,12,4,Paddy rice::RealV6_稻谷_sample8,Paddy rice
275,12,5,Paddy rice::RealV6_稻谷_sample11,Paddy rice
275,12,6,Brown rice::RealV6_糙米_sample9,Brown rice
275,12,7,Rice bran::RealV6_米糠_sample7,Rice bran
275,12,8,Wheat::RealV6_小麦_sample8,Wheat
275,12,9,Barley::RealV6_大麦_sample4,Barley
275,12,10,Cassava::RealV6_木薯_sample2,Cassava
275,12,11,Brown rice::RealV6_糙米_sample5,Brown rice
275,12,12,Wheat bran::RealV6_小麦麸_sample1,Wheat bran
276,3,1,Wheat bran::RealV6_小麦麸_sample9,Wheat bran
276,3,2,Wheat bran::RealV6_小麦麸_sample5,Wheat bran
276,3,3,Rapeseed cake::RealV6_菜籽饼_sample7,Rapeseed cake
276,6,1,Wheat bran::RealV6_小麦麸_sample9,Wheat bran
276,6,2,Wheat bran::RealV6_小麦麸_sample5,Wheat bran
276,6,3,Rapeseed cake::RealV6_菜籽饼_sample7,Rapeseed cake
276,6,4,Brown rice::RealV6_糙米_sample8,Brown rice
276,6,5,Sorghum::RealV6_高粱_sample1,Sorghum
276,6,6,Rice bran::RealV6_米糠_sample4,Rice bran
276,9,1,Wheat bran::RealV6_小麦麸_sample9,Wheat bran
276,9,2,Wheat bran::RealV6_小麦麸_sample5,Wheat bran
276,9,3,Rapeseed cake::RealV6_菜籽饼_sample7,Rapeseed cake
276,9,4,Brown rice::RealV6_糙米_sample8,Brown rice
276,9,5,Sorghum::RealV6_高粱_sample1,Sorghum
276,9,6,Rice bran::RealV6_米糠_sample4,Rice bran
276,9,7,Barley::RealV6_大麦_sample2,Barley
276,9,8,Cassava::RealV6_木薯_sample9,Cassava
276,9,9,Cassava::RealV6_木薯_sample4,Cassava
276,12,1,Wheat bran::RealV6_小麦麸_sample9,Wheat bran
276,12,2,Wheat bran::RealV6_小麦麸_sample5,Wheat bran
276,12,3,Rapeseed cake::RealV6_菜籽饼_sample7,Rapeseed cake
276,12,4,Brown rice::RealV6_糙米_sample8,Brown rice
276,12,5,Sorghum::RealV6_高粱_sample1,Sorghum
276,12,6,Rice bran::RealV6_米糠_sample4,Rice bran
276,12,7,Barley::RealV6_大麦_sample2,Barley
276,12,8,Cassava::RealV6_木薯_sample9,Cassava
276,12,9,Cassava::RealV6_木薯_sample4,Cassava
276,12,10,Cassava::RealV6_木薯_sample1,Cassava
276,12,11,Brown rice::RealV6_糙米_sample1,Brown rice
276,12,12,Barley::RealV6_大麦_sample4,Barley
277,3,1,Rice bran::RealV6_米糠_sample10,Rice bran
277,3,2,Brown rice::RealV6_糙米_sample1,Brown rice
277,3,3,Rapeseed cake::RealV6_菜籽饼_sample9,Rapeseed cake
277,6,1,Rice bran::RealV6_米糠_sample10,Rice bran
277,6,2,Brown rice::RealV6_糙米_sample1,Brown rice
277,6,3,Rapeseed cake::RealV6_菜籽饼_sample9,Rapeseed cake
277,6,4,Wheat::RealV6_小麦_sample9,Wheat
277,6,5,Brown rice::RealV6_糙米_sample5,Brown rice
277,6,6,Cassava::RealV6_木薯_sample7,Cassava
277,9,1,Rice bran::RealV6_米糠_sample10,Rice bran
277,9,2,Brown rice::RealV6_糙米_sample1,Brown rice
277,9,3,Rapeseed cake::RealV6_菜籽饼_sample9,Rapeseed cake
277,9,4,Wheat::RealV6_小麦_sample9,Wheat
277,9,5,Brown rice::RealV6_糙米_sample5,Brown rice
277,9,6,Cassava::RealV6_木薯_sample7,Cassava
277,9,7,Sorghum::RealV6_高粱_sample6,Sorghum
277,9,8,Paddy rice::RealV6_稻谷_sample5,Paddy rice
277,9,9,Cassava::RealV6_木薯_sample1,Cassava
277,12,1,Rice bran::RealV6_米糠_sample10,Rice bran
277,12,2,Brown rice::RealV6_糙米_sample1,Brown rice
277,12,3,Rapeseed cake::RealV6_菜籽饼_sample9,Rapeseed cake
277,12,4,Wheat::RealV6_小麦_sample9,Wheat
277,12,5,Brown rice::RealV6_糙米_sample5,Brown rice
277,12,6,Cassava::RealV6_木薯_sample7,Cassava
277,12,7,Sorghum::RealV6_高粱_sample6,Sorghum
277,12,8,Paddy rice::RealV6_稻谷_sample5,Paddy rice
277,12,9,Cassava::RealV6_木薯_sample1,Cassava
277,12,10,Sorghum::RealV6_高粱_sample7,Sorghum
277,12,11,Wheat::RealV6_小麦_sample7,Wheat
277,12,12,Brown rice::RealV6_糙米_sample6,Brown rice
278,3,1,Barley::RealV6_大麦_sample8,Barley
278,3,2,Barley::RealV6_大麦_sample5,Barley
278,3,3,Rapeseed cake::RealV6_菜籽饼_sample7,Rapeseed cake
278,6,1,Barley::RealV6_大麦_sample8,Barley
278,6,2,Barley::RealV6_大麦_sample5,Barley
278,6,3,Rapeseed cake::RealV6_菜籽饼_sample7,Rapeseed cake
278,6,4,Wheat bran::RealV6_小麦麸_sample6,Wheat bran
278,6,5,Rice bran::RealV6_米糠_sample9,Rice bran
278,6,6,Wheat bran::RealV6_小麦麸_sample9,Wheat bran
278,9,1,Barley::RealV6_大麦_sample8,Barley
278,9,2,Barley::RealV6_大麦_sample5,Barley
278,9,3,Rapeseed cake::RealV6_菜籽饼_sample7,Rapeseed cake
278,9,4,Wheat bran::RealV6_小麦麸_sample6,Wheat bran
278,9,5,Rice bran::RealV6_米糠_sample9,Rice bran
278,9,6,Wheat bran::RealV6_小麦麸_sample9,Wheat bran
278,9,7,Brown rice::RealV6_糙米_sample4,Brown rice
278,9,8,Barley::RealV6_大麦_sample7,Barley
278,9,9,Brown rice::RealV6_糙米_sample10,Brown rice
278,12,1,Barley::RealV6_大麦_sample8,Barley
278,12,2,Barley::RealV6_大麦_sample5,Barley
278,12,3,Rapeseed cake::RealV6_菜籽饼_sample7,Rapeseed cake
278,12,4,Wheat bran::RealV6_小麦麸_sample6,Wheat bran
278,12,5,Rice bran::RealV6_米糠_sample9,Rice bran
278,12,6,Wheat bran::RealV6_小麦麸_sample9,Wheat bran
278,12,7,Brown rice::RealV6_糙米_sample4,Brown rice
278,12,8,Barley::RealV6_大麦_sample7,Barley
278,12,9,Brown rice::RealV6_糙米_sample10,Brown rice
278,12,10,Wheat bran::RealV6_小麦麸_sample4,Wheat bran
278,12,11,Rapeseed cake::RealV6_菜籽饼_sample5,Rapeseed cake
278,12,12,Paddy rice::RealV6_稻谷_sample7,Paddy rice
279,3,1,Brown rice::RealV6_糙米_sample5,Brown rice
279,3,2,Brown rice::RealV6_糙米_sample3,Brown rice
279,3,3,Sorghum::RealV6_高粱_sample8,Sorghum
279,6,1,Brown rice::RealV6_糙米_sample5,Brown rice
279,6,2,Brown rice::RealV6_糙米_sample3,Brown rice
279,6,3,Sorghum::RealV6_高粱_sample8,Sorghum
279,6,4,Cassava::RealV6_木薯_sample7,Cassava
279,6,5,Barley::RealV6_大麦_sample3,Barley
279,6,6,Wheat bran::RealV6_小麦麸_sample3,Wheat bran
279,9,1,Brown rice::RealV6_糙米_sample5,Brown rice
279,9,2,Brown rice::RealV6_糙米_sample3,Brown rice
279,9,3,Sorghum::RealV6_高粱_sample8,Sorghum
279,9,4,Cassava::RealV6_木薯_sample7,Cassava
279,9,5,Barley::RealV6_大麦_sample3,Barley
279,9,6,Wheat bran::RealV6_小麦麸_sample3,Wheat bran
279,9,7,Wheat bran::RealV6_小麦麸_sample1,Wheat bran
279,9,8,Barley::RealV6_大麦_sample7,Barley
279,9,9,Sorghum::RealV6_高粱_sample10,Sorghum
279,12,1,Brown rice::RealV6_糙米_sample5,Brown rice
279,12,2,Brown rice::RealV6_糙米_sample3,Brown rice
279,12,3,Sorghum::RealV6_高粱_sample8,Sorghum
279,12,4,Cassava::RealV6_木薯_sample7,Cassava
279,12,5,Barley::RealV6_大麦_sample3,Barley
279,12,6,Wheat bran::RealV6_小麦麸_sample3,Wheat bran
279,12,7,Wheat bran::RealV6_小麦麸_sample1,Wheat bran
279,12,8,Barley::RealV6_大麦_sample7,Barley
279,12,9,Sorghum::RealV6_高粱_sample10,Sorghum
279,12,10,Paddy rice::RealV6_稻谷_sample11,Paddy rice
279,12,11,Rapeseed cake::RealV6_菜籽饼_sample5,Rapeseed cake
279,12,12,Brown rice::RealV6_糙米_sample6,Brown rice
280,3,1,Brown rice::RealV6_糙米_sample6,Brown rice
280,3,2,Rapeseed cake::RealV6_菜籽饼_sample5,Rapeseed cake
280,3,3,Brown rice::RealV6_糙米_sample3,Brown rice
280,6,1,Brown rice::RealV6_糙米_sample6,Brown rice
280,6,2,Rapeseed cake::RealV6_菜籽饼_sample5,Rapeseed cake
280,6,3,Brown rice::RealV6_糙米_sample3,Brown rice
280,6,4,Paddy rice::RealV6_稻谷_sample1,Paddy rice
280,6,5,Cassava::RealV6_木薯_sample6,Cassava
280,6,6,Rice bran::RealV6_米糠_sample1,Rice bran
280,9,1,Brown rice::RealV6_糙米_sample6,Brown rice
280,9,2,Rapeseed cake::RealV6_菜籽饼_sample5,Rapeseed cake
280,9,3,Brown rice::RealV6_糙米_sample3,Brown rice
280,9,4,Paddy rice::RealV6_稻谷_sample1,Paddy rice
280,9,5,Cassava::RealV6_木薯_sample6,Cassava
280,9,6,Rice bran::RealV6_米糠_sample1,Rice bran
280,9,7,Wheat::RealV6_小麦_sample7,Wheat
280,9,8,Paddy rice::RealV6_稻谷_sample6,Paddy rice
280,9,9,Rapeseed cake::RealV6_菜籽饼_sample3,Rapeseed cake
280,12,1,Brown rice::RealV6_糙米_sample6,Brown rice
280,12,2,Rapeseed cake::RealV6_菜籽饼_sample5,Rapeseed cake
280,12,3,Brown rice::RealV6_糙米_sample3,Brown rice
280,12,4,Paddy rice::RealV6_稻谷_sample1,Paddy rice
280,12,5,Cassava::RealV6_木薯_sample6,Cassava
280,12,6,Rice bran::RealV6_米糠_sample1,Rice bran
280,12,7,Wheat::RealV6_小麦_sample7,Wheat
280,12,8,Paddy rice::RealV6_稻谷_sample6,Paddy rice
280,12,9,Rapeseed cake::RealV6_菜籽饼_sample3,Rapeseed cake
280,12,10,Wheat::RealV6_小麦_sample5,Wheat
280,12,11,Rice bran::RealV6_米糠_sample8,Rice bran
280,12,12,Cassava::RealV6_木薯_sample8,Cassava
281,3,1,Paddy rice::RealV6_稻谷_sample9,Paddy rice
281,3,2,Paddy rice::RealV6_稻谷_sample10,Paddy rice
281,3,3,Wheat::RealV6_小麦_sample6,Wheat
281,6,1,Paddy rice::RealV6_稻谷_sample9,Paddy rice
281,6,2,Paddy rice::RealV6_稻谷_sample10,Paddy rice
281,6,3,Wheat::RealV6_小麦_sample6,Wheat
281,6,4,Wheat bran::RealV6_小麦麸_sample5,Wheat bran
281,6,5,Rapeseed cake::RealV6_菜籽饼_sample2,Rapeseed cake
281,6,6,Paddy rice::RealV6_稻谷_sample5,Paddy rice
281,9,1,Paddy rice::RealV6_稻谷_sample9,Paddy rice
281,9,2,Paddy rice::RealV6_稻谷_sample10,Paddy rice
281,9,3,Wheat::RealV6_小麦_sample6,Wheat
281,9,4,Wheat bran::RealV6_小麦麸_sample5,Wheat bran
281,9,5,Rapeseed cake::RealV6_菜籽饼_sample2,Rapeseed cake
281,9,6,Paddy rice::RealV6_稻谷_sample5,Paddy rice
281,9,7,Rice bran::RealV6_米糠_sample4,Rice bran
281,9,8,Sorghum::RealV6_高粱_sample1,Sorghum
281,9,9,Barley::RealV6_大麦_sample1,Barley
281,12,1,Paddy rice::RealV6_稻谷_sample9,Paddy rice
281,12,2,Paddy rice::RealV6_稻谷_sample10,Paddy rice
281,12,3,Wheat::RealV6_小麦_sample6,Wheat
281,12,4,Wheat bran::RealV6_小麦麸_sample5,Wheat bran
281,12,5,Rapeseed cake::RealV6_菜籽饼_sample2,Rapeseed cake
281,12,6,Paddy rice::RealV6_稻谷_sample5,Paddy rice
281,12,7,Rice bran::RealV6_米糠_sample4,Rice bran
281,12,8,Sorghum::RealV6_高粱_sample1,Sorghum
281,12,9,Barley::RealV6_大麦_sample1,Barley
281,12,10,Wheat bran::RealV6_小麦麸_sample7,Wheat bran
281,12,11,Wheat bran::RealV6_小麦麸_sample2,Wheat bran
281,12,12,Wheat bran::RealV6_小麦麸_sample10,Wheat bran
282,3,1,Sorghum::RealV6_高粱_sample8,Sorghum
282,3,2,Barley::RealV6_大麦_sample6,Barley
282,3,3,Rapeseed cake::RealV6_菜籽饼_sample2,Rapeseed cake
282,6,1,Sorghum::RealV6_高粱_sample8,Sorghum
282,6,2,Barley::RealV6_大麦_sample6,Barley
282,6,3,Rapeseed cake::RealV6_菜籽饼_sample2,Rapeseed cake
282,6,4,Barley::RealV6_大麦_sample8,Barley
282,6,5,Wheat bran::RealV6_小麦麸_sample10,Wheat bran
282,6,6,Rice bran::RealV6_米糠_sample4,Rice bran
282,9,1,Sorghum::RealV6_高粱_sample8,Sorghum
282,9,2,Barley::RealV6_大麦_sample6,Barley
282,9,3,Rapeseed cake::RealV6_菜籽饼_sample2,Rapeseed cake
282,9,4,Barley::RealV6_大麦_sample8,Barley
282,9,5,Wheat bran::RealV6_小麦麸_sample10,Wheat bran
282,9,6,Rice bran::RealV6_米糠_sample4,Rice bran
282,9,7,Wheat::RealV6_小麦_sample6,Wheat
282,9,8,Wheat::RealV6_小麦_sample1,Wheat
282,9,9,Rapeseed cake::RealV6_菜籽饼_sample10,Rapeseed cake
282,12,1,Sorghum::RealV6_高粱_sample8,Sorghum
282,12,2,Barley::RealV6_大麦_sample6,Barley
282,12,3,Rapeseed cake::RealV6_菜籽饼_sample2,Rapeseed cake
282,12,4,Barley::RealV6_大麦_sample8,Barley
282,12,5,Wheat bran::RealV6_小麦麸_sample10,Wheat bran
282,12,6,Rice bran::RealV6_米糠_sample4,Rice bran
282,12,7,Wheat::RealV6_小麦_sample6,Wheat
282,12,8,Wheat::RealV6_小麦_sample1,Wheat
282,12,9,Rapeseed cake::RealV6_菜籽饼_sample10,Rapeseed cake
282,12,10,Wheat::RealV6_小麦_sample9,Wheat
282,12,11,Sorghum::RealV6_高粱_sample3,Sorghum
282,12,12,Sorghum::RealV6_高粱_sample2,Sorghum
283,3,1,Sorghum::RealV6_高粱_sample1,Sorghum
283,3,2,Rapeseed cake::RealV6_菜籽饼_sample3,Rapeseed cake
283,3,3,Barley::RealV6_大麦_sample3,Barley
283,6,1,Sorghum::RealV6_高粱_sample1,Sorghum
283,6,2,Rapeseed cake::RealV6_菜籽饼_sample3,Rapeseed cake
283,6,3,Barley::RealV6_大麦_sample3,Barley
283,6,4,Barley::RealV6_大麦_sample5,Barley
283,6,5,Sorghum::RealV6_高粱_sample4,Sorghum
283,6,6,Paddy rice::RealV6_稻谷_sample4,Paddy rice
283,9,1,Sorghum::RealV6_高粱_sample1,Sorghum
283,9,2,Rapeseed cake::RealV6_菜籽饼_sample3,Rapeseed cake
283,9,3,Barley::RealV6_大麦_sample3,Barley
283,9,4,Barley::RealV6_大麦_sample5,Barley
283,9,5,Sorghum::RealV6_高粱_sample4,Sorghum
283,9,6,Paddy rice::RealV6_稻谷_sample4,Paddy rice
283,9,7,Rice bran::RealV6_米糠_sample5,Rice bran
283,9,8,Sorghum::RealV6_高粱_sample8,Sorghum
283,9,9,Wheat::RealV6_小麦_sample8,Wheat
283,12,1,Sorghum::RealV6_高粱_sample1,Sorghum
283,12,2,Rapeseed cake::RealV6_菜籽饼_sample3,Rapeseed cake
283,12,3,Barley::RealV6_大麦_sample3,Barley
283,12,4,Barley::RealV6_大麦_sample5,Barley
283,12,5,Sorghum::RealV6_高粱_sample4,Sorghum
283,12,6,Paddy rice::RealV6_稻谷_sample4,Paddy rice
283,12,7,Rice bran::RealV6_米糠_sample5,Rice bran
283,12,8,Sorghum::RealV6_高粱_sample8,Sorghum
283,12,9,Wheat::RealV6_小麦_sample8,Wheat
283,12,10,Wheat::RealV6_小麦_sample2,Wheat
283,12,11,Wheat::RealV6_小麦_sample6,Wheat
283,12,12,Cassava::RealV6_木薯_sample3,Cassava
284,3,1,Brown rice::RealV6_糙米_sample5,Brown rice
284,3,2,Cassava::RealV6_木薯_sample10,Cassava
284,3,3,Rapeseed cake::RealV6_菜籽饼_sample9,Rapeseed cake
284,6,1,Brown rice::RealV6_糙米_sample5,Brown rice
284,6,2,Cassava::RealV6_木薯_sample10,Cassava
284,6,3,Rapeseed cake::RealV6_菜籽饼_sample9,Rapeseed cake
284,6,4,Paddy rice::RealV6_稻谷_sample3,Paddy rice
284,6,5,Paddy rice::RealV6_稻谷_sample6,Paddy rice
284,6,6,Rice bran::RealV6_米糠_sample4,Rice bran
284,9,1,Brown rice::RealV6_糙米_sample5,Brown rice
284,9,2,Cassava::RealV6_木薯_sample10,Cassava
284,9,3,Rapeseed cake::RealV6_菜籽饼_sample9,Rapeseed cake
284,9,4,Paddy rice::RealV6_稻谷_sample3,Paddy rice
284,9,5,Paddy rice::RealV6_稻谷_sample6,Paddy rice
284,9,6,Rice bran::RealV6_米糠_sample4,Rice bran
284,9,7,Wheat::RealV6_小麦_sample9,Wheat
284,9,8,Rice bran::RealV6_米糠_sample2,Rice bran
284,9,9,Paddy rice::RealV6_稻谷_sample2,Paddy rice
284,12,1,Brown rice::RealV6_糙米_sample5,Brown rice
284,12,2,Cassava::RealV6_木薯_sample10,Cassava
284,12,3,Rapeseed cake::RealV6_菜籽饼_sample9,Rapeseed cake
284,12,4,Paddy rice::RealV6_稻谷_sample3,Paddy rice
284,12,5,Paddy rice::RealV6_稻谷_sample6,Paddy rice
284,12,6,Rice bran::RealV6_米糠_sample4,Rice bran
284,12,7,Wheat::RealV6_小麦_sample9,Wheat
284,12,8,Rice bran::RealV6_米糠_sample2,Rice bran
284,12,9,Paddy rice::RealV6_稻谷_sample2,Paddy rice
284,12,10,Sorghum::RealV6_高粱_sample5,Sorghum
284,12,11,Wheat::RealV6_小麦_sample8,Wheat
284,12,12,Rapeseed cake::RealV6_菜籽饼_sample2,Rapeseed cake
285,3,1,Wheat bran::RealV6_小麦麸_sample5,Wheat bran
285,3,2,Rapeseed cake::RealV6_菜籽饼_sample1,Rapeseed cake
285,3,3,Sorghum::RealV6_高粱_sample2,Sorghum
285,6,1,Wheat bran::RealV6_小麦麸_sample5,Wheat bran
285,6,2,Rapeseed cake::RealV6_菜籽饼_sample1,Rapeseed cake
285,6,3,Sorghum::RealV6_高粱_sample2,Sorghum
285,6,4,Sorghum::RealV6_高粱_sample10,Sorghum
285,6,5,Rapeseed cake::RealV6_菜籽饼_sample3,Rapeseed cake
285,6,6,Brown rice::RealV6_糙米_sample1,Brown rice
285,9,1,Wheat bran::RealV6_小麦麸_sample5,Wheat bran
285,9,2,Rapeseed cake::RealV6_菜籽饼_sample1,Rapeseed cake
285,9,3,Sorghum::RealV6_高粱_sample2,Sorghum
285,9,4,Sorghum::RealV6_高粱_sample10,Sorghum
285,9,5,Rapeseed cake::RealV6_菜籽饼_sample3,Rapeseed cake
285,9,6,Brown rice::RealV6_糙米_sample1,Brown rice
285,9,7,Cassava::RealV6_木薯_sample10,Cassava
285,9,8,Paddy rice::RealV6_稻谷_sample1,Paddy rice
285,9,9,Wheat bran::RealV6_小麦麸_sample1,Wheat bran
285,12,1,Wheat bran::RealV6_小麦麸_sample5,Wheat bran
285,12,2,Rapeseed cake::RealV6_菜籽饼_sample1,Rapeseed cake
285,12,3,Sorghum::RealV6_高粱_sample2,Sorghum
285,12,4,Sorghum::RealV6_高粱_sample10,Sorghum
285,12,5,Rapeseed cake::RealV6_菜籽饼_sample3,Rapeseed cake
285,12,6,Brown rice::RealV6_糙米_sample1,Brown rice
285,12,7,Cassava::RealV6_木薯_sample10,Cassava
285,12,8,Paddy rice::RealV6_稻谷_sample1,Paddy rice
285,12,9,Wheat bran::RealV6_小麦麸_sample1,Wheat bran
285,12,10,Paddy rice::RealV6_稻谷_sample9,Paddy rice
285,12,11,Paddy rice::RealV6_稻谷_sample7,Paddy rice
285,12,12,Barley::RealV6_大麦_sample1,Barley
286,3,1,Wheat bran::RealV6_小麦麸_sample7,Wheat bran
286,3,2,Wheat bran::RealV6_小麦麸_sample10,Wheat bran
286,3,3,Paddy rice::RealV6_稻谷_sample6,Paddy rice
286,6,1,Wheat bran::RealV6_小麦麸_sample7,Wheat bran
286,6,2,Wheat bran::RealV6_小麦麸_sample10,Wheat bran
286,6,3,Paddy rice::RealV6_稻谷_sample6,Paddy rice
286,6,4,Rice bran::RealV6_米糠_sample3,Rice bran
286,6,5,Wheat::RealV6_小麦_sample6,Wheat
286,6,6,Rapeseed cake::RealV6_菜籽饼_sample8,Rapeseed cake
286,9,1,Wheat bran::RealV6_小麦麸_sample7,Wheat bran
286,9,2,Wheat bran::RealV6_小麦麸_sample10,Wheat bran
286,9,3,Paddy rice::RealV6_稻谷_sample6,Paddy rice
286,9,4,Rice bran::RealV6_米糠_sample3,Rice bran
286,9,5,Wheat::RealV6_小麦_sample6,Wheat
286,9,6,Rapeseed cake::RealV6_菜籽饼_sample8,Rapeseed cake
286,9,7,Paddy rice::RealV6_稻谷_sample11,Paddy rice
286,9,8,Brown rice::RealV6_糙米_sample6,Brown rice
286,9,9,Sorghum::RealV6_高粱_sample10,Sorghum
286,12,1,Wheat bran::RealV6_小麦麸_sample7,Wheat bran
286,12,2,Wheat bran::RealV6_小麦麸_sample10,Wheat bran
286,12,3,Paddy rice::RealV6_稻谷_sample6,Paddy rice
286,12,4,Rice bran::RealV6_米糠_sample3,Rice bran
286,12,5,Wheat::RealV6_小麦_sample6,Wheat
286,12,6,Rapeseed cake::RealV6_菜籽饼_sample8,Rapeseed cake
286,12,7,Paddy rice::RealV6_稻谷_sample11,Paddy rice
286,12,8,Brown rice::RealV6_糙米_sample6,Brown rice
286,12,9,Sorghum::RealV6_高粱_sample10,Sorghum
286,12,10,Rapeseed cake::RealV6_菜籽饼_sample3,Rapeseed cake
286,12,11,Wheat::RealV6_小麦_sample10,Wheat
286,12,12,Brown rice::RealV6_糙米_sample4,Brown rice
287,3,1,Rice bran::RealV6_米糠_sample2,Rice bran
287,3,2,Rice bran::RealV6_米糠_sample6,Rice bran
287,3,3,Brown rice::RealV6_糙米_sample10,Brown rice
287,6,1,Rice bran::RealV6_米糠_sample2,Rice bran
287,6,2,Rice bran::RealV6_米糠_sample6,Rice bran
287,6,3,Brown rice::RealV6_糙米_sample10,Brown rice
287,6,4,Brown rice::RealV6_糙米_sample8,Brown rice
287,6,5,Wheat bran::RealV6_小麦麸_sample8,Wheat bran
287,6,6,Wheat bran::RealV6_小麦麸_sample6,Wheat bran
287,9,1,Rice bran::RealV6_米糠_sample2,Rice bran
287,9,2,Rice bran::RealV6_米糠_sample6,Rice bran
287,9,3,Brown rice::RealV6_糙米_sample10,Brown rice
287,9,4,Brown rice::RealV6_糙米_sample8,Brown rice
287,9,5,Wheat bran::RealV6_小麦麸_sample8,Wheat bran
287,9,6,Wheat bran::RealV6_小麦麸_sample6,Wheat bran
287,9,7,Paddy rice::RealV6_稻谷_sample9,Paddy rice
287,9,8,Rapeseed cake::RealV6_菜籽饼_sample5,Rapeseed cake
287,9,9,Rice bran::RealV6_米糠_sample8,Rice bran
287,12,1,Rice bran::RealV6_米糠_sample2,Rice bran
287,12,2,Rice bran::RealV6_米糠_sample6,Rice bran
287,12,3,Brown rice::RealV6_糙米_sample10,Brown rice
287,12,4,Brown rice::RealV6_糙米_sample8,Brown rice
287,12,5,Wheat bran::RealV6_小麦麸_sample8,Wheat bran
287,12,6,Wheat bran::RealV6_小麦麸_sample6,Wheat bran
287,12,7,Paddy rice::RealV6_稻谷_sample9,Paddy rice
287,12,8,Rapeseed cake::RealV6_菜籽饼_sample5,Rapeseed cake
287,12,9,Rice bran::RealV6_米糠_sample8,Rice bran
287,12,10,Sorghum::RealV6_高粱_sample10,Sorghum
287,12,11,Wheat::RealV6_小麦_sample2,Wheat
287,12,12,Cassava::RealV6_木薯_sample9,Cassava
288,3,1,Rice bran::RealV6_米糠_sample1,Rice bran
288,3,2,Cassava::RealV6_木薯_sample7,Cassava
288,3,3,Cassava::RealV6_木薯_sample1,Cassava
288,6,1,Rice bran::RealV6_米糠_sample1,Rice bran
288,6,2,Cassava::RealV6_木薯_sample7,Cassava
288,6,3,Cassava::RealV6_木薯_sample1,Cassava
288,6,4,Paddy rice::RealV6_稻谷_sample1,Paddy rice
288,6,5,Rice bran::RealV6_米糠_sample6,Rice bran
288,6,6,Paddy rice::RealV6_稻谷_sample8,Paddy rice
288,9,1,Rice bran::RealV6_米糠_sample1,Rice bran
288,9,2,Cassava::RealV6_木薯_sample7,Cassava
288,9,3,Cassava::RealV6_木薯_sample1,Cassava
288,9,4,Paddy rice::RealV6_稻谷_sample1,Paddy rice
288,9,5,Rice bran::RealV6_米糠_sample6,Rice bran
288,9,6,Paddy rice::RealV6_稻谷_sample8,Paddy rice
288,9,7,Brown rice::RealV6_糙米_sample9,Brown rice
288,9,8,Brown rice::RealV6_糙米_sample5,Brown rice
288,9,9,Barley::RealV6_大麦_sample3,Barley
288,12,1,Rice bran::RealV6_米糠_sample1,Rice bran
288,12,2,Cassava::RealV6_木薯_sample7,Cassava
288,12,3,Cassava::RealV6_木薯_sample1,Cassava
288,12,4,Paddy rice::RealV6_稻谷_sample1,Paddy rice
288,12,5,Rice bran::RealV6_米糠_sample6,Rice bran
288,12,6,Paddy rice::RealV6_稻谷_sample8,Paddy rice
288,12,7,Brown rice::RealV6_糙米_sample9,Brown rice
288,12,8,Brown rice::RealV6_糙米_sample5,Brown rice
288,12,9,Barley::RealV6_大麦_sample3,Barley
288,12,10,Wheat::RealV6_小麦_sample9,Wheat
288,12,11,Wheat::RealV6_小麦_sample6,Wheat
288,12,12,Wheat bran::RealV6_小麦麸_sample6,Wheat bran
289,3,1,Wheat::RealV6_小麦_sample9,Wheat
289,3,2,Cassava::RealV6_木薯_sample2,Cassava
289,3,3,Sorghum::RealV6_高粱_sample6,Sorghum
289,6,1,Wheat::RealV6_小麦_sample9,Wheat
289,6,2,Cassava::RealV6_木薯_sample2,Cassava
289,6,3,Sorghum::RealV6_高粱_sample6,Sorghum
289,6,4,Wheat bran::RealV6_小麦麸_sample10,Wheat bran
289,6,5,Paddy rice::RealV6_稻谷_sample5,Paddy rice
289,6,6,Rapeseed cake::RealV6_菜籽饼_sample5,Rapeseed cake
289,9,1,Wheat::RealV6_小麦_sample9,Wheat
289,9,2,Cassava::RealV6_木薯_sample2,Cassava
289,9,3,Sorghum::RealV6_高粱_sample6,Sorghum
289,9,4,Wheat bran::RealV6_小麦麸_sample10,Wheat bran
289,9,5,Paddy rice::RealV6_稻谷_sample5,Paddy rice
289,9,6,Rapeseed cake::RealV6_菜籽饼_sample5,Rapeseed cake
289,9,7,Cassava::RealV6_木薯_sample1,Cassava
289,9,8,Rapeseed cake::RealV6_菜籽饼_sample2,Rapeseed cake
289,9,9,Wheat bran::RealV6_小麦麸_sample5,Wheat bran
289,12,1,Wheat::RealV6_小麦_sample9,Wheat
289,12,2,Cassava::RealV6_木薯_sample2,Cassava
289,12,3,Sorghum::RealV6_高粱_sample6,Sorghum
289,12,4,Wheat bran::RealV6_小麦麸_sample10,Wheat bran
289,12,5,Paddy rice::RealV6_稻谷_sample5,Paddy rice
289,12,6,Rapeseed cake::RealV6_菜籽饼_sample5,Rapeseed cake
289,12,7,Cassava::RealV6_木薯_sample1,Cassava
289,12,8,Rapeseed cake::RealV6_菜籽饼_sample2,Rapeseed cake
289,12,9,Wheat bran::RealV6_小麦麸_sample5,Wheat bran
289,12,10,Cassava::RealV6_木薯_sample7,Cassava
289,12,11,Wheat bran::RealV6_小麦麸_sample3,Wheat bran
289,12,12,Rapeseed cake::RealV6_菜籽饼_sample9,Rapeseed cake
290,3,1,Wheat bran::RealV6_小麦麸_sample10,Wheat bran
290,3,2,Wheat::RealV6_小麦_sample8,Wheat
290,3,3,Rice bran::RealV6_米糠_sample6,Rice bran
290,6,1,Wheat bran::RealV6_小麦麸_sample10,Wheat bran
290,6,2,Wheat::RealV6_小麦_sample8,Wheat
290,6,3,Rice bran::RealV6_米糠_sample6,Rice bran
290,6,4,Wheat::RealV6_小麦_sample1,Wheat
290,6,5,Wheat bran::RealV6_小麦麸_sample4,Wheat bran
290,6,6,Cassava::RealV6_木薯_sample7,Cassava
290,9,1,Wheat bran::RealV6_小麦麸_sample10,Wheat bran
290,9,2,Wheat::RealV6_小麦_sample8,Wheat
290,9,3,Rice bran::RealV6_米糠_sample6,Rice bran
290,9,4,Wheat::RealV6_小麦_sample1,Wheat
290,9,5,Wheat bran::RealV6_小麦麸_sample4,Wheat bran
290,9,6,Cassava::RealV6_木薯_sample7,Cassava
290,9,7,Wheat bran::RealV6_小麦麸_sample9,Wheat bran
290,9,8,Wheat bran::RealV6_小麦麸_sample3,Wheat bran
290,9,9,Wheat::RealV6_小麦_sample3,Wheat
290,12,1,Wheat bran::RealV6_小麦麸_sample10,Wheat bran
290,12,2,Wheat::RealV6_小麦_sample8,Wheat
290,12,3,Rice bran::RealV6_米糠_sample6,Rice bran
290,12,4,Wheat::RealV6_小麦_sample1,Wheat
290,12,5,Wheat bran::RealV6_小麦麸_sample4,Wheat bran
290,12,6,Cassava::RealV6_木薯_sample7,Cassava
290,12,7,Wheat bran::RealV6_小麦麸_sample9,Wheat bran
290,12,8,Wheat bran::RealV6_小麦麸_sample3,Wheat bran
290,12,9,Wheat::RealV6_小麦_sample3,Wheat
290,12,10,Barley::RealV6_大麦_sample2,Barley
290,12,11,Cassava::RealV6_木薯_sample9,Cassava
290,12,12,Rice bran::RealV6_米糠_sample2,Rice bran
291,3,1,Wheat bran::RealV6_小麦麸_sample6,Wheat bran
291,3,2,Barley::RealV6_大麦_sample10,Barley
291,3,3,Cassava::RealV6_木薯_sample3,Cassava
291,6,1,Wheat bran::RealV6_小麦麸_sample6,Wheat bran
291,6,2,Barley::RealV6_大麦_sample10,Barley
291,6,3,Cassava::RealV6_木薯_sample3,Cassava
291,6,4,Paddy rice::RealV6_稻谷_sample11,Paddy rice
291,6,5,Brown rice::RealV6_糙米_sample7,Brown rice
291,6,6,Sorghum::RealV6_高粱_sample6,Sorghum
291,9,1,Wheat bran::RealV6_小麦麸_sample6,Wheat bran
291,9,2,Barley::RealV6_大麦_sample10,Barley
291,9,3,Cassava::RealV6_木薯_sample3,Cassava
291,9,4,Paddy rice::RealV6_稻谷_sample11,Paddy rice
291,9,5,Brown rice::RealV6_糙米_sample7,Brown rice
291,9,6,Sorghum::RealV6_高粱_sample6,Sorghum
291,9,7,Brown rice::RealV6_糙米_sample6,Brown rice
291,9,8,Sorghum::RealV6_高粱_sample2,Sorghum
291,9,9,Wheat bran::RealV6_小麦麸_sample2,Wheat bran
291,12,1,Wheat bran::RealV6_小麦麸_sample6,Wheat bran
291,12,2,Barley::RealV6_大麦_sample10,Barley
291,12,3,Cassava::RealV6_木薯_sample3,Cassava
291,12,4,Paddy rice::RealV6_稻谷_sample11,Paddy rice
291,12,5,Brown rice::RealV6_糙米_sample7,Brown rice
291,12,6,Sorghum::RealV6_高粱_sample6,Sorghum
291,12,7,Brown rice::RealV6_糙米_sample6,Brown rice
291,12,8,Sorghum::RealV6_高粱_sample2,Sorghum
291,12,9,Wheat bran::RealV6_小麦麸_sample2,Wheat bran
291,12,10,Brown rice::RealV6_糙米_sample10,Brown rice
291,12,11,Rapeseed cake::RealV6_菜籽饼_sample10,Rapeseed cake
291,12,12,Cassava::RealV6_木薯_sample1,Cassava
292,3,1,Sorghum::RealV6_高粱_sample1,Sorghum
292,3,2,Paddy rice::RealV6_稻谷_sample10,Paddy rice
292,3,3,Wheat bran::RealV6_小麦麸_sample9,Wheat bran
292,6,1,Sorghum::RealV6_高粱_sample1,Sorghum
292,6,2,Paddy rice::RealV6_稻谷_sample10,Paddy rice
292,6,3,Wheat bran::RealV6_小麦麸_sample9,Wheat bran
292,6,4,Cassava::RealV6_木薯_sample10,Cassava
292,6,5,Rice bran::RealV6_米糠_sample3,Rice bran
292,6,6,Barley::RealV6_大麦_sample4,Barley
292,9,1,Sorghum::RealV6_高粱_sample1,Sorghum
292,9,2,Paddy rice::RealV6_稻谷_sample10,Paddy rice
292,9,3,Wheat bran::RealV6_小麦麸_sample9,Wheat bran
292,9,4,Cassava::RealV6_木薯_sample10,Cassava
292,9,5,Rice bran::RealV6_米糠_sample3,Rice bran
292,9,6,Barley::RealV6_大麦_sample4,Barley
292,9,7,Rapeseed cake::RealV6_菜籽饼_sample2,Rapeseed cake
292,9,8,Wheat bran::RealV6_小麦麸_sample8,Wheat bran
292,9,9,Wheat bran::RealV6_小麦麸_sample5,Wheat bran
292,12,1,Sorghum::RealV6_高粱_sample1,Sorghum
292,12,2,Paddy rice::RealV6_稻谷_sample10,Paddy rice
292,12,3,Wheat bran::RealV6_小麦麸_sample9,Wheat bran
292,12,4,Cassava::RealV6_木薯_sample10,Cassava
292,12,5,Rice bran::RealV6_米糠_sample3,Rice bran
292,12,6,Barley::RealV6_大麦_sample4,Barley
292,12,7,Rapeseed cake::RealV6_菜籽饼_sample2,Rapeseed cake
292,12,8,Wheat bran::RealV6_小麦麸_sample8,Wheat bran
292,12,9,Wheat bran::RealV6_小麦麸_sample5,Wheat bran
292,12,10,Paddy rice::RealV6_稻谷_sample7,Paddy rice
292,12,11,Cassava::RealV6_木薯_sample3,Cassava
292,12,12,Cassava::RealV6_木薯_sample4,Cassava
293,3,1,Brown rice::RealV6_糙米_sample7,Brown rice
293,3,2,Sorghum::RealV6_高粱_sample1,Sorghum
293,3,3,Brown rice::RealV6_糙米_sample9,Brown rice
293,6,1,Brown rice::RealV6_糙米_sample7,Brown rice
293,6,2,Sorghum::RealV6_高粱_sample1,Sorghum
293,6,3,Brown rice::RealV6_糙米_sample9,Brown rice
293,6,4,Rapeseed cake::RealV6_菜籽饼_sample1,Rapeseed cake
293,6,5,Rapeseed cake::RealV6_菜籽饼_sample5,Rapeseed cake
293,6,6,Paddy rice::RealV6_稻谷_sample8,Paddy rice
293,9,1,Brown rice::RealV6_糙米_sample7,Brown rice
293,9,2,Sorghum::RealV6_高粱_sample1,Sorghum
293,9,3,Brown rice::RealV6_糙米_sample9,Brown rice
293,9,4,Rapeseed cake::RealV6_菜籽饼_sample1,Rapeseed cake
293,9,5,Rapeseed cake::RealV6_菜籽饼_sample5,Rapeseed cake
293,9,6,Paddy rice::RealV6_稻谷_sample8,Paddy rice
293,9,7,Wheat bran::RealV6_小麦麸_sample3,Wheat bran
293,9,8,Sorghum::RealV6_高粱_sample2,Sorghum
293,9,9,Barley::RealV6_大麦_sample7,Barley
293,12,1,Brown rice::RealV6_糙米_sample7,Brown rice
293,12,2,Sorghum::RealV6_高粱_sample1,Sorghum
293,12,3,Brown rice::RealV6_糙米_sample9,Brown rice
293,12,4,Rapeseed cake::RealV6_菜籽饼_sample1,Rapeseed cake
293,12,5,Rapeseed cake::RealV6_菜籽饼_sample5,Rapeseed cake
293,12,6,Paddy rice::RealV6_稻谷_sample8,Paddy rice
293,12,7,Wheat bran::RealV6_小麦麸_sample3,Wheat bran
293,12,8,Sorghum::RealV6_高粱_sample2,Sorghum
293,12,9,Barley::RealV6_大麦_sample7,Barley
293,12,10,Wheat::RealV6_小麦_sample4,Wheat
293,12,11,Paddy rice::RealV6_稻谷_sample7,Paddy rice
293,12,12,Cassava::RealV6_木薯_sample3,Cassava
294,3,1,Rice bran::RealV6_米糠_sample1,Rice bran
294,3,2,Cassava::RealV6_木薯_sample2,Cassava
294,3,3,Wheat::RealV6_小麦_sample7,Wheat
294,6,1,Rice bran::RealV6_米糠_sample1,Rice bran
294,6,2,Cassava::RealV6_木薯_sample2,Cassava
294,6,3,Wheat::RealV6_小麦_sample7,Wheat
294,6,4,Sorghum::RealV6_高粱_sample3,Sorghum
294,6,5,Barley::RealV6_大麦_sample3,Barley
294,6,6,Barley::RealV6_大麦_sample10,Barley
294,9,1,Rice bran::RealV6_米糠_sample1,Rice bran
294,9,2,Cassava::RealV6_木薯_sample2,Cassava
294,9,3,Wheat::RealV6_小麦_sample7,Wheat
294,9,4,Sorghum::RealV6_高粱_sample3,Sorghum
294,9,5,Barley::RealV6_大麦_sample3,Barley
294,9,6,Barley::RealV6_大麦_sample10,Barley
294,9,7,Wheat::RealV6_小麦_sample9,Wheat
294,9,8,Paddy rice::RealV6_稻谷_sample9,Paddy rice
294,9,9,Rapeseed cake::RealV6_菜籽饼_sample2,Rapeseed cake
294,12,1,Rice bran::RealV6_米糠_sample1,Rice bran
294,12,2,Cassava::RealV6_木薯_sample2,Cassava
294,12,3,Wheat::RealV6_小麦_sample7,Wheat
294,12,4,Sorghum::RealV6_高粱_sample3,Sorghum
294,12,5,Barley::RealV6_大麦_sample3,Barley
294,12,6,Barley::RealV6_大麦_sample10,Barley
294,12,7,Wheat::RealV6_小麦_sample9,Wheat
294,12,8,Paddy rice::RealV6_稻谷_sample9,Paddy rice
294,12,9,Rapeseed cake::RealV6_菜籽饼_sample2,Rapeseed cake
294,12,10,Sorghum::RealV6_高粱_sample4,Sorghum
294,12,11,Barley::RealV6_大麦_sample4,Barley
294,12,12,Wheat::RealV6_小麦_sample6,Wheat
295,3,1,Rapeseed cake::RealV6_菜籽饼_sample7,Rapeseed cake
295,3,2,Barley::RealV6_大麦_sample4,Barley
295,3,3,Rapeseed cake::RealV6_菜籽饼_sample3,Rapeseed cake
295,6,1,Rapeseed cake::RealV6_菜籽饼_sample7,Rapeseed cake
295,6,2,Barley::RealV6_大麦_sample4,Barley
295,6,3,Rapeseed cake::RealV6_菜籽饼_sample3,Rapeseed cake
295,6,4,Sorghum::RealV6_高粱_sample5,Sorghum
295,6,5,Barley::RealV6_大麦_sample9,Barley
295,6,6,Paddy rice::RealV6_稻谷_sample5,Paddy rice
295,9,1,Rapeseed cake::RealV6_菜籽饼_sample7,Rapeseed cake
295,9,2,Barley::RealV6_大麦_sample4,Barley
295,9,3,Rapeseed cake::RealV6_菜籽饼_sample3,Rapeseed cake
295,9,4,Sorghum::RealV6_高粱_sample5,Sorghum
295,9,5,Barley::RealV6_大麦_sample9,Barley
295,9,6,Paddy rice::RealV6_稻谷_sample5,Paddy rice
295,9,7,Cassava::RealV6_木薯_sample2,Cassava
295,9,8,Rapeseed cake::RealV6_菜籽饼_sample6,Rapeseed cake
295,9,9,Paddy rice::RealV6_稻谷_sample10,Paddy rice
295,12,1,Rapeseed cake::RealV6_菜籽饼_sample7,Rapeseed cake
295,12,2,Barley::RealV6_大麦_sample4,Barley
295,12,3,Rapeseed cake::RealV6_菜籽饼_sample3,Rapeseed cake
295,12,4,Sorghum::RealV6_高粱_sample5,Sorghum
295,12,5,Barley::RealV6_大麦_sample9,Barley
295,12,6,Paddy rice::RealV6_稻谷_sample5,Paddy rice
295,12,7,Cassava::RealV6_木薯_sample2,Cassava
295,12,8,Rapeseed cake::RealV6_菜籽饼_sample6,Rapeseed cake
295,12,9,Paddy rice::RealV6_稻谷_sample10,Paddy rice
295,12,10,Rice bran::RealV6_米糠_sample2,Rice bran
295,12,11,Paddy rice::RealV6_稻谷_sample3,Paddy rice
295,12,12,Wheat::RealV6_小麦_sample5,Wheat
296,3,1,Cassava::RealV6_木薯_sample10,Cassava
296,3,2,Rice bran::RealV6_米糠_sample8,Rice bran
296,3,3,Sorghum::RealV6_高粱_sample1,Sorghum
296,6,1,Cassava::RealV6_木薯_sample10,Cassava
296,6,2,Rice bran::RealV6_米糠_sample8,Rice bran
296,6,3,Sorghum::RealV6_高粱_sample1,Sorghum
296,6,4,Rapeseed cake::RealV6_菜籽饼_sample7,Rapeseed cake
296,6,5,Rice bran::RealV6_米糠_sample1,Rice bran
296,6,6,Wheat bran::RealV6_小麦麸_sample8,Wheat bran
296,9,1,Cassava::RealV6_木薯_sample10,Cassava
296,9,2,Rice bran::RealV6_米糠_sample8,Rice bran
296,9,3,Sorghum::RealV6_高粱_sample1,Sorghum
296,9,4,Rapeseed cake::RealV6_菜籽饼_sample7,Rapeseed cake
296,9,5,Rice bran::RealV6_米糠_sample1,Rice bran
296,9,6,Wheat bran::RealV6_小麦麸_sample8,Wheat bran
296,9,7,Cassava::RealV6_木薯_sample4,Cassava
296,9,8,Wheat::RealV6_小麦_sample3,Wheat
296,9,9,Cassava::RealV6_木薯_sample8,Cassava
296,12,1,Cassava::RealV6_木薯_sample10,Cassava
296,12,2,Rice bran::RealV6_米糠_sample8,Rice bran
296,12,3,Sorghum::RealV6_高粱_sample1,Sorghum
296,12,4,Rapeseed cake::RealV6_菜籽饼_sample7,Rapeseed cake
296,12,5,Rice bran::RealV6_米糠_sample1,Rice bran
296,12,6,Wheat bran::RealV6_小麦麸_sample8,Wheat bran
296,12,7,Cassava::RealV6_木薯_sample4,Cassava
296,12,8,Wheat::RealV6_小麦_sample3,Wheat
296,12,9,Cassava::RealV6_木薯_sample8,Cassava
296,12,10,Cassava::RealV6_木薯_sample6,Cassava
296,12,11,Wheat bran::RealV6_小麦麸_sample9,Wheat bran
296,12,12,Rice bran::RealV6_米糠_sample2,Rice bran
297,3,1,Rapeseed cake::RealV6_菜籽饼_sample7,Rapeseed cake
297,3,2,Rapeseed cake::RealV6_菜籽饼_sample2,Rapeseed cake
297,3,3,Brown rice::RealV6_糙米_sample3,Brown rice
297,6,1,Rapeseed cake::RealV6_菜籽饼_sample7,Rapeseed cake
297,6,2,Rapeseed cake::RealV6_菜籽饼_sample2,Rapeseed cake
297,6,3,Brown rice::RealV6_糙米_sample3,Brown rice
297,6,4,Sorghum::RealV6_高粱_sample4,Sorghum
297,6,5,Barley::RealV6_大麦_sample7,Barley
297,6,6,Cassava::RealV6_木薯_sample1,Cassava
297,9,1,Rapeseed cake::RealV6_菜籽饼_sample7,Rapeseed cake
297,9,2,Rapeseed cake::RealV6_菜籽饼_sample2,Rapeseed cake
297,9,3,Brown rice::RealV6_糙米_sample3,Brown rice
297,9,4,Sorghum::RealV6_高粱_sample4,Sorghum
297,9,5,Barley::RealV6_大麦_sample7,Barley
297,9,6,Cassava::RealV6_木薯_sample1,Cassava
297,9,7,Rice bran::RealV6_米糠_sample5,Rice bran
297,9,8,Rapeseed cake::RealV6_菜籽饼_sample3,Rapeseed cake
297,9,9,Brown rice::RealV6_糙米_sample10,Brown rice
297,12,1,Rapeseed cake::RealV6_菜籽饼_sample7,Rapeseed cake
297,12,2,Rapeseed cake::RealV6_菜籽饼_sample2,Rapeseed cake
297,12,3,Brown rice::RealV6_糙米_sample3,Brown rice
297,12,4,Sorghum::RealV6_高粱_sample4,Sorghum
297,12,5,Barley::RealV6_大麦_sample7,Barley
297,12,6,Cassava::RealV6_木薯_sample1,Cassava
297,12,7,Rice bran::RealV6_米糠_sample5,Rice bran
297,12,8,Rapeseed cake::RealV6_菜籽饼_sample3,Rapeseed cake
297,12,9,Brown rice::RealV6_糙米_sample10,Brown rice
297,12,10,Sorghum::RealV6_高粱_sample5,Sorghum
297,12,11,Wheat::RealV6_小麦_sample7,Wheat
297,12,12,Brown rice::RealV6_糙米_sample4,Brown rice
298,3,1,Paddy rice::RealV6_稻谷_sample8,Paddy rice
298,3,2,Wheat::RealV6_小麦_sample10,Wheat
298,3,3,Paddy rice::RealV6_稻谷_sample1,Paddy rice
298,6,1,Paddy rice::RealV6_稻谷_sample8,Paddy rice
298,6,2,Wheat::RealV6_小麦_sample10,Wheat
298,6,3,Paddy rice::RealV6_稻谷_sample1,Paddy rice
298,6,4,Sorghum::RealV6_高粱_sample7,Sorghum
298,6,5,Barley::RealV6_大麦_sample1,Barley
298,6,6,Sorghum::RealV6_高粱_sample4,Sorghum
298,9,1,Paddy rice::RealV6_稻谷_sample8,Paddy rice
298,9,2,Wheat::RealV6_小麦_sample10,Wheat
298,9,3,Paddy rice::RealV6_稻谷_sample1,Paddy rice
298,9,4,Sorghum::RealV6_高粱_sample7,Sorghum
298,9,5,Barley::RealV6_大麦_sample1,Barley
298,9,6,Sorghum::RealV6_高粱_sample4,Sorghum
298,9,7,Wheat::RealV6_小麦_sample5,Wheat
298,9,8,Sorghum::RealV6_高粱_sample10,Sorghum
298,9,9,Wheat bran::RealV6_小麦麸_sample7,Wheat bran
298,12,1,Paddy rice::RealV6_稻谷_sample8,Paddy rice
298,12,2,Wheat::RealV6_小麦_sample10,Wheat
298,12,3,Paddy rice::RealV6_稻谷_sample1,Paddy rice
298,12,4,Sorghum::RealV6_高粱_sample7,Sorghum
298,12,5,Barley::RealV6_大麦_sample1,Barley
298,12,6,Sorghum::RealV6_高粱_sample4,Sorghum
298,12,7,Wheat::RealV6_小麦_sample5,Wheat
298,12,8,Sorghum::RealV6_高粱_sample10,Sorghum
298,12,9,Wheat bran::RealV6_小麦麸_sample7,Wheat bran
298,12,10,Wheat::RealV6_小麦_sample6,Wheat
298,12,11,Cassava::RealV6_木薯_sample7,Cassava
298,12,12,Cassava::RealV6_木薯_sample6,Cassava
299,3,1,Paddy rice::RealV6_稻谷_sample2,Paddy rice
299,3,2,Cassava::RealV6_木薯_sample4,Cassava
299,3,3,Cassava::RealV6_木薯_sample6,Cassava
299,6,1,Paddy rice::RealV6_稻谷_sample2,Paddy rice
299,6,2,Cassava::RealV6_木薯_sample4,Cassava
299,6,3,Cassava::RealV6_木薯_sample6,Cassava
299,6,4,Sorghum::RealV6_高粱_sample10,Sorghum
299,6,5,Brown rice::RealV6_糙米_sample10,Brown rice
299,6,6,Sorghum::RealV6_高粱_sample4,Sorghum
299,9,1,Paddy rice::RealV6_稻谷_sample2,Paddy rice
299,9,2,Cassava::RealV6_木薯_sample4,Cassava
299,9,3,Cassava::RealV6_木薯_sample6,Cassava
299,9,4,Sorghum::RealV6_高粱_sample10,Sorghum
299,9,5,Brown rice::RealV6_糙米_sample10,Brown rice
299,9,6,Sorghum::RealV6_高粱_sample4,Sorghum
299,9,7,Paddy rice::RealV6_稻谷_sample1,Paddy rice
299,9,8,Rice bran::RealV6_米糠_sample8,Rice bran
299,9,9,Rice bran::RealV6_米糠_sample2,Rice bran
299,12,1,Paddy rice::RealV6_稻谷_sample2,Paddy rice
299,12,2,Cassava::RealV6_木薯_sample4,Cassava
299,12,3,Cassava::RealV6_木薯_sample6,Cassava
299,12,4,Sorghum::RealV6_高粱_sample10,Sorghum
299,12,5,Brown rice::RealV6_糙米_sample10,Brown rice
299,12,6,Sorghum::RealV6_高粱_sample4,Sorghum
299,12,7,Paddy rice::RealV6_稻谷_sample1,Paddy rice
299,12,8,Rice bran::RealV6_米糠_sample8,Rice bran
299,12,9,Rice bran::RealV6_米糠_sample2,Rice bran
299,12,10,Cassava::RealV6_木薯_sample1,Cassava
299,12,11,Wheat::RealV6_小麦_sample5,Wheat
299,12,12,Wheat bran::RealV6_小麦麸_sample9,Wheat bran
300,3,1,Cassava::RealV6_木薯_sample10,Cassava
300,3,2,Wheat::RealV6_小麦_sample7,Wheat
300,3,3,Brown rice::RealV6_糙米_sample5,Brown rice
300,6,1,Cassava::RealV6_木薯_sample10,Cassava
300,6,2,Wheat::RealV6_小麦_sample7,Wheat
300,6,3,Brown rice::RealV6_糙米_sample5,Brown rice
300,6,4,Rapeseed cake::RealV6_菜籽饼_sample4,Rapeseed cake
300,6,5,Rice bran::RealV6_米糠_sample3,Rice bran
300,6,6,Wheat::RealV6_小麦_sample5,Wheat
300,9,1,Cassava::RealV6_木薯_sample10,Cassava
300,9,2,Wheat::RealV6_小麦_sample7,Wheat
300,9,3,Brown rice::RealV6_糙米_sample5,Brown rice
300,9,4,Rapeseed cake::RealV6_菜籽饼_sample4,Rapeseed cake
300,9,5,Rice bran::RealV6_米糠_sample3,Rice bran
300,9,6,Wheat::RealV6_小麦_sample5,Wheat
300,9,7,Rice bran::RealV6_米糠_sample5,Rice bran
300,9,8,Paddy rice::RealV6_稻谷_sample2,Paddy rice
300,9,9,Paddy rice::RealV6_稻谷_sample1,Paddy rice
300,12,1,Cassava::RealV6_木薯_sample10,Cassava
300,12,2,Wheat::RealV6_小麦_sample7,Wheat
300,12,3,Brown rice::RealV6_糙米_sample5,Brown rice
300,12,4,Rapeseed cake::RealV6_菜籽饼_sample4,Rapeseed cake
300,12,5,Rice bran::RealV6_米糠_sample3,Rice bran
300,12,6,Wheat::RealV6_小麦_sample5,Wheat
300,12,7,Rice bran::RealV6_米糠_sample5,Rice bran
300,12,8,Paddy rice::RealV6_稻谷_sample2,Paddy rice
300,12,9,Paddy rice::RealV6_稻谷_sample1,Paddy rice
300,12,10,Paddy rice::RealV6_稻谷_sample8,Paddy rice
300,12,11,Sorghum::RealV6_高粱_sample2,Sorghum
300,12,12,Brown rice::RealV6_糙米_sample3,Brown rice
301,3,1,Wheat bran::RealV6_小麦麸_sample10,Wheat bran
301,3,2,Cassava::RealV6_木薯_sample6,Cassava
301,3,3,Rapeseed cake::RealV6_菜籽饼_sample1,Rapeseed cake
301,6,1,Wheat bran::RealV6_小麦麸_sample10,Wheat bran
301,6,2,Cassava::RealV6_木薯_sample6,Cassava
301,6,3,Rapeseed cake::RealV6_菜籽饼_sample1,Rapeseed cake
301,6,4,Cassava::RealV6_木薯_sample4,Cassava
301,6,5,Paddy rice::RealV6_稻谷_sample6,Paddy rice
301,6,6,Wheat bran::RealV6_小麦麸_sample5,Wheat bran
301,9,1,Wheat bran::RealV6_小麦麸_sample10,Wheat bran
301,9,2,Cassava::RealV6_木薯_sample6,Cassava
301,9,3,Rapeseed cake::RealV6_菜籽饼_sample1,Rapeseed cake
301,9,4,Cassava::RealV6_木薯_sample4,Cassava
301,9,5,Paddy rice::RealV6_稻谷_sample6,Paddy rice
301,9,6,Wheat bran::RealV6_小麦麸_sample5,Wheat bran
301,9,7,Cassava::RealV6_木薯_sample9,Cassava
301,9,8,Wheat bran::RealV6_小麦麸_sample9,Wheat bran
301,9,9,Wheat::RealV6_小麦_sample10,Wheat
301,12,1,Wheat bran::RealV6_小麦麸_sample10,Wheat bran
301,12,2,Cassava::RealV6_木薯_sample6,Cassava
301,12,3,Rapeseed cake::RealV6_菜籽饼_sample1,Rapeseed cake
301,12,4,Cassava::RealV6_木薯_sample4,Cassava
301,12,5,Paddy rice::RealV6_稻谷_sample6,Paddy rice
301,12,6,Wheat bran::RealV6_小麦麸_sample5,Wheat bran
301,12,7,Cassava::RealV6_木薯_sample9,Cassava
301,12,8,Wheat bran::RealV6_小麦麸_sample9,Wheat bran
301,12,9,Wheat::RealV6_小麦_sample10,Wheat
301,12,10,Sorghum::RealV6_高粱_sample10,Sorghum
301,12,11,Brown rice::RealV6_糙米_sample1,Brown rice
301,12,12,Wheat::RealV6_小麦_sample4,Wheat
302,3,1,Wheat::RealV6_小麦_sample2,Wheat
302,3,2,Brown rice::RealV6_糙米_sample9,Brown rice
302,3,3,Cassava::RealV6_木薯_sample1,Cassava
302,6,1,Wheat::RealV6_小麦_sample2,Wheat
302,6,2,Brown rice::RealV6_糙米_sample9,Brown rice
302,6,3,Cassava::RealV6_木薯_sample1,Cassava
302,6,4,Barley::RealV6_大麦_sample8,Barley
302,6,5,Wheat bran::RealV6_小麦麸_sample2,Wheat bran
302,6,6,Wheat bran::RealV6_小麦麸_sample5,Wheat bran
302,9,1,Wheat::RealV6_小麦_sample2,Wheat
302,9,2,Brown rice::RealV6_糙米_sample9,Brown rice
302,9,3,Cassava::RealV6_木薯_sample1,Cassava
302,9,4,Barley::RealV6_大麦_sample8,Barley
302,9,5,Wheat bran::RealV6_小麦麸_sample2,Wheat bran
302,9,6,Wheat bran::RealV6_小麦麸_sample5,Wheat bran
302,9,7,Barley::RealV6_大麦_sample6,Barley
302,9,8,Rice bran::RealV6_米糠_sample9,Rice bran
302,9,9,Wheat bran::RealV6_小麦麸_sample3,Wheat bran
302,12,1,Wheat::RealV6_小麦_sample2,Wheat
302,12,2,Brown rice::RealV6_糙米_sample9,Brown rice
302,12,3,Cassava::RealV6_木薯_sample1,Cassava
302,12,4,Barley::RealV6_大麦_sample8,Barley
302,12,5,Wheat bran::RealV6_小麦麸_sample2,Wheat bran
302,12,6,Wheat bran::RealV6_小麦麸_sample5,Wheat bran
302,12,7,Barley::RealV6_大麦_sample6,Barley
302,12,8,Rice bran::RealV6_米糠_sample9,Rice bran
302,12,9,Wheat bran::RealV6_小麦麸_sample3,Wheat bran
302,12,10,Wheat::RealV6_小麦_sample6,Wheat
302,12,11,Rice bran::RealV6_米糠_sample10,Rice bran
302,12,12,Brown rice::RealV6_糙米_sample10,Brown rice
303,3,1,Barley::RealV6_大麦_sample4,Barley
303,3,2,Wheat bran::RealV6_小麦麸_sample10,Wheat bran
303,3,3,Wheat::RealV6_小麦_sample10,Wheat
303,6,1,Barley::RealV6_大麦_sample4,Barley
303,6,2,Wheat bran::RealV6_小麦麸_sample10,Wheat bran
303,6,3,Wheat::RealV6_小麦_sample10,Wheat
303,6,4,Rice bran::RealV6_米糠_sample4,Rice bran
303,6,5,Paddy rice::RealV6_稻谷_sample1,Paddy rice
303,6,6,Cassava::RealV6_木薯_sample7,Cassava
303,9,1,Barley::RealV6_大麦_sample4,Barley
303,9,2,Wheat bran::RealV6_小麦麸_sample10,Wheat bran
303,9,3,Wheat::RealV6_小麦_sample10,Wheat
303,9,4,Rice bran::RealV6_米糠_sample4,Rice bran
303,9,5,Paddy rice::RealV6_稻谷_sample1,Paddy rice
303,9,6,Cassava::RealV6_木薯_sample7,Cassava
303,9,7,Wheat bran::RealV6_小麦麸_sample5,Wheat bran
303,9,8,Rice bran::RealV6_米糠_sample3,Rice bran
303,9,9,Wheat::RealV6_小麦_sample1,Wheat
303,12,1,Barley::RealV6_大麦_sample4,Barley
303,12,2,Wheat bran::RealV6_小麦麸_sample10,Wheat bran
303,12,3,Wheat::RealV6_小麦_sample10,Wheat
303,12,4,Rice bran::RealV6_米糠_sample4,Rice bran
303,12,5,Paddy rice::RealV6_稻谷_sample1,Paddy rice
303,12,6,Cassava::RealV6_木薯_sample7,Cassava
303,12,7,Wheat bran::RealV6_小麦麸_sample5,Wheat bran
303,12,8,Rice bran::RealV6_米糠_sample3,Rice bran
303,12,9,Wheat::RealV6_小麦_sample1,Wheat
303,12,10,Paddy rice::RealV6_稻谷_sample8,Paddy rice
303,12,11,Rapeseed cake::RealV6_菜籽饼_sample3,Rapeseed cake
303,12,12,Rapeseed cake::RealV6_菜籽饼_sample7,Rapeseed cake
304,3,1,Paddy rice::RealV6_稻谷_sample3,Paddy rice
304,3,2,Brown rice::RealV6_糙米_sample9,Brown rice
304,3,3,Paddy rice::RealV6_稻谷_sample9,Paddy rice
304,6,1,Paddy rice::RealV6_稻谷_sample3,Paddy rice
304,6,2,Brown rice::RealV6_糙米_sample9,Brown rice
304,6,3,Paddy rice::RealV6_稻谷_sample9,Paddy rice
304,6,4,Rapeseed cake::RealV6_菜籽饼_sample10,Rapeseed cake
304,6,5,Barley::RealV6_大麦_sample7,Barley
304,6,6,Rapeseed cake::RealV6_菜籽饼_sample2,Rapeseed cake
304,9,1,Paddy rice::RealV6_稻谷_sample3,Paddy rice
304,9,2,Brown rice::RealV6_糙米_sample9,Brown rice
304,9,3,Paddy rice::RealV6_稻谷_sample9,Paddy rice
304,9,4,Rapeseed cake::RealV6_菜籽饼_sample10,Rapeseed cake
304,9,5,Barley::RealV6_大麦_sample7,Barley
304,9,6,Rapeseed cake::RealV6_菜籽饼_sample2,Rapeseed cake
304,9,7,Paddy rice::RealV6_稻谷_sample7,Paddy rice
304,9,8,Wheat bran::RealV6_小麦麸_sample8,Wheat bran
304,9,9,Brown rice::RealV6_糙米_sample8,Brown rice
304,12,1,Paddy rice::RealV6_稻谷_sample3,Paddy rice
304,12,2,Brown rice::RealV6_糙米_sample9,Brown rice
304,12,3,Paddy rice::RealV6_稻谷_sample9,Paddy rice
304,12,4,Rapeseed cake::RealV6_菜籽饼_sample10,Rapeseed cake
304,12,5,Barley::RealV6_大麦_sample7,Barley
304,12,6,Rapeseed cake::RealV6_菜籽饼_sample2,Rapeseed cake
304,12,7,Paddy rice::RealV6_稻谷_sample7,Paddy rice
304,12,8,Wheat bran::RealV6_小麦麸_sample8,Wheat bran
304,12,9,Brown rice::RealV6_糙米_sample8,Brown rice
304,12,10,Rapeseed cake::RealV6_菜籽饼_sample1,Rapeseed cake
304,12,11,Rice bran::RealV6_米糠_sample2,Rice bran
304,12,12,Brown rice::RealV6_糙米_sample4,Brown rice
305,3,1,Rice bran::RealV6_米糠_sample1,Rice bran
305,3,2,Barley::RealV6_大麦_sample10,Barley
305,3,3,Paddy rice::RealV6_稻谷_sample9,Paddy rice
305,6,1,Rice bran::RealV6_米糠_sample1,Rice bran
305,6,2,Barley::RealV6_大麦_sample10,Barley
305,6,3,Paddy rice::RealV6_稻谷_sample9,Paddy rice
305,6,4,Wheat::RealV6_小麦_sample2,Wheat
305,6,5,Wheat::RealV6_小麦_sample7,Wheat
305,6,6,Rapeseed cake::RealV6_菜籽饼_sample8,Rapeseed cake
305,9,1,Rice bran::RealV6_米糠_sample1,Rice bran
305,9,2,Barley::RealV6_大麦_sample10,Barley
305,9,3,Paddy rice::RealV6_稻谷_sample9,Paddy rice
305,9,4,Wheat::RealV6_小麦_sample2,Wheat
305,9,5,Wheat::RealV6_小麦_sample7,Wheat
305,9,6,Rapeseed cake::RealV6_菜籽饼_sample8,Rapeseed cake
305,9,7,Sorghum::RealV6_高粱_sample8,Sorghum
305,9,8,Cassava::RealV6_木薯_sample7,Cassava
305,9,9,Paddy rice::RealV6_稻谷_sample5,Paddy rice
305,12,1,Rice bran::RealV6_米糠_sample1,Rice bran
305,12,2,Barley::RealV6_大麦_sample10,Barley
305,12,3,Paddy rice::RealV6_稻谷_sample9,Paddy rice
305,12,4,Wheat::RealV6_小麦_sample2,Wheat
305,12,5,Wheat::RealV6_小麦_sample7,Wheat
305,12,6,Rapeseed cake::RealV6_菜籽饼_sample8,Rapeseed cake
305,12,7,Sorghum::RealV6_高粱_sample8,Sorghum
305,12,8,Cassava::RealV6_木薯_sample7,Cassava
305,12,9,Paddy rice::RealV6_稻谷_sample5,Paddy rice
305,12,10,Paddy rice::RealV6_稻谷_sample2,Paddy rice
305,12,11,Rapeseed cake::RealV6_菜籽饼_sample9,Rapeseed cake
305,12,12,Wheat bran::RealV6_小麦麸_sample9,Wheat bran
306,3,1,Wheat bran::RealV6_小麦麸_sample5,Wheat bran
306,3,2,Cassava::RealV6_木薯_sample6,Cassava
306,3,3,Rapeseed cake::RealV6_菜籽饼_sample3,Rapeseed cake
306,6,1,Wheat bran::RealV6_小麦麸_sample5,Wheat bran
306,6,2,Cassava::RealV6_木薯_sample6,Cassava
306,6,3,Rapeseed cake::RealV6_菜籽饼_sample3,Rapeseed cake
306,6,4,Wheat::RealV6_小麦_sample1,Wheat
306,6,5,Barley::RealV6_大麦_sample4,Barley
306,6,6,Wheat::RealV6_小麦_sample8,Wheat
306,9,1,Wheat bran::RealV6_小麦麸_sample5,Wheat bran
306,9,2,Cassava::RealV6_木薯_sample6,Cassava
306,9,3,Rapeseed cake::RealV6_菜籽饼_sample3,Rapeseed cake
306,9,4,Wheat::RealV6_小麦_sample1,Wheat
306,9,5,Barley::RealV6_大麦_sample4,Barley
306,9,6,Wheat::RealV6_小麦_sample8,Wheat
306,9,7,Cassava::RealV6_木薯_sample5,Cassava
306,9,8,Wheat bran::RealV6_小麦麸_sample10,Wheat bran
306,9,9,Rapeseed cake::RealV6_菜籽饼_sample10,Rapeseed cake
306,12,1,Wheat bran::RealV6_小麦麸_sample5,Wheat bran
306,12,2,Cassava::RealV6_木薯_sample6,Cassava
306,12,3,Rapeseed cake::RealV6_菜籽饼_sample3,Rapeseed cake
306,12,4,Wheat::RealV6_小麦_sample1,Wheat
306,12,5,Barley::RealV6_大麦_sample4,Barley
306,12,6,Wheat::RealV6_小麦_sample8,Wheat
306,12,7,Cassava::RealV6_木薯_sample5,Cassava
306,12,8,Wheat bran::RealV6_小麦麸_sample10,Wheat bran
306,12,9,Rapeseed cake::RealV6_菜籽饼_sample10,Rapeseed cake
306,12,10,Brown rice::RealV6_糙米_sample3,Brown rice
306,12,11,Paddy rice::RealV6_稻谷_sample7,Paddy rice
306,12,12,Rice bran::RealV6_米糠_sample4,Rice bran
307,3,1,Brown rice::RealV6_糙米_sample8,Brown rice
307,3,2,Rapeseed cake::RealV6_菜籽饼_sample1,Rapeseed cake
307,3,3,Wheat bran::RealV6_小麦麸_sample10,Wheat bran
307,6,1,Brown rice::RealV6_糙米_sample8,Brown rice
307,6,2,Rapeseed cake::RealV6_菜籽饼_sample1,Rapeseed cake
307,6,3,Wheat bran::RealV6_小麦麸_sample10,Wheat bran
307,6,4,Cassava::RealV6_木薯_sample7,Cassava
307,6,5,Brown rice::RealV6_糙米_sample3,Brown rice
307,6,6,Sorghum::RealV6_高粱_sample5,Sorghum
307,9,1,Brown rice::RealV6_糙米_sample8,Brown rice
307,9,2,Rapeseed cake::RealV6_菜籽饼_sample1,Rapeseed cake
307,9,3,Wheat bran::RealV6_小麦麸_sample10,Wheat bran
307,9,4,Cassava::RealV6_木薯_sample7,Cassava
307,9,5,Brown rice::RealV6_糙米_sample3,Brown rice
307,9,6,Sorghum::RealV6_高粱_sample5,Sorghum
307,9,7,Wheat::RealV6_小麦_sample9,Wheat
307,9,8,Paddy rice::RealV6_稻谷_sample10,Paddy rice
307,9,9,Rapeseed cake::RealV6_菜籽饼_sample7,Rapeseed cake
307,12,1,Brown rice::RealV6_糙米_sample8,Brown rice
307,12,2,Rapeseed cake::RealV6_菜籽饼_sample1,Rapeseed cake
307,12,3,Wheat bran::RealV6_小麦麸_sample10,Wheat bran
307,12,4,Cassava::RealV6_木薯_sample7,Cassava
307,12,5,Brown rice::RealV6_糙米_sample3,Brown rice
307,12,6,Sorghum::RealV6_高粱_sample5,Sorghum
307,12,7,Wheat::RealV6_小麦_sample9,Wheat
307,12,8,Paddy rice::RealV6_稻谷_sample10,Paddy rice
307,12,9,Rapeseed cake::RealV6_菜籽饼_sample7,Rapeseed cake
307,12,10,Paddy rice::RealV6_稻谷_sample3,Paddy rice
307,12,11,Rice bran::RealV6_米糠_sample4,Rice bran
307,12,12,Cassava::RealV6_木薯_sample5,Cassava
308,3,1,Brown rice::RealV6_糙米_sample6,Brown rice
308,3,2,Paddy rice::RealV6_稻谷_sample10,Paddy rice
308,3,3,Wheat::RealV6_小麦_sample2,Wheat
308,6,1,Brown rice::RealV6_糙米_sample6,Brown rice
308,6,2,Paddy rice::RealV6_稻谷_sample10,Paddy rice
308,6,3,Wheat::RealV6_小麦_sample2,Wheat
308,6,4,Rice bran::RealV6_米糠_sample3,Rice bran
308,6,5,Paddy rice::RealV6_稻谷_sample7,Paddy rice
308,6,6,Wheat bran::RealV6_小麦麸_sample8,Wheat bran
308,9,1,Brown rice::RealV6_糙米_sample6,Brown rice
308,9,2,Paddy rice::RealV6_稻谷_sample10,Paddy rice
308,9,3,Wheat::RealV6_小麦_sample2,Wheat
308,9,4,Rice bran::RealV6_米糠_sample3,Rice bran
308,9,5,Paddy rice::RealV6_稻谷_sample7,Paddy rice
308,9,6,Wheat bran::RealV6_小麦麸_sample8,Wheat bran
308,9,7,Rapeseed cake::RealV6_菜籽饼_sample10,Rapeseed cake
308,9,8,Paddy rice::RealV6_稻谷_sample8,Paddy rice
308,9,9,Cassava::RealV6_木薯_sample4,Cassava
308,12,1,Brown rice::RealV6_糙米_sample6,Brown rice
308,12,2,Paddy rice::RealV6_稻谷_sample10,Paddy rice
308,12,3,Wheat::RealV6_小麦_sample2,Wheat
308,12,4,Rice bran::RealV6_米糠_sample3,Rice bran
308,12,5,Paddy rice::RealV6_稻谷_sample7,Paddy rice
308,12,6,Wheat bran::RealV6_小麦麸_sample8,Wheat bran
308,12,7,Rapeseed cake::RealV6_菜籽饼_sample10,Rapeseed cake
308,12,8,Paddy rice::RealV6_稻谷_sample8,Paddy rice
308,12,9,Cassava::RealV6_木薯_sample4,Cassava
308,12,10,Wheat bran::RealV6_小麦麸_sample5,Wheat bran
308,12,11,Rice bran::RealV6_米糠_sample7,Rice bran
308,12,12,Cassava::RealV6_木薯_sample3,Cassava
309,3,1,Paddy rice::RealV6_稻谷_sample2,Paddy rice
309,3,2,Brown rice::RealV6_糙米_sample6,Brown rice
309,3,3,Sorghum::RealV6_高粱_sample9,Sorghum
309,6,1,Paddy rice::RealV6_稻谷_sample2,Paddy rice
309,6,2,Brown rice::RealV6_糙米_sample6,Brown rice
309,6,3,Sorghum::RealV6_高粱_sample9,Sorghum
309,6,4,Cassava::RealV6_木薯_sample9,Cassava
309,6,5,Rice bran::RealV6_米糠_sample3,Rice bran
309,6,6,Wheat bran::RealV6_小麦麸_sample5,Wheat bran
309,9,1,Paddy rice::RealV6_稻谷_sample2,Paddy rice
309,9,2,Brown rice::RealV6_糙米_sample6,Brown rice
309,9,3,Sorghum::RealV6_高粱_sample9,Sorghum
309,9,4,Cassava::RealV6_木薯_sample9,Cassava
309,9,5,Rice bran::RealV6_米糠_sample3,Rice bran
309,9,6,Wheat bran::RealV6_小麦麸_sample5,Wheat bran
309,9,7,Cassava::RealV6_木薯_sample6,Cassava
309,9,8,Wheat bran::RealV6_小麦麸_sample1,Wheat bran
309,9,9,Rice bran::RealV6_米糠_sample9,Rice bran
309,12,1,Paddy rice::RealV6_稻谷_sample2,Paddy rice
309,12,2,Brown rice::RealV6_糙米_sample6,Brown rice
309,12,3,Sorghum::RealV6_高粱_sample9,Sorghum
309,12,4,Cassava::RealV6_木薯_sample9,Cassava
309,12,5,Rice bran::RealV6_米糠_sample3,Rice bran
309,12,6,Wheat bran::RealV6_小麦麸_sample5,Wheat bran
309,12,7,Cassava::RealV6_木薯_sample6,Cassava
309,12,8,Wheat bran::RealV6_小麦麸_sample1,Wheat bran
309,12,9,Rice bran::RealV6_米糠_sample9,Rice bran
309,12,10,Rapeseed cake::RealV6_菜籽饼_sample10,Rapeseed cake
309,12,11,Brown rice::RealV6_糙米_sample10,Brown rice
309,12,12,Cassava::RealV6_木薯_sample8,Cassava
310,3,1,Rice bran::RealV6_米糠_sample6,Rice bran
310,3,2,Paddy rice::RealV6_稻谷_sample7,Paddy rice
310,3,3,Rice bran::RealV6_米糠_sample4,Rice bran
310,6,1,Rice bran::RealV6_米糠_sample6,Rice bran
310,6,2,Paddy rice::RealV6_稻谷_sample7,Paddy rice
310,6,3,Rice bran::RealV6_米糠_sample4,Rice bran
310,6,4,Wheat::RealV6_小麦_sample10,Wheat
310,6,5,Cassava::RealV6_木薯_sample1,Cassava
310,6,6,Wheat::RealV6_小麦_sample5,Wheat
310,9,1,Rice bran::RealV6_米糠_sample6,Rice bran
310,9,2,Paddy rice::RealV6_稻谷_sample7,Paddy rice
310,9,3,Rice bran::RealV6_米糠_sample4,Rice bran
310,9,4,Wheat::RealV6_小麦_sample10,Wheat
310,9,5,Cassava::RealV6_木薯_sample1,Cassava
310,9,6,Wheat::RealV6_小麦_sample5,Wheat
310,9,7,Cassava::RealV6_木薯_sample7,Cassava
310,9,8,Brown rice::RealV6_糙米_sample1,Brown rice
310,9,9,Brown rice::RealV6_糙米_sample2,Brown rice
310,12,1,Rice bran::RealV6_米糠_sample6,Rice bran
310,12,2,Paddy rice::RealV6_稻谷_sample7,Paddy rice
310,12,3,Rice bran::RealV6_米糠_sample4,Rice bran
310,12,4,Wheat::RealV6_小麦_sample10,Wheat
310,12,5,Cassava::RealV6_木薯_sample1,Cassava
310,12,6,Wheat::RealV6_小麦_sample5,Wheat
310,12,7,Cassava::RealV6_木薯_sample7,Cassava
310,12,8,Brown rice::RealV6_糙米_sample1,Brown rice
310,12,9,Brown rice::RealV6_糙米_sample2,Brown rice
310,12,10,Sorghum::RealV6_高粱_sample5,Sorghum
310,12,11,Wheat bran::RealV6_小麦麸_sample10,Wheat bran
310,12,12,Barley::RealV6_大麦_sample1,Barley
311,3,1,Rapeseed cake::RealV6_菜籽饼_sample7,Rapeseed cake
311,3,2,Rapeseed cake::RealV6_菜籽饼_sample6,Rapeseed cake
311,3,3,Wheat bran::RealV6_小麦麸_sample4,Wheat bran
311,6,1,Rapeseed cake::RealV6_菜籽饼_sample7,Rapeseed cake
311,6,2,Rapeseed cake::RealV6_菜籽饼_sample6,Rapeseed cake
311,6,3,Wheat bran::RealV6_小麦麸_sample4,Wheat bran
311,6,4,Brown rice::RealV6_糙米_sample1,Brown rice
311,6,5,Cassava::RealV6_木薯_sample3,Cassava
311,6,6,Wheat::RealV6_小麦_sample5,Wheat
311,9,1,Rapeseed cake::RealV6_菜籽饼_sample7,Rapeseed cake
311,9,2,Rapeseed cake::RealV6_菜籽饼_sample6,Rapeseed cake
311,9,3,Wheat bran::RealV6_小麦麸_sample4,Wheat bran
311,9,4,Brown rice::RealV6_糙米_sample1,Brown rice
311,9,5,Cassava::RealV6_木薯_sample3,Cassava
311,9,6,Wheat::RealV6_小麦_sample5,Wheat
311,9,7,Rice bran::RealV6_米糠_sample9,Rice bran
311,9,8,Rice bran::RealV6_米糠_sample3,Rice bran
311,9,9,Paddy rice::RealV6_稻谷_sample10,Paddy rice
311,12,1,Rapeseed cake::RealV6_菜籽饼_sample7,Rapeseed cake
311,12,2,Rapeseed cake::RealV6_菜籽饼_sample6,Rapeseed cake
311,12,3,Wheat bran::RealV6_小麦麸_sample4,Wheat bran
311,12,4,Brown rice::RealV6_糙米_sample1,Brown rice
311,12,5,Cassava::RealV6_木薯_sample3,Cassava
311,12,6,Wheat::RealV6_小麦_sample5,Wheat
311,12,7,Rice bran::RealV6_米糠_sample9,Rice bran
311,12,8,Rice bran::RealV6_米糠_sample3,Rice bran
311,12,9,Paddy rice::RealV6_稻谷_sample10,Paddy rice
311,12,10,Brown rice::RealV6_糙米_sample8,Brown rice
311,12,11,Paddy rice::RealV6_稻谷_sample11,Paddy rice
311,12,12,Wheat::RealV6_小麦_sample3,Wheat
312,3,1,Sorghum::RealV6_高粱_sample3,Sorghum
312,3,2,Rapeseed cake::RealV6_菜籽饼_sample9,Rapeseed cake
312,3,3,Paddy rice::RealV6_稻谷_sample8,Paddy rice
312,6,1,Sorghum::RealV6_高粱_sample3,Sorghum
312,6,2,Rapeseed cake::RealV6_菜籽饼_sample9,Rapeseed cake
312,6,3,Paddy rice::RealV6_稻谷_sample8,Paddy rice
312,6,4,Wheat::RealV6_小麦_sample6,Wheat
312,6,5,Sorghum::RealV6_高粱_sample1,Sorghum
312,6,6,Brown rice::RealV6_糙米_sample10,Brown rice
312,9,1,Sorghum::RealV6_高粱_sample3,Sorghum
312,9,2,Rapeseed cake::RealV6_菜籽饼_sample9,Rapeseed cake
312,9,3,Paddy rice::RealV6_稻谷_sample8,Paddy rice
312,9,4,Wheat::RealV6_小麦_sample6,Wheat
312,9,5,Sorghum::RealV6_高粱_sample1,Sorghum
312,9,6,Brown rice::RealV6_糙米_sample10,Brown rice
312,9,7,Wheat bran::RealV6_小麦麸_sample10,Wheat bran
312,9,8,Sorghum::RealV6_高粱_sample4,Sorghum
312,9,9,Wheat::RealV6_小麦_sample3,Wheat
312,12,1,Sorghum::RealV6_高粱_sample3,Sorghum
312,12,2,Rapeseed cake::RealV6_菜籽饼_sample9,Rapeseed cake
312,12,3,Paddy rice::RealV6_稻谷_sample8,Paddy rice
312,12,4,Wheat::RealV6_小麦_sample6,Wheat
312,12,5,Sorghum::RealV6_高粱_sample1,Sorghum
312,12,6,Brown rice::RealV6_糙米_sample10,Brown rice
312,12,7,Wheat bran::RealV6_小麦麸_sample10,Wheat bran
312,12,8,Sorghum::RealV6_高粱_sample4,Sorghum
312,12,9,Wheat::RealV6_小麦_sample3,Wheat
312,12,10,Paddy rice::RealV6_稻谷_sample3,Paddy rice
312,12,11,Rapeseed cake::RealV6_菜籽饼_sample4,Rapeseed cake
312,12,12,Cassava::RealV6_木薯_sample4,Cassava
313,3,1,Brown rice::RealV6_糙米_sample9,Brown rice
313,3,2,Rice bran::RealV6_米糠_sample2,Rice bran
313,3,3,Paddy rice::RealV6_稻谷_sample11,Paddy rice
313,6,1,Brown rice::RealV6_糙米_sample9,Brown rice
313,6,2,Rice bran::RealV6_米糠_sample2,Rice bran
313,6,3,Paddy rice::RealV6_稻谷_sample11,Paddy rice
313,6,4,Rapeseed cake::RealV6_菜籽饼_sample4,Rapeseed cake
313,6,5,Wheat bran::RealV6_小麦麸_sample10,Wheat bran
313,6,6,Barley::RealV6_大麦_sample2,Barley
313,9,1,Brown rice::RealV6_糙米_sample9,Brown rice
313,9,2,Rice bran::RealV6_米糠_sample2,Rice bran
313,9,3,Paddy rice::RealV6_稻谷_sample11,Paddy rice
313,9,4,Rapeseed cake::RealV6_菜籽饼_sample4,Rapeseed cake
313,9,5,Wheat bran::RealV6_小麦麸_sample10,Wheat bran
313,9,6,Barley::RealV6_大麦_sample2,Barley
313,9,7,Wheat::RealV6_小麦_sample10,Wheat
313,9,8,Rice bran::RealV6_米糠_sample8,Rice bran
313,9,9,Barley::RealV6_大麦_sample6,Barley
313,12,1,Brown rice::RealV6_糙米_sample9,Brown rice
313,12,2,Rice bran::RealV6_米糠_sample2,Rice bran
313,12,3,Paddy rice::RealV6_稻谷_sample11,Paddy rice
313,12,4,Rapeseed cake::RealV6_菜籽饼_sample4,Rapeseed cake
313,12,5,Wheat bran::RealV6_小麦麸_sample10,Wheat bran
313,12,6,Barley::RealV6_大麦_sample2,Barley
313,12,7,Wheat::RealV6_小麦_sample10,Wheat
313,12,8,Rice bran::RealV6_米糠_sample8,Rice bran
313,12,9,Barley::RealV6_大麦_sample6,Barley
313,12,10,Rice bran::RealV6_米糠_sample6,Rice bran
313,12,11,Rapeseed cake::RealV6_菜籽饼_sample3,Rapeseed cake
313,12,12,Brown rice::RealV6_糙米_sample4,Brown rice
314,3,1,Wheat::RealV6_小麦_sample7,Wheat
314,3,2,Barley::RealV6_大麦_sample7,Barley
314,3,3,Rice bran::RealV6_米糠_sample3,Rice bran
314,6,1,Wheat::RealV6_小麦_sample7,Wheat
314,6,2,Barley::RealV6_大麦_sample7,Barley
314,6,3,Rice bran::RealV6_米糠_sample3,Rice bran
314,6,4,Rice bran::RealV6_米糠_sample6,Rice bran
314,6,5,Sorghum::RealV6_高粱_sample6,Sorghum
314,6,6,Barley::RealV6_大麦_sample5,Barley
314,9,1,Wheat::RealV6_小麦_sample7,Wheat
314,9,2,Barley::RealV6_大麦_sample7,Barley
314,9,3,Rice bran::RealV6_米糠_sample3,Rice bran
314,9,4,Rice bran::RealV6_米糠_sample6,Rice bran
314,9,5,Sorghum::RealV6_高粱_sample6,Sorghum
314,9,6,Barley::RealV6_大麦_sample5,Barley
314,9,7,Paddy rice::RealV6_稻谷_sample4,Paddy rice
314,9,8,Wheat::RealV6_小麦_sample6,Wheat
314,9,9,Wheat::RealV6_小麦_sample8,Wheat
314,12,1,Wheat::RealV6_小麦_sample7,Wheat
314,12,2,Barley::RealV6_大麦_sample7,Barley
314,12,3,Rice bran::RealV6_米糠_sample3,Rice bran
314,12,4,Rice bran::RealV6_米糠_sample6,Rice bran
314,12,5,Sorghum::RealV6_高粱_sample6,Sorghum
314,12,6,Barley::RealV6_大麦_sample5,Barley
314,12,7,Paddy rice::RealV6_稻谷_sample4,Paddy rice
314,12,8,Wheat::RealV6_小麦_sample6,Wheat
314,12,9,Wheat::RealV6_小麦_sample8,Wheat
314,12,10,Brown rice::RealV6_糙米_sample5,Brown rice
314,12,11,Sorghum::RealV6_高粱_sample2,Sorghum
314,12,12,Paddy rice::RealV6_稻谷_sample5,Paddy rice
315,3,1,Wheat bran::RealV6_小麦麸_sample5,Wheat bran
315,3,2,Rapeseed cake::RealV6_菜籽饼_sample7,Rapeseed cake
315,3,3,Rice bran::RealV6_米糠_sample9,Rice bran
315,6,1,Wheat bran::RealV6_小麦麸_sample5,Wheat bran
315,6,2,Rapeseed cake::RealV6_菜籽饼_sample7,Rapeseed cake
315,6,3,Rice bran::RealV6_米糠_sample9,Rice bran
315,6,4,Paddy rice::RealV6_稻谷_sample8,Paddy rice
315,6,5,Cassava::RealV6_木薯_sample5,Cassava
315,6,6,Paddy rice::RealV6_稻谷_sample10,Paddy rice
315,9,1,Wheat bran::RealV6_小麦麸_sample5,Wheat bran
315,9,2,Rapeseed cake::RealV6_菜籽饼_sample7,Rapeseed cake
315,9,3,Rice bran::RealV6_米糠_sample9,Rice bran
315,9,4,Paddy rice::RealV6_稻谷_sample8,Paddy rice
315,9,5,Cassava::RealV6_木薯_sample5,Cassava
315,9,6,Paddy rice::RealV6_稻谷_sample10,Paddy rice
315,9,7,Cassava::RealV6_木薯_sample7,Cassava
315,9,8,Sorghum::RealV6_高粱_sample9,Sorghum
315,9,9,Wheat bran::RealV6_小麦麸_sample7,Wheat bran
315,12,1,Wheat bran::RealV6_小麦麸_sample5,Wheat bran
315,12,2,Rapeseed cake::RealV6_菜籽饼_sample7,Rapeseed cake
315,12,3,Rice bran::RealV6_米糠_sample9,Rice bran
315,12,4,Paddy rice::RealV6_稻谷_sample8,Paddy rice
315,12,5,Cassava::RealV6_木薯_sample5,Cassava
315,12,6,Paddy rice::RealV6_稻谷_sample10,Paddy rice
315,12,7,Cassava::RealV6_木薯_sample7,Cassava
315,12,8,Sorghum::RealV6_高粱_sample9,Sorghum
315,12,9,Wheat bran::RealV6_小麦麸_sample7,Wheat bran
315,12,10,Rice bran::RealV6_米糠_sample7,Rice bran
315,12,11,Rice bran::RealV6_米糠_sample6,Rice bran
315,12,12,Barley::RealV6_大麦_sample8,Barley
316,3,1,Wheat::RealV6_小麦_sample3,Wheat
316,3,2,Rice bran::RealV6_米糠_sample1,Rice bran
316,3,3,Cassava::RealV6_木薯_sample6,Cassava
316,6,1,Wheat::RealV6_小麦_sample3,Wheat
316,6,2,Rice bran::RealV6_米糠_sample1,Rice bran
316,6,3,Cassava::RealV6_木薯_sample6,Cassava
316,6,4,Rice bran::RealV6_米糠_sample7,Rice bran
316,6,5,Cassava::RealV6_木薯_sample2,Cassava
316,6,6,Paddy rice::RealV6_稻谷_sample7,Paddy rice
316,9,1,Wheat::RealV6_小麦_sample3,Wheat
316,9,2,Rice bran::RealV6_米糠_sample1,Rice bran
316,9,3,Cassava::RealV6_木薯_sample6,Cassava
316,9,4,Rice bran::RealV6_米糠_sample7,Rice bran
316,9,5,Cassava::RealV6_木薯_sample2,Cassava
316,9,6,Paddy rice::RealV6_稻谷_sample7,Paddy rice
316,9,7,Paddy rice::RealV6_稻谷_sample10,Paddy rice
316,9,8,Wheat bran::RealV6_小麦麸_sample5,Wheat bran
316,9,9,Paddy rice::RealV6_稻谷_sample8,Paddy rice
316,12,1,Wheat::RealV6_小麦_sample3,Wheat
316,12,2,Rice bran::RealV6_米糠_sample1,Rice bran
316,12,3,Cassava::RealV6_木薯_sample6,Cassava
316,12,4,Rice bran::RealV6_米糠_sample7,Rice bran
316,12,5,Cassava::RealV6_木薯_sample2,Cassava
316,12,6,Paddy rice::RealV6_稻谷_sample7,Paddy rice
316,12,7,Paddy rice::RealV6_稻谷_sample10,Paddy rice
316,12,8,Wheat bran::RealV6_小麦麸_sample5,Wheat bran
316,12,9,Paddy rice::RealV6_稻谷_sample8,Paddy rice
316,12,10,Barley::RealV6_大麦_sample9,Barley
316,12,11,Rice bran::RealV6_米糠_sample6,Rice bran
316,12,12,Sorghum::RealV6_高粱_sample8,Sorghum
317,3,1,Sorghum::RealV6_高粱_sample1,Sorghum
317,3,2,Cassava::RealV6_木薯_sample5,Cassava
317,3,3,Wheat::RealV6_小麦_sample6,Wheat
317,6,1,Sorghum::RealV6_高粱_sample1,Sorghum
317,6,2,Cassava::RealV6_木薯_sample5,Cassava
317,6,3,Wheat::RealV6_小麦_sample6,Wheat
317,6,4,Wheat bran::RealV6_小麦麸_sample3,Wheat bran
317,6,5,Sorghum::RealV6_高粱_sample4,Sorghum
317,6,6,Wheat::RealV6_小麦_sample8,Wheat
317,9,1,Sorghum::RealV6_高粱_sample1,Sorghum
317,9,2,Cassava::RealV6_木薯_sample5,Cassava
317,9,3,Wheat::RealV6_小麦_sample6,Wheat
317,9,4,Wheat bran::RealV6_小麦麸_sample3,Wheat bran
317,9,5,Sorghum::RealV6_高粱_sample4,Sorghum
317,9,6,Wheat::RealV6_小麦_sample8,Wheat
317,9,7,Rapeseed cake::RealV6_菜籽饼_sample10,Rapeseed cake
317,9,8,Barley::RealV6_大麦_sample1,Barley
317,9,9,Paddy rice::RealV6_稻谷_sample4,Paddy rice
317,12,1,Sorghum::RealV6_高粱_sample1,Sorghum
317,12,2,Cassava::RealV6_木薯_sample5,Cassava
317,12,3,Wheat::RealV6_小麦_sample6,Wheat
317,12,4,Wheat bran::RealV6_小麦麸_sample3,Wheat bran
317,12,5,Sorghum::RealV6_高粱_sample4,Sorghum
317,12,6,Wheat::RealV6_小麦_sample8,Wheat
317,12,7,Rapeseed cake::RealV6_菜籽饼_sample10,Rapeseed cake
317,12,8,Barley::RealV6_大麦_sample1,Barley
317,12,9,Paddy rice::RealV6_稻谷_sample4,Paddy rice
317,12,10,Rice bran::RealV6_米糠_sample2,Rice bran
317,12,11,Barley::RealV6_大麦_sample7,Barley
317,12,12,Wheat::RealV6_小麦_sample1,Wheat
318,3,1,Sorghum::RealV6_高粱_sample7,Sorghum
318,3,2,Rice bran::RealV6_米糠_sample1,Rice bran
318,3,3,Rapeseed cake::RealV6_菜籽饼_sample3,Rapeseed cake
318,6,1,Sorghum::RealV6_高粱_sample7,Sorghum
318,6,2,Rice bran::RealV6_米糠_sample1,Rice bran
318,6,3,Rapeseed cake::RealV6_菜籽饼_sample3,Rapeseed cake
318,6,4,Rapeseed cake::RealV6_菜籽饼_sample1,Rapeseed cake
318,6,5,Wheat::RealV6_小麦_sample2,Wheat
318,6,6,Brown rice::RealV6_糙米_sample1,Brown rice
318,9,1,Sorghum::RealV6_高粱_sample7,Sorghum
318,9,2,Rice bran::RealV6_米糠_sample1,Rice bran
318,9,3,Rapeseed cake::RealV6_菜籽饼_sample3,Rapeseed cake
318,9,4,Rapeseed cake::RealV6_菜籽饼_sample1,Rapeseed cake
318,9,5,Wheat::RealV6_小麦_sample2,Wheat
318,9,6,Brown rice::RealV6_糙米_sample1,Brown rice
318,9,7,Cassava::RealV6_木薯_sample3,Cassava
318,9,8,Brown rice::RealV6_糙米_sample7,Brown rice
318,9,9,Paddy rice::RealV6_稻谷_sample4,Paddy rice
318,12,1,Sorghum::RealV6_高粱_sample7,Sorghum
318,12,2,Rice bran::RealV6_米糠_sample1,Rice bran
318,12,3,Rapeseed cake::RealV6_菜籽饼_sample3,Rapeseed cake
318,12,4,Rapeseed cake::RealV6_菜籽饼_sample1,Rapeseed cake
318,12,5,Wheat::RealV6_小麦_sample2,Wheat
318,12,6,Brown rice::RealV6_糙米_sample1,Brown rice
318,12,7,Cassava::RealV6_木薯_sample3,Cassava
318,12,8,Brown rice::RealV6_糙米_sample7,Brown rice
318,12,9,Paddy rice::RealV6_稻谷_sample4,Paddy rice
318,12,10,Rice bran::RealV6_米糠_sample4,Rice bran
318,12,11,Wheat::RealV6_小麦_sample5,Wheat
318,12,12,Sorghum::RealV6_高粱_sample2,Sorghum
319,3,1,Barley::RealV6_大麦_sample8,Barley
319,3,2,Wheat bran::RealV6_小麦麸_sample9,Wheat bran
319,3,3,Wheat bran::RealV6_小麦麸_sample2,Wheat bran
319,6,1,Barley::RealV6_大麦_sample8,Barley
319,6,2,Wheat bran::RealV6_小麦麸_sample9,Wheat bran
319,6,3,Wheat bran::RealV6_小麦麸_sample2,Wheat bran
319,6,4,Barley::RealV6_大麦_sample2,Barley
319,6,5,Wheat bran::RealV6_小麦麸_sample5,Wheat bran
319,6,6,Cassava::RealV6_木薯_sample9,Cassava
319,9,1,Barley::RealV6_大麦_sample8,Barley
319,9,2,Wheat bran::RealV6_小麦麸_sample9,Wheat bran
319,9,3,Wheat bran::RealV6_小麦麸_sample2,Wheat bran
319,9,4,Barley::RealV6_大麦_sample2,Barley
319,9,5,Wheat bran::RealV6_小麦麸_sample5,Wheat bran
319,9,6,Cassava::RealV6_木薯_sample9,Cassava
319,9,7,Wheat::RealV6_小麦_sample8,Wheat
319,9,8,Sorghum::RealV6_高粱_sample3,Sorghum
319,9,9,Rice bran::RealV6_米糠_sample5,Rice bran
319,12,1,Barley::RealV6_大麦_sample8,Barley
319,12,2,Wheat bran::RealV6_小麦麸_sample9,Wheat bran
319,12,3,Wheat bran::RealV6_小麦麸_sample2,Wheat bran
319,12,4,Barley::RealV6_大麦_sample2,Barley
319,12,5,Wheat bran::RealV6_小麦麸_sample5,Wheat bran
319,12,6,Cassava::RealV6_木薯_sample9,Cassava
319,12,7,Wheat::RealV6_小麦_sample8,Wheat
319,12,8,Sorghum::RealV6_高粱_sample3,Sorghum
319,12,9,Rice bran::RealV6_米糠_sample5,Rice bran
319,12,10,Brown rice::RealV6_糙米_sample6,Brown rice
319,12,11,Wheat bran::RealV6_小麦麸_sample1,Wheat bran
319,12,12,Wheat::RealV6_小麦_sample3,Wheat
320,3,1,Sorghum::RealV6_高粱_sample9,Sorghum
320,3,2,Barley::RealV6_大麦_sample10,Barley
320,3,3,Sorghum::RealV6_高粱_sample4,Sorghum
320,6,1,Sorghum::RealV6_高粱_sample9,Sorghum
320,6,2,Barley::RealV6_大麦_sample10,Barley
320,6,3,Sorghum::RealV6_高粱_sample4,Sorghum
320,6,4,Rapeseed cake::RealV6_菜籽饼_sample1,Rapeseed cake
320,6,5,Rice bran::RealV6_米糠_sample3,Rice bran
320,6,6,Rapeseed cake::RealV6_菜籽饼_sample3,Rapeseed cake
320,9,1,Sorghum::RealV6_高粱_sample9,Sorghum
320,9,2,Barley::RealV6_大麦_sample10,Barley
320,9,3,Sorghum::RealV6_高粱_sample4,Sorghum
320,9,4,Rapeseed cake::RealV6_菜籽饼_sample1,Rapeseed cake
320,9,5,Rice bran::RealV6_米糠_sample3,Rice bran
320,9,6,Rapeseed cake::RealV6_菜籽饼_sample3,Rapeseed cake
320,9,7,Wheat::RealV6_小麦_sample1,Wheat
320,9,8,Paddy rice::RealV6_稻谷_sample4,Paddy rice
320,9,9,Rapeseed cake::RealV6_菜籽饼_sample7,Rapeseed cake
320,12,1,Sorghum::RealV6_高粱_sample9,Sorghum
320,12,2,Barley::RealV6_大麦_sample10,Barley
320,12,3,Sorghum::RealV6_高粱_sample4,Sorghum
320,12,4,Rapeseed cake::RealV6_菜籽饼_sample1,Rapeseed cake
320,12,5,Rice bran::RealV6_米糠_sample3,Rice bran
320,12,6,Rapeseed cake::RealV6_菜籽饼_sample3,Rapeseed cake
320,12,7,Wheat::RealV6_小麦_sample1,Wheat
320,12,8,Paddy rice::RealV6_稻谷_sample4,Paddy rice
320,12,9,Rapeseed cake::RealV6_菜籽饼_sample7,Rapeseed cake
320,12,10,Sorghum::RealV6_高粱_sample2,Sorghum
320,12,11,Rice bran::RealV6_米糠_sample4,Rice bran
320,12,12,Barley::RealV6_大麦_sample9,Barley
321,3,1,Sorghum::RealV6_高粱_sample1,Sorghum
321,3,2,Rice bran::RealV6_米糠_sample9,Rice bran
321,3,3,Rapeseed cake::RealV6_菜籽饼_sample6,Rapeseed cake
321,6,1,Sorghum::RealV6_高粱_sample1,Sorghum
321,6,2,Rice bran::RealV6_米糠_sample9,Rice bran
321,6,3,Rapeseed cake::RealV6_菜籽饼_sample6,Rapeseed cake
321,6,4,Paddy rice::RealV6_稻谷_sample3,Paddy rice
321,6,5,Cassava::RealV6_木薯_sample8,Cassava
321,6,6,Sorghum::RealV6_高粱_sample6,Sorghum
321,9,1,Sorghum::RealV6_高粱_sample1,Sorghum
321,9,2,Rice bran::RealV6_米糠_sample9,Rice bran
321,9,3,Rapeseed cake::RealV6_菜籽饼_sample6,Rapeseed cake
321,9,4,Paddy rice::RealV6_稻谷_sample3,Paddy rice
321,9,5,Cassava::RealV6_木薯_sample8,Cassava
321,9,6,Sorghum::RealV6_高粱_sample6,Sorghum
321,9,7,Paddy rice::RealV6_稻谷_sample1,Paddy rice
321,9,8,Rapeseed cake::RealV6_菜籽饼_sample3,Rapeseed cake
321,9,9,Paddy rice::RealV6_稻谷_sample6,Paddy rice
321,12,1,Sorghum::RealV6_高粱_sample1,Sorghum
321,12,2,Rice bran::RealV6_米糠_sample9,Rice bran
321,12,3,Rapeseed cake::RealV6_菜籽饼_sample6,Rapeseed cake
321,12,4,Paddy rice::RealV6_稻谷_sample3,Paddy rice
321,12,5,Cassava::RealV6_木薯_sample8,Cassava
321,12,6,Sorghum::RealV6_高粱_sample6,Sorghum
321,12,7,Paddy rice::RealV6_稻谷_sample1,Paddy rice
321,12,8,Rapeseed cake::RealV6_菜籽饼_sample3,Rapeseed cake
321,12,9,Paddy rice::RealV6_稻谷_sample6,Paddy rice
321,12,10,Rice bran::RealV6_米糠_sample4,Rice bran
321,12,11,Cassava::RealV6_木薯_sample5,Cassava
321,12,12,Barley::RealV6_大麦_sample2,Barley
322,3,1,Rapeseed cake::RealV6_菜籽饼_sample3,Rapeseed cake
322,3,2,Rice bran::RealV6_米糠_sample8,Rice bran
322,3,3,Cassava::RealV6_木薯_sample9,Cassava
322,6,1,Rapeseed cake::RealV6_菜籽饼_sample3,Rapeseed cake
322,6,2,Rice bran::RealV6_米糠_sample8,Rice bran
322,6,3,Cassava::RealV6_木薯_sample9,Cassava
322,6,4,Brown rice::RealV6_糙米_sample5,Brown rice
322,6,5,Rice bran::RealV6_米糠_sample2,Rice bran
322,6,6,Paddy rice::RealV6_稻谷_sample1,Paddy rice
322,9,1,Rapeseed cake::RealV6_菜籽饼_sample3,Rapeseed cake
322,9,2,Rice bran::RealV6_米糠_sample8,Rice bran
322,9,3,Cassava::RealV6_木薯_sample9,Cassava
322,9,4,Brown rice::RealV6_糙米_sample5,Brown rice
322,9,5,Rice bran::RealV6_米糠_sample2,Rice bran
322,9,6,Paddy rice::RealV6_稻谷_sample1,Paddy rice
322,9,7,Paddy rice::RealV6_稻谷_sample9,Paddy rice
322,9,8,Sorghum::RealV6_高粱_sample6,Sorghum
322,9,9,Barley::RealV6_大麦_sample5,Barley
322,12,1,Rapeseed cake::RealV6_菜籽饼_sample3,Rapeseed cake
322,12,2,Rice bran::RealV6_米糠_sample8,Rice bran
322,12,3,Cassava::RealV6_木薯_sample9,Cassava
322,12,4,Brown rice::RealV6_糙米_sample5,Brown rice
322,12,5,Rice bran::RealV6_米糠_sample2,Rice bran
322,12,6,Paddy rice::RealV6_稻谷_sample1,Paddy rice
322,12,7,Paddy rice::RealV6_稻谷_sample9,Paddy rice
322,12,8,Sorghum::RealV6_高粱_sample6,Sorghum
322,12,9,Barley::RealV6_大麦_sample5,Barley
322,12,10,Sorghum::RealV6_高粱_sample3,Sorghum
322,12,11,Cassava::RealV6_木薯_sample5,Cassava
322,12,12,Wheat::RealV6_小麦_sample4,Wheat
323,3,1,Cassava::RealV6_木薯_sample8,Cassava
323,3,2,Wheat::RealV6_小麦_sample6,Wheat
323,3,3,Cassava::RealV6_木薯_sample5,Cassava
323,6,1,Cassava::RealV6_木薯_sample8,Cassava
323,6,2,Wheat::RealV6_小麦_sample6,Wheat
323,6,3,Cassava::RealV6_木薯_sample5,Cassava
323,6,4,Cassava::RealV6_木薯_sample4,Cassava
323,6,5,Wheat::RealV6_小麦_sample7,Wheat
323,6,6,Paddy rice::RealV6_稻谷_sample11,Paddy rice
323,9,1,Cassava::RealV6_木薯_sample8,Cassava
323,9,2,Wheat::RealV6_小麦_sample6,Wheat
323,9,3,Cassava::RealV6_木薯_sample5,Cassava
323,9,4,Cassava::RealV6_木薯_sample4,Cassava
323,9,5,Wheat::RealV6_小麦_sample7,Wheat
323,9,6,Paddy rice::RealV6_稻谷_sample11,Paddy rice
323,9,7,Barley::RealV6_大麦_sample3,Barley
323,9,8,Rapeseed cake::RealV6_菜籽饼_sample7,Rapeseed cake
323,9,9,Sorghum::RealV6_高粱_sample10,Sorghum
323,12,1,Cassava::RealV6_木薯_sample8,Cassava
323,12,2,Wheat::RealV6_小麦_sample6,Wheat
323,12,3,Cassava::RealV6_木薯_sample5,Cassava
323,12,4,Cassava::RealV6_木薯_sample4,Cassava
323,12,5,Wheat::RealV6_小麦_sample7,Wheat
323,12,6,Paddy rice::RealV6_稻谷_sample11,Paddy rice
323,12,7,Barley::RealV6_大麦_sample3,Barley
323,12,8,Rapeseed cake::RealV6_菜籽饼_sample7,Rapeseed cake
323,12,9,Sorghum::RealV6_高粱_sample10,Sorghum
323,12,10,Brown rice::RealV6_糙米_sample1,Brown rice
323,12,11,Paddy rice::RealV6_稻谷_sample8,Paddy rice
323,12,12,Rapeseed cake::RealV6_菜籽饼_sample6,Rapeseed cake
324,3,1,Rice bran::RealV6_米糠_sample5,Rice bran
324,3,2,Wheat::RealV6_小麦_sample1,Wheat
324,3,3,Sorghum::RealV6_高粱_sample6,Sorghum
324,6,1,Rice bran::RealV6_米糠_sample5,Rice bran
324,6,2,Wheat::RealV6_小麦_sample1,Wheat
324,6,3,Sorghum::RealV6_高粱_sample6,Sorghum
324,6,4,Paddy rice::RealV6_稻谷_sample10,Paddy rice
324,6,5,Cassava::RealV6_木薯_sample4,Cassava
324,6,6,Wheat bran::RealV6_小麦麸_sample2,Wheat bran
324,9,1,Rice bran::RealV6_米糠_sample5,Rice bran
324,9,2,Wheat::RealV6_小麦_sample1,Wheat
324,9,3,Sorghum::RealV6_高粱_sample6,Sorghum
324,9,4,Paddy rice::RealV6_稻谷_sample10,Paddy rice
324,9,5,Cassava::RealV6_木薯_sample4,Cassava
324,9,6,Wheat bran::RealV6_小麦麸_sample2,Wheat bran
324,9,7,Sorghum::RealV6_高粱_sample2,Sorghum
324,9,8,Paddy rice::RealV6_稻谷_sample2,Paddy rice
324,9,9,Brown rice::RealV6_糙米_sample2,Brown rice
324,12,1,Rice bran::RealV6_米糠_sample5,Rice bran
324,12,2,Wheat::RealV6_小麦_sample1,Wheat
324,12,3,Sorghum::RealV6_高粱_sample6,Sorghum
324,12,4,Paddy rice::RealV6_稻谷_sample10,Paddy rice
324,12,5,Cassava::RealV6_木薯_sample4,Cassava
324,12,6,Wheat bran::RealV6_小麦麸_sample2,Wheat bran
324,12,7,Sorghum::RealV6_高粱_sample2,Sorghum
324,12,8,Paddy rice::RealV6_稻谷_sample2,Paddy rice
324,12,9,Brown rice::RealV6_糙米_sample2,Brown rice
324,12,10,Rapeseed cake::RealV6_菜籽饼_sample8,Rapeseed cake
324,12,11,Rice bran::RealV6_米糠_sample4,Rice bran
324,12,12,Paddy rice::RealV6_稻谷_sample1,Paddy rice
325,3,1,Wheat::RealV6_小麦_sample10,Wheat
325,3,2,Rice bran::RealV6_米糠_sample9,Rice bran
325,3,3,Paddy rice::RealV6_稻谷_sample5,Paddy rice
325,6,1,Wheat::RealV6_小麦_sample10,Wheat
325,6,2,Rice bran::RealV6_米糠_sample9,Rice bran
325,6,3,Paddy rice::RealV6_稻谷_sample5,Paddy rice
325,6,4,Wheat bran::RealV6_小麦麸_sample7,Wheat bran
325,6,5,Sorghum::RealV6_高粱_sample7,Sorghum
325,6,6,Rapeseed cake::RealV6_菜籽饼_sample6,Rapeseed cake
325,9,1,Wheat::RealV6_小麦_sample10,Wheat
325,9,2,Rice bran::RealV6_米糠_sample9,Rice bran
325,9,3,Paddy rice::RealV6_稻谷_sample5,Paddy rice
325,9,4,Wheat bran::RealV6_小麦麸_sample7,Wheat bran
325,9,5,Sorghum::RealV6_高粱_sample7,Sorghum
325,9,6,Rapeseed cake::RealV6_菜籽饼_sample6,Rapeseed cake
325,9,7,Brown rice::RealV6_糙米_sample9,Brown rice
325,9,8,Barley::RealV6_大麦_sample5,Barley
325,9,9,Rapeseed cake::RealV6_菜籽饼_sample7,Rapeseed cake
325,12,1,Wheat::RealV6_小麦_sample10,Wheat
325,12,2,Rice bran::RealV6_米糠_sample9,Rice bran
325,12,3,Paddy rice::RealV6_稻谷_sample5,Paddy rice
325,12,4,Wheat bran::RealV6_小麦麸_sample7,Wheat bran
325,12,5,Sorghum::RealV6_高粱_sample7,Sorghum
325,12,6,Rapeseed cake::RealV6_菜籽饼_sample6,Rapeseed cake
325,12,7,Brown rice::RealV6_糙米_sample9,Brown rice
325,12,8,Barley::RealV6_大麦_sample5,Barley
325,12,9,Rapeseed cake::RealV6_菜籽饼_sample7,Rapeseed cake
325,12,10,Rapeseed cake::RealV6_菜籽饼_sample9,Rapeseed cake
325,12,11,Cassava::RealV6_木薯_sample6,Cassava
325,12,12,Rapeseed cake::RealV6_菜籽饼_sample10,Rapeseed cake
326,3,1,Paddy rice::RealV6_稻谷_sample11,Paddy rice
326,3,2,Cassava::RealV6_木薯_sample3,Cassava
326,3,3,Wheat bran::RealV6_小麦麸_sample7,Wheat bran
326,6,1,Paddy rice::RealV6_稻谷_sample11,Paddy rice
326,6,2,Cassava::RealV6_木薯_sample3,Cassava
326,6,3,Wheat bran::RealV6_小麦麸_sample7,Wheat bran
326,6,4,Rice bran::RealV6_米糠_sample7,Rice bran
326,6,5,Wheat bran::RealV6_小麦麸_sample5,Wheat bran
326,6,6,Paddy rice::RealV6_稻谷_sample8,Paddy rice
326,9,1,Paddy rice::RealV6_稻谷_sample11,Paddy rice
326,9,2,Cassava::RealV6_木薯_sample3,Cassava
326,9,3,Wheat bran::RealV6_小麦麸_sample7,Wheat bran
326,9,4,Rice bran::RealV6_米糠_sample7,Rice bran
326,9,5,Wheat bran::RealV6_小麦麸_sample5,Wheat bran
326,9,6,Paddy rice::RealV6_稻谷_sample8,Paddy rice
326,9,7,Barley::RealV6_大麦_sample5,Barley
326,9,8,Brown rice::RealV6_糙米_sample8,Brown rice
326,9,9,Brown rice::RealV6_糙米_sample4,Brown rice
326,12,1,Paddy rice::RealV6_稻谷_sample11,Paddy rice
326,12,2,Cassava::RealV6_木薯_sample3,Cassava
326,12,3,Wheat bran::RealV6_小麦麸_sample7,Wheat bran
326,12,4,Rice bran::RealV6_米糠_sample7,Rice bran
326,12,5,Wheat bran::RealV6_小麦麸_sample5,Wheat bran
326,12,6,Paddy rice::RealV6_稻谷_sample8,Paddy rice
326,12,7,Barley::RealV6_大麦_sample5,Barley
326,12,8,Brown rice::RealV6_糙米_sample8,Brown rice
326,12,9,Brown rice::RealV6_糙米_sample4,Brown rice
326,12,10,Barley::RealV6_大麦_sample6,Barley
326,12,11,Sorghum::RealV6_高粱_sample7,Sorghum
326,12,12,Sorghum::RealV6_高粱_sample10,Sorghum
327,3,1,Rice bran::RealV6_米糠_sample4,Rice bran
327,3,2,Paddy rice::RealV6_稻谷_sample6,Paddy rice
327,3,3,Paddy rice::RealV6_稻谷_sample7,Paddy rice
327,6,1,Rice bran::RealV6_米糠_sample4,Rice bran
327,6,2,Paddy rice::RealV6_稻谷_sample6,Paddy rice
327,6,3,Paddy rice::RealV6_稻谷_sample7,Paddy rice
327,6,4,Rapeseed cake::RealV6_菜籽饼_sample1,Rapeseed cake
327,6,5,Barley::RealV6_大麦_sample9,Barley
327,6,6,Wheat::RealV6_小麦_sample4,Wheat
327,9,1,Rice bran::RealV6_米糠_sample4,Rice bran
327,9,2,Paddy rice::RealV6_稻谷_sample6,Paddy rice
327,9,3,Paddy rice::RealV6_稻谷_sample7,Paddy rice
327,9,4,Rapeseed cake::RealV6_菜籽饼_sample1,Rapeseed cake
327,9,5,Barley::RealV6_大麦_sample9,Barley
327,9,6,Wheat::RealV6_小麦_sample4,Wheat
327,9,7,Cassava::RealV6_木薯_sample1,Cassava
327,9,8,Wheat::RealV6_小麦_sample6,Wheat
327,9,9,Brown rice::RealV6_糙米_sample7,Brown rice
327,12,1,Rice bran::RealV6_米糠_sample4,Rice bran
327,12,2,Paddy rice::RealV6_稻谷_sample6,Paddy rice
327,12,3,Paddy rice::RealV6_稻谷_sample7,Paddy rice
327,12,4,Rapeseed cake::RealV6_菜籽饼_sample1,Rapeseed cake
327,12,5,Barley::RealV6_大麦_sample9,Barley
327,12,6,Wheat::RealV6_小麦_sample4,Wheat
327,12,7,Cassava::RealV6_木薯_sample1,Cassava
327,12,8,Wheat::RealV6_小麦_sample6,Wheat
327,12,9,Brown rice::RealV6_糙米_sample7,Brown rice
327,12,10,Wheat bran::RealV6_小麦麸_sample1,Wheat bran
327,12,11,Cassava::RealV6_木薯_sample5,Cassava
327,12,12,Barley::RealV6_大麦_sample6,Barley
328,3,1,Paddy rice::RealV6_稻谷_sample11,Paddy rice
328,3,2,Wheat::RealV6_小麦_sample4,Wheat
328,3,3,Wheat::RealV6_小麦_sample10,Wheat
328,6,1,Paddy rice::RealV6_稻谷_sample11,Paddy rice
328,6,2,Wheat::RealV6_小麦_sample4,Wheat
328,6,3,Wheat::RealV6_小麦_sample10,Wheat
328,6,4,Rapeseed cake::RealV6_菜籽饼_sample4,Rapeseed cake
328,6,5,Brown rice::RealV6_糙米_sample5,Brown rice
328,6,6,Cassava::RealV6_木薯_sample4,Cassava
328,9,1,Paddy rice::RealV6_稻谷_sample11,Paddy rice
328,9,2,Wheat::RealV6_小麦_sample4,Wheat
328,9,3,Wheat::RealV6_小麦_sample10,Wheat
328,9,4,Rapeseed cake::RealV6_菜籽饼_sample4,Rapeseed cake
328,9,5,Brown rice::RealV6_糙米_sample5,Brown rice
328,9,6,Cassava::RealV6_木薯_sample4,Cassava
328,9,7,Rapeseed cake::RealV6_菜籽饼_sample6,Rapeseed cake
328,9,8,Cassava::RealV6_木薯_sample8,Cassava
328,9,9,Rice bran::RealV6_米糠_sample9,Rice bran
328,12,1,Paddy rice::RealV6_稻谷_sample11,Paddy rice
328,12,2,Wheat::RealV6_小麦_sample4,Wheat
328,12,3,Wheat::RealV6_小麦_sample10,Wheat
328,12,4,Rapeseed cake::RealV6_菜籽饼_sample4,Rapeseed cake
328,12,5,Brown rice::RealV6_糙米_sample5,Brown rice
328,12,6,Cassava::RealV6_木薯_sample4,Cassava
328,12,7,Rapeseed cake::RealV6_菜籽饼_sample6,Rapeseed cake
328,12,8,Cassava::RealV6_木薯_sample8,Cassava
328,12,9,Rice bran::RealV6_米糠_sample9,Rice bran
328,12,10,Rice bran::RealV6_米糠_sample1,Rice bran
328,12,11,Wheat::RealV6_小麦_sample2,Wheat
328,12,12,Sorghum::RealV6_高粱_sample6,Sorghum
329,3,1,Brown rice::RealV6_糙米_sample4,Brown rice
329,3,2,Rapeseed cake::RealV6_菜籽饼_sample3,Rapeseed cake
329,3,3,Brown rice::RealV6_糙米_sample9,Brown rice
329,6,1,Brown rice::RealV6_糙米_sample4,Brown rice
329,6,2,Rapeseed cake::RealV6_菜籽饼_sample3,Rapeseed cake
329,6,3,Brown rice::RealV6_糙米_sample9,Brown rice
329,6,4,Rapeseed cake::RealV6_菜籽饼_sample1,Rapeseed cake
329,6,5,Rice bran::RealV6_米糠_sample10,Rice bran
329,6,6,Wheat bran::RealV6_小麦麸_sample5,Wheat bran
329,9,1,Brown rice::RealV6_糙米_sample4,Brown rice
329,9,2,Rapeseed cake::RealV6_菜籽饼_sample3,Rapeseed cake
329,9,3,Brown rice::RealV6_糙米_sample9,Brown rice
329,9,4,Rapeseed cake::RealV6_菜籽饼_sample1,Rapeseed cake
329,9,5,Rice bran::RealV6_米糠_sample10,Rice bran
329,9,6,Wheat bran::RealV6_小麦麸_sample5,Wheat bran
329,9,7,Wheat::RealV6_小麦_sample9,Wheat
329,9,8,Sorghum::RealV6_高粱_sample1,Sorghum
329,9,9,Barley::RealV6_大麦_sample1,Barley
329,12,1,Brown rice::RealV6_糙米_sample4,Brown rice
329,12,2,Rapeseed cake::RealV6_菜籽饼_sample3,Rapeseed cake
329,12,3,Brown rice::RealV6_糙米_sample9,Brown rice
329,12,4,Rapeseed cake::RealV6_菜籽饼_sample1,Rapeseed cake
329,12,5,Rice bran::RealV6_米糠_sample10,Rice bran
329,12,6,Wheat bran::RealV6_小麦麸_sample5,Wheat bran
329,12,7,Wheat::RealV6_小麦_sample9,Wheat
329,12,8,Sorghum::RealV6_高粱_sample1,Sorghum
329,12,9,Barley::RealV6_大麦_sample1,Barley
329,12,10,Brown rice::RealV6_糙米_sample5,Brown rice
329,12,11,Cassava::RealV6_木薯_sample8,Cassava
329,12,12,Cassava::RealV6_木薯_sample9,Cassava
330,3,1,Wheat::RealV6_小麦_sample6,Wheat
330,3,2,Barley::RealV6_大麦_sample1,Barley
330,3,3,Rapeseed cake::RealV6_菜籽饼_sample2,Rapeseed cake
330,6,1,Wheat::RealV6_小麦_sample6,Wheat
330,6,2,Barley::RealV6_大麦_sample1,Barley
330,6,3,Rapeseed cake::RealV6_菜籽饼_sample2,Rapeseed cake
330,6,4,Wheat::RealV6_小麦_sample10,Wheat
330,6,5,Rapeseed cake::RealV6_菜籽饼_sample3,Rapeseed cake
330,6,6,Brown rice::RealV6_糙米_sample3,Brown rice
330,9,1,Wheat::RealV6_小麦_sample6,Wheat
330,9,2,Barley::RealV6_大麦_sample1,Barley
330,9,3,Rapeseed cake::RealV6_菜籽饼_sample2,Rapeseed cake
330,9,4,Wheat::RealV6_小麦_sample10,Wheat
330,9,5,Rapeseed cake::RealV6_菜籽饼_sample3,Rapeseed cake
330,9,6,Brown rice::RealV6_糙米_sample3,Brown rice
330,9,7,Paddy rice::RealV6_稻谷_sample9,Paddy rice
330,9,8,Rapeseed cake::RealV6_菜籽饼_sample10,Rapeseed cake
330,9,9,Rapeseed cake::RealV6_菜籽饼_sample7,Rapeseed cake
330,12,1,Wheat::RealV6_小麦_sample6,Wheat
330,12,2,Barley::RealV6_大麦_sample1,Barley
330,12,3,Rapeseed cake::RealV6_菜籽饼_sample2,Rapeseed cake
330,12,4,Wheat::RealV6_小麦_sample10,Wheat
330,12,5,Rapeseed cake::RealV6_菜籽饼_sample3,Rapeseed cake
330,12,6,Brown rice::RealV6_糙米_sample3,Brown rice
330,12,7,Paddy rice::RealV6_稻谷_sample9,Paddy rice
330,12,8,Rapeseed cake::RealV6_菜籽饼_sample10,Rapeseed cake
330,12,9,Rapeseed cake::RealV6_菜籽饼_sample7,Rapeseed cake
330,12,10,Sorghum::RealV6_高粱_sample6,Sorghum
330,12,11,Rice bran::RealV6_米糠_sample5,Rice bran
330,12,12,Wheat::RealV6_小麦_sample3,Wheat
331,3,1,Brown rice::RealV6_糙米_sample3,Brown rice
331,3,2,Rice bran::RealV6_米糠_sample2,Rice bran
331,3,3,Paddy rice::RealV6_稻谷_sample4,Paddy rice
331,6,1,Brown rice::RealV6_糙米_sample3,Brown rice
331,6,2,Rice bran::RealV6_米糠_sample2,Rice bran
331,6,3,Paddy rice::RealV6_稻谷_sample4,Paddy rice
331,6,4,Sorghum::RealV6_高粱_sample7,Sorghum
331,6,5,Brown rice::RealV6_糙米_sample10,Brown rice
331,6,6,Cassava::RealV6_木薯_sample10,Cassava
331,9,1,Brown rice::RealV6_糙米_sample3,Brown rice
331,9,2,Rice bran::RealV6_米糠_sample2,Rice bran
331,9,3,Paddy rice::RealV6_稻谷_sample4,Paddy rice
331,9,4,Sorghum::RealV6_高粱_sample7,Sorghum
331,9,5,Brown rice::RealV6_糙米_sample10,Brown rice
331,9,6,Cassava::RealV6_木薯_sample10,Cassava
331,9,7,Paddy rice::RealV6_稻谷_sample6,Paddy rice
331,9,8,Wheat bran::RealV6_小麦麸_sample3,Wheat bran
331,9,9,Wheat::RealV6_小麦_sample7,Wheat
331,12,1,Brown rice::RealV6_糙米_sample3,Brown rice
331,12,2,Rice bran::RealV6_米糠_sample2,Rice bran
331,12,3,Paddy rice::RealV6_稻谷_sample4,Paddy rice
331,12,4,Sorghum::RealV6_高粱_sample7,Sorghum
331,12,5,Brown rice::RealV6_糙米_sample10,Brown rice
331,12,6,Cassava::RealV6_木薯_sample10,Cassava
331,12,7,Paddy rice::RealV6_稻谷_sample6,Paddy rice
331,12,8,Wheat bran::RealV6_小麦麸_sample3,Wheat bran
331,12,9,Wheat::RealV6_小麦_sample7,Wheat
331,12,10,Paddy rice::RealV6_稻谷_sample10,Paddy rice
331,12,11,Rapeseed cake::RealV6_菜籽饼_sample5,Rapeseed cake
331,12,12,Cassava::RealV6_木薯_sample7,Cassava
332,3,1,Barley::RealV6_大麦_sample2,Barley
332,3,2,Rice bran::RealV6_米糠_sample8,Rice bran
332,3,3,Wheat bran::RealV6_小麦麸_sample3,Wheat bran
332,6,1,Barley::RealV6_大麦_sample2,Barley
332,6,2,Rice bran::RealV6_米糠_sample8,Rice bran
332,6,3,Wheat bran::RealV6_小麦麸_sample3,Wheat bran
332,6,4,Wheat bran::RealV6_小麦麸_sample5,Wheat bran
332,6,5,Rice bran::RealV6_米糠_sample4,Rice bran
332,6,6,Rapeseed cake::RealV6_菜籽饼_sample1,Rapeseed cake
332,9,1,Barley::RealV6_大麦_sample2,Barley
332,9,2,Rice bran::RealV6_米糠_sample8,Rice bran
332,9,3,Wheat bran::RealV6_小麦麸_sample3,Wheat bran
332,9,4,Wheat bran::RealV6_小麦麸_sample5,Wheat bran
332,9,5,Rice bran::RealV6_米糠_sample4,Rice bran
332,9,6,Rapeseed cake::RealV6_菜籽饼_sample1,Rapeseed cake
332,9,7,Barley::RealV6_大麦_sample8,Barley
332,9,8,Sorghum::RealV6_高粱_sample1,Sorghum
332,9,9,Rapeseed cake::RealV6_菜籽饼_sample6,Rapeseed cake
332,12,1,Barley::RealV6_大麦_sample2,Barley
332,12,2,Rice bran::RealV6_米糠_sample8,Rice bran
332,12,3,Wheat bran::RealV6_小麦麸_sample3,Wheat bran
332,12,4,Wheat bran::RealV6_小麦麸_sample5,Wheat bran
332,12,5,Rice bran::RealV6_米糠_sample4,Rice bran
332,12,6,Rapeseed cake::RealV6_菜籽饼_sample1,Rapeseed cake
332,12,7,Barley::RealV6_大麦_sample8,Barley
332,12,8,Sorghum::RealV6_高粱_sample1,Sorghum
332,12,9,Rapeseed cake::RealV6_菜籽饼_sample6,Rapeseed cake
332,12,10,Cassava::RealV6_木薯_sample4,Cassava
332,12,11,Sorghum::RealV6_高粱_sample10,Sorghum
332,12,12,Rice bran::RealV6_米糠_sample2,Rice bran
333,3,1,Wheat::RealV6_小麦_sample3,Wheat
333,3,2,Cassava::RealV6_木薯_sample1,Cassava
333,3,3,Sorghum::RealV6_高粱_sample4,Sorghum
333,6,1,Wheat::RealV6_小麦_sample3,Wheat
333,6,2,Cassava::RealV6_木薯_sample1,Cassava
333,6,3,Sorghum::RealV6_高粱_sample4,Sorghum
333,6,4,Barley::RealV6_大麦_sample9,Barley
333,6,5,Brown rice::RealV6_糙米_sample4,Brown rice
333,6,6,Sorghum::RealV6_高粱_sample2,Sorghum
333,9,1,Wheat::RealV6_小麦_sample3,Wheat
333,9,2,Cassava::RealV6_木薯_sample1,Cassava
333,9,3,Sorghum::RealV6_高粱_sample4,Sorghum
333,9,4,Barley::RealV6_大麦_sample9,Barley
333,9,5,Brown rice::RealV6_糙米_sample4,Brown rice
333,9,6,Sorghum::RealV6_高粱_sample2,Sorghum
333,9,7,Paddy rice::RealV6_稻谷_sample11,Paddy rice
333,9,8,Rice bran::RealV6_米糠_sample6,Rice bran
333,9,9,Paddy rice::RealV6_稻谷_sample1,Paddy rice
333,12,1,Wheat::RealV6_小麦_sample3,Wheat
333,12,2,Cassava::RealV6_木薯_sample1,Cassava
333,12,3,Sorghum::RealV6_高粱_sample4,Sorghum
333,12,4,Barley::RealV6_大麦_sample9,Barley
333,12,5,Brown rice::RealV6_糙米_sample4,Brown rice
333,12,6,Sorghum::RealV6_高粱_sample2,Sorghum
333,12,7,Paddy rice::RealV6_稻谷_sample11,Paddy rice
333,12,8,Rice bran::RealV6_米糠_sample6,Rice bran
333,12,9,Paddy rice::RealV6_稻谷_sample1,Paddy rice
333,12,10,Wheat::RealV6_小麦_sample10,Wheat
333,12,11,Rapeseed cake::RealV6_菜籽饼_sample6,Rapeseed cake
333,12,12,Wheat::RealV6_小麦_sample1,Wheat
334,3,1,Brown rice::RealV6_糙米_sample1,Brown rice
334,3,2,Cassava::RealV6_木薯_sample2,Cassava
334,3,3,Cassava::RealV6_木薯_sample1,Cassava
334,6,1,Brown rice::RealV6_糙米_sample1,Brown rice
334,6,2,Cassava::RealV6_木薯_sample2,Cassava
334,6,3,Cassava::RealV6_木薯_sample1,Cassava
334,6,4,Sorghum::RealV6_高粱_sample7,Sorghum
334,6,5,Rapeseed cake::RealV6_菜籽饼_sample8,Rapeseed cake
334,6,6,Sorghum::RealV6_高粱_sample1,Sorghum
334,9,1,Brown rice::RealV6_糙米_sample1,Brown rice
334,9,2,Cassava::RealV6_木薯_sample2,Cassava
334,9,3,Cassava::RealV6_木薯_sample1,Cassava
334,9,4,Sorghum::RealV6_高粱_sample7,Sorghum
334,9,5,Rapeseed cake::RealV6_菜籽饼_sample8,Rapeseed cake
334,9,6,Sorghum::RealV6_高粱_sample1,Sorghum
334,9,7,Rice bran::RealV6_米糠_sample9,Rice bran
334,9,8,Barley::RealV6_大麦_sample5,Barley
334,9,9,Rice bran::RealV6_米糠_sample10,Rice bran
334,12,1,Brown rice::RealV6_糙米_sample1,Brown rice
334,12,2,Cassava::RealV6_木薯_sample2,Cassava
334,12,3,Cassava::RealV6_木薯_sample1,Cassava
334,12,4,Sorghum::RealV6_高粱_sample7,Sorghum
334,12,5,Rapeseed cake::RealV6_菜籽饼_sample8,Rapeseed cake
334,12,6,Sorghum::RealV6_高粱_sample1,Sorghum
334,12,7,Rice bran::RealV6_米糠_sample9,Rice bran
334,12,8,Barley::RealV6_大麦_sample5,Barley
334,12,9,Rice bran::RealV6_米糠_sample10,Rice bran
334,12,10,Rice bran::RealV6_米糠_sample5,Rice bran
334,12,11,Cassava::RealV6_木薯_sample4,Cassava
334,12,12,Barley::RealV6_大麦_sample10,Barley
335,3,1,Rice bran::RealV6_米糠_sample2,Rice bran
335,3,2,Sorghum::RealV6_高粱_sample5,Sorghum
335,3,3,Brown rice::RealV6_糙米_sample8,Brown rice
335,6,1,Rice bran::RealV6_米糠_sample2,Rice bran
335,6,2,Sorghum::RealV6_高粱_sample5,Sorghum
335,6,3,Brown rice::RealV6_糙米_sample8,Brown rice
335,6,4,Brown rice::RealV6_糙米_sample5,Brown rice
335,6,5,Cassava::RealV6_木薯_sample9,Cassava
335,6,6,Barley::RealV6_大麦_sample6,Barley
335,9,1,Rice bran::RealV6_米糠_sample2,Rice bran
335,9,2,Sorghum::RealV6_高粱_sample5,Sorghum
335,9,3,Brown rice::RealV6_糙米_sample8,Brown rice
335,9,4,Brown rice::RealV6_糙米_sample5,Brown rice
335,9,5,Cassava::RealV6_木薯_sample9,Cassava
335,9,6,Barley::RealV6_大麦_sample6,Barley
335,9,7,Brown rice::RealV6_糙米_sample1,Brown rice
335,9,8,Sorghum::RealV6_高粱_sample7,Sorghum
335,9,9,Wheat::RealV6_小麦_sample10,Wheat
335,12,1,Rice bran::RealV6_米糠_sample2,Rice bran
335,12,2,Sorghum::RealV6_高粱_sample5,Sorghum
335,12,3,Brown rice::RealV6_糙米_sample8,Brown rice
335,12,4,Brown rice::RealV6_糙米_sample5,Brown rice
335,12,5,Cassava::RealV6_木薯_sample9,Cassava
335,12,6,Barley::RealV6_大麦_sample6,Barley
335,12,7,Brown rice::RealV6_糙米_sample1,Brown rice
335,12,8,Sorghum::RealV6_高粱_sample7,Sorghum
335,12,9,Wheat::RealV6_小麦_sample10,Wheat
335,12,10,Sorghum::RealV6_高粱_sample1,Sorghum
335,12,11,Paddy rice::RealV6_稻谷_sample6,Paddy rice
335,12,12,Barley::RealV6_大麦_sample8,Barley
336,3,1,Sorghum::RealV6_高粱_sample8,Sorghum
336,3,2,Sorghum::RealV6_高粱_sample1,Sorghum
336,3,3,Cassava::RealV6_木薯_sample8,Cassava
336,6,1,Sorghum::RealV6_高粱_sample8,Sorghum
336,6,2,Sorghum::RealV6_高粱_sample1,Sorghum
336,6,3,Cassava::RealV6_木薯_sample8,Cassava
336,6,4,Cassava::RealV6_木薯_sample10,Cassava
336,6,5,Rapeseed cake::RealV6_菜籽饼_sample1,Rapeseed cake
336,6,6,Wheat::RealV6_小麦_sample3,Wheat
336,9,1,Sorghum::RealV6_高粱_sample8,Sorghum
336,9,2,Sorghum::RealV6_高粱_sample1,Sorghum
336,9,3,Cassava::RealV6_木薯_sample8,Cassava
336,9,4,Cassava::RealV6_木薯_sample10,Cassava
336,9,5,Rapeseed cake::RealV6_菜籽饼_sample1,Rapeseed cake
336,9,6,Wheat::RealV6_小麦_sample3,Wheat
336,9,7,Sorghum::RealV6_高粱_sample7,Sorghum
336,9,8,Wheat bran::RealV6_小麦麸_sample8,Wheat bran
336,9,9,Rice bran::RealV6_米糠_sample9,Rice bran
336,12,1,Sorghum::RealV6_高粱_sample8,Sorghum
336,12,2,Sorghum::RealV6_高粱_sample1,Sorghum
336,12,3,Cassava::RealV6_木薯_sample8,Cassava
336,12,4,Cassava::RealV6_木薯_sample10,Cassava
336,12,5,Rapeseed cake::RealV6_菜籽饼_sample1,Rapeseed cake
336,12,6,Wheat::RealV6_小麦_sample3,Wheat
336,12,7,Sorghum::RealV6_高粱_sample7,Sorghum
336,12,8,Wheat bran::RealV6_小麦麸_sample8,Wheat bran
336,12,9,Rice bran::RealV6_米糠_sample9,Rice bran
336,12,10,Barley::RealV6_大麦_sample2,Barley
336,12,11,Brown rice::RealV6_糙米_sample3,Brown rice
336,12,12,Cassava::RealV6_木薯_sample1,Cassava
337,3,1,Rapeseed cake::RealV6_菜籽饼_sample2,Rapeseed cake
337,3,2,Paddy rice::RealV6_稻谷_sample4,Paddy rice
337,3,3,Rice bran::RealV6_米糠_sample5,Rice bran
337,6,1,Rapeseed cake::RealV6_菜籽饼_sample2,Rapeseed cake
337,6,2,Paddy rice::RealV6_稻谷_sample4,Paddy rice
337,6,3,Rice bran::RealV6_米糠_sample5,Rice bran
337,6,4,Rice bran::RealV6_米糠_sample2,Rice bran
337,6,5,Wheat bran::RealV6_小麦麸_sample2,Wheat bran
337,6,6,Cassava::RealV6_木薯_sample5,Cassava
337,9,1,Rapeseed cake::RealV6_菜籽饼_sample2,Rapeseed cake
337,9,2,Paddy rice::RealV6_稻谷_sample4,Paddy rice
337,9,3,Rice bran::RealV6_米糠_sample5,Rice bran
337,9,4,Rice bran::RealV6_米糠_sample2,Rice bran
337,9,5,Wheat bran::RealV6_小麦麸_sample2,Wheat bran
337,9,6,Cassava::RealV6_木薯_sample5,Cassava
337,9,7,Barley::RealV6_大麦_sample4,Barley
337,9,8,Rice bran::RealV6_米糠_sample8,Rice bran
337,9,9,Paddy rice::RealV6_稻谷_sample5,Paddy rice
337,12,1,Rapeseed cake::RealV6_菜籽饼_sample2,Rapeseed cake
337,12,2,Paddy rice::RealV6_稻谷_sample4,Paddy rice
337,12,3,Rice bran::RealV6_米糠_sample5,Rice bran
337,12,4,Rice bran::RealV6_米糠_sample2,Rice bran
337,12,5,Wheat bran::RealV6_小麦麸_sample2,Wheat bran
337,12,6,Cassava::RealV6_木薯_sample5,Cassava
337,12,7,Barley::RealV6_大麦_sample4,Barley
337,12,8,Rice bran::RealV6_米糠_sample8,Rice bran
337,12,9,Paddy rice::RealV6_稻谷_sample5,Paddy rice
337,12,10,Barley::RealV6_大麦_sample3,Barley
337,12,11,Wheat::RealV6_小麦_sample1,Wheat
337,12,12,Brown rice::RealV6_糙米_sample5,Brown rice
338,3,1,Sorghum::RealV6_高粱_sample7,Sorghum
338,3,2,Barley::RealV6_大麦_sample5,Barley
338,3,3,Rice bran::RealV6_米糠_sample9,Rice bran
338,6,1,Sorghum::RealV6_高粱_sample7,Sorghum
338,6,2,Barley::RealV6_大麦_sample5,Barley
338,6,3,Rice bran::RealV6_米糠_sample9,Rice bran
338,6,4,Wheat::RealV6_小麦_sample6,Wheat
338,6,5,Paddy rice::RealV6_稻谷_sample4,Paddy rice
338,6,6,Paddy rice::RealV6_稻谷_sample6,Paddy rice
338,9,1,Sorghum::RealV6_高粱_sample7,Sorghum
338,9,2,Barley::RealV6_大麦_sample5,Barley
338,9,3,Rice bran::RealV6_米糠_sample9,Rice bran
338,9,4,Wheat::RealV6_小麦_sample6,Wheat
338,9,5,Paddy rice::RealV6_稻谷_sample4,Paddy rice
338,9,6,Paddy rice::RealV6_稻谷_sample6,Paddy rice
338,9,7,Rapeseed cake::RealV6_菜籽饼_sample6,Rapeseed cake
338,9,8,Cassava::RealV6_木薯_sample9,Cassava
338,9,9,Sorghum::RealV6_高粱_sample3,Sorghum
338,12,1,Sorghum::RealV6_高粱_sample7,Sorghum
338,12,2,Barley::RealV6_大麦_sample5,Barley
338,12,3,Rice bran::RealV6_米糠_sample9,Rice bran
338,12,4,Wheat::RealV6_小麦_sample6,Wheat
338,12,5,Paddy rice::RealV6_稻谷_sample4,Paddy rice
338,12,6,Paddy rice::RealV6_稻谷_sample6,Paddy rice
338,12,7,Rapeseed cake::RealV6_菜籽饼_sample6,Rapeseed cake
338,12,8,Cassava::RealV6_木薯_sample9,Cassava
338,12,9,Sorghum::RealV6_高粱_sample3,Sorghum
338,12,10,Barley::RealV6_大麦_sample10,Barley
338,12,11,Cassava::RealV6_木薯_sample5,Cassava
338,12,12,Rice bran::RealV6_米糠_sample2,Rice bran
339,3,1,Rice bran::RealV6_米糠_sample2,Rice bran
339,3,2,Brown rice::RealV6_糙米_sample5,Brown rice
339,3,3,Rapeseed cake::RealV6_菜籽饼_sample7,Rapeseed cake
339,6,1,Rice bran::RealV6_米糠_sample2,Rice bran
339,6,2,Brown rice::RealV6_糙米_sample5,Brown rice
339,6,3,Rapeseed cake::RealV6_菜籽饼_sample7,Rapeseed cake
339,6,4,Rice bran::RealV6_米糠_sample10,Rice bran
339,6,5,Cassava::RealV6_木薯_sample9,Cassava
339,6,6,Wheat::RealV6_小麦_sample3,Wheat
339,9,1,Rice bran::RealV6_米糠_sample2,Rice bran
339,9,2,Brown rice::RealV6_糙米_sample5,Brown rice
339,9,3,Rapeseed cake::RealV6_菜籽饼_sample7,Rapeseed cake
339,9,4,Rice bran::RealV6_米糠_sample10,Rice bran
339,9,5,Cassava::RealV6_木薯_sample9,Cassava
339,9,6,Wheat::RealV6_小麦_sample3,Wheat
339,9,7,Wheat::RealV6_小麦_sample5,Wheat
339,9,8,Cassava::RealV6_木薯_sample8,Cassava
339,9,9,Rapeseed cake::RealV6_菜籽饼_sample2,Rapeseed cake
339,12,1,Rice bran::RealV6_米糠_sample2,Rice bran
339,12,2,Brown rice::RealV6_糙米_sample5,Brown rice
339,12,3,Rapeseed cake::RealV6_菜籽饼_sample7,Rapeseed cake
339,12,4,Rice bran::RealV6_米糠_sample10,Rice bran
339,12,5,Cassava::RealV6_木薯_sample9,Cassava
339,12,6,Wheat::RealV6_小麦_sample3,Wheat
339,12,7,Wheat::RealV6_小麦_sample5,Wheat
339,12,8,Cassava::RealV6_木薯_sample8,Cassava
339,12,9,Rapeseed cake::RealV6_菜籽饼_sample2,Rapeseed cake
339,12,10,Wheat bran::RealV6_小麦麸_sample10,Wheat bran
339,12,11,Paddy rice::RealV6_稻谷_sample5,Paddy rice
339,12,12,Paddy rice::RealV6_稻谷_sample7,Paddy rice
340,3,1,Paddy rice::RealV6_稻谷_sample8,Paddy rice
340,3,2,Wheat::RealV6_小麦_sample5,Wheat
340,3,3,Brown rice::RealV6_糙米_sample9,Brown rice
340,6,1,Paddy rice::RealV6_稻谷_sample8,Paddy rice
340,6,2,Wheat::RealV6_小麦_sample5,Wheat
340,6,3,Brown rice::RealV6_糙米_sample9,Brown rice
340,6,4,Wheat bran::RealV6_小麦麸_sample1,Wheat bran
340,6,5,Brown rice::RealV6_糙米_sample6,Brown rice
340,6,6,Rapeseed cake::RealV6_菜籽饼_sample7,Rapeseed cake
340,9,1,Paddy rice::RealV6_稻谷_sample8,Paddy rice
340,9,2,Wheat::RealV6_小麦_sample5,Wheat
340,9,3,Brown rice::RealV6_糙米_sample9,Brown rice
340,9,4,Wheat bran::RealV6_小麦麸_sample1,Wheat bran
340,9,5,Brown rice::RealV6_糙米_sample6,Brown rice
340,9,6,Rapeseed cake::RealV6_菜籽饼_sample7,Rapeseed cake
340,9,7,Rice bran::RealV6_米糠_sample2,Rice bran
340,9,8,Cassava::RealV6_木薯_sample9,Cassava
340,9,9,Wheat::RealV6_小麦_sample10,Wheat
340,12,1,Paddy rice::RealV6_稻谷_sample8,Paddy rice
340,12,2,Wheat::RealV6_小麦_sample5,Wheat
340,12,3,Brown rice::RealV6_糙米_sample9,Brown rice
340,12,4,Wheat bran::RealV6_小麦麸_sample1,Wheat bran
340,12,5,Brown rice::RealV6_糙米_sample6,Brown rice
340,12,6,Rapeseed cake::RealV6_菜籽饼_sample7,Rapeseed cake
340,12,7,Rice bran::RealV6_米糠_sample2,Rice bran
340,12,8,Cassava::RealV6_木薯_sample9,Cassava
340,12,9,Wheat::RealV6_小麦_sample10,Wheat
340,12,10,Rapeseed cake::RealV6_菜籽饼_sample4,Rapeseed cake
340,12,11,Rice bran::RealV6_米糠_sample3,Rice bran
340,12,12,Wheat::RealV6_小麦_sample7,Wheat
341,3,1,Paddy rice::RealV6_稻谷_sample3,Paddy rice
341,3,2,Wheat::RealV6_小麦_sample4,Wheat
341,3,3,Wheat::RealV6_小麦_sample2,Wheat
341,6,1,Paddy rice::RealV6_稻谷_sample3,Paddy rice
341,6,2,Wheat::RealV6_小麦_sample4,Wheat
341,6,3,Wheat::RealV6_小麦_sample2,Wheat
341,6,4,Cassava::RealV6_木薯_sample4,Cassava
341,6,5,Brown rice::RealV6_糙米_sample7,Brown rice
341,6,6,Wheat::RealV6_小麦_sample10,Wheat
341,9,1,Paddy rice::RealV6_稻谷_sample3,Paddy rice
341,9,2,Wheat::RealV6_小麦_sample4,Wheat
341,9,3,Wheat::RealV6_小麦_sample2,Wheat
341,9,4,Cassava::RealV6_木薯_sample4,Cassava
341,9,5,Brown rice::RealV6_糙米_sample7,Brown rice
341,9,6,Wheat::RealV6_小麦_sample10,Wheat
341,9,7,Rice bran::RealV6_米糠_sample4,Rice bran
341,9,8,Rapeseed cake::RealV6_菜籽饼_sample7,Rapeseed cake
341,9,9,Wheat bran::RealV6_小麦麸_sample4,Wheat bran
341,12,1,Paddy rice::RealV6_稻谷_sample3,Paddy rice
341,12,2,Wheat::RealV6_小麦_sample4,Wheat
341,12,3,Wheat::RealV6_小麦_sample2,Wheat
341,12,4,Cassava::RealV6_木薯_sample4,Cassava
341,12,5,Brown rice::RealV6_糙米_sample7,Brown rice
341,12,6,Wheat::RealV6_小麦_sample10,Wheat
341,12,7,Rice bran::RealV6_米糠_sample4,Rice bran
341,12,8,Rapeseed cake::RealV6_菜籽饼_sample7,Rapeseed cake
341,12,9,Wheat bran::RealV6_小麦麸_sample4,Wheat bran
341,12,10,Brown rice::RealV6_糙米_sample6,Brown rice
341,12,11,Cassava::RealV6_木薯_sample3,Cassava
341,12,12,Sorghum::RealV6_高粱_sample4,Sorghum
342,3,1,Wheat bran::RealV6_小麦麸_sample5,Wheat bran
342,3,2,Wheat bran::RealV6_小麦麸_sample7,Wheat bran
342,3,3,Wheat::RealV6_小麦_sample2,Wheat
342,6,1,Wheat bran::RealV6_小麦麸_sample5,Wheat bran
342,6,2,Wheat bran::RealV6_小麦麸_sample7,Wheat bran
342,6,3,Wheat::RealV6_小麦_sample2,Wheat
342,6,4,Sorghum::RealV6_高粱_sample10,Sorghum
342,6,5,Sorghum::RealV6_高粱_sample3,Sorghum
342,6,6,Paddy rice::RealV6_稻谷_sample5,Paddy rice
342,9,1,Wheat bran::RealV6_小麦麸_sample5,Wheat bran
342,9,2,Wheat bran::RealV6_小麦麸_sample7,Wheat bran
342,9,3,Wheat::RealV6_小麦_sample2,Wheat
342,9,4,Sorghum::RealV6_高粱_sample10,Sorghum
342,9,5,Sorghum::RealV6_高粱_sample3,Sorghum
342,9,6,Paddy rice::RealV6_稻谷_sample5,Paddy rice
342,9,7,Rice bran::RealV6_米糠_sample1,Rice bran
342,9,8,Wheat bran::RealV6_小麦麸_sample2,Wheat bran
342,9,9,Rapeseed cake::RealV6_菜籽饼_sample8,Rapeseed cake
342,12,1,Wheat bran::RealV6_小麦麸_sample5,Wheat bran
342,12,2,Wheat bran::RealV6_小麦麸_sample7,Wheat bran
342,12,3,Wheat::RealV6_小麦_sample2,Wheat
342,12,4,Sorghum::RealV6_高粱_sample10,Sorghum
342,12,5,Sorghum::RealV6_高粱_sample3,Sorghum
342,12,6,Paddy rice::RealV6_稻谷_sample5,Paddy rice
342,12,7,Rice bran::RealV6_米糠_sample1,Rice bran
342,12,8,Wheat bran::RealV6_小麦麸_sample2,Wheat bran
342,12,9,Rapeseed cake::RealV6_菜籽饼_sample8,Rapeseed cake
342,12,10,Rice bran::RealV6_米糠_sample8,Rice bran
342,12,11,Barley::RealV6_大麦_sample4,Barley
342,12,12,Brown rice::RealV6_糙米_sample3,Brown rice
343,3,1,Rice bran::RealV6_米糠_sample3,Rice bran
343,3,2,Paddy rice::RealV6_稻谷_sample8,Paddy rice
343,3,3,Rapeseed cake::RealV6_菜籽饼_sample4,Rapeseed cake
343,6,1,Rice bran::RealV6_米糠_sample3,Rice bran
343,6,2,Paddy rice::RealV6_稻谷_sample8,Paddy rice
343,6,3,Rapeseed cake::RealV6_菜籽饼_sample4,Rapeseed cake
343,6,4,Sorghum::RealV6_高粱_sample1,Sorghum
343,6,5,Sorghum::RealV6_高粱_sample3,Sorghum
343,6,6,Paddy rice::RealV6_稻谷_sample6,Paddy rice
343,9,1,Rice bran::RealV6_米糠_sample3,Rice bran
343,9,2,Paddy rice::RealV6_稻谷_sample8,Paddy rice
343,9,3,Rapeseed cake::RealV6_菜籽饼_sample4,Rapeseed cake
343,9,4,Sorghum::RealV6_高粱_sample1,Sorghum
343,9,5,Sorghum::RealV6_高粱_sample3,Sorghum
343,9,6,Paddy rice::RealV6_稻谷_sample6,Paddy rice
343,9,7,Cassava::RealV6_木薯_sample5,Cassava
343,9,8,Sorghum::RealV6_高粱_sample5,Sorghum
343,9,9,Sorghum::RealV6_高粱_sample9,Sorghum
343,12,1,Rice bran::RealV6_米糠_sample3,Rice bran
343,12,2,Paddy rice::RealV6_稻谷_sample8,Paddy rice
343,12,3,Rapeseed cake::RealV6_菜籽饼_sample4,Rapeseed cake
343,12,4,Sorghum::RealV6_高粱_sample1,Sorghum
343,12,5,Sorghum::RealV6_高粱_sample3,Sorghum
343,12,6,Paddy rice::RealV6_稻谷_sample6,Paddy rice
343,12,7,Cassava::RealV6_木薯_sample5,Cassava
343,12,8,Sorghum::RealV6_高粱_sample5,Sorghum
343,12,9,Sorghum::RealV6_高粱_sample9,Sorghum
343,12,10,Cassava::RealV6_木薯_sample2,Cassava
343,12,11,Wheat::RealV6_小麦_sample4,Wheat
343,12,12,Paddy rice::RealV6_稻谷_sample3,Paddy rice
344,3,1,Brown rice::RealV6_糙米_sample3,Brown rice
344,3,2,Brown rice::RealV6_糙米_sample1,Brown rice
344,3,3,Wheat::RealV6_小麦_sample3,Wheat
344,6,1,Brown rice::RealV6_糙米_sample3,Brown rice
344,6,2,Brown rice::RealV6_糙米_sample1,Brown rice
344,6,3,Wheat::RealV6_小麦_sample3,Wheat
344,6,4,Brown rice::RealV6_糙米_sample4,Brown rice
344,6,5,Paddy rice::RealV6_稻谷_sample9,Paddy rice
344,6,6,Rapeseed cake::RealV6_菜籽饼_sample4,Rapeseed cake
344,9,1,Brown rice::RealV6_糙米_sample3,Brown rice
344,9,2,Brown rice::RealV6_糙米_sample1,Brown rice
344,9,3,Wheat::RealV6_小麦_sample3,Wheat
344,9,4,Brown rice::RealV6_糙米_sample4,Brown rice
344,9,5,Paddy rice::RealV6_稻谷_sample9,Paddy rice
344,9,6,Rapeseed cake::RealV6_菜籽饼_sample4,Rapeseed cake
344,9,7,Sorghum::RealV6_高粱_sample6,Sorghum
344,9,8,Sorghum::RealV6_高粱_sample3,Sorghum
344,9,9,Barley::RealV6_大麦_sample1,Barley
344,12,1,Brown rice::RealV6_糙米_sample3,Brown rice
344,12,2,Brown rice::RealV6_糙米_sample1,Brown rice
344,12,3,Wheat::RealV6_小麦_sample3,Wheat
344,12,4,Brown rice::RealV6_糙米_sample4,Brown rice
344,12,5,Paddy rice::RealV6_稻谷_sample9,Paddy rice
344,12,6,Rapeseed cake::RealV6_菜籽饼_sample4,Rapeseed cake
344,12,7,Sorghum::RealV6_高粱_sample6,Sorghum
344,12,8,Sorghum::RealV6_高粱_sample3,Sorghum
344,12,9,Barley::RealV6_大麦_sample1,Barley
344,12,10,Brown rice::RealV6_糙米_sample7,Brown rice
344,12,11,Wheat bran::RealV6_小麦麸_sample9,Wheat bran
344,12,12,Sorghum::RealV6_高粱_sample2,Sorghum
345,3,1,Rapeseed cake::RealV6_菜籽饼_sample2,Rapeseed cake
345,3,2,Wheat::RealV6_小麦_sample1,Wheat
345,3,3,Sorghum::RealV6_高粱_sample7,Sorghum
345,6,1,Rapeseed cake::RealV6_菜籽饼_sample2,Rapeseed cake
345,6,2,Wheat::RealV6_小麦_sample1,Wheat
345,6,3,Sorghum::RealV6_高粱_sample7,Sorghum
345,6,4,Paddy rice::RealV6_稻谷_sample6,Paddy rice
345,6,5,Rice bran::RealV6_米糠_sample2,Rice bran
345,6,6,Wheat bran::RealV6_小麦麸_sample6,Wheat bran
345,9,1,Rapeseed cake::RealV6_菜籽饼_sample2,Rapeseed cake
345,9,2,Wheat::RealV6_小麦_sample1,Wheat
345,9,3,Sorghum::RealV6_高粱_sample7,Sorghum
345,9,4,Paddy rice::RealV6_稻谷_sample6,Paddy rice
345,9,5,Rice bran::RealV6_米糠_sample2,Rice bran
345,9,6,Wheat bran::RealV6_小麦麸_sample6,Wheat bran
345,9,7,Barley::RealV6_大麦_sample7,Barley
345,9,8,Sorghum::RealV6_高粱_sample5,Sorghum
345,9,9,Paddy rice::RealV6_稻谷_sample5,Paddy rice
345,12,1,Rapeseed cake::RealV6_菜籽饼_sample2,Rapeseed cake
345,12,2,Wheat::RealV6_小麦_sample1,Wheat
345,12,3,Sorghum::RealV6_高粱_sample7,Sorghum
345,12,4,Paddy rice::RealV6_稻谷_sample6,Paddy rice
345,12,5,Rice bran::RealV6_米糠_sample2,Rice bran
345,12,6,Wheat bran::RealV6_小麦麸_sample6,Wheat bran
345,12,7,Barley::RealV6_大麦_sample7,Barley
345,12,8,Sorghum::RealV6_高粱_sample5,Sorghum
345,12,9,Paddy rice::RealV6_稻谷_sample5,Paddy rice
345,12,10,Rice bran::RealV6_米糠_sample5,Rice bran
345,12,11,Paddy rice::RealV6_稻谷_sample11,Paddy rice
345,12,12,Sorghum::RealV6_高粱_sample3,Sorghum
346,3,1,Cassava::RealV6_木薯_sample9,Cassava
346,3,2,Paddy rice::RealV6_稻谷_sample9,Paddy rice
346,3,3,Cassava::RealV6_木薯_sample3,Cassava
346,6,1,Cassava::RealV6_木薯_sample9,Cassava
346,6,2,Paddy rice::RealV6_稻谷_sample9,Paddy rice
346,6,3,Cassava::RealV6_木薯_sample3,Cassava
346,6,4,Cassava::RealV6_木薯_sample4,Cassava
346,6,5,Brown rice::RealV6_糙米_sample10,Brown rice
346,6,6,Sorghum::RealV6_高粱_sample2,Sorghum
346,9,1,Cassava::RealV6_木薯_sample9,Cassava
346,9,2,Paddy rice::RealV6_稻谷_sample9,Paddy rice
346,9,3,Cassava::RealV6_木薯_sample3,Cassava
346,9,4,Cassava::RealV6_木薯_sample4,Cassava
346,9,5,Brown rice::RealV6_糙米_sample10,Brown rice
346,9,6,Sorghum::RealV6_高粱_sample2,Sorghum
346,9,7,Barley::RealV6_大麦_sample6,Barley
346,9,8,Brown rice::RealV6_糙米_sample3,Brown rice
346,9,9,Brown rice::RealV6_糙米_sample8,Brown rice
346,12,1,Cassava::RealV6_木薯_sample9,Cassava
346,12,2,Paddy rice::RealV6_稻谷_sample9,Paddy rice
346,12,3,Cassava::RealV6_木薯_sample3,Cassava
346,12,4,Cassava::RealV6_木薯_sample4,Cassava
346,12,5,Brown rice::RealV6_糙米_sample10,Brown rice
346,12,6,Sorghum::RealV6_高粱_sample2,Sorghum
346,12,7,Barley::RealV6_大麦_sample6,Barley
346,12,8,Brown rice::RealV6_糙米_sample3,Brown rice
346,12,9,Brown rice::RealV6_糙米_sample8,Brown rice
346,12,10,Sorghum::RealV6_高粱_sample9,Sorghum
346,12,11,Rice bran::RealV6_米糠_sample4,Rice bran
346,12,12,Wheat bran::RealV6_小麦麸_sample9,Wheat bran
347,3,1,Brown rice::RealV6_糙米_sample3,Brown rice
347,3,2,Wheat::RealV6_小麦_sample1,Wheat
347,3,3,Wheat::RealV6_小麦_sample10,Wheat
347,6,1,Brown rice::RealV6_糙米_sample3,Brown rice
347,6,2,Wheat::RealV6_小麦_sample1,Wheat
347,6,3,Wheat::RealV6_小麦_sample10,Wheat
347,6,4,Rapeseed cake::RealV6_菜籽饼_sample9,Rapeseed cake
347,6,5,Rice bran::RealV6_米糠_sample7,Rice bran
347,6,6,Wheat bran::RealV6_小麦麸_sample4,Wheat bran
347,9,1,Brown rice::RealV6_糙米_sample3,Brown rice
347,9,2,Wheat::RealV6_小麦_sample1,Wheat
347,9,3,Wheat::RealV6_小麦_sample10,Wheat
347,9,4,Rapeseed cake::RealV6_菜籽饼_sample9,Rapeseed cake
347,9,5,Rice bran::RealV6_米糠_sample7,Rice bran
347,9,6,Wheat bran::RealV6_小麦麸_sample4,Wheat bran
347,9,7,Wheat bran::RealV6_小麦麸_sample2,Wheat bran
347,9,8,Rapeseed cake::RealV6_菜籽饼_sample6,Rapeseed cake
347,9,9,Cassava::RealV6_木薯_sample7,Cassava
347,12,1,Brown rice::RealV6_糙米_sample3,Brown rice
347,12,2,Wheat::RealV6_小麦_sample1,Wheat
347,12,3,Wheat::RealV6_小麦_sample10,Wheat
347,12,4,Rapeseed cake::RealV6_菜籽饼_sample9,Rapeseed cake
347,12,5,Rice bran::RealV6_米糠_sample7,Rice bran
347,12,6,Wheat bran::RealV6_小麦麸_sample4,Wheat bran
347,12,7,Wheat bran::RealV6_小麦麸_sample2,Wheat bran
347,12,8,Rapeseed cake::RealV6_菜籽饼_sample6,Rapeseed cake
347,12,9,Cassava::RealV6_木薯_sample7,Cassava
347,12,10,Brown rice::RealV6_糙米_sample8,Brown rice
347,12,11,Rapeseed cake::RealV6_菜籽饼_sample2,Rapeseed cake
347,12,12,Rice bran::RealV6_米糠_sample9,Rice bran
348,3,1,Wheat bran::RealV6_小麦麸_sample8,Wheat bran
348,3,2,Cassava::RealV6_木薯_sample2,Cassava
348,3,3,Rice bran::RealV6_米糠_sample2,Rice bran
348,6,1,Wheat bran::RealV6_小麦麸_sample8,Wheat bran
348,6,2,Cassava::RealV6_木薯_sample2,Cassava
348,6,3,Rice bran::RealV6_米糠_sample2,Rice bran
348,6,4,Wheat bran::RealV6_小麦麸_sample5,Wheat bran
348,6,5,Cassava::RealV6_木薯_sample1,Cassava
348,6,6,Wheat::RealV6_小麦_sample8,Wheat
348,9,1,Wheat bran::RealV6_小麦麸_sample8,Wheat bran
348,9,2,Cassava::RealV6_木薯_sample2,Cassava
348,9,3,Rice bran::RealV6_米糠_sample2,Rice bran
348,9,4,Wheat bran::RealV6_小麦麸_sample5,Wheat bran
348,9,5,Cassava::RealV6_木薯_sample1,Cassava
348,9,6,Wheat::RealV6_小麦_sample8,Wheat
348,9,7,Brown rice::RealV6_糙米_sample1,Brown rice
348,9,8,Cassava::RealV6_木薯_sample9,Cassava
348,9,9,Sorghum::RealV6_高粱_sample7,Sorghum
348,12,1,Wheat bran::RealV6_小麦麸_sample8,Wheat bran
348,12,2,Cassava::RealV6_木薯_sample2,Cassava
348,12,3,Rice bran::RealV6_米糠_sample2,Rice bran
348,12,4,Wheat bran::RealV6_小麦麸_sample5,Wheat bran
348,12,5,Cassava::RealV6_木薯_sample1,Cassava
348,12,6,Wheat::RealV6_小麦_sample8,Wheat
348,12,7,Brown rice::RealV6_糙米_sample1,Brown rice
348,12,8,Cassava::RealV6_木薯_sample9,Cassava
348,12,9,Sorghum::RealV6_高粱_sample7,Sorghum
348,12,10,Barley::RealV6_大麦_sample4,Barley
348,12,11,Brown rice::RealV6_糙米_sample7,Brown rice
348,12,12,Rapeseed cake::RealV6_菜籽饼_sample7,Rapeseed cake
349,3,1,Sorghum::RealV6_高粱_sample9,Sorghum
349,3,2,Rice bran::RealV6_米糠_sample8,Rice bran
349,3,3,Barley::RealV6_大麦_sample2,Barley
349,6,1,Sorghum::RealV6_高粱_sample9,Sorghum
349,6,2,Rice bran::RealV6_米糠_sample8,Rice bran
349,6,3,Barley::RealV6_大麦_sample2,Barley
349,6,4,Rapeseed cake::RealV6_菜籽饼_sample4,Rapeseed cake
349,6,5,Wheat bran::RealV6_小麦麸_sample3,Wheat bran
349,6,6,Cassava::RealV6_木薯_sample10,Cassava
349,9,1,Sorghum::RealV6_高粱_sample9,Sorghum
349,9,2,Rice bran::RealV6_米糠_sample8,Rice bran
349,9,3,Barley::RealV6_大麦_sample2,Barley
349,9,4,Rapeseed cake::RealV6_菜籽饼_sample4,Rapeseed cake
349,9,5,Wheat bran::RealV6_小麦麸_sample3,Wheat bran
349,9,6,Cassava::RealV6_木薯_sample10,Cassava
349,9,7,Brown rice::RealV6_糙米_sample4,Brown rice
349,9,8,Wheat bran::RealV6_小麦麸_sample4,Wheat bran
349,9,9,Paddy rice::RealV6_稻谷_sample10,Paddy rice
349,12,1,Sorghum::RealV6_高粱_sample9,Sorghum
349,12,2,Rice bran::RealV6_米糠_sample8,Rice bran
349,12,3,Barley::RealV6_大麦_sample2,Barley
349,12,4,Rapeseed cake::RealV6_菜籽饼_sample4,Rapeseed cake
349,12,5,Wheat bran::RealV6_小麦麸_sample3,Wheat bran
349,12,6,Cassava::RealV6_木薯_sample10,Cassava
349,12,7,Brown rice::RealV6_糙米_sample4,Brown rice
349,12,8,Wheat bran::RealV6_小麦麸_sample4,Wheat bran
349,12,9,Paddy rice::RealV6_稻谷_sample10,Paddy rice
349,12,10,Rapeseed cake::RealV6_菜籽饼_sample9,Rapeseed cake
349,12,11,Wheat bran::RealV6_小麦麸_sample5,Wheat bran
349,12,12,Wheat::RealV6_小麦_sample2,Wheat
350,3,1,Barley::RealV6_大麦_sample10,Barley
350,3,2,Wheat::RealV6_小麦_sample5,Wheat
350,3,3,Rice bran::RealV6_米糠_sample8,Rice bran
350,6,1,Barley::RealV6_大麦_sample10,Barley
350,6,2,Wheat::RealV6_小麦_sample5,Wheat
350,6,3,Rice bran::RealV6_米糠_sample8,Rice bran
350,6,4,Sorghum::RealV6_高粱_sample4,Sorghum
350,6,5,Paddy rice::RealV6_稻谷_sample5,Paddy rice
350,6,6,Brown rice::RealV6_糙米_sample8,Brown rice
350,9,1,Barley::RealV6_大麦_sample10,Barley
350,9,2,Wheat::RealV6_小麦_sample5,Wheat
350,9,3,Rice bran::RealV6_米糠_sample8,Rice bran
350,9,4,Sorghum::RealV6_高粱_sample4,Sorghum
350,9,5,Paddy rice::RealV6_稻谷_sample5,Paddy rice
350,9,6,Brown rice::RealV6_糙米_sample8,Brown rice
350,9,7,Rapeseed cake::RealV6_菜籽饼_sample8,Rapeseed cake
350,9,8,Brown rice::RealV6_糙米_sample5,Brown rice
350,9,9,Paddy rice::RealV6_稻谷_sample1,Paddy rice
350,12,1,Barley::RealV6_大麦_sample10,Barley
350,12,2,Wheat::RealV6_小麦_sample5,Wheat
350,12,3,Rice bran::RealV6_米糠_sample8,Rice bran
350,12,4,Sorghum::RealV6_高粱_sample4,Sorghum
350,12,5,Paddy rice::RealV6_稻谷_sample5,Paddy rice
350,12,6,Brown rice::RealV6_糙米_sample8,Brown rice
350,12,7,Rapeseed cake::RealV6_菜籽饼_sample8,Rapeseed cake
350,12,8,Brown rice::RealV6_糙米_sample5,Brown rice
350,12,9,Paddy rice::RealV6_稻谷_sample1,Paddy rice
350,12,10,Wheat::RealV6_小麦_sample10,Wheat
350,12,11,Rice bran::RealV6_米糠_sample7,Rice bran
350,12,12,Brown rice::RealV6_糙米_sample3,Brown rice
351,3,1,Barley::RealV6_大麦_sample1,Barley
351,3,2,Barley::RealV6_大麦_sample3,Barley
351,3,3,Wheat::RealV6_小麦_sample3,Wheat
351,6,1,Barley::RealV6_大麦_sample1,Barley
351,6,2,Barley::RealV6_大麦_sample3,Barley
351,6,3,Wheat::RealV6_小麦_sample3,Wheat
351,6,4,Barley::RealV6_大麦_sample7,Barley
351,6,5,Brown rice::RealV6_糙米_sample3,Brown rice
351,6,6,Paddy rice::RealV6_稻谷_sample9,Paddy rice
351,9,1,Barley::RealV6_大麦_sample1,Barley
351,9,2,Barley::RealV6_大麦_sample3,Barley
351,9,3,Wheat::RealV6_小麦_sample3,Wheat
351,9,4,Barley::RealV6_大麦_sample7,Barley
351,9,5,Brown rice::RealV6_糙米_sample3,Brown rice
351,9,6,Paddy rice::RealV6_稻谷_sample9,Paddy rice
351,9,7,Cassava::RealV6_木薯_sample6,Cassava
351,9,8,Wheat bran::RealV6_小麦麸_sample9,Wheat bran
351,9,9,Paddy rice::RealV6_稻谷_sample10,Paddy rice
351,12,1,Barley::RealV6_大麦_sample1,Barley
351,12,2,Barley::RealV6_大麦_sample3,Barley
351,12,3,Wheat::RealV6_小麦_sample3,Wheat
351,12,4,Barley::RealV6_大麦_sample7,Barley
351,12,5,Brown rice::RealV6_糙米_sample3,Brown rice
351,12,6,Paddy rice::RealV6_稻谷_sample9,Paddy rice
351,12,7,Cassava::RealV6_木薯_sample6,Cassava
351,12,8,Wheat bran::RealV6_小麦麸_sample9,Wheat bran
351,12,9,Paddy rice::RealV6_稻谷_sample10,Paddy rice
351,12,10,Rapeseed cake::RealV6_菜籽饼_sample10,Rapeseed cake
351,12,11,Wheat bran::RealV6_小麦麸_sample6,Wheat bran
351,12,12,Cassava::RealV6_木薯_sample7,Cassava
352,3,1,Cassava::RealV6_木薯_sample2,Cassava
352,3,2,Brown rice::RealV6_糙米_sample4,Brown rice
352,3,3,Rice bran::RealV6_米糠_sample6,Rice bran
352,6,1,Cassava::RealV6_木薯_sample2,Cassava
352,6,2,Brown rice::RealV6_糙米_sample4,Brown rice
352,6,3,Rice bran::RealV6_米糠_sample6,Rice bran
352,6,4,Rice bran::RealV6_米糠_sample1,Rice bran
352,6,5,Rice bran::RealV6_米糠_sample9,Rice bran
352,6,6,Wheat bran::RealV6_小麦麸_sample2,Wheat bran
352,9,1,Cassava::RealV6_木薯_sample2,Cassava
352,9,2,Brown rice::RealV6_糙米_sample4,Brown rice
352,9,3,Rice bran::RealV6_米糠_sample6,Rice bran
352,9,4,Rice bran::RealV6_米糠_sample1,Rice bran
352,9,5,Rice bran::RealV6_米糠_sample9,Rice bran
352,9,6,Wheat bran::RealV6_小麦麸_sample2,Wheat bran
352,9,7,Brown rice::RealV6_糙米_sample6,Brown rice
352,9,8,Wheat::RealV6_小麦_sample8,Wheat
352,9,9,Rapeseed cake::RealV6_菜籽饼_sample10,Rapeseed cake
352,12,1,Cassava::RealV6_木薯_sample2,Cassava
352,12,2,Brown rice::RealV6_糙米_sample4,Brown rice
352,12,3,Rice bran::RealV6_米糠_sample6,Rice bran
352,12,4,Rice bran::RealV6_米糠_sample1,Rice bran
352,12,5,Rice bran::RealV6_米糠_sample9,Rice bran
352,12,6,Wheat bran::RealV6_小麦麸_sample2,Wheat bran
352,12,7,Brown rice::RealV6_糙米_sample6,Brown rice
352,12,8,Wheat::RealV6_小麦_sample8,Wheat
352,12,9,Rapeseed cake::RealV6_菜籽饼_sample10,Rapeseed cake
352,12,10,Cassava::RealV6_木薯_sample4,Cassava
352,12,11,Rapeseed cake::RealV6_菜籽饼_sample2,Rapeseed cake
352,12,12,Sorghum::RealV6_高粱_sample7,Sorghum
353,3,1,Cassava::RealV6_木薯_sample2,Cassava
353,3,2,Wheat::RealV6_小麦_sample4,Wheat
353,3,3,Paddy rice::RealV6_稻谷_sample7,Paddy rice
353,6,1,Cassava::RealV6_木薯_sample2,Cassava
353,6,2,Wheat::RealV6_小麦_sample4,Wheat
353,6,3,Paddy rice::RealV6_稻谷_sample7,Paddy rice
353,6,4,Sorghum::RealV6_高粱_sample4,Sorghum
353,6,5,Barley::RealV6_大麦_sample6,Barley
353,6,6,Wheat bran::RealV6_小麦麸_sample2,Wheat bran
353,9,1,Cassava::RealV6_木薯_sample2,Cassava
353,9,2,Wheat::RealV6_小麦_sample4,Wheat
353,9,3,Paddy rice::RealV6_稻谷_sample7,Paddy rice
353,9,4,Sorghum::RealV6_高粱_sample4,Sorghum
353,9,5,Barley::RealV6_大麦_sample6,Barley
353,9,6,Wheat bran::RealV6_小麦麸_sample2,Wheat bran
353,9,7,Rice bran::RealV6_米糠_sample5,Rice bran
353,9,8,Brown rice::RealV6_糙米_sample6,Brown rice
353,9,9,Cassava::RealV6_木薯_sample5,Cassava
353,12,1,Cassava::RealV6_木薯_sample2,Cassava
353,12,2,Wheat::RealV6_小麦_sample4,Wheat
353,12,3,Paddy rice::RealV6_稻谷_sample7,Paddy rice
353,12,4,Sorghum::RealV6_高粱_sample4,Sorghum
353,12,5,Barley::RealV6_大麦_sample6,Barley
353,12,6,Wheat bran::RealV6_小麦麸_sample2,Wheat bran
353,12,7,Rice bran::RealV6_米糠_sample5,Rice bran
353,12,8,Brown rice::RealV6_糙米_sample6,Brown rice
353,12,9,Cassava::RealV6_木薯_sample5,Cassava
353,12,10,Brown rice::RealV6_糙米_sample5,Brown rice
353,12,11,Paddy rice::RealV6_稻谷_sample1,Paddy rice
353,12,12,Sorghum::RealV6_高粱_sample8,Sorghum
354,3,1,Barley::RealV6_大麦_sample2,Barley
354,3,2,Sorghum::RealV6_高粱_sample1,Sorghum
354,3,3,Wheat bran::RealV6_小麦麸_sample8,Wheat bran
354,6,1,Barley::RealV6_大麦_sample2,Barley
354,6,2,Sorghum::RealV6_高粱_sample1,Sorghum
354,6,3,Wheat bran::RealV6_小麦麸_sample8,Wheat bran
354,6,4,Paddy rice::RealV6_稻谷_sample9,Paddy rice
354,6,5,Cassava::RealV6_木薯_sample4,Cassava
354,6,6,Wheat::RealV6_小麦_sample6,Wheat
354,9,1,Barley::RealV6_大麦_sample2,Barley
354,9,2,Sorghum::RealV6_高粱_sample1,Sorghum
354,9,3,Wheat bran::RealV6_小麦麸_sample8,Wheat bran
354,9,4,Paddy rice::RealV6_稻谷_sample9,Paddy rice
354,9,5,Cassava::RealV6_木薯_sample4,Cassava
354,9,6,Wheat::RealV6_小麦_sample6,Wheat
354,9,7,Wheat bran::RealV6_小麦麸_sample10,Wheat bran
354,9,8,Wheat bran::RealV6_小麦麸_sample2,Wheat bran
354,9,9,Rice bran::RealV6_米糠_sample4,Rice bran
354,12,1,Barley::RealV6_大麦_sample2,Barley
354,12,2,Sorghum::RealV6_高粱_sample1,Sorghum
354,12,3,Wheat bran::RealV6_小麦麸_sample8,Wheat bran
354,12,4,Paddy rice::RealV6_稻谷_sample9,Paddy rice
354,12,5,Cassava::RealV6_木薯_sample4,Cassava
354,12,6,Wheat::RealV6_小麦_sample6,Wheat
354,12,7,Wheat bran::RealV6_小麦麸_sample10,Wheat bran
354,12,8,Wheat bran::RealV6_小麦麸_sample2,Wheat bran
354,12,9,Rice bran::RealV6_米糠_sample4,Rice bran
354,12,10,Brown rice::RealV6_糙米_sample10,Brown rice
354,12,11,Paddy rice::RealV6_稻谷_sample6,Paddy rice
354,12,12,Rice bran::RealV6_米糠_sample1,Rice bran
355,3,1,Paddy rice::RealV6_稻谷_sample6,Paddy rice
355,3,2,Brown rice::RealV6_糙米_sample6,Brown rice
355,3,3,Barley::RealV6_大麦_sample10,Barley
355,6,1,Paddy rice::RealV6_稻谷_sample6,Paddy rice
355,6,2,Brown rice::RealV6_糙米_sample6,Brown rice
355,6,3,Barley::RealV6_大麦_sample10,Barley
355,6,4,Rice bran::RealV6_米糠_sample6,Rice bran
355,6,5,Brown rice::RealV6_糙米_sample7,Brown rice
355,6,6,Sorghum::RealV6_高粱_sample5,Sorghum
355,9,1,Paddy rice::RealV6_稻谷_sample6,Paddy rice
355,9,2,Brown rice::RealV6_糙米_sample6,Brown rice
355,9,3,Barley::RealV6_大麦_sample10,Barley
355,9,4,Rice bran::RealV6_米糠_sample6,Rice bran
355,9,5,Brown rice::RealV6_糙米_sample7,Brown rice
355,9,6,Sorghum::RealV6_高粱_sample5,Sorghum
355,9,7,Cassava::RealV6_木薯_sample5,Cassava
355,9,8,Wheat::RealV6_小麦_sample4,Wheat
355,9,9,Cassava::RealV6_木薯_sample10,Cassava
355,12,1,Paddy rice::RealV6_稻谷_sample6,Paddy rice
355,12,2,Brown rice::RealV6_糙米_sample6,Brown rice
355,12,3,Barley::RealV6_大麦_sample10,Barley
355,12,4,Rice bran::RealV6_米糠_sample6,Rice bran
355,12,5,Brown rice::RealV6_糙米_sample7,Brown rice
355,12,6,Sorghum::RealV6_高粱_sample5,Sorghum
355,12,7,Cassava::RealV6_木薯_sample5,Cassava
355,12,8,Wheat::RealV6_小麦_sample4,Wheat
355,12,9,Cassava::RealV6_木薯_sample10,Cassava
355,12,10,Wheat::RealV6_小麦_sample6,Wheat
355,12,11,Wheat bran::RealV6_小麦麸_sample10,Wheat bran
355,12,12,Paddy rice::RealV6_稻谷_sample8,Paddy rice
356,3,1,Barley::RealV6_大麦_sample10,Barley
356,3,2,Cassava::RealV6_木薯_sample4,Cassava
356,3,3,Rice bran::RealV6_米糠_sample3,Rice bran
356,6,1,Barley::RealV6_大麦_sample10,Barley
356,6,2,Cassava::RealV6_木薯_sample4,Cassava
356,6,3,Rice bran::RealV6_米糠_sample3,Rice bran
356,6,4,Brown rice::RealV6_糙米_sample10,Brown rice
356,6,5,Cassava::RealV6_木薯_sample10,Cassava
356,6,6,Sorghum::RealV6_高粱_sample1,Sorghum
356,9,1,Barley::RealV6_大麦_sample10,Barley
356,9,2,Cassava::RealV6_木薯_sample4,Cassava
356,9,3,Rice bran::RealV6_米糠_sample3,Rice bran
356,9,4,Brown rice::RealV6_糙米_sample10,Brown rice
356,9,5,Cassava::RealV6_木薯_sample10,Cassava
356,9,6,Sorghum::RealV6_高粱_sample1,Sorghum
356,9,7,Sorghum::RealV6_高粱_sample6,Sorghum
356,9,8,Barley::RealV6_大麦_sample8,Barley
356,9,9,Brown rice::RealV6_糙米_sample2,Brown rice
356,12,1,Barley::RealV6_大麦_sample10,Barley
356,12,2,Cassava::RealV6_木薯_sample4,Cassava
356,12,3,Rice bran::RealV6_米糠_sample3,Rice bran
356,12,4,Brown rice::RealV6_糙米_sample10,Brown rice
356,12,5,Cassava::RealV6_木薯_sample10,Cassava
356,12,6,Sorghum::RealV6_高粱_sample1,Sorghum
356,12,7,Sorghum::RealV6_高粱_sample6,Sorghum
356,12,8,Barley::RealV6_大麦_sample8,Barley
356,12,9,Brown rice::RealV6_糙米_sample2,Brown rice
356,12,10,Rice bran::RealV6_米糠_sample1,Rice bran
356,12,11,Sorghum::RealV6_高粱_sample4,Sorghum
356,12,12,Rapeseed cake::RealV6_菜籽饼_sample2,Rapeseed cake
357,3,1,Barley::RealV6_大麦_sample2,Barley
357,3,2,Brown rice::RealV6_糙米_sample6,Brown rice
357,3,3,Rapeseed cake::RealV6_菜籽饼_sample4,Rapeseed cake
357,6,1,Barley::RealV6_大麦_sample2,Barley
357,6,2,Brown rice::RealV6_糙米_sample6,Brown rice
357,6,3,Rapeseed cake::RealV6_菜籽饼_sample4,Rapeseed cake
357,6,4,Barley::RealV6_大麦_sample1,Barley
357,6,5,Barley::RealV6_大麦_sample7,Barley
357,6,6,Paddy rice::RealV6_稻谷_sample6,Paddy rice
357,9,1,Barley::RealV6_大麦_sample2,Barley
357,9,2,Brown rice::RealV6_糙米_sample6,Brown rice
357,9,3,Rapeseed cake::RealV6_菜籽饼_sample4,Rapeseed cake
357,9,4,Barley::RealV6_大麦_sample1,Barley
357,9,5,Barley::RealV6_大麦_sample7,Barley
357,9,6,Paddy rice::RealV6_稻谷_sample6,Paddy rice
357,9,7,Barley::RealV6_大麦_sample5,Barley
357,9,8,Paddy rice::RealV6_稻谷_sample9,Paddy rice
357,9,9,Sorghum::RealV6_高粱_sample10,Sorghum
357,12,1,Barley::RealV6_大麦_sample2,Barley
357,12,2,Brown rice::RealV6_糙米_sample6,Brown rice
357,12,3,Rapeseed cake::RealV6_菜籽饼_sample4,Rapeseed cake
357,12,4,Barley::RealV6_大麦_sample1,Barley
357,12,5,Barley::RealV6_大麦_sample7,Barley
357,12,6,Paddy rice::RealV6_稻谷_sample6,Paddy rice
357,12,7,Barley::RealV6_大麦_sample5,Barley
357,12,8,Paddy rice::RealV6_稻谷_sample9,Paddy rice
357,12,9,Sorghum::RealV6_高粱_sample10,Sorghum
357,12,10,Rice bran::RealV6_米糠_sample8,Rice bran
357,12,11,Sorghum::RealV6_高粱_sample2,Sorghum
357,12,12,Sorghum::RealV6_高粱_sample4,Sorghum
358,3,1,Brown rice::RealV6_糙米_sample3,Brown rice
358,3,2,Barley::RealV6_大麦_sample2,Barley
358,3,3,Sorghum::RealV6_高粱_sample6,Sorghum
358,6,1,Brown rice::RealV6_糙米_sample3,Brown rice
358,6,2,Barley::RealV6_大麦_sample2,Barley
358,6,3,Sorghum::RealV6_高粱_sample6,Sorghum
358,6,4,Cassava::RealV6_木薯_sample5,Cassava
358,6,5,Paddy rice::RealV6_稻谷_sample5,Paddy rice
358,6,6,Barley::RealV6_大麦_sample7,Barley
358,9,1,Brown rice::RealV6_糙米_sample3,Brown rice
358,9,2,Barley::RealV6_大麦_sample2,Barley
358,9,3,Sorghum::RealV6_高粱_sample6,Sorghum
358,9,4,Cassava::RealV6_木薯_sample5,Cassava
358,9,5,Paddy rice::RealV6_稻谷_sample5,Paddy rice
358,9,6,Barley::RealV6_大麦_sample7,Barley
358,9,7,Rapeseed cake::RealV6_菜籽饼_sample10,Rapeseed cake
358,9,8,Sorghum::RealV6_高粱_sample10,Sorghum
358,9,9,Wheat::RealV6_小麦_sample1,Wheat
358,12,1,Brown rice::RealV6_糙米_sample3,Brown rice
358,12,2,Barley::RealV6_大麦_sample2,Barley
358,12,3,Sorghum::RealV6_高粱_sample6,Sorghum
358,12,4,Cassava::RealV6_木薯_sample5,Cassava
358,12,5,Paddy rice::RealV6_稻谷_sample5,Paddy rice
358,12,6,Barley::RealV6_大麦_sample7,Barley
358,12,7,Rapeseed cake::RealV6_菜籽饼_sample10,Rapeseed cake
358,12,8,Sorghum::RealV6_高粱_sample10,Sorghum
358,12,9,Wheat::RealV6_小麦_sample1,Wheat
358,12,10,Barley::RealV6_大麦_sample4,Barley
358,12,11,Paddy rice::RealV6_稻谷_sample3,Paddy rice
358,12,12,Rice bran::RealV6_米糠_sample8,Rice bran
359,3,1,Wheat bran::RealV6_小麦麸_sample3,Wheat bran
359,3,2,Sorghum::RealV6_高粱_sample3,Sorghum
359,3,3,Sorghum::RealV6_高粱_sample7,Sorghum
359,6,1,Wheat bran::RealV6_小麦麸_sample3,Wheat bran
359,6,2,Sorghum::RealV6_高粱_sample3,Sorghum
359,6,3,Sorghum::RealV6_高粱_sample7,Sorghum
359,6,4,Paddy rice::RealV6_稻谷_sample3,Paddy rice
359,6,5,Wheat bran::RealV6_小麦麸_sample10,Wheat bran
359,6,6,Rapeseed cake::RealV6_菜籽饼_sample2,Rapeseed cake
359,9,1,Wheat bran::RealV6_小麦麸_sample3,Wheat bran
359,9,2,Sorghum::RealV6_高粱_sample3,Sorghum
359,9,3,Sorghum::RealV6_高粱_sample7,Sorghum
359,9,4,Paddy rice::RealV6_稻谷_sample3,Paddy rice
359,9,5,Wheat bran::RealV6_小麦麸_sample10,Wheat bran
359,9,6,Rapeseed cake::RealV6_菜籽饼_sample2,Rapeseed cake
359,9,7,Rice bran::RealV6_米糠_sample4,Rice bran
359,9,8,Barley::RealV6_大麦_sample9,Barley
359,9,9,Wheat bran::RealV6_小麦麸_sample8,Wheat bran
359,12,1,Wheat bran::RealV6_小麦麸_sample3,Wheat bran
359,12,2,Sorghum::RealV6_高粱_sample3,Sorghum
359,12,3,Sorghum::RealV6_高粱_sample7,Sorghum
359,12,4,Paddy rice::RealV6_稻谷_sample3,Paddy rice
359,12,5,Wheat bran::RealV6_小麦麸_sample10,Wheat bran
359,12,6,Rapeseed cake::RealV6_菜籽饼_sample2,Rapeseed cake
359,12,7,Rice bran::RealV6_米糠_sample4,Rice bran
359,12,8,Barley::RealV6_大麦_sample9,Barley
359,12,9,Wheat bran::RealV6_小麦麸_sample8,Wheat bran
359,12,10,Wheat::RealV6_小麦_sample7,Wheat
359,12,11,Rapeseed cake::RealV6_菜籽饼_sample4,Rapeseed cake
359,12,12,Rice bran::RealV6_米糠_sample9,Rice bran
360,3,1,Wheat::RealV6_小麦_sample2,Wheat
360,3,2,Brown rice::RealV6_糙米_sample4,Brown rice
360,3,3,Cassava::RealV6_木薯_sample7,Cassava
360,6,1,Wheat::RealV6_小麦_sample2,Wheat
360,6,2,Brown rice::RealV6_糙米_sample4,Brown rice
360,6,3,Cassava::RealV6_木薯_sample7,Cassava
360,6,4,Cassava::RealV6_木薯_sample10,Cassava
360,6,5,Brown rice::RealV6_糙米_sample6,Brown rice
360,6,6,Paddy rice::RealV6_稻谷_sample11,Paddy rice
360,9,1,Wheat::RealV6_小麦_sample2,Wheat
360,9,2,Brown rice::RealV6_糙米_sample4,Brown rice
360,9,3,Cassava::RealV6_木薯_sample7,Cassava
360,9,4,Cassava::RealV6_木薯_sample10,Cassava
360,9,5,Brown rice::RealV6_糙米_sample6,Brown rice
360,9,6,Paddy rice::RealV6_稻谷_sample11,Paddy rice
360,9,7,Rapeseed cake::RealV6_菜籽饼_sample5,Rapeseed cake
360,9,8,Paddy rice::RealV6_稻谷_sample5,Paddy rice
360,9,9,Rapeseed cake::RealV6_菜籽饼_sample3,Rapeseed cake
360,12,1,Wheat::RealV6_小麦_sample2,Wheat
360,12,2,Brown rice::RealV6_糙米_sample4,Brown rice
360,12,3,Cassava::RealV6_木薯_sample7,Cassava
360,12,4,Cassava::RealV6_木薯_sample10,Cassava
360,12,5,Brown rice::RealV6_糙米_sample6,Brown rice
360,12,6,Paddy rice::RealV6_稻谷_sample11,Paddy rice
360,12,7,Rapeseed cake::RealV6_菜籽饼_sample5,Rapeseed cake
360,12,8,Paddy rice::RealV6_稻谷_sample5,Paddy rice
360,12,9,Rapeseed cake::RealV6_菜籽饼_sample3,Rapeseed cake
360,12,10,Rapeseed cake::RealV6_菜籽饼_sample8,Rapeseed cake
360,12,11,Cassava::RealV6_木薯_sample1,Cassava
360,12,12,Paddy rice::RealV6_稻谷_sample9,Paddy rice
361,3,1,Brown rice::RealV6_糙米_sample10,Brown rice
361,3,2,Rapeseed cake::RealV6_菜籽饼_sample6,Rapeseed cake
361,3,3,Wheat bran::RealV6_小麦麸_sample1,Wheat bran
361,6,1,Brown rice::RealV6_糙米_sample10,Brown rice
361,6,2,Rapeseed cake::RealV6_菜籽饼_sample6,Rapeseed cake
361,6,3,Wheat bran::RealV6_小麦麸_sample1,Wheat bran
361,6,4,Barley::RealV6_大麦_sample6,Barley
361,6,5,Wheat bran::RealV6_小麦麸_sample10,Wheat bran
361,6,6,Rice bran::RealV6_米糠_sample6,Rice bran
361,9,1,Brown rice::RealV6_糙米_sample10,Brown rice
361,9,2,Rapeseed cake::RealV6_菜籽饼_sample6,Rapeseed cake
361,9,3,Wheat bran::RealV6_小麦麸_sample1,Wheat bran
361,9,4,Barley::RealV6_大麦_sample6,Barley
361,9,5,Wheat bran::RealV6_小麦麸_sample10,Wheat bran
361,9,6,Rice bran::RealV6_米糠_sample6,Rice bran
361,9,7,Paddy rice::RealV6_稻谷_sample2,Paddy rice
361,9,8,Wheat::RealV6_小麦_sample6,Wheat
361,9,9,Barley::RealV6_大麦_sample9,Barley
361,12,1,Brown rice::RealV6_糙米_sample10,Brown rice
361,12,2,Rapeseed cake::RealV6_菜籽饼_sample6,Rapeseed cake
361,12,3,Wheat bran::RealV6_小麦麸_sample1,Wheat bran
361,12,4,Barley::RealV6_大麦_sample6,Barley
361,12,5,Wheat bran::RealV6_小麦麸_sample10,Wheat bran
361,12,6,Rice bran::RealV6_米糠_sample6,Rice bran
361,12,7,Paddy rice::RealV6_稻谷_sample2,Paddy rice
361,12,8,Wheat::RealV6_小麦_sample6,Wheat
361,12,9,Barley::RealV6_大麦_sample9,Barley
361,12,10,Sorghum::RealV6_高粱_sample6,Sorghum
361,12,11,Rice bran::RealV6_米糠_sample5,Rice bran
361,12,12,Cassava::RealV6_木薯_sample8,Cassava
362,3,1,Sorghum::RealV6_高粱_sample4,Sorghum
362,3,2,Rice bran::RealV6_米糠_sample4,Rice bran
362,3,3,Wheat bran::RealV6_小麦麸_sample6,Wheat bran
362,6,1,Sorghum::RealV6_高粱_sample4,Sorghum
362,6,2,Rice bran::RealV6_米糠_sample4,Rice bran
362,6,3,Wheat bran::RealV6_小麦麸_sample6,Wheat bran
362,6,4,Rapeseed cake::RealV6_菜籽饼_sample9,Rapeseed cake
362,6,5,Brown rice::RealV6_糙米_sample1,Brown rice
362,6,6,Rice bran::RealV6_米糠_sample7,Rice bran
362,9,1,Sorghum::RealV6_高粱_sample4,Sorghum
362,9,2,Rice bran::RealV6_米糠_sample4,Rice bran
362,9,3,Wheat bran::RealV6_小麦麸_sample6,Wheat bran
362,9,4,Rapeseed cake::RealV6_菜籽饼_sample9,Rapeseed cake
362,9,5,Brown rice::RealV6_糙米_sample1,Brown rice
362,9,6,Rice bran::RealV6_米糠_sample7,Rice bran
362,9,7,Wheat bran::RealV6_小麦麸_sample8,Wheat bran
362,9,8,Cassava::RealV6_木薯_sample9,Cassava
362,9,9,Barley::RealV6_大麦_sample2,Barley
362,12,1,Sorghum::RealV6_高粱_sample4,Sorghum
362,12,2,Rice bran::RealV6_米糠_sample4,Rice bran
362,12,3,Wheat bran::RealV6_小麦麸_sample6,Wheat bran
362,12,4,Rapeseed cake::RealV6_菜籽饼_sample9,Rapeseed cake
362,12,5,Brown rice::RealV6_糙米_sample1,Brown rice
362,12,6,Rice bran::RealV6_米糠_sample7,Rice bran
362,12,7,Wheat bran::RealV6_小麦麸_sample8,Wheat bran
362,12,8,Cassava::RealV6_木薯_sample9,Cassava
362,12,9,Barley::RealV6_大麦_sample2,Barley
362,12,10,Cassava::RealV6_木薯_sample10,Cassava
362,12,11,Sorghum::RealV6_高粱_sample8,Sorghum
362,12,12,Wheat bran::RealV6_小麦麸_sample4,Wheat bran
363,3,1,Wheat bran::RealV6_小麦麸_sample9,Wheat bran
363,3,2,Wheat bran::RealV6_小麦麸_sample4,Wheat bran
363,3,3,Sorghum::RealV6_高粱_sample3,Sorghum
363,6,1,Wheat bran::RealV6_小麦麸_sample9,Wheat bran
363,6,2,Wheat bran::RealV6_小麦麸_sample4,Wheat bran
363,6,3,Sorghum::RealV6_高粱_sample3,Sorghum
363,6,4,Paddy rice::RealV6_稻谷_sample6,Paddy rice
363,6,5,Rice bran::RealV6_米糠_sample7,Rice bran
363,6,6,Rapeseed cake::RealV6_菜籽饼_sample4,Rapeseed cake
363,9,1,Wheat bran::RealV6_小麦麸_sample9,Wheat bran
363,9,2,Wheat bran::RealV6_小麦麸_sample4,Wheat bran
363,9,3,Sorghum::RealV6_高粱_sample3,Sorghum
363,9,4,Paddy rice::RealV6_稻谷_sample6,Paddy rice
363,9,5,Rice bran::RealV6_米糠_sample7,Rice bran
363,9,6,Rapeseed cake::RealV6_菜籽饼_sample4,Rapeseed cake
363,9,7,Wheat::RealV6_小麦_sample6,Wheat
363,9,8,Barley::RealV6_大麦_sample1,Barley
363,9,9,Brown rice::RealV6_糙米_sample3,Brown rice
363,12,1,Wheat bran::RealV6_小麦麸_sample9,Wheat bran
363,12,2,Wheat bran::RealV6_小麦麸_sample4,Wheat bran
363,12,3,Sorghum::RealV6_高粱_sample3,Sorghum
363,12,4,Paddy rice::RealV6_稻谷_sample6,Paddy rice
363,12,5,Rice bran::RealV6_米糠_sample7,Rice bran
363,12,6,Rapeseed cake::RealV6_菜籽饼_sample4,Rapeseed cake
363,12,7,Wheat::RealV6_小麦_sample6,Wheat
363,12,8,Barley::RealV6_大麦_sample1,Barley
363,12,9,Brown rice::RealV6_糙米_sample3,Brown rice
363,12,10,Paddy rice::RealV6_稻谷_sample7,Paddy rice
363,12,11,Sorghum::RealV6_高粱_sample9,Sorghum
363,12,12,Sorghum::RealV6_高粱_sample8,Sorghum
364,3,1,Wheat bran::RealV6_小麦麸_sample7,Wheat bran
364,3,2,Cassava::RealV6_木薯_sample6,Cassava
364,3,3,Barley::RealV6_大麦_sample5,Barley
364,6,1,Wheat bran::RealV6_小麦麸_sample7,Wheat bran
364,6,2,Cassava::RealV6_木薯_sample6,Cassava
364,6,3,Barley::RealV6_大麦_sample5,Barley
364,6,4,Rice bran::RealV6_米糠_sample4,Rice bran
364,6,5,Wheat::RealV6_小麦_sample6,Wheat
364,6,6,Wheat::RealV6_小麦_sample2,Wheat
364,9,1,Wheat bran::RealV6_小麦麸_sample7,Wheat bran
364,9,2,Cassava::RealV6_木薯_sample6,Cassava
364,9,3,Barley::RealV6_大麦_sample5,Barley
364,9,4,Rice bran::RealV6_米糠_sample4,Rice bran
364,9,5,Wheat::RealV6_小麦_sample6,Wheat
364,9,6,Wheat::RealV6_小麦_sample2,Wheat
364,9,7,Brown rice::RealV6_糙米_sample8,Brown rice
364,9,8,Rapeseed cake::RealV6_菜籽饼_sample4,Rapeseed cake
364,9,9,Barley::RealV6_大麦_sample3,Barley
364,12,1,Wheat bran::RealV6_小麦麸_sample7,Wheat bran
364,12,2,Cassava::RealV6_木薯_sample6,Cassava
364,12,3,Barley::RealV6_大麦_sample5,Barley
364,12,4,Rice bran::RealV6_米糠_sample4,Rice bran
364,12,5,Wheat::RealV6_小麦_sample6,Wheat
364,12,6,Wheat::RealV6_小麦_sample2,Wheat
364,12,7,Brown rice::RealV6_糙米_sample8,Brown rice
364,12,8,Rapeseed cake::RealV6_菜籽饼_sample4,Rapeseed cake
364,12,9,Barley::RealV6_大麦_sample3,Barley
364,12,10,Cassava::RealV6_木薯_sample7,Cassava
364,12,11,Brown rice::RealV6_糙米_sample6,Brown rice
364,12,12,Sorghum::RealV6_高粱_sample2,Sorghum
365,3,1,Rice bran::RealV6_米糠_sample1,Rice bran
365,3,2,Paddy rice::RealV6_稻谷_sample3,Paddy rice
365,3,3,Wheat bran::RealV6_小麦麸_sample9,Wheat bran
365,6,1,Rice bran::RealV6_米糠_sample1,Rice bran
365,6,2,Paddy rice::RealV6_稻谷_sample3,Paddy rice
365,6,3,Wheat bran::RealV6_小麦麸_sample9,Wheat bran
365,6,4,Wheat bran::RealV6_小麦麸_sample2,Wheat bran
365,6,5,Wheat bran::RealV6_小麦麸_sample3,Wheat bran
365,6,6,Barley::RealV6_大麦_sample8,Barley
365,9,1,Rice bran::RealV6_米糠_sample1,Rice bran
365,9,2,Paddy rice::RealV6_稻谷_sample3,Paddy rice
365,9,3,Wheat bran::RealV6_小麦麸_sample9,Wheat bran
365,9,4,Wheat bran::RealV6_小麦麸_sample2,Wheat bran
365,9,5,Wheat bran::RealV6_小麦麸_sample3,Wheat bran
365,9,6,Barley::RealV6_大麦_sample8,Barley
365,9,7,Wheat bran::RealV6_小麦麸_sample8,Wheat bran
365,9,8,Brown rice::RealV6_糙米_sample7,Brown rice
365,9,9,Cassava::RealV6_木薯_sample3,Cassava
365,12,1,Rice bran::RealV6_米糠_sample1,Rice bran
365,12,2,Paddy rice::RealV6_稻谷_sample3,Paddy rice
365,12,3,Wheat bran::RealV6_小麦麸_sample9,Wheat bran
365,12,4,Wheat bran::RealV6_小麦麸_sample2,Wheat bran
365,12,5,Wheat bran::RealV6_小麦麸_sample3,Wheat bran
365,12,6,Barley::RealV6_大麦_sample8,Barley
365,12,7,Wheat bran::RealV6_小麦麸_sample8,Wheat bran
365,12,8,Brown rice::RealV6_糙米_sample7,Brown rice
365,12,9,Cassava::RealV6_木薯_sample3,Cassava
365,12,10,Sorghum::RealV6_高粱_sample6,Sorghum
365,12,11,Sorghum::RealV6_高粱_sample3,Sorghum
365,12,12,Barley::RealV6_大麦_sample5,Barley
366,3,1,Wheat::RealV6_小麦_sample10,Wheat
366,3,2,Sorghum::RealV6_高粱_sample10,Sorghum
366,3,3,Barley::RealV6_大麦_sample7,Barley
366,6,1,Wheat::RealV6_小麦_sample10,Wheat
366,6,2,Sorghum::RealV6_高粱_sample10,Sorghum
366,6,3,Barley::RealV6_大麦_sample7,Barley
366,6,4,Barley::RealV6_大麦_sample4,Barley
366,6,5,Wheat bran::RealV6_小麦麸_sample10,Wheat bran
366,6,6,Brown rice::RealV6_糙米_sample9,Brown rice
366,9,1,Wheat::RealV6_小麦_sample10,Wheat
366,9,2,Sorghum::RealV6_高粱_sample10,Sorghum
366,9,3,Barley::RealV6_大麦_sample7,Barley
366,9,4,Barley::RealV6_大麦_sample4,Barley
366,9,5,Wheat bran::RealV6_小麦麸_sample10,Wheat bran
366,9,6,Brown rice::RealV6_糙米_sample9,Brown rice
366,9,7,Wheat bran::RealV6_小麦麸_sample8,Wheat bran
366,9,8,Rapeseed cake::RealV6_菜籽饼_sample9,Rapeseed cake
366,9,9,Barley::RealV6_大麦_sample2,Barley
366,12,1,Wheat::RealV6_小麦_sample10,Wheat
366,12,2,Sorghum::RealV6_高粱_sample10,Sorghum
366,12,3,Barley::RealV6_大麦_sample7,Barley
366,12,4,Barley::RealV6_大麦_sample4,Barley
366,12,5,Wheat bran::RealV6_小麦麸_sample10,Wheat bran
366,12,6,Brown rice::RealV6_糙米_sample9,Brown rice
366,12,7,Wheat bran::RealV6_小麦麸_sample8,Wheat bran
366,12,8,Rapeseed cake::RealV6_菜籽饼_sample9,Rapeseed cake
366,12,9,Barley::RealV6_大麦_sample2,Barley
366,12,10,Rice bran::RealV6_米糠_sample2,Rice bran
366,12,11,Wheat::RealV6_小麦_sample9,Wheat
366,12,12,Sorghum::RealV6_高粱_sample9,Sorghum
367,3,1,Barley::RealV6_大麦_sample1,Barley
367,3,2,Rapeseed cake::RealV6_菜籽饼_sample10,Rapeseed cake
367,3,3,Brown rice::RealV6_糙米_sample2,Brown rice
367,6,1,Barley::RealV6_大麦_sample1,Barley
367,6,2,Rapeseed cake::RealV6_菜籽饼_sample10,Rapeseed cake
367,6,3,Brown rice::RealV6_糙米_sample2,Brown rice
367,6,4,Wheat bran::RealV6_小麦麸_sample8,Wheat bran
367,6,5,Brown rice::RealV6_糙米_sample6,Brown rice
367,6,6,Wheat bran::RealV6_小麦麸_sample6,Wheat bran
367,9,1,Barley::RealV6_大麦_sample1,Barley
367,9,2,Rapeseed cake::RealV6_菜籽饼_sample10,Rapeseed cake
367,9,3,Brown rice::RealV6_糙米_sample2,Brown rice
367,9,4,Wheat bran::RealV6_小麦麸_sample8,Wheat bran
367,9,5,Brown rice::RealV6_糙米_sample6,Brown rice
367,9,6,Wheat bran::RealV6_小麦麸_sample6,Wheat bran
367,9,7,Paddy rice::RealV6_稻谷_sample9,Paddy rice
367,9,8,Wheat bran::RealV6_小麦麸_sample2,Wheat bran
367,9,9,Wheat::RealV6_小麦_sample6,Wheat
367,12,1,Barley::RealV6_大麦_sample1,Barley
367,12,2,Rapeseed cake::RealV6_菜籽饼_sample10,Rapeseed cake
367,12,3,Brown rice::RealV6_糙米_sample2,Brown rice
367,12,4,Wheat bran::RealV6_小麦麸_sample8,Wheat bran
367,12,5,Brown rice::RealV6_糙米_sample6,Brown rice
367,12,6,Wheat bran::RealV6_小麦麸_sample6,Wheat bran
367,12,7,Paddy rice::RealV6_稻谷_sample9,Paddy rice
367,12,8,Wheat bran::RealV6_小麦麸_sample2,Wheat bran
367,12,9,Wheat::RealV6_小麦_sample6,Wheat
367,12,10,Cassava::RealV6_木薯_sample4,Cassava
367,12,11,Cassava::RealV6_木薯_sample8,Cassava
367,12,12,Rice bran::RealV6_米糠_sample4,Rice bran
368,3,1,Sorghum::RealV6_高粱_sample10,Sorghum
368,3,2,Brown rice::RealV6_糙米_sample1,Brown rice
368,3,3,Paddy rice::RealV6_稻谷_sample9,Paddy rice
368,6,1,Sorghum::RealV6_高粱_sample10,Sorghum
368,6,2,Brown rice::RealV6_糙米_sample1,Brown rice
368,6,3,Paddy rice::RealV6_稻谷_sample9,Paddy rice
368,6,4,Sorghum::RealV6_高粱_sample6,Sorghum
368,6,5,Wheat::RealV6_小麦_sample4,Wheat
368,6,6,Cassava::RealV6_木薯_sample10,Cassava
368,9,1,Sorghum::RealV6_高粱_sample10,Sorghum
368,9,2,Brown rice::RealV6_糙米_sample1,Brown rice
368,9,3,Paddy rice::RealV6_稻谷_sample9,Paddy rice
368,9,4,Sorghum::RealV6_高粱_sample6,Sorghum
368,9,5,Wheat::RealV6_小麦_sample4,Wheat
368,9,6,Cassava::RealV6_木薯_sample10,Cassava
368,9,7,Paddy rice::RealV6_稻谷_sample5,Paddy rice
368,9,8,Wheat bran::RealV6_小麦麸_sample10,Wheat bran
368,9,9,Barley::RealV6_大麦_sample4,Barley
368,12,1,Sorghum::RealV6_高粱_sample10,Sorghum
368,12,2,Brown rice::RealV6_糙米_sample1,Brown rice
368,12,3,Paddy rice::RealV6_稻谷_sample9,Paddy rice
368,12,4,Sorghum::RealV6_高粱_sample6,Sorghum
368,12,5,Wheat::RealV6_小麦_sample4,Wheat
368,12,6,Cassava::RealV6_木薯_sample10,Cassava
368,12,7,Paddy rice::RealV6_稻谷_sample5,Paddy rice
368,12,8,Wheat bran::RealV6_小麦麸_sample10,Wheat bran
368,12,9,Barley::RealV6_大麦_sample4,Barley
368,12,10,Rapeseed cake::RealV6_菜籽饼_sample6,Rapeseed cake
368,12,11,Rapeseed cake::RealV6_菜籽饼_sample8,Rapeseed cake
368,12,12,Brown rice::RealV6_糙米_sample10,Brown rice
369,3,1,Wheat bran::RealV6_小麦麸_sample9,Wheat bran
369,3,2,Wheat::RealV6_小麦_sample10,Wheat
369,3,3,Paddy rice::RealV6_稻谷_sample10,Paddy rice
369,6,1,Wheat bran::RealV6_小麦麸_sample9,Wheat bran
369,6,2,Wheat::RealV6_小麦_sample10,Wheat
369,6,3,Paddy rice::RealV6_稻谷_sample10,Paddy rice
369,6,4,Sorghum::RealV6_高粱_sample3,Sorghum
369,6,5,Rapeseed cake::RealV6_菜籽饼_sample8,Rapeseed cake
369,6,6,Sorghum::RealV6_高粱_sample10,Sorghum
369,9,1,Wheat bran::RealV6_小麦麸_sample9,Wheat bran
369,9,2,Wheat::RealV6_小麦_sample10,Wheat
369,9,3,Paddy rice::RealV6_稻谷_sample10,Paddy rice
369,9,4,Sorghum::RealV6_高粱_sample3,Sorghum
369,9,5,Rapeseed cake::RealV6_菜籽饼_sample8,Rapeseed cake
369,9,6,Sorghum::RealV6_高粱_sample10,Sorghum
369,9,7,Brown rice::RealV6_糙米_sample10,Brown rice
369,9,8,Rapeseed cake::RealV6_菜籽饼_sample10,Rapeseed cake
369,9,9,Paddy rice::RealV6_稻谷_sample3,Paddy rice
369,12,1,Wheat bran::RealV6_小麦麸_sample9,Wheat bran
369,12,2,Wheat::RealV6_小麦_sample10,Wheat
369,12,3,Paddy rice::RealV6_稻谷_sample10,Paddy rice
369,12,4,Sorghum::RealV6_高粱_sample3,Sorghum
369,12,5,Rapeseed cake::RealV6_菜籽饼_sample8,Rapeseed cake
369,12,6,Sorghum::RealV6_高粱_sample10,Sorghum
369,12,7,Brown rice::RealV6_糙米_sample10,Brown rice
369,12,8,Rapeseed cake::RealV6_菜籽饼_sample10,Rapeseed cake
369,12,9,Paddy rice::RealV6_稻谷_sample3,Paddy rice
369,12,10,Wheat bran::RealV6_小麦麸_sample3,Wheat bran
369,12,11,Rice bran::RealV6_米糠_sample7,Rice bran
369,12,12,Brown rice::RealV6_糙米_sample2,Brown rice
370,3,1,Paddy rice::RealV6_稻谷_sample9,Paddy rice
370,3,2,Rice bran::RealV6_米糠_sample5,Rice bran
370,3,3,Sorghum::RealV6_高粱_sample9,Sorghum
370,6,1,Paddy rice::RealV6_稻谷_sample9,Paddy rice
370,6,2,Rice bran::RealV6_米糠_sample5,Rice bran
370,6,3,Sorghum::RealV6_高粱_sample9,Sorghum
370,6,4,Sorghum::RealV6_高粱_sample5,Sorghum
370,6,5,Rice bran::RealV6_米糠_sample2,Rice bran
370,6,6,Barley::RealV6_大麦_sample7,Barley
370,9,1,Paddy rice::RealV6_稻谷_sample9,Paddy rice
370,9,2,Rice bran::RealV6_米糠_sample5,Rice bran
370,9,3,Sorghum::RealV6_高粱_sample9,Sorghum
370,9,4,Sorghum::RealV6_高粱_sample5,Sorghum
370,9,5,Rice bran::RealV6_米糠_sample2,Rice bran
370,9,6,Barley::RealV6_大麦_sample7,Barley
370,9,7,Rapeseed cake::RealV6_菜籽饼_sample2,Rapeseed cake
370,9,8,Wheat::RealV6_小麦_sample2,Wheat
370,9,9,Cassava::RealV6_木薯_sample3,Cassava
370,12,1,Paddy rice::RealV6_稻谷_sample9,Paddy rice
370,12,2,Rice bran::RealV6_米糠_sample5,Rice bran
370,12,3,Sorghum::RealV6_高粱_sample9,Sorghum
370,12,4,Sorghum::RealV6_高粱_sample5,Sorghum
370,12,5,Rice bran::RealV6_米糠_sample2,Rice bran
370,12,6,Barley::RealV6_大麦_sample7,Barley
370,12,7,Rapeseed cake::RealV6_菜籽饼_sample2,Rapeseed cake
370,12,8,Wheat::RealV6_小麦_sample2,Wheat
370,12,9,Cassava::RealV6_木薯_sample3,Cassava
370,12,10,Cassava::RealV6_木薯_sample6,Cassava
370,12,11,Wheat bran::RealV6_小麦麸_sample7,Wheat bran
370,12,12,Cassava::RealV6_木薯_sample4,Cassava
371,3,1,Barley::RealV6_大麦_sample4,Barley
371,3,2,Rapeseed cake::RealV6_菜籽饼_sample10,Rapeseed cake
371,3,3,Barley::RealV6_大麦_sample2,Barley
371,6,1,Barley::RealV6_大麦_sample4,Barley
371,6,2,Rapeseed cake::RealV6_菜籽饼_sample10,Rapeseed cake
371,6,3,Barley::RealV6_大麦_sample2,Barley
371,6,4,Brown rice::RealV6_糙米_sample8,Brown rice
371,6,5,Wheat bran::RealV6_小麦麸_sample10,Wheat bran
371,6,6,Sorghum::RealV6_高粱_sample7,Sorghum
371,9,1,Barley::RealV6_大麦_sample4,Barley
371,9,2,Rapeseed cake::RealV6_菜籽饼_sample10,Rapeseed cake
371,9,3,Barley::RealV6_大麦_sample2,Barley
371,9,4,Brown rice::RealV6_糙米_sample8,Brown rice
371,9,5,Wheat bran::RealV6_小麦麸_sample10,Wheat bran
371,9,6,Sorghum::RealV6_高粱_sample7,Sorghum
371,9,7,Wheat bran::RealV6_小麦麸_sample3,Wheat bran
371,9,8,Barley::RealV6_大麦_sample1,Barley
371,9,9,Brown rice::RealV6_糙米_sample2,Brown rice
371,12,1,Barley::RealV6_大麦_sample4,Barley
371,12,2,Rapeseed cake::RealV6_菜籽饼_sample10,Rapeseed cake
371,12,3,Barley::RealV6_大麦_sample2,Barley
371,12,4,Brown rice::RealV6_糙米_sample8,Brown rice
371,12,5,Wheat bran::RealV6_小麦麸_sample10,Wheat bran
371,12,6,Sorghum::RealV6_高粱_sample7,Sorghum
371,12,7,Wheat bran::RealV6_小麦麸_sample3,Wheat bran
371,12,8,Barley::RealV6_大麦_sample1,Barley
371,12,9,Brown rice::RealV6_糙米_sample2,Brown rice
371,12,10,Barley::RealV6_大麦_sample10,Barley
371,12,11,Wheat::RealV6_小麦_sample3,Wheat
371,12,12,Wheat bran::RealV6_小麦麸_sample5,Wheat bran
372,3,1,Rapeseed cake::RealV6_菜籽饼_sample5,Rapeseed cake
372,3,2,Wheat::RealV6_小麦_sample1,Wheat
372,3,3,Sorghum::RealV6_高粱_sample2,Sorghum
372,6,1,Rapeseed cake::RealV6_菜籽饼_sample5,Rapeseed cake
372,6,2,Wheat::RealV6_小麦_sample1,Wheat
372,6,3,Sorghum::RealV6_高粱_sample2,Sorghum
372,6,4,Barley::RealV6_大麦_sample4,Barley
372,6,5,Paddy rice::RealV6_稻谷_sample9,Paddy rice
372,6,6,Wheat bran::RealV6_小麦麸_sample8,Wheat bran
372,9,1,Rapeseed cake::RealV6_菜籽饼_sample5,Rapeseed cake
372,9,2,Wheat::RealV6_小麦_sample1,Wheat
372,9,3,Sorghum::RealV6_高粱_sample2,Sorghum
372,9,4,Barley::RealV6_大麦_sample4,Barley
372,9,5,Paddy rice::RealV6_稻谷_sample9,Paddy rice
372,9,6,Wheat bran::RealV6_小麦麸_sample8,Wheat bran
372,9,7,Sorghum::RealV6_高粱_sample1,Sorghum
372,9,8,Paddy rice::RealV6_稻谷_sample11,Paddy rice
372,9,9,Wheat bran::RealV6_小麦麸_sample4,Wheat bran
372,12,1,Rapeseed cake::RealV6_菜籽饼_sample5,Rapeseed cake
372,12,2,Wheat::RealV6_小麦_sample1,Wheat
372,12,3,Sorghum::RealV6_高粱_sample2,Sorghum
372,12,4,Barley::RealV6_大麦_sample4,Barley
372,12,5,Paddy rice::RealV6_稻谷_sample9,Paddy rice
372,12,6,Wheat bran::RealV6_小麦麸_sample8,Wheat bran
372,12,7,Sorghum::RealV6_高粱_sample1,Sorghum
372,12,8,Paddy rice::RealV6_稻谷_sample11,Paddy rice
372,12,9,Wheat bran::RealV6_小麦麸_sample4,Wheat bran
372,12,10,Barley::RealV6_大麦_sample9,Barley
372,12,11,Wheat bran::RealV6_小麦麸_sample9,Wheat bran
372,12,12,Sorghum::RealV6_高粱_sample10,Sorghum
373,3,1,Barley::RealV6_大麦_sample9,Barley
373,3,2,Wheat bran::RealV6_小麦麸_sample7,Wheat bran
373,3,3,Sorghum::RealV6_高粱_sample3,Sorghum
373,6,1,Barley::RealV6_大麦_sample9,Barley
373,6,2,Wheat bran::RealV6_小麦麸_sample7,Wheat bran
373,6,3,Sorghum::RealV6_高粱_sample3,Sorghum
373,6,4,Paddy rice::RealV6_稻谷_sample7,Paddy rice
373,6,5,Paddy rice::RealV6_稻谷_sample10,Paddy rice
373,6,6,Barley::RealV6_大麦_sample5,Barley
373,9,1,Barley::RealV6_大麦_sample9,Barley
373,9,2,Wheat bran::RealV6_小麦麸_sample7,Wheat bran
373,9,3,Sorghum::RealV6_高粱_sample3,Sorghum
373,9,4,Paddy rice::RealV6_稻谷_sample7,Paddy rice
373,9,5,Paddy rice::RealV6_稻谷_sample10,Paddy rice
373,9,6,Barley::RealV6_大麦_sample5,Barley
373,9,7,Brown rice::RealV6_糙米_sample6,Brown rice
373,9,8,Paddy rice::RealV6_稻谷_sample11,Paddy rice
373,9,9,Brown rice::RealV6_糙米_sample1,Brown rice
373,12,1,Barley::RealV6_大麦_sample9,Barley
373,12,2,Wheat bran::RealV6_小麦麸_sample7,Wheat bran
373,12,3,Sorghum::RealV6_高粱_sample3,Sorghum
373,12,4,Paddy rice::RealV6_稻谷_sample7,Paddy rice
373,12,5,Paddy rice::RealV6_稻谷_sample10,Paddy rice
373,12,6,Barley::RealV6_大麦_sample5,Barley
373,12,7,Brown rice::RealV6_糙米_sample6,Brown rice
373,12,8,Paddy rice::RealV6_稻谷_sample11,Paddy rice
373,12,9,Brown rice::RealV6_糙米_sample1,Brown rice
373,12,10,Sorghum::RealV6_高粱_sample4,Sorghum
373,12,11,Paddy rice::RealV6_稻谷_sample5,Paddy rice
373,12,12,Paddy rice::RealV6_稻谷_sample6,Paddy rice
374,3,1,Rapeseed cake::RealV6_菜籽饼_sample8,Rapeseed cake
374,3,2,Rapeseed cake::RealV6_菜籽饼_sample7,Rapeseed cake
374,3,3,Sorghum::RealV6_高粱_sample8,Sorghum
374,6,1,Rapeseed cake::RealV6_菜籽饼_sample8,Rapeseed cake
374,6,2,Rapeseed cake::RealV6_菜籽饼_sample7,Rapeseed cake
374,6,3,Sorghum::RealV6_高粱_sample8,Sorghum
374,6,4,Wheat bran::RealV6_小麦麸_sample5,Wheat bran
374,6,5,Barley::RealV6_大麦_sample3,Barley
374,6,6,Rapeseed cake::RealV6_菜籽饼_sample10,Rapeseed cake
374,9,1,Rapeseed cake::RealV6_菜籽饼_sample8,Rapeseed cake
374,9,2,Rapeseed cake::RealV6_菜籽饼_sample7,Rapeseed cake
374,9,3,Sorghum::RealV6_高粱_sample8,Sorghum
374,9,4,Wheat bran::RealV6_小麦麸_sample5,Wheat bran
374,9,5,Barley::RealV6_大麦_sample3,Barley
374,9,6,Rapeseed cake::RealV6_菜籽饼_sample10,Rapeseed cake
374,9,7,Cassava::RealV6_木薯_sample1,Cassava
374,9,8,Cassava::RealV6_木薯_sample3,Cassava
374,9,9,Wheat::RealV6_小麦_sample7,Wheat
374,12,1,Rapeseed cake::RealV6_菜籽饼_sample8,Rapeseed cake
374,12,2,Rapeseed cake::RealV6_菜籽饼_sample7,Rapeseed cake
374,12,3,Sorghum::RealV6_高粱_sample8,Sorghum
374,12,4,Wheat bran::RealV6_小麦麸_sample5,Wheat bran
374,12,5,Barley::RealV6_大麦_sample3,Barley
374,12,6,Rapeseed cake::RealV6_菜籽饼_sample10,Rapeseed cake
374,12,7,Cassava::RealV6_木薯_sample1,Cassava
374,12,8,Cassava::RealV6_木薯_sample3,Cassava
374,12,9,Wheat::RealV6_小麦_sample7,Wheat
374,12,10,Brown rice::RealV6_糙米_sample3,Brown rice
374,12,11,Cassava::RealV6_木薯_sample8,Cassava
374,12,12,Cassava::RealV6_木薯_sample6,Cassava
375,3,1,Wheat::RealV6_小麦_sample4,Wheat
375,3,2,Rapeseed cake::RealV6_菜籽饼_sample9,Rapeseed cake
375,3,3,Wheat::RealV6_小麦_sample6,Wheat
375,6,1,Wheat::RealV6_小麦_sample4,Wheat
375,6,2,Rapeseed cake::RealV6_菜籽饼_sample9,Rapeseed cake
375,6,3,Wheat::RealV6_小麦_sample6,Wheat
375,6,4,Wheat::RealV6_小麦_sample1,Wheat
375,6,5,Paddy rice::RealV6_稻谷_sample5,Paddy rice
375,6,6,Cassava::RealV6_木薯_sample2,Cassava
375,9,1,Wheat::RealV6_小麦_sample4,Wheat
375,9,2,Rapeseed cake::RealV6_菜籽饼_sample9,Rapeseed cake
375,9,3,Wheat::RealV6_小麦_sample6,Wheat
375,9,4,Wheat::RealV6_小麦_sample1,Wheat
375,9,5,Paddy rice::RealV6_稻谷_sample5,Paddy rice
375,9,6,Cassava::RealV6_木薯_sample2,Cassava
375,9,7,Sorghum::RealV6_高粱_sample4,Sorghum
375,9,8,Cassava::RealV6_木薯_sample8,Cassava
375,9,9,Wheat bran::RealV6_小麦麸_sample1,Wheat bran
375,12,1,Wheat::RealV6_小麦_sample4,Wheat
375,12,2,Rapeseed cake::RealV6_菜籽饼_sample9,Rapeseed cake
375,12,3,Wheat::RealV6_小麦_sample6,Wheat
375,12,4,Wheat::RealV6_小麦_sample1,Wheat
375,12,5,Paddy rice::RealV6_稻谷_sample5,Paddy rice
375,12,6,Cassava::RealV6_木薯_sample2,Cassava
375,12,7,Sorghum::RealV6_高粱_sample4,Sorghum
375,12,8,Cassava::RealV6_木薯_sample8,Cassava
375,12,9,Wheat bran::RealV6_小麦麸_sample1,Wheat bran
375,12,10,Paddy rice::RealV6_稻谷_sample11,Paddy rice
375,12,11,Wheat bran::RealV6_小麦麸_sample8,Wheat bran
375,12,12,Barley::RealV6_大麦_sample5,Barley
376,3,1,Wheat bran::RealV6_小麦麸_sample6,Wheat bran
376,3,2,Rice bran::RealV6_米糠_sample8,Rice bran
376,3,3,Rapeseed cake::RealV6_菜籽饼_sample6,Rapeseed cake
376,6,1,Wheat bran::RealV6_小麦麸_sample6,Wheat bran
376,6,2,Rice bran::RealV6_米糠_sample8,Rice bran
376,6,3,Rapeseed cake::RealV6_菜籽饼_sample6,Rapeseed cake
376,6,4,Rice bran::RealV6_米糠_sample3,Rice bran
376,6,5,Rice bran::RealV6_米糠_sample4,Rice bran
376,6,6,Wheat bran::RealV6_小麦麸_sample3,Wheat bran
376,9,1,Wheat bran::RealV6_小麦麸_sample6,Wheat bran
376,9,2,Rice bran::RealV6_米糠_sample8,Rice bran
376,9,3,Rapeseed cake::RealV6_菜籽饼_sample6,Rapeseed cake
376,9,4,Rice bran::RealV6_米糠_sample3,Rice bran
376,9,5,Rice bran::RealV6_米糠_sample4,Rice bran
376,9,6,Wheat bran::RealV6_小麦麸_sample3,Wheat bran
376,9,7,Barley::RealV6_大麦_sample1,Barley
376,9,8,Rapeseed cake::RealV6_菜籽饼_sample3,Rapeseed cake
376,9,9,Barley::RealV6_大麦_sample6,Barley
376,12,1,Wheat bran::RealV6_小麦麸_sample6,Wheat bran
376,12,2,Rice bran::RealV6_米糠_sample8,Rice bran
376,12,3,Rapeseed cake::RealV6_菜籽饼_sample6,Rapeseed cake
376,12,4,Rice bran::RealV6_米糠_sample3,Rice bran
376,12,5,Rice bran::RealV6_米糠_sample4,Rice bran
376,12,6,Wheat bran::RealV6_小麦麸_sample3,Wheat bran
376,12,7,Barley::RealV6_大麦_sample1,Barley
376,12,8,Rapeseed cake::RealV6_菜籽饼_sample3,Rapeseed cake
376,12,9,Barley::RealV6_大麦_sample6,Barley
376,12,10,Rapeseed cake::RealV6_菜籽饼_sample1,Rapeseed cake
376,12,11,Wheat bran::RealV6_小麦麸_sample8,Wheat bran
376,12,12,Paddy rice::RealV6_稻谷_sample9,Paddy rice
377,3,1,Rice bran::RealV6_米糠_sample10,Rice bran
377,3,2,Barley::RealV6_大麦_sample6,Barley
377,3,3,Brown rice::RealV6_糙米_sample5,Brown rice
377,6,1,Rice bran::RealV6_米糠_sample10,Rice bran
377,6,2,Barley::RealV6_大麦_sample6,Barley
377,6,3,Brown rice::RealV6_糙米_sample5,Brown rice
377,6,4,Rapeseed cake::RealV6_菜籽饼_sample4,Rapeseed cake
377,6,5,Rapeseed cake::RealV6_菜籽饼_sample7,Rapeseed cake
377,6,6,Paddy rice::RealV6_稻谷_sample7,Paddy rice
377,9,1,Rice bran::RealV6_米糠_sample10,Rice bran
377,9,2,Barley::RealV6_大麦_sample6,Barley
377,9,3,Brown rice::RealV6_糙米_sample5,Brown rice
377,9,4,Rapeseed cake::RealV6_菜籽饼_sample4,Rapeseed cake
377,9,5,Rapeseed cake::RealV6_菜籽饼_sample7,Rapeseed cake
377,9,6,Paddy rice::RealV6_稻谷_sample7,Paddy rice
377,9,7,Brown rice::RealV6_糙米_sample4,Brown rice
377,9,8,Sorghum::RealV6_高粱_sample7,Sorghum
377,9,9,Wheat::RealV6_小麦_sample3,Wheat
377,12,1,Rice bran::RealV6_米糠_sample10,Rice bran
377,12,2,Barley::RealV6_大麦_sample6,Barley
377,12,3,Brown rice::RealV6_糙米_sample5,Brown rice
377,12,4,Rapeseed cake::RealV6_菜籽饼_sample4,Rapeseed cake
377,12,5,Rapeseed cake::RealV6_菜籽饼_sample7,Rapeseed cake
377,12,6,Paddy rice::RealV6_稻谷_sample7,Paddy rice
377,12,7,Brown rice::RealV6_糙米_sample4,Brown rice
377,12,8,Sorghum::RealV6_高粱_sample7,Sorghum
377,12,9,Wheat::RealV6_小麦_sample3,Wheat
377,12,10,Cassava::RealV6_木薯_sample9,Cassava
377,12,11,Rice bran::RealV6_米糠_sample4,Rice bran
377,12,12,Wheat bran::RealV6_小麦麸_sample4,Wheat bran
378,3,1,Paddy rice::RealV6_稻谷_sample5,Paddy rice
378,3,2,Cassava::RealV6_木薯_sample10,Cassava
378,3,3,Wheat::RealV6_小麦_sample5,Wheat
378,6,1,Paddy rice::RealV6_稻谷_sample5,Paddy rice
378,6,2,Cassava::RealV6_木薯_sample10,Cassava
378,6,3,Wheat::RealV6_小麦_sample5,Wheat
378,6,4,Wheat::RealV6_小麦_sample7,Wheat
378,6,5,Rice bran::RealV6_米糠_sample8,Rice bran
378,6,6,Sorghum::RealV6_高粱_sample4,Sorghum
378,9,1,Paddy rice::RealV6_稻谷_sample5,Paddy rice
378,9,2,Cassava::RealV6_木薯_sample10,Cassava
378,9,3,Wheat::RealV6_小麦_sample5,Wheat
378,9,4,Wheat::RealV6_小麦_sample7,Wheat
378,9,5,Rice bran::RealV6_米糠_sample8,Rice bran
378,9,6,Sorghum::RealV6_高粱_sample4,Sorghum
378,9,7,Wheat bran::RealV6_小麦麸_sample9,Wheat bran
378,9,8,Wheat bran::RealV6_小麦麸_sample6,Wheat bran
378,9,9,Wheat bran::RealV6_小麦麸_sample4,Wheat bran
378,12,1,Paddy rice::RealV6_稻谷_sample5,Paddy rice
378,12,2,Cassava::RealV6_木薯_sample10,Cassava
378,12,3,Wheat::RealV6_小麦_sample5,Wheat
378,12,4,Wheat::RealV6_小麦_sample7,Wheat
378,12,5,Rice bran::RealV6_米糠_sample8,Rice bran
378,12,6,Sorghum::RealV6_高粱_sample4,Sorghum
378,12,7,Wheat bran::RealV6_小麦麸_sample9,Wheat bran
378,12,8,Wheat bran::RealV6_小麦麸_sample6,Wheat bran
378,12,9,Wheat bran::RealV6_小麦麸_sample4,Wheat bran
378,12,10,Wheat::RealV6_小麦_sample2,Wheat
378,12,11,Cassava::RealV6_木薯_sample9,Cassava
378,12,12,Rapeseed cake::RealV6_菜籽饼_sample3,Rapeseed cake
379,3,1,Rice bran::RealV6_米糠_sample9,Rice bran
379,3,2,Cassava::RealV6_木薯_sample2,Cassava
379,3,3,Cassava::RealV6_木薯_sample1,Cassava
379,6,1,Rice bran::RealV6_米糠_sample9,Rice bran
379,6,2,Cassava::RealV6_木薯_sample2,Cassava
379,6,3,Cassava::RealV6_木薯_sample1,Cassava
379,6,4,Wheat::RealV6_小麦_sample8,Wheat
379,6,5,Rice bran::RealV6_米糠_sample10,Rice bran
379,6,6,Barley::RealV6_大麦_sample6,Barley
379,9,1,Rice bran::RealV6_米糠_sample9,Rice bran
379,9,2,Cassava::RealV6_木薯_sample2,Cassava
379,9,3,Cassava::RealV6_木薯_sample1,Cassava
379,9,4,Wheat::RealV6_小麦_sample8,Wheat
379,9,5,Rice bran::RealV6_米糠_sample10,Rice bran
379,9,6,Barley::RealV6_大麦_sample6,Barley
379,9,7,Cassava::RealV6_木薯_sample4,Cassava
379,9,8,Wheat bran::RealV6_小麦麸_sample2,Wheat bran
379,9,9,Rapeseed cake::RealV6_菜籽饼_sample4,Rapeseed cake
379,12,1,Rice bran::RealV6_米糠_sample9,Rice bran
379,12,2,Cassava::RealV6_木薯_sample2,Cassava
379,12,3,Cassava::RealV6_木薯_sample1,Cassava
379,12,4,Wheat::RealV6_小麦_sample8,Wheat
379,12,5,Rice bran::RealV6_米糠_sample10,Rice bran
379,12,6,Barley::RealV6_大麦_sample6,Barley
379,12,7,Cassava::RealV6_木薯_sample4,Cassava
379,12,8,Wheat bran::RealV6_小麦麸_sample2,Wheat bran
379,12,9,Rapeseed cake::RealV6_菜籽饼_sample4,Rapeseed cake
379,12,10,Rapeseed cake::RealV6_菜籽饼_sample2,Rapeseed cake
379,12,11,Paddy rice::RealV6_稻谷_sample6,Paddy rice
379,12,12,Sorghum::RealV6_高粱_sample7,Sorghum
380,3,1,Cassava::RealV6_木薯_sample9,Cassava
380,3,2,Barley::RealV6_大麦_sample5,Barley
380,3,3,Sorghum::RealV6_高粱_sample9,Sorghum
380,6,1,Cassava::RealV6_木薯_sample9,Cassava
380,6,2,Barley::RealV6_大麦_sample5,Barley
380,6,3,Sorghum::RealV6_高粱_sample9,Sorghum
380,6,4,Barley::RealV6_大麦_sample8,Barley
380,6,5,Brown rice::RealV6_糙米_sample5,Brown rice
380,6,6,Rice bran::RealV6_米糠_sample3,Rice bran
380,9,1,Cassava::RealV6_木薯_sample9,Cassava
380,9,2,Barley::RealV6_大麦_sample5,Barley
380,9,3,Sorghum::RealV6_高粱_sample9,Sorghum
380,9,4,Barley::RealV6_大麦_sample8,Barley
380,9,5,Brown rice::RealV6_糙米_sample5,Brown rice
380,9,6,Rice bran::RealV6_米糠_sample3,Rice bran
380,9,7,Wheat bran::RealV6_小麦麸_sample1,Wheat bran
380,9,8,Wheat::RealV6_小麦_sample3,Wheat
380,9,9,Sorghum::RealV6_高粱_sample10,Sorghum
380,12,1,Cassava::RealV6_木薯_sample9,Cassava
380,12,2,Barley::RealV6_大麦_sample5,Barley
380,12,3,Sorghum::RealV6_高粱_sample9,Sorghum
380,12,4,Barley::RealV6_大麦_sample8,Barley
380,12,5,Brown rice::RealV6_糙米_sample5,Brown rice
380,12,6,Rice bran::RealV6_米糠_sample3,Rice bran
380,12,7,Wheat bran::RealV6_小麦麸_sample1,Wheat bran
380,12,8,Wheat::RealV6_小麦_sample3,Wheat
380,12,9,Sorghum::RealV6_高粱_sample10,Sorghum
380,12,10,Wheat bran::RealV6_小麦麸_sample7,Wheat bran
380,12,11,Brown rice::RealV6_糙米_sample1,Brown rice
380,12,12,Barley::RealV6_大麦_sample3,Barley
381,3,1,Sorghum::RealV6_高粱_sample8,Sorghum
381,3,2,Wheat::RealV6_小麦_sample1,Wheat
381,3,3,Brown rice::RealV6_糙米_sample10,Brown rice
381,6,1,Sorghum::RealV6_高粱_sample8,Sorghum
381,6,2,Wheat::RealV6_小麦_sample1,Wheat
381,6,3,Brown rice::RealV6_糙米_sample10,Brown rice
381,6,4,Rapeseed cake::RealV6_菜籽饼_sample5,Rapeseed cake
381,6,5,Brown rice::RealV6_糙米_sample4,Brown rice
381,6,6,Rice bran::RealV6_米糠_sample3,Rice bran
381,9,1,Sorghum::RealV6_高粱_sample8,Sorghum
381,9,2,Wheat::RealV6_小麦_sample1,Wheat
381,9,3,Brown rice::RealV6_糙米_sample10,Brown rice
381,9,4,Rapeseed cake::RealV6_菜籽饼_sample5,Rapeseed cake
381,9,5,Brown rice::RealV6_糙米_sample4,Brown rice
381,9,6,Rice bran::RealV6_米糠_sample3,Rice bran
381,9,7,Sorghum::RealV6_高粱_sample6,Sorghum
381,9,8,Cassava::RealV6_木薯_sample1,Cassava
381,9,9,Wheat::RealV6_小麦_sample10,Wheat
381,12,1,Sorghum::RealV6_高粱_sample8,Sorghum
381,12,2,Wheat::RealV6_小麦_sample1,Wheat
381,12,3,Brown rice::RealV6_糙米_sample10,Brown rice
381,12,4,Rapeseed cake::RealV6_菜籽饼_sample5,Rapeseed cake
381,12,5,Brown rice::RealV6_糙米_sample4,Brown rice
381,12,6,Rice bran::RealV6_米糠_sample3,Rice bran
381,12,7,Sorghum::RealV6_高粱_sample6,Sorghum
381,12,8,Cassava::RealV6_木薯_sample1,Cassava
381,12,9,Wheat::RealV6_小麦_sample10,Wheat
381,12,10,Wheat bran::RealV6_小麦麸_sample4,Wheat bran
381,12,11,Wheat::RealV6_小麦_sample5,Wheat
381,12,12,Brown rice::RealV6_糙米_sample7,Brown rice
382,3,1,Barley::RealV6_大麦_sample4,Barley
382,3,2,Brown rice::RealV6_糙米_sample10,Brown rice
382,3,3,Brown rice::RealV6_糙米_sample2,Brown rice
382,6,1,Barley::RealV6_大麦_sample4,Barley
382,6,2,Brown rice::RealV6_糙米_sample10,Brown rice
382,6,3,Brown rice::RealV6_糙米_sample2,Brown rice
382,6,4,Wheat::RealV6_小麦_sample5,Wheat
382,6,5,Wheat::RealV6_小麦_sample7,Wheat
382,6,6,Sorghum::RealV6_高粱_sample10,Sorghum
382,9,1,Barley::RealV6_大麦_sample4,Barley
382,9,2,Brown rice::RealV6_糙米_sample10,Brown rice
382,9,3,Brown rice::RealV6_糙米_sample2,Brown rice
382,9,4,Wheat::RealV6_小麦_sample5,Wheat
382,9,5,Wheat::RealV6_小麦_sample7,Wheat
382,9,6,Sorghum::RealV6_高粱_sample10,Sorghum
382,9,7,Rapeseed cake::RealV6_菜籽饼_sample3,Rapeseed cake
382,9,8,Rapeseed cake::RealV6_菜籽饼_sample1,Rapeseed cake
382,9,9,Wheat bran::RealV6_小麦麸_sample1,Wheat bran
382,12,1,Barley::RealV6_大麦_sample4,Barley
382,12,2,Brown rice::RealV6_糙米_sample10,Brown rice
382,12,3,Brown rice::RealV6_糙米_sample2,Brown rice
382,12,4,Wheat::RealV6_小麦_sample5,Wheat
382,12,5,Wheat::RealV6_小麦_sample7,Wheat
382,12,6,Sorghum::RealV6_高粱_sample10,Sorghum
382,12,7,Rapeseed cake::RealV6_菜籽饼_sample3,Rapeseed cake
382,12,8,Rapeseed cake::RealV6_菜籽饼_sample1,Rapeseed cake
382,12,9,Wheat bran::RealV6_小麦麸_sample1,Wheat bran
382,12,10,Rapeseed cake::RealV6_菜籽饼_sample7,Rapeseed cake
382,12,11,Wheat::RealV6_小麦_sample6,Wheat
382,12,12,Paddy rice::RealV6_稻谷_sample7,Paddy rice
383,3,1,Wheat::RealV6_小麦_sample4,Wheat
383,3,2,Cassava::RealV6_木薯_sample6,Cassava
383,3,3,Barley::RealV6_大麦_sample7,Barley
383,6,1,Wheat::RealV6_小麦_sample4,Wheat
383,6,2,Cassava::RealV6_木薯_sample6,Cassava
383,6,3,Barley::RealV6_大麦_sample7,Barley
383,6,4,Paddy rice::RealV6_稻谷_sample7,Paddy rice
383,6,5,Rapeseed cake::RealV6_菜籽饼_sample4,Rapeseed cake
383,6,6,Barley::RealV6_大麦_sample6,Barley
383,9,1,Wheat::RealV6_小麦_sample4,Wheat
383,9,2,Cassava::RealV6_木薯_sample6,Cassava
383,9,3,Barley::RealV6_大麦_sample7,Barley
383,9,4,Paddy rice::RealV6_稻谷_sample7,Paddy rice
383,9,5,Rapeseed cake::RealV6_菜籽饼_sample4,Rapeseed cake
383,9,6,Barley::RealV6_大麦_sample6,Barley
383,9,7,Cassava::RealV6_木薯_sample8,Cassava
383,9,8,Wheat bran::RealV6_小麦麸_sample3,Wheat bran
383,9,9,Sorghum::RealV6_高粱_sample8,Sorghum
383,12,1,Wheat::RealV6_小麦_sample4,Wheat
383,12,2,Cassava::RealV6_木薯_sample6,Cassava
383,12,3,Barley::RealV6_大麦_sample7,Barley
383,12,4,Paddy rice::RealV6_稻谷_sample7,Paddy rice
383,12,5,Rapeseed cake::RealV6_菜籽饼_sample4,Rapeseed cake
383,12,6,Barley::RealV6_大麦_sample6,Barley
383,12,7,Cassava::RealV6_木薯_sample8,Cassava
383,12,8,Wheat bran::RealV6_小麦麸_sample3,Wheat bran
383,12,9,Sorghum::RealV6_高粱_sample8,Sorghum
383,12,10,Wheat bran::RealV6_小麦麸_sample6,Wheat bran
383,12,11,Barley::RealV6_大麦_sample9,Barley
383,12,12,Sorghum::RealV6_高粱_sample6,Sorghum
384,3,1,Paddy rice::RealV6_稻谷_sample6,Paddy rice
384,3,2,Sorghum::RealV6_高粱_sample7,Sorghum
384,3,3,Paddy rice::RealV6_稻谷_sample10,Paddy rice
384,6,1,Paddy rice::RealV6_稻谷_sample6,Paddy rice
384,6,2,Sorghum::RealV6_高粱_sample7,Sorghum
384,6,3,Paddy rice::RealV6_稻谷_sample10,Paddy rice
384,6,4,Cassava::RealV6_木薯_sample3,Cassava
384,6,5,Cassava::RealV6_木薯_sample7,Cassava
384,6,6,Brown rice::RealV6_糙米_sample6,Brown rice
384,9,1,Paddy rice::RealV6_稻谷_sample6,Paddy rice
384,9,2,Sorghum::RealV6_高粱_sample7,Sorghum
384,9,3,Paddy rice::RealV6_稻谷_sample10,Paddy rice
384,9,4,Cassava::RealV6_木薯_sample3,Cassava
384,9,5,Cassava::RealV6_木薯_sample7,Cassava
384,9,6,Brown rice::RealV6_糙米_sample6,Brown rice
384,9,7,Barley::RealV6_大麦_sample7,Barley
384,9,8,Paddy rice::RealV6_稻谷_sample9,Paddy rice
384,9,9,Rapeseed cake::RealV6_菜籽饼_sample4,Rapeseed cake
384,12,1,Paddy rice::RealV6_稻谷_sample6,Paddy rice
384,12,2,Sorghum::RealV6_高粱_sample7,Sorghum
384,12,3,Paddy rice::RealV6_稻谷_sample10,Paddy rice
384,12,4,Cassava::RealV6_木薯_sample3,Cassava
384,12,5,Cassava::RealV6_木薯_sample7,Cassava
384,12,6,Brown rice::RealV6_糙米_sample6,Brown rice
384,12,7,Barley::RealV6_大麦_sample7,Barley
384,12,8,Paddy rice::RealV6_稻谷_sample9,Paddy rice
384,12,9,Rapeseed cake::RealV6_菜籽饼_sample4,Rapeseed cake
384,12,10,Rice bran::RealV6_米糠_sample8,Rice bran
384,12,11,Barley::RealV6_大麦_sample8,Barley
384,12,12,Rapeseed cake::RealV6_菜籽饼_sample7,Rapeseed cake
385,3,1,Barley::RealV6_大麦_sample6,Barley
385,3,2,Rapeseed cake::RealV6_菜籽饼_sample8,Rapeseed cake
385,3,3,Cassava::RealV6_木薯_sample4,Cassava
385,6,1,Barley::RealV6_大麦_sample6,Barley
385,6,2,Rapeseed cake::RealV6_菜籽饼_sample8,Rapeseed cake
385,6,3,Cassava::RealV6_木薯_sample4,Cassava
385,6,4,Wheat bran::RealV6_小麦麸_sample5,Wheat bran
385,6,5,Paddy rice::RealV6_稻谷_sample8,Paddy rice
385,6,6,Barley::RealV6_大麦_sample5,Barley
385,9,1,Barley::RealV6_大麦_sample6,Barley
385,9,2,Rapeseed cake::RealV6_菜籽饼_sample8,Rapeseed cake
385,9,3,Cassava::RealV6_木薯_sample4,Cassava
385,9,4,Wheat bran::RealV6_小麦麸_sample5,Wheat bran
385,9,5,Paddy rice::RealV6_稻谷_sample8,Paddy rice
385,9,6,Barley::RealV6_大麦_sample5,Barley
385,9,7,Paddy rice::RealV6_稻谷_sample9,Paddy rice
385,9,8,Cassava::RealV6_木薯_sample6,Cassava
385,9,9,Rice bran::RealV6_米糠_sample10,Rice bran
385,12,1,Barley::RealV6_大麦_sample6,Barley
385,12,2,Rapeseed cake::RealV6_菜籽饼_sample8,Rapeseed cake
385,12,3,Cassava::RealV6_木薯_sample4,Cassava
385,12,4,Wheat bran::RealV6_小麦麸_sample5,Wheat bran
385,12,5,Paddy rice::RealV6_稻谷_sample8,Paddy rice
385,12,6,Barley::RealV6_大麦_sample5,Barley
385,12,7,Paddy rice::RealV6_稻谷_sample9,Paddy rice
385,12,8,Cassava::RealV6_木薯_sample6,Cassava
385,12,9,Rice bran::RealV6_米糠_sample10,Rice bran
385,12,10,Rice bran::RealV6_米糠_sample1,Rice bran
385,12,11,Brown rice::RealV6_糙米_sample1,Brown rice
385,12,12,Wheat::RealV6_小麦_sample7,Wheat
386,3,1,Paddy rice::RealV6_稻谷_sample8,Paddy rice
386,3,2,Barley::RealV6_大麦_sample2,Barley
386,3,3,Barley::RealV6_大麦_sample4,Barley
386,6,1,Paddy rice::RealV6_稻谷_sample8,Paddy rice
386,6,2,Barley::RealV6_大麦_sample2,Barley
386,6,3,Barley::RealV6_大麦_sample4,Barley
386,6,4,Wheat bran::RealV6_小麦麸_sample10,Wheat bran
386,6,5,Sorghum::RealV6_高粱_sample3,Sorghum
386,6,6,Cassava::RealV6_木薯_sample9,Cassava
386,9,1,Paddy rice::RealV6_稻谷_sample8,Paddy rice
386,9,2,Barley::RealV6_大麦_sample2,Barley
386,9,3,Barley::RealV6_大麦_sample4,Barley
386,9,4,Wheat bran::RealV6_小麦麸_sample10,Wheat bran
386,9,5,Sorghum::RealV6_高粱_sample3,Sorghum
386,9,6,Cassava::RealV6_木薯_sample9,Cassava
386,9,7,Brown rice::RealV6_糙米_sample5,Brown rice
386,9,8,Paddy rice::RealV6_稻谷_sample9,Paddy rice
386,9,9,Wheat bran::RealV6_小麦麸_sample3,Wheat bran
386,12,1,Paddy rice::RealV6_稻谷_sample8,Paddy rice
386,12,2,Barley::RealV6_大麦_sample2,Barley
386,12,3,Barley::RealV6_大麦_sample4,Barley
386,12,4,Wheat bran::RealV6_小麦麸_sample10,Wheat bran
386,12,5,Sorghum::RealV6_高粱_sample3,Sorghum
386,12,6,Cassava::RealV6_木薯_sample9,Cassava
386,12,7,Brown rice::RealV6_糙米_sample5,Brown rice
386,12,8,Paddy rice::RealV6_稻谷_sample9,Paddy rice
386,12,9,Wheat bran::RealV6_小麦麸_sample3,Wheat bran
386,12,10,Barley::RealV6_大麦_sample3,Barley
386,12,11,Wheat::RealV6_小麦_sample5,Wheat
386,12,12,Paddy rice::RealV6_稻谷_sample5,Paddy rice
387,3,1,Barley::RealV6_大麦_sample4,Barley
387,3,2,Cassava::RealV6_木薯_sample2,Cassava
387,3,3,Cassava::RealV6_木薯_sample9,Cassava
387,6,1,Barley::RealV6_大麦_sample4,Barley
387,6,2,Cassava::RealV6_木薯_sample2,Cassava
387,6,3,Cassava::RealV6_木薯_sample9,Cassava
387,6,4,Wheat bran::RealV6_小麦麸_sample8,Wheat bran
387,6,5,Rice bran::RealV6_米糠_sample2,Rice bran
387,6,6,Barley::RealV6_大麦_sample9,Barley
387,9,1,Barley::RealV6_大麦_sample4,Barley
387,9,2,Cassava::RealV6_木薯_sample2,Cassava
387,9,3,Cassava::RealV6_木薯_sample9,Cassava
387,9,4,Wheat bran::RealV6_小麦麸_sample8,Wheat bran
387,9,5,Rice bran::RealV6_米糠_sample2,Rice bran
387,9,6,Barley::RealV6_大麦_sample9,Barley
387,9,7,Brown rice::RealV6_糙米_sample6,Brown rice
387,9,8,Paddy rice::RealV6_稻谷_sample1,Paddy rice
387,9,9,Rapeseed cake::RealV6_菜籽饼_sample7,Rapeseed cake
387,12,1,Barley::RealV6_大麦_sample4,Barley
387,12,2,Cassava::RealV6_木薯_sample2,Cassava
387,12,3,Cassava::RealV6_木薯_sample9,Cassava
387,12,4,Wheat bran::RealV6_小麦麸_sample8,Wheat bran
387,12,5,Rice bran::RealV6_米糠_sample2,Rice bran
387,12,6,Barley::RealV6_大麦_sample9,Barley
387,12,7,Brown rice::RealV6_糙米_sample6,Brown rice
387,12,8,Paddy rice::RealV6_稻谷_sample1,Paddy rice
387,12,9,Rapeseed cake::RealV6_菜籽饼_sample7,Rapeseed cake
387,12,10,Sorghum::RealV6_高粱_sample1,Sorghum
387,12,11,Sorghum::RealV6_高粱_sample10,Sorghum
387,12,12,Paddy rice::RealV6_稻谷_sample8,Paddy rice
388,3,1,Rapeseed cake::RealV6_菜籽饼_sample9,Rapeseed cake
388,3,2,Wheat bran::RealV6_小麦麸_sample7,Wheat bran
388,3,3,Wheat bran::RealV6_小麦麸_sample4,Wheat bran
388,6,1,Rapeseed cake::RealV6_菜籽饼_sample9,Rapeseed cake
388,6,2,Wheat bran::RealV6_小麦麸_sample7,Wheat bran
388,6,3,Wheat bran::RealV6_小麦麸_sample4,Wheat bran
388,6,4,Paddy rice::RealV6_稻谷_sample6,Paddy rice
388,6,5,Cassava::RealV6_木薯_sample10,Cassava
388,6,6,Sorghum::RealV6_高粱_sample9,Sorghum
388,9,1,Rapeseed cake::RealV6_菜籽饼_sample9,Rapeseed cake
388,9,2,Wheat bran::RealV6_小麦麸_sample7,Wheat bran
388,9,3,Wheat bran::RealV6_小麦麸_sample4,Wheat bran
388,9,4,Paddy rice::RealV6_稻谷_sample6,Paddy rice
388,9,5,Cassava::RealV6_木薯_sample10,Cassava
388,9,6,Sorghum::RealV6_高粱_sample9,Sorghum
388,9,7,Wheat::RealV6_小麦_sample7,Wheat
388,9,8,Sorghum::RealV6_高粱_sample1,Sorghum
388,9,9,Rice bran::RealV6_米糠_sample8,Rice bran
388,12,1,Rapeseed cake::RealV6_菜籽饼_sample9,Rapeseed cake
388,12,2,Wheat bran::RealV6_小麦麸_sample7,Wheat bran
388,12,3,Wheat bran::RealV6_小麦麸_sample4,Wheat bran
388,12,4,Paddy rice::RealV6_稻谷_sample6,Paddy rice
388,12,5,Cassava::RealV6_木薯_sample10,Cassava
388,12,6,Sorghum::RealV6_高粱_sample9,Sorghum
388,12,7,Wheat::RealV6_小麦_sample7,Wheat
388,12,8,Sorghum::RealV6_高粱_sample1,Sorghum
388,12,9,Rice bran::RealV6_米糠_sample8,Rice bran
388,12,10,Rice bran::RealV6_米糠_sample7,Rice bran
388,12,11,Rice bran::RealV6_米糠_sample3,Rice bran
388,12,12,Brown rice::RealV6_糙米_sample5,Brown rice
389,3,1,Brown rice::RealV6_糙米_sample1,Brown rice
389,3,2,Wheat::RealV6_小麦_sample4,Wheat
389,3,3,Rice bran::RealV6_米糠_sample1,Rice bran
389,6,1,Brown rice::RealV6_糙米_sample1,Brown rice
389,6,2,Wheat::RealV6_小麦_sample4,Wheat
389,6,3,Rice bran::RealV6_米糠_sample1,Rice bran
389,6,4,Wheat::RealV6_小麦_sample7,Wheat
389,6,5,Barley::RealV6_大麦_sample5,Barley
389,6,6,Paddy rice::RealV6_稻谷_sample10,Paddy rice
389,9,1,Brown rice::RealV6_糙米_sample1,Brown rice
389,9,2,Wheat::RealV6_小麦_sample4,Wheat
389,9,3,Rice bran::RealV6_米糠_sample1,Rice bran
389,9,4,Wheat::RealV6_小麦_sample7,Wheat
389,9,5,Barley::RealV6_大麦_sample5,Barley
389,9,6,Paddy rice::RealV6_稻谷_sample10,Paddy rice
389,9,7,Rice bran::RealV6_米糠_sample2,Rice bran
389,9,8,Wheat bran::RealV6_小麦麸_sample8,Wheat bran
389,9,9,Wheat bran::RealV6_小麦麸_sample9,Wheat bran
389,12,1,Brown rice::RealV6_糙米_sample1,Brown rice
389,12,2,Wheat::RealV6_小麦_sample4,Wheat
389,12,3,Rice bran::RealV6_米糠_sample1,Rice bran
389,12,4,Wheat::RealV6_小麦_sample7,Wheat
389,12,5,Barley::RealV6_大麦_sample5,Barley
389,12,6,Paddy rice::RealV6_稻谷_sample10,Paddy rice
389,12,7,Rice bran::RealV6_米糠_sample2,Rice bran
389,12,8,Wheat bran::RealV6_小麦麸_sample8,Wheat bran
389,12,9,Wheat bran::RealV6_小麦麸_sample9,Wheat bran
389,12,10,Brown rice::RealV6_糙米_sample4,Brown rice
389,12,11,Wheat bran::RealV6_小麦麸_sample10,Wheat bran
389,12,12,Paddy rice::RealV6_稻谷_sample4,Paddy rice
390,3,1,Wheat::RealV6_小麦_sample8,Wheat
390,3,2,Rice bran::RealV6_米糠_sample4,Rice bran
390,3,3,Sorghum::RealV6_高粱_sample8,Sorghum
390,6,1,Wheat::RealV6_小麦_sample8,Wheat
390,6,2,Rice bran::RealV6_米糠_sample4,Rice bran
390,6,3,Sorghum::RealV6_高粱_sample8,Sorghum
390,6,4,Wheat::RealV6_小麦_sample1,Wheat
390,6,5,Paddy rice::RealV6_稻谷_sample11,Paddy rice
390,6,6,Sorghum::RealV6_高粱_sample2,Sorghum
390,9,1,Wheat::RealV6_小麦_sample8,Wheat
390,9,2,Rice bran::RealV6_米糠_sample4,Rice bran
390,9,3,Sorghum::RealV6_高粱_sample8,Sorghum
390,9,4,Wheat::RealV6_小麦_sample1,Wheat
390,9,5,Paddy rice::RealV6_稻谷_sample11,Paddy rice
390,9,6,Sorghum::RealV6_高粱_sample2,Sorghum
390,9,7,Wheat bran::RealV6_小麦麸_sample6,Wheat bran
390,9,8,Wheat bran::RealV6_小麦麸_sample4,Wheat bran
390,9,9,Brown rice::RealV6_糙米_sample3,Brown rice
390,12,1,Wheat::RealV6_小麦_sample8,Wheat
390,12,2,Rice bran::RealV6_米糠_sample4,Rice bran
390,12,3,Sorghum::RealV6_高粱_sample8,Sorghum
390,12,4,Wheat::RealV6_小麦_sample1,Wheat
390,12,5,Paddy rice::RealV6_稻谷_sample11,Paddy rice
390,12,6,Sorghum::RealV6_高粱_sample2,Sorghum
390,12,7,Wheat bran::RealV6_小麦麸_sample6,Wheat bran
390,12,8,Wheat bran::RealV6_小麦麸_sample4,Wheat bran
390,12,9,Brown rice::RealV6_糙米_sample3,Brown rice
390,12,10,Barley::RealV6_大麦_sample1,Barley
390,12,11,Sorghum::RealV6_高粱_sample1,Sorghum
390,12,12,Rapeseed cake::RealV6_菜籽饼_sample2,Rapeseed cake
391,3,1,Barley::RealV6_大麦_sample7,Barley
391,3,2,Rapeseed cake::RealV6_菜籽饼_sample4,Rapeseed cake
391,3,3,Wheat bran::RealV6_小麦麸_sample4,Wheat bran
391,6,1,Barley::RealV6_大麦_sample7,Barley
391,6,2,Rapeseed cake::RealV6_菜籽饼_sample4,Rapeseed cake
391,6,3,Wheat bran::RealV6_小麦麸_sample4,Wheat bran
391,6,4,Paddy rice::RealV6_稻谷_sample9,Paddy rice
391,6,5,Wheat::RealV6_小麦_sample10,Wheat
391,6,6,Wheat::RealV6_小麦_sample9,Wheat
391,9,1,Barley::RealV6_大麦_sample7,Barley
391,9,2,Rapeseed cake::RealV6_菜籽饼_sample4,Rapeseed cake
391,9,3,Wheat bran::RealV6_小麦麸_sample4,Wheat bran
391,9,4,Paddy rice::RealV6_稻谷_sample9,Paddy rice
391,9,5,Wheat::RealV6_小麦_sample10,Wheat
391,9,6,Wheat::RealV6_小麦_sample9,Wheat
391,9,7,Wheat bran::RealV6_小麦麸_sample2,Wheat bran
391,9,8,Rapeseed cake::RealV6_菜籽饼_sample7,Rapeseed cake
391,9,9,Wheat::RealV6_小麦_sample2,Wheat
391,12,1,Barley::RealV6_大麦_sample7,Barley
391,12,2,Rapeseed cake::RealV6_菜籽饼_sample4,Rapeseed cake
391,12,3,Wheat bran::RealV6_小麦麸_sample4,Wheat bran
391,12,4,Paddy rice::RealV6_稻谷_sample9,Paddy rice
391,12,5,Wheat::RealV6_小麦_sample10,Wheat
391,12,6,Wheat::RealV6_小麦_sample9,Wheat
391,12,7,Wheat bran::RealV6_小麦麸_sample2,Wheat bran
391,12,8,Rapeseed cake::RealV6_菜籽饼_sample7,Rapeseed cake
391,12,9,Wheat::RealV6_小麦_sample2,Wheat
391,12,10,Wheat::RealV6_小麦_sample5,Wheat
391,12,11,Barley::RealV6_大麦_sample1,Barley
391,12,12,Paddy rice::RealV6_稻谷_sample11,Paddy rice
392,3,1,Wheat::RealV6_小麦_sample9,Wheat
392,3,2,Paddy rice::RealV6_稻谷_sample6,Paddy rice
392,3,3,Sorghum::RealV6_高粱_sample8,Sorghum
392,6,1,Wheat::RealV6_小麦_sample9,Wheat
392,6,2,Paddy rice::RealV6_稻谷_sample6,Paddy rice
392,6,3,Sorghum::RealV6_高粱_sample8,Sorghum
392,6,4,Rice bran::RealV6_米糠_sample3,Rice bran
392,6,5,Wheat bran::RealV6_小麦麸_sample2,Wheat bran
392,6,6,Wheat::RealV6_小麦_sample5,Wheat
392,9,1,Wheat::RealV6_小麦_sample9,Wheat
392,9,2,Paddy rice::RealV6_稻谷_sample6,Paddy rice
392,9,3,Sorghum::RealV6_高粱_sample8,Sorghum
392,9,4,Rice bran::RealV6_米糠_sample3,Rice bran
392,9,5,Wheat bran::RealV6_小麦麸_sample2,Wheat bran
392,9,6,Wheat::RealV6_小麦_sample5,Wheat
392,9,7,Paddy rice::RealV6_稻谷_sample10,Paddy rice
392,9,8,Wheat::RealV6_小麦_sample6,Wheat
392,9,9,Brown rice::RealV6_糙米_sample10,Brown rice
392,12,1,Wheat::RealV6_小麦_sample9,Wheat
392,12,2,Paddy rice::RealV6_稻谷_sample6,Paddy rice
392,12,3,Sorghum::RealV6_高粱_sample8,Sorghum
392,12,4,Rice bran::RealV6_米糠_sample3,Rice bran
392,12,5,Wheat bran::RealV6_小麦麸_sample2,Wheat bran
392,12,6,Wheat::RealV6_小麦_sample5,Wheat
392,12,7,Paddy rice::RealV6_稻谷_sample10,Paddy rice
392,12,8,Wheat::RealV6_小麦_sample6,Wheat
392,12,9,Brown rice::RealV6_糙米_sample10,Brown rice
392,12,10,Sorghum::RealV6_高粱_sample1,Sorghum
392,12,11,Rice bran::RealV6_米糠_sample10,Rice bran
392,12,12,Rapeseed cake::RealV6_菜籽饼_sample1,Rapeseed cake
393,3,1,Rapeseed cake::RealV6_菜籽饼_sample7,Rapeseed cake
393,3,2,Rice bran::RealV6_米糠_sample7,Rice bran
393,3,3,Cassava::RealV6_木薯_sample4,Cassava
393,6,1,Rapeseed cake::RealV6_菜籽饼_sample7,Rapeseed cake
393,6,2,Rice bran::RealV6_米糠_sample7,Rice bran
393,6,3,Cassava::RealV6_木薯_sample4,Cassava
393,6,4,Rapeseed cake::RealV6_菜籽饼_sample1,Rapeseed cake
393,6,5,Cassava::RealV6_木薯_sample8,Cassava
393,6,6,Rice bran::RealV6_米糠_sample6,Rice bran
393,9,1,Rapeseed cake::RealV6_菜籽饼_sample7,Rapeseed cake
393,9,2,Rice bran::RealV6_米糠_sample7,Rice bran
393,9,3,Cassava::RealV6_木薯_sample4,Cassava
393,9,4,Rapeseed cake::RealV6_菜籽饼_sample1,Rapeseed cake
393,9,5,Cassava::RealV6_木薯_sample8,Cassava
393,9,6,Rice bran::RealV6_米糠_sample6,Rice bran
393,9,7,Brown rice::RealV6_糙米_sample8,Brown rice
393,9,8,Wheat bran::RealV6_小麦麸_sample3,Wheat bran
393,9,9,Wheat::RealV6_小麦_sample6,Wheat
393,12,1,Rapeseed cake::RealV6_菜籽饼_sample7,Rapeseed cake
393,12,2,Rice bran::RealV6_米糠_sample7,Rice bran
393,12,3,Cassava::RealV6_木薯_sample4,Cassava
393,12,4,Rapeseed cake::RealV6_菜籽饼_sample1,Rapeseed cake
393,12,5,Cassava::RealV6_木薯_sample8,Cassava
393,12,6,Rice bran::RealV6_米糠_sample6,Rice bran
393,12,7,Brown rice::RealV6_糙米_sample8,Brown rice
393,12,8,Wheat bran::RealV6_小麦麸_sample3,Wheat bran
393,12,9,Wheat::RealV6_小麦_sample6,Wheat
393,12,10,Paddy rice::RealV6_稻谷_sample6,Paddy rice
393,12,11,Brown rice::RealV6_糙米_sample7,Brown rice
393,12,12,Barley::RealV6_大麦_sample10,Barley
394,3,1,Rice bran::RealV6_米糠_sample5,Rice bran
394,3,2,Wheat::RealV6_小麦_sample9,Wheat
394,3,3,Wheat bran::RealV6_小麦麸_sample9,Wheat bran
394,6,1,Rice bran::RealV6_米糠_sample5,Rice bran
394,6,2,Wheat::RealV6_小麦_sample9,Wheat
394,6,3,Wheat bran::RealV6_小麦麸_sample9,Wheat bran
394,6,4,Rice bran::RealV6_米糠_sample4,Rice bran
394,6,5,Brown rice::RealV6_糙米_sample4,Brown rice
394,6,6,Barley::RealV6_大麦_sample5,Barley
394,9,1,Rice bran::RealV6_米糠_sample5,Rice bran
394,9,2,Wheat::RealV6_小麦_sample9,Wheat
394,9,3,Wheat bran::RealV6_小麦麸_sample9,Wheat bran
394,9,4,Rice bran::RealV6_米糠_sample4,Rice bran
394,9,5,Brown rice::RealV6_糙米_sample4,Brown rice
394,9,6,Barley::RealV6_大麦_sample5,Barley
394,9,7,Brown rice::RealV6_糙米_sample9,Brown rice
394,9,8,Sorghum::RealV6_高粱_sample10,Sorghum
394,9,9,Wheat::RealV6_小麦_sample5,Wheat
394,12,1,Rice bran::RealV6_米糠_sample5,Rice bran
394,12,2,Wheat::RealV6_小麦_sample9,Wheat
394,12,3,Wheat bran::RealV6_小麦麸_sample9,Wheat bran
394,12,4,Rice bran::RealV6_米糠_sample4,Rice bran
394,12,5,Brown rice::RealV6_糙米_sample4,Brown rice
394,12,6,Barley::RealV6_大麦_sample5,Barley
394,12,7,Brown rice::RealV6_糙米_sample9,Brown rice
394,12,8,Sorghum::RealV6_高粱_sample10,Sorghum
394,12,9,Wheat::RealV6_小麦_sample5,Wheat
394,12,10,Barley::RealV6_大麦_sample10,Barley
394,12,11,Wheat::RealV6_小麦_sample6,Wheat
394,12,12,Sorghum::RealV6_高粱_sample7,Sorghum
395,3,1,Paddy rice::RealV6_稻谷_sample1,Paddy rice
395,3,2,Rapeseed cake::RealV6_菜籽饼_sample8,Rapeseed cake
395,3,3,Rapeseed cake::RealV6_菜籽饼_sample3,Rapeseed cake
395,6,1,Paddy rice::RealV6_稻谷_sample1,Paddy rice
395,6,2,Rapeseed cake::RealV6_菜籽饼_sample8,Rapeseed cake
395,6,3,Rapeseed cake::RealV6_菜籽饼_sample3,Rapeseed cake
395,6,4,Rice bran::RealV6_米糠_sample8,Rice bran
395,6,5,Rapeseed cake::RealV6_菜籽饼_sample7,Rapeseed cake
395,6,6,Wheat::RealV6_小麦_sample1,Wheat
395,9,1,Paddy rice::RealV6_稻谷_sample1,Paddy rice
395,9,2,Rapeseed cake::RealV6_菜籽饼_sample8,Rapeseed cake
395,9,3,Rapeseed cake::RealV6_菜籽饼_sample3,Rapeseed cake
395,9,4,Rice bran::RealV6_米糠_sample8,Rice bran
395,9,5,Rapeseed cake::RealV6_菜籽饼_sample7,Rapeseed cake
395,9,6,Wheat::RealV6_小麦_sample1,Wheat
395,9,7,Sorghum::RealV6_高粱_sample4,Sorghum
395,9,8,Sorghum::RealV6_高粱_sample3,Sorghum
395,9,9,Paddy rice::RealV6_稻谷_sample4,Paddy rice
395,12,1,Paddy rice::RealV6_稻谷_sample1,Paddy rice
395,12,2,Rapeseed cake::RealV6_菜籽饼_sample8,Rapeseed cake
395,12,3,Rapeseed cake::RealV6_菜籽饼_sample3,Rapeseed cake
395,12,4,Rice bran::RealV6_米糠_sample8,Rice bran
395,12,5,Rapeseed cake::RealV6_菜籽饼_sample7,Rapeseed cake
395,12,6,Wheat::RealV6_小麦_sample1,Wheat
395,12,7,Sorghum::RealV6_高粱_sample4,Sorghum
395,12,8,Sorghum::RealV6_高粱_sample3,Sorghum
395,12,9,Paddy rice::RealV6_稻谷_sample4,Paddy rice
395,12,10,Wheat::RealV6_小麦_sample5,Wheat
395,12,11,Wheat bran::RealV6_小麦麸_sample2,Wheat bran
395,12,12,Brown rice::RealV6_糙米_sample10,Brown rice
396,3,1,Wheat::RealV6_小麦_sample9,Wheat
396,3,2,Cassava::RealV6_木薯_sample5,Cassava
396,3,3,Brown rice::RealV6_糙米_sample7,Brown rice
396,6,1,Wheat::RealV6_小麦_sample9,Wheat
396,6,2,Cassava::RealV6_木薯_sample5,Cassava
396,6,3,Brown rice::RealV6_糙米_sample7,Brown rice
396,6,4,Barley::RealV6_大麦_sample1,Barley
396,6,5,Wheat bran::RealV6_小麦麸_sample10,Wheat bran
396,6,6,Rapeseed cake::RealV6_菜籽饼_sample9,Rapeseed cake
396,9,1,Wheat::RealV6_小麦_sample9,Wheat
396,9,2,Cassava::RealV6_木薯_sample5,Cassava
396,9,3,Brown rice::RealV6_糙米_sample7,Brown rice
396,9,4,Barley::RealV6_大麦_sample1,Barley
396,9,5,Wheat bran::RealV6_小麦麸_sample10,Wheat bran
396,9,6,Rapeseed cake::RealV6_菜籽饼_sample9,Rapeseed cake
396,9,7,Wheat bran::RealV6_小麦麸_sample8,Wheat bran
396,9,8,Cassava::RealV6_木薯_sample1,Cassava
396,9,9,Rapeseed cake::RealV6_菜籽饼_sample2,Rapeseed cake
396,12,1,Wheat::RealV6_小麦_sample9,Wheat
396,12,2,Cassava::RealV6_木薯_sample5,Cassava
396,12,3,Brown rice::RealV6_糙米_sample7,Brown rice
396,12,4,Barley::RealV6_大麦_sample1,Barley
396,12,5,Wheat bran::RealV6_小麦麸_sample10,Wheat bran
396,12,6,Rapeseed cake::RealV6_菜籽饼_sample9,Rapeseed cake
396,12,7,Wheat bran::RealV6_小麦麸_sample8,Wheat bran
396,12,8,Cassava::RealV6_木薯_sample1,Cassava
396,12,9,Rapeseed cake::RealV6_菜籽饼_sample2,Rapeseed cake
396,12,10,Sorghum::RealV6_高粱_sample8,Sorghum
396,12,11,Barley::RealV6_大麦_sample6,Barley
396,12,12,Paddy rice::RealV6_稻谷_sample11,Paddy rice
397,3,1,Wheat::RealV6_小麦_sample3,Wheat
397,3,2,Paddy rice::RealV6_稻谷_sample4,Paddy rice
397,3,3,Rapeseed cake::RealV6_菜籽饼_sample4,Rapeseed cake
397,6,1,Wheat::RealV6_小麦_sample3,Wheat
397,6,2,Paddy rice::RealV6_稻谷_sample4,Paddy rice
397,6,3,Rapeseed cake::RealV6_菜籽饼_sample4,Rapeseed cake
397,6,4,Sorghum::RealV6_高粱_sample9,Sorghum
397,6,5,Rice bran::RealV6_米糠_sample8,Rice bran
397,6,6,Paddy rice::RealV6_稻谷_sample8,Paddy rice
397,9,1,Wheat::RealV6_小麦_sample3,Wheat
397,9,2,Paddy rice::RealV6_稻谷_sample4,Paddy rice
397,9,3,Rapeseed cake::RealV6_菜籽饼_sample4,Rapeseed cake
397,9,4,Sorghum::RealV6_高粱_sample9,Sorghum
397,9,5,Rice bran::RealV6_米糠_sample8,Rice bran
397,9,6,Paddy rice::RealV6_稻谷_sample8,Paddy rice
397,9,7,Rice bran::RealV6_米糠_sample5,Rice bran
397,9,8,Rapeseed cake::RealV6_菜籽饼_sample10,Rapeseed cake
397,9,9,Wheat bran::RealV6_小麦麸_sample9,Wheat bran
397,12,1,Wheat::RealV6_小麦_sample3,Wheat
397,12,2,Paddy rice::RealV6_稻谷_sample4,Paddy rice
397,12,3,Rapeseed cake::RealV6_菜籽饼_sample4,Rapeseed cake
397,12,4,Sorghum::RealV6_高粱_sample9,Sorghum
397,12,5,Rice bran::RealV6_米糠_sample8,Rice bran
397,12,6,Paddy rice::RealV6_稻谷_sample8,Paddy rice
397,12,7,Rice bran::RealV6_米糠_sample5,Rice bran
397,12,8,Rapeseed cake::RealV6_菜籽饼_sample10,Rapeseed cake
397,12,9,Wheat bran::RealV6_小麦麸_sample9,Wheat bran
397,12,10,Barley::RealV6_大麦_sample9,Barley
397,12,11,Rapeseed cake::RealV6_菜籽饼_sample1,Rapeseed cake
397,12,12,Paddy rice::RealV6_稻谷_sample11,Paddy rice
398,3,1,Rice bran::RealV6_米糠_sample6,Rice bran
398,3,2,Cassava::RealV6_木薯_sample6,Cassava
398,3,3,Rapeseed cake::RealV6_菜籽饼_sample2,Rapeseed cake
398,6,1,Rice bran::RealV6_米糠_sample6,Rice bran
398,6,2,Cassava::RealV6_木薯_sample6,Cassava
398,6,3,Rapeseed cake::RealV6_菜籽饼_sample2,Rapeseed cake
398,6,4,Rice bran::RealV6_米糠_sample2,Rice bran
398,6,5,Rice bran::RealV6_米糠_sample10,Rice bran
398,6,6,Paddy rice::RealV6_稻谷_sample6,Paddy rice
398,9,1,Rice bran::RealV6_米糠_sample6,Rice bran
398,9,2,Cassava::RealV6_木薯_sample6,Cassava
398,9,3,Rapeseed cake::RealV6_菜籽饼_sample2,Rapeseed cake
398,9,4,Rice bran::RealV6_米糠_sample2,Rice bran
398,9,5,Rice bran::RealV6_米糠_sample10,Rice bran
398,9,6,Paddy rice::RealV6_稻谷_sample6,Paddy rice
398,9,7,Wheat bran::RealV6_小麦麸_sample4,Wheat bran
398,9,8,Cassava::RealV6_木薯_sample4,Cassava
398,9,9,Brown rice::RealV6_糙米_sample2,Brown rice
398,12,1,Rice bran::RealV6_米糠_sample6,Rice bran
398,12,2,Cassava::RealV6_木薯_sample6,Cassava
398,12,3,Rapeseed cake::RealV6_菜籽饼_sample2,Rapeseed cake
398,12,4,Rice bran::RealV6_米糠_sample2,Rice bran
398,12,5,Rice bran::RealV6_米糠_sample10,Rice bran
398,12,6,Paddy rice::RealV6_稻谷_sample6,Paddy rice
398,12,7,Wheat bran::RealV6_小麦麸_sample4,Wheat bran
398,12,8,Cassava::RealV6_木薯_sample4,Cassava
398,12,9,Brown rice::RealV6_糙米_sample2,Brown rice
398,12,10,Wheat bran::RealV6_小麦麸_sample6,Wheat bran
398,12,11,Wheat::RealV6_小麦_sample8,Wheat
398,12,12,Wheat bran::RealV6_小麦麸_sample2,Wheat bran
399,3,1,Brown rice::RealV6_糙米_sample2,Brown rice
399,3,2,Wheat bran::RealV6_小麦麸_sample2,Wheat bran
399,3,3,Barley::RealV6_大麦_sample2,Barley
399,6,1,Brown rice::RealV6_糙米_sample2,Brown rice
399,6,2,Wheat bran::RealV6_小麦麸_sample2,Wheat bran
399,6,3,Barley::RealV6_大麦_sample2,Barley
399,6,4,Wheat::RealV6_小麦_sample4,Wheat
399,6,5,Brown rice::RealV6_糙米_sample7,Brown rice
399,6,6,Rapeseed cake::RealV6_菜籽饼_sample10,Rapeseed cake
399,9,1,Brown rice::RealV6_糙米_sample2,Brown rice
399,9,2,Wheat bran::RealV6_小麦麸_sample2,Wheat bran
399,9,3,Barley::RealV6_大麦_sample2,Barley
399,9,4,Wheat::RealV6_小麦_sample4,Wheat
399,9,5,Brown rice::RealV6_糙米_sample7,Brown rice
399,9,6,Rapeseed cake::RealV6_菜籽饼_sample10,Rapeseed cake
399,9,7,Paddy rice::RealV6_稻谷_sample10,Paddy rice
399,9,8,Paddy rice::RealV6_稻谷_sample9,Paddy rice
399,9,9,Sorghum::RealV6_高粱_sample3,Sorghum
399,12,1,Brown rice::RealV6_糙米_sample2,Brown rice
399,12,2,Wheat bran::RealV6_小麦麸_sample2,Wheat bran
399,12,3,Barley::RealV6_大麦_sample2,Barley
399,12,4,Wheat::RealV6_小麦_sample4,Wheat
399,12,5,Brown rice::RealV6_糙米_sample7,Brown rice
399,12,6,Rapeseed cake::RealV6_菜籽饼_sample10,Rapeseed cake
399,12,7,Paddy rice::RealV6_稻谷_sample10,Paddy rice
399,12,8,Paddy rice::RealV6_稻谷_sample9,Paddy rice
399,12,9,Sorghum::RealV6_高粱_sample3,Sorghum
399,12,10,Barley::RealV6_大麦_sample10,Barley
399,12,11,Rapeseed cake::RealV6_菜籽饼_sample6,Rapeseed cake
399,12,12,Barley::RealV6_大麦_sample6,Barley
400,3,1,Sorghum::RealV6_高粱_sample7,Sorghum
400,3,2,Sorghum::RealV6_高粱_sample1,Sorghum
400,3,3,Rapeseed cake::RealV6_菜籽饼_sample8,Rapeseed cake
400,6,1,Sorghum::RealV6_高粱_sample7,Sorghum
400,6,2,Sorghum::RealV6_高粱_sample1,Sorghum
400,6,3,Rapeseed cake::RealV6_菜籽饼_sample8,Rapeseed cake
400,6,4,Rapeseed cake::RealV6_菜籽饼_sample10,Rapeseed cake
400,6,5,Wheat bran::RealV6_小麦麸_sample6,Wheat bran
400,6,6,Rapeseed cake::RealV6_菜籽饼_sample4,Rapeseed cake
400,9,1,Sorghum::RealV6_高粱_sample7,Sorghum
400,9,2,Sorghum::RealV6_高粱_sample1,Sorghum
400,9,3,Rapeseed cake::RealV6_菜籽饼_sample8,Rapeseed cake
400,9,4,Rapeseed cake::RealV6_菜籽饼_sample10,Rapeseed cake
400,9,5,Wheat bran::RealV6_小麦麸_sample6,Wheat bran
400,9,6,Rapeseed cake::RealV6_菜籽饼_sample4,Rapeseed cake
400,9,7,Wheat bran::RealV6_小麦麸_sample4,Wheat bran
400,9,8,Cassava::RealV6_木薯_sample5,Cassava
400,9,9,Barley::RealV6_大麦_sample9,Barley
400,12,1,Sorghum::RealV6_高粱_sample7,Sorghum
400,12,2,Sorghum::RealV6_高粱_sample1,Sorghum
400,12,3,Rapeseed cake::RealV6_菜籽饼_sample8,Rapeseed cake
400,12,4,Rapeseed cake::RealV6_菜籽饼_sample10,Rapeseed cake
400,12,5,Wheat bran::RealV6_小麦麸_sample6,Wheat bran
400,12,6,Rapeseed cake::RealV6_菜籽饼_sample4,Rapeseed cake
400,12,7,Wheat bran::RealV6_小麦麸_sample4,Wheat bran
400,12,8,Cassava::RealV6_木薯_sample5,Cassava
400,12,9,Barley::RealV6_大麦_sample9,Barley
400,12,10,Wheat::RealV6_小麦_sample10,Wheat
400,12,11,Rapeseed cake::RealV6_菜籽饼_sample7,Rapeseed cake
400,12,12,Rapeseed cake::RealV6_菜籽饼_sample5,Rapeseed cake
401,3,1,Paddy rice::RealV6_稻谷_sample7,Paddy rice
401,3,2,Brown rice::RealV6_糙米_sample2,Brown rice
401,3,3,Wheat bran::RealV6_小麦麸_sample1,Wheat bran
401,6,1,Paddy rice::RealV6_稻谷_sample7,Paddy rice
401,6,2,Brown rice::RealV6_糙米_sample2,Brown rice
401,6,3,Wheat bran::RealV6_小麦麸_sample1,Wheat bran
401,6,4,Paddy rice::RealV6_稻谷_sample11,Paddy rice
401,6,5,Wheat bran::RealV6_小麦麸_sample8,Wheat bran
401,6,6,Wheat::RealV6_小麦_sample7,Wheat
401,9,1,Paddy rice::RealV6_稻谷_sample7,Paddy rice
401,9,2,Brown rice::RealV6_糙米_sample2,Brown rice
401,9,3,Wheat bran::RealV6_小麦麸_sample1,Wheat bran
401,9,4,Paddy rice::RealV6_稻谷_sample11,Paddy rice
401,9,5,Wheat bran::RealV6_小麦麸_sample8,Wheat bran
401,9,6,Wheat::RealV6_小麦_sample7,Wheat
401,9,7,Cassava::RealV6_木薯_sample7,Cassava
401,9,8,Rice bran::RealV6_米糠_sample6,Rice bran
401,9,9,Paddy rice::RealV6_稻谷_sample9,Paddy rice
401,12,1,Paddy rice::RealV6_稻谷_sample7,Paddy rice
401,12,2,Brown rice::RealV6_糙米_sample2,Brown rice
401,12,3,Wheat bran::RealV6_小麦麸_sample1,Wheat bran
401,12,4,Paddy rice::RealV6_稻谷_sample11,Paddy rice
401,12,5,Wheat bran::RealV6_小麦麸_sample8,Wheat bran
401,12,6,Wheat::RealV6_小麦_sample7,Wheat
401,12,7,Cassava::RealV6_木薯_sample7,Cassava
401,12,8,Rice bran::RealV6_米糠_sample6,Rice bran
401,12,9,Paddy rice::RealV6_稻谷_sample9,Paddy rice
401,12,10,Barley::RealV6_大麦_sample2,Barley
401,12,11,Wheat bran::RealV6_小麦麸_sample10,Wheat bran
401,12,12,Paddy rice::RealV6_稻谷_sample3,Paddy rice
402,3,1,Barley::RealV6_大麦_sample6,Barley
402,3,2,Wheat::RealV6_小麦_sample2,Wheat
402,3,3,Rice bran::RealV6_米糠_sample8,Rice bran
402,6,1,Barley::RealV6_大麦_sample6,Barley
402,6,2,Wheat::RealV6_小麦_sample2,Wheat
402,6,3,Rice bran::RealV6_米糠_sample8,Rice bran
402,6,4,Brown rice::RealV6_糙米_sample4,Brown rice
402,6,5,Cassava::RealV6_木薯_sample7,Cassava
402,6,6,Paddy rice::RealV6_稻谷_sample5,Paddy rice
402,9,1,Barley::RealV6_大麦_sample6,Barley
402,9,2,Wheat::RealV6_小麦_sample2,Wheat
402,9,3,Rice bran::RealV6_米糠_sample8,Rice bran
402,9,4,Brown rice::RealV6_糙米_sample4,Brown rice
402,9,5,Cassava::RealV6_木薯_sample7,Cassava
402,9,6,Paddy rice::RealV6_稻谷_sample5,Paddy rice
402,9,7,Rice bran::RealV6_米糠_sample9,Rice bran
402,9,8,Wheat::RealV6_小麦_sample10,Wheat
402,9,9,Paddy rice::RealV6_稻谷_sample6,Paddy rice
402,12,1,Barley::RealV6_大麦_sample6,Barley
402,12,2,Wheat::RealV6_小麦_sample2,Wheat
402,12,3,Rice bran::RealV6_米糠_sample8,Rice bran
402,12,4,Brown rice::RealV6_糙米_sample4,Brown rice
402,12,5,Cassava::RealV6_木薯_sample7,Cassava
402,12,6,Paddy rice::RealV6_稻谷_sample5,Paddy rice
402,12,7,Rice bran::RealV6_米糠_sample9,Rice bran
402,12,8,Wheat::RealV6_小麦_sample10,Wheat
402,12,9,Paddy rice::RealV6_稻谷_sample6,Paddy rice
402,12,10,Cassava::RealV6_木薯_sample5,Cassava
402,12,11,Barley::RealV6_大麦_sample7,Barley
402,12,12,Rapeseed cake::RealV6_菜籽饼_sample4,Rapeseed cake
403,3,1,Paddy rice::RealV6_稻谷_sample8,Paddy rice
403,3,2,Sorghum::RealV6_高粱_sample6,Sorghum
403,3,3,Cassava::RealV6_木薯_sample8,Cassava
403,6,1,Paddy rice::RealV6_稻谷_sample8,Paddy rice
403,6,2,Sorghum::RealV6_高粱_sample6,Sorghum
403,6,3,Cassava::RealV6_木薯_sample8,Cassava
403,6,4,Barley::RealV6_大麦_sample10,Barley
403,6,5,Sorghum::RealV6_高粱_sample1,Sorghum
403,6,6,Rice bran::RealV6_米糠_sample9,Rice bran
403,9,1,Paddy rice::RealV6_稻谷_sample8,Paddy rice
403,9,2,Sorghum::RealV6_高粱_sample6,Sorghum
403,9,3,Cassava::RealV6_木薯_sample8,Cassava
403,9,4,Barley::RealV6_大麦_sample10,Barley
403,9,5,Sorghum::RealV6_高粱_sample1,Sorghum
403,9,6,Rice bran::RealV6_米糠_sample9,Rice bran
403,9,7,Paddy rice::RealV6_稻谷_sample4,Paddy rice
403,9,8,Rice bran::RealV6_米糠_sample8,Rice bran
403,9,9,Paddy rice::RealV6_稻谷_sample2,Paddy rice
403,12,1,Paddy rice::RealV6_稻谷_sample8,Paddy rice
403,12,2,Sorghum::RealV6_高粱_sample6,Sorghum
403,12,3,Cassava::RealV6_木薯_sample8,Cassava
403,12,4,Barley::RealV6_大麦_sample10,Barley
403,12,5,Sorghum::RealV6_高粱_sample1,Sorghum
403,12,6,Rice bran::RealV6_米糠_sample9,Rice bran
403,12,7,Paddy rice::RealV6_稻谷_sample4,Paddy rice
403,12,8,Rice bran::RealV6_米糠_sample8,Rice bran
403,12,9,Paddy rice::RealV6_稻谷_sample2,Paddy rice
403,12,10,Barley::RealV6_大麦_sample6,Barley
403,12,11,Wheat::RealV6_小麦_sample1,Wheat
403,12,12,Wheat::RealV6_小麦_sample3,Wheat
404,3,1,Brown rice::RealV6_糙米_sample2,Brown rice
404,3,2,Barley::RealV6_大麦_sample5,Barley
404,3,3,Rapeseed cake::RealV6_菜籽饼_sample8,Rapeseed cake
404,6,1,Brown rice::RealV6_糙米_sample2,Brown rice
404,6,2,Barley::RealV6_大麦_sample5,Barley
404,6,3,Rapeseed cake::RealV6_菜籽饼_sample8,Rapeseed cake
404,6,4,Wheat::RealV6_小麦_sample10,Wheat
404,6,5,Barley::RealV6_大麦_sample2,Barley
404,6,6,Rapeseed cake::RealV6_菜籽饼_sample2,Rapeseed cake
404,9,1,Brown rice::RealV6_糙米_sample2,Brown rice
404,9,2,Barley::RealV6_大麦_sample5,Barley
404,9,3,Rapeseed cake::RealV6_菜籽饼_sample8,Rapeseed cake
404,9,4,Wheat::RealV6_小麦_sample10,Wheat
404,9,5,Barley::RealV6_大麦_sample2,Barley
404,9,6,Rapeseed cake::RealV6_菜籽饼_sample2,Rapeseed cake
404,9,7,Sorghum::RealV6_高粱_sample6,Sorghum
404,9,8,Paddy rice::RealV6_稻谷_sample11,Paddy rice
404,9,9,Sorghum::RealV6_高粱_sample5,Sorghum
404,12,1,Brown rice::RealV6_糙米_sample2,Brown rice
404,12,2,Barley::RealV6_大麦_sample5,Barley
404,12,3,Rapeseed cake::RealV6_菜籽饼_sample8,Rapeseed cake
404,12,4,Wheat::RealV6_小麦_sample10,Wheat
404,12,5,Barley::RealV6_大麦_sample2,Barley
404,12,6,Rapeseed cake::RealV6_菜籽饼_sample2,Rapeseed cake
404,12,7,Sorghum::RealV6_高粱_sample6,Sorghum
404,12,8,Paddy rice::RealV6_稻谷_sample11,Paddy rice
404,12,9,Sorghum::RealV6_高粱_sample5,Sorghum
404,12,10,Rice bran::RealV6_米糠_sample7,Rice bran
404,12,11,Wheat::RealV6_小麦_sample6,Wheat
404,12,12,Cassava::RealV6_木薯_sample10,Cassava
405,3,1,Wheat bran::RealV6_小麦麸_sample3,Wheat bran
405,3,2,Barley::RealV6_大麦_sample8,Barley
405,3,3,Rapeseed cake::RealV6_菜籽饼_sample9,Rapeseed cake
405,6,1,Wheat bran::RealV6_小麦麸_sample3,Wheat bran
405,6,2,Barley::RealV6_大麦_sample8,Barley
405,6,3,Rapeseed cake::RealV6_菜籽饼_sample9,Rapeseed cake
405,6,4,Cassava::RealV6_木薯_sample2,Cassava
405,6,5,Rapeseed cake::RealV6_菜籽饼_sample5,Rapeseed cake
405,6,6,Brown rice::RealV6_糙米_sample4,Brown rice
405,9,1,Wheat bran::RealV6_小麦麸_sample3,Wheat bran
405,9,2,Barley::RealV6_大麦_sample8,Barley
405,9,3,Rapeseed cake::RealV6_菜籽饼_sample9,Rapeseed cake
405,9,4,Cassava::RealV6_木薯_sample2,Cassava
405,9,5,Rapeseed cake::RealV6_菜籽饼_sample5,Rapeseed cake
405,9,6,Brown rice::RealV6_糙米_sample4,Brown rice
405,9,7,Rapeseed cake::RealV6_菜籽饼_sample4,Rapeseed cake
405,9,8,Barley::RealV6_大麦_sample9,Barley
405,9,9,Wheat bran::RealV6_小麦麸_sample8,Wheat bran
405,12,1,Wheat bran::RealV6_小麦麸_sample3,Wheat bran
405,12,2,Barley::RealV6_大麦_sample8,Barley
405,12,3,Rapeseed cake::RealV6_菜籽饼_sample9,Rapeseed cake
405,12,4,Cassava::RealV6_木薯_sample2,Cassava
405,12,5,Rapeseed cake::RealV6_菜籽饼_sample5,Rapeseed cake
405,12,6,Brown rice::RealV6_糙米_sample4,Brown rice
405,12,7,Rapeseed cake::RealV6_菜籽饼_sample4,Rapeseed cake
405,12,8,Barley::RealV6_大麦_sample9,Barley
405,12,9,Wheat bran::RealV6_小麦麸_sample8,Wheat bran
405,12,10,Barley::RealV6_大麦_sample6,Barley
405,12,11,Brown rice::RealV6_糙米_sample6,Brown rice
405,12,12,Wheat::RealV6_小麦_sample2,Wheat
406,3,1,Wheat::RealV6_小麦_sample2,Wheat
406,3,2,Rapeseed cake::RealV6_菜籽饼_sample2,Rapeseed cake
406,3,3,Sorghum::RealV6_高粱_sample1,Sorghum
406,6,1,Wheat::RealV6_小麦_sample2,Wheat
406,6,2,Rapeseed cake::RealV6_菜籽饼_sample2,Rapeseed cake
406,6,3,Sorghum::RealV6_高粱_sample1,Sorghum
406,6,4,Paddy rice::RealV6_稻谷_sample6,Paddy rice
406,6,5,Rapeseed cake::RealV6_菜籽饼_sample6,Rapeseed cake
406,6,6,Rice bran::RealV6_米糠_sample1,Rice bran
406,9,1,Wheat::RealV6_小麦_sample2,Wheat
406,9,2,Rapeseed cake::RealV6_菜籽饼_sample2,Rapeseed cake
406,9,3,Sorghum::RealV6_高粱_sample1,Sorghum
406,9,4,Paddy rice::RealV6_稻谷_sample6,Paddy rice
406,9,5,Rapeseed cake::RealV6_菜籽饼_sample6,Rapeseed cake
406,9,6,Rice bran::RealV6_米糠_sample1,Rice bran
406,9,7,Wheat bran::RealV6_小麦麸_sample8,Wheat bran
406,9,8,Rapeseed cake::RealV6_菜籽饼_sample8,Rapeseed cake
406,9,9,Sorghum::RealV6_高粱_sample6,Sorghum
406,12,1,Wheat::RealV6_小麦_sample2,Wheat
406,12,2,Rapeseed cake::RealV6_菜籽饼_sample2,Rapeseed cake
406,12,3,Sorghum::RealV6_高粱_sample1,Sorghum
406,12,4,Paddy rice::RealV6_稻谷_sample6,Paddy rice
406,12,5,Rapeseed cake::RealV6_菜籽饼_sample6,Rapeseed cake
406,12,6,Rice bran::RealV6_米糠_sample1,Rice bran
406,12,7,Wheat bran::RealV6_小麦麸_sample8,Wheat bran
406,12,8,Rapeseed cake::RealV6_菜籽饼_sample8,Rapeseed cake
406,12,9,Sorghum::RealV6_高粱_sample6,Sorghum
406,12,10,Rice bran::RealV6_米糠_sample5,Rice bran
406,12,11,Rice bran::RealV6_米糠_sample3,Rice bran
406,12,12,Brown rice::RealV6_糙米_sample4,Brown rice
407,3,1,Barley::RealV6_大麦_sample9,Barley
407,3,2,Cassava::RealV6_木薯_sample8,Cassava
407,3,3,Paddy rice::RealV6_稻谷_sample1,Paddy rice
407,6,1,Barley::RealV6_大麦_sample9,Barley
407,6,2,Cassava::RealV6_木薯_sample8,Cassava
407,6,3,Paddy rice::RealV6_稻谷_sample1,Paddy rice
407,6,4,Sorghum::RealV6_高粱_sample4,Sorghum
407,6,5,Rice bran::RealV6_米糠_sample4,Rice bran
407,6,6,Rice bran::RealV6_米糠_sample6,Rice bran
407,9,1,Barley::RealV6_大麦_sample9,Barley
407,9,2,Cassava::RealV6_木薯_sample8,Cassava
407,9,3,Paddy rice::RealV6_稻谷_sample1,Paddy rice
407,9,4,Sorghum::RealV6_高粱_sample4,Sorghum
407,9,5,Rice bran::RealV6_米糠_sample4,Rice bran
407,9,6,Rice bran::RealV6_米糠_sample6,Rice bran
407,9,7,Cassava::RealV6_木薯_sample4,Cassava
407,9,8,Paddy rice::RealV6_稻谷_sample6,Paddy rice
407,9,9,Rapeseed cake::RealV6_菜籽饼_sample2,Rapeseed cake
407,12,1,Barley::RealV6_大麦_sample9,Barley
407,12,2,Cassava::RealV6_木薯_sample8,Cassava
407,12,3,Paddy rice::RealV6_稻谷_sample1,Paddy rice
407,12,4,Sorghum::RealV6_高粱_sample4,Sorghum
407,12,5,Rice bran::RealV6_米糠_sample4,Rice bran
407,12,6,Rice bran::RealV6_米糠_sample6,Rice bran
407,12,7,Cassava::RealV6_木薯_sample4,Cassava
407,12,8,Paddy rice::RealV6_稻谷_sample6,Paddy rice
407,12,9,Rapeseed cake::RealV6_菜籽饼_sample2,Rapeseed cake
407,12,10,Sorghum::RealV6_高粱_sample9,Sorghum
407,12,11,Cassava::RealV6_木薯_sample7,Cassava
407,12,12,Paddy rice::RealV6_稻谷_sample3,Paddy rice
408,3,1,Sorghum::RealV6_高粱_sample8,Sorghum
408,3,2,Rapeseed cake::RealV6_菜籽饼_sample7,Rapeseed cake
408,3,3,Cassava::RealV6_木薯_sample1,Cassava
408,6,1,Sorghum::RealV6_高粱_sample8,Sorghum
408,6,2,Rapeseed cake::RealV6_菜籽饼_sample7,Rapeseed cake
408,6,3,Cassava::RealV6_木薯_sample1,Cassava
408,6,4,Sorghum::RealV6_高粱_sample6,Sorghum
408,6,5,Rice bran::RealV6_米糠_sample6,Rice bran
408,6,6,Sorghum::RealV6_高粱_sample10,Sorghum
408,9,1,Sorghum::RealV6_高粱_sample8,Sorghum
408,9,2,Rapeseed cake::RealV6_菜籽饼_sample7,Rapeseed cake
408,9,3,Cassava::RealV6_木薯_sample1,Cassava
408,9,4,Sorghum::RealV6_高粱_sample6,Sorghum
408,9,5,Rice bran::RealV6_米糠_sample6,Rice bran
408,9,6,Sorghum::RealV6_高粱_sample10,Sorghum
408,9,7,Rice bran::RealV6_米糠_sample8,Rice bran
408,9,8,Rapeseed cake::RealV6_菜籽饼_sample3,Rapeseed cake
408,9,9,Wheat bran::RealV6_小麦麸_sample6,Wheat bran
408,12,1,Sorghum::RealV6_高粱_sample8,Sorghum
408,12,2,Rapeseed cake::RealV6_菜籽饼_sample7,Rapeseed cake
408,12,3,Cassava::RealV6_木薯_sample1,Cassava
408,12,4,Sorghum::RealV6_高粱_sample6,Sorghum
408,12,5,Rice bran::RealV6_米糠_sample6,Rice bran
408,12,6,Sorghum::RealV6_高粱_sample10,Sorghum
408,12,7,Rice bran::RealV6_米糠_sample8,Rice bran
408,12,8,Rapeseed cake::RealV6_菜籽饼_sample3,Rapeseed cake
408,12,9,Wheat bran::RealV6_小麦麸_sample6,Wheat bran
408,12,10,Brown rice::RealV6_糙米_sample9,Brown rice
408,12,11,Barley::RealV6_大麦_sample4,Barley
408,12,12,Sorghum::RealV6_高粱_sample4,Sorghum
409,3,1,Sorghum::RealV6_高粱_sample8,Sorghum
409,3,2,Rapeseed cake::RealV6_菜籽饼_sample1,Rapeseed cake
409,3,3,Sorghum::RealV6_高粱_sample4,Sorghum
409,6,1,Sorghum::RealV6_高粱_sample8,Sorghum
409,6,2,Rapeseed cake::RealV6_菜籽饼_sample1,Rapeseed cake
409,6,3,Sorghum::RealV6_高粱_sample4,Sorghum
409,6,4,Wheat bran::RealV6_小麦麸_sample4,Wheat bran
409,6,5,Barley::RealV6_大麦_sample6,Barley
409,6,6,Barley::RealV6_大麦_sample10,Barley
409,9,1,Sorghum::RealV6_高粱_sample8,Sorghum
409,9,2,Rapeseed cake::RealV6_菜籽饼_sample1,Rapeseed cake
409,9,3,Sorghum::RealV6_高粱_sample4,Sorghum
409,9,4,Wheat bran::RealV6_小麦麸_sample4,Wheat bran
409,9,5,Barley::RealV6_大麦_sample6,Barley
409,9,6,Barley::RealV6_大麦_sample10,Barley
409,9,7,Rapeseed cake::RealV6_菜籽饼_sample10,Rapeseed cake
409,9,8,Wheat::RealV6_小麦_sample4,Wheat
409,9,9,Paddy rice::RealV6_稻谷_sample1,Paddy rice
409,12,1,Sorghum::RealV6_高粱_sample8,Sorghum
409,12,2,Rapeseed cake::RealV6_菜籽饼_sample1,Rapeseed cake
409,12,3,Sorghum::RealV6_高粱_sample4,Sorghum
409,12,4,Wheat bran::RealV6_小麦麸_sample4,Wheat bran
409,12,5,Barley::RealV6_大麦_sample6,Barley
409,12,6,Barley::RealV6_大麦_sample10,Barley
409,12,7,Rapeseed cake::RealV6_菜籽饼_sample10,Rapeseed cake
409,12,8,Wheat::RealV6_小麦_sample4,Wheat
409,12,9,Paddy rice::RealV6_稻谷_sample1,Paddy rice
409,12,10,Barley::RealV6_大麦_sample5,Barley
409,12,11,Wheat bran::RealV6_小麦麸_sample5,Wheat bran
409,12,12,Brown rice::RealV6_糙米_sample8,Brown rice
410,3,1,Wheat::RealV6_小麦_sample8,Wheat
410,3,2,Cassava::RealV6_木薯_sample2,Cassava
410,3,3,Cassava::RealV6_木薯_sample5,Cassava
410,6,1,Wheat::RealV6_小麦_sample8,Wheat
410,6,2,Cassava::RealV6_木薯_sample2,Cassava
410,6,3,Cassava::RealV6_木薯_sample5,Cassava
410,6,4,Cassava::RealV6_木薯_sample10,Cassava
410,6,5,Paddy rice::RealV6_稻谷_sample6,Paddy rice
410,6,6,Brown rice::RealV6_糙米_sample3,Brown rice
410,9,1,Wheat::RealV6_小麦_sample8,Wheat
410,9,2,Cassava::RealV6_木薯_sample2,Cassava
410,9,3,Cassava::RealV6_木薯_sample5,Cassava
410,9,4,Cassava::RealV6_木薯_sample10,Cassava
410,9,5,Paddy rice::RealV6_稻谷_sample6,Paddy rice
410,9,6,Brown rice::RealV6_糙米_sample3,Brown rice
410,9,7,Rapeseed cake::RealV6_菜籽饼_sample8,Rapeseed cake
410,9,8,Barley::RealV6_大麦_sample10,Barley
410,9,9,Rice bran::RealV6_米糠_sample1,Rice bran
410,12,1,Wheat::RealV6_小麦_sample8,Wheat
410,12,2,Cassava::RealV6_木薯_sample2,Cassava
410,12,3,Cassava::RealV6_木薯_sample5,Cassava
410,12,4,Cassava::RealV6_木薯_sample10,Cassava
410,12,5,Paddy rice::RealV6_稻谷_sample6,Paddy rice
410,12,6,Brown rice::RealV6_糙米_sample3,Brown rice
410,12,7,Rapeseed cake::RealV6_菜籽饼_sample8,Rapeseed cake
410,12,8,Barley::RealV6_大麦_sample10,Barley
410,12,9,Rice bran::RealV6_米糠_sample1,Rice bran
410,12,10,Paddy rice::RealV6_稻谷_sample2,Paddy rice
410,12,11,Rice bran::RealV6_米糠_sample10,Rice bran
410,12,12,Wheat::RealV6_小麦_sample2,Wheat
411,3,1,Cassava::RealV6_木薯_sample2,Cassava
411,3,2,Cassava::RealV6_木薯_sample5,Cassava
411,3,3,Sorghum::RealV6_高粱_sample6,Sorghum
411,6,1,Cassava::RealV6_木薯_sample2,Cassava
411,6,2,Cassava::RealV6_木薯_sample5,Cassava
411,6,3,Sorghum::RealV6_高粱_sample6,Sorghum
411,6,4,Barley::RealV6_大麦_sample1,Barley
411,6,5,Sorghum::RealV6_高粱_sample9,Sorghum
411,6,6,Rapeseed cake::RealV6_菜籽饼_sample3,Rapeseed cake
411,9,1,Cassava::RealV6_木薯_sample2,Cassava
411,9,2,Cassava::RealV6_木薯_sample5,Cassava
411,9,3,Sorghum::RealV6_高粱_sample6,Sorghum
411,9,4,Barley::RealV6_大麦_sample1,Barley
411,9,5,Sorghum::RealV6_高粱_sample9,Sorghum
411,9,6,Rapeseed cake::RealV6_菜籽饼_sample3,Rapeseed cake
411,9,7,Rice bran::RealV6_米糠_sample6,Rice bran
411,9,8,Wheat bran::RealV6_小麦麸_sample3,Wheat bran
411,9,9,Brown rice::RealV6_糙米_sample6,Brown rice
411,12,1,Cassava::RealV6_木薯_sample2,Cassava
411,12,2,Cassava::RealV6_木薯_sample5,Cassava
411,12,3,Sorghum::RealV6_高粱_sample6,Sorghum
411,12,4,Barley::RealV6_大麦_sample1,Barley
411,12,5,Sorghum::RealV6_高粱_sample9,Sorghum
411,12,6,Rapeseed cake::RealV6_菜籽饼_sample3,Rapeseed cake
411,12,7,Rice bran::RealV6_米糠_sample6,Rice bran
411,12,8,Wheat bran::RealV6_小麦麸_sample3,Wheat bran
411,12,9,Brown rice::RealV6_糙米_sample6,Brown rice
411,12,10,Sorghum::RealV6_高粱_sample1,Sorghum
411,12,11,Sorghum::RealV6_高粱_sample7,Sorghum
411,12,12,Rice bran::RealV6_米糠_sample1,Rice bran
412,3,1,Rice bran::RealV6_米糠_sample4,Rice bran
412,3,2,Paddy rice::RealV6_稻谷_sample4,Paddy rice
412,3,3,Paddy rice::RealV6_稻谷_sample9,Paddy rice
412,6,1,Rice bran::RealV6_米糠_sample4,Rice bran
412,6,2,Paddy rice::RealV6_稻谷_sample4,Paddy rice
412,6,3,Paddy rice::RealV6_稻谷_sample9,Paddy rice
412,6,4,Barley::RealV6_大麦_sample6,Barley
412,6,5,Sorghum::RealV6_高粱_sample9,Sorghum
412,6,6,Rice bran::RealV6_米糠_sample3,Rice bran
412,9,1,Rice bran::RealV6_米糠_sample4,Rice bran
412,9,2,Paddy rice::RealV6_稻谷_sample4,Paddy rice
412,9,3,Paddy rice::RealV6_稻谷_sample9,Paddy rice
412,9,4,Barley::RealV6_大麦_sample6,Barley
412,9,5,Sorghum::RealV6_高粱_sample9,Sorghum
412,9,6,Rice bran::RealV6_米糠_sample3,Rice bran
412,9,7,Sorghum::RealV6_高粱_sample3,Sorghum
412,9,8,Wheat bran::RealV6_小麦麸_sample1,Wheat bran
412,9,9,Sorghum::RealV6_高粱_sample10,Sorghum
412,12,1,Rice bran::RealV6_米糠_sample4,Rice bran
412,12,2,Paddy rice::RealV6_稻谷_sample4,Paddy rice
412,12,3,Paddy rice::RealV6_稻谷_sample9,Paddy rice
412,12,4,Barley::RealV6_大麦_sample6,Barley
412,12,5,Sorghum::RealV6_高粱_sample9,Sorghum
412,12,6,Rice bran::RealV6_米糠_sample3,Rice bran
412,12,7,Sorghum::RealV6_高粱_sample3,Sorghum
412,12,8,Wheat bran::RealV6_小麦麸_sample1,Wheat bran
412,12,9,Sorghum::RealV6_高粱_sample10,Sorghum
412,12,10,Barley::RealV6_大麦_sample7,Barley
412,12,11,Barley::RealV6_大麦_sample10,Barley
412,12,12,Wheat::RealV6_小麦_sample7,Wheat
413,3,1,Brown rice::RealV6_糙米_sample8,Brown rice
413,3,2,Barley::RealV6_大麦_sample10,Barley
413,3,3,Cassava::RealV6_木薯_sample6,Cassava
413,6,1,Brown rice::RealV6_糙米_sample8,Brown rice
413,6,2,Barley::RealV6_大麦_sample10,Barley
413,6,3,Cassava::RealV6_木薯_sample6,Cassava
413,6,4,Barley::RealV6_大麦_sample8,Barley
413,6,5,Wheat::RealV6_小麦_sample1,Wheat
413,6,6,Sorghum::RealV6_高粱_sample4,Sorghum
413,9,1,Brown rice::RealV6_糙米_sample8,Brown rice
413,9,2,Barley::RealV6_大麦_sample10,Barley
413,9,3,Cassava::RealV6_木薯_sample6,Cassava
413,9,4,Barley::RealV6_大麦_sample8,Barley
413,9,5,Wheat::RealV6_小麦_sample1,Wheat
413,9,6,Sorghum::RealV6_高粱_sample4,Sorghum
413,9,7,Rapeseed cake::RealV6_菜籽饼_sample1,Rapeseed cake
413,9,8,Wheat::RealV6_小麦_sample10,Wheat
413,9,9,Rapeseed cake::RealV6_菜籽饼_sample3,Rapeseed cake
413,12,1,Brown rice::RealV6_糙米_sample8,Brown rice
413,12,2,Barley::RealV6_大麦_sample10,Barley
413,12,3,Cassava::RealV6_木薯_sample6,Cassava
413,12,4,Barley::RealV6_大麦_sample8,Barley
413,12,5,Wheat::RealV6_小麦_sample1,Wheat
413,12,6,Sorghum::RealV6_高粱_sample4,Sorghum
413,12,7,Rapeseed cake::RealV6_菜籽饼_sample1,Rapeseed cake
413,12,8,Wheat::RealV6_小麦_sample10,Wheat
413,12,9,Rapeseed cake::RealV6_菜籽饼_sample3,Rapeseed cake
413,12,10,Rice bran::RealV6_米糠_sample5,Rice bran
413,12,11,Brown rice::RealV6_糙米_sample1,Brown rice
413,12,12,Wheat bran::RealV6_小麦麸_sample1,Wheat bran
414,3,1,Rice bran::RealV6_米糠_sample3,Rice bran
414,3,2,Paddy rice::RealV6_稻谷_sample11,Paddy rice
414,3,3,Wheat bran::RealV6_小麦麸_sample10,Wheat bran
414,6,1,Rice bran::RealV6_米糠_sample3,Rice bran
414,6,2,Paddy rice::RealV6_稻谷_sample11,Paddy rice
414,6,3,Wheat bran::RealV6_小麦麸_sample10,Wheat bran
414,6,4,Barley::RealV6_大麦_sample3,Barley
414,6,5,Rapeseed cake::RealV6_菜籽饼_sample6,Rapeseed cake
414,6,6,Sorghum::RealV6_高粱_sample3,Sorghum
414,9,1,Rice bran::RealV6_米糠_sample3,Rice bran
414,9,2,Paddy rice::RealV6_稻谷_sample11,Paddy rice
414,9,3,Wheat bran::RealV6_小麦麸_sample10,Wheat bran
414,9,4,Barley::RealV6_大麦_sample3,Barley
414,9,5,Rapeseed cake::RealV6_菜籽饼_sample6,Rapeseed cake
414,9,6,Sorghum::RealV6_高粱_sample3,Sorghum
414,9,7,Barley::RealV6_大麦_sample9,Barley
414,9,8,Cassava::RealV6_木薯_sample5,Cassava
414,9,9,Rapeseed cake::RealV6_菜籽饼_sample5,Rapeseed cake
414,12,1,Rice bran::RealV6_米糠_sample3,Rice bran
414,12,2,Paddy rice::RealV6_稻谷_sample11,Paddy rice
414,12,3,Wheat bran::RealV6_小麦麸_sample10,Wheat bran
414,12,4,Barley::RealV6_大麦_sample3,Barley
414,12,5,Rapeseed cake::RealV6_菜籽饼_sample6,Rapeseed cake
414,12,6,Sorghum::RealV6_高粱_sample3,Sorghum
414,12,7,Barley::RealV6_大麦_sample9,Barley
414,12,8,Cassava::RealV6_木薯_sample5,Cassava
414,12,9,Rapeseed cake::RealV6_菜籽饼_sample5,Rapeseed cake
414,12,10,Cassava::RealV6_木薯_sample10,Cassava
414,12,11,Cassava::RealV6_木薯_sample7,Cassava
414,12,12,Barley::RealV6_大麦_sample2,Barley
415,3,1,Sorghum::RealV6_高粱_sample6,Sorghum
415,3,2,Sorghum::RealV6_高粱_sample3,Sorghum
415,3,3,Wheat::RealV6_小麦_sample6,Wheat
415,6,1,Sorghum::RealV6_高粱_sample6,Sorghum
415,6,2,Sorghum::RealV6_高粱_sample3,Sorghum
415,6,3,Wheat::RealV6_小麦_sample6,Wheat
415,6,4,Paddy rice::RealV6_稻谷_sample2,Paddy rice
415,6,5,Wheat bran::RealV6_小麦麸_sample2,Wheat bran
415,6,6,Brown rice::RealV6_糙米_sample2,Brown rice
415,9,1,Sorghum::RealV6_高粱_sample6,Sorghum
415,9,2,Sorghum::RealV6_高粱_sample3,Sorghum
415,9,3,Wheat::RealV6_小麦_sample6,Wheat
415,9,4,Paddy rice::RealV6_稻谷_sample2,Paddy rice
415,9,5,Wheat bran::RealV6_小麦麸_sample2,Wheat bran
415,9,6,Brown rice::RealV6_糙米_sample2,Brown rice
415,9,7,Cassava::RealV6_木薯_sample9,Cassava
415,9,8,Sorghum::RealV6_高粱_sample7,Sorghum
415,9,9,Sorghum::RealV6_高粱_sample4,Sorghum
415,12,1,Sorghum::RealV6_高粱_sample6,Sorghum
415,12,2,Sorghum::RealV6_高粱_sample3,Sorghum
415,12,3,Wheat::RealV6_小麦_sample6,Wheat
415,12,4,Paddy rice::RealV6_稻谷_sample2,Paddy rice
415,12,5,Wheat bran::RealV6_小麦麸_sample2,Wheat bran
415,12,6,Brown rice::RealV6_糙米_sample2,Brown rice
415,12,7,Cassava::RealV6_木薯_sample9,Cassava
415,12,8,Sorghum::RealV6_高粱_sample7,Sorghum
415,12,9,Sorghum::RealV6_高粱_sample4,Sorghum
415,12,10,Paddy rice::RealV6_稻谷_sample7,Paddy rice
415,12,11,Rice bran::RealV6_米糠_sample5,Rice bran
415,12,12,Cassava::RealV6_木薯_sample8,Cassava
416,3,1,Rapeseed cake::RealV6_菜籽饼_sample8,Rapeseed cake
416,3,2,Barley::RealV6_大麦_sample3,Barley
416,3,3,Sorghum::RealV6_高粱_sample8,Sorghum
416,6,1,Rapeseed cake::RealV6_菜籽饼_sample8,Rapeseed cake
416,6,2,Barley::RealV6_大麦_sample3,Barley
416,6,3,Sorghum::RealV6_高粱_sample8,Sorghum
416,6,4,Wheat bran::RealV6_小麦麸_sample2,Wheat bran
416,6,5,Wheat bran::RealV6_小麦麸_sample1,Wheat bran
416,6,6,Sorghum::RealV6_高粱_sample9,Sorghum
416,9,1,Rapeseed cake::RealV6_菜籽饼_sample8,Rapeseed cake
416,9,2,Barley::RealV6_大麦_sample3,Barley
416,9,3,Sorghum::RealV6_高粱_sample8,Sorghum
416,9,4,Wheat bran::RealV6_小麦麸_sample2,Wheat bran
416,9,5,Wheat bran::RealV6_小麦麸_sample1,Wheat bran
416,9,6,Sorghum::RealV6_高粱_sample9,Sorghum
416,9,7,Rice bran::RealV6_米糠_sample1,Rice bran
416,9,8,Brown rice::RealV6_糙米_sample6,Brown rice
416,9,9,Sorghum::RealV6_高粱_sample6,Sorghum
416,12,1,Rapeseed cake::RealV6_菜籽饼_sample8,Rapeseed cake
416,12,2,Barley::RealV6_大麦_sample3,Barley
416,12,3,Sorghum::RealV6_高粱_sample8,Sorghum
416,12,4,Wheat bran::RealV6_小麦麸_sample2,Wheat bran
416,12,5,Wheat bran::RealV6_小麦麸_sample1,Wheat bran
416,12,6,Sorghum::RealV6_高粱_sample9,Sorghum
416,12,7,Rice bran::RealV6_米糠_sample1,Rice bran
416,12,8,Brown rice::RealV6_糙米_sample6,Brown rice
416,12,9,Sorghum::RealV6_高粱_sample6,Sorghum
416,12,10,Rapeseed cake::RealV6_菜籽饼_sample3,Rapeseed cake
416,12,11,Sorghum::RealV6_高粱_sample3,Sorghum
416,12,12,Rice bran::RealV6_米糠_sample8,Rice bran
417,3,1,Barley::RealV6_大麦_sample4,Barley
417,3,2,Sorghum::RealV6_高粱_sample10,Sorghum
417,3,3,Paddy rice::RealV6_稻谷_sample10,Paddy rice
417,6,1,Barley::RealV6_大麦_sample4,Barley
417,6,2,Sorghum::RealV6_高粱_sample10,Sorghum
417,6,3,Paddy rice::RealV6_稻谷_sample10,Paddy rice
417,6,4,Wheat::RealV6_小麦_sample10,Wheat
417,6,5,Brown rice::RealV6_糙米_sample8,Brown rice
417,6,6,Cassava::RealV6_木薯_sample8,Cassava
417,9,1,Barley::RealV6_大麦_sample4,Barley
417,9,2,Sorghum::RealV6_高粱_sample10,Sorghum
417,9,3,Paddy rice::RealV6_稻谷_sample10,Paddy rice
417,9,4,Wheat::RealV6_小麦_sample10,Wheat
417,9,5,Brown rice::RealV6_糙米_sample8,Brown rice
417,9,6,Cassava::RealV6_木薯_sample8,Cassava
417,9,7,Rice bran::RealV6_米糠_sample7,Rice bran
417,9,8,Wheat bran::RealV6_小麦麸_sample1,Wheat bran
417,9,9,Wheat::RealV6_小麦_sample7,Wheat
417,12,1,Barley::RealV6_大麦_sample4,Barley
417,12,2,Sorghum::RealV6_高粱_sample10,Sorghum
417,12,3,Paddy rice::RealV6_稻谷_sample10,Paddy rice
417,12,4,Wheat::RealV6_小麦_sample10,Wheat
417,12,5,Brown rice::RealV6_糙米_sample8,Brown rice
417,12,6,Cassava::RealV6_木薯_sample8,Cassava
417,12,7,Rice bran::RealV6_米糠_sample7,Rice bran
417,12,8,Wheat bran::RealV6_小麦麸_sample1,Wheat bran
417,12,9,Wheat::RealV6_小麦_sample7,Wheat
417,12,10,Sorghum::RealV6_高粱_sample3,Sorghum
417,12,11,Rapeseed cake::RealV6_菜籽饼_sample1,Rapeseed cake
417,12,12,Rice bran::RealV6_米糠_sample4,Rice bran
418,3,1,Wheat bran::RealV6_小麦麸_sample6,Wheat bran
418,3,2,Cassava::RealV6_木薯_sample1,Cassava
418,3,3,Rice bran::RealV6_米糠_sample8,Rice bran
418,6,1,Wheat bran::RealV6_小麦麸_sample6,Wheat bran
418,6,2,Cassava::RealV6_木薯_sample1,Cassava
418,6,3,Rice bran::RealV6_米糠_sample8,Rice bran
418,6,4,Paddy rice::RealV6_稻谷_sample2,Paddy rice
418,6,5,Paddy rice::RealV6_稻谷_sample5,Paddy rice
418,6,6,Barley::RealV6_大麦_sample8,Barley
418,9,1,Wheat bran::RealV6_小麦麸_sample6,Wheat bran
418,9,2,Cassava::RealV6_木薯_sample1,Cassava
418,9,3,Rice bran::RealV6_米糠_sample8,Rice bran
418,9,4,Paddy rice::RealV6_稻谷_sample2,Paddy rice
418,9,5,Paddy rice::RealV6_稻谷_sample5,Paddy rice
418,9,6,Barley::RealV6_大麦_sample8,Barley
418,9,7,Paddy rice::RealV6_稻谷_sample3,Paddy rice
418,9,8,Sorghum::RealV6_高粱_sample4,Sorghum
418,9,9,Cassava::RealV6_木薯_sample3,Cassava
418,12,1,Wheat bran::RealV6_小麦麸_sample6,Wheat bran
418,12,2,Cassava::RealV6_木薯_sample1,Cassava
418,12,3,Rice bran::RealV6_米糠_sample8,Rice bran
418,12,4,Paddy rice::RealV6_稻谷_sample2,Paddy rice
418,12,5,Paddy rice::RealV6_稻谷_sample5,Paddy rice
418,12,6,Barley::RealV6_大麦_sample8,Barley
418,12,7,Paddy rice::RealV6_稻谷_sample3,Paddy rice
418,12,8,Sorghum::RealV6_高粱_sample4,Sorghum
418,12,9,Cassava::RealV6_木薯_sample3,Cassava
418,12,10,Rice bran::RealV6_米糠_sample3,Rice bran
418,12,11,Cassava::RealV6_木薯_sample8,Cassava
418,12,12,Wheat bran::RealV6_小麦麸_sample5,Wheat bran
419,3,1,Brown rice::RealV6_糙米_sample8,Brown rice
419,3,2,Paddy rice::RealV6_稻谷_sample10,Paddy rice
419,3,3,Sorghum::RealV6_高粱_sample8,Sorghum
419,6,1,Brown rice::RealV6_糙米_sample8,Brown rice
419,6,2,Paddy rice::RealV6_稻谷_sample10,Paddy rice
419,6,3,Sorghum::RealV6_高粱_sample8,Sorghum
419,6,4,Cassava::RealV6_木薯_sample8,Cassava
419,6,5,Brown rice::RealV6_糙米_sample7,Brown rice
419,6,6,Paddy rice::RealV6_稻谷_sample6,Paddy rice
419,9,1,Brown rice::RealV6_糙米_sample8,Brown rice
419,9,2,Paddy rice::RealV6_稻谷_sample10,Paddy rice
419,9,3,Sorghum::RealV6_高粱_sample8,Sorghum
419,9,4,Cassava::RealV6_木薯_sample8,Cassava
419,9,5,Brown rice::RealV6_糙米_sample7,Brown rice
419,9,6,Paddy rice::RealV6_稻谷_sample6,Paddy rice
419,9,7,Rice bran::RealV6_米糠_sample4,Rice bran
419,9,8,Paddy rice::RealV6_稻谷_sample3,Paddy rice
419,9,9,Wheat bran::RealV6_小麦麸_sample4,Wheat bran
419,12,1,Brown rice::RealV6_糙米_sample8,Brown rice
419,12,2,Paddy rice::RealV6_稻谷_sample10,Paddy rice
419,12,3,Sorghum::RealV6_高粱_sample8,Sorghum
419,12,4,Cassava::RealV6_木薯_sample8,Cassava
419,12,5,Brown rice::RealV6_糙米_sample7,Brown rice
419,12,6,Paddy rice::RealV6_稻谷_sample6,Paddy rice
419,12,7,Rice bran::RealV6_米糠_sample4,Rice bran
419,12,8,Paddy rice::RealV6_稻谷_sample3,Paddy rice
419,12,9,Wheat bran::RealV6_小麦麸_sample4,Wheat bran
419,12,10,Barley::RealV6_大麦_sample7,Barley
419,12,11,Wheat::RealV6_小麦_sample8,Wheat
419,12,12,Barley::RealV6_大麦_sample5,Barley
420,3,1,Wheat::RealV6_小麦_sample3,Wheat
420,3,2,Barley::RealV6_大麦_sample4,Barley
420,3,3,Rapeseed cake::RealV6_菜籽饼_sample7,Rapeseed cake
420,6,1,Wheat::RealV6_小麦_sample3,Wheat
420,6,2,Barley::RealV6_大麦_sample4,Barley
420,6,3,Rapeseed cake::RealV6_菜籽饼_sample7,Rapeseed cake
420,6,4,Sorghum::RealV6_高粱_sample1,Sorghum
420,6,5,Barley::RealV6_大麦_sample10,Barley
420,6,6,Paddy rice::RealV6_稻谷_sample5,Paddy rice
420,9,1,Wheat::RealV6_小麦_sample3,Wheat
420,9,2,Barley::RealV6_大麦_sample4,Barley
420,9,3,Rapeseed cake::RealV6_菜籽饼_sample7,Rapeseed cake
420,9,4,Sorghum::RealV6_高粱_sample1,Sorghum
420,9,5,Barley::RealV6_大麦_sample10,Barley
420,9,6,Paddy rice::RealV6_稻谷_sample5,Paddy rice
420,9,7,Brown rice::RealV6_糙米_sample10,Brown rice
420,9,8,Rapeseed cake::RealV6_菜籽饼_sample5,Rapeseed cake
420,9,9,Wheat bran::RealV6_小麦麸_sample5,Wheat bran
420,12,1,Wheat::RealV6_小麦_sample3,Wheat
420,12,2,Barley::RealV6_大麦_sample4,Barley
420,12,3,Rapeseed cake::RealV6_菜籽饼_sample7,Rapeseed cake
420,12,4,Sorghum::RealV6_高粱_sample1,Sorghum
420,12,5,Barley::RealV6_大麦_sample10,Barley
420,12,6,Paddy rice::RealV6_稻谷_sample5,Paddy rice
420,12,7,Brown rice::RealV6_糙米_sample10,Brown rice
420,12,8,Rapeseed cake::RealV6_菜籽饼_sample5,Rapeseed cake
420,12,9,Wheat bran::RealV6_小麦麸_sample5,Wheat bran
420,12,10,Brown rice::RealV6_糙米_sample1,Brown rice
420,12,11,Brown rice::RealV6_糙米_sample3,Brown rice
420,12,12,Brown rice::RealV6_糙米_sample5,Brown rice
421,3,1,Cassava::RealV6_木薯_sample8,Cassava
421,3,2,Brown rice::RealV6_糙米_sample10,Brown rice
421,3,3,Wheat::RealV6_小麦_sample10,Wheat
421,6,1,Cassava::RealV6_木薯_sample8,Cassava
421,6,2,Brown rice::RealV6_糙米_sample10,Brown rice
421,6,3,Wheat::RealV6_小麦_sample10,Wheat
421,6,4,Paddy rice::RealV6_稻谷_sample1,Paddy rice
421,6,5,Barley::RealV6_大麦_sample6,Barley
421,6,6,Paddy rice::RealV6_稻谷_sample8,Paddy rice
421,9,1,Cassava::RealV6_木薯_sample8,Cassava
421,9,2,Brown rice::RealV6_糙米_sample10,Brown rice
421,9,3,Wheat::RealV6_小麦_sample10,Wheat
421,9,4,Paddy rice::RealV6_稻谷_sample1,Paddy rice
421,9,5,Barley::RealV6_大麦_sample6,Barley
421,9,6,Paddy rice::RealV6_稻谷_sample8,Paddy rice
421,9,7,Cassava::RealV6_木薯_sample3,Cassava
421,9,8,Sorghum::RealV6_高粱_sample8,Sorghum
421,9,9,Sorghum::RealV6_高粱_sample3,Sorghum
421,12,1,Cassava::RealV6_木薯_sample8,Cassava
421,12,2,Brown rice::RealV6_糙米_sample10,Brown rice
421,12,3,Wheat::RealV6_小麦_sample10,Wheat
421,12,4,Paddy rice::RealV6_稻谷_sample1,Paddy rice
421,12,5,Barley::RealV6_大麦_sample6,Barley
421,12,6,Paddy rice::RealV6_稻谷_sample8,Paddy rice
421,12,7,Cassava::RealV6_木薯_sample3,Cassava
421,12,8,Sorghum::RealV6_高粱_sample8,Sorghum
421,12,9,Sorghum::RealV6_高粱_sample3,Sorghum
421,12,10,Cassava::RealV6_木薯_sample1,Cassava
421,12,11,Wheat bran::RealV6_小麦麸_sample10,Wheat bran
421,12,12,Barley::RealV6_大麦_sample10,Barley
422,3,1,Cassava::RealV6_木薯_sample9,Cassava
422,3,2,Barley::RealV6_大麦_sample8,Barley
422,3,3,Sorghum::RealV6_高粱_sample8,Sorghum
422,6,1,Cassava::RealV6_木薯_sample9,Cassava
422,6,2,Barley::RealV6_大麦_sample8,Barley
422,6,3,Sorghum::RealV6_高粱_sample8,Sorghum
422,6,4,Cassava::RealV6_木薯_sample7,Cassava
422,6,5,Rapeseed cake::RealV6_菜籽饼_sample1,Rapeseed cake
422,6,6,Paddy rice::RealV6_稻谷_sample7,Paddy rice
422,9,1,Cassava::RealV6_木薯_sample9,Cassava
422,9,2,Barley::RealV6_大麦_sample8,Barley
422,9,3,Sorghum::RealV6_高粱_sample8,Sorghum
422,9,4,Cassava::RealV6_木薯_sample7,Cassava
422,9,5,Rapeseed cake::RealV6_菜籽饼_sample1,Rapeseed cake
422,9,6,Paddy rice::RealV6_稻谷_sample7,Paddy rice
422,9,7,Wheat bran::RealV6_小麦麸_sample6,Wheat bran
422,9,8,Wheat bran::RealV6_小麦麸_sample1,Wheat bran
422,9,9,Barley::RealV6_大麦_sample4,Barley
422,12,1,Cassava::RealV6_木薯_sample9,Cassava
422,12,2,Barley::RealV6_大麦_sample8,Barley
422,12,3,Sorghum::RealV6_高粱_sample8,Sorghum
422,12,4,Cassava::RealV6_木薯_sample7,Cassava
422,12,5,Rapeseed cake::RealV6_菜籽饼_sample1,Rapeseed cake
422,12,6,Paddy rice::RealV6_稻谷_sample7,Paddy rice
422,12,7,Wheat bran::RealV6_小麦麸_sample6,Wheat bran
422,12,8,Wheat bran::RealV6_小麦麸_sample1,Wheat bran
422,12,9,Barley::RealV6_大麦_sample4,Barley
422,12,10,Paddy rice::RealV6_稻谷_sample4,Paddy rice
422,12,11,Rapeseed cake::RealV6_菜籽饼_sample8,Rapeseed cake
422,12,12,Brown rice::RealV6_糙米_sample1,Brown rice
423,3,1,Paddy rice::RealV6_稻谷_sample5,Paddy rice
423,3,2,Paddy rice::RealV6_稻谷_sample1,Paddy rice
423,3,3,Paddy rice::RealV6_稻谷_sample9,Paddy rice
423,6,1,Paddy rice::RealV6_稻谷_sample5,Paddy rice
423,6,2,Paddy rice::RealV6_稻谷_sample1,Paddy rice
423,6,3,Paddy rice::RealV6_稻谷_sample9,Paddy rice
423,6,4,Barley::RealV6_大麦_sample2,Barley
423,6,5,Wheat::RealV6_小麦_sample1,Wheat
423,6,6,Sorghum::RealV6_高粱_sample9,Sorghum
423,9,1,Paddy rice::RealV6_稻谷_sample5,Paddy rice
423,9,2,Paddy rice::RealV6_稻谷_sample1,Paddy rice
423,9,3,Paddy rice::RealV6_稻谷_sample9,Paddy rice
423,9,4,Barley::RealV6_大麦_sample2,Barley
423,9,5,Wheat::RealV6_小麦_sample1,Wheat
423,9,6,Sorghum::RealV6_高粱_sample9,Sorghum
423,9,7,Brown rice::RealV6_糙米_sample6,Brown rice
423,9,8,Sorghum::RealV6_高粱_sample5,Sorghum
423,9,9,Cassava::RealV6_木薯_sample7,Cassava
423,12,1,Paddy rice::RealV6_稻谷_sample5,Paddy rice
423,12,2,Paddy rice::RealV6_稻谷_sample1,Paddy rice
423,12,3,Paddy rice::RealV6_稻谷_sample9,Paddy rice
423,12,4,Barley::RealV6_大麦_sample2,Barley
423,12,5,Wheat::RealV6_小麦_sample1,Wheat
423,12,6,Sorghum::RealV6_高粱_sample9,Sorghum
423,12,7,Brown rice::RealV6_糙米_sample6,Brown rice
423,12,8,Sorghum::RealV6_高粱_sample5,Sorghum
423,12,9,Cassava::RealV6_木薯_sample7,Cassava
423,12,10,Barley::RealV6_大麦_sample10,Barley
423,12,11,Sorghum::RealV6_高粱_sample6,Sorghum
423,12,12,Wheat::RealV6_小麦_sample8,Wheat
424,3,1,Rice bran::RealV6_米糠_sample4,Rice bran
424,3,2,Sorghum::RealV6_高粱_sample2,Sorghum
424,3,3,Wheat::RealV6_小麦_sample5,Wheat
424,6,1,Rice bran::RealV6_米糠_sample4,Rice bran
424,6,2,Sorghum::RealV6_高粱_sample2,Sorghum
424,6,3,Wheat::RealV6_小麦_sample5,Wheat
424,6,4,Brown rice::RealV6_糙米_sample7,Brown rice
424,6,5,Sorghum::RealV6_高粱_sample4,Sorghum
424,6,6,Rapeseed cake::RealV6_菜籽饼_sample10,Rapeseed cake
424,9,1,Rice bran::RealV6_米糠_sample4,Rice bran
424,9,2,Sorghum::RealV6_高粱_sample2,Sorghum
424,9,3,Wheat::RealV6_小麦_sample5,Wheat
424,9,4,Brown rice::RealV6_糙米_sample7,Brown rice
424,9,5,Sorghum::RealV6_高粱_sample4,Sorghum
424,9,6,Rapeseed cake::RealV6_菜籽饼_sample10,Rapeseed cake
424,9,7,Cassava::RealV6_木薯_sample9,Cassava
424,9,8,Barley::RealV6_大麦_sample10,Barley
424,9,9,Barley::RealV6_大麦_sample6,Barley
424,12,1,Rice bran::RealV6_米糠_sample4,Rice bran
424,12,2,Sorghum::RealV6_高粱_sample2,Sorghum
424,12,3,Wheat::RealV6_小麦_sample5,Wheat
424,12,4,Brown rice::RealV6_糙米_sample7,Brown rice
424,12,5,Sorghum::RealV6_高粱_sample4,Sorghum
424,12,6,Rapeseed cake::RealV6_菜籽饼_sample10,Rapeseed cake
424,12,7,Cassava::RealV6_木薯_sample9,Cassava
424,12,8,Barley::RealV6_大麦_sample10,Barley
424,12,9,Barley::RealV6_大麦_sample6,Barley
424,12,10,Barley::RealV6_大麦_sample9,Barley
424,12,11,Cassava::RealV6_木薯_sample1,Cassava
424,12,12,Wheat::RealV6_小麦_sample7,Wheat
425,3,1,Wheat bran::RealV6_小麦麸_sample6,Wheat bran
425,3,2,Paddy rice::RealV6_稻谷_sample10,Paddy rice
425,3,3,Barley::RealV6_大麦_sample4,Barley
425,6,1,Wheat bran::RealV6_小麦麸_sample6,Wheat bran
425,6,2,Paddy rice::RealV6_稻谷_sample10,Paddy rice
425,6,3,Barley::RealV6_大麦_sample4,Barley
425,6,4,Rice bran::RealV6_米糠_sample4,Rice bran
425,6,5,Sorghum::RealV6_高粱_sample2,Sorghum
425,6,6,Sorghum::RealV6_高粱_sample10,Sorghum
425,9,1,Wheat bran::RealV6_小麦麸_sample6,Wheat bran
425,9,2,Paddy rice::RealV6_稻谷_sample10,Paddy rice
425,9,3,Barley::RealV6_大麦_sample4,Barley
425,9,4,Rice bran::RealV6_米糠_sample4,Rice bran
425,9,5,Sorghum::RealV6_高粱_sample2,Sorghum
425,9,6,Sorghum::RealV6_高粱_sample10,Sorghum
425,9,7,Sorghum::RealV6_高粱_sample4,Sorghum
425,9,8,Barley::RealV6_大麦_sample7,Barley
425,9,9,Rice bran::RealV6_米糠_sample10,Rice bran
425,12,1,Wheat bran::RealV6_小麦麸_sample6,Wheat bran
425,12,2,Paddy rice::RealV6_稻谷_sample10,Paddy rice
425,12,3,Barley::RealV6_大麦_sample4,Barley
425,12,4,Rice bran::RealV6_米糠_sample4,Rice bran
425,12,5,Sorghum::RealV6_高粱_sample2,Sorghum
425,12,6,Sorghum::RealV6_高粱_sample10,Sorghum
425,12,7,Sorghum::RealV6_高粱_sample4,Sorghum
425,12,8,Barley::RealV6_大麦_sample7,Barley
425,12,9,Rice bran::RealV6_米糠_sample10,Rice bran
425,12,10,Rapeseed cake::RealV6_菜籽饼_sample10,Rapeseed cake
425,12,11,Barley::RealV6_大麦_sample8,Barley
425,12,12,Sorghum::RealV6_高粱_sample9,Sorghum
426,3,1,Sorghum::RealV6_高粱_sample7,Sorghum
426,3,2,Wheat::RealV6_小麦_sample2,Wheat
426,3,3,Cassava::RealV6_木薯_sample1,Cassava
426,6,1,Sorghum::RealV6_高粱_sample7,Sorghum
426,6,2,Wheat::RealV6_小麦_sample2,Wheat
426,6,3,Cassava::RealV6_木薯_sample1,Cassava
426,6,4,Rice bran::RealV6_米糠_sample6,Rice bran
426,6,5,Wheat::RealV6_小麦_sample3,Wheat
426,6,6,Rapeseed cake::RealV6_菜籽饼_sample10,Rapeseed cake
426,9,1,Sorghum::RealV6_高粱_sample7,Sorghum
426,9,2,Wheat::RealV6_小麦_sample2,Wheat
426,9,3,Cassava::RealV6_木薯_sample1,Cassava
426,9,4,Rice bran::RealV6_米糠_sample6,Rice bran
426,9,5,Wheat::RealV6_小麦_sample3,Wheat
426,9,6,Rapeseed cake::RealV6_菜籽饼_sample10,Rapeseed cake
426,9,7,Paddy rice::RealV6_稻谷_sample1,Paddy rice
426,9,8,Cassava::RealV6_木薯_sample4,Cassava
426,9,9,Barley::RealV6_大麦_sample3,Barley
426,12,1,Sorghum::RealV6_高粱_sample7,Sorghum
426,12,2,Wheat::RealV6_小麦_sample2,Wheat
426,12,3,Cassava::RealV6_木薯_sample1,Cassava
426,12,4,Rice bran::RealV6_米糠_sample6,Rice bran
426,12,5,Wheat::RealV6_小麦_sample3,Wheat
426,12,6,Rapeseed cake::RealV6_菜籽饼_sample10,Rapeseed cake
426,12,7,Paddy rice::RealV6_稻谷_sample1,Paddy rice
426,12,8,Cassava::RealV6_木薯_sample4,Cassava
426,12,9,Barley::RealV6_大麦_sample3,Barley
426,12,10,Sorghum::RealV6_高粱_sample8,Sorghum
426,12,11,Wheat::RealV6_小麦_sample10,Wheat
426,12,12,Sorghum::RealV6_高粱_sample1,Sorghum
427,3,1,Rapeseed cake::RealV6_菜籽饼_sample9,Rapeseed cake
427,3,2,Rice bran::RealV6_米糠_sample8,Rice bran
427,3,3,Wheat bran::RealV6_小麦麸_sample3,Wheat bran
427,6,1,Rapeseed cake::RealV6_菜籽饼_sample9,Rapeseed cake
427,6,2,Rice bran::RealV6_米糠_sample8,Rice bran
427,6,3,Wheat bran::RealV6_小麦麸_sample3,Wheat bran
427,6,4,Barley::RealV6_大麦_sample6,Barley
427,6,5,Sorghum::RealV6_高粱_sample8,Sorghum
427,6,6,Cassava::RealV6_木薯_sample2,Cassava
427,9,1,Rapeseed cake::RealV6_菜籽饼_sample9,Rapeseed cake
427,9,2,Rice bran::RealV6_米糠_sample8,Rice bran
427,9,3,Wheat bran::RealV6_小麦麸_sample3,Wheat bran
427,9,4,Barley::RealV6_大麦_sample6,Barley
427,9,5,Sorghum::RealV6_高粱_sample8,Sorghum
427,9,6,Cassava::RealV6_木薯_sample2,Cassava
427,9,7,Sorghum::RealV6_高粱_sample1,Sorghum
427,9,8,Sorghum::RealV6_高粱_sample6,Sorghum
427,9,9,Sorghum::RealV6_高粱_sample2,Sorghum
427,12,1,Rapeseed cake::RealV6_菜籽饼_sample9,Rapeseed cake
427,12,2,Rice bran::RealV6_米糠_sample8,Rice bran
427,12,3,Wheat bran::RealV6_小麦麸_sample3,Wheat bran
427,12,4,Barley::RealV6_大麦_sample6,Barley
427,12,5,Sorghum::RealV6_高粱_sample8,Sorghum
427,12,6,Cassava::RealV6_木薯_sample2,Cassava
427,12,7,Sorghum::RealV6_高粱_sample1,Sorghum
427,12,8,Sorghum::RealV6_高粱_sample6,Sorghum
427,12,9,Sorghum::RealV6_高粱_sample2,Sorghum
427,12,10,Brown rice::RealV6_糙米_sample1,Brown rice
427,12,11,Brown rice::RealV6_糙米_sample8,Brown rice
427,12,12,Brown rice::RealV6_糙米_sample9,Brown rice
428,3,1,Wheat bran::RealV6_小麦麸_sample1,Wheat bran
428,3,2,Rice bran::RealV6_米糠_sample8,Rice bran
428,3,3,Rice bran::RealV6_米糠_sample7,Rice bran
428,6,1,Wheat bran::RealV6_小麦麸_sample1,Wheat bran
428,6,2,Rice bran::RealV6_米糠_sample8,Rice bran
428,6,3,Rice bran::RealV6_米糠_sample7,Rice bran
428,6,4,Cassava::RealV6_木薯_sample5,Cassava
428,6,5,Wheat bran::RealV6_小麦麸_sample9,Wheat bran
428,6,6,Paddy rice::RealV6_稻谷_sample6,Paddy rice
428,9,1,Wheat bran::RealV6_小麦麸_sample1,Wheat bran
428,9,2,Rice bran::RealV6_米糠_sample8,Rice bran
428,9,3,Rice bran::RealV6_米糠_sample7,Rice bran
428,9,4,Cassava::RealV6_木薯_sample5,Cassava
428,9,5,Wheat bran::RealV6_小麦麸_sample9,Wheat bran
428,9,6,Paddy rice::RealV6_稻谷_sample6,Paddy rice
428,9,7,Paddy rice::RealV6_稻谷_sample10,Paddy rice
428,9,8,Rapeseed cake::RealV6_菜籽饼_sample6,Rapeseed cake
428,9,9,Wheat::RealV6_小麦_sample6,Wheat
428,12,1,Wheat bran::RealV6_小麦麸_sample1,Wheat bran
428,12,2,Rice bran::RealV6_米糠_sample8,Rice bran
428,12,3,Rice bran::RealV6_米糠_sample7,Rice bran
428,12,4,Cassava::RealV6_木薯_sample5,Cassava
428,12,5,Wheat bran::RealV6_小麦麸_sample9,Wheat bran
428,12,6,Paddy rice::RealV6_稻谷_sample6,Paddy rice
428,12,7,Paddy rice::RealV6_稻谷_sample10,Paddy rice
428,12,8,Rapeseed cake::RealV6_菜籽饼_sample6,Rapeseed cake
428,12,9,Wheat::RealV6_小麦_sample6,Wheat
428,12,10,Barley::RealV6_大麦_sample6,Barley
428,12,11,Rice bran::RealV6_米糠_sample3,Rice bran
428,12,12,Rice bran::RealV6_米糠_sample10,Rice bran
429,3,1,Paddy rice::RealV6_稻谷_sample8,Paddy rice
429,3,2,Cassava::RealV6_木薯_sample3,Cassava
429,3,3,Wheat::RealV6_小麦_sample2,Wheat
429,6,1,Paddy rice::RealV6_稻谷_sample8,Paddy rice
429,6,2,Cassava::RealV6_木薯_sample3,Cassava
429,6,3,Wheat::RealV6_小麦_sample2,Wheat
429,6,4,Sorghum::RealV6_高粱_sample6,Sorghum
429,6,5,Sorghum::RealV6_高粱_sample2,Sorghum
429,6,6,Barley::RealV6_大麦_sample2,Barley
429,9,1,Paddy rice::RealV6_稻谷_sample8,Paddy rice
429,9,2,Cassava::RealV6_木薯_sample3,Cassava
429,9,3,Wheat::RealV6_小麦_sample2,Wheat
429,9,4,Sorghum::RealV6_高粱_sample6,Sorghum
429,9,5,Sorghum::RealV6_高粱_sample2,Sorghum
429,9,6,Barley::RealV6_大麦_sample2,Barley
429,9,7,Brown rice::RealV6_糙米_sample5,Brown rice
429,9,8,Wheat bran::RealV6_小麦麸_sample10,Wheat bran
429,9,9,Rice bran::RealV6_米糠_sample4,Rice bran
429,12,1,Paddy rice::RealV6_稻谷_sample8,Paddy rice
429,12,2,Cassava::RealV6_木薯_sample3,Cassava
429,12,3,Wheat::RealV6_小麦_sample2,Wheat
429,12,4,Sorghum::RealV6_高粱_sample6,Sorghum
429,12,5,Sorghum::RealV6_高粱_sample2,Sorghum
429,12,6,Barley::RealV6_大麦_sample2,Barley
429,12,7,Brown rice::RealV6_糙米_sample5,Brown rice
429,12,8,Wheat bran::RealV6_小麦麸_sample10,Wheat bran
429,12,9,Rice bran::RealV6_米糠_sample4,Rice bran
429,12,10,Paddy rice::RealV6_稻谷_sample3,Paddy rice
429,12,11,Barley::RealV6_大麦_sample1,Barley
429,12,12,Rice bran::RealV6_米糠_sample8,Rice bran
430,3,1,Brown rice::RealV6_糙米_sample4,Brown rice
430,3,2,Cassava::RealV6_木薯_sample9,Cassava
430,3,3,Sorghum::RealV6_高粱_sample4,Sorghum
430,6,1,Brown rice::RealV6_糙米_sample4,Brown rice
430,6,2,Cassava::RealV6_木薯_sample9,Cassava
430,6,3,Sorghum::RealV6_高粱_sample4,Sorghum
430,6,4,Wheat bran::RealV6_小麦麸_sample5,Wheat bran
430,6,5,Rapeseed cake::RealV6_菜籽饼_sample1,Rapeseed cake
430,6,6,Rice bran::RealV6_米糠_sample1,Rice bran
430,9,1,Brown rice::RealV6_糙米_sample4,Brown rice
430,9,2,Cassava::RealV6_木薯_sample9,Cassava
430,9,3,Sorghum::RealV6_高粱_sample4,Sorghum
430,9,4,Wheat bran::RealV6_小麦麸_sample5,Wheat bran
430,9,5,Rapeseed cake::RealV6_菜籽饼_sample1,Rapeseed cake
430,9,6,Rice bran::RealV6_米糠_sample1,Rice bran
430,9,7,Brown rice::RealV6_糙米_sample9,Brown rice
430,9,8,Rapeseed cake::RealV6_菜籽饼_sample10,Rapeseed cake
430,9,9,Sorghum::RealV6_高粱_sample1,Sorghum
430,12,1,Brown rice::RealV6_糙米_sample4,Brown rice
430,12,2,Cassava::RealV6_木薯_sample9,Cassava
430,12,3,Sorghum::RealV6_高粱_sample4,Sorghum
430,12,4,Wheat bran::RealV6_小麦麸_sample5,Wheat bran
430,12,5,Rapeseed cake::RealV6_菜籽饼_sample1,Rapeseed cake
430,12,6,Rice bran::RealV6_米糠_sample1,Rice bran
430,12,7,Brown rice::RealV6_糙米_sample9,Brown rice
430,12,8,Rapeseed cake::RealV6_菜籽饼_sample10,Rapeseed cake
430,12,9,Sorghum::RealV6_高粱_sample1,Sorghum
430,12,10,Rice bran::RealV6_米糠_sample6,Rice bran
430,12,11,Rapeseed cake::RealV6_菜籽饼_sample6,Rapeseed cake
430,12,12,Rice bran::RealV6_米糠_sample2,Rice bran
431,3,1,Brown rice::RealV6_糙米_sample8,Brown rice
431,3,2,Sorghum::RealV6_高粱_sample3,Sorghum
431,3,3,Wheat::RealV6_小麦_sample4,Wheat
431,6,1,Brown rice::RealV6_糙米_sample8,Brown rice
431,6,2,Sorghum::RealV6_高粱_sample3,Sorghum
431,6,3,Wheat::RealV6_小麦_sample4,Wheat
431,6,4,Wheat bran::RealV6_小麦麸_sample9,Wheat bran
431,6,5,Wheat bran::RealV6_小麦麸_sample10,Wheat bran
431,6,6,Sorghum::RealV6_高粱_sample2,Sorghum
431,9,1,Brown rice::RealV6_糙米_sample8,Brown rice
431,9,2,Sorghum::RealV6_高粱_sample3,Sorghum
431,9,3,Wheat::RealV6_小麦_sample4,Wheat
431,9,4,Wheat bran::RealV6_小麦麸_sample9,Wheat bran
431,9,5,Wheat bran::RealV6_小麦麸_sample10,Wheat bran
431,9,6,Sorghum::RealV6_高粱_sample2,Sorghum
431,9,7,Paddy rice::RealV6_稻谷_sample10,Paddy rice
431,9,8,Brown rice::RealV6_糙米_sample10,Brown rice
431,9,9,Wheat::RealV6_小麦_sample5,Wheat
431,12,1,Brown rice::RealV6_糙米_sample8,Brown rice
431,12,2,Sorghum::RealV6_高粱_sample3,Sorghum
431,12,3,Wheat::RealV6_小麦_sample4,Wheat
431,12,4,Wheat bran::RealV6_小麦麸_sample9,Wheat bran
431,12,5,Wheat bran::RealV6_小麦麸_sample10,Wheat bran
431,12,6,Sorghum::RealV6_高粱_sample2,Sorghum
431,12,7,Paddy rice::RealV6_稻谷_sample10,Paddy rice
431,12,8,Brown rice::RealV6_糙米_sample10,Brown rice
431,12,9,Wheat::RealV6_小麦_sample5,Wheat
431,12,10,Barley::RealV6_大麦_sample1,Barley
431,12,11,Rapeseed cake::RealV6_菜籽饼_sample9,Rapeseed cake
431,12,12,Paddy rice::RealV6_稻谷_sample8,Paddy rice
432,3,1,Wheat::RealV6_小麦_sample5,Wheat
432,3,2,Rapeseed cake::RealV6_菜籽饼_sample10,Rapeseed cake
432,3,3,Wheat::RealV6_小麦_sample3,Wheat
432,6,1,Wheat::RealV6_小麦_sample5,Wheat
432,6,2,Rapeseed cake::RealV6_菜籽饼_sample10,Rapeseed cake
432,6,3,Wheat::RealV6_小麦_sample3,Wheat
432,6,4,Wheat bran::RealV6_小麦麸_sample2,Wheat bran
432,6,5,Brown rice::RealV6_糙米_sample10,Brown rice
432,6,6,Wheat bran::RealV6_小麦麸_sample6,Wheat bran
432,9,1,Wheat::RealV6_小麦_sample5,Wheat
432,9,2,Rapeseed cake::RealV6_菜籽饼_sample10,Rapeseed cake
432,9,3,Wheat::RealV6_小麦_sample3,Wheat
432,9,4,Wheat bran::RealV6_小麦麸_sample2,Wheat bran
432,9,5,Brown rice::RealV6_糙米_sample10,Brown rice
432,9,6,Wheat bran::RealV6_小麦麸_sample6,Wheat bran
432,9,7,Brown rice::RealV6_糙米_sample8,Brown rice
432,9,8,Barley::RealV6_大麦_sample6,Barley
432,9,9,Sorghum::RealV6_高粱_sample10,Sorghum
432,12,1,Wheat::RealV6_小麦_sample5,Wheat
432,12,2,Rapeseed cake::RealV6_菜籽饼_sample10,Rapeseed cake
432,12,3,Wheat::RealV6_小麦_sample3,Wheat
432,12,4,Wheat bran::RealV6_小麦麸_sample2,Wheat bran
432,12,5,Brown rice::RealV6_糙米_sample10,Brown rice
432,12,6,Wheat bran::RealV6_小麦麸_sample6,Wheat bran
432,12,7,Brown rice::RealV6_糙米_sample8,Brown rice
432,12,8,Barley::RealV6_大麦_sample6,Barley
432,12,9,Sorghum::RealV6_高粱_sample10,Sorghum
432,12,10,Rice bran::RealV6_米糠_sample6,Rice bran
432,12,11,Wheat bran::RealV6_小麦麸_sample8,Wheat bran
432,12,12,Cassava::RealV6_木薯_sample4,Cassava
433,3,1,Sorghum::RealV6_高粱_sample3,Sorghum
433,3,2,Paddy rice::RealV6_稻谷_sample7,Paddy rice
433,3,3,Paddy rice::RealV6_稻谷_sample5,Paddy rice
433,6,1,Sorghum::RealV6_高粱_sample3,Sorghum
433,6,2,Paddy rice::RealV6_稻谷_sample7,Paddy rice
433,6,3,Paddy rice::RealV6_稻谷_sample5,Paddy rice
433,6,4,Rapeseed cake::RealV6_菜籽饼_sample9,Rapeseed cake
433,6,5,Wheat::RealV6_小麦_sample1,Wheat
433,6,6,Rapeseed cake::RealV6_菜籽饼_sample10,Rapeseed cake
433,9,1,Sorghum::RealV6_高粱_sample3,Sorghum
433,9,2,Paddy rice::RealV6_稻谷_sample7,Paddy rice
433,9,3,Paddy rice::RealV6_稻谷_sample5,Paddy rice
433,9,4,Rapeseed cake::RealV6_菜籽饼_sample9,Rapeseed cake
433,9,5,Wheat::RealV6_小麦_sample1,Wheat
433,9,6,Rapeseed cake::RealV6_菜籽饼_sample10,Rapeseed cake
433,9,7,Paddy rice::RealV6_稻谷_sample6,Paddy rice
433,9,8,Wheat::RealV6_小麦_sample10,Wheat
433,9,9,Rapeseed cake::RealV6_菜籽饼_sample7,Rapeseed cake
433,12,1,Sorghum::RealV6_高粱_sample3,Sorghum
433,12,2,Paddy rice::RealV6_稻谷_sample7,Paddy rice
433,12,3,Paddy rice::RealV6_稻谷_sample5,Paddy rice
433,12,4,Rapeseed cake::RealV6_菜籽饼_sample9,Rapeseed cake
433,12,5,Wheat::RealV6_小麦_sample1,Wheat
433,12,6,Rapeseed cake::RealV6_菜籽饼_sample10,Rapeseed cake
433,12,7,Paddy rice::RealV6_稻谷_sample6,Paddy rice
433,12,8,Wheat::RealV6_小麦_sample10,Wheat
433,12,9,Rapeseed cake::RealV6_菜籽饼_sample7,Rapeseed cake
433,12,10,Paddy rice::RealV6_稻谷_sample4,Paddy rice
433,12,11,Barley::RealV6_大麦_sample8,Barley
433,12,12,Wheat::RealV6_小麦_sample4,Wheat
434,3,1,Rice bran::RealV6_米糠_sample5,Rice bran
434,3,2,Cassava::RealV6_木薯_sample5,Cassava
434,3,3,Brown rice::RealV6_糙米_sample3,Brown rice
434,6,1,Rice bran::RealV6_米糠_sample5,Rice bran
434,6,2,Cassava::RealV6_木薯_sample5,Cassava
434,6,3,Brown rice::RealV6_糙米_sample3,Brown rice
434,6,4,Barley::RealV6_大麦_sample6,Barley
434,6,5,Rice bran::RealV6_米糠_sample6,Rice bran
434,6,6,Cassava::RealV6_木薯_sample9,Cassava
434,9,1,Rice bran::RealV6_米糠_sample5,Rice bran
434,9,2,Cassava::RealV6_木薯_sample5,Cassava
434,9,3,Brown rice::RealV6_糙米_sample3,Brown rice
434,9,4,Barley::RealV6_大麦_sample6,Barley
434,9,5,Rice bran::RealV6_米糠_sample6,Rice bran
434,9,6,Cassava::RealV6_木薯_sample9,Cassava
434,9,7,Cassava::RealV6_木薯_sample7,Cassava
434,9,8,Paddy rice::RealV6_稻谷_sample7,Paddy rice
434,9,9,Wheat::RealV6_小麦_sample10,Wheat
434,12,1,Rice bran::RealV6_米糠_sample5,Rice bran
434,12,2,Cassava::RealV6_木薯_sample5,Cassava
434,12,3,Brown rice::RealV6_糙米_sample3,Brown rice
434,12,4,Barley::RealV6_大麦_sample6,Barley
434,12,5,Rice bran::RealV6_米糠_sample6,Rice bran
434,12,6,Cassava::RealV6_木薯_sample9,Cassava
434,12,7,Cassava::RealV6_木薯_sample7,Cassava
434,12,8,Paddy rice::RealV6_稻谷_sample7,Paddy rice
434,12,9,Wheat::RealV6_小麦_sample10,Wheat
434,12,10,Rapeseed cake::RealV6_菜籽饼_sample1,Rapeseed cake
434,12,11,Rapeseed cake::RealV6_菜籽饼_sample9,Rapeseed cake
434,12,12,Cassava::RealV6_木薯_sample10,Cassava
435,3,1,Barley::RealV6_大麦_sample4,Barley
435,3,2,Rice bran::RealV6_米糠_sample2,Rice bran
435,3,3,Paddy rice::RealV6_稻谷_sample10,Paddy rice
435,6,1,Barley::RealV6_大麦_sample4,Barley
435,6,2,Rice bran::RealV6_米糠_sample2,Rice bran
435,6,3,Paddy rice::RealV6_稻谷_sample10,Paddy rice
435,6,4,Barley::RealV6_大麦_sample9,Barley
435,6,5,Cassava::RealV6_木薯_sample1,Cassava
435,6,6,Rice bran::RealV6_米糠_sample10,Rice bran
435,9,1,Barley::RealV6_大麦_sample4,Barley
435,9,2,Rice bran::RealV6_米糠_sample2,Rice bran
435,9,3,Paddy rice::RealV6_稻谷_sample10,Paddy rice
435,9,4,Barley::RealV6_大麦_sample9,Barley
435,9,5,Cassava::RealV6_木薯_sample1,Cassava
435,9,6,Rice bran::RealV6_米糠_sample10,Rice bran
435,9,7,Sorghum::RealV6_高粱_sample8,Sorghum
435,9,8,Sorghum::RealV6_高粱_sample7,Sorghum
435,9,9,Barley::RealV6_大麦_sample7,Barley
435,12,1,Barley::RealV6_大麦_sample4,Barley
435,12,2,Rice bran::RealV6_米糠_sample2,Rice bran
435,12,3,Paddy rice::RealV6_稻谷_sample10,Paddy rice
435,12,4,Barley::RealV6_大麦_sample9,Barley
435,12,5,Cassava::RealV6_木薯_sample1,Cassava
435,12,6,Rice bran::RealV6_米糠_sample10,Rice bran
435,12,7,Sorghum::RealV6_高粱_sample8,Sorghum
435,12,8,Sorghum::RealV6_高粱_sample7,Sorghum
435,12,9,Barley::RealV6_大麦_sample7,Barley
435,12,10,Brown rice::RealV6_糙米_sample7,Brown rice
435,12,11,Rice bran::RealV6_米糠_sample8,Rice bran
435,12,12,Rice bran::RealV6_米糠_sample9,Rice bran
436,3,1,Barley::RealV6_大麦_sample7,Barley
436,3,2,Rapeseed cake::RealV6_菜籽饼_sample4,Rapeseed cake
436,3,3,Rapeseed cake::RealV6_菜籽饼_sample1,Rapeseed cake
436,6,1,Barley::RealV6_大麦_sample7,Barley
436,6,2,Rapeseed cake::RealV6_菜籽饼_sample4,Rapeseed cake
436,6,3,Rapeseed cake::RealV6_菜籽饼_sample1,Rapeseed cake
436,6,4,Sorghum::RealV6_高粱_sample8,Sorghum
436,6,5,Barley::RealV6_大麦_sample2,Barley
436,6,6,Brown rice::RealV6_糙米_sample5,Brown rice
436,9,1,Barley::RealV6_大麦_sample7,Barley
436,9,2,Rapeseed cake::RealV6_菜籽饼_sample4,Rapeseed cake
436,9,3,Rapeseed cake::RealV6_菜籽饼_sample1,Rapeseed cake
436,9,4,Sorghum::RealV6_高粱_sample8,Sorghum
436,9,5,Barley::RealV6_大麦_sample2,Barley
436,9,6,Brown rice::RealV6_糙米_sample5,Brown rice
436,9,7,Sorghum::RealV6_高粱_sample9,Sorghum
436,9,8,Brown rice::RealV6_糙米_sample4,Brown rice
436,9,9,Wheat::RealV6_小麦_sample10,Wheat
436,12,1,Barley::RealV6_大麦_sample7,Barley
436,12,2,Rapeseed cake::RealV6_菜籽饼_sample4,Rapeseed cake
436,12,3,Rapeseed cake::RealV6_菜籽饼_sample1,Rapeseed cake
436,12,4,Sorghum::RealV6_高粱_sample8,Sorghum
436,12,5,Barley::RealV6_大麦_sample2,Barley
436,12,6,Brown rice::RealV6_糙米_sample5,Brown rice
436,12,7,Sorghum::RealV6_高粱_sample9,Sorghum
436,12,8,Brown rice::RealV6_糙米_sample4,Brown rice
436,12,9,Wheat::RealV6_小麦_sample10,Wheat
436,12,10,Rice bran::RealV6_米糠_sample8,Rice bran
436,12,11,Brown rice::RealV6_糙米_sample7,Brown rice
436,12,12,Rice bran::RealV6_米糠_sample7,Rice bran
437,3,1,Cassava::RealV6_木薯_sample3,Cassava
437,3,2,Wheat bran::RealV6_小麦麸_sample4,Wheat bran
437,3,3,Rice bran::RealV6_米糠_sample6,Rice bran
437,6,1,Cassava::RealV6_木薯_sample3,Cassava
437,6,2,Wheat bran::RealV6_小麦麸_sample4,Wheat bran
437,6,3,Rice bran::RealV6_米糠_sample6,Rice bran
437,6,4,Rice bran::RealV6_米糠_sample9,Rice bran
437,6,5,Barley::RealV6_大麦_sample1,Barley
437,6,6,Paddy rice::RealV6_稻谷_sample5,Paddy rice
437,9,1,Cassava::RealV6_木薯_sample3,Cassava
437,9,2,Wheat bran::RealV6_小麦麸_sample4,Wheat bran
437,9,3,Rice bran::RealV6_米糠_sample6,Rice bran
437,9,4,Rice bran::RealV6_米糠_sample9,Rice bran
437,9,5,Barley::RealV6_大麦_sample1,Barley
437,9,6,Paddy rice::RealV6_稻谷_sample5,Paddy rice
437,9,7,Wheat bran::RealV6_小麦麸_sample3,Wheat bran
437,9,8,Barley::RealV6_大麦_sample7,Barley
437,9,9,Brown rice::RealV6_糙米_sample10,Brown rice
437,12,1,Cassava::RealV6_木薯_sample3,Cassava
437,12,2,Wheat bran::RealV6_小麦麸_sample4,Wheat bran
437,12,3,Rice bran::RealV6_米糠_sample6,Rice bran
437,12,4,Rice bran::RealV6_米糠_sample9,Rice bran
437,12,5,Barley::RealV6_大麦_sample1,Barley
437,12,6,Paddy rice::RealV6_稻谷_sample5,Paddy rice
437,12,7,Wheat bran::RealV6_小麦麸_sample3,Wheat bran
437,12,8,Barley::RealV6_大麦_sample7,Barley
437,12,9,Brown rice::RealV6_糙米_sample10,Brown rice
437,12,10,Rapeseed cake::RealV6_菜籽饼_sample7,Rapeseed cake
437,12,11,Rapeseed cake::RealV6_菜籽饼_sample9,Rapeseed cake
437,12,12,Cassava::RealV6_木薯_sample10,Cassava
438,3,1,Brown rice::RealV6_糙米_sample9,Brown rice
438,3,2,Rapeseed cake::RealV6_菜籽饼_sample2,Rapeseed cake
438,3,3,Wheat::RealV6_小麦_sample10,Wheat
438,6,1,Brown rice::RealV6_糙米_sample9,Brown rice
438,6,2,Rapeseed cake::RealV6_菜籽饼_sample2,Rapeseed cake
438,6,3,Wheat::RealV6_小麦_sample10,Wheat
438,6,4,Brown rice::RealV6_糙米_sample8,Brown rice
438,6,5,Rapeseed cake::RealV6_菜籽饼_sample5,Rapeseed cake
438,6,6,Sorghum::RealV6_高粱_sample3,Sorghum
438,9,1,Brown rice::RealV6_糙米_sample9,Brown rice
438,9,2,Rapeseed cake::RealV6_菜籽饼_sample2,Rapeseed cake
438,9,3,Wheat::RealV6_小麦_sample10,Wheat
438,9,4,Brown rice::RealV6_糙米_sample8,Brown rice
438,9,5,Rapeseed cake::RealV6_菜籽饼_sample5,Rapeseed cake
438,9,6,Sorghum::RealV6_高粱_sample3,Sorghum
438,9,7,Rice bran::RealV6_米糠_sample3,Rice bran
438,9,8,Paddy rice::RealV6_稻谷_sample2,Paddy rice
438,9,9,Rice bran::RealV6_米糠_sample6,Rice bran
438,12,1,Brown rice::RealV6_糙米_sample9,Brown rice
438,12,2,Rapeseed cake::RealV6_菜籽饼_sample2,Rapeseed cake
438,12,3,Wheat::RealV6_小麦_sample10,Wheat
438,12,4,Brown rice::RealV6_糙米_sample8,Brown rice
438,12,5,Rapeseed cake::RealV6_菜籽饼_sample5,Rapeseed cake
438,12,6,Sorghum::RealV6_高粱_sample3,Sorghum
438,12,7,Rice bran::RealV6_米糠_sample3,Rice bran
438,12,8,Paddy rice::RealV6_稻谷_sample2,Paddy rice
438,12,9,Rice bran::RealV6_米糠_sample6,Rice bran
438,12,10,Rapeseed cake::RealV6_菜籽饼_sample10,Rapeseed cake
438,12,11,Brown rice::RealV6_糙米_sample1,Brown rice
438,12,12,Cassava::RealV6_木薯_sample8,Cassava
439,3,1,Sorghum::RealV6_高粱_sample8,Sorghum
439,3,2,Wheat bran::RealV6_小麦麸_sample2,Wheat bran
439,3,3,Paddy rice::RealV6_稻谷_sample11,Paddy rice
439,6,1,Sorghum::RealV6_高粱_sample8,Sorghum
439,6,2,Wheat bran::RealV6_小麦麸_sample2,Wheat bran
439,6,3,Paddy rice::RealV6_稻谷_sample11,Paddy rice
439,6,4,Rice bran::RealV6_米糠_sample1,Rice bran
439,6,5,Wheat bran::RealV6_小麦麸_sample8,Wheat bran
439,6,6,Rice bran::RealV6_米糠_sample4,Rice bran
439,9,1,Sorghum::RealV6_高粱_sample8,Sorghum
439,9,2,Wheat bran::RealV6_小麦麸_sample2,Wheat bran
439,9,3,Paddy rice::RealV6_稻谷_sample11,Paddy rice
439,9,4,Rice bran::RealV6_米糠_sample1,Rice bran
439,9,5,Wheat bran::RealV6_小麦麸_sample8,Wheat bran
439,9,6,Rice bran::RealV6_米糠_sample4,Rice bran
439,9,7,Rice bran::RealV6_米糠_sample2,Rice bran
439,9,8,Rice bran::RealV6_米糠_sample7,Rice bran
439,9,9,Brown rice::RealV6_糙米_sample5,Brown rice
439,12,1,Sorghum::RealV6_高粱_sample8,Sorghum
439,12,2,Wheat bran::RealV6_小麦麸_sample2,Wheat bran
439,12,3,Paddy rice::RealV6_稻谷_sample11,Paddy rice
439,12,4,Rice bran::RealV6_米糠_sample1,Rice bran
439,12,5,Wheat bran::RealV6_小麦麸_sample8,Wheat bran
439,12,6,Rice bran::RealV6_米糠_sample4,Rice bran
439,12,7,Rice bran::RealV6_米糠_sample2,Rice bran
439,12,8,Rice bran::RealV6_米糠_sample7,Rice bran
439,12,9,Brown rice::RealV6_糙米_sample5,Brown rice
439,12,10,Rapeseed cake::RealV6_菜籽饼_sample5,Rapeseed cake
439,12,11,Cassava::RealV6_木薯_sample7,Cassava
439,12,12,Wheat::RealV6_小麦_sample2,Wheat
440,3,1,Cassava::RealV6_木薯_sample6,Cassava
440,3,2,Rice bran::RealV6_米糠_sample9,Rice bran
440,3,3,Wheat::RealV6_小麦_sample7,Wheat
440,6,1,Cassava::RealV6_木薯_sample6,Cassava
440,6,2,Rice bran::RealV6_米糠_sample9,Rice bran
440,6,3,Wheat::RealV6_小麦_sample7,Wheat
440,6,4,Wheat::RealV6_小麦_sample1,Wheat
440,6,5,Cassava::RealV6_木薯_sample4,Cassava
440,6,6,Rapeseed cake::RealV6_菜籽饼_sample4,Rapeseed cake
440,9,1,Cassava::RealV6_木薯_sample6,Cassava
440,9,2,Rice bran::RealV6_米糠_sample9,Rice bran
440,9,3,Wheat::RealV6_小麦_sample7,Wheat
440,9,4,Wheat::RealV6_小麦_sample1,Wheat
440,9,5,Cassava::RealV6_木薯_sample4,Cassava
440,9,6,Rapeseed cake::RealV6_菜籽饼_sample4,Rapeseed cake
440,9,7,Rapeseed cake::RealV6_菜籽饼_sample2,Rapeseed cake
440,9,8,Brown rice::RealV6_糙米_sample4,Brown rice
440,9,9,Rice bran::RealV6_米糠_sample10,Rice bran
440,12,1,Cassava::RealV6_木薯_sample6,Cassava
440,12,2,Rice bran::RealV6_米糠_sample9,Rice bran
440,12,3,Wheat::RealV6_小麦_sample7,Wheat
440,12,4,Wheat::RealV6_小麦_sample1,Wheat
440,12,5,Cassava::RealV6_木薯_sample4,Cassava
440,12,6,Rapeseed cake::RealV6_菜籽饼_sample4,Rapeseed cake
440,12,7,Rapeseed cake::RealV6_菜籽饼_sample2,Rapeseed cake
440,12,8,Brown rice::RealV6_糙米_sample4,Brown rice
440,12,9,Rice bran::RealV6_米糠_sample10,Rice bran
440,12,10,Barley::RealV6_大麦_sample8,Barley
440,12,11,Cassava::RealV6_木薯_sample9,Cassava
440,12,12,Sorghum::RealV6_高粱_sample9,Sorghum
441,3,1,Rice bran::RealV6_米糠_sample3,Rice bran
441,3,2,Wheat::RealV6_小麦_sample3,Wheat
441,3,3,Cassava::RealV6_木薯_sample8,Cassava
441,6,1,Rice bran::RealV6_米糠_sample3,Rice bran
441,6,2,Wheat::RealV6_小麦_sample3,Wheat
441,6,3,Cassava::RealV6_木薯_sample8,Cassava
441,6,4,Brown rice::RealV6_糙米_sample10,Brown rice
441,6,5,Paddy rice::RealV6_稻谷_sample8,Paddy rice
441,6,6,Wheat bran::RealV6_小麦麸_sample10,Wheat bran
441,9,1,Rice bran::RealV6_米糠_sample3,Rice bran
441,9,2,Wheat::RealV6_小麦_sample3,Wheat
441,9,3,Cassava::RealV6_木薯_sample8,Cassava
441,9,4,Brown rice::RealV6_糙米_sample10,Brown rice
441,9,5,Paddy rice::RealV6_稻谷_sample8,Paddy rice
441,9,6,Wheat bran::RealV6_小麦麸_sample10,Wheat bran
441,9,7,Sorghum::RealV6_高粱_sample10,Sorghum
441,9,8,Cassava::RealV6_木薯_sample2,Cassava
441,9,9,Paddy rice::RealV6_稻谷_sample3,Paddy rice
441,12,1,Rice bran::RealV6_米糠_sample3,Rice bran
441,12,2,Wheat::RealV6_小麦_sample3,Wheat
441,12,3,Cassava::RealV6_木薯_sample8,Cassava
441,12,4,Brown rice::RealV6_糙米_sample10,Brown rice
441,12,5,Paddy rice::RealV6_稻谷_sample8,Paddy rice
441,12,6,Wheat bran::RealV6_小麦麸_sample10,Wheat bran
441,12,7,Sorghum::RealV6_高粱_sample10,Sorghum
441,12,8,Cassava::RealV6_木薯_sample2,Cassava
441,12,9,Paddy rice::RealV6_稻谷_sample3,Paddy rice
441,12,10,Paddy rice::RealV6_稻谷_sample7,Paddy rice
441,12,11,Cassava::RealV6_木薯_sample3,Cassava
441,12,12,Wheat::RealV6_小麦_sample9,Wheat
442,3,1,Wheat::RealV6_小麦_sample1,Wheat
442,3,2,Wheat::RealV6_小麦_sample10,Wheat
442,3,3,Cassava::RealV6_木薯_sample10,Cassava
442,6,1,Wheat::RealV6_小麦_sample1,Wheat
442,6,2,Wheat::RealV6_小麦_sample10,Wheat
442,6,3,Cassava::RealV6_木薯_sample10,Cassava
442,6,4,Paddy rice::RealV6_稻谷_sample11,Paddy rice
442,6,5,Wheat::RealV6_小麦_sample3,Wheat
442,6,6,Wheat bran::RealV6_小麦麸_sample7,Wheat bran
442,9,1,Wheat::RealV6_小麦_sample1,Wheat
442,9,2,Wheat::RealV6_小麦_sample10,Wheat
442,9,3,Cassava::RealV6_木薯_sample10,Cassava
442,9,4,Paddy rice::RealV6_稻谷_sample11,Paddy rice
442,9,5,Wheat::RealV6_小麦_sample3,Wheat
442,9,6,Wheat bran::RealV6_小麦麸_sample7,Wheat bran
442,9,7,Paddy rice::RealV6_稻谷_sample1,Paddy rice
442,9,8,Sorghum::RealV6_高粱_sample8,Sorghum
442,9,9,Wheat bran::RealV6_小麦麸_sample6,Wheat bran
442,12,1,Wheat::RealV6_小麦_sample1,Wheat
442,12,2,Wheat::RealV6_小麦_sample10,Wheat
442,12,3,Cassava::RealV6_木薯_sample10,Cassava
442,12,4,Paddy rice::RealV6_稻谷_sample11,Paddy rice
442,12,5,Wheat::RealV6_小麦_sample3,Wheat
442,12,6,Wheat bran::RealV6_小麦麸_sample7,Wheat bran
442,12,7,Paddy rice::RealV6_稻谷_sample1,Paddy rice
442,12,8,Sorghum::RealV6_高粱_sample8,Sorghum
442,12,9,Wheat bran::RealV6_小麦麸_sample6,Wheat bran
442,12,10,Paddy rice::RealV6_稻谷_sample7,Paddy rice
442,12,11,Rice bran::RealV6_米糠_sample3,Rice bran
442,12,12,Wheat::RealV6_小麦_sample8,Wheat
443,3,1,Wheat bran::RealV6_小麦麸_sample8,Wheat bran
443,3,2,Cassava::RealV6_木薯_sample7,Cassava
443,3,3,Wheat bran::RealV6_小麦麸_sample9,Wheat bran
443,6,1,Wheat bran::RealV6_小麦麸_sample8,Wheat bran
443,6,2,Cassava::RealV6_木薯_sample7,Cassava
443,6,3,Wheat bran::RealV6_小麦麸_sample9,Wheat bran
443,6,4,Paddy rice::RealV6_稻谷_sample8,Paddy rice
443,6,5,Wheat::RealV6_小麦_sample3,Wheat
443,6,6,Sorghum::RealV6_高粱_sample1,Sorghum
443,9,1,Wheat bran::RealV6_小麦麸_sample8,Wheat bran
443,9,2,Cassava::RealV6_木薯_sample7,Cassava
443,9,3,Wheat bran::RealV6_小麦麸_sample9,Wheat bran
443,9,4,Paddy rice::RealV6_稻谷_sample8,Paddy rice
443,9,5,Wheat::RealV6_小麦_sample3,Wheat
443,9,6,Sorghum::RealV6_高粱_sample1,Sorghum
443,9,7,Brown rice::RealV6_糙米_sample5,Brown rice
443,9,8,Barley::RealV6_大麦_sample4,Barley
443,9,9,Barley::RealV6_大麦_sample2,Barley
443,12,1,Wheat bran::RealV6_小麦麸_sample8,Wheat bran
443,12,2,Cassava::RealV6_木薯_sample7,Cassava
443,12,3,Wheat bran::RealV6_小麦麸_sample9,Wheat bran
443,12,4,Paddy rice::RealV6_稻谷_sample8,Paddy rice
443,12,5,Wheat::RealV6_小麦_sample3,Wheat
443,12,6,Sorghum::RealV6_高粱_sample1,Sorghum
443,12,7,Brown rice::RealV6_糙米_sample5,Brown rice
443,12,8,Barley::RealV6_大麦_sample4,Barley
443,12,9,Barley::RealV6_大麦_sample2,Barley
443,12,10,Rapeseed cake::RealV6_菜籽饼_sample3,Rapeseed cake
443,12,11,Sorghum::RealV6_高粱_sample7,Sorghum
443,12,12,Rice bran::RealV6_米糠_sample8,Rice bran
444,3,1,Sorghum::RealV6_高粱_sample3,Sorghum
444,3,2,Cassava::RealV6_木薯_sample10,Cassava
444,3,3,Sorghum::RealV6_高粱_sample9,Sorghum
444,6,1,Sorghum::RealV6_高粱_sample3,Sorghum
444,6,2,Cassava::RealV6_木薯_sample10,Cassava
444,6,3,Sorghum::RealV6_高粱_sample9,Sorghum
444,6,4,Wheat bran::RealV6_小麦麸_sample2,Wheat bran
444,6,5,Rapeseed cake::RealV6_菜籽饼_sample5,Rapeseed cake
444,6,6,Cassava::RealV6_木薯_sample4,Cassava
444,9,1,Sorghum::RealV6_高粱_sample3,Sorghum
444,9,2,Cassava::RealV6_木薯_sample10,Cassava
444,9,3,Sorghum::RealV6_高粱_sample9,Sorghum
444,9,4,Wheat bran::RealV6_小麦麸_sample2,Wheat bran
444,9,5,Rapeseed cake::RealV6_菜籽饼_sample5,Rapeseed cake
444,9,6,Cassava::RealV6_木薯_sample4,Cassava
444,9,7,Barley::RealV6_大麦_sample9,Barley
444,9,8,Paddy rice::RealV6_稻谷_sample3,Paddy rice
444,9,9,Sorghum::RealV6_高粱_sample6,Sorghum
444,12,1,Sorghum::RealV6_高粱_sample3,Sorghum
444,12,2,Cassava::RealV6_木薯_sample10,Cassava
444,12,3,Sorghum::RealV6_高粱_sample9,Sorghum
444,12,4,Wheat bran::RealV6_小麦麸_sample2,Wheat bran
444,12,5,Rapeseed cake::RealV6_菜籽饼_sample5,Rapeseed cake
444,12,6,Cassava::RealV6_木薯_sample4,Cassava
444,12,7,Barley::RealV6_大麦_sample9,Barley
444,12,8,Paddy rice::RealV6_稻谷_sample3,Paddy rice
444,12,9,Sorghum::RealV6_高粱_sample6,Sorghum
444,12,10,Brown rice::RealV6_糙米_sample9,Brown rice
444,12,11,Wheat bran::RealV6_小麦麸_sample3,Wheat bran
444,12,12,Sorghum::RealV6_高粱_sample5,Sorghum
445,3,1,Cassava::RealV6_木薯_sample3,Cassava
445,3,2,Rice bran::RealV6_米糠_sample2,Rice bran
445,3,3,Wheat::RealV6_小麦_sample8,Wheat
445,6,1,Cassava::RealV6_木薯_sample3,Cassava
445,6,2,Rice bran::RealV6_米糠_sample2,Rice bran
445,6,3,Wheat::RealV6_小麦_sample8,Wheat
445,6,4,Paddy rice::RealV6_稻谷_sample8,Paddy rice
445,6,5,Paddy rice::RealV6_稻谷_sample1,Paddy rice
445,6,6,Wheat bran::RealV6_小麦麸_sample8,Wheat bran
445,9,1,Cassava::RealV6_木薯_sample3,Cassava
445,9,2,Rice bran::RealV6_米糠_sample2,Rice bran
445,9,3,Wheat::RealV6_小麦_sample8,Wheat
445,9,4,Paddy rice::RealV6_稻谷_sample8,Paddy rice
445,9,5,Paddy rice::RealV6_稻谷_sample1,Paddy rice
445,9,6,Wheat bran::RealV6_小麦麸_sample8,Wheat bran
445,9,7,Wheat::RealV6_小麦_sample5,Wheat
445,9,8,Barley::RealV6_大麦_sample2,Barley
445,9,9,Sorghum::RealV6_高粱_sample10,Sorghum
445,12,1,Cassava::RealV6_木薯_sample3,Cassava
445,12,2,Rice bran::RealV6_米糠_sample2,Rice bran
445,12,3,Wheat::RealV6_小麦_sample8,Wheat
445,12,4,Paddy rice::RealV6_稻谷_sample8,Paddy rice
445,12,5,Paddy rice::RealV6_稻谷_sample1,Paddy rice
445,12,6,Wheat bran::RealV6_小麦麸_sample8,Wheat bran
445,12,7,Wheat::RealV6_小麦_sample5,Wheat
445,12,8,Barley::RealV6_大麦_sample2,Barley
445,12,9,Sorghum::RealV6_高粱_sample10,Sorghum
445,12,10,Brown rice::RealV6_糙米_sample6,Brown rice
445,12,11,Rice bran::RealV6_米糠_sample7,Rice bran
445,12,12,Sorghum::RealV6_高粱_sample7,Sorghum
446,3,1,Barley::RealV6_大麦_sample6,Barley
446,3,2,Brown rice::RealV6_糙米_sample4,Brown rice
446,3,3,Wheat::RealV6_小麦_sample1,Wheat
446,6,1,Barley::RealV6_大麦_sample6,Barley
446,6,2,Brown rice::RealV6_糙米_sample4,Brown rice
446,6,3,Wheat::RealV6_小麦_sample1,Wheat
446,6,4,Paddy rice::RealV6_稻谷_sample6,Paddy rice
446,6,5,Barley::RealV6_大麦_sample3,Barley
446,6,6,Sorghum::RealV6_高粱_sample9,Sorghum
446,9,1,Barley::RealV6_大麦_sample6,Barley
446,9,2,Brown rice::RealV6_糙米_sample4,Brown rice
446,9,3,Wheat::RealV6_小麦_sample1,Wheat
446,9,4,Paddy rice::RealV6_稻谷_sample6,Paddy rice
446,9,5,Barley::RealV6_大麦_sample3,Barley
446,9,6,Sorghum::RealV6_高粱_sample9,Sorghum
446,9,7,Rapeseed cake::RealV6_菜籽饼_sample10,Rapeseed cake
446,9,8,Barley::RealV6_大麦_sample7,Barley
446,9,9,Sorghum::RealV6_高粱_sample4,Sorghum
446,12,1,Barley::RealV6_大麦_sample6,Barley
446,12,2,Brown rice::RealV6_糙米_sample4,Brown rice
446,12,3,Wheat::RealV6_小麦_sample1,Wheat
446,12,4,Paddy rice::RealV6_稻谷_sample6,Paddy rice
446,12,5,Barley::RealV6_大麦_sample3,Barley
446,12,6,Sorghum::RealV6_高粱_sample9,Sorghum
446,12,7,Rapeseed cake::RealV6_菜籽饼_sample10,Rapeseed cake
446,12,8,Barley::RealV6_大麦_sample7,Barley
446,12,9,Sorghum::RealV6_高粱_sample4,Sorghum
446,12,10,Rice bran::RealV6_米糠_sample9,Rice bran
446,12,11,Wheat bran::RealV6_小麦麸_sample1,Wheat bran
446,12,12,Sorghum::RealV6_高粱_sample1,Sorghum
447,3,1,Wheat::RealV6_小麦_sample1,Wheat
447,3,2,Rapeseed cake::RealV6_菜籽饼_sample2,Rapeseed cake
447,3,3,Rice bran::RealV6_米糠_sample8,Rice bran
447,6,1,Wheat::RealV6_小麦_sample1,Wheat
447,6,2,Rapeseed cake::RealV6_菜籽饼_sample2,Rapeseed cake
447,6,3,Rice bran::RealV6_米糠_sample8,Rice bran
447,6,4,Wheat bran::RealV6_小麦麸_sample10,Wheat bran
447,6,5,Cassava::RealV6_木薯_sample5,Cassava
447,6,6,Cassava::RealV6_木薯_sample4,Cassava
447,9,1,Wheat::RealV6_小麦_sample1,Wheat
447,9,2,Rapeseed cake::RealV6_菜籽饼_sample2,Rapeseed cake
447,9,3,Rice bran::RealV6_米糠_sample8,Rice bran
447,9,4,Wheat bran::RealV6_小麦麸_sample10,Wheat bran
447,9,5,Cassava::RealV6_木薯_sample5,Cassava
447,9,6,Cassava::RealV6_木薯_sample4,Cassava
447,9,7,Barley::RealV6_大麦_sample10,Barley
447,9,8,Cassava::RealV6_木薯_sample1,Cassava
447,9,9,Cassava::RealV6_木薯_sample8,Cassava
447,12,1,Wheat::RealV6_小麦_sample1,Wheat
447,12,2,Rapeseed cake::RealV6_菜籽饼_sample2,Rapeseed cake
447,12,3,Rice bran::RealV6_米糠_sample8,Rice bran
447,12,4,Wheat bran::RealV6_小麦麸_sample10,Wheat bran
447,12,5,Cassava::RealV6_木薯_sample5,Cassava
447,12,6,Cassava::RealV6_木薯_sample4,Cassava
447,12,7,Barley::RealV6_大麦_sample10,Barley
447,12,8,Cassava::RealV6_木薯_sample1,Cassava
447,12,9,Cassava::RealV6_木薯_sample8,Cassava
447,12,10,Sorghum::RealV6_高粱_sample2,Sorghum
447,12,11,Rice bran::RealV6_米糠_sample7,Rice bran
447,12,12,Wheat bran::RealV6_小麦麸_sample4,Wheat bran
448,3,1,Wheat bran::RealV6_小麦麸_sample4,Wheat bran
448,3,2,Wheat bran::RealV6_小麦麸_sample3,Wheat bran
448,3,3,Rice bran::RealV6_米糠_sample8,Rice bran
448,6,1,Wheat bran::RealV6_小麦麸_sample4,Wheat bran
448,6,2,Wheat bran::RealV6_小麦麸_sample3,Wheat bran
448,6,3,Rice bran::RealV6_米糠_sample8,Rice bran
448,6,4,Wheat bran::RealV6_小麦麸_sample2,Wheat bran
448,6,5,Brown rice::RealV6_糙米_sample1,Brown rice
448,6,6,Cassava::RealV6_木薯_sample3,Cassava
448,9,1,Wheat bran::RealV6_小麦麸_sample4,Wheat bran
448,9,2,Wheat bran::RealV6_小麦麸_sample3,Wheat bran
448,9,3,Rice bran::RealV6_米糠_sample8,Rice bran
448,9,4,Wheat bran::RealV6_小麦麸_sample2,Wheat bran
448,9,5,Brown rice::RealV6_糙米_sample1,Brown rice
448,9,6,Cassava::RealV6_木薯_sample3,Cassava
448,9,7,Cassava::RealV6_木薯_sample10,Cassava
448,9,8,Barley::RealV6_大麦_sample8,Barley
448,9,9,Wheat::RealV6_小麦_sample9,Wheat
448,12,1,Wheat bran::RealV6_小麦麸_sample4,Wheat bran
448,12,2,Wheat bran::RealV6_小麦麸_sample3,Wheat bran
448,12,3,Rice bran::RealV6_米糠_sample8,Rice bran
448,12,4,Wheat bran::RealV6_小麦麸_sample2,Wheat bran
448,12,5,Brown rice::RealV6_糙米_sample1,Brown rice
448,12,6,Cassava::RealV6_木薯_sample3,Cassava
448,12,7,Cassava::RealV6_木薯_sample10,Cassava
448,12,8,Barley::RealV6_大麦_sample8,Barley
448,12,9,Wheat::RealV6_小麦_sample9,Wheat
448,12,10,Brown rice::RealV6_糙米_sample4,Brown rice
448,12,11,Rice bran::RealV6_米糠_sample7,Rice bran
448,12,12,Sorghum::RealV6_高粱_sample10,Sorghum
449,3,1,Brown rice::RealV6_糙米_sample5,Brown rice
449,3,2,Rice bran::RealV6_米糠_sample6,Rice bran
449,3,3,Paddy rice::RealV6_稻谷_sample1,Paddy rice
449,6,1,Brown rice::RealV6_糙米_sample5,Brown rice
449,6,2,Rice bran::RealV6_米糠_sample6,Rice bran
449,6,3,Paddy rice::RealV6_稻谷_sample1,Paddy rice
449,6,4,Rapeseed cake::RealV6_菜籽饼_sample8,Rapeseed cake
449,6,5,Barley::RealV6_大麦_sample6,Barley
449,6,6,Paddy rice::RealV6_稻谷_sample10,Paddy rice
449,9,1,Brown rice::RealV6_糙米_sample5,Brown rice
449,9,2,Rice bran::RealV6_米糠_sample6,Rice bran
449,9,3,Paddy rice::RealV6_稻谷_sample1,Paddy rice
449,9,4,Rapeseed cake::RealV6_菜籽饼_sample8,Rapeseed cake
449,9,5,Barley::RealV6_大麦_sample6,Barley
449,9,6,Paddy rice::RealV6_稻谷_sample10,Paddy rice
449,9,7,Rapeseed cake::RealV6_菜籽饼_sample6,Rapeseed cake
449,9,8,Wheat::RealV6_小麦_sample5,Wheat
449,9,9,Wheat bran::RealV6_小麦麸_sample9,Wheat bran
449,12,1,Brown rice::RealV6_糙米_sample5,Brown rice
449,12,2,Rice bran::RealV6_米糠_sample6,Rice bran
449,12,3,Paddy rice::RealV6_稻谷_sample1,Paddy rice
449,12,4,Rapeseed cake::RealV6_菜籽饼_sample8,Rapeseed cake
449,12,5,Barley::RealV6_大麦_sample6,Barley
449,12,6,Paddy rice::RealV6_稻谷_sample10,Paddy rice
449,12,7,Rapeseed cake::RealV6_菜籽饼_sample6,Rapeseed cake
449,12,8,Wheat::RealV6_小麦_sample5,Wheat
449,12,9,Wheat bran::RealV6_小麦麸_sample9,Wheat bran
449,12,10,Rapeseed cake::RealV6_菜籽饼_sample5,Rapeseed cake
449,12,11,Brown rice::RealV6_糙米_sample6,Brown rice
449,12,12,Rice bran::RealV6_米糠_sample8,Rice bran
450,3,1,Wheat::RealV6_小麦_sample3,Wheat
450,3,2,Sorghum::RealV6_高粱_sample1,Sorghum
450,3,3,Sorghum::RealV6_高粱_sample5,Sorghum
450,6,1,Wheat::RealV6_小麦_sample3,Wheat
450,6,2,Sorghum::RealV6_高粱_sample1,Sorghum
450,6,3,Sorghum::RealV6_高粱_sample5,Sorghum
450,6,4,Paddy rice::RealV6_稻谷_sample10,Paddy rice
450,6,5,Paddy rice::RealV6_稻谷_sample2,Paddy rice
450,6,6,Cassava::RealV6_木薯_sample8,Cassava
450,9,1,Wheat::RealV6_小麦_sample3,Wheat
450,9,2,Sorghum::RealV6_高粱_sample1,Sorghum
450,9,3,Sorghum::RealV6_高粱_sample5,Sorghum
450,9,4,Paddy rice::RealV6_稻谷_sample10,Paddy rice
450,9,5,Paddy rice::RealV6_稻谷_sample2,Paddy rice
450,9,6,Cassava::RealV6_木薯_sample8,Cassava
450,9,7,Rice bran::RealV6_米糠_sample3,Rice bran
450,9,8,Brown rice::RealV6_糙米_sample10,Brown rice
450,9,9,Rapeseed cake::RealV6_菜籽饼_sample6,Rapeseed cake
450,12,1,Wheat::RealV6_小麦_sample3,Wheat
450,12,2,Sorghum::RealV6_高粱_sample1,Sorghum
450,12,3,Sorghum::RealV6_高粱_sample5,Sorghum
450,12,4,Paddy rice::RealV6_稻谷_sample10,Paddy rice
450,12,5,Paddy rice::RealV6_稻谷_sample2,Paddy rice
450,12,6,Cassava::RealV6_木薯_sample8,Cassava
450,12,7,Rice bran::RealV6_米糠_sample3,Rice bran
450,12,8,Brown rice::RealV6_糙米_sample10,Brown rice
450,12,9,Rapeseed cake::RealV6_菜籽饼_sample6,Rapeseed cake
450,12,10,Cassava::RealV6_木薯_sample7,Cassava
450,12,11,Rapeseed cake::RealV6_菜籽饼_sample8,Rapeseed cake
450,12,12,Wheat bran::RealV6_小麦麸_sample6,Wheat bran
451,3,1,Rice bran::RealV6_米糠_sample4,Rice bran
451,3,2,Cassava::RealV6_木薯_sample5,Cassava
451,3,3,Wheat::RealV6_小麦_sample9,Wheat
451,6,1,Rice bran::RealV6_米糠_sample4,Rice bran
451,6,2,Cassava::RealV6_木薯_sample5,Cassava
451,6,3,Wheat::RealV6_小麦_sample9,Wheat
451,6,4,Paddy rice::RealV6_稻谷_sample7,Paddy rice
451,6,5,Paddy rice::RealV6_稻谷_sample5,Paddy rice
451,6,6,Barley::RealV6_大麦_sample7,Barley
451,9,1,Rice bran::RealV6_米糠_sample4,Rice bran
451,9,2,Cassava::RealV6_木薯_sample5,Cassava
451,9,3,Wheat::RealV6_小麦_sample9,Wheat
451,9,4,Paddy rice::RealV6_稻谷_sample7,Paddy rice
451,9,5,Paddy rice::RealV6_稻谷_sample5,Paddy rice
451,9,6,Barley::RealV6_大麦_sample7,Barley
451,9,7,Rapeseed cake::RealV6_菜籽饼_sample9,Rapeseed cake
451,9,8,Rice bran::RealV6_米糠_sample8,Rice bran
451,9,9,Cassava::RealV6_木薯_sample9,Cassava
451,12,1,Rice bran::RealV6_米糠_sample4,Rice bran
451,12,2,Cassava::RealV6_木薯_sample5,Cassava
451,12,3,Wheat::RealV6_小麦_sample9,Wheat
451,12,4,Paddy rice::RealV6_稻谷_sample7,Paddy rice
451,12,5,Paddy rice::RealV6_稻谷_sample5,Paddy rice
451,12,6,Barley::RealV6_大麦_sample7,Barley
451,12,7,Rapeseed cake::RealV6_菜籽饼_sample9,Rapeseed cake
451,12,8,Rice bran::RealV6_米糠_sample8,Rice bran
451,12,9,Cassava::RealV6_木薯_sample9,Cassava
451,12,10,Brown rice::RealV6_糙米_sample5,Brown rice
451,12,11,Wheat::RealV6_小麦_sample3,Wheat
451,12,12,Paddy rice::RealV6_稻谷_sample8,Paddy rice
452,3,1,Wheat bran::RealV6_小麦麸_sample1,Wheat bran
452,3,2,Wheat bran::RealV6_小麦麸_sample10,Wheat bran
452,3,3,Wheat::RealV6_小麦_sample5,Wheat
452,6,1,Wheat bran::RealV6_小麦麸_sample1,Wheat bran
452,6,2,Wheat bran::RealV6_小麦麸_sample10,Wheat bran
452,6,3,Wheat::RealV6_小麦_sample5,Wheat
452,6,4,Sorghum::RealV6_高粱_sample8,Sorghum
452,6,5,Brown rice::RealV6_糙米_sample2,Brown rice
452,6,6,Rice bran::RealV6_米糠_sample10,Rice bran
452,9,1,Wheat bran::RealV6_小麦麸_sample1,Wheat bran
452,9,2,Wheat bran::RealV6_小麦麸_sample10,Wheat bran
452,9,3,Wheat::RealV6_小麦_sample5,Wheat
452,9,4,Sorghum::RealV6_高粱_sample8,Sorghum
452,9,5,Brown rice::RealV6_糙米_sample2,Brown rice
452,9,6,Rice bran::RealV6_米糠_sample10,Rice bran
452,9,7,Paddy rice::RealV6_稻谷_sample5,Paddy rice
452,9,8,Cassava::RealV6_木薯_sample2,Cassava
452,9,9,Rice bran::RealV6_米糠_sample2,Rice bran
452,12,1,Wheat bran::RealV6_小麦麸_sample1,Wheat bran
452,12,2,Wheat bran::RealV6_小麦麸_sample10,Wheat bran
452,12,3,Wheat::RealV6_小麦_sample5,Wheat
452,12,4,Sorghum::RealV6_高粱_sample8,Sorghum
452,12,5,Brown rice::RealV6_糙米_sample2,Brown rice
452,12,6,Rice bran::RealV6_米糠_sample10,Rice bran
452,12,7,Paddy rice::RealV6_稻谷_sample5,Paddy rice
452,12,8,Cassava::RealV6_木薯_sample2,Cassava
452,12,9,Rice bran::RealV6_米糠_sample2,Rice bran
452,12,10,Paddy rice::RealV6_稻谷_sample10,Paddy rice
452,12,11,Paddy rice::RealV6_稻谷_sample2,Paddy rice
452,12,12,Rapeseed cake::RealV6_菜籽饼_sample10,Rapeseed cake
453,3,1,Wheat::RealV6_小麦_sample10,Wheat
453,3,2,Brown rice::RealV6_糙米_sample8,Brown rice
453,3,3,Brown rice::RealV6_糙米_sample1,Brown rice
453,6,1,Wheat::RealV6_小麦_sample10,Wheat
453,6,2,Brown rice::RealV6_糙米_sample8,Brown rice
453,6,3,Brown rice::RealV6_糙米_sample1,Brown rice
453,6,4,Rice bran::RealV6_米糠_sample9,Rice bran
453,6,5,Barley::RealV6_大麦_sample6,Barley
453,6,6,Cassava::RealV6_木薯_sample8,Cassava
453,9,1,Wheat::RealV6_小麦_sample10,Wheat
453,9,2,Brown rice::RealV6_糙米_sample8,Brown rice
453,9,3,Brown rice::RealV6_糙米_sample1,Brown rice
453,9,4,Rice bran::RealV6_米糠_sample9,Rice bran
453,9,5,Barley::RealV6_大麦_sample6,Barley
453,9,6,Cassava::RealV6_木薯_sample8,Cassava
453,9,7,Wheat bran::RealV6_小麦麸_sample2,Wheat bran
453,9,8,Paddy rice::RealV6_稻谷_sample4,Paddy rice
453,9,9,Rapeseed cake::RealV6_菜籽饼_sample5,Rapeseed cake
453,12,1,Wheat::RealV6_小麦_sample10,Wheat
453,12,2,Brown rice::RealV6_糙米_sample8,Brown rice
453,12,3,Brown rice::RealV6_糙米_sample1,Brown rice
453,12,4,Rice bran::RealV6_米糠_sample9,Rice bran
453,12,5,Barley::RealV6_大麦_sample6,Barley
453,12,6,Cassava::RealV6_木薯_sample8,Cassava
453,12,7,Wheat bran::RealV6_小麦麸_sample2,Wheat bran
453,12,8,Paddy rice::RealV6_稻谷_sample4,Paddy rice
453,12,9,Rapeseed cake::RealV6_菜籽饼_sample5,Rapeseed cake
453,12,10,Barley::RealV6_大麦_sample1,Barley
453,12,11,Wheat bran::RealV6_小麦麸_sample7,Wheat bran
453,12,12,Sorghum::RealV6_高粱_sample4,Sorghum
454,3,1,Barley::RealV6_大麦_sample8,Barley
454,3,2,Sorghum::RealV6_高粱_sample10,Sorghum
454,3,3,Wheat::RealV6_小麦_sample3,Wheat
454,6,1,Barley::RealV6_大麦_sample8,Barley
454,6,2,Sorghum::RealV6_高粱_sample10,Sorghum
454,6,3,Wheat::RealV6_小麦_sample3,Wheat
454,6,4,Rice bran::RealV6_米糠_sample10,Rice bran
454,6,5,Wheat bran::RealV6_小麦麸_sample10,Wheat bran
454,6,6,Cassava::RealV6_木薯_sample5,Cassava
454,9,1,Barley::RealV6_大麦_sample8,Barley
454,9,2,Sorghum::RealV6_高粱_sample10,Sorghum
454,9,3,Wheat::RealV6_小麦_sample3,Wheat
454,9,4,Rice bran::RealV6_米糠_sample10,Rice bran
454,9,5,Wheat bran::RealV6_小麦麸_sample10,Wheat bran
454,9,6,Cassava::RealV6_木薯_sample5,Cassava
454,9,7,Paddy rice::RealV6_稻谷_sample9,Paddy rice
454,9,8,Rapeseed cake::RealV6_菜籽饼_sample7,Rapeseed cake
454,9,9,Rapeseed cake::RealV6_菜籽饼_sample4,Rapeseed cake
454,12,1,Barley::RealV6_大麦_sample8,Barley
454,12,2,Sorghum::RealV6_高粱_sample10,Sorghum
454,12,3,Wheat::RealV6_小麦_sample3,Wheat
454,12,4,Rice bran::RealV6_米糠_sample10,Rice bran
454,12,5,Wheat bran::RealV6_小麦麸_sample10,Wheat bran
454,12,6,Cassava::RealV6_木薯_sample5,Cassava
454,12,7,Paddy rice::RealV6_稻谷_sample9,Paddy rice
454,12,8,Rapeseed cake::RealV6_菜籽饼_sample7,Rapeseed cake
454,12,9,Rapeseed cake::RealV6_菜籽饼_sample4,Rapeseed cake
454,12,10,Brown rice::RealV6_糙米_sample10,Brown rice
454,12,11,Wheat bran::RealV6_小麦麸_sample6,Wheat bran
454,12,12,Cassava::RealV6_木薯_sample10,Cassava
455,3,1,Brown rice::RealV6_糙米_sample9,Brown rice
455,3,2,Barley::RealV6_大麦_sample2,Barley
455,3,3,Sorghum::RealV6_高粱_sample9,Sorghum
455,6,1,Brown rice::RealV6_糙米_sample9,Brown rice
455,6,2,Barley::RealV6_大麦_sample2,Barley
455,6,3,Sorghum::RealV6_高粱_sample9,Sorghum
455,6,4,Barley::RealV6_大麦_sample4,Barley
455,6,5,Barley::RealV6_大麦_sample6,Barley
455,6,6,Rice bran::RealV6_米糠_sample3,Rice bran
455,9,1,Brown rice::RealV6_糙米_sample9,Brown rice
455,9,2,Barley::RealV6_大麦_sample2,Barley
455,9,3,Sorghum::RealV6_高粱_sample9,Sorghum
455,9,4,Barley::RealV6_大麦_sample4,Barley
455,9,5,Barley::RealV6_大麦_sample6,Barley
455,9,6,Rice bran::RealV6_米糠_sample3,Rice bran
455,9,7,Paddy rice::RealV6_稻谷_sample4,Paddy rice
455,9,8,Barley::RealV6_大麦_sample9,Barley
455,9,9,Wheat bran::RealV6_小麦麸_sample5,Wheat bran
455,12,1,Brown rice::RealV6_糙米_sample9,Brown rice
455,12,2,Barley::RealV6_大麦_sample2,Barley
455,12,3,Sorghum::RealV6_高粱_sample9,Sorghum
455,12,4,Barley::RealV6_大麦_sample4,Barley
455,12,5,Barley::RealV6_大麦_sample6,Barley
455,12,6,Rice bran::RealV6_米糠_sample3,Rice bran
455,12,7,Paddy rice::RealV6_稻谷_sample4,Paddy rice
455,12,8,Barley::RealV6_大麦_sample9,Barley
455,12,9,Wheat bran::RealV6_小麦麸_sample5,Wheat bran
455,12,10,Sorghum::RealV6_高粱_sample7,Sorghum
455,12,11,Rice bran::RealV6_米糠_sample9,Rice bran
455,12,12,Barley::RealV6_大麦_sample7,Barley
456,3,1,Cassava::RealV6_木薯_sample4,Cassava
456,3,2,Paddy rice::RealV6_稻谷_sample2,Paddy rice
456,3,3,Sorghum::RealV6_高粱_sample2,Sorghum
456,6,1,Cassava::RealV6_木薯_sample4,Cassava
456,6,2,Paddy rice::RealV6_稻谷_sample2,Paddy rice
456,6,3,Sorghum::RealV6_高粱_sample2,Sorghum
456,6,4,Brown rice::RealV6_糙米_sample2,Brown rice
456,6,5,Sorghum::RealV6_高粱_sample8,Sorghum
456,6,6,Wheat bran::RealV6_小麦麸_sample5,Wheat bran
456,9,1,Cassava::RealV6_木薯_sample4,Cassava
456,9,2,Paddy rice::RealV6_稻谷_sample2,Paddy rice
456,9,3,Sorghum::RealV6_高粱_sample2,Sorghum
456,9,4,Brown rice::RealV6_糙米_sample2,Brown rice
456,9,5,Sorghum::RealV6_高粱_sample8,Sorghum
456,9,6,Wheat bran::RealV6_小麦麸_sample5,Wheat bran
456,9,7,Paddy rice::RealV6_稻谷_sample9,Paddy rice
456,9,8,Wheat bran::RealV6_小麦麸_sample8,Wheat bran
456,9,9,Rice bran::RealV6_米糠_sample3,Rice bran
456,12,1,Cassava::RealV6_木薯_sample4,Cassava
456,12,2,Paddy rice::RealV6_稻谷_sample2,Paddy rice
456,12,3,Sorghum::RealV6_高粱_sample2,Sorghum
456,12,4,Brown rice::RealV6_糙米_sample2,Brown rice
456,12,5,Sorghum::RealV6_高粱_sample8,Sorghum
456,12,6,Wheat bran::RealV6_小麦麸_sample5,Wheat bran
456,12,7,Paddy rice::RealV6_稻谷_sample9,Paddy rice
456,12,8,Wheat bran::RealV6_小麦麸_sample8,Wheat bran
456,12,9,Rice bran::RealV6_米糠_sample3,Rice bran
456,12,10,Rapeseed cake::RealV6_菜籽饼_sample1,Rapeseed cake
456,12,11,Wheat bran::RealV6_小麦麸_sample7,Wheat bran
456,12,12,Brown rice::RealV6_糙米_sample8,Brown rice
457,3,1,Rice bran::RealV6_米糠_sample10,Rice bran
457,3,2,Barley::RealV6_大麦_sample2,Barley
457,3,3,Barley::RealV6_大麦_sample8,Barley
457,6,1,Rice bran::RealV6_米糠_sample10,Rice bran
457,6,2,Barley::RealV6_大麦_sample2,Barley
457,6,3,Barley::RealV6_大麦_sample8,Barley
457,6,4,Rapeseed cake::RealV6_菜籽饼_sample2,Rapeseed cake
457,6,5,Wheat bran::RealV6_小麦麸_sample8,Wheat bran
457,6,6,Brown rice::RealV6_糙米_sample7,Brown rice
457,9,1,Rice bran::RealV6_米糠_sample10,Rice bran
457,9,2,Barley::RealV6_大麦_sample2,Barley
457,9,3,Barley::RealV6_大麦_sample8,Barley
457,9,4,Rapeseed cake::RealV6_菜籽饼_sample2,Rapeseed cake
457,9,5,Wheat bran::RealV6_小麦麸_sample8,Wheat bran
457,9,6,Brown rice::RealV6_糙米_sample7,Brown rice
457,9,7,Wheat::RealV6_小麦_sample7,Wheat
457,9,8,Wheat bran::RealV6_小麦麸_sample5,Wheat bran
457,9,9,Rice bran::RealV6_米糠_sample6,Rice bran
457,12,1,Rice bran::RealV6_米糠_sample10,Rice bran
457,12,2,Barley::RealV6_大麦_sample2,Barley
457,12,3,Barley::RealV6_大麦_sample8,Barley
457,12,4,Rapeseed cake::RealV6_菜籽饼_sample2,Rapeseed cake
457,12,5,Wheat bran::RealV6_小麦麸_sample8,Wheat bran
457,12,6,Brown rice::RealV6_糙米_sample7,Brown rice
457,12,7,Wheat::RealV6_小麦_sample7,Wheat
457,12,8,Wheat bran::RealV6_小麦麸_sample5,Wheat bran
457,12,9,Rice bran::RealV6_米糠_sample6,Rice bran
457,12,10,Rapeseed cake::RealV6_菜籽饼_sample1,Rapeseed cake
457,12,11,Rapeseed cake::RealV6_菜籽饼_sample10,Rapeseed cake
457,12,12,Cassava::RealV6_木薯_sample7,Cassava
458,3,1,Paddy rice::RealV6_稻谷_sample11,Paddy rice
458,3,2,Brown rice::RealV6_糙米_sample10,Brown rice
458,3,3,Wheat::RealV6_小麦_sample9,Wheat
458,6,1,Paddy rice::RealV6_稻谷_sample11,Paddy rice
458,6,2,Brown rice::RealV6_糙米_sample10,Brown rice
458,6,3,Wheat::RealV6_小麦_sample9,Wheat
458,6,4,Barley::RealV6_大麦_sample1,Barley
458,6,5,Sorghum::RealV6_高粱_sample4,Sorghum
458,6,6,Wheat::RealV6_小麦_sample2,Wheat
458,9,1,Paddy rice::RealV6_稻谷_sample11,Paddy rice
458,9,2,Brown rice::RealV6_糙米_sample10,Brown rice
458,9,3,Wheat::RealV6_小麦_sample9,Wheat
458,9,4,Barley::RealV6_大麦_sample1,Barley
458,9,5,Sorghum::RealV6_高粱_sample4,Sorghum
458,9,6,Wheat::RealV6_小麦_sample2,Wheat
458,9,7,Wheat bran::RealV6_小麦麸_sample2,Wheat bran
458,9,8,Sorghum::RealV6_高粱_sample6,Sorghum
458,9,9,Paddy rice::RealV6_稻谷_sample7,Paddy rice
458,12,1,Paddy rice::RealV6_稻谷_sample11,Paddy rice
458,12,2,Brown rice::RealV6_糙米_sample10,Brown rice
458,12,3,Wheat::RealV6_小麦_sample9,Wheat
458,12,4,Barley::RealV6_大麦_sample1,Barley
458,12,5,Sorghum::RealV6_高粱_sample4,Sorghum
458,12,6,Wheat::RealV6_小麦_sample2,Wheat
458,12,7,Wheat bran::RealV6_小麦麸_sample2,Wheat bran
458,12,8,Sorghum::RealV6_高粱_sample6,Sorghum
458,12,9,Paddy rice::RealV6_稻谷_sample7,Paddy rice
458,12,10,Rice bran::RealV6_米糠_sample6,Rice bran
458,12,11,Brown rice::RealV6_糙米_sample4,Brown rice
458,12,12,Wheat bran::RealV6_小麦麸_sample8,Wheat bran
459,3,1,Brown rice::RealV6_糙米_sample1,Brown rice
459,3,2,Cassava::RealV6_木薯_sample10,Cassava
459,3,3,Brown rice::RealV6_糙米_sample2,Brown rice
459,6,1,Brown rice::RealV6_糙米_sample1,Brown rice
459,6,2,Cassava::RealV6_木薯_sample10,Cassava
459,6,3,Brown rice::RealV6_糙米_sample2,Brown rice
459,6,4,Rapeseed cake::RealV6_菜籽饼_sample3,Rapeseed cake
459,6,5,Barley::RealV6_大麦_sample2,Barley
459,6,6,Sorghum::RealV6_高粱_sample3,Sorghum
459,9,1,Brown rice::RealV6_糙米_sample1,Brown rice
459,9,2,Cassava::RealV6_木薯_sample10,Cassava
459,9,3,Brown rice::RealV6_糙米_sample2,Brown rice
459,9,4,Rapeseed cake::RealV6_菜籽饼_sample3,Rapeseed cake
459,9,5,Barley::RealV6_大麦_sample2,Barley
459,9,6,Sorghum::RealV6_高粱_sample3,Sorghum
459,9,7,Rice bran::RealV6_米糠_sample5,Rice bran
459,9,8,Sorghum::RealV6_高粱_sample10,Sorghum
459,9,9,Brown rice::RealV6_糙米_sample8,Brown rice
459,12,1,Brown rice::RealV6_糙米_sample1,Brown rice
459,12,2,Cassava::RealV6_木薯_sample10,Cassava
459,12,3,Brown rice::RealV6_糙米_sample2,Brown rice
459,12,4,Rapeseed cake::RealV6_菜籽饼_sample3,Rapeseed cake
459,12,5,Barley::RealV6_大麦_sample2,Barley
459,12,6,Sorghum::RealV6_高粱_sample3,Sorghum
459,12,7,Rice bran::RealV6_米糠_sample5,Rice bran
459,12,8,Sorghum::RealV6_高粱_sample10,Sorghum
459,12,9,Brown rice::RealV6_糙米_sample8,Brown rice
459,12,10,Wheat::RealV6_小麦_sample3,Wheat
459,12,11,Sorghum::RealV6_高粱_sample4,Sorghum
459,12,12,Cassava::RealV6_木薯_sample7,Cassava
460,3,1,Cassava::RealV6_木薯_sample1,Cassava
460,3,2,Rapeseed cake::RealV6_菜籽饼_sample5,Rapeseed cake
460,3,3,Barley::RealV6_大麦_sample8,Barley
460,6,1,Cassava::RealV6_木薯_sample1,Cassava
460,6,2,Rapeseed cake::RealV6_菜籽饼_sample5,Rapeseed cake
460,6,3,Barley::RealV6_大麦_sample8,Barley
460,6,4,Wheat bran::RealV6_小麦麸_sample8,Wheat bran
460,6,5,Cassava::RealV6_木薯_sample6,Cassava
460,6,6,Rice bran::RealV6_米糠_sample9,Rice bran
460,9,1,Cassava::RealV6_木薯_sample1,Cassava
460,9,2,Rapeseed cake::RealV6_菜籽饼_sample5,Rapeseed cake
460,9,3,Barley::RealV6_大麦_sample8,Barley
460,9,4,Wheat bran::RealV6_小麦麸_sample8,Wheat bran
460,9,5,Cassava::RealV6_木薯_sample6,Cassava
460,9,6,Rice bran::RealV6_米糠_sample9,Rice bran
460,9,7,Wheat bran::RealV6_小麦麸_sample1,Wheat bran
460,9,8,Brown rice::RealV6_糙米_sample4,Brown rice
460,9,9,Barley::RealV6_大麦_sample4,Barley
460,12,1,Cassava::RealV6_木薯_sample1,Cassava
460,12,2,Rapeseed cake::RealV6_菜籽饼_sample5,Rapeseed cake
460,12,3,Barley::RealV6_大麦_sample8,Barley
460,12,4,Wheat bran::RealV6_小麦麸_sample8,Wheat bran
460,12,5,Cassava::RealV6_木薯_sample6,Cassava
460,12,6,Rice bran::RealV6_米糠_sample9,Rice bran
460,12,7,Wheat bran::RealV6_小麦麸_sample1,Wheat bran
460,12,8,Brown rice::RealV6_糙米_sample4,Brown rice
460,12,9,Barley::RealV6_大麦_sample4,Barley
460,12,10,Wheat::RealV6_小麦_sample6,Wheat
460,12,11,Wheat bran::RealV6_小麦麸_sample4,Wheat bran
460,12,12,Wheat::RealV6_小麦_sample2,Wheat
461,3,1,Rapeseed cake::RealV6_菜籽饼_sample5,Rapeseed cake
461,3,2,Cassava::RealV6_木薯_sample8,Cassava
461,3,3,Wheat bran::RealV6_小麦麸_sample1,Wheat bran
461,6,1,Rapeseed cake::RealV6_菜籽饼_sample5,Rapeseed cake
461,6,2,Cassava::RealV6_木薯_sample8,Cassava
461,6,3,Wheat bran::RealV6_小麦麸_sample1,Wheat bran
461,6,4,Sorghum::RealV6_高粱_sample6,Sorghum
461,6,5,Barley::RealV6_大麦_sample3,Barley
461,6,6,Wheat::RealV6_小麦_sample2,Wheat
461,9,1,Rapeseed cake::RealV6_菜籽饼_sample5,Rapeseed cake
461,9,2,Cassava::RealV6_木薯_sample8,Cassava
461,9,3,Wheat bran::RealV6_小麦麸_sample1,Wheat bran
461,9,4,Sorghum::RealV6_高粱_sample6,Sorghum
461,9,5,Barley::RealV6_大麦_sample3,Barley
461,9,6,Wheat::RealV6_小麦_sample2,Wheat
461,9,7,Rice bran::RealV6_米糠_sample10,Rice bran
461,9,8,Wheat bran::RealV6_小麦麸_sample4,Wheat bran
461,9,9,Paddy rice::RealV6_稻谷_sample7,Paddy rice
461,12,1,Rapeseed cake::RealV6_菜籽饼_sample5,Rapeseed cake
461,12,2,Cassava::RealV6_木薯_sample8,Cassava
461,12,3,Wheat bran::RealV6_小麦麸_sample1,Wheat bran
461,12,4,Sorghum::RealV6_高粱_sample6,Sorghum
461,12,5,Barley::RealV6_大麦_sample3,Barley
461,12,6,Wheat::RealV6_小麦_sample2,Wheat
461,12,7,Rice bran::RealV6_米糠_sample10,Rice bran
461,12,8,Wheat bran::RealV6_小麦麸_sample4,Wheat bran
461,12,9,Paddy rice::RealV6_稻谷_sample7,Paddy rice
461,12,10,Rice bran::RealV6_米糠_sample1,Rice bran
461,12,11,Rice bran::RealV6_米糠_sample9,Rice bran
461,12,12,Sorghum::RealV6_高粱_sample10,Sorghum
462,3,1,Brown rice::RealV6_糙米_sample7,Brown rice
462,3,2,Brown rice::RealV6_糙米_sample10,Brown rice
462,3,3,Brown rice::RealV6_糙米_sample6,Brown rice
462,6,1,Brown rice::RealV6_糙米_sample7,Brown rice
462,6,2,Brown rice::RealV6_糙米_sample10,Brown rice
462,6,3,Brown rice::RealV6_糙米_sample6,Brown rice
462,6,4,Rapeseed cake::RealV6_菜籽饼_sample4,Rapeseed cake
462,6,5,Wheat bran::RealV6_小麦麸_sample3,Wheat bran
462,6,6,Wheat bran::RealV6_小麦麸_sample7,Wheat bran
462,9,1,Brown rice::RealV6_糙米_sample7,Brown rice
462,9,2,Brown rice::RealV6_糙米_sample10,Brown rice
462,9,3,Brown rice::RealV6_糙米_sample6,Brown rice
462,9,4,Rapeseed cake::RealV6_菜籽饼_sample4,Rapeseed cake
462,9,5,Wheat bran::RealV6_小麦麸_sample3,Wheat bran
462,9,6,Wheat bran::RealV6_小麦麸_sample7,Wheat bran
462,9,7,Cassava::RealV6_木薯_sample2,Cassava
462,9,8,Rice bran::RealV6_米糠_sample7,Rice bran
462,9,9,Brown rice::RealV6_糙米_sample9,Brown rice
462,12,1,Brown rice::RealV6_糙米_sample7,Brown rice
462,12,2,Brown rice::RealV6_糙米_sample10,Brown rice
462,12,3,Brown rice::RealV6_糙米_sample6,Brown rice
462,12,4,Rapeseed cake::RealV6_菜籽饼_sample4,Rapeseed cake
462,12,5,Wheat bran::RealV6_小麦麸_sample3,Wheat bran
462,12,6,Wheat bran::RealV6_小麦麸_sample7,Wheat bran
462,12,7,Cassava::RealV6_木薯_sample2,Cassava
462,12,8,Rice bran::RealV6_米糠_sample7,Rice bran
462,12,9,Brown rice::RealV6_糙米_sample9,Brown rice
462,12,10,Rice bran::RealV6_米糠_sample8,Rice bran
462,12,11,Cassava::RealV6_木薯_sample1,Cassava
462,12,12,Rapeseed cake::RealV6_菜籽饼_sample9,Rapeseed cake
463,3,1,Barley::RealV6_大麦_sample2,Barley
463,3,2,Rice bran::RealV6_米糠_sample4,Rice bran
463,3,3,Paddy rice::RealV6_稻谷_sample6,Paddy rice
463,6,1,Barley::RealV6_大麦_sample2,Barley
463,6,2,Rice bran::RealV6_米糠_sample4,Rice bran
463,6,3,Paddy rice::RealV6_稻谷_sample6,Paddy rice
463,6,4,Barley::RealV6_大麦_sample7,Barley
463,6,5,Rice bran::RealV6_米糠_sample6,Rice bran
463,6,6,Cassava::RealV6_木薯_sample1,Cassava
463,9,1,Barley::RealV6_大麦_sample2,Barley
463,9,2,Rice bran::RealV6_米糠_sample4,Rice bran
463,9,3,Paddy rice::RealV6_稻谷_sample6,Paddy rice
463,9,4,Barley::RealV6_大麦_sample7,Barley
463,9,5,Rice bran::RealV6_米糠_sample6,Rice bran
463,9,6,Cassava::RealV6_木薯_sample1,Cassava
463,9,7,Wheat bran::RealV6_小麦麸_sample8,Wheat bran
463,9,8,Wheat::RealV6_小麦_sample1,Wheat
463,9,9,Wheat::RealV6_小麦_sample3,Wheat
463,12,1,Barley::RealV6_大麦_sample2,Barley
463,12,2,Rice bran::RealV6_米糠_sample4,Rice bran
463,12,3,Paddy rice::RealV6_稻谷_sample6,Paddy rice
463,12,4,Barley::RealV6_大麦_sample7,Barley
463,12,5,Rice bran::RealV6_米糠_sample6,Rice bran
463,12,6,Cassava::RealV6_木薯_sample1,Cassava
463,12,7,Wheat bran::RealV6_小麦麸_sample8,Wheat bran
463,12,8,Wheat::RealV6_小麦_sample1,Wheat
463,12,9,Wheat::RealV6_小麦_sample3,Wheat
463,12,10,Rice bran::RealV6_米糠_sample9,Rice bran
463,12,11,Wheat::RealV6_小麦_sample7,Wheat
463,12,12,Cassava::RealV6_木薯_sample3,Cassava
464,3,1,Wheat::RealV6_小麦_sample8,Wheat
464,3,2,Rice bran::RealV6_米糠_sample9,Rice bran
464,3,3,Brown rice::RealV6_糙米_sample3,Brown rice
464,6,1,Wheat::RealV6_小麦_sample8,Wheat
464,6,2,Rice bran::RealV6_米糠_sample9,Rice bran
464,6,3,Brown rice::RealV6_糙米_sample3,Brown rice
464,6,4,Paddy rice::RealV6_稻谷_sample7,Paddy rice
464,6,5,Barley::RealV6_大麦_sample10,Barley
464,6,6,Brown rice::RealV6_糙米_sample5,Brown rice
464,9,1,Wheat::RealV6_小麦_sample8,Wheat
464,9,2,Rice bran::RealV6_米糠_sample9,Rice bran
464,9,3,Brown rice::RealV6_糙米_sample3,Brown rice
464,9,4,Paddy rice::RealV6_稻谷_sample7,Paddy rice
464,9,5,Barley::RealV6_大麦_sample10,Barley
464,9,6,Brown rice::RealV6_糙米_sample5,Brown rice
464,9,7,Wheat::RealV6_小麦_sample6,Wheat
464,9,8,Wheat bran::RealV6_小麦麸_sample1,Wheat bran
464,9,9,Wheat bran::RealV6_小麦麸_sample7,Wheat bran
464,12,1,Wheat::RealV6_小麦_sample8,Wheat
464,12,2,Rice bran::RealV6_米糠_sample9,Rice bran
464,12,3,Brown rice::RealV6_糙米_sample3,Brown rice
464,12,4,Paddy rice::RealV6_稻谷_sample7,Paddy rice
464,12,5,Barley::RealV6_大麦_sample10,Barley
464,12,6,Brown rice::RealV6_糙米_sample5,Brown rice
464,12,7,Wheat::RealV6_小麦_sample6,Wheat
464,12,8,Wheat bran::RealV6_小麦麸_sample1,Wheat bran
464,12,9,Wheat bran::RealV6_小麦麸_sample7,Wheat bran
464,12,10,Barley::RealV6_大麦_sample6,Barley
464,12,11,Paddy rice::RealV6_稻谷_sample3,Paddy rice
464,12,12,Barley::RealV6_大麦_sample2,Barley
465,3,1,Brown rice::RealV6_糙米_sample1,Brown rice
465,3,2,Cassava::RealV6_木薯_sample3,Cassava
465,3,3,Rice bran::RealV6_米糠_sample9,Rice bran
465,6,1,Brown rice::RealV6_糙米_sample1,Brown rice
465,6,2,Cassava::RealV6_木薯_sample3,Cassava
465,6,3,Rice bran::RealV6_米糠_sample9,Rice bran
465,6,4,Rapeseed cake::RealV6_菜籽饼_sample8,Rapeseed cake
465,6,5,Rapeseed cake::RealV6_菜籽饼_sample5,Rapeseed cake
465,6,6,Cassava::RealV6_木薯_sample5,Cassava
465,9,1,Brown rice::RealV6_糙米_sample1,Brown rice
465,9,2,Cassava::RealV6_木薯_sample3,Cassava
465,9,3,Rice bran::RealV6_米糠_sample9,Rice bran
465,9,4,Rapeseed cake::RealV6_菜籽饼_sample8,Rapeseed cake
465,9,5,Rapeseed cake::RealV6_菜籽饼_sample5,Rapeseed cake
465,9,6,Cassava::RealV6_木薯_sample5,Cassava
465,9,7,Brown rice::RealV6_糙米_sample4,Brown rice
465,9,8,Brown rice::RealV6_糙米_sample8,Brown rice
465,9,9,Sorghum::RealV6_高粱_sample3,Sorghum
465,12,1,Brown rice::RealV6_糙米_sample1,Brown rice
465,12,2,Cassava::RealV6_木薯_sample3,Cassava
465,12,3,Rice bran::RealV6_米糠_sample9,Rice bran
465,12,4,Rapeseed cake::RealV6_菜籽饼_sample8,Rapeseed cake
465,12,5,Rapeseed cake::RealV6_菜籽饼_sample5,Rapeseed cake
465,12,6,Cassava::RealV6_木薯_sample5,Cassava
465,12,7,Brown rice::RealV6_糙米_sample4,Brown rice
465,12,8,Brown rice::RealV6_糙米_sample8,Brown rice
465,12,9,Sorghum::RealV6_高粱_sample3,Sorghum
465,12,10,Paddy rice::RealV6_稻谷_sample5,Paddy rice
465,12,11,Barley::RealV6_大麦_sample6,Barley
465,12,12,Cassava::RealV6_木薯_sample10,Cassava
466,3,1,Rapeseed cake::RealV6_菜籽饼_sample10,Rapeseed cake
466,3,2,Barley::RealV6_大麦_sample6,Barley
466,3,3,Brown rice::RealV6_糙米_sample3,Brown rice
466,6,1,Rapeseed cake::RealV6_菜籽饼_sample10,Rapeseed cake
466,6,2,Barley::RealV6_大麦_sample6,Barley
466,6,3,Brown rice::RealV6_糙米_sample3,Brown rice
466,6,4,Paddy rice::RealV6_稻谷_sample5,Paddy rice
466,6,5,Rice bran::RealV6_米糠_sample9,Rice bran
466,6,6,Wheat bran::RealV6_小麦麸_sample8,Wheat bran
466,9,1,Rapeseed cake::RealV6_菜籽饼_sample10,Rapeseed cake
466,9,2,Barley::RealV6_大麦_sample6,Barley
466,9,3,Brown rice::RealV6_糙米_sample3,Brown rice
466,9,4,Paddy rice::RealV6_稻谷_sample5,Paddy rice
466,9,5,Rice bran::RealV6_米糠_sample9,Rice bran
466,9,6,Wheat bran::RealV6_小麦麸_sample8,Wheat bran
466,9,7,Cassava::RealV6_木薯_sample6,Cassava
466,9,8,Barley::RealV6_大麦_sample9,Barley
466,9,9,Wheat bran::RealV6_小麦麸_sample6,Wheat bran
466,12,1,Rapeseed cake::RealV6_菜籽饼_sample10,Rapeseed cake
466,12,2,Barley::RealV6_大麦_sample6,Barley
466,12,3,Brown rice::RealV6_糙米_sample3,Brown rice
466,12,4,Paddy rice::RealV6_稻谷_sample5,Paddy rice
466,12,5,Rice bran::RealV6_米糠_sample9,Rice bran
466,12,6,Wheat bran::RealV6_小麦麸_sample8,Wheat bran
466,12,7,Cassava::RealV6_木薯_sample6,Cassava
466,12,8,Barley::RealV6_大麦_sample9,Barley
466,12,9,Wheat bran::RealV6_小麦麸_sample6,Wheat bran
466,12,10,Paddy rice::RealV6_稻谷_sample8,Paddy rice
466,12,11,Rice bran::RealV6_米糠_sample3,Rice bran
466,12,12,Sorghum::RealV6_高粱_sample2,Sorghum
467,3,1,Cassava::RealV6_木薯_sample5,Cassava
467,3,2,Wheat bran::RealV6_小麦麸_sample2,Wheat bran
467,3,3,Wheat::RealV6_小麦_sample4,Wheat
467,6,1,Cassava::RealV6_木薯_sample5,Cassava
467,6,2,Wheat bran::RealV6_小麦麸_sample2,Wheat bran
467,6,3,Wheat::RealV6_小麦_sample4,Wheat
467,6,4,Rapeseed cake::RealV6_菜籽饼_sample8,Rapeseed cake
467,6,5,Rapeseed cake::RealV6_菜籽饼_sample3,Rapeseed cake
467,6,6,Wheat::RealV6_小麦_sample3,Wheat
467,9,1,Cassava::RealV6_木薯_sample5,Cassava
467,9,2,Wheat bran::RealV6_小麦麸_sample2,Wheat bran
467,9,3,Wheat::RealV6_小麦_sample4,Wheat
467,9,4,Rapeseed cake::RealV6_菜籽饼_sample8,Rapeseed cake
467,9,5,Rapeseed cake::RealV6_菜籽饼_sample3,Rapeseed cake
467,9,6,Wheat::RealV6_小麦_sample3,Wheat
467,9,7,Wheat::RealV6_小麦_sample1,Wheat
467,9,8,Barley::RealV6_大麦_sample8,Barley
467,9,9,Rice bran::RealV6_米糠_sample5,Rice bran
467,12,1,Cassava::RealV6_木薯_sample5,Cassava
467,12,2,Wheat bran::RealV6_小麦麸_sample2,Wheat bran
467,12,3,Wheat::RealV6_小麦_sample4,Wheat
467,12,4,Rapeseed cake::RealV6_菜籽饼_sample8,Rapeseed cake
467,12,5,Rapeseed cake::RealV6_菜籽饼_sample3,Rapeseed cake
467,12,6,Wheat::RealV6_小麦_sample3,Wheat
467,12,7,Wheat::RealV6_小麦_sample1,Wheat
467,12,8,Barley::RealV6_大麦_sample8,Barley
467,12,9,Rice bran::RealV6_米糠_sample5,Rice bran
467,12,10,Cassava::RealV6_木薯_sample9,Cassava
467,12,11,Sorghum::RealV6_高粱_sample8,Sorghum
467,12,12,Cassava::RealV6_木薯_sample4,Cassava
468,3,1,Barley::RealV6_大麦_sample1,Barley
468,3,2,Paddy rice::RealV6_稻谷_sample9,Paddy rice
468,3,3,Brown rice::RealV6_糙米_sample7,Brown rice
468,6,1,Barley::RealV6_大麦_sample1,Barley
468,6,2,Paddy rice::RealV6_稻谷_sample9,Paddy rice
468,6,3,Brown rice::RealV6_糙米_sample7,Brown rice
468,6,4,Rapeseed cake::RealV6_菜籽饼_sample1,Rapeseed cake
468,6,5,Rice bran::RealV6_米糠_sample8,Rice bran
468,6,6,Sorghum::RealV6_高粱_sample2,Sorghum
468,9,1,Barley::RealV6_大麦_sample1,Barley
468,9,2,Paddy rice::RealV6_稻谷_sample9,Paddy rice
468,9,3,Brown rice::RealV6_糙米_sample7,Brown rice
468,9,4,Rapeseed cake::RealV6_菜籽饼_sample1,Rapeseed cake
468,9,5,Rice bran::RealV6_米糠_sample8,Rice bran
468,9,6,Sorghum::RealV6_高粱_sample2,Sorghum
468,9,7,Barley::RealV6_大麦_sample4,Barley
468,9,8,Barley::RealV6_大麦_sample9,Barley
468,9,9,Wheat bran::RealV6_小麦麸_sample4,Wheat bran
468,12,1,Barley::RealV6_大麦_sample1,Barley
468,12,2,Paddy rice::RealV6_稻谷_sample9,Paddy rice
468,12,3,Brown rice::RealV6_糙米_sample7,Brown rice
468,12,4,Rapeseed cake::RealV6_菜籽饼_sample1,Rapeseed cake
468,12,5,Rice bran::RealV6_米糠_sample8,Rice bran
468,12,6,Sorghum::RealV6_高粱_sample2,Sorghum
468,12,7,Barley::RealV6_大麦_sample4,Barley
468,12,8,Barley::RealV6_大麦_sample9,Barley
468,12,9,Wheat bran::RealV6_小麦麸_sample4,Wheat bran
468,12,10,Brown rice::RealV6_糙米_sample4,Brown rice
468,12,11,Cassava::RealV6_木薯_sample2,Cassava
468,12,12,Wheat bran::RealV6_小麦麸_sample6,Wheat bran
469,3,1,Sorghum::RealV6_高粱_sample3,Sorghum
469,3,2,Brown rice::RealV6_糙米_sample8,Brown rice
469,3,3,Wheat::RealV6_小麦_sample5,Wheat
469,6,1,Sorghum::RealV6_高粱_sample3,Sorghum
469,6,2,Brown rice::RealV6_糙米_sample8,Brown rice
469,6,3,Wheat::RealV6_小麦_sample5,Wheat
469,6,4,Barley::RealV6_大麦_sample6,Barley
469,6,5,Brown rice::RealV6_糙米_sample6,Brown rice
469,6,6,Sorghum::RealV6_高粱_sample10,Sorghum
469,9,1,Sorghum::RealV6_高粱_sample3,Sorghum
469,9,2,Brown rice::RealV6_糙米_sample8,Brown rice
469,9,3,Wheat::RealV6_小麦_sample5,Wheat
469,9,4,Barley::RealV6_大麦_sample6,Barley
469,9,5,Brown rice::RealV6_糙米_sample6,Brown rice
469,9,6,Sorghum::RealV6_高粱_sample10,Sorghum
469,9,7,Barley::RealV6_大麦_sample8,Barley
469,9,8,Cassava::RealV6_木薯_sample1,Cassava
469,9,9,Cassava::RealV6_木薯_sample3,Cassava
469,12,1,Sorghum::RealV6_高粱_sample3,Sorghum
469,12,2,Brown rice::RealV6_糙米_sample8,Brown rice
469,12,3,Wheat::RealV6_小麦_sample5,Wheat
469,12,4,Barley::RealV6_大麦_sample6,Barley
469,12,5,Brown rice::RealV6_糙米_sample6,Brown rice
469,12,6,Sorghum::RealV6_高粱_sample10,Sorghum
469,12,7,Barley::RealV6_大麦_sample8,Barley
469,12,8,Cassava::RealV6_木薯_sample1,Cassava
469,12,9,Cassava::RealV6_木薯_sample3,Cassava
469,12,10,Rapeseed cake::RealV6_菜籽饼_sample4,Rapeseed cake
469,12,11,Rice bran::RealV6_米糠_sample10,Rice bran
469,12,12,Sorghum::RealV6_高粱_sample8,Sorghum
470,3,1,Wheat::RealV6_小麦_sample9,Wheat
470,3,2,Brown rice::RealV6_糙米_sample10,Brown rice
470,3,3,Paddy rice::RealV6_稻谷_sample6,Paddy rice
470,6,1,Wheat::RealV6_小麦_sample9,Wheat
470,6,2,Brown rice::RealV6_糙米_sample10,Brown rice
470,6,3,Paddy rice::RealV6_稻谷_sample6,Paddy rice
470,6,4,Paddy rice::RealV6_稻谷_sample11,Paddy rice
470,6,5,Cassava::RealV6_木薯_sample6,Cassava
470,6,6,Paddy rice::RealV6_稻谷_sample4,Paddy rice
470,9,1,Wheat::RealV6_小麦_sample9,Wheat
470,9,2,Brown rice::RealV6_糙米_sample10,Brown rice
470,9,3,Paddy rice::RealV6_稻谷_sample6,Paddy rice
470,9,4,Paddy rice::RealV6_稻谷_sample11,Paddy rice
470,9,5,Cassava::RealV6_木薯_sample6,Cassava
470,9,6,Paddy rice::RealV6_稻谷_sample4,Paddy rice
470,9,7,Barley::RealV6_大麦_sample3,Barley
470,9,8,Barley::RealV6_大麦_sample10,Barley
470,9,9,Brown rice::RealV6_糙米_sample1,Brown rice
470,12,1,Wheat::RealV6_小麦_sample9,Wheat
470,12,2,Brown rice::RealV6_糙米_sample10,Brown rice
470,12,3,Paddy rice::RealV6_稻谷_sample6,Paddy rice
470,12,4,Paddy rice::RealV6_稻谷_sample11,Paddy rice
470,12,5,Cassava::RealV6_木薯_sample6,Cassava
470,12,6,Paddy rice::RealV6_稻谷_sample4,Paddy rice
470,12,7,Barley::RealV6_大麦_sample3,Barley
470,12,8,Barley::RealV6_大麦_sample10,Barley
470,12,9,Brown rice::RealV6_糙米_sample1,Brown rice
470,12,10,Paddy rice::RealV6_稻谷_sample9,Paddy rice
470,12,11,Sorghum::RealV6_高粱_sample6,Sorghum
470,12,12,Rice bran::RealV6_米糠_sample2,Rice bran
471,3,1,Sorghum::RealV6_高粱_sample5,Sorghum
471,3,2,Wheat bran::RealV6_小麦麸_sample1,Wheat bran
471,3,3,Brown rice::RealV6_糙米_sample1,Brown rice
471,6,1,Sorghum::RealV6_高粱_sample5,Sorghum
471,6,2,Wheat bran::RealV6_小麦麸_sample1,Wheat bran
471,6,3,Brown rice::RealV6_糙米_sample1,Brown rice
471,6,4,Paddy rice::RealV6_稻谷_sample2,Paddy rice
471,6,5,Wheat bran::RealV6_小麦麸_sample10,Wheat bran
471,6,6,Cassava::RealV6_木薯_sample3,Cassava
471,9,1,Sorghum::RealV6_高粱_sample5,Sorghum
471,9,2,Wheat bran::RealV6_小麦麸_sample1,Wheat bran
471,9,3,Brown rice::RealV6_糙米_sample1,Brown rice
471,9,4,Paddy rice::RealV6_稻谷_sample2,Paddy rice
471,9,5,Wheat bran::RealV6_小麦麸_sample10,Wheat bran
471,9,6,Cassava::RealV6_木薯_sample3,Cassava
471,9,7,Sorghum::RealV6_高粱_sample4,Sorghum
471,9,8,Cassava::RealV6_木薯_sample7,Cassava
471,9,9,Brown rice::RealV6_糙米_sample7,Brown rice
471,12,1,Sorghum::RealV6_高粱_sample5,Sorghum
471,12,2,Wheat bran::RealV6_小麦麸_sample1,Wheat bran
471,12,3,Brown rice::RealV6_糙米_sample1,Brown rice
471,12,4,Paddy rice::RealV6_稻谷_sample2,Paddy rice
471,12,5,Wheat bran::RealV6_小麦麸_sample10,Wheat bran
471,12,6,Cassava::RealV6_木薯_sample3,Cassava
471,12,7,Sorghum::RealV6_高粱_sample4,Sorghum
471,12,8,Cassava::RealV6_木薯_sample7,Cassava
471,12,9,Brown rice::RealV6_糙米_sample7,Brown rice
471,12,10,Rice bran::RealV6_米糠_sample2,Rice bran
471,12,11,Brown rice::RealV6_糙米_sample6,Brown rice
471,12,12,Barley::RealV6_大麦_sample2,Barley
472,3,1,Barley::RealV6_大麦_sample9,Barley
472,3,2,Cassava::RealV6_木薯_sample8,Cassava
472,3,3,Cassava::RealV6_木薯_sample3,Cassava
472,6,1,Barley::RealV6_大麦_sample9,Barley
472,6,2,Cassava::RealV6_木薯_sample8,Cassava
472,6,3,Cassava::RealV6_木薯_sample3,Cassava
472,6,4,Barley::RealV6_大麦_sample1,Barley
472,6,5,Brown rice::RealV6_糙米_sample4,Brown rice
472,6,6,Brown rice::RealV6_糙米_sample8,Brown rice
472,9,1,Barley::RealV6_大麦_sample9,Barley
472,9,2,Cassava::RealV6_木薯_sample8,Cassava
472,9,3,Cassava::RealV6_木薯_sample3,Cassava
472,9,4,Barley::RealV6_大麦_sample1,Barley
472,9,5,Brown rice::RealV6_糙米_sample4,Brown rice
472,9,6,Brown rice::RealV6_糙米_sample8,Brown rice
472,9,7,Rapeseed cake::RealV6_菜籽饼_sample2,Rapeseed cake
472,9,8,Sorghum::RealV6_高粱_sample8,Sorghum
472,9,9,Rapeseed cake::RealV6_菜籽饼_sample3,Rapeseed cake
472,12,1,Barley::RealV6_大麦_sample9,Barley
472,12,2,Cassava::RealV6_木薯_sample8,Cassava
472,12,3,Cassava::RealV6_木薯_sample3,Cassava
472,12,4,Barley::RealV6_大麦_sample1,Barley
472,12,5,Brown rice::RealV6_糙米_sample4,Brown rice
472,12,6,Brown rice::RealV6_糙米_sample8,Brown rice
472,12,7,Rapeseed cake::RealV6_菜籽饼_sample2,Rapeseed cake
472,12,8,Sorghum::RealV6_高粱_sample8,Sorghum
472,12,9,Rapeseed cake::RealV6_菜籽饼_sample3,Rapeseed cake
472,12,10,Paddy rice::RealV6_稻谷_sample5,Paddy rice
472,12,11,Rapeseed cake::RealV6_菜籽饼_sample10,Rapeseed cake
472,12,12,Sorghum::RealV6_高粱_sample7,Sorghum
473,3,1,Cassava::RealV6_木薯_sample8,Cassava
473,3,2,Wheat bran::RealV6_小麦麸_sample3,Wheat bran
473,3,3,Brown rice::RealV6_糙米_sample1,Brown rice
473,6,1,Cassava::RealV6_木薯_sample8,Cassava
473,6,2,Wheat bran::RealV6_小麦麸_sample3,Wheat bran
473,6,3,Brown rice::RealV6_糙米_sample1,Brown rice
473,6,4,Cassava::RealV6_木薯_sample6,Cassava
473,6,5,Wheat bran::RealV6_小麦麸_sample7,Wheat bran
473,6,6,Barley::RealV6_大麦_sample8,Barley
473,9,1,Cassava::RealV6_木薯_sample8,Cassava
473,9,2,Wheat bran::RealV6_小麦麸_sample3,Wheat bran
473,9,3,Brown rice::RealV6_糙米_sample1,Brown rice
473,9,4,Cassava::RealV6_木薯_sample6,Cassava
473,9,5,Wheat bran::RealV6_小麦麸_sample7,Wheat bran
473,9,6,Barley::RealV6_大麦_sample8,Barley
473,9,7,Sorghum::RealV6_高粱_sample3,Sorghum
473,9,8,Brown rice::RealV6_糙米_sample10,Brown rice
473,9,9,Paddy rice::RealV6_稻谷_sample5,Paddy rice
473,12,1,Cassava::RealV6_木薯_sample8,Cassava
473,12,2,Wheat bran::RealV6_小麦麸_sample3,Wheat bran
473,12,3,Brown rice::RealV6_糙米_sample1,Brown rice
473,12,4,Cassava::RealV6_木薯_sample6,Cassava
473,12,5,Wheat bran::RealV6_小麦麸_sample7,Wheat bran
473,12,6,Barley::RealV6_大麦_sample8,Barley
473,12,7,Sorghum::RealV6_高粱_sample3,Sorghum
473,12,8,Brown rice::RealV6_糙米_sample10,Brown rice
473,12,9,Paddy rice::RealV6_稻谷_sample5,Paddy rice
473,12,10,Brown rice::RealV6_糙米_sample6,Brown rice
473,12,11,Rice bran::RealV6_米糠_sample3,Rice bran
473,12,12,Paddy rice::RealV6_稻谷_sample10,Paddy rice
474,3,1,Paddy rice::RealV6_稻谷_sample7,Paddy rice
474,3,2,Sorghum::RealV6_高粱_sample9,Sorghum
474,3,3,Sorghum::RealV6_高粱_sample5,Sorghum
474,6,1,Paddy rice::RealV6_稻谷_sample7,Paddy rice
474,6,2,Sorghum::RealV6_高粱_sample9,Sorghum
474,6,3,Sorghum::RealV6_高粱_sample5,Sorghum
474,6,4,Rapeseed cake::RealV6_菜籽饼_sample3,Rapeseed cake
474,6,5,Paddy rice::RealV6_稻谷_sample5,Paddy rice
474,6,6,Rice bran::RealV6_米糠_sample10,Rice bran
474,9,1,Paddy rice::RealV6_稻谷_sample7,Paddy rice
474,9,2,Sorghum::RealV6_高粱_sample9,Sorghum
474,9,3,Sorghum::RealV6_高粱_sample5,Sorghum
474,9,4,Rapeseed cake::RealV6_菜籽饼_sample3,Rapeseed cake
474,9,5,Paddy rice::RealV6_稻谷_sample5,Paddy rice
474,9,6,Rice bran::RealV6_米糠_sample10,Rice bran
474,9,7,Brown rice::RealV6_糙米_sample5,Brown rice
474,9,8,Sorghum::RealV6_高粱_sample8,Sorghum
474,9,9,Wheat bran::RealV6_小麦麸_sample1,Wheat bran
474,12,1,Paddy rice::RealV6_稻谷_sample7,Paddy rice
474,12,2,Sorghum::RealV6_高粱_sample9,Sorghum
474,12,3,Sorghum::RealV6_高粱_sample5,Sorghum
474,12,4,Rapeseed cake::RealV6_菜籽饼_sample3,Rapeseed cake
474,12,5,Paddy rice::RealV6_稻谷_sample5,Paddy rice
474,12,6,Rice bran::RealV6_米糠_sample10,Rice bran
474,12,7,Brown rice::RealV6_糙米_sample5,Brown rice
474,12,8,Sorghum::RealV6_高粱_sample8,Sorghum
474,12,9,Wheat bran::RealV6_小麦麸_sample1,Wheat bran
474,12,10,Cassava::RealV6_木薯_sample9,Cassava
474,12,11,Brown rice::RealV6_糙米_sample3,Brown rice
474,12,12,Paddy rice::RealV6_稻谷_sample4,Paddy rice
475,3,1,Barley::RealV6_大麦_sample3,Barley
475,3,2,Sorghum::RealV6_高粱_sample3,Sorghum
475,3,3,Rapeseed cake::RealV6_菜籽饼_sample5,Rapeseed cake
475,6,1,Barley::RealV6_大麦_sample3,Barley
475,6,2,Sorghum::RealV6_高粱_sample3,Sorghum
475,6,3,Rapeseed cake::RealV6_菜籽饼_sample5,Rapeseed cake
475,6,4,Rapeseed cake::RealV6_菜籽饼_sample4,Rapeseed cake
475,6,5,Brown rice::RealV6_糙米_sample7,Brown rice
475,6,6,Cassava::RealV6_木薯_sample5,Cassava
475,9,1,Barley::RealV6_大麦_sample3,Barley
475,9,2,Sorghum::RealV6_高粱_sample3,Sorghum
475,9,3,Rapeseed cake::RealV6_菜籽饼_sample5,Rapeseed cake
475,9,4,Rapeseed cake::RealV6_菜籽饼_sample4,Rapeseed cake
475,9,5,Brown rice::RealV6_糙米_sample7,Brown rice
475,9,6,Cassava::RealV6_木薯_sample5,Cassava
475,9,7,Rice bran::RealV6_米糠_sample5,Rice bran
475,9,8,Brown rice::RealV6_糙米_sample3,Brown rice
475,9,9,Cassava::RealV6_木薯_sample3,Cassava
475,12,1,Barley::RealV6_大麦_sample3,Barley
475,12,2,Sorghum::RealV6_高粱_sample3,Sorghum
475,12,3,Rapeseed cake::RealV6_菜籽饼_sample5,Rapeseed cake
475,12,4,Rapeseed cake::RealV6_菜籽饼_sample4,Rapeseed cake
475,12,5,Brown rice::RealV6_糙米_sample7,Brown rice
475,12,6,Cassava::RealV6_木薯_sample5,Cassava
475,12,7,Rice bran::RealV6_米糠_sample5,Rice bran
475,12,8,Brown rice::RealV6_糙米_sample3,Brown rice
475,12,9,Cassava::RealV6_木薯_sample3,Cassava
475,12,10,Paddy rice::RealV6_稻谷_sample7,Paddy rice
475,12,11,Wheat bran::RealV6_小麦麸_sample10,Wheat bran
475,12,12,Brown rice::RealV6_糙米_sample10,Brown rice
476,3,1,Barley::RealV6_大麦_sample6,Barley
476,3,2,Cassava::RealV6_木薯_sample6,Cassava
476,3,3,Sorghum::RealV6_高粱_sample1,Sorghum
476,6,1,Barley::RealV6_大麦_sample6,Barley
476,6,2,Cassava::RealV6_木薯_sample6,Cassava
476,6,3,Sorghum::RealV6_高粱_sample1,Sorghum
476,6,4,Barley::RealV6_大麦_sample7,Barley
476,6,5,Brown rice::RealV6_糙米_sample3,Brown rice
476,6,6,Wheat bran::RealV6_小麦麸_sample9,Wheat bran
476,9,1,Barley::RealV6_大麦_sample6,Barley
476,9,2,Cassava::RealV6_木薯_sample6,Cassava
476,9,3,Sorghum::RealV6_高粱_sample1,Sorghum
476,9,4,Barley::RealV6_大麦_sample7,Barley
476,9,5,Brown rice::RealV6_糙米_sample3,Brown rice
476,9,6,Wheat bran::RealV6_小麦麸_sample9,Wheat bran
476,9,7,Paddy rice::RealV6_稻谷_sample6,Paddy rice
476,9,8,Sorghum::RealV6_高粱_sample3,Sorghum
476,9,9,Barley::RealV6_大麦_sample1,Barley
476,12,1,Barley::RealV6_大麦_sample6,Barley
476,12,2,Cassava::RealV6_木薯_sample6,Cassava
476,12,3,Sorghum::RealV6_高粱_sample1,Sorghum
476,12,4,Barley::RealV6_大麦_sample7,Barley
476,12,5,Brown rice::RealV6_糙米_sample3,Brown rice
476,12,6,Wheat bran::RealV6_小麦麸_sample9,Wheat bran
476,12,7,Paddy rice::RealV6_稻谷_sample6,Paddy rice
476,12,8,Sorghum::RealV6_高粱_sample3,Sorghum
476,12,9,Barley::RealV6_大麦_sample1,Barley
476,12,10,Wheat bran::RealV6_小麦麸_sample5,Wheat bran
476,12,11,Rapeseed cake::RealV6_菜籽饼_sample9,Rapeseed cake
476,12,12,Wheat::RealV6_小麦_sample5,Wheat
477,3,1,Brown rice::RealV6_糙米_sample5,Brown rice
477,3,2,Paddy rice::RealV6_稻谷_sample2,Paddy rice
477,3,3,Wheat bran::RealV6_小麦麸_sample8,Wheat bran
477,6,1,Brown rice::RealV6_糙米_sample5,Brown rice
477,6,2,Paddy rice::RealV6_稻谷_sample2,Paddy rice
477,6,3,Wheat bran::RealV6_小麦麸_sample8,Wheat bran
477,6,4,Rice bran::RealV6_米糠_sample10,Rice bran
477,6,5,Sorghum::RealV6_高粱_sample6,Sorghum
477,6,6,Rapeseed cake::RealV6_菜籽饼_sample10,Rapeseed cake
477,9,1,Brown rice::RealV6_糙米_sample5,Brown rice
477,9,2,Paddy rice::RealV6_稻谷_sample2,Paddy rice
477,9,3,Wheat bran::RealV6_小麦麸_sample8,Wheat bran
477,9,4,Rice bran::RealV6_米糠_sample10,Rice bran
477,9,5,Sorghum::RealV6_高粱_sample6,Sorghum
477,9,6,Rapeseed cake::RealV6_菜籽饼_sample10,Rapeseed cake
477,9,7,Barley::RealV6_大麦_sample4,Barley
477,9,8,Rapeseed cake::RealV6_菜籽饼_sample9,Rapeseed cake
477,9,9,Cassava::RealV6_木薯_sample8,Cassava
477,12,1,Brown rice::RealV6_糙米_sample5,Brown rice
477,12,2,Paddy rice::RealV6_稻谷_sample2,Paddy rice
477,12,3,Wheat bran::RealV6_小麦麸_sample8,Wheat bran
477,12,4,Rice bran::RealV6_米糠_sample10,Rice bran
477,12,5,Sorghum::RealV6_高粱_sample6,Sorghum
477,12,6,Rapeseed cake::RealV6_菜籽饼_sample10,Rapeseed cake
477,12,7,Barley::RealV6_大麦_sample4,Barley
477,12,8,Rapeseed cake::RealV6_菜籽饼_sample9,Rapeseed cake
477,12,9,Cassava::RealV6_木薯_sample8,Cassava
477,12,10,Paddy rice::RealV6_稻谷_sample4,Paddy rice
477,12,11,Brown rice::RealV6_糙米_sample7,Brown rice
477,12,12,Sorghum::RealV6_高粱_sample7,Sorghum
478,3,1,Rapeseed cake::RealV6_菜籽饼_sample4,Rapeseed cake
478,3,2,Brown rice::RealV6_糙米_sample10,Brown rice
478,3,3,Rice bran::RealV6_米糠_sample5,Rice bran
478,6,1,Rapeseed cake::RealV6_菜籽饼_sample4,Rapeseed cake
478,6,2,Brown rice::RealV6_糙米_sample10,Brown rice
478,6,3,Rice bran::RealV6_米糠_sample5,Rice bran
478,6,4,Barley::RealV6_大麦_sample6,Barley
478,6,5,Brown rice::RealV6_糙米_sample3,Brown rice
478,6,6,Cassava::RealV6_木薯_sample8,Cassava
478,9,1,Rapeseed cake::RealV6_菜籽饼_sample4,Rapeseed cake
478,9,2,Brown rice::RealV6_糙米_sample10,Brown rice
478,9,3,Rice bran::RealV6_米糠_sample5,Rice bran
478,9,4,Barley::RealV6_大麦_sample6,Barley
478,9,5,Brown rice::RealV6_糙米_sample3,Brown rice
478,9,6,Cassava::RealV6_木薯_sample8,Cassava
478,9,7,Sorghum::RealV6_高粱_sample6,Sorghum
478,9,8,Sorghum::RealV6_高粱_sample10,Sorghum
478,9,9,Sorghum::RealV6_高粱_sample8,Sorghum
478,12,1,Rapeseed cake::RealV6_菜籽饼_sample4,Rapeseed cake
478,12,2,Brown rice::RealV6_糙米_sample10,Brown rice
478,12,3,Rice bran::RealV6_米糠_sample5,Rice bran
478,12,4,Barley::RealV6_大麦_sample6,Barley
478,12,5,Brown rice::RealV6_糙米_sample3,Brown rice
478,12,6,Cassava::RealV6_木薯_sample8,Cassava
478,12,7,Sorghum::RealV6_高粱_sample6,Sorghum
478,12,8,Sorghum::RealV6_高粱_sample10,Sorghum
478,12,9,Sorghum::RealV6_高粱_sample8,Sorghum
478,12,10,Rice bran::RealV6_米糠_sample8,Rice bran
478,12,11,Wheat::RealV6_小麦_sample4,Wheat
478,12,12,Wheat::RealV6_小麦_sample6,Wheat
479,3,1,Sorghum::RealV6_高粱_sample9,Sorghum
479,3,2,Cassava::RealV6_木薯_sample10,Cassava
479,3,3,Paddy rice::RealV6_稻谷_sample11,Paddy rice
479,6,1,Sorghum::RealV6_高粱_sample9,Sorghum
479,6,2,Cassava::RealV6_木薯_sample10,Cassava
479,6,3,Paddy rice::RealV6_稻谷_sample11,Paddy rice
479,6,4,Rapeseed cake::RealV6_菜籽饼_sample8,Rapeseed cake
479,6,5,Barley::RealV6_大麦_sample5,Barley
479,6,6,Rapeseed cake::RealV6_菜籽饼_sample3,Rapeseed cake
479,9,1,Sorghum::RealV6_高粱_sample9,Sorghum
479,9,2,Cassava::RealV6_木薯_sample10,Cassava
479,9,3,Paddy rice::RealV6_稻谷_sample11,Paddy rice
479,9,4,Rapeseed cake::RealV6_菜籽饼_sample8,Rapeseed cake
479,9,5,Barley::RealV6_大麦_sample5,Barley
479,9,6,Rapeseed cake::RealV6_菜籽饼_sample3,Rapeseed cake
479,9,7,Wheat bran::RealV6_小麦麸_sample5,Wheat bran
479,9,8,Wheat::RealV6_小麦_sample1,Wheat
479,9,9,Sorghum::RealV6_高粱_sample3,Sorghum
479,12,1,Sorghum::RealV6_高粱_sample9,Sorghum
479,12,2,Cassava::RealV6_木薯_sample10,Cassava
479,12,3,Paddy rice::RealV6_稻谷_sample11,Paddy rice
479,12,4,Rapeseed cake::RealV6_菜籽饼_sample8,Rapeseed cake
479,12,5,Barley::RealV6_大麦_sample5,Barley
479,12,6,Rapeseed cake::RealV6_菜籽饼_sample3,Rapeseed cake
479,12,7,Wheat bran::RealV6_小麦麸_sample5,Wheat bran
479,12,8,Wheat::RealV6_小麦_sample1,Wheat
479,12,9,Sorghum::RealV6_高粱_sample3,Sorghum
479,12,10,Rice bran::RealV6_米糠_sample3,Rice bran
479,12,11,Sorghum::RealV6_高粱_sample10,Sorghum
479,12,12,Cassava::RealV6_木薯_sample7,Cassava
480,3,1,Wheat bran::RealV6_小麦麸_sample1,Wheat bran
480,3,2,Rice bran::RealV6_米糠_sample9,Rice bran
480,3,3,Sorghum::RealV6_高粱_sample7,Sorghum
480,6,1,Wheat bran::RealV6_小麦麸_sample1,Wheat bran
480,6,2,Rice bran::RealV6_米糠_sample9,Rice bran
480,6,3,Sorghum::RealV6_高粱_sample7,Sorghum
480,6,4,Sorghum::RealV6_高粱_sample10,Sorghum
480,6,5,Cassava::RealV6_木薯_sample7,Cassava
480,6,6,Barley::RealV6_大麦_sample9,Barley
480,9,1,Wheat bran::RealV6_小麦麸_sample1,Wheat bran
480,9,2,Rice bran::RealV6_米糠_sample9,Rice bran
480,9,3,Sorghum::RealV6_高粱_sample7,Sorghum
480,9,4,Sorghum::RealV6_高粱_sample10,Sorghum
480,9,5,Cassava::RealV6_木薯_sample7,Cassava
480,9,6,Barley::RealV6_大麦_sample9,Barley
480,9,7,Paddy rice::RealV6_稻谷_sample11,Paddy rice
480,9,8,Barley::RealV6_大麦_sample5,Barley
480,9,9,Rice bran::RealV6_米糠_sample10,Rice bran
480,12,1,Wheat bran::RealV6_小麦麸_sample1,Wheat bran
480,12,2,Rice bran::RealV6_米糠_sample9,Rice bran
480,12,3,Sorghum::RealV6_高粱_sample7,Sorghum
480,12,4,Sorghum::RealV6_高粱_sample10,Sorghum
480,12,5,Cassava::RealV6_木薯_sample7,Cassava
480,12,6,Barley::RealV6_大麦_sample9,Barley
480,12,7,Paddy rice::RealV6_稻谷_sample11,Paddy rice
480,12,8,Barley::RealV6_大麦_sample5,Barley
480,12,9,Rice bran::RealV6_米糠_sample10,Rice bran
480,12,10,Brown rice::RealV6_糙米_sample3,Brown rice
480,12,11,Rice bran::RealV6_米糠_sample5,Rice bran
480,12,12,Rice bran::RealV6_米糠_sample3,Rice bran
481,3,1,Sorghum::RealV6_高粱_sample4,Sorghum
481,3,2,Brown rice::RealV6_糙米_sample3,Brown rice
481,3,3,Wheat bran::RealV6_小麦麸_sample5,Wheat bran
481,6,1,Sorghum::RealV6_高粱_sample4,Sorghum
481,6,2,Brown rice::RealV6_糙米_sample3,Brown rice
481,6,3,Wheat bran::RealV6_小麦麸_sample5,Wheat bran
481,6,4,Cassava::RealV6_木薯_sample3,Cassava
481,6,5,Paddy rice::RealV6_稻谷_sample5,Paddy rice
481,6,6,Rapeseed cake::RealV6_菜籽饼_sample10,Rapeseed cake
481,9,1,Sorghum::RealV6_高粱_sample4,Sorghum
481,9,2,Brown rice::RealV6_糙米_sample3,Brown rice
481,9,3,Wheat bran::RealV6_小麦麸_sample5,Wheat bran
481,9,4,Cassava::RealV6_木薯_sample3,Cassava
481,9,5,Paddy rice::RealV6_稻谷_sample5,Paddy rice
481,9,6,Rapeseed cake::RealV6_菜籽饼_sample10,Rapeseed cake
481,9,7,Cassava::RealV6_木薯_sample4,Cassava
481,9,8,Wheat::RealV6_小麦_sample3,Wheat
481,9,9,Barley::RealV6_大麦_sample7,Barley
481,12,1,Sorghum::RealV6_高粱_sample4,Sorghum
481,12,2,Brown rice::RealV6_糙米_sample3,Brown rice
481,12,3,Wheat bran::RealV6_小麦麸_sample5,Wheat bran
481,12,4,Cassava::RealV6_木薯_sample3,Cassava
481,12,5,Paddy rice::RealV6_稻谷_sample5,Paddy rice
481,12,6,Rapeseed cake::RealV6_菜籽饼_sample10,Rapeseed cake
481,12,7,Cassava::RealV6_木薯_sample4,Cassava
481,12,8,Wheat::RealV6_小麦_sample3,Wheat
481,12,9,Barley::RealV6_大麦_sample7,Barley
481,12,10,Rapeseed cake::RealV6_菜籽饼_sample4,Rapeseed cake
481,12,11,Wheat bran::RealV6_小麦麸_sample10,Wheat bran
481,12,12,Sorghum::RealV6_高粱_sample7,Sorghum
482,3,1,Cassava::RealV6_木薯_sample10,Cassava
482,3,2,Rice bran::RealV6_米糠_sample7,Rice bran
482,3,3,Sorghum::RealV6_高粱_sample4,Sorghum
482,6,1,Cassava::RealV6_木薯_sample10,Cassava
482,6,2,Rice bran::RealV6_米糠_sample7,Rice bran
482,6,3,Sorghum::RealV6_高粱_sample4,Sorghum
482,6,4,Rice bran::RealV6_米糠_sample1,Rice bran
482,6,5,Wheat::RealV6_小麦_sample5,Wheat
482,6,6,Barley::RealV6_大麦_sample3,Barley
482,9,1,Cassava::RealV6_木薯_sample10,Cassava
482,9,2,Rice bran::RealV6_米糠_sample7,Rice bran
482,9,3,Sorghum::RealV6_高粱_sample4,Sorghum
482,9,4,Rice bran::RealV6_米糠_sample1,Rice bran
482,9,5,Wheat::RealV6_小麦_sample5,Wheat
482,9,6,Barley::RealV6_大麦_sample3,Barley
482,9,7,Rice bran::RealV6_米糠_sample6,Rice bran
482,9,8,Rapeseed cake::RealV6_菜籽饼_sample6,Rapeseed cake
482,9,9,Rapeseed cake::RealV6_菜籽饼_sample3,Rapeseed cake
482,12,1,Cassava::RealV6_木薯_sample10,Cassava
482,12,2,Rice bran::RealV6_米糠_sample7,Rice bran
482,12,3,Sorghum::RealV6_高粱_sample4,Sorghum
482,12,4,Rice bran::RealV6_米糠_sample1,Rice bran
482,12,5,Wheat::RealV6_小麦_sample5,Wheat
482,12,6,Barley::RealV6_大麦_sample3,Barley
482,12,7,Rice bran::RealV6_米糠_sample6,Rice bran
482,12,8,Rapeseed cake::RealV6_菜籽饼_sample6,Rapeseed cake
482,12,9,Rapeseed cake::RealV6_菜籽饼_sample3,Rapeseed cake
482,12,10,Paddy rice::RealV6_稻谷_sample5,Paddy rice
482,12,11,Wheat bran::RealV6_小麦麸_sample1,Wheat bran
482,12,12,Wheat bran::RealV6_小麦麸_sample10,Wheat bran
483,3,1,Brown rice::RealV6_糙米_sample7,Brown rice
483,3,2,Wheat bran::RealV6_小麦麸_sample5,Wheat bran
483,3,3,Brown rice::RealV6_糙米_sample9,Brown rice
483,6,1,Brown rice::RealV6_糙米_sample7,Brown rice
483,6,2,Wheat bran::RealV6_小麦麸_sample5,Wheat bran
483,6,3,Brown rice::RealV6_糙米_sample9,Brown rice
483,6,4,Wheat::RealV6_小麦_sample8,Wheat
483,6,5,Paddy rice::RealV6_稻谷_sample10,Paddy rice
483,6,6,Wheat::RealV6_小麦_sample1,Wheat
483,9,1,Brown rice::RealV6_糙米_sample7,Brown rice
483,9,2,Wheat bran::RealV6_小麦麸_sample5,Wheat bran
483,9,3,Brown rice::RealV6_糙米_sample9,Brown rice
483,9,4,Wheat::RealV6_小麦_sample8,Wheat
483,9,5,Paddy rice::RealV6_稻谷_sample10,Paddy rice
483,9,6,Wheat::RealV6_小麦_sample1,Wheat
483,9,7,Rapeseed cake::RealV6_菜籽饼_sample7,Rapeseed cake
483,9,8,Cassava::RealV6_木薯_sample10,Cassava
483,9,9,Sorghum::RealV6_高粱_sample9,Sorghum
483,12,1,Brown rice::RealV6_糙米_sample7,Brown rice
483,12,2,Wheat bran::RealV6_小麦麸_sample5,Wheat bran
483,12,3,Brown rice::RealV6_糙米_sample9,Brown rice
483,12,4,Wheat::RealV6_小麦_sample8,Wheat
483,12,5,Paddy rice::RealV6_稻谷_sample10,Paddy rice
483,12,6,Wheat::RealV6_小麦_sample1,Wheat
483,12,7,Rapeseed cake::RealV6_菜籽饼_sample7,Rapeseed cake
483,12,8,Cassava::RealV6_木薯_sample10,Cassava
483,12,9,Sorghum::RealV6_高粱_sample9,Sorghum
483,12,10,Barley::RealV6_大麦_sample7,Barley
483,12,11,Barley::RealV6_大麦_sample8,Barley
483,12,12,Wheat bran::RealV6_小麦麸_sample9,Wheat bran
484,3,1,Paddy rice::RealV6_稻谷_sample11,Paddy rice
484,3,2,Wheat bran::RealV6_小麦麸_sample2,Wheat bran
484,3,3,Rice bran::RealV6_米糠_sample8,Rice bran
484,6,1,Paddy rice::RealV6_稻谷_sample11,Paddy rice
484,6,2,Wheat bran::RealV6_小麦麸_sample2,Wheat bran
484,6,3,Rice bran::RealV6_米糠_sample8,Rice bran
484,6,4,Barley::RealV6_大麦_sample8,Barley
484,6,5,Barley::RealV6_大麦_sample2,Barley
484,6,6,Paddy rice::RealV6_稻谷_sample7,Paddy rice
484,9,1,Paddy rice::RealV6_稻谷_sample11,Paddy rice
484,9,2,Wheat bran::RealV6_小麦麸_sample2,Wheat bran
484,9,3,Rice bran::RealV6_米糠_sample8,Rice bran
484,9,4,Barley::RealV6_大麦_sample8,Barley
484,9,5,Barley::RealV6_大麦_sample2,Barley
484,9,6,Paddy rice::RealV6_稻谷_sample7,Paddy rice
484,9,7,Sorghum::RealV6_高粱_sample10,Sorghum
484,9,8,Paddy rice::RealV6_稻谷_sample6,Paddy rice
484,9,9,Wheat::RealV6_小麦_sample4,Wheat
484,12,1,Paddy rice::RealV6_稻谷_sample11,Paddy rice
484,12,2,Wheat bran::RealV6_小麦麸_sample2,Wheat bran
484,12,3,Rice bran::RealV6_米糠_sample8,Rice bran
484,12,4,Barley::RealV6_大麦_sample8,Barley
484,12,5,Barley::RealV6_大麦_sample2,Barley
484,12,6,Paddy rice::RealV6_稻谷_sample7,Paddy rice
484,12,7,Sorghum::RealV6_高粱_sample10,Sorghum
484,12,8,Paddy rice::RealV6_稻谷_sample6,Paddy rice
484,12,9,Wheat::RealV6_小麦_sample4,Wheat
484,12,10,Paddy rice::RealV6_稻谷_sample4,Paddy rice
484,12,11,Wheat::RealV6_小麦_sample9,Wheat
484,12,12,Rice bran::RealV6_米糠_sample1,Rice bran
485,3,1,Wheat bran::RealV6_小麦麸_sample2,Wheat bran
485,3,2,Wheat bran::RealV6_小麦麸_sample7,Wheat bran
485,3,3,Cassava::RealV6_木薯_sample1,Cassava
485,6,1,Wheat bran::RealV6_小麦麸_sample2,Wheat bran
485,6,2,Wheat bran::RealV6_小麦麸_sample7,Wheat bran
485,6,3,Cassava::RealV6_木薯_sample1,Cassava
485,6,4,Wheat bran::RealV6_小麦麸_sample5,Wheat bran
485,6,5,Wheat bran::RealV6_小麦麸_sample1,Wheat bran
485,6,6,Wheat bran::RealV6_小麦麸_sample4,Wheat bran
485,9,1,Wheat bran::RealV6_小麦麸_sample2,Wheat bran
485,9,2,Wheat bran::RealV6_小麦麸_sample7,Wheat bran
485,9,3,Cassava::RealV6_木薯_sample1,Cassava
485,9,4,Wheat bran::RealV6_小麦麸_sample5,Wheat bran
485,9,5,Wheat bran::RealV6_小麦麸_sample1,Wheat bran
485,9,6,Wheat bran::RealV6_小麦麸_sample4,Wheat bran
485,9,7,Wheat::RealV6_小麦_sample4,Wheat
485,9,8,Paddy rice::RealV6_稻谷_sample7,Paddy rice
485,9,9,Barley::RealV6_大麦_sample5,Barley
485,12,1,Wheat bran::RealV6_小麦麸_sample2,Wheat bran
485,12,2,Wheat bran::RealV6_小麦麸_sample7,Wheat bran
485,12,3,Cassava::RealV6_木薯_sample1,Cassava
485,12,4,Wheat bran::RealV6_小麦麸_sample5,Wheat bran
485,12,5,Wheat bran::RealV6_小麦麸_sample1,Wheat bran
485,12,6,Wheat bran::RealV6_小麦麸_sample4,Wheat bran
485,12,7,Wheat::RealV6_小麦_sample4,Wheat
485,12,8,Paddy rice::RealV6_稻谷_sample7,Paddy rice
485,12,9,Barley::RealV6_大麦_sample5,Barley
485,12,10,Paddy rice::RealV6_稻谷_sample5,Paddy rice
485,12,11,Brown rice::RealV6_糙米_sample2,Brown rice
485,12,12,Rice bran::RealV6_米糠_sample1,Rice bran
486,3,1,Rapeseed cake::RealV6_菜籽饼_sample9,Rapeseed cake
486,3,2,Wheat::RealV6_小麦_sample9,Wheat
486,3,3,Barley::RealV6_大麦_sample7,Barley
486,6,1,Rapeseed cake::RealV6_菜籽饼_sample9,Rapeseed cake
486,6,2,Wheat::RealV6_小麦_sample9,Wheat
486,6,3,Barley::RealV6_大麦_sample7,Barley
486,6,4,Brown rice::RealV6_糙米_sample3,Brown rice
486,6,5,Paddy rice::RealV6_稻谷_sample3,Paddy rice
486,6,6,Sorghum::RealV6_高粱_sample3,Sorghum
486,9,1,Rapeseed cake::RealV6_菜籽饼_sample9,Rapeseed cake
486,9,2,Wheat::RealV6_小麦_sample9,Wheat
486,9,3,Barley::RealV6_大麦_sample7,Barley
486,9,4,Brown rice::RealV6_糙米_sample3,Brown rice
486,9,5,Paddy rice::RealV6_稻谷_sample3,Paddy rice
486,9,6,Sorghum::RealV6_高粱_sample3,Sorghum
486,9,7,Rapeseed cake::RealV6_菜籽饼_sample6,Rapeseed cake
486,9,8,Sorghum::RealV6_高粱_sample9,Sorghum
486,9,9,Barley::RealV6_大麦_sample5,Barley
486,12,1,Rapeseed cake::RealV6_菜籽饼_sample9,Rapeseed cake
486,12,2,Wheat::RealV6_小麦_sample9,Wheat
486,12,3,Barley::RealV6_大麦_sample7,Barley
486,12,4,Brown rice::RealV6_糙米_sample3,Brown rice
486,12,5,Paddy rice::RealV6_稻谷_sample3,Paddy rice
486,12,6,Sorghum::RealV6_高粱_sample3,Sorghum
486,12,7,Rapeseed cake::RealV6_菜籽饼_sample6,Rapeseed cake
486,12,8,Sorghum::RealV6_高粱_sample9,Sorghum
486,12,9,Barley::RealV6_大麦_sample5,Barley
486,12,10,Rapeseed cake::RealV6_菜籽饼_sample3,Rapeseed cake
486,12,11,Barley::RealV6_大麦_sample10,Barley
486,12,12,Wheat bran::RealV6_小麦麸_sample3,Wheat bran
487,3,1,Wheat::RealV6_小麦_sample8,Wheat
487,3,2,Wheat::RealV6_小麦_sample6,Wheat
487,3,3,Cassava::RealV6_木薯_sample8,Cassava
487,6,1,Wheat::RealV6_小麦_sample8,Wheat
487,6,2,Wheat::RealV6_小麦_sample6,Wheat
487,6,3,Cassava::RealV6_木薯_sample8,Cassava
487,6,4,Brown rice::RealV6_糙米_sample8,Brown rice
487,6,5,Paddy rice::RealV6_稻谷_sample7,Paddy rice
487,6,6,Barley::RealV6_大麦_sample6,Barley
487,9,1,Wheat::RealV6_小麦_sample8,Wheat
487,9,2,Wheat::RealV6_小麦_sample6,Wheat
487,9,3,Cassava::RealV6_木薯_sample8,Cassava
487,9,4,Brown rice::RealV6_糙米_sample8,Brown rice
487,9,5,Paddy rice::RealV6_稻谷_sample7,Paddy rice
487,9,6,Barley::RealV6_大麦_sample6,Barley
487,9,7,Barley::RealV6_大麦_sample1,Barley
487,9,8,Barley::RealV6_大麦_sample3,Barley
487,9,9,Barley::RealV6_大麦_sample10,Barley
487,12,1,Wheat::RealV6_小麦_sample8,Wheat
487,12,2,Wheat::RealV6_小麦_sample6,Wheat
487,12,3,Cassava::RealV6_木薯_sample8,Cassava
487,12,4,Brown rice::RealV6_糙米_sample8,Brown rice
487,12,5,Paddy rice::RealV6_稻谷_sample7,Paddy rice
487,12,6,Barley::RealV6_大麦_sample6,Barley
487,12,7,Barley::RealV6_大麦_sample1,Barley
487,12,8,Barley::RealV6_大麦_sample3,Barley
487,12,9,Barley::RealV6_大麦_sample10,Barley
487,12,10,Brown rice::RealV6_糙米_sample2,Brown rice
487,12,11,Sorghum::RealV6_高粱_sample8,Sorghum
487,12,12,Sorghum::RealV6_高粱_sample10,Sorghum
488,3,1,Wheat bran::RealV6_小麦麸_sample3,Wheat bran
488,3,2,Rice bran::RealV6_米糠_sample9,Rice bran
488,3,3,Paddy rice::RealV6_稻谷_sample8,Paddy rice
488,6,1,Wheat bran::RealV6_小麦麸_sample3,Wheat bran
488,6,2,Rice bran::RealV6_米糠_sample9,Rice bran
488,6,3,Paddy rice::RealV6_稻谷_sample8,Paddy rice
488,6,4,Brown rice::RealV6_糙米_sample4,Brown rice
488,6,5,Wheat bran::RealV6_小麦麸_sample4,Wheat bran
488,6,6,Rice bran::RealV6_米糠_sample5,Rice bran
488,9,1,Wheat bran::RealV6_小麦麸_sample3,Wheat bran
488,9,2,Rice bran::RealV6_米糠_sample9,Rice bran
488,9,3,Paddy rice::RealV6_稻谷_sample8,Paddy rice
488,9,4,Brown rice::RealV6_糙米_sample4,Brown rice
488,9,5,Wheat bran::RealV6_小麦麸_sample4,Wheat bran
488,9,6,Rice bran::RealV6_米糠_sample5,Rice bran
488,9,7,Rapeseed cake::RealV6_菜籽饼_sample5,Rapeseed cake
488,9,8,Barley::RealV6_大麦_sample7,Barley
488,9,9,Wheat bran::RealV6_小麦麸_sample5,Wheat bran
488,12,1,Wheat bran::RealV6_小麦麸_sample3,Wheat bran
488,12,2,Rice bran::RealV6_米糠_sample9,Rice bran
488,12,3,Paddy rice::RealV6_稻谷_sample8,Paddy rice
488,12,4,Brown rice::RealV6_糙米_sample4,Brown rice
488,12,5,Wheat bran::RealV6_小麦麸_sample4,Wheat bran
488,12,6,Rice bran::RealV6_米糠_sample5,Rice bran
488,12,7,Rapeseed cake::RealV6_菜籽饼_sample5,Rapeseed cake
488,12,8,Barley::RealV6_大麦_sample7,Barley
488,12,9,Wheat bran::RealV6_小麦麸_sample5,Wheat bran
488,12,10,Barley::RealV6_大麦_sample5,Barley
488,12,11,Rice bran::RealV6_米糠_sample6,Rice bran
488,12,12,Wheat::RealV6_小麦_sample3,Wheat
489,3,1,Wheat::RealV6_小麦_sample3,Wheat
489,3,2,Rapeseed cake::RealV6_菜籽饼_sample5,Rapeseed cake
489,3,3,Paddy rice::RealV6_稻谷_sample9,Paddy rice
489,6,1,Wheat::RealV6_小麦_sample3,Wheat
489,6,2,Rapeseed cake::RealV6_菜籽饼_sample5,Rapeseed cake
489,6,3,Paddy rice::RealV6_稻谷_sample9,Paddy rice
489,6,4,Rice bran::RealV6_米糠_sample6,Rice bran
489,6,5,Wheat::RealV6_小麦_sample1,Wheat
489,6,6,Rice bran::RealV6_米糠_sample9,Rice bran
489,9,1,Wheat::RealV6_小麦_sample3,Wheat
489,9,2,Rapeseed cake::RealV6_菜籽饼_sample5,Rapeseed cake
489,9,3,Paddy rice::RealV6_稻谷_sample9,Paddy rice
489,9,4,Rice bran::RealV6_米糠_sample6,Rice bran
489,9,5,Wheat::RealV6_小麦_sample1,Wheat
489,9,6,Rice bran::RealV6_米糠_sample9,Rice bran
489,9,7,Wheat bran::RealV6_小麦麸_sample9,Wheat bran
489,9,8,Wheat bran::RealV6_小麦麸_sample4,Wheat bran
489,9,9,Sorghum::RealV6_高粱_sample1,Sorghum
489,12,1,Wheat::RealV6_小麦_sample3,Wheat
489,12,2,Rapeseed cake::RealV6_菜籽饼_sample5,Rapeseed cake
489,12,3,Paddy rice::RealV6_稻谷_sample9,Paddy rice
489,12,4,Rice bran::RealV6_米糠_sample6,Rice bran
489,12,5,Wheat::RealV6_小麦_sample1,Wheat
489,12,6,Rice bran::RealV6_米糠_sample9,Rice bran
489,12,7,Wheat bran::RealV6_小麦麸_sample9,Wheat bran
489,12,8,Wheat bran::RealV6_小麦麸_sample4,Wheat bran
489,12,9,Sorghum::RealV6_高粱_sample1,Sorghum
489,12,10,Wheat::RealV6_小麦_sample7,Wheat
489,12,11,Rice bran::RealV6_米糠_sample7,Rice bran
489,12,12,Cassava::RealV6_木薯_sample7,Cassava
490,3,1,Rapeseed cake::RealV6_菜籽饼_sample3,Rapeseed cake
490,3,2,Sorghum::RealV6_高粱_sample4,Sorghum
490,3,3,Barley::RealV6_大麦_sample5,Barley
490,6,1,Rapeseed cake::RealV6_菜籽饼_sample3,Rapeseed cake
490,6,2,Sorghum::RealV6_高粱_sample4,Sorghum
490,6,3,Barley::RealV6_大麦_sample5,Barley
490,6,4,Wheat::RealV6_小麦_sample2,Wheat
490,6,5,Barley::RealV6_大麦_sample1,Barley
490,6,6,Sorghum::RealV6_高粱_sample10,Sorghum
490,9,1,Rapeseed cake::RealV6_菜籽饼_sample3,Rapeseed cake
490,9,2,Sorghum::RealV6_高粱_sample4,Sorghum
490,9,3,Barley::RealV6_大麦_sample5,Barley
490,9,4,Wheat::RealV6_小麦_sample2,Wheat
490,9,5,Barley::RealV6_大麦_sample1,Barley
490,9,6,Sorghum::RealV6_高粱_sample10,Sorghum
490,9,7,Wheat bran::RealV6_小麦麸_sample5,Wheat bran
490,9,8,Paddy rice::RealV6_稻谷_sample3,Paddy rice
490,9,9,Wheat bran::RealV6_小麦麸_sample10,Wheat bran
490,12,1,Rapeseed cake::RealV6_菜籽饼_sample3,Rapeseed cake
490,12,2,Sorghum::RealV6_高粱_sample4,Sorghum
490,12,3,Barley::RealV6_大麦_sample5,Barley
490,12,4,Wheat::RealV6_小麦_sample2,Wheat
490,12,5,Barley::RealV6_大麦_sample1,Barley
490,12,6,Sorghum::RealV6_高粱_sample10,Sorghum
490,12,7,Wheat bran::RealV6_小麦麸_sample5,Wheat bran
490,12,8,Paddy rice::RealV6_稻谷_sample3,Paddy rice
490,12,9,Wheat bran::RealV6_小麦麸_sample10,Wheat bran
490,12,10,Wheat bran::RealV6_小麦麸_sample2,Wheat bran
490,12,11,Sorghum::RealV6_高粱_sample6,Sorghum
490,12,12,Rapeseed cake::RealV6_菜籽饼_sample2,Rapeseed cake
491,3,1,Wheat::RealV6_小麦_sample3,Wheat
491,3,2,Brown rice::RealV6_糙米_sample6,Brown rice
491,3,3,Rice bran::RealV6_米糠_sample4,Rice bran
491,6,1,Wheat::RealV6_小麦_sample3,Wheat
491,6,2,Brown rice::RealV6_糙米_sample6,Brown rice
491,6,3,Rice bran::RealV6_米糠_sample4,Rice bran
491,6,4,Rapeseed cake::RealV6_菜籽饼_sample10,Rapeseed cake
491,6,5,Rice bran::RealV6_米糠_sample1,Rice bran
491,6,6,Sorghum::RealV6_高粱_sample6,Sorghum
491,9,1,Wheat::RealV6_小麦_sample3,Wheat
491,9,2,Brown rice::RealV6_糙米_sample6,Brown rice
491,9,3,Rice bran::RealV6_米糠_sample4,Rice bran
491,9,4,Rapeseed cake::RealV6_菜籽饼_sample10,Rapeseed cake
491,9,5,Rice bran::RealV6_米糠_sample1,Rice bran
491,9,6,Sorghum::RealV6_高粱_sample6,Sorghum
491,9,7,Paddy rice::RealV6_稻谷_sample5,Paddy rice
491,9,8,Rice bran::RealV6_米糠_sample9,Rice bran
491,9,9,Rapeseed cake::RealV6_菜籽饼_sample5,Rapeseed cake
491,12,1,Wheat::RealV6_小麦_sample3,Wheat
491,12,2,Brown rice::RealV6_糙米_sample6,Brown rice
491,12,3,Rice bran::RealV6_米糠_sample4,Rice bran
491,12,4,Rapeseed cake::RealV6_菜籽饼_sample10,Rapeseed cake
491,12,5,Rice bran::RealV6_米糠_sample1,Rice bran
491,12,6,Sorghum::RealV6_高粱_sample6,Sorghum
491,12,7,Paddy rice::RealV6_稻谷_sample5,Paddy rice
491,12,8,Rice bran::RealV6_米糠_sample9,Rice bran
491,12,9,Rapeseed cake::RealV6_菜籽饼_sample5,Rapeseed cake
491,12,10,Sorghum::RealV6_高粱_sample1,Sorghum
491,12,11,Barley::RealV6_大麦_sample2,Barley
491,12,12,Sorghum::RealV6_高粱_sample10,Sorghum
492,3,1,Wheat bran::RealV6_小麦麸_sample10,Wheat bran
492,3,2,Rice bran::RealV6_米糠_sample6,Rice bran
492,3,3,Barley::RealV6_大麦_sample9,Barley
492,6,1,Wheat bran::RealV6_小麦麸_sample10,Wheat bran
492,6,2,Rice bran::RealV6_米糠_sample6,Rice bran
492,6,3,Barley::RealV6_大麦_sample9,Barley
492,6,4,Wheat::RealV6_小麦_sample8,Wheat
492,6,5,Paddy rice::RealV6_稻谷_sample5,Paddy rice
492,6,6,Rapeseed cake::RealV6_菜籽饼_sample1,Rapeseed cake
492,9,1,Wheat bran::RealV6_小麦麸_sample10,Wheat bran
492,9,2,Rice bran::RealV6_米糠_sample6,Rice bran
492,9,3,Barley::RealV6_大麦_sample9,Barley
492,9,4,Wheat::RealV6_小麦_sample8,Wheat
492,9,5,Paddy rice::RealV6_稻谷_sample5,Paddy rice
492,9,6,Rapeseed cake::RealV6_菜籽饼_sample1,Rapeseed cake
492,9,7,Rapeseed cake::RealV6_菜籽饼_sample10,Rapeseed cake
492,9,8,Sorghum::RealV6_高粱_sample3,Sorghum
492,9,9,Brown rice::RealV6_糙米_sample3,Brown rice
492,12,1,Wheat bran::RealV6_小麦麸_sample10,Wheat bran
492,12,2,Rice bran::RealV6_米糠_sample6,Rice bran
492,12,3,Barley::RealV6_大麦_sample9,Barley
492,12,4,Wheat::RealV6_小麦_sample8,Wheat
492,12,5,Paddy rice::RealV6_稻谷_sample5,Paddy rice
492,12,6,Rapeseed cake::RealV6_菜籽饼_sample1,Rapeseed cake
492,12,7,Rapeseed cake::RealV6_菜籽饼_sample10,Rapeseed cake
492,12,8,Sorghum::RealV6_高粱_sample3,Sorghum
492,12,9,Brown rice::RealV6_糙米_sample3,Brown rice
492,12,10,Wheat bran::RealV6_小麦麸_sample9,Wheat bran
492,12,11,Barley::RealV6_大麦_sample10,Barley
492,12,12,Wheat bran::RealV6_小麦麸_sample5,Wheat bran
493,3,1,Cassava::RealV6_木薯_sample3,Cassava
493,3,2,Wheat::RealV6_小麦_sample3,Wheat
493,3,3,Wheat bran::RealV6_小麦麸_sample1,Wheat bran
493,6,1,Cassava::RealV6_木薯_sample3,Cassava
493,6,2,Wheat::RealV6_小麦_sample3,Wheat
493,6,3,Wheat bran::RealV6_小麦麸_sample1,Wheat bran
493,6,4,Brown rice::RealV6_糙米_sample4,Brown rice
493,6,5,Cassava::RealV6_木薯_sample8,Cassava
493,6,6,Barley::RealV6_大麦_sample10,Barley
493,9,1,Cassava::RealV6_木薯_sample3,Cassava
493,9,2,Wheat::RealV6_小麦_sample3,Wheat
493,9,3,Wheat bran::RealV6_小麦麸_sample1,Wheat bran
493,9,4,Brown rice::RealV6_糙米_sample4,Brown rice
493,9,5,Cassava::RealV6_木薯_sample8,Cassava
493,9,6,Barley::RealV6_大麦_sample10,Barley
493,9,7,Wheat bran::RealV6_小麦麸_sample5,Wheat bran
493,9,8,Rice bran::RealV6_米糠_sample6,Rice bran
493,9,9,Sorghum::RealV6_高粱_sample7,Sorghum
493,12,1,Cassava::RealV6_木薯_sample3,Cassava
493,12,2,Wheat::RealV6_小麦_sample3,Wheat
493,12,3,Wheat bran::RealV6_小麦麸_sample1,Wheat bran
493,12,4,Brown rice::RealV6_糙米_sample4,Brown rice
493,12,5,Cassava::RealV6_木薯_sample8,Cassava
493,12,6,Barley::RealV6_大麦_sample10,Barley
493,12,7,Wheat bran::RealV6_小麦麸_sample5,Wheat bran
493,12,8,Rice bran::RealV6_米糠_sample6,Rice bran
493,12,9,Sorghum::RealV6_高粱_sample7,Sorghum
493,12,10,Paddy rice::RealV6_稻谷_sample6,Paddy rice
493,12,11,Rice bran::RealV6_米糠_sample4,Rice bran
493,12,12,Brown rice::RealV6_糙米_sample5,Brown rice
494,3,1,Rice bran::RealV6_米糠_sample8,Rice bran
494,3,2,Cassava::RealV6_木薯_sample6,Cassava
494,3,3,Rapeseed cake::RealV6_菜籽饼_sample1,Rapeseed cake
494,6,1,Rice bran::RealV6_米糠_sample8,Rice bran
494,6,2,Cassava::RealV6_木薯_sample6,Cassava
494,6,3,Rapeseed cake::RealV6_菜籽饼_sample1,Rapeseed cake
494,6,4,Barley::RealV6_大麦_sample2,Barley
494,6,5,Cassava::RealV6_木薯_sample9,Cassava
494,6,6,Wheat::RealV6_小麦_sample2,Wheat
494,9,1,Rice bran::RealV6_米糠_sample8,Rice bran
494,9,2,Cassava::RealV6_木薯_sample6,Cassava
494,9,3,Rapeseed cake::RealV6_菜籽饼_sample1,Rapeseed cake
494,9,4,Barley::RealV6_大麦_sample2,Barley
494,9,5,Cassava::RealV6_木薯_sample9,Cassava
494,9,6,Wheat::RealV6_小麦_sample2,Wheat
494,9,7,Barley::RealV6_大麦_sample1,Barley
494,9,8,Paddy rice::RealV6_稻谷_sample5,Paddy rice
494,9,9,Barley::RealV6_大麦_sample9,Barley
494,12,1,Rice bran::RealV6_米糠_sample8,Rice bran
494,12,2,Cassava::RealV6_木薯_sample6,Cassava
494,12,3,Rapeseed cake::RealV6_菜籽饼_sample1,Rapeseed cake
494,12,4,Barley::RealV6_大麦_sample2,Barley
494,12,5,Cassava::RealV6_木薯_sample9,Cassava
494,12,6,Wheat::RealV6_小麦_sample2,Wheat
494,12,7,Barley::RealV6_大麦_sample1,Barley
494,12,8,Paddy rice::RealV6_稻谷_sample5,Paddy rice
494,12,9,Barley::RealV6_大麦_sample9,Barley
494,12,10,Rice bran::RealV6_米糠_sample7,Rice bran
494,12,11,Paddy rice::RealV6_稻谷_sample3,Paddy rice
494,12,12,Rapeseed cake::RealV6_菜籽饼_sample7,Rapeseed cake
495,3,1,Barley::RealV6_大麦_sample4,Barley
495,3,2,Wheat::RealV6_小麦_sample2,Wheat
495,3,3,Cassava::RealV6_木薯_sample5,Cassava
495,6,1,Barley::RealV6_大麦_sample4,Barley
495,6,2,Wheat::RealV6_小麦_sample2,Wheat
495,6,3,Cassava::RealV6_木薯_sample5,Cassava
495,6,4,Rice bran::RealV6_米糠_sample4,Rice bran
495,6,5,Cassava::RealV6_木薯_sample9,Cassava
495,6,6,Barley::RealV6_大麦_sample9,Barley
495,9,1,Barley::RealV6_大麦_sample4,Barley
495,9,2,Wheat::RealV6_小麦_sample2,Wheat
495,9,3,Cassava::RealV6_木薯_sample5,Cassava
495,9,4,Rice bran::RealV6_米糠_sample4,Rice bran
495,9,5,Cassava::RealV6_木薯_sample9,Cassava
495,9,6,Barley::RealV6_大麦_sample9,Barley
495,9,7,Rapeseed cake::RealV6_菜籽饼_sample9,Rapeseed cake
495,9,8,Paddy rice::RealV6_稻谷_sample5,Paddy rice
495,9,9,Sorghum::RealV6_高粱_sample4,Sorghum
495,12,1,Barley::RealV6_大麦_sample4,Barley
495,12,2,Wheat::RealV6_小麦_sample2,Wheat
495,12,3,Cassava::RealV6_木薯_sample5,Cassava
495,12,4,Rice bran::RealV6_米糠_sample4,Rice bran
495,12,5,Cassava::RealV6_木薯_sample9,Cassava
495,12,6,Barley::RealV6_大麦_sample9,Barley
495,12,7,Rapeseed cake::RealV6_菜籽饼_sample9,Rapeseed cake
495,12,8,Paddy rice::RealV6_稻谷_sample5,Paddy rice
495,12,9,Sorghum::RealV6_高粱_sample4,Sorghum
495,12,10,Rapeseed cake::RealV6_菜籽饼_sample3,Rapeseed cake
495,12,11,Wheat::RealV6_小麦_sample6,Wheat
495,12,12,Wheat bran::RealV6_小麦麸_sample7,Wheat bran
496,3,1,Rice bran::RealV6_米糠_sample6,Rice bran
496,3,2,Barley::RealV6_大麦_sample7,Barley
496,3,3,Paddy rice::RealV6_稻谷_sample10,Paddy rice
496,6,1,Rice bran::RealV6_米糠_sample6,Rice bran
496,6,2,Barley::RealV6_大麦_sample7,Barley
496,6,3,Paddy rice::RealV6_稻谷_sample10,Paddy rice
496,6,4,Barley::RealV6_大麦_sample2,Barley
496,6,5,Brown rice::RealV6_糙米_sample7,Brown rice
496,6,6,Rapeseed cake::RealV6_菜籽饼_sample3,Rapeseed cake
496,9,1,Rice bran::RealV6_米糠_sample6,Rice bran
496,9,2,Barley::RealV6_大麦_sample7,Barley
496,9,3,Paddy rice::RealV6_稻谷_sample10,Paddy rice
496,9,4,Barley::RealV6_大麦_sample2,Barley
496,9,5,Brown rice::RealV6_糙米_sample7,Brown rice
496,9,6,Rapeseed cake::RealV6_菜籽饼_sample3,Rapeseed cake
496,9,7,Brown rice::RealV6_糙米_sample2,Brown rice
496,9,8,Brown rice::RealV6_糙米_sample4,Brown rice
496,9,9,Paddy rice::RealV6_稻谷_sample1,Paddy rice
496,12,1,Rice bran::RealV6_米糠_sample6,Rice bran
496,12,2,Barley::RealV6_大麦_sample7,Barley
496,12,3,Paddy rice::RealV6_稻谷_sample10,Paddy rice
496,12,4,Barley::RealV6_大麦_sample2,Barley
496,12,5,Brown rice::RealV6_糙米_sample7,Brown rice
496,12,6,Rapeseed cake::RealV6_菜籽饼_sample3,Rapeseed cake
496,12,7,Brown rice::RealV6_糙米_sample2,Brown rice
496,12,8,Brown rice::RealV6_糙米_sample4,Brown rice
496,12,9,Paddy rice::RealV6_稻谷_sample1,Paddy rice
496,12,10,Rice bran::RealV6_米糠_sample4,Rice bran
496,12,11,Rapeseed cake::RealV6_菜籽饼_sample2,Rapeseed cake
496,12,12,Wheat::RealV6_小麦_sample8,Wheat
497,3,1,Barley::RealV6_大麦_sample9,Barley
497,3,2,Cassava::RealV6_木薯_sample9,Cassava
497,3,3,Wheat bran::RealV6_小麦麸_sample9,Wheat bran
497,6,1,Barley::RealV6_大麦_sample9,Barley
497,6,2,Cassava::RealV6_木薯_sample9,Cassava
497,6,3,Wheat bran::RealV6_小麦麸_sample9,Wheat bran
497,6,4,Cassava::RealV6_木薯_sample5,Cassava
497,6,5,Brown rice::RealV6_糙米_sample8,Brown rice
497,6,6,Paddy rice::RealV6_稻谷_sample4,Paddy rice
497,9,1,Barley::RealV6_大麦_sample9,Barley
497,9,2,Cassava::RealV6_木薯_sample9,Cassava
497,9,3,Wheat bran::RealV6_小麦麸_sample9,Wheat bran
497,9,4,Cassava::RealV6_木薯_sample5,Cassava
497,9,5,Brown rice::RealV6_糙米_sample8,Brown rice
497,9,6,Paddy rice::RealV6_稻谷_sample4,Paddy rice
497,9,7,Paddy rice::RealV6_稻谷_sample9,Paddy rice
497,9,8,Rapeseed cake::RealV6_菜籽饼_sample9,Rapeseed cake
497,9,9,Rice bran::RealV6_米糠_sample1,Rice bran
497,12,1,Barley::RealV6_大麦_sample9,Barley
497,12,2,Cassava::RealV6_木薯_sample9,Cassava
497,12,3,Wheat bran::RealV6_小麦麸_sample9,Wheat bran
497,12,4,Cassava::RealV6_木薯_sample5,Cassava
497,12,5,Brown rice::RealV6_糙米_sample8,Brown rice
497,12,6,Paddy rice::RealV6_稻谷_sample4,Paddy rice
497,12,7,Paddy rice::RealV6_稻谷_sample9,Paddy rice
497,12,8,Rapeseed cake::RealV6_菜籽饼_sample9,Rapeseed cake
497,12,9,Rice bran::RealV6_米糠_sample1,Rice bran
497,12,10,Barley::RealV6_大麦_sample7,Barley
497,12,11,Wheat bran::RealV6_小麦麸_sample1,Wheat bran
497,12,12,Cassava::RealV6_木薯_sample6,Cassava
498,3,1,Cassava::RealV6_木薯_sample2,Cassava
498,3,2,Rapeseed cake::RealV6_菜籽饼_sample4,Rapeseed cake
498,3,3,Paddy rice::RealV6_稻谷_sample8,Paddy rice
498,6,1,Cassava::RealV6_木薯_sample2,Cassava
498,6,2,Rapeseed cake::RealV6_菜籽饼_sample4,Rapeseed cake
498,6,3,Paddy rice::RealV6_稻谷_sample8,Paddy rice
498,6,4,Brown rice::RealV6_糙米_sample4,Brown rice
498,6,5,Barley::RealV6_大麦_sample10,Barley
498,6,6,Rice bran::RealV6_米糠_sample2,Rice bran
498,9,1,Cassava::RealV6_木薯_sample2,Cassava
498,9,2,Rapeseed cake::RealV6_菜籽饼_sample4,Rapeseed cake
498,9,3,Paddy rice::RealV6_稻谷_sample8,Paddy rice
498,9,4,Brown rice::RealV6_糙米_sample4,Brown rice
498,9,5,Barley::RealV6_大麦_sample10,Barley
498,9,6,Rice bran::RealV6_米糠_sample2,Rice bran
498,9,7,Wheat bran::RealV6_小麦麸_sample4,Wheat bran
498,9,8,Wheat::RealV6_小麦_sample9,Wheat
498,9,9,Wheat::RealV6_小麦_sample3,Wheat
498,12,1,Cassava::RealV6_木薯_sample2,Cassava
498,12,2,Rapeseed cake::RealV6_菜籽饼_sample4,Rapeseed cake
498,12,3,Paddy rice::RealV6_稻谷_sample8,Paddy rice
498,12,4,Brown rice::RealV6_糙米_sample4,Brown rice
498,12,5,Barley::RealV6_大麦_sample10,Barley
498,12,6,Rice bran::RealV6_米糠_sample2,Rice bran
498,12,7,Wheat bran::RealV6_小麦麸_sample4,Wheat bran
498,12,8,Wheat::RealV6_小麦_sample9,Wheat
498,12,9,Wheat::RealV6_小麦_sample3,Wheat
498,12,10,Rapeseed cake::RealV6_菜籽饼_sample3,Rapeseed cake
498,12,11,Paddy rice::RealV6_稻谷_sample3,Paddy rice
498,12,12,Rice bran::RealV6_米糠_sample9,Rice bran
499,3,1,Wheat bran::RealV6_小麦麸_sample9,Wheat bran
499,3,2,Wheat bran::RealV6_小麦麸_sample6,Wheat bran
499,3,3,Rapeseed cake::RealV6_菜籽饼_sample8,Rapeseed cake
499,6,1,Wheat bran::RealV6_小麦麸_sample9,Wheat bran
499,6,2,Wheat bran::RealV6_小麦麸_sample6,Wheat bran
499,6,3,Rapeseed cake::RealV6_菜籽饼_sample8,Rapeseed cake
499,6,4,Wheat::RealV6_小麦_sample9,Wheat
499,6,5,Barley::RealV6_大麦_sample9,Barley
499,6,6,Paddy rice::RealV6_稻谷_sample1,Paddy rice
499,9,1,Wheat bran::RealV6_小麦麸_sample9,Wheat bran
499,9,2,Wheat bran::RealV6_小麦麸_sample6,Wheat bran
499,9,3,Rapeseed cake::RealV6_菜籽饼_sample8,Rapeseed cake
499,9,4,Wheat::RealV6_小麦_sample9,Wheat
499,9,5,Barley::RealV6_大麦_sample9,Barley
499,9,6,Paddy rice::RealV6_稻谷_sample1,Paddy rice
499,9,7,Rice bran::RealV6_米糠_sample9,Rice bran
499,9,8,Wheat::RealV6_小麦_sample3,Wheat
499,9,9,Rapeseed cake::RealV6_菜籽饼_sample9,Rapeseed cake
499,12,1,Wheat bran::RealV6_小麦麸_sample9,Wheat bran
499,12,2,Wheat bran::RealV6_小麦麸_sample6,Wheat bran
499,12,3,Rapeseed cake::RealV6_菜籽饼_sample8,Rapeseed cake
499,12,4,Wheat::RealV6_小麦_sample9,Wheat
499,12,5,Barley::RealV6_大麦_sample9,Barley
499,12,6,Paddy rice::RealV6_稻谷_sample1,Paddy rice
499,12,7,Rice bran::RealV6_米糠_sample9,Rice bran
499,12,8,Wheat::RealV6_小麦_sample3,Wheat
499,12,9,Rapeseed cake::RealV6_菜籽饼_sample9,Rapeseed cake
499,12,10,Wheat bran::RealV6_小麦麸_sample1,Wheat bran
499,12,11,Cassava::RealV6_木薯_sample5,Cassava
499,12,12,Cassava::RealV6_木薯_sample8,Cassava
500,3,1,Wheat::RealV6_小麦_sample5,Wheat
500,3,2,Brown rice::RealV6_糙米_sample4,Brown rice
500,3,3,Brown rice::RealV6_糙米_sample7,Brown rice
500,6,1,Wheat::RealV6_小麦_sample5,Wheat
500,6,2,Brown rice::RealV6_糙米_sample4,Brown rice
500,6,3,Brown rice::RealV6_糙米_sample7,Brown rice
500,6,4,Barley::RealV6_大麦_sample8,Barley
500,6,5,Rapeseed cake::RealV6_菜籽饼_sample3,Rapeseed cake
500,6,6,Cassava::RealV6_木薯_sample10,Cassava
500,9,1,Wheat::RealV6_小麦_sample5,Wheat
500,9,2,Brown rice::RealV6_糙米_sample4,Brown rice
500,9,3,Brown rice::RealV6_糙米_sample7,Brown rice
500,9,4,Barley::RealV6_大麦_sample8,Barley
500,9,5,Rapeseed cake::RealV6_菜籽饼_sample3,Rapeseed cake
500,9,6,Cassava::RealV6_木薯_sample10,Cassava
500,9,7,Rapeseed cake::RealV6_菜籽饼_sample8,Rapeseed cake
500,9,8,Barley::RealV6_大麦_sample4,Barley
500,9,9,Rapeseed cake::RealV6_菜籽饼_sample5,Rapeseed cake
500,12,1,Wheat::RealV6_小麦_sample5,Wheat
500,12,2,Brown rice::RealV6_糙米_sample4,Brown rice
500,12,3,Brown rice::RealV6_糙米_sample7,Brown rice
500,12,4,Barley::RealV6_大麦_sample8,Barley
500,12,5,Rapeseed cake::RealV6_菜籽饼_sample3,Rapeseed cake
500,12,6,Cassava::RealV6_木薯_sample10,Cassava
500,12,7,Rapeseed cake::RealV6_菜籽饼_sample8,Rapeseed cake
500,12,8,Barley::RealV6_大麦_sample4,Barley
500,12,9,Rapeseed cake::RealV6_菜籽饼_sample5,Rapeseed cake
500,12,10,Rice bran::RealV6_米糠_sample1,Rice bran
500,12,11,Rapeseed cake::RealV6_菜籽饼_sample4,Rapeseed cake
500,12,12,Barley::RealV6_大麦_sample1,Barley
501,3,1,Wheat bran::RealV6_小麦麸_sample8,Wheat bran
501,3,2,Rapeseed cake::RealV6_菜籽饼_sample1,Rapeseed cake
501,3,3,Brown rice::RealV6_糙米_sample5,Brown rice
501,6,1,Wheat bran::RealV6_小麦麸_sample8,Wheat bran
501,6,2,Rapeseed cake::RealV6_菜籽饼_sample1,Rapeseed cake
501,6,3,Brown rice::RealV6_糙米_sample5,Brown rice
501,6,4,Wheat::RealV6_小麦_sample9,Wheat
501,6,5,Wheat bran::RealV6_小麦麸_sample9,Wheat bran
501,6,6,Paddy rice::RealV6_稻谷_sample2,Paddy rice
501,9,1,Wheat bran::RealV6_小麦麸_sample8,Wheat bran
501,9,2,Rapeseed cake::RealV6_菜籽饼_sample1,Rapeseed cake
501,9,3,Brown rice::RealV6_糙米_sample5,Brown rice
501,9,4,Wheat::RealV6_小麦_sample9,Wheat
501,9,5,Wheat bran::RealV6_小麦麸_sample9,Wheat bran
501,9,6,Paddy rice::RealV6_稻谷_sample2,Paddy rice
501,9,7,Barley::RealV6_大麦_sample2,Barley
501,9,8,Cassava::RealV6_木薯_sample10,Cassava
501,9,9,Cassava::RealV6_木薯_sample5,Cassava
501,12,1,Wheat bran::RealV6_小麦麸_sample8,Wheat bran
501,12,2,Rapeseed cake::RealV6_菜籽饼_sample1,Rapeseed cake
501,12,3,Brown rice::RealV6_糙米_sample5,Brown rice
501,12,4,Wheat::RealV6_小麦_sample9,Wheat
501,12,5,Wheat bran::RealV6_小麦麸_sample9,Wheat bran
501,12,6,Paddy rice::RealV6_稻谷_sample2,Paddy rice
501,12,7,Barley::RealV6_大麦_sample2,Barley
501,12,8,Cassava::RealV6_木薯_sample10,Cassava
501,12,9,Cassava::RealV6_木薯_sample5,Cassava
501,12,10,Sorghum::RealV6_高粱_sample3,Sorghum
501,12,11,Wheat bran::RealV6_小麦麸_sample3,Wheat bran
501,12,12,Cassava::RealV6_木薯_sample9,Cassava
502,3,1,Paddy rice::RealV6_稻谷_sample11,Paddy rice
502,3,2,Wheat bran::RealV6_小麦麸_sample9,Wheat bran
502,3,3,Brown rice::RealV6_糙米_sample7,Brown rice
502,6,1,Paddy rice::RealV6_稻谷_sample11,Paddy rice
502,6,2,Wheat bran::RealV6_小麦麸_sample9,Wheat bran
502,6,3,Brown rice::RealV6_糙米_sample7,Brown rice
502,6,4,Sorghum::RealV6_高粱_sample7,Sorghum
502,6,5,Cassava::RealV6_木薯_sample9,Cassava
502,6,6,Wheat bran::RealV6_小麦麸_sample8,Wheat bran
502,9,1,Paddy rice::RealV6_稻谷_sample11,Paddy rice
502,9,2,Wheat bran::RealV6_小麦麸_sample9,Wheat bran
502,9,3,Brown rice::RealV6_糙米_sample7,Brown rice
502,9,4,Sorghum::RealV6_高粱_sample7,Sorghum
502,9,5,Cassava::RealV6_木薯_sample9,Cassava
502,9,6,Wheat bran::RealV6_小麦麸_sample8,Wheat bran
502,9,7,Brown rice::RealV6_糙米_sample2,Brown rice
502,9,8,Barley::RealV6_大麦_sample3,Barley
502,9,9,Wheat bran::RealV6_小麦麸_sample3,Wheat bran
502,12,1,Paddy rice::RealV6_稻谷_sample11,Paddy rice
502,12,2,Wheat bran::RealV6_小麦麸_sample9,Wheat bran
502,12,3,Brown rice::RealV6_糙米_sample7,Brown rice
502,12,4,Sorghum::RealV6_高粱_sample7,Sorghum
502,12,5,Cassava::RealV6_木薯_sample9,Cassava
502,12,6,Wheat bran::RealV6_小麦麸_sample8,Wheat bran
502,12,7,Brown rice::RealV6_糙米_sample2,Brown rice
502,12,8,Barley::RealV6_大麦_sample3,Barley
502,12,9,Wheat bran::RealV6_小麦麸_sample3,Wheat bran
502,12,10,Wheat::RealV6_小麦_sample10,Wheat
502,12,11,Sorghum::RealV6_高粱_sample10,Sorghum
502,12,12,Cassava::RealV6_木薯_sample4,Cassava
503,3,1,Paddy rice::RealV6_稻谷_sample11,Paddy rice
503,3,2,Wheat::RealV6_小麦_sample2,Wheat
503,3,3,Paddy rice::RealV6_稻谷_sample2,Paddy rice
503,6,1,Paddy rice::RealV6_稻谷_sample11,Paddy rice
503,6,2,Wheat::RealV6_小麦_sample2,Wheat
503,6,3,Paddy rice::RealV6_稻谷_sample2,Paddy rice
503,6,4,Paddy rice::RealV6_稻谷_sample3,Paddy rice
503,6,5,Rapeseed cake::RealV6_菜籽饼_sample3,Rapeseed cake
503,6,6,Rapeseed cake::RealV6_菜籽饼_sample2,Rapeseed cake
503,9,1,Paddy rice::RealV6_稻谷_sample11,Paddy rice
503,9,2,Wheat::RealV6_小麦_sample2,Wheat
503,9,3,Paddy rice::RealV6_稻谷_sample2,Paddy rice
503,9,4,Paddy rice::RealV6_稻谷_sample3,Paddy rice
503,9,5,Rapeseed cake::RealV6_菜籽饼_sample3,Rapeseed cake
503,9,6,Rapeseed cake::RealV6_菜籽饼_sample2,Rapeseed cake
503,9,7,Rice bran::RealV6_米糠_sample5,Rice bran
503,9,8,Sorghum::RealV6_高粱_sample6,Sorghum
503,9,9,Brown rice::RealV6_糙米_sample6,Brown rice
503,12,1,Paddy rice::RealV6_稻谷_sample11,Paddy rice
503,12,2,Wheat::RealV6_小麦_sample2,Wheat
503,12,3,Paddy rice::RealV6_稻谷_sample2,Paddy rice
503,12,4,Paddy rice::RealV6_稻谷_sample3,Paddy rice
503,12,5,Rapeseed cake::RealV6_菜籽饼_sample3,Rapeseed cake
503,12,6,Rapeseed cake::RealV6_菜籽饼_sample2,Rapeseed cake
503,12,7,Rice bran::RealV6_米糠_sample5,Rice bran
503,12,8,Sorghum::RealV6_高粱_sample6,Sorghum
503,12,9,Brown rice::RealV6_糙米_sample6,Brown rice
503,12,10,Sorghum::RealV6_高粱_sample9,Sorghum
503,12,11,Wheat bran::RealV6_小麦麸_sample6,Wheat bran
503,12,12,Cassava::RealV6_木薯_sample3,Cassava
